id,Y1,Y2
1,0.39707016868787487,-0.36357011403853534
2,-0.20720719919816097,-0.5215405256964467
3,-0.2268606941605967,-0.320950513024601
4,-0.38450712210793586,-0.18075840797941806
5,-1.034648725695755,0.0007918001559376962
6,0.3484780504736443,-0.10915152013051001
7,1.096447883338865,0.01658352397338451
8,-0.19261747274332633,-0.3592593851816199
9,-0.6573110822171525,-0.24576076563366142
10,-1.1894718461441254,-0.22775873321338708
11,-1.2463083605673013,0.0934534537781718
12,0.1950384432051497,-0.18395748212472296
13,-0.6266772910028575,-0.05435769332095996
14,-0.2390319590708637,-0.2463628575726935
15,-0.09010589506515362,-0.13060686324445162
16,1.5537772732819257,-0.03722870006544668
17,0.887755819632011,-0.28775328608470335
18,1.0494657879061808,-0.04839997907741299
19,-0.5441278482985703,-0.2950805900819095
20,-0.8102837013710682,-0.2659759761796976
21,0.8182969317450607,-0.3004977305414139
22,0.6543739124318999,-0.06986588458480526
23,-0.7928971855103006,-0.30396996516394903
24,0.8173437542666736,-0.3907315981783329
25,1.681616793102602,-0.03824635014177001
26,0.8638934203052592,0.837925509136445
27,-0.637810501899001,-0.11622636410934468
28,-0.44063394768804076,-0.32916799475047065
29,-2.7145337662737523,1.2127528825458926
30,2.2535213111140306,0.8423275966405093
31,2.6766253333390417,0.6451156918435562
32,-1.6819247516652338,0.5692544448741113
33,1.5361488023387326,0.32629753313515736
34,1.0289392828948205,0.36439227201284435
35,-0.1627051729900062,0.14900020146448542
36,0.9447863698002856,0.2845345670660903
37,-0.4603998348679292,-0.10693257259701112
38,-0.3109322430506945,-0.26112263878750785
39,-0.5289129919323693,-0.18156108573813146
40,1.1977273457077924,-0.24149067050195994
41,-0.7860251676973785,-0.28209125649944033
42,-0.43022615757489285,-0.307284839756448
43,0.9296527307052812,-0.39938905260399665
44,-0.8049515878013493,-0.2909611062052008
45,-2.6963792633261567,0.24994792693077492
46,0.10884910398941049,-0.06778414683527141
47,1.4239591390780646,-0.07613384635971683
48,0.7890884020464214,-0.24565503503003033
49,0.5586914575003646,-0.26382057343370047
50,-0.34831741395454074,-0.4289359809563355
51,0.49089963621022603,-0.428839266751645
52,-1.32666641865603,-0.25673679231290786
53,-0.3739088497255674,-0.49193855425309446
54,-1.127731851587882,-0.04124633182055769
55,0.7949308720872614,-0.4270414521333336
56,0.3911545871472756,-0.5286200555004147
57,-0.19359838347514483,-0.6411571263859325
58,-1.363192851984688,-0.23515189798235114
59,0.9173088335009578,-0.3981862553399381
60,-0.14409376725887343,-0.566349691820776
61,0.2312682714199155,-0.5033506222405982
62,-0.3260009257063203,-0.6049081518169486
63,-0.7826932936781095,-0.3720811086661528
64,-0.2980449464293159,-0.3583664130300155
65,0.10408004527018018,-0.46647259871625196
66,0.4570459157721693,-0.5000635680324368
67,0.5771720879012461,-0.24975636954576083
68,-0.7694525809613365,-0.22947749231337974
69,0.4146982254200385,-0.4078716730053619
70,0.08225883635703404,-0.4464306758201694
71,0.18082077238090716,-0.10284579776215529
72,0.8168978164437768,-0.3270503231806124
73,0.054879541269474,-0.4093750969384159
74,-0.2059784563631217,-0.14734845631630866
75,-0.5904566675606349,-0.3730822605278869
76,0.5366020196493358,-0.3326832299979075
77,-0.7833534635176828,-0.3885408861129493
78,0.4756270674015333,-0.42276063647358775
79,0.8451640234691712,-0.37282038836794473
80,0.29978817567543875,-0.3716529860384513
81,0.3888058268539887,-0.4928254053163977
82,0.8271763684934109,-0.37829942737153804
83,0.43209702387281795,-0.35585592020245094
84,-0.45831612543293226,-0.2242262093602045
85,-0.2485963109802181,-0.4429590062132517
86,0.038602313841356345,-0.5368218270477534
87,-0.18340482990937557,-0.5606455581519741
88,0.25803127823711147,-0.5980400504749005
89,0.4963057322888596,-0.4104614907544612
90,-0.022732640102793092,-0.5019800388090974
91,0.3725898094915204,-0.4655131323393232
92,0.6265457535465578,-0.25575638874322326
93,-0.6041646086857949,-0.4687626806636315
94,-0.6731282615417391,-0.4032892808066858
95,0.20748047707518585,-0.4455392338993398
96,0.5259631088180857,-0.4030318543967811
97,0.8974082902700203,-0.3196019858600165
98,0.07593071388421191,-0.446506514091105
99,0.11033993383660808,-0.36774345125705676
100,-0.2857649969125302,-0.3779391847137994
101,0.30563500210722705,-0.3875798863939125
102,-0.39125503810587187,-0.4911650008007422
103,1.1439058589264004,-0.08211325363213345
104,1.7174366603289888,0.1326419565898601
105,0.06017268578717996,0.23258058832736497
106,0.9855078569125457,0.27621198283556014
107,-0.15709332049177757,0.18069357719886214
108,0.2542962485529592,-0.1241903973528229
109,0.40576286883948787,-0.33506926385723995
110,0.19829112957259903,-0.47016462744669074
111,-0.7169219889224628,-0.24780085329441692
112,0.10485242287786611,-0.29034814611753984
113,-1.2011163248466674,-0.02862899077745911
114,-0.3976440791780788,-0.25513911858622373
115,-0.4214944728571854,0.07559247714529276
116,-0.14783870272880212,-0.31759415320989554
117,-0.63200548746763,-0.1520995365652073
118,0.11563494452206617,-0.41167574934687473
119,0.8451312272416043,-0.2021271412544492
120,-0.25465240993063093,-0.2909872100836444
121,-1.171869901156137,-0.03769330096149994
122,0.19358767341073504,-0.26270794133225583
123,0.5976778764260096,-0.32525346388711807
124,0.18565079440624085,-0.35716733529208605
125,0.10465460311276704,0.021219526932339736
126,-0.16990440381506233,0.002564475854056414
127,-2.851914207624099,1.2111378742090935
128,0.6683683228912498,0.35313212525653126
129,1.6657341737612243,0.5337241037423756
130,1.575986741586481,0.3478273764240186
131,2.164798805026709,0.5261659933909473
132,-0.24431902622637716,1.2319011112097866
133,1.1996731981882276,0.3461431640472285
134,0.040883998130594776,0.15342350705473312
135,-0.8767816815241384,0.15385951876824824
136,-0.8386726716370512,-0.1991072952304896
137,-0.14916418207071197,-0.2930770854904236
138,0.5939683785372155,-0.2866093488196528
139,0.09013215811266126,-0.35452671718084805
140,-0.26507376347029027,-0.3423156810992762
141,-0.14407839880737686,-0.47028357981667485
142,-0.13598773521195495,-0.42304501804817896
143,-1.2292105730737468,-0.19751057180659606
144,-0.010149997381899672,-0.37841469198832506
145,0.6041039840675887,-0.3387507969704228
146,-0.13435323204866098,-0.3235408841264274
147,-0.08186703550353425,-0.42815769431420303
148,-0.7707779072793772,-0.4195221042654683
149,0.34952034494452155,-0.3999463755837132
150,0.07738012019374675,-0.4079653967743803
151,-0.006179828761619398,-0.4485756046302285
152,-0.5370511195081126,-0.31480643414064435
153,0.3257268936384687,-0.5489295978037223
154,0.9417582030537013,-0.31234185906236467
155,0.4043482269862536,-0.46248888087943407
156,-0.33181447624502997,-0.5790147786529691
157,0.2612759889440392,-0.4778526671915282
158,-0.4923087747777539,-0.5469807787532439
159,0.5088112250674572,-0.44821062690187036
160,-0.019347554356908235,-0.4497855167955072
161,0.008996149980425352,-0.47956763252723905
162,-0.4950987026193014,-0.4406364549118249
163,-0.5782102390995175,-0.394078160036832
164,1.069032234793331,-0.44587260028803716
165,-0.12153163928859546,-0.3745169988952233
166,-0.4312070626150289,-0.5462526413996411
167,-0.5772365694063116,-0.3904611256104101
168,-0.32374816166694215,-0.4310417052658467
169,-0.08821850897209886,-0.4270654650556909
170,-0.41873674787134224,-0.36511336711793047
171,-0.5680508129190319,-0.2876388717053495
172,0.0951321139416023,-0.378766359392524
173,0.8722560820930471,-0.34077650525405584
174,-0.3491864302014523,-0.4439327183881787
175,-2.3615384481182997,0.22162389364083707
176,0.3288894384678511,-0.3152903083486996
177,-0.40519974342295345,-0.31997521358034653
178,0.29604323745781863,-0.3947537118969483
179,1.073635953381547,-0.360917484241323
180,-0.13870889335371112,-0.4479432388736724
181,-0.23017994075871903,-0.3282686993688763
182,-0.3321539056385327,-0.5546781953505884
183,0.6836968863713282,-0.4691240181659034
184,-0.09602072999216844,-0.5426424510244819
185,-0.7030535882707176,-0.3772084749231065
186,0.6270171066010333,-0.34074115027050256
187,-1.211215569251933,-0.3990999854873648
188,-0.8421699518336261,-0.22253026190568745
189,0.07412852886306873,-0.40680709128365866
190,-0.6622963071629884,-0.28274013988872926
191,0.16830853426730016,-0.25729319730603734
192,0.5771880104094328,-0.26431023122882835
193,0.5557114709390498,-0.4107440868913315
194,-1.2001633338352924,-0.3282985274063778
195,0.15605468263071304,-0.48963879470083826
196,0.3183951370892984,-0.3646316520398982
197,0.5218662318004533,-0.022759968533172373
198,0.6675312758183798,-0.28135319922791985
199,-0.1691617923720707,-0.34243162835682833
200,1.4665688630707299,-0.18627667434841
201,0.16678400768215063,-0.35533850651283494
202,-0.1853034468784549,-0.48870245762614456
203,2.6697051076800467,0.3041979536193716
204,-0.8848259638514605,-0.20502669293054063
205,-0.2791866003641489,-0.40625687399273624
206,0.12746317472250554,-0.4896121837077135
207,0.2401202896464779,-0.2857354697795165
208,-0.01480656998024574,-0.3534687545230502
209,-0.46771330182169574,-0.49620087327886125
210,-0.4581148974952337,-0.4076445181315636
211,0.1920132893748283,-0.4413736969503478
212,-0.10268784707428168,-0.49933389114228866
213,-0.3313440507094342,-0.5108855377993567
214,-0.6399262556182339,-0.4878156153189224
215,0.3173263155740384,-0.26754388304055604
216,-1.058877809643374,-0.2749522805912614
217,1.477693533334045,-0.05481760610169056
218,0.6619176644146699,-0.2760499501318096
219,-1.3007563569788636,-0.2375501512751309
220,-0.9214435615575133,-0.32798560225019996
221,2.8003108633285216,-0.025509024401266542
222,-0.6670547108845146,1.0773252617352862
223,0.25319213573373517,0.38905723643998374
224,1.290346089818588,0.044574426358392455
225,-0.4489746644075961,-0.20763890317996178
226,0.8476451013693516,-0.09244694213859293
227,1.544919638462046,1.019113851729968
228,0.87083046564328,0.3222634711292662
229,2.0904991126108854,3.0221980081665465
230,-1.175085924815326,2.8474175831275517
231,0.594744501009711,0.685749484275486
232,-0.0568837283906547,0.07081686153859305
233,-0.37463679242728937,0.16295821585287595
234,-0.1290928144526587,0.05684965649087661
235,0.7510911638260364,0.5756714258968382
236,-2.229258857470764,0.45406238726839254
237,-0.6899720683033005,0.21373735875648533
238,0.0971874570649103,-0.19809006710377086
239,-0.12013783333908104,-0.35221888449101124
240,-0.3907848268764697,-0.30896073430782833
241,1.2314934764440564,-0.3045958670323976
242,-0.7724103367036994,-0.29874049861683993
243,0.10530779720554517,-0.47403713670076325
244,0.026802741900851964,-0.482193897610221
245,0.17635397001042188,-0.4945744446962662
246,1.3086041091929594,-0.1550553367409892
247,2.4174546358666813,1.990277567784533
248,-6.695734699471053,7.668219218881353
249,-2.1028295319405865,2.363096910855171
250,1.6095038581701562,0.3810254498007713
251,-4.025663267709681,0.354483187794556
252,-0.21326507630257527,0.3402780299615188
253,0.9505870424571287,-0.23647300265255916
254,0.31707740491969,-0.22705605922736455
255,-5.964392512267464,1.9060600420303448
256,-1.4374044199656733,1.013172961192421
257,-4.593969244958207,1.0050905003213404
258,0.717339092305147,0.20558680977249938
259,0.6873954985563756,1.1335143893702113
260,0.6736240456845869,0.29716803123022184
261,-0.0072737911258140475,0.5547128385013956
262,-0.9191969698324881,-0.15517928139171475
263,1.2075100448176617,0.6521944615108
264,0.6513537861574885,0.3359061783589122
265,1.2429730090641664,0.13292910198470032
266,0.3781028361114586,-0.3857256241933618
267,0.41014120245768854,-0.2651121265170719
268,0.26633909123372457,-0.23038607119511822
269,0.43365788446287895,0.06855186360685377
270,0.18552716391033222,0.3291759204384804
271,-0.09304035160306619,-0.1120721490360672
272,-0.3547093710574933,0.0926053037263438
273,0.6179407375966871,-0.23946372936853297
274,0.6798158487539059,-0.2992951337105904
275,-1.3057362512324477,-0.21027606942288038
276,0.4382873241164352,-0.35476731474673723
277,-0.8945652775666542,-0.26440709223565906
278,0.4825855035068759,-0.351834035667195
279,0.027242917306180666,-0.45291013752222375
280,-0.3669032901620526,-0.4516487526451357
281,1.7307623058526833,-0.06241691254737809
282,-0.42088875819417043,-0.5126711584400804
283,-0.07197498685177071,-0.46279871053570837
284,-0.47878177642829267,-0.43900401773775866
285,0.020969009479378502,-0.5034504767896941
286,-0.8584027772248425,-0.3753105732315143
287,-0.0010915213634571364,-0.48330198898107585
288,-0.08180518383070456,-0.39399429199113806
289,-0.6213364357025347,-0.1974270198823354
290,-0.6285741799007668,-0.2730175910707929
291,0.03861205818325672,-0.17055763950660746
292,0.8521746757073396,-0.12082604626213243
293,-0.7975931611038515,-0.08817773337562101
294,0.6216439816587815,-0.34558215791164426
295,0.48737006081989925,-0.17152588907980668
296,-0.3699665869302645,-0.2812936368870052
297,0.320619745224935,-0.29042127774622345
298,0.07086821965467704,-0.48322223854507
299,-0.5696206106169497,-0.3703618177524444
300,-0.09696979042388569,-0.39359445632810663
301,0.7198669595624106,-0.3775860129948783
302,-1.3310741707672396,-0.1810010554288478
303,0.24564415874615814,-0.06778780055777589
304,-1.2184735675420268,-0.17287465495754917
305,0.017669400574144657,-0.09800615080447327
306,-0.8834563072158407,-0.19504525220294625
307,0.8703775916609664,0.03187821378504164
308,-1.1351778131829093,-0.21066246759755178
309,0.46436591003469746,-0.41912642283943957
310,-0.4360970334980028,-0.31600596923679886
311,0.02482413226657855,-0.06257641397390677
312,-1.9653029549530268,0.3422671759579403
313,-1.6019144169750426,1.0089302575467016
314,-1.6355590091526864,1.8206908628375233
315,0.0593685393064091,0.35152405379291324
316,0.6786283423024005,0.16594032540521295
317,1.5426995530671253,0.8913024142570722
318,0.22856960980469684,0.17268353796176503
319,-3.0201540577005486,1.3678985822636105
320,1.8058630616585263,0.4473460039963453
321,-2.2263562538357853,0.48502565865277214
322,-1.6119005276954375,0.9738663140020418
323,1.3598816676327974,0.4596365843808573
324,0.7725152295042033,0.1357656175652464
325,1.5240104959461085,0.3092920495546553
326,-0.00010438818554791813,-0.06875674047825275
327,0.5575101995191667,0.06575736189054916
328,0.5544577679232422,-0.2297344649006012
329,-1.0875600080209342,-0.09835400326051008
330,-0.7202531656643326,-0.20508667588898757
331,0.370674545190596,-0.3874815359628769
332,-0.16064758975386456,-0.3254432551246377
333,1.2563294654691914,-0.15780227853854636
334,-0.9746557194074921,-0.2530496615120873
335,-0.6923440404852675,-0.37925837394620304
336,0.461258541765408,-0.43859242311162605
337,1.9791482928248394,0.2048928778231734
338,-0.10064028901594749,-0.2450061326475041
339,0.5360141427314533,-0.2262788217904557
340,-1.2300150623628676,-0.1514589421745369
341,0.9841214010497022,-0.24425490724581486
342,-0.5574089237974805,-0.2599621713005792
343,0.20056299323840446,-0.2233264564597849
344,-0.8098056870561106,-0.28711594822939374
345,0.9514832222841727,-0.41896314355368686
346,0.9606366850494559,-0.13464789431131938
347,0.22065313475269388,-0.15428255671854554
348,0.16252190847735618,-0.5244197136950317
349,0.1771714936843482,-0.5519607456792126
350,1.1851285605507054,-0.22736474388666747
351,-0.2099041617338798,-0.3109492385761925
352,-0.06556931757869061,-0.527860385035203
353,0.07030178710526218,-0.437170879605344
354,0.08667847906383849,-0.5530185792332645
355,-0.9352671491006276,-0.39969621277194534
356,0.7042429634972143,-0.48268869940617554
357,0.27503728625738355,-0.4655731459771709
358,1.00507017771608,-0.21462924088404936
359,-0.5933736437635784,0.05101816281761004
360,1.0216387047455227,-0.24459525984050356
361,-0.28256691575186926,-0.44741511320288657
362,-1.2148130984640668,-0.2904400787085706
363,0.4694420597995438,-0.42894871036938825
364,-0.3438741273312439,-0.4733399754654473
365,-0.643598417101563,-0.3621166849707918
366,-1.4556160344089806,-0.04549709324372726
367,2.18190860629312,-0.19124107043780178
368,-0.40724626648443757,-0.3375621846453895
369,0.17972712636661273,-0.5207662833984583
370,-0.1821581375542714,-0.5122545036846138
371,-0.3399091743599927,-0.5465319116511211
372,0.38382307999086596,-0.4977809834305794
373,-0.49072908912756064,-0.4668227254685215
374,0.29485972574753094,-0.5337631299661041
375,-0.580526785269674,-0.4883918590753973
376,0.3961646750886838,-0.5523708995490673
377,-0.35758161603568883,-0.39076210910241765
378,-0.17568182940243354,-0.5246640285340392
379,0.5146524574340937,-0.4044628499050521
380,1.0330917206958536,-0.3625408089662707
381,0.7765417573442313,-0.3778497111492977
382,0.11334053543985986,-0.40637988100857075
383,0.18368907159073308,-0.3221245598838651
384,0.017783755251441543,-0.4603350510576447
385,-0.8644236936353297,-0.45670636479834176
386,-0.37990011586568206,-0.4470228133005746
387,2.3813263119038277,0.035629977247926096
388,0.3201475924456445,-0.1046887409273513
389,0.4201916818306623,-0.20610673454840517
390,0.8092067001564335,0.11358912427691366
391,0.7123326973463465,0.2848762112803655
392,0.15972873088830697,-0.14064402721892286
393,0.4443987066039982,-0.30715146628204026
394,-0.3727580564154287,-0.3097100989701373
395,-0.027210170987617844,-0.26792169895356155
396,-0.14673469395517455,-0.36039753171673755
397,0.5912067565866501,-0.25220409434790375
398,0.06976067586896247,-0.3611155365494055
399,-2.6765368920192025,0.4777954452116067
400,-2.6428900581578647,1.4244022216915748
401,-0.7159107943288503,0.16102626867632375
402,-0.8798058639244981,0.529449582866967
403,-1.2624226378330683,0.7309744122781884
404,-2.113592930355951,0.7369845390730345
405,0.49114748251839613,0.2104699989474674
406,2.4774814403949215,0.16772464399966963
407,-0.816317818685896,0.0013781308365725295
408,0.047325549790886996,-0.09046539409347819
409,1.1728355057154185,1.9249448021542084
410,0.5522056618463147,-0.0022755648204118143
411,0.03305869457368259,0.2586067655734557
412,-1.3032273963591865,0.1373381060695227
413,-0.9287690988563599,0.23722748483574443
414,3.338837934690563,0.883180614820163
415,-0.9335193606850641,0.36541096739912676
416,-0.3615786767746762,0.10414762317297122
417,-0.9235985264837174,0.15481478193963352
418,1.2027695685908197,0.5099930391629388
419,3.717895634380477,0.6314590483434606
420,-1.0337130227502644,1.235848959824101
421,-1.5727785151216005,1.0405960871716282
422,-0.06818351033290342,0.11867121950742884
423,1.516742487259146,0.2646704972747482
424,-1.856637938981942,0.26797926257673094
425,0.25107392812967827,-0.21793920466985986
426,1.0475124802842632,-0.2253806107346874
427,-0.9811536324092224,-0.06594578605243794
428,1.1708463424171316,-0.2402024743703638
429,1.8411467488090438,0.41516593140681646
430,1.4392529052976617,0.39926145015673464
431,-1.6192548171134422,0.014332060124118477
432,-0.12376683134415092,-0.2900559756377476
433,-0.36213870328895575,-0.29683002236848166
434,-0.13320742550234044,-0.39854707889452795
435,1.0403701551433826,-0.22311689045515487
436,-0.38790711382917104,-0.4568141010418452
437,0.05702906844609717,-0.35380102071352404
438,-0.5596621335547747,-0.32442741529943336
439,-0.3386659603643897,-0.3712233991277965
440,-0.17511393570534994,-0.4700472179576578
441,1.1363152414763886,-0.2669300633615471
442,0.20516806300216894,-0.4869753061850704
443,0.3216306678963976,-0.4697553435516511
444,-0.26412119785769805,-0.4814827831466731
445,0.6964689164712076,-0.3894521397105197
446,-0.7424589971164687,-0.4515894570495173
447,0.009443116484958736,-0.4091643203007211
448,0.1247736246209132,-0.5027655066718041
449,-0.3059168725224173,-0.5890045666693609
450,-0.1531304055643872,-0.600443889935094
451,-0.9138024114078654,-0.33645937941163345
452,-0.36823329619621287,-0.36435047547100535
453,0.12060228638508426,-0.4892984029112078
454,0.4653401583623234,-0.5397034220759398
455,-0.6292352624190823,-0.43519495031047467
456,-0.05403842129786101,-0.5501702975039638
457,-0.7251821337032998,-0.3051849977645935
458,1.1046820377263378,-0.3514743472503244
459,0.4480955665126068,-0.38499817805512154
460,0.5348198419946799,-0.4638904002779182
461,-0.37184969551708147,-0.5714016316162538
462,-0.38939610798978314,-0.6141714036511781
463,-0.4572105661865772,-0.444504688177936
464,-0.32565271740060864,-0.561611928177841
465,0.8235665699178856,-0.5196547547111583
466,-0.44875381101480505,-0.5715399846265216
467,-0.46198889024436773,-0.4978542710680012
468,-0.35406399063618776,-0.5599943640555936
469,0.04255168610020102,-0.5637766865025402
470,-0.2635564121580192,-0.5664148240720698
471,0.6509851042401459,-0.3985403220466277
472,0.10418522653307422,-0.6201503900073947
473,-0.5098449864913415,-0.542498809110771
474,-0.26897233888169736,-0.44877967925480555
475,0.21234843386342908,-0.5411867526891425
476,0.5531585375757947,-0.555075820408418
477,-0.519937635919117,-0.5799149987744959
478,-0.22148653556876682,-0.6197292768536505
479,0.11190677371149702,-0.5966612927974687
480,-0.2167687797435472,-0.6207270396929683
481,-0.8895202748525702,-0.3433712814891448
482,0.39799012992728955,-0.45713430682821266
483,-0.25518944142972394,-0.4269514634534015
484,0.697206418970385,-0.4871119977372914
485,-0.05108708362521846,-0.5505837023247637
486,0.1875874540214606,-0.5399752909521065
487,-0.12160304960244242,-0.5926761081531517
488,-0.33387086300859276,-0.5299206277960491
489,0.507915876258858,-0.5101602936986238
490,-0.08524536082908148,-0.5927569511574649
491,0.8173445445050749,-0.48045538937839743
492,-0.09700959521717839,-0.4692280590571059
493,0.21385790372799135,-0.5389861298854404
494,0.23723155526752587,-0.5603655170591486
495,0.13828634144131804,-0.5262791761634061
496,-0.3059042151803505,-0.5574773247190797
497,-0.5956773817013116,-0.4937903565037203
498,0.06988970095549722,-0.5713110959739278
499,-0.49486501410947015,-0.3557874868692618
500,0.4513892614538791,-0.4068957691688634
501,-0.3228615634055788,-0.47024168789285276
502,0.02814207730679845,-0.5355570971080362
503,-0.03563632209938511,-0.5168932807930372
504,-0.20982100340622742,-0.47394507418705734
505,-1.1997685135155578,-0.12369069119613034
506,0.3236604317233786,-0.2811506710641934
507,-0.8805250249334466,-0.4043439522138068
508,-0.9297780312473914,0.09527697351958224
509,-0.6746546196767598,-0.26045565489718875
510,0.02392696090712923,-0.2661333779470241
511,0.37661887675869427,-0.23176738459605728
512,0.2521416137390154,-0.38721460693355897
513,0.08033013925071633,-0.3509865151472131
514,-0.1784507134196943,-0.5100403149883652
515,-0.8039599025776071,-0.3304463354413118
516,-0.22948102619508073,-0.5010823598767693
517,-0.9862905662093148,-0.1810009607597784
518,0.8605383697016795,-0.39920712461892166
519,0.42650737838650965,-0.4591479094433169
520,-0.13445724271307674,-0.5142005337155497
521,0.3954701391570244,-0.4789148058628379
522,-0.24070472013007038,-0.578903943056825
523,0.07600887308975227,-0.6282080636474804
524,0.7310659985617505,-0.4691676237365508
525,0.10727327726444527,-0.5759843901032671
526,-0.37743874459830906,-0.6104889023273157
527,0.7727389378457636,-0.4786667186079277
528,-0.3431465443888746,-0.5386774690484543
529,0.1191318630381673,-0.6081664618391363
530,0.20350511352280312,-0.618554604947204
531,-0.06657676313736263,-0.5342491887397692
532,-0.21509171916123565,-0.5809486119530761
533,-0.3815015432786352,-0.5084792969903565
534,-0.34450995110364596,-0.5849019167068248
535,0.464166372021017,-0.5528329280874023
536,0.3124389705261721,-0.6134456756203603
537,-0.04303374520965416,-0.4519369309175438
538,-0.005586731266322676,-0.5245710367319801
539,0.26095591503855187,-0.5163322235035118
540,0.21193627771344745,-0.582815203689901
541,-0.6184869816407808,-0.5310348072465411
542,-0.45849013542184436,-0.5667679500231685
543,0.4982720367147232,-0.5420928811726249
544,-0.2148429821637834,-0.6371119778000933
545,0.2551062303831711,-0.5643171368881911
546,0.2990505274532424,-0.563240557127981
547,0.1238148121459785,-0.5065417626701189
548,-0.13200293328404575,-0.5335760029197417
549,0.3832561756687765,-0.5787048687636489
550,0.5216900230821294,-0.5346707413391282
551,-0.4455822362784154,-0.48768850169785555
552,0.40254171358865964,-0.5614996091863758
553,0.10953611232345034,-0.5268463659812977
554,-0.19180273737494116,-0.585302681384111
555,-0.03043629599168241,-0.5528783309021881
556,0.4030091975053613,-0.5501711481493563
557,-0.752715377379197,-0.439185832659742
558,-0.23065603119232048,-0.5411678905374825
559,-0.24612751991556608,-0.5043964508521924
560,-0.06937029943031045,-0.46918003589515894
561,-0.05155847708222302,-0.59769960955755
562,-0.340999535210054,-0.5744943646589147
563,0.15683929540103425,-0.4501910952837025
564,-0.41316707774477907,-0.5192604128835988
565,0.08130486949270543,-0.49908402624386833
566,0.39248178757434504,-0.544886357380125
567,-0.3679076057277884,-0.5190093374764833
568,0.24251722161317618,-0.4678614229607056
569,0.019794366518965,-0.5974940809969774
570,0.26392528100942914,-0.543234155000754
571,-0.2011513990574178,-0.5115357849155486
572,0.48092686841556814,-0.565352551872334
573,-0.3698905204508125,-0.5321359428687021
574,0.42789130938752623,-0.6155430051764385
575,-0.2798414908204058,-0.609993422916389
576,0.02116642496637137,-0.5921179912629274
577,-0.756611983660417,-0.4094198471170384
578,-0.48189083322584136,-0.5214529033807725
579,0.07159831795176724,-0.4855932586077776
580,-0.5198256169155446,-0.46775338036754444
581,-0.046166293537013126,-0.45675836272061937
582,-0.1183368791729341,-0.44711632375499205
583,-0.6723037661204535,-0.3278387451376479
584,-0.2981448303808677,-0.32743734024569876
585,0.8370137618454142,-0.395426927898178
586,0.33476779338890134,-0.5960602087512611
587,-0.421936265225241,-0.581727083002104
588,0.7683696282425396,-0.5065533031764142
589,-0.10586409221537468,-0.5615615123574371
590,-0.18508790675642062,-0.6374075178460452
591,-0.4602750234506687,-0.5305137753621944
592,-0.5048458244546221,-0.4385761073636107
593,-0.13161524563628166,-0.5559292391168943
594,0.5045450135796778,-0.5354017604791991
595,-0.6707780432165542,-0.41618020964390023
596,0.21874218111657495,-0.4635241813231333
597,0.1977904743522236,-0.48013222960523705
598,0.2874240395831355,-0.5573638169268801
599,-0.1507825249760178,-0.5583386453988866
600,-0.15033603486088645,-0.5232784429578977
601,-0.7475290627174221,-0.3199115576905653
602,-0.5303992440688388,-0.46993248421746464
603,0.06829746101721809,-0.31265165569000325
604,-1.5499846130753285,0.3048531313097807
605,-0.7222693679040897,-0.07904252545817204
606,-0.841129034249846,0.23849108216684414
607,2.008918421316847,0.25687040663232813
608,-1.3437442840536953,-0.08198215661407895
609,1.1831585152440391,-0.08105258125846818
610,0.7469805783131648,-0.33396356030966046
611,-0.824086122359174,-0.016728892277884898
612,-0.6869766839394336,-0.32152571900641685
613,0.9522959910155071,-0.3022020467253639
614,-0.4624851040216834,-0.3649276495912693
615,-0.5983278676824217,-0.32943813564432994
616,0.13774295181619156,-0.30290110901796524
617,-0.9343255959636113,-0.3370140586259579
618,-0.6635570902789154,0.19637648264730825
619,-0.9813323637697647,0.10261343512036325
620,-0.532325546578778,0.1328164137372453
621,-2.394041605697131,1.1842591807495308
622,-1.2149973809979469,1.2014443238404977
623,-1.580624960256639,1.017608464452995
624,-3.962618467714729,2.9576350582398203
625,-1.3940651578197998,1.6126193778385902
626,-0.2896961406758273,2.1957273588622974
627,0.36549756588538246,0.969198458888076
628,0.2816359258520238,0.8351567288010016
629,0.0758941834467905,0.2447300594508188
630,0.7705249711088086,0.22933580903720055
631,-0.7121583663545147,0.12271321577871525
632,-0.30657012184800625,-0.20450390980419872
633,-0.5086687636479761,2.875361377517503
634,-2.2517949376290356,0.7980804772961299
635,2.6206385850264704,0.7476977358940124
636,-0.23413705530321757,0.2079267216803396
637,-0.09808148444146794,0.14840831365631768
638,-0.9733569879001371,-0.2969195487456822
639,1.2615117876111406,2.8382213121632223
640,-0.3146957834666319,0.6234817847656318
641,-3.4169344778542707,0.16585725333308557
642,-0.4805584327025166,1.141683769787635
643,-1.2320224466947258,1.877205379613361
644,-2.0673510441010423,1.5168530290966429
645,5.126747464847374,1.2577206764928148
646,0.19230286792005316,0.7444330554440117
647,-3.5311103732241236,1.0252636901519643
648,3.126000429666361,0.9063287459261883
649,-1.8412843487723698,0.6107970636016835
650,0.8741507317612756,-0.16101846519470084
651,3.096351375065434,0.8909319072034111
652,1.379561377494038,1.5226784514649787
653,-1.5145425381265099,0.48775609540343356
654,1.7439371528921939,0.22785851668694704
655,-0.6201811941520045,-0.11025563453841197
656,-2.332220175855363,0.577647730091222
657,-0.7654420315127037,-0.05430367495306204
658,-0.06297201010099042,-0.20533625231581168
659,-2.274553706266806,0.4028202938198353
660,0.6551913930296263,0.11338507114662949
661,-6.554478877340878,3.221449346682297
662,2.0344070004799906,1.2333794330182364
663,-0.505553162067014,0.6115857312319248
664,0.9927215242071128,0.8268545267167312
665,-2.7085009988039723,0.7880335629853314
666,0.7207026442847974,0.5547614413255098
667,0.539583438860801,0.6204517865736434
668,0.03809784731317526,0.7745054325495933
669,-1.4391974813754629,0.5004824040488038
670,-0.39539751019849745,0.3200108267523304
671,-0.4325304048476941,0.20176984358180133
672,-7.842816266791111,5.856074865737623
673,-4.6382301872099605,6.709116160012484
674,-4.09925528823611,14.568525757653717
675,1.921361532648066,3.780314158000649
676,0.03401677622756952,1.4735500049045396
677,1.1092999721683179,1.1106337882553317
678,-1.7807546509285264,0.9444488780804353
679,1.3486761414589554,1.6892865280510585
680,4.316391628174371,1.4849407443802005
681,1.670761255796579,0.5568127559829893
682,-1.8713981431199898,1.4311459382069385
683,-0.9543377839306599,0.38728009329655205
684,0.7870160920632548,0.5948803315857664
685,1.6449762204145773,0.407035627871093
686,-1.9471469054499815,0.9462956488320234
687,3.6030061246492076,0.6752997977536789
688,0.5063637059164185,0.8401768460083836
689,0.34600563786979294,0.7003453030270319
690,-2.0392917934602584,0.5167578616444964
691,0.7836425444526598,0.11552944727874952
692,-0.4522742488403284,0.11723991170912398
693,-2.5573199353922225,0.6440241582451427
694,0.4991571881881432,-0.027077954452611772
695,0.2137079347959569,0.16710683095512907
696,4.123143606383722,0.9926899347321854
697,-2.044942412281032,1.3869474139354696
698,2.0433502398945764,1.074004654819069
699,-0.6246468501447067,0.4922751480783641
700,-1.421748407266405,0.5574732388501316
701,-3.0847376421437236,2.6594761653241616
702,8.187449016932323,8.569536904191024
703,5.946948782713381,7.104541416870278
704,-10.41376047179467,14.357174601339779
705,1.670989378095296,7.545898099567367
706,1.509804719673417,2.73883875141423
707,-4.440091091889041,3.8741670670709625
708,-0.856222470155259,2.8079183027648575
709,4.402697289165908,1.1268737880655866
710,-1.8544028239649553,0.41860285674689773
711,-0.7499522891054189,0.17506244289912234
712,-0.1960196172665072,0.374426784272469
713,-1.4712921409599933,0.45802720092564764
714,-2.463156873235658,0.6931519826740394
715,4.057850202219966,1.8066676684813268
716,1.3731194676246359,0.31031018520985704
717,1.7654416439262817,0.4655162871271415
718,-0.10409145917799129,0.9964474012327672
719,-1.37086716584457,0.23770189753875506
720,-0.8193261135008931,0.46371794071361955
721,1.1975504195817586,0.07247109051528995
722,-2.116531966806025,0.2858654021871954
723,-0.6162887951582753,0.12245304722093092
724,-0.25564333049174354,-0.07328098259385059
725,0.13164502586360863,0.11797311750081542
726,-0.22575761719427198,-0.12187236643704528
727,0.8044748660748612,-0.2720306869253846
728,2.1212694337044224,-0.06454097612837638
729,2.0450945108025262,0.03290607728389092
730,-0.9581492974172994,-0.08967179760835656
731,0.14474670992821675,-0.20189963575120964
732,-0.7522124419306162,-0.21880790422884505
733,-0.00892696183332922,-0.4668436554111109
734,0.9991811548238342,-0.0801603506961412
735,1.387391785934052,-0.03304810178780253
736,0.8058017982677644,-0.29202519463600685
737,0.012996070047364652,-0.2486050610529672
738,-0.4182865106447504,-0.16825454877598753
739,-0.9099158092096837,-0.11727002198629756
740,-0.3137900927392865,-0.21538302741415086
741,-1.7475985062930588,0.06475121355872795
742,-0.10513086221676567,-0.259703719738608
743,1.5282330053919073,0.025889482908786475
744,-0.7238939497793371,-0.22679473308660536
745,-0.18690371014714138,-0.31876743189004275
746,-1.3938943075447439,-0.15215643599893466
747,1.0301591181416934,-0.12281957925547715
748,2.4891903065020258,0.10889620691755417
749,2.9627731494131004,0.5972315678788818
750,0.6228726808236812,0.20983884684659385
751,1.2736384513666879,0.27700420194654857
752,-0.6454437225886285,-0.05489737841085716
753,-0.7568583517593708,-0.0819601581937012
754,-0.6995574530382341,-0.05693862797079992
755,0.16623785686769268,-0.3705377031126079
756,0.5155691288899084,-0.17089845667730472
757,-1.5082870955850485,-0.14226702693703316
758,0.2704690098880119,-0.3693617713360658
759,0.725510313476485,-0.3847849432839103
760,0.828673737296414,-0.3389538044121753
761,-0.20376300502859807,-0.27850655837600524
762,0.33463456831566163,-0.270686408398342
763,-2.351833657194739,0.0670397246253404
764,-1.3674066381542616,-0.039772451112842014
765,0.4512110724594914,-0.36314510550397433
766,0.4544398832425821,-0.32144471247052914
767,-2.007471898404378,0.37809882527114147
768,-0.3332063089104863,-0.2897375309305074
769,0.22126707626369743,-0.2915986061605575
770,-0.6658799657195117,-0.37009043770107136
771,-0.06745638668491358,-0.30263265480393226
772,0.6286998826897285,-0.27758907661071486
773,-0.35075071503884875,-0.17264508024578237
774,0.4277367941025621,-0.29130102533706576
775,-1.908819781947676,0.043235371817894754
776,-0.468744619755744,-0.13599744815400208
777,1.2282191931059079,0.003184880486409188
778,-0.05672857363237113,-0.3618241926633234
779,0.029500031579211564,-0.25015416824518055
780,-1.0523900844188436,-0.14396241980624436
781,1.5093816340144501,-0.04944551298064363
782,-1.1663168692688395,-0.16264591251880614
783,0.06724934134903504,-0.38706127083729774
784,0.482525928920032,-0.49148794878812835
785,0.529419753073495,-0.30027662301581276
786,-0.35770106006276914,-0.4721034200441377
787,0.7968660663823928,-0.1013726850176907
788,1.3049697796461865,-0.1250090163641472
789,1.3431181442794715,0.2599349105836923
790,1.6101128586072584,0.44371199147848184
791,-0.33969117526184683,0.4890547014113714
792,-0.5472952795917433,0.3014778218985453
793,-1.1230269732708367,0.12348014341036813
794,0.44831707293251966,-0.008913265389039771
795,0.5693072022222072,0.492489294436795
796,0.6176086830081835,0.157892198242001
797,-1.5411957371907063,0.9800226365648764
798,0.3073742668432682,0.30912671480192305
799,0.5414971311736687,0.47674619997798545
800,-2.196282414332432,0.5800928803851522
801,-1.7423642992090278,0.6179997012620747
802,-2.147665573636537,0.8509993049043989
803,-0.21186577711217322,0.4845358318011387
804,-0.17394893291129362,0.3869286670638047
805,1.250234992464044,0.028366711858328925
806,-0.5219975514098077,-0.3307093462067833
807,-1.1869436496746528,0.13814361290242075
808,-0.26607320432855963,0.6005551535577409
809,-3.8702341860590495,0.9223457121406348
810,-0.7396255415738725,0.45340214372285925
811,-1.7359725886989799,1.315115244784021
812,-2.4057194495596614,1.1808564055828414
813,3.095368678012968,1.5529677640278432
814,0.4635518081512508,0.6661377750442073
815,-0.9354789129919422,0.18696472926541424
816,1.1533688192771059,0.1374524096553051
817,-0.2477246064129883,0.7011781287151351
818,-0.6010742237404741,-0.001770973408621773
819,-2.0977345907787277,0.3768550014766314
820,0.45004337708181136,0.17782142256961903
821,-2.0671500600229504,0.7111653647134942
822,1.175360175985064,0.7871880757408939
823,0.3286408323903813,-0.2638320313372933
824,-0.6764186564057558,-0.2989992947620487
825,2.8568677594804894,0.18361561033953994
826,-0.28452630917854654,-0.25916652297748094
827,-0.7923296848338541,-0.18074278819215617
828,-0.9736537624977443,-0.02378273673803623
829,1.406643827099524,-0.03677117868553389
830,0.30116943629211945,-0.47984625395995795
831,-1.4990794305275494,-0.03974709323840677
832,-0.3644961285275191,-0.15799448695524038
833,-0.7204527935329756,0.11097402538888021
834,0.8202741122821958,-0.27233529618474683
835,-1.1265341142504273,-0.2543522288078084
836,-0.47327480643847064,-0.1100288852777172
837,0.16876691248955483,-0.40479168877198807
838,0.12878731867167117,-0.3095762351097072
839,0.9524906097327375,0.38185275909025496
840,0.01222630173236937,0.09665492855676873
841,-0.4445943199231668,-0.0024740093036167174
842,-0.5796527489662926,-0.09374029346081536
843,-6.147027283363509,1.9109146327720687
844,-4.278453010183149,3.763565995765037
845,7.041155749510113,3.3119519489279354
846,2.72011726542848,0.8205658224285752
847,0.8837071576526941,0.5809775148958767
848,-1.6872141710553947,0.24137412927045895
849,-1.0120914237919196,0.059423081511515013
850,-0.2084478868738066,-0.019823061942906436
851,0.20607042135223175,-0.060386842339511415
852,-1.6860087087878717,0.0576943720816323
853,-0.6011759037304143,0.21324784509084377
854,-0.3425528446363771,0.11026826563313508
855,2.799122822479243,1.0562702411497364
856,-0.5951977070311877,0.07356290868307146
857,3.323991025091604,0.9956229336735601
858,-0.6751850729996101,0.6059536279677248
859,0.5257397224355105,1.3026744686418047e-05
860,0.9308513640473071,-0.1114800258606305
861,-0.33151918361629157,-0.09451519379857683
862,0.47872336677458627,-0.2772563655998479
863,2.8414159845402787,0.4228745020717059
864,-1.9875808642918138,0.05508750990725248
865,0.7778623249715363,-0.31809264258662806
866,-1.2234176791030655,-0.11181047124723027
867,3.0207921114157545,1.6269607140621858
868,0.20177019603259616,0.08525432234533413
869,0.7297276087191079,0.25380280023935775
870,-0.9012238782867953,-0.16450899427806223
871,-0.9613138213031366,0.017644438827293316
872,0.24470568266215928,-0.2513124130126084
873,-0.42861344032286114,-0.1577070576555628
874,0.5036043481291265,-0.22856055228369615
875,0.14041936508736572,-0.4293283939479568
876,-0.6066566402356366,-0.296195406662444
877,0.44647924021962343,-0.3091181518321897
878,0.09368581469206062,-0.35691322082277466
879,0.15269345039956705,-0.25243478757529936
880,-1.0055470506280906,-0.21812769198077817
881,-0.4700825806581943,-0.19525966141592327
882,0.6965999950559821,0.2990358072845249
883,-2.898092058007145,2.750536417683324
884,-0.13014044807241476,0.15143410728306306
885,-3.307356207946144,1.082525622279386
886,0.9162603681832556,1.0449659095272297
887,1.2861091662620023,0.1280671927449671
888,-1.3339186316654779,0.1947267411432593
889,1.1050317186191505,0.078400647052609
890,1.5040545146371678,0.6029467875900251
891,0.46463077015657106,0.38549791837399794
892,-0.6879800321301207,-0.12041931471615654
893,2.3500000029439954,2.2146887378082396
894,1.0748866554528747,0.6071060392261637
895,-1.268018213329967,0.794359238430875
896,1.4984372216651547,0.5629892696834379
897,-0.42281417088944645,0.5050577530197756
898,-2.3008127213770173,0.9439447265644512
899,2.122185160369881,0.4412981807983064
900,0.07855888347433573,0.02742543506642533
901,-1.4716094322665316,0.03669189489716282
902,0.5768880337389162,-0.16885680658050972
903,2.3925539023788054,0.0543432374627559
904,-0.6721920390615908,-0.1698088948322892
905,1.2638191198231292,0.06571685056477876
906,1.5569786989017798,0.5981283187039659
907,0.4538696088042663,0.8828578910944861
908,9.095661537993177,13.208384731963385
909,1.1756019441848617,9.178981947709747
910,6.414225814464415,5.20783961398138
911,0.33628728885937403,3.7353219706425844
912,0.5302821880222663,2.790052041942431
913,-1.9015897154284824,2.378895851810531
914,-1.1526900071198733,1.2549516701620247
915,1.7809677268519524,1.3040021426694677
916,0.31133467036279105,0.48817817140844305
917,-0.471208000190217,0.04286358729120011
918,-0.0766111800402993,0.08679431258363747
919,-0.0967873106331087,0.05532555694084915
920,-0.39186567165464925,-0.16857389888542765
921,1.8410686451460587,0.3899771811467822
922,1.3230394172222564,0.8467164868805659
923,0.9159113998817188,0.6962356648839647
924,-0.6237909481748334,0.3430718508739307
925,-1.454113983663871,0.6033178188314798
926,1.2813517203498168,0.07507022370748406
927,-0.4546860559803146,-0.06469187903711007
928,0.44713396466434435,-0.2758293128730023
929,-1.4110180832819001,0.2056707889427336
930,0.12107848300654966,-0.23435652132956492
931,-0.6460520754521956,-0.03099077367092079
932,-0.32968069778296305,0.007961974603307397
933,-0.10850623152524876,-0.24298426868215214
934,-0.4515562207541955,-0.1494555286864784
935,-1.021844783548802,0.20130787428285474
936,-0.5523562371499885,-0.12119875767656417
937,-1.599280049956337,0.5127091444510021
938,1.427859946430473,0.048331066157822275
939,0.0026416388519956355,0.012875569267174182
940,-0.7188881947215289,-0.2573027985265422
941,-0.06582961987169302,-0.05860730079929054
942,0.010601924303168937,-0.19399208714450217
943,0.9351836259815659,-0.10758985910861112
944,-0.18838010122269874,-0.23294296392326716
945,-0.42600784623896604,-0.4042463287227358
946,-0.59065514984752,-0.05900350048197174
947,-2.9209184406496647,0.6222277813731897
948,-0.6485091734162881,0.26720263990586623
949,0.8284164305833457,-0.06944120976559064
950,0.3914006449647221,-0.3241118982809366
951,-0.2626323720768553,-0.1936019090147539
952,-0.543591852165161,-0.3034767447919263
953,0.9344533674549973,-0.2221991899421806
954,0.9460710190472447,-0.2234445496749404
955,0.509510556188858,-0.23043437719334653
956,0.6273676748162709,-0.22438870731942817
957,0.04370667258676108,-0.2628650091929434
958,-0.0915634374952861,-0.3257583894602693
959,0.6634111588022988,-0.1951987806213864
960,-0.47123237380115623,-0.31953070576028064
961,-0.7802054963591089,-0.20583400554070438
962,0.9092705768596328,-0.3313673824477284
963,0.051250838882356514,-0.39711130210259143
964,-0.7495132118481607,-0.23567746520677774
965,-1.4846830115048038,0.7699929804891082
966,0.24149875020385494,-0.3183549133715968
967,0.5353939891261745,-0.09109996890608879
968,-0.16447360679976786,-0.3790076023527751
969,-0.643958476295163,-0.10527079260480905
970,-0.12706684728251907,-0.3131688935378625
971,-0.05319223937727569,-0.36900172308812773
972,0.7227145531102928,-0.0739669845008576
973,-0.05834633165102372,-0.1975111361338396
974,0.8432715278470563,-0.1980071545849916
975,-0.13116034375359967,-0.2800914174128544
976,-1.1033334113567153,-0.004664441461945994
977,-0.3419159978027702,-0.3618103880867028
978,0.7410853422371524,-0.1001671945115534
979,-1.3301611103846944,0.06182525845944694
980,0.15535804640044712,-0.28629591224035733
981,0.8937979047272985,-0.13265411129624133
982,0.26970646441308227,-0.3800341353399758
983,-0.28754134772098994,0.2773928073296566
984,2.5706246267653823,0.8939177603637827
985,-1.194282562619042,2.104698645983312
986,-0.6993802523801027,0.17573420210725574
987,-0.46155897670137375,-0.20780815102852687
988,1.042740515423889,-0.06622926696639951
989,-4.147320839009661,2.2768427089011487
990,0.47892458726143977,0.2652900593259791
991,0.429314644079643,0.6021053347490826
992,1.2251746814106148,0.1957729777589066
993,1.1996744355241815,0.12709737849938413
994,-1.5718926454492503,0.01944272565151975
995,-1.997050123949794,0.31007871958226996
996,-2.577994841523698,1.4791118685532683
997,-3.6181326554675803,2.8075771789148596
998,-1.26012363590719,1.5934250742014724
999,0.8483855970889236,0.9668368679519688
1000,-0.8147567558731847,0.8180813568274634
1001,1.5511338881924384,0.4565211774781309
1002,0.8738984687686849,0.08058754991946246
1003,-1.8701625701503048,0.6020262845913364
1004,1.298774777315171,0.08078947268768108
1005,0.3803217071306342,-0.16106047076842925
1006,0.007774229705854188,-0.19741610966934145
1007,-0.022511267854555032,-0.2246107153564697
1008,1.8739271653817138,0.09635275449939637
1009,0.364663598960659,-0.2330829472994127
1010,-0.3931476160285014,-0.2649224788350403
1011,0.13772172826053097,-0.4125459390381416
1012,-0.8138657128756203,-0.1437136866192428
1013,0.00465050692573763,-0.42246504923850964
1014,1.1273743372233185,-0.03524216444221544
1015,1.090510714525588,-0.14214974237008124
1016,-1.0062832023146886,-0.2383798901805775
1017,1.190943744110532,-0.2022139848552547
1018,0.23169212678930282,-0.31296275891431424
1019,-0.26549564421435756,-0.37112043699794445
1020,-0.27823945650322585,-0.4191913970718342
1021,0.16443088878506515,-0.4958569164628249
1022,-0.3741429148805212,-0.5302317770214112
1023,0.32242357264764765,-0.3392753539385354
1024,0.11404021851626804,-0.5305702920522715
1025,0.8406871819998192,-0.3120601855926242
1026,-0.6810282897503376,-0.4734639568206924
1027,-0.5435110361791654,-0.46143747889386544
1028,-0.18206789237064658,-0.4602863365710401
1029,0.6336307204425503,-0.40150854957295784
1030,-0.18914190840622894,-0.434767100649398
1031,0.8635092003114824,-0.13179586620285136
1032,-0.8579779930151812,-0.3511603489883648
1033,-0.09930620308456008,-0.363083538254282
1034,-1.2398095682575683,-0.016761876287330536
1035,1.5930080147904753,0.10297795014304864
1036,0.35159343961514955,-0.29947169916204963
1037,0.6420799936689676,-0.03555255289719024
1038,1.9836994682056064,-0.07592846693442065
1039,-0.6471710484312932,-0.307849387331022
1040,1.4987996135839143,0.13225285714469573
1041,-1.13818474325786,0.0031466542187281346
1042,-0.4342076365095474,-0.29164899011070844
1043,0.7413094816861044,-0.31688200404061645
1044,0.5906274035959419,-0.3550510435156388
1045,0.4044984830499347,-0.20162563496762928
1046,-0.036073377274635034,-0.4086572784959724
1047,0.5877137750059,-0.26458719860941765
1048,0.02539369332080411,-0.4360333246785335
1049,-0.6650057389089528,-0.3578101615266341
1050,0.20449738284886507,-0.5624898037844493
1051,-0.9384246279127365,-0.2624078181836752
1052,0.5380202719924959,-0.36717457599249176
1053,-0.30107219328907536,-0.3818263579970812
1054,0.5493326442168628,-0.3575886925767201
1055,1.2491611339476345,-0.020481513393118746
1056,-0.5479294183418496,-0.2669191071004727
1057,0.3517976653071969,-0.2821802430265943
1058,-0.2161603822941148,-0.33143832825629943
1059,-0.3210361914035748,-0.3551845886344882
1060,-0.6436343957851435,-0.3009663943756391
1061,1.5037698135522,-0.10790629697111828
1062,-0.39777592887196744,-0.3640954690785443
1063,0.17785991330460682,0.9281348672214158
1064,-0.5115814661515959,-0.19323118354216068
1065,0.7551398796402128,-0.16785810986827693
1066,0.062218252270498986,-0.21676624187833166
1067,-0.511747189358839,-0.22389319860066773
1068,1.6211045229457972,0.10346041693860718
1069,0.5870921897120006,0.16172691313290277
1070,0.65974850482682,-0.07213519769966759
1071,-0.5177159141236722,-0.1878667845303552
1072,1.3747288577730012,0.16213789801729972
1073,0.09121924447780083,0.47110811541490233
1074,0.03922640532560712,-0.17748153612698234
1075,-0.514519411896948,-0.20896789242077007
1076,-0.7058165782625382,0.28091035865050057
1077,-0.1812144906553433,0.10799114315755697
1078,-0.38306358118209316,-0.2834117811147427
1079,-0.4514278533651126,-0.10179306426850336
1080,0.7864635469413243,-0.2517195946397827
1081,0.19265743336843605,0.25982787585380474
1082,-0.6723066544406663,-0.06396924940545039
1083,-0.5068559207294593,-0.0638001906101426
1084,0.40035343577270277,-0.0011375804395421544
1085,2.394600317381291,0.31247938062038483
1086,0.020536939722064662,0.1750070524190682
1087,-0.8894881110337989,1.4776092480558274
1088,-3.1619624403431565,1.1387244043345688
1089,1.8048250333951095,0.17258278362409152
1090,-0.3212760636657275,-0.08750570179920805
1091,-0.24360862901726898,0.16278173475780489
1092,0.6329763196241117,-0.12126221437395432
1093,1.1497306243839795,-0.10157757648004577
1094,0.008194282867437327,-0.3861623438146679
1095,-0.872732152784983,-0.29666872541020706
1096,0.0762013259970584,-0.3253241924058471
1097,1.9494867613747706,-0.004389207957350864
1098,-0.6299249334859826,-0.09383668077084108
1099,0.5563877052174953,-0.31129530739825273
1100,-0.09359764286378361,-0.1811924331179267
1101,3.0478984450509685,0.4937863880648539
1102,-0.15798458000511478,0.45298015368757916
1103,0.30834479564831097,0.2849671799864611
1104,0.1968016574975194,-0.043727094063302475
1105,-0.6203682144303784,-0.24685696319457726
1106,-1.1515401357596986,-0.14504739599276592
1107,0.9298882986909205,-0.2348259236865262
1108,-0.5101372216482156,-0.26801890523315575
1109,0.09249445287522089,-0.546127700080907
1110,-0.033310164709033405,-0.46687650728227165
1111,-0.2331350499774269,-0.5359597001986408
1112,0.7801995724491889,-0.3926273359375067
1113,0.2826247737642179,-0.26527888394244126
1114,-0.31831271562858043,-0.49914761232795446
1115,0.37532395252967077,-0.41047000446604115
1116,-0.1797213343591388,-0.29401252056731464
1117,-0.7590222370983549,-0.1388950961676175
1118,-0.03914173867936512,-0.5195340571827011
1119,-0.2083262039323846,-0.4548259681005355
1120,-0.08075131270954834,-0.44401933854111647
1121,-0.3868668893288423,-0.45156582489614855
1122,-0.029948066040438953,-0.511360286406042
1123,-0.7421631780687891,-0.4337692000364593
1124,-0.40439235633253506,-0.4917885667381607
1125,0.8073741184527501,-0.44946326919092133
1126,-0.0006294513243565689,-0.5243310201208028
1127,-0.5968590281169833,-0.3281557022019448
1128,0.49714370315903883,-0.44174497244877947
1129,0.5160339281291696,-0.4688730332312846
1130,-0.6344008506552167,-0.5082854836494043
1131,-0.0784091481034958,-0.4737065176936523
1132,-0.6671116354419658,-0.32793386788398987
1133,0.5403475287506353,-0.5220701265910294
1134,-0.21683790484235244,-0.5665094630690958
1135,-0.4074858898906097,-0.48008524146415477
1136,0.28861302728558824,-0.5103291656220036
1137,-0.012255634635519753,-0.5489146564479986
1138,-1.5807628280147952,-0.06336406741801405
1139,0.48575785977578456,-0.4830927216361364
1140,0.2983539687191471,-0.5569522457418836
1141,0.3485449398015159,-0.4841408632842959
1142,-0.36099988245485315,-0.4644507677720142
1143,-0.09171550884950175,-0.5189055774250799
1144,1.0810815779020693,-0.3897566040521627
1145,-0.06203988254561815,-0.28818948858655824
1146,0.5041920815845423,-0.40853807978214857
1147,0.48874941464844784,-0.4176084959401762
1148,0.23134768055937102,-0.38454700447198864
1149,0.02382765685082971,-0.4557351328337946
1150,0.011706827299001613,-0.5115719746296168
1151,0.7865940995670658,-0.12102530637669953
1152,0.18948115732061635,-0.3921661781355042
1153,0.4100506185940891,-0.35941769373368354
1154,-0.713652793239955,-0.2359919300851538
1155,0.26932791794489186,-0.38299660566894206
1156,-0.08944957155838563,-0.3982888641376471
1157,0.5972129049969243,-0.1912769454920419
1158,-0.10713014898531624,-0.3483421602805201
1159,1.634408377031652,0.20197822927135564
1160,-1.7279594804871121,0.1580024286226578
1161,0.16696878234171536,-0.33823968321029824
1162,-0.207369774010412,-0.3964746139440831
1163,-0.34092836583091135,-0.4157167955350234
1164,0.15757387266017733,-0.4537670737171129
1165,0.48145920521750285,-0.5186583737888832
1166,-0.05447514946168519,-0.47574897875980526
1167,-0.23026238141598634,-0.5184773689935629
1168,0.005276374217224504,-0.4032779964700497
1169,-0.7805503119239986,-0.3370828959265892
1170,0.43605759239702707,-0.5024494760645591
1171,0.40093652538884084,-0.5179710752160932
1172,0.1946152532271193,-0.4524934445953629
1173,-0.38685440988829445,-0.5028057153933395
1174,-0.06377552530331748,-0.5967628930593416
1175,0.5643156210577377,-0.37755487827608825
1176,0.24808692551431635,-0.4268428600378809
1177,0.3178964247601273,-0.29345668554305976
1178,0.15798751709402817,-0.5171774386574391
1179,1.1799081606475381,0.10178017175864167
1180,-0.3651708455920378,0.2083116639152678
1181,1.3347139844765814,0.37750043503327907
1182,1.0938654240869998,1.2331972543641918
1183,0.5043026060987067,0.8300488499936276
1184,1.2432116129459887,1.121665043073377
1185,0.005761324425104831,0.9423870101277604
1186,-0.11765525017527162,0.015396228871657239
1187,-0.7092946474188044,0.39905207310375745
1188,1.9762183412305074,0.4112604295429279
1189,0.3501747852013056,0.1812645711133716
1190,-1.2807475021156098,0.1971160964648165
1191,-0.4479789008126809,-0.05500585884906568
1192,0.38513326591203545,-0.2156480666118561
1193,-1.3606958581867532,0.1656505967628797
1194,-0.05667500087021802,0.008192801300688434
1195,-1.2540869735370044,0.05706976909236614
1196,0.5347230823817569,-0.30404928277312193
1197,0.7845001452620868,-0.2362693495564327
1198,-0.4965228553323068,-0.45272258645371005
1199,0.5263599519297332,-0.39819991379719455
1200,0.9160138167290691,-0.24147771162707338
1201,0.2504637660351741,-0.5185243958661911
1202,0.5061188619318967,-0.25271435979501555
1203,-0.19753468099349644,-0.35639797512672816
1204,-0.4909590050710806,-0.2588517937313326
1205,-0.3099722012400198,-0.34856748091174883
1206,0.165155253627174,-0.5387095688893799
1207,0.6436738748092654,-0.25224305515113665
1208,0.43263627457333664,-0.5402766391196329
1209,1.692622760496299,0.024750083281204007
1210,-0.8380569104037722,-0.08090432174422257
1211,-0.3105374392913992,-0.1875136496214116
1212,0.047329364061691526,-0.3790148160511037
1213,0.39878199460603764,-0.35622887576169676
1214,-0.22238554148141507,-0.43693146732931226
1215,0.6884542260756097,-0.3776543896597936
1216,-0.19272704455744885,-0.4665929377281886
1217,0.3047089823354451,-0.4943401576622135
1218,-0.8395818631239382,-0.44603521722308587
1219,-0.43445063383611354,-0.3069067078486804
1220,0.019745787791657542,-0.44849499689359273
1221,0.13112394679446726,-0.5501886841559523
1222,0.03526293358044704,-0.49667283932038386
1223,0.5191812310688639,-0.4912101399383628
1224,-1.2078732907764766,-0.0643687987623232
1225,0.3976725454946932,-0.30944456743164084
1226,0.646242286957466,-0.31380531897246927
1227,0.6169376335184186,-0.1786682200494113
1228,0.03473694422328051,-0.44313132107052805
1229,-0.6028110679315177,-0.1910052703984909
1230,-2.0520260700930666,0.23377724446227627
1231,-0.1662645450484099,-0.33251826731976486
1232,-0.7687460020465966,-0.03879064987809942
1233,0.8396488372535504,-0.3094454294331521
1234,0.407700324352105,-0.3235842081826063
1235,0.07306000444225488,-0.44698342401960944
1236,-0.5319438247566465,-0.37657968658782387
1237,0.7103932326387347,-0.3327192465945564
1238,0.15715999787535584,-0.36802730674723727
1239,-0.9920416134135909,-0.26545250328098935
1240,-0.22321822414834072,-0.47903304133747737
1241,-0.7956837388391446,-0.0933164216663245
1242,-0.7865821228439767,0.3013351622538991
1243,-0.9787977980243673,0.15221881782898283
1244,1.0047925012490395,-0.11771288576046726
1245,0.42437952324745554,-0.3048768273756695
1246,-0.7770351021489489,-0.4131593544295217
1247,0.41191229177230165,-0.480160672689255
1248,0.14858894660052022,-0.4961290847145417
1249,0.15504106783658742,-0.43364088100741743
1250,-0.5012097142320406,-0.4173966246246741
1251,0.5804054413396671,-0.4360169954953372
1252,-0.4186348710391926,-0.49981431013750893
1253,-0.8859446480897651,-0.2765007711339654
1254,0.04980645194706806,-0.5749341459686441
1255,-0.5393804685208153,-0.22514116145435178
1256,1.2608140107112187,-0.15852770192420143
1257,0.13926708302484728,-0.39205054222861313
1258,0.6122399524416903,-0.3119683467924801
1259,-0.2629947665196214,-0.432624531221704
1260,1.1756993521384096,-0.20024592278995004
1261,0.3919675057213076,-0.362084708970308
1262,1.1753868709679387,0.07147070906923877
1263,-0.7264914317167371,-0.2652910837800315
1264,-1.0230070871889465,-0.1287538739452435
1265,0.184768789607474,-0.31811190487052576
1266,0.39753635607001836,-0.17298747820727353
1267,-0.09116133509024973,-0.2803778436273959
1268,-1.3144542248670716,0.07842541136890747
1269,-0.46752199068775957,-0.3205830712115435
1270,0.24644009608526132,-0.24774364629096884
1271,0.3867128057511103,-0.28136182262625853
1272,-1.294821024140614,-0.03713717975070569
1273,0.20325547714208758,-0.3942916845562505
1274,0.3084110033676581,-0.5585994490115296
1275,0.39799934032234113,-0.46134408981099395
1276,-2.1263653025185367,0.13769234955788354
1277,-1.2895788000133321,0.0543023529969236
1278,-0.7684685243255353,0.31491207439686625
1279,0.6754357297831992,0.06913635493113544
1280,0.21963273441360984,-0.24941169329283222
1281,0.6635634264796468,-0.21333569197993885
1282,0.23213882302122604,-0.37097211416236175
1283,-0.9419694055805002,-0.1504241678395239
1284,-0.05668392013047133,-0.4007910288012436
1285,-0.23357868949537341,-0.30296509516703096
1286,0.6650177160252898,-0.39694973655276145
1287,0.7592170868998668,-0.1029219000931982
1288,0.8709916088265234,-0.15066545043407856
1289,-0.598085710577219,-0.27903226832923694
1290,0.23331693781802157,-0.5208561433753084
1291,1.0664331868237975,-0.22503952490808357
1292,0.9839540844865833,0.15652361316016847
1293,0.5704044614394419,-0.25924440418092254
1294,0.14508121873249338,-0.17485274473747678
1295,0.27334742039262205,-0.2095628271098531
1296,-0.7624464222221417,-0.18725253942909925
1297,1.036904054692359,-0.18904971175811405
1298,-0.6326718571778727,-0.37585911820547663
1299,-1.1855470569921513,-0.1573997884244579
1300,-0.28568649530002227,-0.3892606255523609
1301,-6.007361284646047,2.3348611643296797
1302,1.5120415658868096,0.24727039264587566
1303,1.6010479401570705,0.16197515908127597
1304,-0.4393433252994038,-0.48386531239077685
1305,-2.6357869612983604,0.18176173436536974
1306,0.1538829982810142,-0.2780724341808234
1307,-0.37058202814535857,0.027073093866761204
1308,0.6254274344078633,-0.3674445336816557
1309,-1.5004398662160205,-0.010397039425890011
1310,1.3153196437907584,-0.229586969780206
1311,-0.8383048460072515,-0.06690876763610597
1312,0.40097400314594617,-0.4238943961923719
1313,-0.70456176879448,-0.2422278283411303
1314,0.030751180815009275,-0.5304409828235451
1315,0.8504309754042161,-0.18236751682343283
1316,0.41635467214703703,-0.5176338016448309
1317,-0.7612942314851526,-0.42213150181823
1318,0.8660385862903358,-0.33641592144679894
1319,1.5111351904987658,-0.24973391566594286
1320,2.731926974880152,0.6655120672929774
1321,-0.08416787503506544,-0.1338667802961099
1322,-1.670244670389691,-0.03210515953579332
1323,0.3564033415880055,-0.32594209332340396
1324,0.46161466257002576,-0.3798094283105226
1325,-0.28789707792663355,-0.2930215160331732
1326,-0.686931185280185,-0.21131317577343242
1327,0.5537764043885324,-0.42839587183601424
1328,2.4071493340882673,0.18071056494694432
1329,0.6498491214068923,0.7565540396330296
1330,-0.5305053750210271,0.058443843852204566
1331,-1.26577435718296,0.5866387251791645
1332,-0.1963683479083905,-0.09435728642287892
1333,-0.09410734623247624,-0.3735537281933538
1334,-0.4779415534211559,-0.4310254850389628
1335,-0.1874334470950924,-0.08246173928414105
1336,1.2356582932723428,-0.19441876507524408
1337,0.7260070789247616,-0.2515044409615406
1338,-0.24801614986779832,-0.3326070630204533
1339,-0.3662528227886719,-0.24486898805422985
1340,-0.05932147184758316,-0.49658906901954536
1341,-1.5798389968272977,-0.14604839948530582
1342,0.644768747771001,-0.39690775910148285
1343,-0.751580747784229,-0.29830327643809873
1344,-0.36552630801637886,-0.49303702307834085
1345,0.6237960562599119,-0.41225991722331107
1346,-0.22004594989539814,-0.38952236276680413
1347,-1.5203095835018912,0.28893359823875636
1348,0.7873310820290512,-0.0963532358087097
1349,-0.03997632934953745,-0.4206027236670607
1350,0.7815469794738362,-0.37888485313279585
1351,-0.4084061785784287,-0.3184429465013907
1352,0.42465437772181674,-0.37197240806263365
1353,0.7959745451075806,-0.4449650973527418
1354,-0.27210048165986395,-0.3980383594515908
1355,0.4103966373231616,-0.4424741415909729
1356,-1.394669052190506,-0.2680135517822895
1357,-0.5232455250004716,-0.33327172671685984
1358,0.4324406741364401,-0.2768344326997515
1359,0.13922449949129803,-0.31136610425720923
1360,0.9811406969331985,0.05506759293773177
1361,1.0344690762167525,-0.1273799471150021
1362,-0.13496973993979572,-0.2979172234100272
1363,0.4195324481911936,-0.22651695099656108
1364,-0.20023225443811735,-0.17079799615378272
1365,0.026799309964111014,-0.3071249625287529
1366,0.5638265930606794,-0.40915815706672826
1367,-0.6682337431248604,-0.06756609596810945
1368,0.7131286091102911,-0.22720361726020386
1369,0.05416544900758307,-0.40946809330114264
1370,0.05273545548314198,-0.33773529111846834
1371,-0.24924027321745595,-0.2813681618619026
1372,-0.6637980082572542,-0.2379516263366159
1373,-2.364693712782632,0.6298595796700748
1374,-0.22160075290615097,-0.10167057684091813
1375,0.6180463024746212,0.07346354173952163
1376,1.2227474874558246,-0.14652272834766475
1377,1.3178382182207486,0.2455855770925402
1378,-0.15210701725845635,0.3429491336891456
1379,-2.544201705892444,0.3570543952718472
1380,-0.4542302422922174,-0.11160479418645311
1381,-0.994083460682367,0.7225106678757542
1382,-0.9050711643320669,0.5680398352522358
1383,-0.11995523412820505,0.05820872003701453
1384,-0.15806664478494578,-0.08973328133415363
1385,1.9859505369283368,0.2510245269228506
1386,-1.5770796719175784,-0.20474277155143847
1387,0.6457778362036002,0.30493655728347613
1388,0.6391234977743867,-0.32591934203988254
1389,-0.19279830374883336,-0.4594257454950501
1390,0.9076333928557803,-0.35520123384721647
1391,0.2208855846301084,-0.34335198195376726
1392,-0.21271294545119232,-0.4356794208282888
1393,-0.05219404752032406,-0.4897836078099824
1394,0.4039553131956168,-0.427984437569748
1395,0.49760230763246505,-0.20976792621631163
1396,-0.30321069842645054,-0.40251173119939726
1397,0.1313517392378834,-0.41438751069946184
1398,-0.528473146440773,-0.281466057032854
1399,-0.29388057836450193,-0.37033390541327305
1400,-1.0892236487600009,-0.2900648261309475
1401,0.04599110362583573,-0.47811681875820367
1402,0.570582631264152,-0.4647643656280681
1403,0.09579800441259564,-0.5371300620997297
1404,-0.6175706785143035,-0.43025249607497446
1405,-0.8387069164868929,-0.26115603328978726
1406,0.7624321449495828,-0.4458068579063458
1407,-0.5241464843114194,-0.42258996752267075
1408,-0.27095027594125815,-0.4832655945702846
1409,0.6067464202602109,-0.5490452355267073
1410,-0.3904523233629454,-0.5405004089078106
1411,0.3064252582381909,-0.45392749143530153
1412,-0.05616845563955797,-0.45589764197360994
1413,-0.7754710185667265,-0.432729725177546
1414,0.38135316996010216,-0.5099563226725534
1415,-0.7977073405729223,-0.3098411574280122
1416,0.8152085959109429,-0.4209003549291531
1417,0.7112432545671209,-0.47383462137338606
1418,0.12253023344899852,-0.4587467472719177
1419,-1.3237691692393945,-0.3059127217283975
1420,1.6259851936730882,-0.32587400397433536
1421,0.15804291712945953,-0.3936777801075118
1422,0.06674052079193586,-0.4416485590833646
1423,0.40034701287871555,-0.41953189055477375
1424,-1.4444617425739876,-0.20387926085262334
1425,-0.08233122506983948,-0.38475980114908265
1426,1.1636089472141324,-0.2922195550755712
1427,-0.3038017304797459,-0.36903617993429066
1428,0.7000981446701406,-0.3520288338258996
1429,0.34944182750787006,-0.38514246609913744
1430,0.5200342110973247,-0.4461865982175142
1431,-0.7689806683089326,-0.350785047282484
1432,-0.4318639492993543,-0.3681014685915425
1433,0.6400350815638525,-0.5090435638769247
1434,0.7104300805666167,-0.30087894076436933
1435,0.3921313780774923,-0.34227568282143095
1436,-0.4247030353443753,-0.37268767695525473
1437,0.7773813702630087,-0.08671668599219098
1438,-0.8552104329153637,-0.4028952766074716
1439,-0.34006937694267947,-0.3672503746337286
1440,0.12542156964407986,-0.4821593941920864
1441,-0.03331274187626058,-0.5422550183740176
1442,-0.49268530440973074,-0.5087754660156837
1443,0.707363421685791,-0.4190409563400292
1444,0.7440221589424798,-0.3885771249793998
1445,-0.05962344994700056,-0.4454942607818305
1446,0.021719815474233933,-0.5582622084377858
1447,0.6341545203248852,-0.0674338361219273
1448,-0.20416669110587804,-0.3611330890572665
1449,-0.11619826863022704,-0.3112024954860662
1450,-0.07957953979160173,-0.338456897450479
1451,0.7076076923520986,-0.1604324423408622
1452,-0.019953024139915863,-0.3379335944170653
1453,-0.5505935659644746,-0.2613726833047689
1454,0.7196121767381034,-0.2312467161993716
1455,-0.7517619889876377,-0.3585182096676026
1456,-0.2918223408042873,-0.30929384974079394
1457,-1.1493492704209631,0.16503228564639155
1458,0.6392952926262215,-0.2462864401867847
1459,-0.2683209363906237,-0.26248429368504306
1460,-0.009499306309335367,-0.3481698623859476
1461,-0.09790279725919068,-0.4658838561532093
1462,0.07745123965701407,-0.4108207393476582
1463,0.5553111341165854,-0.38494914307759076
1464,-1.0817881173439814,-0.18184450979979552
1465,0.28735506931754046,-0.4641880263778562
1466,1.0540555035071664,-0.295498128517641
1467,0.0842251329553719,-0.34444304441153917
1468,0.24338327225099407,-0.3652050571709026
1469,1.0466179323471612,0.24376530367238666
1470,-1.6567465723833432,1.234841732341071
1471,0.20934346764767864,0.11125978226735168
1472,-3.0486938909023125,1.9539313335158304
1473,1.3949060907157944,0.2913991684999677
1474,-0.6817624476604984,0.15075788576660515
1475,0.5928141186557946,0.010937911426440667
1476,-0.11876090237183458,-0.39540280152377083
1477,-1.4087455755114577,0.008384672045701431
1478,-0.06882967538154575,0.02577724619755934
1479,0.3288683858281348,-0.14655765602856408
1480,0.4086785709629206,-0.3863860135742779
1481,-0.2762057086401834,-0.5013208316696656
1482,-0.6062839981274745,-0.4040513556309469
1483,0.622138242589309,-0.32610109579581004
1484,-1.5336852901027467,-0.11043049489186983
1485,0.6150919000420478,-0.3682922499067111
1486,-1.0218455475074206,0.03795967629862913
1487,-0.017647522546734202,-0.3089847770623761
1488,-0.7783561500738292,0.11660050602163276
1489,0.8175808287017237,-0.3229386911305929
1490,-0.6542386712279901,-0.38017286006087336
1491,0.10331316948837854,-0.27385071927800925
1492,-0.395532832020135,-0.3776217917707979
1493,0.09026630197576986,-0.49270536373272183
1494,-0.19661906240168986,-0.37364112237199865
1495,0.567834727832047,-0.358747428575694
1496,-0.4488564115194161,-0.3880650540892704
1497,0.07197983832416702,-0.48611605732677193
1498,-0.5310158458151083,-0.006076690112768344
1499,0.08721298898143702,-0.4023135050932056
1500,0.4696185871025884,-0.3208129389775858
1501,0.3002139342369863,-0.40110584676802125
1502,-0.036118583766878286,-0.5522090009985723
1503,-1.248667235454434,-0.0630361850667215
1504,-0.27276023154659496,-0.36453867101439813
1505,-0.04411237970612125,-0.4451790058450772
1506,-0.48838451460026466,-0.05446537401557621
1507,-0.028236159962600628,-0.43964567414019995
1508,-0.03825812719765436,-0.4254902005189795
1509,-0.7241522379678264,-0.03131636215582908
1510,-0.06495483865339605,-0.27043488968810464
1511,-1.1440499025037716,0.26765332185275637
1512,1.37316988092931,0.28706976378973575
1513,-0.6648167973884345,-0.2950157696609073
1514,-0.8946548510419572,-0.2424253097965379
1515,0.8113916620550038,-0.25870972331766173
1516,1.2625367548219488,-0.09102968799021194
1517,-0.28204001963161446,-0.3463419105624173
1518,0.5922356121351042,-0.40682139761650415
1519,0.5061867098809448,-0.30840487641451836
1520,0.14384919116883535,-0.31601139495452574
1521,-0.7009628613674818,-0.4364248115422678
1522,0.7378773794800148,-0.42164409579092144
1523,0.3411804365907248,-0.418933011750421
1524,-0.3966827841496903,-0.5358497299052722
1525,-0.29110326872758346,-0.5419628242311335
1526,-0.12291254083518706,-0.5659153967276693
1527,-0.10229714858983618,-0.41421886507031447
1528,-0.6233893832849605,-0.2926996052183282
1529,-0.48911349956336675,-0.30596596791303976
1530,0.8231931284477271,-0.3798049666388959
1531,0.6178599277345445,-0.37233696117497556
1532,-1.8358826982782017,0.3485643737047755
1533,0.23066618517812448,-0.3538169251812626
1534,-0.35276935829051714,-0.28534560818031307
1535,0.5287058561163799,-0.34011558197064373
1536,-0.15773667143805162,-0.4028273058608023
1537,0.3391245551333332,-0.4051152969738714
1538,0.06545829411882477,-0.37676681393507816
1539,-0.5434360458849394,-0.3891219783643572
1540,-0.7985329212509926,-0.30502580118533323
1541,0.07847154126378347,-0.4932406936470269
1542,-0.2943674494625927,-0.3970431653177531
1543,-1.1621576462398118,0.026437780846311015
1544,1.6678313287105104,-0.0033102783436523477
1545,1.3232972752070618,0.2086512196204635
1546,-0.5346468783823533,-0.29605217472351575
1547,0.20458154688193483,-0.35552479381515734
1548,-0.36765705487540923,-0.3895338624114191
1549,-0.27977104256639546,-0.48374532591421093
1550,-1.0663709056014377,-0.2631123373891451
1551,0.8206575137280407,-0.3988466704304493
1552,0.6972289542130736,-0.34205589131564706
1553,-0.13506142662252438,-0.5229094265455045
1554,0.28660695849806866,-0.4973653225735929
1555,0.08587662617858852,-0.4418235114395432
1556,-0.6096503653478161,-0.4655668476181639
1557,0.6959015451734881,-0.4084491336065665
1558,0.280120206935236,-0.4461422692611062
1559,-0.3500022926072765,-0.4891815688516044
1560,0.9978359388928743,-0.25770109999538393
1561,-1.1789028986278298,-0.31640869284373113
1562,-0.6575185456984212,-0.256942254278288
1563,0.036166690955283104,-0.3533504358435184
1564,-0.3655364873840905,-0.2792523905459083
1565,1.2277337961712644,0.12448671670046392
1566,-1.4812041432783465,-0.10979754229435325
1567,1.0757944727002338,-0.2417299755890398
1568,1.9193578831930194,0.17594265559293307
1569,1.3261754080229815,0.234892816918385
1570,-0.4198842533543627,0.014670744670187424
1571,0.6146827728292622,-0.2630924211348445
1572,1.3682093459849705,0.2839782003868915
1573,-0.5753127661506694,0.15526821150762524
1574,-0.6241296038171658,-0.3732709023835936
1575,0.598244208288602,-0.31153535532274756
1576,-0.8225128720001617,-0.18960009102520686
1577,-0.20597296347906308,-0.33383735583741114
1578,1.2065969135391312,-0.1948932039784414
1579,0.5528280615509605,-0.32625083035889546
1580,0.9116881290993532,-0.036829699961967076
1581,-3.4814577656336456,1.6847031136712551
1582,-5.059044958496774,3.2737273772104203
1583,4.211066709244165,1.5738229633575032
1584,1.0552923373912302,0.10172477166348502
1585,-2.290382262855865,0.2882880322608344
1586,0.886888151957506,-0.08768764406264505
1587,0.5034392569583506,-0.4063186862457384
1588,-1.5093690613892525,-0.07877467741416157
1589,1.2940065556268279,-0.09602739629784621
1590,1.8505020335580393,0.7558112030732983
1591,0.5377283687198238,-0.25605571418660417
1592,0.7464002266701282,-0.049280323597696074
1593,-0.825095151106249,-0.1974239743249621
1594,-0.787544333656556,-0.38435330267467643
1595,0.9246372057914641,0.019283652822837546
1596,0.6372308398620932,-0.2945940522976187
1597,-0.4021476514303048,-0.4422474963500119
1598,0.3358606610910019,-0.5229294507878882
1599,-0.5263607521802733,-0.4003693751488203
1600,-0.22693761988517241,-0.5367720851030304
1601,0.639869425145936,-0.5467625936045037
1602,-0.20929478006071284,-0.6295133168762638
1603,-0.6574622550563366,-0.40777906588956936
1604,-0.47793596825376766,-0.5363904681782496
1605,-0.5633577924827458,-0.34074721271812813
1606,0.09608354998490556,-0.5007599874412609
1607,-0.012338824725086461,-0.42729834902227454
1608,0.07987450626356361,-0.3740782773960067
1609,-0.031133565318212254,-0.5206594409402785
1610,0.5783119132642062,-0.4670765971301446
1611,0.4782613043049451,-0.5090253293477492
1612,0.3516292171003583,-0.5247055259291196
1613,-0.402078993079616,-0.4798840892337833
1614,0.22010634286352534,-0.5748433032044535
1615,-0.9350568224703948,-0.4167180341661191
1616,0.21734286023721508,-0.4586283277928048
1617,-0.4978990125946102,-0.5362952617093558
1618,0.604872515373778,-0.4667593726314297
1619,-0.3160075830586505,-0.41012470965612335
1620,-1.5085476251723262,-0.30138208028028435
1621,0.2644671772571547,-0.5773806676670908
1622,0.5133762447592177,-0.5415345959089544
1623,-0.32412835374076227,-0.4947441775325955
1624,0.3691476326324751,-0.5031997378303427
1625,0.1814835352653772,-0.5754428880346709
1626,0.7285681940515619,-0.43042306876264047
1627,0.36171098723102746,-0.42070508356338643
1628,0.13181354830480296,-0.4338953354442273
1629,0.8800727615998715,-0.40085972195712455
1630,-0.16612945022354866,-0.4568527210935947
1631,0.042913265398475606,-0.43703458717743676
1632,1.0968012021058593,-0.31657821637316846
1633,0.20371006270299916,-0.34311253951937076
1634,-0.017566527787538064,-0.3586787574513827
1635,-0.3242428269294673,-0.4884538923619871
1636,0.9772924199768216,-0.3192270182338255
1637,-0.6924202494329177,-0.2797909131624307
1638,-0.20209357572781086,-0.514411383620863
1639,0.21950136012028137,-0.35600871479718255
1640,-0.5116448275891978,-0.45899905891085246
1641,-0.10019131680738833,-0.5142214780816212
1642,-0.6197328660855314,-0.34008424764630696
1643,0.056172085916553975,-0.4466857918564174
1644,-0.18400079294247754,-0.5398858490784915
1645,0.7168758668835036,-0.37869787346570527
1646,-0.19794338504548778,-0.5518917942059979
1647,-0.9169807251464321,-0.3983822172176467
1648,0.6562502615583206,-0.4564450229997748
1649,-0.2764018127338944,-0.5639674823437267
1650,0.3016668415570025,-0.584019801069299
1651,-0.2131352791555139,-0.39278848376349135
1652,0.6470087006293256,-0.5051862045033241
1653,0.4909809481603556,-0.5101160561546979
1654,-0.4378176755540251,-0.47088728218288456
1655,0.3150983690115526,-0.23931233590958537
1656,0.5732478363952234,-0.39130149809018844
1657,-0.08983152255810507,-0.3272971620930747
1658,0.04986501704273346,-0.5282485212848276
1659,-0.5054353088350574,-0.2691828911343695
1660,0.024692006139807935,-0.4657922112767924
1661,-0.20255493804611488,-0.33864023364380474
1662,-0.2786095539949091,-0.44225651606169375
1663,-1.2178669037814418,-0.16141895972993528
1664,-0.7888850648824771,-0.17582722231165498
1665,0.49252632431343796,0.17552588790321696
1666,-0.4720566612047303,-0.3274117476355284
1667,2.4855310818531957,0.32816193193461435
1668,-0.6894986848205574,-0.12707046104456723
1669,0.8476192072127654,-0.2973899648377042
1670,-0.00900633240019726,-0.4620926786947562
1671,0.5186093255217173,0.272725198124231
1672,1.7882507640952476,0.35650566654200894
1673,-0.7871815743533244,0.0744937043923538
1674,0.7089574079625277,-0.2855039749000377
1675,0.37564204345424473,-0.2155245190967329
1676,0.023489137347513175,-0.34846597231167986
1677,0.23023459096231397,-0.312498304128996
1678,0.1335840237412353,-0.3475708911510698
1679,0.32710765680195975,-0.3100259038248357
1680,-0.05056350089831868,-0.3664358472027466
1681,0.18571704193826769,-0.5358435424010591
1682,-1.9181211147247994,0.09905967323517353
1683,-0.1630803842031953,-0.4351914243953055
1684,-1.3764362245832586,-0.10564841079213626
1685,0.2817132907298669,-0.242009343361552
1686,0.4443526611610947,-0.35908763807469707
1687,0.984685845485638,-0.3703554182129352
1688,-0.03482504107574205,-0.5810119363543914
1689,-0.18677352827810256,-0.48218236266602843
1690,0.2764994302606547,-0.5156700755125319
1691,-0.428113639288558,-0.4572798941321861
1692,-0.39051792728314505,-0.49569080085957795
1693,0.19064993234755268,-0.5195909063837632
1694,0.23615303190317652,-0.6044912092625522
1695,0.11107899447708394,-0.5506621544775114
1696,-0.24556874974815635,-0.5628473063948651
1697,-0.3647776629250588,-0.5456062388638754
1698,-1.0704517143591814,-0.3525587101265709
1699,0.9425312781433618,-0.41252634365165985
1700,0.37220094612007537,-0.5706056287194317
1701,-0.43234066780544206,-0.6077855380980577
1702,0.2560100873072506,-0.5688367928287178
1703,-0.21538142758511886,-0.520156359718573
1704,-0.08061508234614319,-0.5406508873293117
1705,-0.45250356953171994,-0.5057927803691838
1706,-0.28363801088898627,-0.3477539739367136
1707,1.10094056958651,-0.29125014979892827
1708,0.22973598296030656,-0.460620782787987
1709,-0.9067516451976875,-0.27455252267622404
1710,-0.02590681525021489,-0.5435001707032056
1711,-0.44873630581834695,-0.47316177462487913
1712,0.6812727002792923,-0.5427059486254523
1713,0.05731646735943946,-0.5430380017625233
1714,0.01934053131518388,-0.47589108519967566
1715,-0.4205190747624513,-0.4737330705101964
1716,-0.2525720297449188,-0.5336715903587274
1717,0.727657943018441,-0.5028483675603459
1718,-0.1389216592072601,-0.6099773094757811
1719,-0.7674705907252738,-0.4160585473289621
1720,0.5992293822074998,-0.45650843158049326
1721,-0.004545913550143905,-0.5515318043732101
1722,-0.05560938659863474,-0.5043935825731576
1723,-0.289004163693216,-0.5050469868836366
1724,-0.2545684971483513,-0.5638497498954133
1725,0.49936407168792657,-0.5624111225178033
1726,0.35586023812450823,-0.5268632875231489
1727,0.05006346596321711,-0.5022489768946513
1728,-0.11992254119345698,-0.4928329133906542
1729,-0.2885196149787036,-0.5127068425184805
1730,0.28746220197413846,-0.46112219123745507
1731,-0.6275111151748138,-0.4391130611835169
1732,0.27310468500693547,-0.39994525222072036
1733,0.5962371937107422,-0.4337566137603691
1734,0.05022420739952491,-0.5408469563083016
1735,0.5292627958829318,-0.4044057563474404
1736,0.18242433948699055,-0.51496705570219
1737,-0.04741247489269306,-0.4671629144825258
1738,-0.4893835104592647,-0.4036850127089658
1739,-0.26519669986754274,-0.43863881929179604
1740,0.18552856969136822,-0.4239573094192799
1741,0.2539323284546359,-0.5041062275469198
1742,-0.1881770932965738,-0.4858432440299414
1743,-0.14997261423037728,-0.4507736323419668
1744,0.08441993773094122,-0.49608799062728814
1745,-0.25207657161831776,-0.5533703345048356
1746,-0.04255220773578153,-0.49716031414982925
1747,0.3104462333569573,-0.3760497140748105
1748,-0.39374773399912405,-0.5058000480872309
1749,0.2541246723274495,-0.5267525907728063
1750,0.4906283659090849,-0.4851599312868694
1751,-0.11953626562717173,-0.5473759008679313
1752,0.19454004257647586,-0.5458790868670482
1753,0.5630405674256479,-0.36438238865801925
1754,-0.32019359806614667,-0.4717036764978792
1755,-0.5410096963240701,-0.48433047809152424
1756,0.11064470861606011,-0.5246001588938418
1757,-0.2352139874127713,-0.4456513888022399
1758,0.489425955716691,-0.5155162348187364
1759,-0.13459641518102083,-0.5229232317096139
1760,-0.2506469214275462,-0.49659438806872114
1761,0.36029490188424407,-0.4265168197307102
1762,-0.056941863327449126,-0.510960320013008
1763,-0.7773588443799851,-0.20603902044372543
1764,-0.40974367378793586,-0.45602620809297295
1765,0.17112022853944295,-0.5261575817894416
1766,0.17510770778006746,-0.5879350887079393
1767,0.3609227754653609,-0.46386880791527607
1768,0.07783580404957981,-0.36359642089918137
1769,0.08135537646228021,-0.5505744656657916
1770,0.13840157592895205,-0.6017950634239491
1771,0.08980531288129423,-0.5511798728192533
1772,-0.24830709817879398,-0.5311841763682562
1773,0.6831570953193737,-0.4129055927280176
1774,0.12687092910486136,-0.47497183483673505
1775,0.018790681558345942,-0.4631665450510454
1776,0.1397716810628721,-0.47087746507542794
1777,0.004507941280789677,-0.5208810285957876
1778,-0.26788658682355904,-0.606774485177407
1779,-0.01999806398344455,-0.5696371019380069
1780,-0.002168460596144381,-0.4805761260045717
1781,-0.3839330208323091,-0.5339981453945551
1782,0.09734930462697818,-0.6329160231701955
1783,-0.04118096110841588,-0.48870871481067696
1784,0.0034982035186840446,-0.6157309244576971
1785,-0.29183580103909074,-0.6045469946869061
1786,0.23357461083852873,-0.567097053512932
1787,0.032518446393635214,-0.4918224890102512
1788,-0.011762273120917582,-0.5942685541435353
1789,0.6948188370071544,-0.3477936078784733
1790,-0.06018165237169205,-0.578536114719909
1791,-0.36829843161009324,-0.4760971563712366
1792,-0.23280122690593255,-0.5677316947925762
1793,0.09795922818290344,-0.6137663932975203
1794,-0.17376413111394462,-0.6020434867006392
1795,-0.5926741050909201,-0.3274434361809848
1796,-0.035286266356740564,-0.5037714656867895
1797,0.30305803340505866,-0.6399175740883356
1798,-0.15957122963166823,-0.5320455942207073
1799,-0.10602658754715558,-0.5068863537643522
1800,-0.1970167324286868,-0.6213957747151526
1801,0.37404864272084765,-0.5767387781634805
1802,-0.12838547811862105,-0.5719468697696138
1803,0.5140021665172114,-0.3679223922564582
1804,0.2957107678504562,-0.510493427722237
1805,-0.21683669461977403,-0.4774505143023183
1806,0.1574884500001513,-0.5140704592309836
1807,0.5328385299797559,-0.5409927772422916
1808,0.23126954686963674,-0.4963108764460438
1809,-0.36417355156149117,-0.5994155857934588
1810,0.44439841224361687,-0.5082425609542942
1811,0.3404603554561852,-0.45948678504893653
1812,0.11034713177714002,-0.47672058283692686
1813,-0.38193684441386466,-0.4075400128633898
1814,0.5911218917743267,-0.5518375363485057
1815,0.20024118746996472,-0.5143590584952141
1816,0.652104184360068,-0.3496670279639698
1817,0.08779877860955972,-0.2878637200417308
1818,-0.6631330260301234,-0.3750652397714395
1819,-0.06715056040201982,-0.5353197474923606
1820,0.5178817972000646,-0.3951997506295221
1821,-0.34080612763896495,-0.5714040019939379
1822,-0.1460747172398538,-0.5829766940965324
1823,-0.41142332655725555,-0.35528931394717705
1824,0.046963310969341726,-0.6231824666870076
1825,-0.4471249919926711,-0.4091873612213215
1826,0.027622275528102695,-0.5910570606287558
1827,0.2757135190807374,-0.5017413850173101
1828,0.44010126356731377,-0.4277047465647649
1829,0.30342599045555624,-0.5163789176168142
1830,-0.12281056368576514,-0.5396912847283171
1831,-0.3800746670248,-0.5118585621923268
1832,0.37101282934662894,-0.5770582621849757
1833,0.08438192867565614,-0.4862951320099784
1834,-0.018496175592942737,-0.5833701618404837
1835,0.247466829821775,-0.5188337843254737
1836,-0.16352565799159416,-0.5127765211255557
1837,-0.002558342631355944,-0.5331072465517588
1838,-0.23596346091131723,-0.5090056609148745
1839,-0.20138745418700713,-0.46481781064457245
1840,-0.2675855210123416,-0.3713510791955274
1841,-0.004797005129117603,-0.5452490154702151
1842,-0.028815301519718395,-0.5873272777245707
1843,-0.0770349436630106,-0.5751411386175901
1844,-0.13008071103557334,-0.5779622816760588
1845,0.07138234824490679,-0.5412852677780974
1846,0.03888250529166808,-0.6335362765978748
1847,0.11366828957639169,-0.5876316243719397
1848,0.06933927319214397,-0.5513715058202665
1849,-0.25897307033217315,-0.5476967217895569
1850,0.10551637273803713,-0.5991154900870913
1851,0.23808201759945366,-0.48163238124674584
1852,0.2019594423280576,-0.5189660913731032
1853,-0.1831320386950439,-0.619217873981939
1854,0.3218800743927017,-0.459494592833766
1855,-0.2992532760250764,-0.5199092857530704
1856,0.10107864710963654,-0.4479040997595921
1857,-0.4471705933740781,-0.5384187064841677
1858,0.23830312734371928,-0.5338482872785366
1859,0.15960576941149307,-0.5551126700739792
1860,0.4385308894870987,-0.358382628515024
1861,-0.9653518310573563,-0.046059863315135535
1862,-0.22627684946035415,-0.39564495882397105
1863,0.28303741446793484,-0.49046801079017904
1864,-0.41219622862865785,-0.27346515764225077
1865,-0.4098293898263112,-0.38367042445627186
1866,-0.4534052126190509,-0.34926928697155746
1867,0.46721287159482167,-0.414793700607812
1868,0.20247702539829185,-0.6172822609794543
1869,0.6787705125222527,-0.40036101293806065
1870,0.2830303978185005,-0.39867745946103134
1871,0.2280440592371987,-0.4590825139863669
1872,-0.18602628912837416,-0.528717916616775
1873,-0.23812171230976095,-0.5156228228033325
1874,-0.16125775465391157,-0.543856082545043
1875,0.010772338914850712,-0.5615784047387662
1876,-0.02487956548133014,-0.6213825445229669
1877,-0.02574781014112485,-0.5806087308248759
1878,0.045540594500733174,-0.5854336703060633
1879,-0.08613079124565938,-0.5742648654197442
1880,0.2809217641238043,-0.5978599468077231
1881,0.29107877084994416,-0.6018287934785472
1882,-0.20406511801827862,-0.5623198735890147
1883,0.652761859220891,-0.39794652573068534
1884,0.0642438370032693,-0.5702529647674648
1885,0.06199654584107496,-0.5379550943683842
1886,0.19842160849751056,-0.5894497567517385
1887,0.12153788510409116,-0.5825807910964285
1888,-0.15885783116170166,-0.5183590042501689
1889,0.1571192175618147,-0.5526113517784773
1890,0.021098411071250742,-0.6063361548938078
1891,-0.32197676924186636,-0.5091538604917167
1892,-0.16681910067866293,-0.6063640209856458
1893,0.12200810820322647,-0.5994524449541202
1894,-0.009819025123268595,-0.5642034865418493
1895,0.6888698846229783,-0.35010823469422253
1896,-0.06413443402589283,-0.41884487508728113
1897,-0.44300098366562,-0.5120757257679418
1898,0.06199218131277891,-0.48679334804082125
1899,0.569459899209306,-0.4750392213166383
1900,-0.15482839750083552,-0.5675865955386099
1901,0.23593807165362013,-0.44265246736399055
1902,0.26527440589478185,-0.5304840564920619
1903,-0.2748779202605068,-0.4387048951276059
1904,-0.25072247182806284,-0.5749499256369555
1905,0.4582851110183948,-0.5075711408641056
1906,-0.31222072910109666,-0.5249892773361207
1907,-0.028785759637822723,-0.5466154846348298
1908,-0.13538372425793713,-0.583927922763717
1909,-0.22957333185640913,-0.537031106001703
1910,0.2745307720553314,-0.5616647941143678
1911,0.05477178283884941,-0.5131239657183014
1912,0.2917483018660244,-0.5393267718439667
1913,0.29955517291903105,-0.521182754728852
1914,-0.1893416782599339,-0.5090508761159953
1915,-0.14294813739499543,-0.5379212734065223
1916,0.022504821064627704,-0.5615475208294133
1917,-0.04884900999621667,-0.46000097320366673
1918,-0.1604736539137504,-0.5275082779800424
1919,0.25037041080099526,-0.44346786631099705
1920,-0.3955208725551428,-0.465458742390515
1921,-0.31014454769738103,-0.5008492597768011
1922,-0.28907818287564,-0.20204045200348195
1923,-0.5292762629605605,-0.20369293532849536
1924,-0.473363315678506,-0.1224205696044956
1925,0.08459241245489885,-0.38067786200510684
1926,0.2477934328224869,-0.5706563974303166
1927,-0.03223693705707834,-0.48974499076087713
1928,-0.1719260598048332,-0.5052456498186307
1929,0.018028214082616144,-0.5355282333240001
1930,-0.464189854075058,-0.4101284276606406
1931,-0.049026247127859864,-0.5304536538057615
1932,-0.09332073985949346,-0.5318674718912069
1933,-0.41151116808753596,-0.4219423262680522
1934,0.26960647998651993,-0.49786765938528627
1935,-0.14157652497399076,-0.4318029581147511
1936,-0.17498465587441514,-0.43458250658618286
1937,-0.5900759875239299,-0.1092036260396389
1938,-0.7992477449306309,0.27180787599697326
1939,0.3026108869923792,-0.41457220293375996
1940,-0.8399263990151993,-0.2333919413715733
1941,0.06588983308671965,-0.507941140975855
1942,0.22180963747968807,-0.5945524347308383
1943,0.7499898563642255,-0.19005769642826417
1944,0.20199817533102346,-0.5292711687692355
1945,-0.08758029100063415,-0.41704075834565385
1946,-0.04269711245587986,-0.5686428482446729
1947,-0.5938021857623987,-0.403654527065702
1948,0.513545396503615,-0.4532355970464635
1949,0.34260652957234156,-0.44859077787531815
1950,-0.2444144451144774,-0.5175954134963423
1951,0.8888028644321642,-0.2722243515559685
1952,-0.10195919201167751,-0.4886030624520235
1953,0.058551264326974384,-0.45649593508864245
1954,0.2054034876700414,-0.5189383487995815
1955,-0.48515909629303533,-0.31966585550206134
1956,-0.7338117375201202,-0.38005803729583193
1957,0.44970030978179704,-0.5663875586624194
1958,-0.7107602847195545,-0.2754510410479304
1959,0.6084637555871528,-0.30685235577004033
1960,0.3815285563519878,-0.37907935061538806
1961,0.14095346884308033,-0.5189485217116181
1962,0.3729039802732066,-0.5135675534419016
1963,-0.7861567511467605,-0.4483233683236979
1964,0.09430110111419615,-0.6291006701211289
1965,0.18014801096780045,-0.5593284311196194
1966,0.04877190406739612,-0.6210940001637766
1967,0.09820595164805898,-0.6224790938762942
1968,-0.08602406657082658,-0.5735143211071587
1969,-0.23777885551345496,-0.5338135975954188
1970,0.349781584905957,-0.6061447511315625
1971,-0.21090692178215772,-0.5996944594541102
1972,0.022939494132813775,-0.5763470513532823
1973,0.23082582741171445,-0.6280364337351843
1974,0.5313326233797132,-0.48496367979258004
1975,0.9858048580494506,-0.24100814958317185
1976,0.5039267782146986,-0.1230009791840005
1977,-0.12116214014935395,-0.3270991298638915
1978,-0.3322018804864985,-0.5275278852174314
1979,-0.3904048279379679,-0.4225158929549495
1980,0.04666481573828877,-0.583010135746573
1981,0.376988498918678,-0.53024002226788
1982,-0.1987985353986494,-0.6090519533363596
1983,-0.6510492647181425,-0.36605911714368383
1984,-0.8333492074604624,-0.39358873532971017
1985,0.39700014623208263,-0.5335637742888026
1986,0.2087398837421115,-0.5921577679618764
1987,1.0297794836351328,-0.5215619483767325
1988,-0.28413673425376695,-0.4995394682169824
1989,0.19453861124275482,-0.5514899084085387
1990,0.17628218435727727,-0.5607293468617602
1991,0.5513371700962808,-0.29666861346904894
1992,3.128418430140313,0.8577610061481352
1993,1.313626792528713,1.8153463628355566
1994,-0.35186764929366804,0.6330583156332413
1995,0.536900965430716,0.43871226884195225
1996,0.4148857310922174,-0.1881524994814079
1997,0.6096686937698803,0.014242342317871293
1998,0.10965591764376487,0.3413882316938215
1999,-0.05350319484712286,0.19669350132577926
2000,0.2957298922276941,-0.06012362828766381
2001,-1.1647613495484497,0.006517673710559142
2002,0.6318284328728832,-0.3052202004061033
2003,0.12220090240774543,-0.29967787544199176
2004,-0.39871690906771484,-0.32734275910709504
2005,-0.16562824121365352,-0.24740945220214328
2006,-0.20444763955936038,-0.3697693923759087
2007,0.31281742946632274,-0.3493566774913711
2008,-0.34470671584666956,-0.33593747463653006
2009,0.31835973441911936,-0.4080840090994693
2010,0.5813175847209752,-0.3405209294515761
2011,-0.04401321129751839,-0.3528963453806922
2012,0.49288119174226,-0.4140834068116441
2013,-0.025404811225003324,-0.39647818808298146
2014,0.6428006666419362,0.059202642082729975
2015,0.1842587766061226,-0.3960796647999404
2016,0.016870573297271377,-0.18682596415679742
2017,-0.4257763629349864,-0.3123276641172437
2018,0.021578098685515794,-0.40479718694050504
2019,0.1197382766582436,-0.3219069764814136
2020,-0.3308936849553503,-0.2830040548989541
2021,0.5021607014031586,-0.4408453336828459
2022,-0.38690209631889694,-0.4827594336979672
2023,0.29845947168688486,-0.3488724305610534
2024,0.24321452138254573,-0.34154887488201113
2025,-0.20854053400167571,-0.40074779384571035
2026,0.11807432181382203,-0.49440960968911435
2027,-0.29717901442919986,-0.22985961951815723
2028,-0.4662569596775673,-0.2741618630110317
2029,0.06615041096146199,-0.35832692236176245
2030,0.22068564743298372,-0.2827124518377199
2031,-0.3488687557158771,-0.4096128132338999
2032,-0.5041056199461456,-0.4507847494848789
2033,0.0262040080654804,-0.3211974310469991
2034,0.4028745725654857,-0.36899599897899577
2035,-0.755133735179928,-0.45873722014372686
2036,-1.125004012279051,0.5067092165907724
2037,0.3640228186479667,-0.35704420031013184
2038,-0.04262664741515109,-0.4065129277852658
2039,1.1853083095557813,0.008473870966128784
2040,-0.21930102684181027,-0.30772598009342567
2041,-0.4870455149577473,-0.3001335718098386
2042,-0.519154615558865,-0.3533251479435076
2043,-0.23952838555728823,-0.1375583359496125
2044,0.9171307658755595,-0.14086379510810507
2045,0.2794039657569159,0.03328685957906597
2046,-1.6063278766898332,-0.05423298235446658
2047,1.7667342834760429,0.22208811422799524
2048,2.3009981499680214,0.5556306772954259
2049,-0.963923671852554,0.7990496165666766
2050,0.1594883654005828,0.05199102034075438
2051,-1.4423201460990824,0.026544582201019653
2052,0.7758505023623714,-0.22531373447007969
2053,-0.5576976595898351,-0.232725784209014
2054,-0.30117869056957014,-0.0908266474654195
2055,0.2673239923653537,-0.21884266201763594
2056,-1.4353180967368426,-0.08942305603550689
2057,-0.5935154603969793,-0.3330135268300544
2058,-1.9847342717932321,0.5938828178189779
2059,-1.056664438459921,1.383022216855625
2060,0.8144643330607296,0.16821702946003164
2061,-0.6956948079836558,0.035505276081536426
2062,0.01004081638061634,-0.3069840904684795
2063,0.16300814064120292,-0.07027856571994912
2064,-0.2876166414540788,-0.36191504538415303
2065,0.28164425093982143,-0.4288834019457593
2066,-0.46158975374550537,-0.3490702113867389
2067,0.9344006371927118,-0.2037805355245077
2068,0.886644883470571,-0.2687566578901121
2069,-0.022677241266028287,-0.31513811303498096
2070,0.3879325194999241,-0.31900575563364086
2071,-1.0002908564785642,-0.34691847923204294
2072,-0.1457599438123906,-0.5330888526703744
2073,0.6904609740713085,-0.49357768143283287
2074,0.326502701278933,-0.5637630789578917
2075,-0.6384268130526768,-0.44687179514561753
2076,-0.10693269175461681,-0.48139692967282444
2077,0.1500477358681928,-0.3976488458564956
2078,0.20984488182372088,-0.5343571000492958
2079,-0.6068859641200474,-0.4241637626520353
2080,-0.3700392256410425,-0.5126387788143347
2081,0.40101233436663564,-0.4929535584353958
2082,0.16512621398904093,-0.5555496366288624
2083,-0.06050843028072277,-0.41038893739774973
2084,0.46437788675076813,-0.4800350592402474
2085,-0.36670161661935036,-0.5179595562958409
2086,0.7702904796780794,-0.2569816642168901
2087,-0.23245501941569133,-0.4072236828175973
2088,0.39367082006463383,-0.5224766732696947
2089,-0.8879484329725997,0.39282343490552274
2090,1.0337017087666036,-0.3564154770778985
2091,0.3649407516027717,-0.28473951327187236
2092,1.5731212091620927,0.7418345406029176
2093,0.4706584555898151,-0.13121268775981115
2094,-0.13391550265353372,-0.3802865855544402
2095,-0.38079743674467376,-0.29902663389467066
2096,-1.0684951658914115,-0.19967556775504886
2097,-0.5435949459813585,-0.3705506698434136
2098,0.75327122905864,-0.34307598829827024
2099,-0.8575885953997566,-0.21904911670937646
2100,0.5087090839643633,-0.362602541451926
2101,0.3505212139615976,-0.40712745426769265
2102,-0.11535067264752798,-0.5570208367658718
2103,0.21631672080183204,-0.31025528684655435
2104,0.0035176137221796192,-0.4714267794657485
2105,-0.10992977703951885,-0.46788081985538765
2106,-0.7287267678940299,-0.37896520016101076
2107,-0.14887118573092836,-0.4147615276363126
2108,0.4507235332264676,-0.5375502679623071
2109,0.562115526071939,-0.47148223606659884
2110,0.1377031207761141,-0.4922120449639349
2111,-0.4304340252851453,-0.3751594880749644
2112,-0.687521133065452,-0.45868890172360816
2113,-0.004345919903591858,-0.3274388294745308
2114,0.8962734774691391,-0.43547773812716634
2115,-0.21832938667980645,-0.3981475295487861
2116,0.78929089771221,-0.29734580855396264
2117,1.0519833713841176,0.2811276726805466
2118,0.07006972838318552,-0.1224897586750215
2119,0.507487298564064,-0.07245191805113697
2120,-0.7911254936477619,-0.14146015331961148
2121,-0.0906275894051933,-0.43369728398759233
2122,0.10971235441029509,-0.3547158294440642
2123,-0.22845162070570896,-0.372565128371864
2124,0.8170938738849175,-0.23679491829436375
2125,-0.2328583616149046,-0.41903622409557456
2126,-0.09297817900622637,-0.39046813638148076
2127,0.3301178669205052,-0.32632477115612424
2128,-0.7526245266691487,-0.2506726225806779
2129,0.8068226140147227,-0.3121224530504153
2130,0.16861946972676262,-0.4318186127899026
2131,0.003440328822398697,-0.33966596000056704
2132,0.5491820656962726,-0.32036090007519874
2133,-0.6264271718042025,-0.1467603307287794
2134,0.3587593236032882,-0.2884056199599852
2135,-0.1134830120830325,-0.41035126885292367
2136,0.6111667637502374,-0.10605089621219535
2137,-0.40490885132144827,-0.13898821705662276
2138,0.7563181314025212,0.2123771440725878
2139,1.7409228287257834,0.7048117879309048
2140,-0.6715297472398314,0.9910027656694261
2141,1.8551468610663104,1.296894175822449
2142,0.3669288962380303,1.2582928702890446
2143,0.9102018635400286,1.0164817644552429
2144,-0.5518880673730652,0.678422104836789
2145,1.5830811905056001,0.9064340123042627
2146,0.34118614825021726,1.0165005994246255
2147,1.1044877292335462,2.3169601072637684
2148,-1.1848461364254863,1.4936711918204801
2149,-2.1173762795345636,2.1767184620238615
2150,1.5368828524204072,0.5663396623201923
2151,-0.3281454617189132,0.21645218067376773
2152,-0.48093844620261744,-0.1193933144512488
2153,0.1796055152775184,-0.3981383424503882
2154,-0.4647222336148569,-0.18868183451330017
2155,0.2706855456541853,0.011467837398845424
2156,0.15450606219270432,-0.02116121397897326
2157,0.6282292153488745,-0.08364392576643571
2158,0.34854155417757005,-0.18496800251930848
2159,-0.4339751485512371,0.1536032058989049
2160,0.06940363713876431,-0.21499758512796666
2161,0.5914119809747219,-0.3200827807292366
2162,0.09893545551414992,-0.4300050845984162
2163,-0.0754767225682535,-0.34278193624984477
2164,0.08271264084422504,-0.37721106368706575
2165,-1.3221018297156806,-0.01609342499624264
2166,0.8355630865086919,-0.27231295313765075
2167,-0.35237964024232954,-0.3702276922368107
2168,0.08082981771016744,-0.4606209931082482
2169,0.06266881081314798,-0.5163672387327475
2170,-0.11665342462758047,-0.5372541751294455
2171,-0.07735898464167361,-0.47599810764688416
2172,0.9718782576469183,0.12526681239814275
2173,1.2403544055398137,0.15095399920223818
2174,3.186056987869368,2.506406148335605
2175,-0.36311963544727577,1.0844734418029331
2176,0.05197067813216948,0.08335198527731073
2177,-0.17700943631350635,0.26359630391721267
2178,0.16950858207128724,-0.2312276180879634
2179,1.1601480624340115,-0.11761231044258813
2180,0.4956017920968587,0.43156102062612905
2181,-0.07690310626360208,0.4400170103696436
2182,-0.056654147924177424,0.058643814849599164
2183,0.30755920820828037,0.14600451143947932
2184,0.39226998463471763,0.49637943641203225
2185,-1.214911249423195,0.20314921531160465
2186,-0.7565557410476881,0.2602723493834131
2187,1.0424574545035479,0.2728079369468801
2188,0.5477908599619554,-0.13582248520869405
2189,-1.0578728766766976,-0.0684729031940461
2190,-1.5194922346703879,0.19867995311714703
2191,0.859664274595155,-0.14800213389692685
2192,0.6279463250411254,-0.1479841675425439
2193,0.060946080225630306,-0.026790960222498137
2194,-0.019253902664311703,-0.10619098108045413
2195,-0.683277068364853,-0.27533531851768966
2196,0.6977087300952568,-0.261642525014299
2197,0.6560630452790982,-0.24736871131252888
2198,0.5666007510740432,-0.2394816443769688
2199,-0.15876014774357203,-0.11791860467541022
2200,-0.537041105490934,-0.2360872979809438
2201,0.5502183019962174,-0.26215738254409804
2202,2.3290724617797935,0.7897401274658651
2203,-1.0803474592734867,0.3495815077332765
2204,-0.48694812264244064,-0.1357996968088855
2205,0.1568832424328945,-0.2933037181037815
2206,-0.49401395391972835,-0.1858547653326902
2207,0.9361244792130436,-0.21681604783444067
2208,0.0568181922910236,-0.37098916646426
2209,-0.19001455790353275,-0.35003308775527503
2210,-0.21706126938591006,-0.3572508655398254
2211,-0.47647568865494794,-0.09358255137571037
2212,0.3642059839597445,-0.3065135923488058
2213,0.03924058349321861,-0.20269664003597698
2214,1.4203055719326712,0.10859023971771677
2215,0.9020811866291178,0.3090248412947375
2216,-0.38510684338987394,0.3752311159368874
2217,0.5660183952289085,0.0022744976221930166
2218,0.16051365628117176,-0.141810258973418
2219,0.35051606038297806,-0.1554484314841207
2220,-0.7852325353187787,-0.17141722230057002
2221,-0.39410498721767034,-0.19495971792007127
2222,-0.6986194021413018,-0.23675359895656864
2223,-1.590935027076667,1.1237922654689214
2224,1.039723590692422,0.03295158263089583
2225,-0.12045608678355715,-0.26601011355863047
2226,0.9445439167806372,-0.26544136524317963
2227,-0.05127523552976235,-0.2978666780268745
2228,0.2061945320694971,-0.1791919652106836
2229,-0.7655720626093941,-0.19901185968656912
2230,-0.24295998801885746,-0.32893783234449864
2231,1.261950639672722,0.17727048595541117
2232,-0.3083260426446232,-0.32373861816764915
2233,-0.21347285844761138,-0.200629455032826
2234,0.5373527470101194,-0.35243936551014354
2235,0.7591712860801149,-0.09797237642727649
2236,0.05875626281667744,-0.14904034981687742
2237,-2.563074170837684,3.824141239816447
2238,-1.861694396618905,1.5803178776145768
2239,1.1200457975800426,0.7210720841702938
2240,-0.5489554752448527,0.8993673722618879
2241,0.44149579517634,0.12670382747831688
2242,-1.3097970638193503,0.12839101600346295
2243,-1.2329537216280788,0.899297956489
2244,-2.3627779759407908,2.5006572362746176
2245,1.444286951349037,0.41107756367570436
2246,1.9475415539749967,0.361756066125781
2247,-0.43314243157922894,-0.0071545593092362655
2248,0.3610599864272275,0.04863640101818212
2249,0.885990891620536,0.25298776334363765
2250,0.09876100796538248,-0.07867509866406693
2251,1.2279969506324309,0.4403165191929522
2252,-0.6127214744211464,-0.20999148629629594
2253,-0.0967606155790865,-0.34071782103691667
2254,0.7295300254924594,-0.27375522596394297
2255,0.7525931068142255,-0.07741141411783822
2256,-0.3142049365509666,-0.27647403985926333
2257,-0.8001233380235048,-0.33797413556093253
2258,-0.22778564819963948,-0.47112714194197475
2259,-1.457096322096161,-0.17423956397537513
2260,-0.9488384688069332,-0.06018455190314717
2261,1.3545400001086012,-0.2419618529416242
2262,-0.2661258224753362,-0.2360883288362223
2263,0.22204805615454642,-0.40717757011055117
2264,0.7360319814340788,-0.34563400092796537
2265,-0.019254391376340548,-0.5428035820384445
2266,-0.014998202923594703,-0.45029905348971
2267,0.2034436185230622,-0.44548777127792555
2268,-0.26051767161987244,-0.49533553596397517
2269,-0.8135483165400665,-0.3067698697523166
2270,0.1716785797671871,-0.45642737481689183
2271,-0.636118204887689,-0.3733191622773182
2272,0.4643653355754596,-0.45759558149836443
2273,0.9187345231931433,-0.45569805660932644
2274,0.34574315180598286,-0.47859526018935966
2275,-0.04785594355318911,-0.5068754293708855
2276,-0.3259300779039106,-0.5010608448725496
2277,-0.47792896575427796,-0.50289206229897
2278,0.18189038244761768,-0.5105569968420269
2279,-0.5489303771381413,-0.32822189875287744
2280,-0.9507956250064676,-0.2940349122974773
2281,0.9888518140693568,-0.2839257716424413
2282,-0.9746669083810375,-0.4207296722492727
2283,-0.6043459571521711,-0.35536512495782574
2284,-0.09769051992314613,-0.18329922264606482
2285,0.7436449271642952,-0.438784301142928
2286,0.3192418761820669,-0.45578320234132985
2287,0.561513156804508,-0.3716882394707859
2288,0.05543835648021241,-0.5408989631738725
2289,-1.2954237853657926,-0.3223302515330907
2290,-1.0296309448119931,-0.07852168793937443
2291,0.288345864309747,-0.28994900182767547
2292,1.1702109462026655,-0.2558126838182303
2293,-2.0326654394666464,0.34088268366075314
2294,-1.0136603249899867,0.06903897915134978
2295,0.32224590251538837,0.0926283336451347
2296,0.1951824030923219,-0.045540830549573724
2297,-0.28304626571392194,-0.3259296410196979
2298,0.568784075893238,-0.3679749255800926
2299,0.8297542326817953,-0.3530894478284649
2300,-1.0863981668697584,-0.2222789909619683
2301,0.19485895414338383,-0.45478544696297035
2302,-0.19681959965530244,-0.49170521561173686
2303,0.10006362031208701,-0.3814035822123119
2304,0.739541974182615,-0.27404104254682954
2305,-0.8230045988034983,-0.3389836103104546
2306,-0.40087320579617125,-0.4668514162723813
2307,1.2334768935346936,-0.09634657623053354
2308,-1.2202710151908538,-0.23292284559444662
2309,-0.7444303271821704,-0.10599473476181709
2310,-0.24243490750151928,-0.2967504695850265
2311,-0.35540910028364364,-0.16178823711983115
2312,-0.819430860052434,0.1856125916897523
2313,-0.7078882306700757,0.8049453159839016
2314,0.46132955599273934,0.16693192421547384
2315,1.2750892890127066,0.16535856059161136
2316,0.064367148417176,-0.22704354607194288
2317,0.21614155815152591,-0.30359700585329563
2318,0.33804233629817304,-0.3285768130709553
2319,-0.01609830956996291,-0.44486276319343937
2320,0.6532982167998256,-0.21832824724661237
2321,0.25834428227629613,-0.39152348220153416
2322,-0.03794625306928581,-0.32781732047373346
2323,-0.9158829948933739,-0.17079631244338744
2324,0.20268396584373852,-0.4885492129481828
2325,-0.2443495779498882,-0.2429191632284697
2326,0.7470219218634222,-0.41885938694701635
2327,-0.16069231546054244,-0.4223604352101693
2328,0.1571411527207966,-0.3426928745837002
2329,0.20263931248029307,-0.3155103416436362
2330,0.5940666471942935,-0.3640020714274837
2331,-0.17575674368196853,-0.29208741355271894
2332,0.32486277816083664,-0.42073576499245036
2333,-0.0725125408450371,0.4174144491817029
2334,-0.194285810423249,-0.06790715389317405
2335,0.5203855912880623,0.678766455688748
2336,-0.043558504002022574,0.22469523941122477
2337,1.177818365121384,0.09176994043546864
2338,0.12463038908474522,0.2760995239176337
2339,1.396883285043178,0.03517444146484376
2340,-0.7590016285318174,0.43441062775642153
2341,0.20961570951136937,-0.06433896746348283
2342,-0.5339902517987662,0.06756562265219973
2343,0.9808340366967145,-0.1988931682452304
2344,0.6318351674126819,0.08522691944595454
2345,-0.06722224205323621,-0.041326194656777934
2346,-0.20317177395320557,0.11615693419871113
2347,-1.8604789459301998,0.2743801328090069
2348,0.2374499507603929,0.26045497620881847
2349,-1.087994794063373,-0.0853489310026674
2350,1.0807805490569533,-0.06865123346867015
2351,1.1642173108895748,-0.19471967192501258
2352,-0.5824216578141427,-0.1698164197650415
2353,0.39001588593695374,-0.3497978406905818
2354,0.2729607180196183,-0.34244298603336654
2355,-0.6737558110607771,-0.3013851974656956
2356,0.8791334288655257,-0.3352044884875978
2357,0.09848377403260473,-0.5653030040895035
2358,0.024341695141286108,-0.38570003664513874
2359,-0.19691733666968603,-0.09946990963286809
2360,0.11625958305968985,-0.45166513541741693
2361,-0.048262194965000116,-0.4124168252662089
2362,-0.06609284448445928,-0.4862536464679053
2363,0.3018260723007116,-0.32121176329409756
2364,-1.5075344404435695,-0.1238379114801155
2365,0.22819382488090573,-0.41959478137716105
2366,0.6153297526166809,-0.4929380365027238
2367,0.4386624202877014,-0.48076543084390017
2368,0.0817725114690502,-0.5008286975923221
2369,-0.23035253898019087,-0.5168547017231446
2370,-0.3522600865510682,-0.4156774694628043
2371,0.24117507594352844,-0.5174422079472555
2372,1.0107165272834808,-0.23402962599462906
2373,0.5391785341390696,-0.08690542998507253
2374,0.10328825886232379,-0.27917031782709645
2375,-0.7415494878983189,0.11039442734355548
2376,0.16935702490974683,-0.3564820630491273
2377,0.6847637340263668,-0.36994831619056173
2378,-0.1972795960941324,-0.40714983557815565
2379,1.2392314912989364,0.22443251139364453
2380,-1.7783776286976913,0.048457633336732066
2381,0.5919942696192466,-0.40229473554846557
2382,-0.648266322083292,-0.3251018803418563
2383,-0.5332557053846947,-0.20589222510651983
2384,-1.083061737557614,-0.11470388116908098
2385,-0.5818666402802556,-0.17528561905836376
2386,-0.7136368946808002,0.09490230062445715
2387,0.46680108442846413,-0.3558142276239719
2388,0.10186744403669527,-0.31389364509692846
2389,0.8581266451054939,-0.35143329030267384
2390,0.08545371002569296,-0.4415667924847311
2391,0.7702138984750428,-0.3327408810649103
2392,-0.9831698882396768,-0.29552649954309285
2393,0.2522146200342991,-0.26648103130781925
2394,-0.5978908781781638,-0.4019981292649872
2395,1.0132629724943023,-0.3468581736702318
2396,0.38952837402105434,-0.4193476073688284
2397,-0.5634786062984205,-0.3188854063666961
2398,-0.03198700885119391,-0.4313219029032139
2399,0.7410155042653634,-0.22698348519720338
2400,0.44286173204706775,-0.2784484856253812
2401,0.38987512432985555,-0.26472927912393385
2402,0.04504891330559067,-0.2849656003324881
2403,-0.010889201555109808,-0.14147902953873404
2404,-0.42275991233856813,-0.3408069690745762
2405,0.5125486434561873,0.005867792375697229
2406,0.2416210207358627,0.3194970968265918
2407,-0.5876655345248444,-0.19873304440111494
2408,0.602692575591361,-0.2755881011895956
2409,-0.16164771883845622,-0.3589224618861465
2410,0.2888458534597353,-0.2902944819536517
2411,-0.3765652751034849,-0.182498064191666
2412,-0.12602756591051228,-0.42572488348410276
2413,-0.07867560907312059,-0.33376036948467547
2414,0.7785978300156291,-0.1831085151713082
2415,-0.5981604757970169,-0.09595923204712548
2416,-0.4107901668881622,-0.1703582274004255
2417,-0.5623035520492373,-0.27994453844773876
2418,-0.17432477786253117,-0.33585954586516914
2419,1.433106777505219,-0.03852559300043588
2420,0.04838801774087548,-0.08550651981606947
2421,-0.1237886136916108,-0.09447297640368447
2422,1.204328710699515,0.18131076261238835
2423,1.0348724489551453,0.7245782476952909
2424,-1.5948238151392635,0.593008457516236
2425,0.8118704341229789,-0.1375746376041607
2426,-1.693284846805346,0.6274074217732044
2427,-0.18523880407054524,-0.06799711717567039
2428,-0.7702494871263601,-0.02644666793760493
2429,0.7449565533948477,0.1627078401915788
2430,-0.2952830625575711,0.056941196219601066
2431,2.9585331080349015,0.7294033566448967
2432,-1.9537240906290048,0.8457204940052089
2433,2.0088102474868115,0.4282327081974266
2434,0.5092264533520835,1.1344381997993818
2435,-0.02406277198085409,0.2029267490434132
2436,-0.6052250372027335,0.2669649036976058
2437,-1.4651509794531095,0.43237917717618274
2438,0.2681288458021652,-0.17698985632655606
2439,-1.1108443599667386,0.10396194418776215
2440,0.6813112881846299,-0.15383969721594198
2441,1.0802320562439722,-0.049965784792031245
2442,-0.2602557515526133,-0.2342673519805319
2443,0.6580370752270648,-0.194135391152036
2444,-0.1931084256780875,-0.4198040346316994
2445,-2.091808465841103,0.24279183548342836
2446,-0.8032317777847605,0.1823961469209144
2447,0.43538939287143297,-0.32444071034274863
2448,0.7117638779159736,-0.49382963507973515
2449,0.6914930861743217,-0.21115438544128626
2450,-0.9306634388229313,-0.3805756796313146
2451,-0.18987456252747154,-0.3358489785765472
2452,0.25807864746404435,-0.40707327087981804
2453,0.15312309720543693,-0.4320716406032361
2454,0.4959286106845269,-0.3194336987074231
2455,-0.5975269505072605,-0.47307699375605555
2456,-0.1428454164921851,-0.4916111384594191
2457,-0.299010213747125,-0.29778332503740873
2458,0.19562671312251653,-0.49391919212742147
2459,0.4817487327235965,-0.4904757080092935
2460,-1.1805132891307286,-0.3537469420445505
2461,0.05740716230139117,-0.4701317558219656
2462,-0.698399835200526,-0.16754033843107224
2463,0.7251280535257856,-0.45773036387337823
2464,0.23221070044828207,-0.43217888771305685
2465,0.623900878598734,-0.4983024148995995
2466,-0.1752823147576657,-0.4139855448547188
2467,-0.23123162110032935,-0.4193291893477383
2468,-0.302064016302611,-0.5219316788327962
2469,0.07748490916353525,-0.6013792465415612
2470,-0.37508878247792043,-0.42733927925691734
2471,0.7965446963018823,-0.304622515876532
2472,0.1231997022793245,-0.27147195820199777
2473,-0.37421421001318445,-0.3816056487785194
2474,1.0523924371718238,-0.023120083429387962
2475,-0.40973076489944044,-0.2757544144672637
2476,0.7157546901850588,-0.21388890488325452
2477,1.0622765162575933,0.11636798906120978
2478,0.319016985921048,-0.12955700380628538
2479,-0.9309521044087942,-0.17081463096294586
2480,0.25182739174925745,-0.3972712948571533
2481,0.6913248988851246,-0.38473378791529717
2482,-0.36570093492104216,-0.4258226958793964
2483,0.011564525195206683,-0.3367004505568282
2484,-0.947456754978547,-0.34328309586599387
2485,0.0055047075831136565,-0.548467787606633
2486,-0.009181676448446445,-0.42801407168600497
2487,0.1935723499032269,-0.3972553461060072
2488,-0.6032592537097562,-0.5108368747676898
2489,-0.0684080917200006,-0.49383895090223207
2490,-0.5844835645811945,-0.3632032698442387
2491,-0.05238568325086785,-0.3421946823997607
2492,0.47834653065840516,-0.4025631730567932
2493,0.24481382155386586,-0.5387557507873347
2494,0.0605230736020809,-0.5721763885579929
2495,0.3886346512083571,-0.5990165699774618
2496,-0.12388278355042004,-0.5999191958571509
2497,0.43632813259688896,-0.3781621639309897
2498,0.1388529919721246,-0.3750450936110937
2499,0.7386283306107805,-0.30337383149066605
2500,-0.10250773747829292,-0.4282923891705744
2501,-0.030675655274363292,-0.4511297232322365
2502,-0.7640760456858191,-0.26877427424360534
2503,0.10083950282443319,-0.30689896828144697
2504,0.7656011309663433,-0.27551804744787395
2505,-1.5934726521754639,0.0323217932548756
2506,-0.48363058553018917,-0.17928541386129448
2507,0.09706622344960572,-0.2521567646390053
2508,-0.6095188802776205,-0.38562534066780707
2509,-0.6107037453278562,-0.10642761816699599
2510,0.5542337440071389,-0.3754305244128231
2511,-0.1467330675618198,-0.4182967214748463
2512,0.31953476548295695,-0.44750005347527827
2513,0.5155271703851719,-0.4488953836243334
2514,-0.7726899558545104,-0.37669435845493254
2515,-0.4815802812141399,-0.24791911705707162
2516,-0.2676671579577533,-0.437759652597846
2517,-0.5064522552992057,-0.15472013431047163
2518,0.13280723112199747,-0.141632357046585
2519,0.6283856327288214,-0.14113474657710767
2520,0.14234809237699375,-0.2349224152044196
2521,-0.3350709793712569,-0.4211558161736294
2522,-0.1375358093831418,-0.4461601968032202
2523,0.17245675520129128,-0.4693907609958195
2524,-0.8758904159409574,-0.2634427557101796
2525,-0.3052217716140622,-0.15222487925256664
2526,0.7939640790552991,-0.09603613178318678
2527,-0.2358727125852553,-0.2594037847928103
2528,0.23126452112679943,-0.33437839586950574
2529,0.46158368934960564,-0.44797089536012147
2530,-0.11562141376488555,-0.30325698675487106
2531,0.5947228019810102,-0.2948902088406816
2532,0.47778773253719686,-0.3380046456057003
2533,-0.3419155182718098,-0.4132849901507008
2534,0.22996688592393227,-0.4480362702536171
2535,-0.4528885201206032,-0.4399360546969667
2536,0.4068605985743468,-0.47437234803305245
2537,-0.991472951466148,-0.2655077382913518
2538,0.5014271246475587,-0.513943139227336
2539,-0.28466914618012257,-0.5120722916369682
2540,0.4471314656435075,-0.5558959990383683
2541,-0.008339141954695437,-0.5310174044409107
2542,-0.1547708290379082,-0.5516366612671975
2543,-0.3156357550792094,-0.5379325928601312
2544,0.35423030543691203,-0.5806539783984042
2545,-0.25512226189218695,-0.613081818321731
2546,-0.34449867115692995,-0.5319555558823373
2547,-0.021051432034450306,-0.5824807632131566
2548,0.362990975226464,-0.5736398410992366
2549,0.08223729644565603,-0.6374079489308472
2550,0.22909269332709323,-0.6016208498690008
2551,-0.22279963467612326,-0.6206208772928893
2552,-0.1580896201753272,-0.6372156252087684
2553,-0.150323998997422,-0.5527100488931048
2554,-0.5317683344251262,-0.5631206609859633
2555,0.8759831392771943,-0.38519871895650554
2556,-0.1424970286194768,-0.5933809497095759
2557,0.03654632594118952,-0.5512701145051487
2558,-0.09642702453754935,-0.5638126749857465
2559,0.8128913830879168,-0.37261495719500626
2560,-0.0038481563182236594,-0.5247538135872983
2561,0.3589319708287775,-0.5951642159328557
2562,-0.2330792677713814,-0.5241533111502984
2563,-0.43905594094584083,-0.4832250012598383
2564,0.2570590046349292,-0.5641016778620184
2565,-0.23088645561350474,-0.5660154246963564
2566,0.000684059982394974,-0.5459607679378484
2567,0.4634220279799501,-0.4375435864356936
2568,0.7064231496287366,-0.06547345636540228
2569,-0.06840968782756547,-0.49157142504077367
2570,-0.37179056023384577,-0.5951135690779205
2571,0.3013820997859846,-0.012742312523213098
2572,-2.0736229234378203,0.6789649933051771
2573,-0.7205269365102833,0.23666677916180678
2574,-1.7879909141200196,0.21012586063845093
2575,1.2466970672150501,-0.16881172314100434
2576,-0.16631987563978298,-0.4893487768135601
2577,-0.39032721305068574,-0.5043190776231398
2578,0.17550299403303676,-0.42818409029429144
2579,0.0814497859580395,-0.4757537057878619
2580,-0.3472311578504848,-0.5248949480711687
2581,0.3915704229891093,-0.56449252276355
2582,-0.07889186628214463,-0.5114924079142126
2583,0.32569268435958204,-0.563076521866289
2584,-0.36413445860993543,-0.625173587558306
2585,-0.8611807747362697,-0.374630357199523
2586,-0.3918624934093013,-0.3884462654742877
2587,0.22104806379853997,-0.37847730352353615
2588,-1.4328962894121586,0.28412929837185097
2589,0.6527711524926295,-0.3644435311963151
2590,0.12923253509681593,-0.5418685889383366
2591,0.5045040874820385,-0.5387262835036659
2592,0.14133389522548523,-0.503994309633532
2593,-0.2710947216794334,-0.5474922162438565
2594,0.2117563523573934,-0.4917836941385856
2595,-0.1148382819097901,-0.4668094956970142
2596,0.41389585011132574,-0.56516752430545
2597,0.04353519965022083,-0.5099772930777103
2598,-0.017963091483245864,-0.45675071737788253
2599,0.11201257240132811,-0.4836455371406687
2600,0.27401534488231666,-0.43603773140286417
2601,0.3534805966541212,-0.44074905637390305
2602,-0.10684285983107286,-0.4891033285218719
2603,-0.5245377224292769,-0.5345151314797
2604,0.12820161793613435,-0.5700489327244986
2605,0.45505784092490464,-0.5367473626262338
2606,-0.25326873926282734,-0.5088380631105929
2607,-0.24415881475894338,-0.48972842912789577
2608,-0.2767912543936455,-0.5527433093749033
2609,0.12687075825967734,-0.45422331016176276
2610,0.1001173537571754,-0.5480482190161854
2611,-0.32175608628499147,-0.5422944544260102
2612,-0.019651618349665587,-0.5948942526288539
2613,-0.16738726912013252,-0.5629234386345117
2614,-0.15108896435687294,-0.5710206445483447
2615,-0.5337337699254922,-0.32480180871902453
2616,-0.17235050241648767,-0.4802482854681504
2617,0.43612681323540603,-0.15963180266073024
2618,-0.30794557445237974,-0.20579008252100814
2619,0.3251597524083661,-0.2739543987696871
2620,-0.3307119663659927,-0.40791023439640506
2621,0.9742802768708718,-0.29271142159875563
2622,0.2679516532241318,-0.3370693251132643
2623,-0.4949525313353815,-0.34190266198867963
2624,0.616421214156687,-0.27415124147318215
2625,0.11516872705373646,-0.5023611345631385
2626,-0.2170760588071158,-0.4933884058154484
2627,-0.5762077020938396,-0.3390025748431724
2628,-0.601699866531458,-0.34792564758107536
2629,0.23110584200110856,-0.4798336518572207
2630,0.16526794152884455,-0.5407749670640845
2631,0.09920364798596126,-0.4561634469684383
2632,-0.6040538849124445,-0.3154919664746614
2633,0.38208312732559935,-0.3536974822029556
2634,-0.10365423607417104,-0.42123067697133737
2635,0.8602668779289341,-0.2725205360618002
2636,-0.2207972309607739,-0.44809718807690446
2637,0.10720628162736086,-0.5729014730679987
2638,0.13358219304677238,-0.546743887588819
2639,0.6014097049826701,-0.3806605201190054
2640,0.23459561144116636,-0.4389065758850722
2641,0.591896515211954,-0.35708678162485835
2642,-0.3761926486879193,-0.38885943013824514
2643,0.18646406245981353,-0.46704003819954754
2644,0.39300213943845297,-0.37107238847977836
2645,-0.1139549476495203,-0.4256306907542309
2646,0.40962293856472465,-0.3676346579391316
2647,-0.3984694398676603,-0.4390002218299556
2648,-0.5169545064495519,-0.39299537824255076
2649,0.07627089971713874,-0.4420390056866841
2650,-0.2843522490807129,-0.4477509815924937
2651,-0.2939254862520615,-0.4711633259949391
2652,0.7259686211319163,-0.5160655381850782
2653,0.2932426034319782,-0.4190861683777095
2654,-0.29378827735804175,-0.4542708982961773
2655,-1.3308065581568649,-0.09380205036801785
2656,-0.31899941377599617,-0.3434522810449275
2657,0.668468757258934,-0.3400822214869545
2658,-0.23996014661142198,-0.526122217053572
2659,-0.7551971619529999,-0.29206345185322957
2660,0.2027699720344843,-0.48271769517160085
2661,-0.2663204398929332,-0.5491094119135813
2662,-0.05410157852356732,-0.5292031554106651
2663,-1.3618073175933443,0.30961619581943883
2664,0.7262014374454269,-0.2221933562551576
2665,0.14731636741056367,-0.28969566810337927
2666,-0.676928707811961,-0.47921896665184993
2667,-0.2709152756133781,-0.20595968396938935
2668,-1.3134426575844889,0.14609309053655517
2669,-1.1858972528251015,0.6090971191907428
2670,0.2704145321036484,-0.12151883882251921
2671,0.5298627994184048,-0.09858814484588137
2672,0.9015018647450983,-0.017636900621296314
2673,0.37824767401395865,-0.4182183571864447
2674,0.5763803074021607,-0.43360835396173203
2675,-0.257087097848826,-0.49957057647167985
2676,1.0272338079220051,-0.18300028114806896
2677,0.9034034297453496,-0.18633885791989394
2678,-0.13019327860115862,-0.5597959429005994
2679,0.6280918173034002,-0.2340331697809693
2680,0.9044084939673636,-0.15435045454193028
2681,-0.634430253065759,-0.37326819574111314
2682,-0.09387896269611071,-0.48456530296885186
2683,0.2772038859104786,-0.4131557130581751
2684,-0.060081061974155726,-0.3802224822418454
2685,-0.02554299543589075,-0.3882015795635951
2686,0.30838080595663353,-0.3394405817803282
2687,0.6202064356786656,-0.43801658296501755
2688,0.03891971408552251,-0.44635667185307
2689,1.2028660939100628,-0.07758861987046757
2690,-0.11512994895870989,-0.2801382863909546
2691,-0.3771270603333022,-0.33110858517266634
2692,0.8592230668525466,-0.1099621623136061
2693,0.02069575992584617,-0.2282258705099668
2694,-0.10267888062265813,-0.38253038330884304
2695,0.46249478265991034,-0.25686618523935006
2696,-0.0032502590440031042,-0.323033941561479
2697,-0.3480821825570704,-0.20592276191146966
2698,-0.10114242940924602,-0.40460815906690434
2699,-0.043770413218788,-0.45682121302058293
2700,0.2719112604398574,-0.30935961581656735
2701,0.24171062839019908,-0.38157000165229044
2702,-0.5203666958083005,-0.20496913896441965
2703,-0.32119627176330107,-0.18022925239040788
2704,-0.5287241331560693,-0.03254804004719285
2705,2.477234495488864,0.7688963303484725
2706,-0.6910060650371802,-0.2763788050584129
2707,0.13595861976081816,0.06634746421774286
2708,1.023522249731986,-0.20457188961347408
2709,-0.23536766139707402,-0.01677932863187155
2710,-0.4598299863247527,-0.29919173420841644
2711,-0.9933922617040315,-0.052370680886389326
2712,0.5074664095434379,-0.34327124466047704
2713,0.5120147746077476,-0.1786875514329681
2714,-0.7819356842031998,-0.007343370632541199
2715,-0.1987098185646679,-0.21167656090005146
2716,-0.9202752558726099,-0.2982460561520353
2717,-0.6386964263506832,0.3806300778644649
2718,-2.343876882622681,0.5154935470705393
2719,1.5434521756133361,0.15422826308254423
2720,0.21858449303129107,-0.1121685109927865
2721,-0.2649515964927447,-0.3117241521199633
2722,-0.9131497062701053,0.03534997475737099
2723,-1.2114113023276931,-0.04807846758580793
2724,-1.744651198952857,0.7284228173968047
2725,0.00437027381292886,-0.11966181001307029
2726,0.6327391536622399,-0.09705633711700716
2727,-0.9177749409004143,0.0035069635225615996
2728,0.7168620256823887,0.10145093704370547
2729,1.3588782079977306,0.050003583934339804
2730,-0.9660704113651517,-0.051057318412108366
2731,-0.3153456669360216,-0.1736581720284621
2732,-0.13077580552901225,-0.38658782241144685
2733,1.098385763262595,-0.21574901628558973
2734,0.8336303054768188,-0.27975058831877503
2735,-1.2187575208477233,-0.1482831194133782
2736,0.32188717264106625,-0.5108114798264038
2737,0.4171096756861108,-0.4718161890459012
2738,0.45000091007277787,-0.3274374586114798
2739,0.9895272307214221,-0.12548890405401303
2740,1.0622256516323547,-0.09588239192660516
2741,0.8093256518932157,-0.38405680585915897
2742,-0.4270263182635596,-0.3482578356038289
2743,-0.7960729867919379,-0.3163235228557111
2744,0.48998742335240275,-0.40301314041392583
2745,-0.8281613797946707,-0.4190178376521602
2746,0.09932227078340249,-0.4675468967608546
2747,-0.3194368820703711,-0.465708120062189
2748,0.1751888628472398,-0.5271647615767635
2749,0.020990008792370868,-0.5639293402119202
2750,0.5793623392131092,-0.4600011959092953
2751,0.21913320303841038,-0.4044366699740531
2752,-0.5002010106739658,-0.5094062253226194
2753,0.4879240731314152,-0.5793354285979598
2754,0.3908575312941482,-0.4817006477741686
2755,0.09770236067350332,-0.4126335659530547
2756,0.0010872907507606389,-0.36095884666711864
2757,0.4141947261682228,-0.49093376665753924
2758,-0.24343807216583915,-0.5324305711518784
2759,-0.41854186057450027,-0.5309701994050369
2760,0.3772278614515773,-0.4992969478371289
2761,0.706100523050683,-0.3985867809954893
2762,-0.13629569962048524,-0.4197815783721732
2763,-0.3335043626963369,-0.17999229904313874
2764,-0.049320498122947434,-0.21993465419730002
2765,0.6137445167427523,-0.33905941774527654
2766,-0.9793901851990343,-0.19283850340644165
2767,-0.40810269651957165,-0.24699174726681497
2768,-0.1977064717029929,-0.43773334279883175
2769,-0.24900751507166213,-0.477749763589864
2770,-0.3904949126508722,-0.3109567607574872
2771,0.10891917932976057,-0.4388181067001425
2772,0.5729618918177835,-0.5714267820589123
2773,0.050758285581452116,-0.5523998325093433
2774,-0.09943030454450486,-0.5642611081416262
2775,0.32965809614437414,-0.476929763725829
2776,0.18968502795693343,-0.5138396582895455
2777,-1.3601851165543164,-0.2689518446685133
2778,-0.6386675533432549,0.03430979003578252
2779,-0.20372582657187832,-0.31936547753684663
2780,0.5310671889945928,-0.4063575188447337
2781,-0.17952953977574093,-0.35041003764788514
2782,-0.03326021186768922,-0.32627942349590844
2783,0.9608533443076066,-0.31118074886824565
2784,0.9055236549800646,-0.2763635389539423
2785,-0.23926515241497506,-0.24154638648585036
2786,0.49777481295392695,-0.26480629030252945
2787,-0.05777360227998813,-0.32627994827448126
2788,0.4967698699875722,-0.41023373217097625
2789,-0.39275785272332353,-0.45785122998219596
2790,0.3692684761611658,-0.3881259947040797
2791,0.23935768903062304,-0.34795976724756167
2792,-0.31037468695889026,-0.2697455249040491
2793,-0.3470577258381541,-0.27309035609638094
2794,0.675244952074971,-0.25802292466788984
2795,-0.5827160038943998,-0.4272015540811438
2796,0.17451029837697393,-0.45307393682601516
2797,-0.1916381476314691,-0.319613349057546
2798,0.35125532963550593,-0.3903372468190711
2799,0.0007227537981951447,-0.30261850699627213
2800,-0.4039186308189902,-0.41962849843199906
2801,-0.6348727688505325,-0.43423598107419165
2802,-0.26873826850515786,-0.27386462844182574
2803,1.2849397814611772,-0.26943148226408437
2804,-0.11478948059709963,-0.1885957855148155
2805,-0.47650061039663055,-0.36038496746157106
2806,0.32057942812833085,-0.5069247604634691
2807,-0.1846568878935023,-0.4357069984958952
2808,-0.7397958693265458,-0.2707209237572693
2809,0.3561764957048331,-0.24491627573465002
2810,-0.9742346491005638,-0.30477180067070603
2811,0.09639437317276613,-0.307665911961857
2812,0.047403849443849205,-0.07412649371716654
2813,0.12292928407581338,-0.19445327060635365
2814,0.06891813893276491,-0.2149498101085211
2815,0.14235766486133197,0.26865427466573033
2816,-0.38360310344644144,-0.15025031774123132
2817,1.2113769725740355,-0.17992787037670688
2818,-0.31244424526237,-0.4868536768077016
2819,-0.37845009477007463,-0.42849919472760556
2820,-0.370370430381789,-0.42180923460080044
2821,0.45935992459988517,-0.30040065373830394
2822,-0.38915584850665713,-0.31822237895180516
2823,0.29919503859557917,-0.32459228031746584
2824,0.6791331264918286,-0.278612807477062
2825,1.1683277414431439,0.16352946093764653
2826,-1.7587665872367366,-0.11183763112285579
2827,0.007454234897588257,-0.12075345465292352
2828,0.35975611704546756,-0.49475656932237644
2829,0.01920739014572354,-0.3877472518063814
2830,0.15784772685411025,-0.3288330680382206
2831,-0.26945530880954716,-0.3354116437535573
2832,0.822645231463837,-0.3095465262266274
2833,0.030280101749493794,-0.5010508403538053
2834,-0.034747391951562116,-0.3622499147546659
2835,-0.21253196033880328,-0.32961095178890276
2836,-0.16296142623896875,-0.4367711040344592
2837,-0.32448181199136056,-0.5608480788273067
2838,0.069651924217991,-0.46320476523037585
2839,-0.6427992701061408,-0.4883074953908847
2840,-0.6667955354880737,-0.315237699463512
2841,-0.057149813099438194,-0.3000153001789841
2842,-0.20789791121520287,-0.48534977786164846
2843,-1.0004907471684679,-0.08686117797482655
2844,-0.3750154517160144,0.21405768650895424
2845,0.3502239483079662,-0.03014405510694482
2846,0.26473812104204003,-0.3426811704444818
2847,-1.2848387288743714,-0.02580523406652813
2848,-0.42790137087333846,-0.13010760980764663
2849,-0.4871811297517071,-0.17520904182244523
2850,0.3196539510929243,-0.493337544982763
2851,-1.4516065991809606,0.27208405057063156
2852,0.36019932160843926,-0.2913443095686219
2853,1.0113880558540447,-0.17654502618173748
2854,0.625733324276002,-0.18316343906124474
2855,0.5612462072813629,-0.2684353699299978
2856,-0.12031821733294863,-0.2559594343524904
2857,0.440748463899167,-0.2637071022596594
2858,-0.0430497444671314,-0.532945991354723
2859,-0.9159779071858518,-0.30409192123108
2860,0.5685941429149093,-0.38109696154253736
2861,-0.9297223924809797,-0.39956540570413795
2862,0.7662718975543162,-0.3187100086478908
2863,0.2594911132154692,-0.37650449442361944
2864,0.0773167200972249,-0.3803493443262118
2865,0.8089327418322346,-0.4189113734289703
2866,-0.24666745066749482,-0.45501480364977037
2867,-0.17210321141386145,-0.5233575996702193
2868,0.22836625188756485,-0.4891105119055063
2869,0.09857453980997952,-0.5008886652277326
2870,0.9722339621482107,-0.23541669617162933
2871,-0.305820601904653,-0.394664556361355
2872,-0.23504853031044204,-0.5430808069447891
2873,0.042001543280362034,-0.5708171818369211
2874,0.4053850583644736,-0.4577553563018254
2875,-0.4721715074600945,-0.5281008193434134
2876,-0.08752576854589363,-0.5552266576710698
2877,0.03851969207491109,-0.5895944696259638
2878,-0.31729174965970036,-0.45437103557104463
2879,0.1419575702667971,-0.5068233631119261
2880,0.2670797459878016,-0.5459407882410802
2881,-0.5717593125377538,-0.4561762729661857
2882,-0.22761850513040446,-0.5080765205393267
2883,0.1324725378870369,-0.4910356630546004
2884,-0.336350011453968,-0.4626663962419968
2885,-0.7229534618006973,-0.15265263386031233
2886,0.19105646116474237,-0.26286750187690433
2887,0.39703427481392706,-0.4343810271254879
2888,-0.570955097392204,-0.40936933577812
2889,0.2787564970981532,-0.5054224906961209
2890,0.1598925316608609,-0.5103048839706662
2891,0.16797145691978396,-0.5154704829468031
2892,0.5252461132645393,-0.5285864535212159
2893,0.579192062639805,-0.3765672903373956
2894,-0.20557622001789025,-0.5293301201059706
2895,0.010838792219243994,-0.47202403920410174
2896,-0.10490350610066455,-0.5824258616750088
2897,0.2651302108324665,-0.5535037947677636
2898,0.11744323160838462,-0.48568674901155806
2899,0.14395031117158796,-0.4752749178032172
2900,0.31039750916437914,-0.5220988026929597
2901,-0.005874259467167061,-0.44117642466927304
2902,0.1483999562556848,-0.4792487612867544
2903,-0.3141130473588038,-0.45479046134933426
2904,-1.154497214649008,-0.26181529775141743
2905,-1.8824986521658085,1.8268034877704147
2906,0.11942175452128394,0.3781031296258165
2907,-1.5655976151665554,0.19841809561484364
2908,0.991219121200177,0.3068570596366656
2909,-1.8618859798904162,1.592295838898461
2910,-2.8134651159367006,1.4233887988449823
2911,2.0682595255133913,1.8232959058414753
2912,2.0720603449754944,0.7396119882960441
2913,-0.24825587194289223,0.11919270526209294
2914,-0.8988746985663874,0.07485573703344875
2915,0.6419695928084337,-0.2708040495439514
2916,-0.13492663965320678,-0.2961508772099628
2917,0.7822955734957707,-0.2462261074478176
2918,-0.7830578220315462,-0.3731852946055198
2919,-0.8993367397450268,-0.12308411769100376
2920,0.1687383477469447,-0.2552224592021212
2921,1.0868837888258354,-0.29496313452381295
2922,-0.18471662483611115,-0.4533972938545777
2923,-0.6226648691199496,-0.2687679217862016
2924,0.7369469231309177,-0.42695784543295184
2925,1.0035784315560925,-0.15687116348541824
2926,-0.18423371360816676,-0.25194293826529174
2927,0.9712995443175007,-0.07602338856620545
2928,-0.5549857251062216,-0.2863195768771555
2929,-0.1920878065180361,-0.48272143064449197
2930,-0.0014176876636639076,-0.4864101732230479
2931,-0.008588158817982028,-0.49637234364584637
2932,-1.117692751505759,-0.4165932429493124
2933,0.8498275984459129,-0.44147076171472166
2934,0.7457350180662686,-0.48241604360240353
2935,1.7103329880136147,0.08096056686234727
2936,0.20095491708955107,-0.33638513318879093
2937,-0.3710474419692132,-0.4308433166109124
2938,-0.29415203454187955,-0.4903704375173191
2939,-0.1193682161294817,-0.42597501878278865
2940,0.25912244850025495,-0.5859483436113301
2941,-0.44065724093954467,-0.4870843676784478
2942,-0.3597008103648301,-0.5473284747301085
2943,0.5942155155496306,-0.5478706004559176
2944,-0.5539469754048858,-0.5164534366777525
2945,-0.28013985990061585,-0.43096124604175945
2946,-0.32524182134470014,-0.48027728352051413
2947,0.5036811013902823,-0.3450571589175639
2948,-0.09716489525194949,-0.578995604908586
2949,-0.27450330137377577,-0.5689061609911861
2950,-0.15142461865094517,-0.5731621531548307
2951,0.5606859738735387,-0.4519544362328633
2952,0.06346323096926706,-0.5646612684471103
2953,-0.03831629357399016,-0.5108918785378849
2954,0.3347725761666955,-0.4437443511910657
2955,0.5765808727927877,-0.3879700329166266
2956,0.14133606983426605,-0.45902152672146807
2957,0.24066567202784284,-0.44453141383781053
2958,0.05468795939606405,-0.5338251828899633
2959,0.16790546997423123,-0.30940917055017314
2960,0.7638052900419312,-0.2762236543090693
2961,-0.2147945532359611,-0.42430858922786885
2962,-0.5452052479993688,-0.25213155905803775
2963,0.04139967657556218,-0.3128868901544431
2964,0.13955411310839375,-0.5123353688148368
2965,0.10174642562991276,-0.337843477971842
2966,-0.416417191636696,-0.5527144459910656
2967,0.1155950358662108,-0.507276225534096
2968,-0.5429348759570051,-0.517786638902105
2969,0.35076672409065723,-0.5137188598770749
2970,0.283342628654312,-0.5522887258725472
2971,0.39378640438732354,-0.5529347010430029
2972,-0.07904764083026966,-0.5853413550606796
2973,0.6228335270266202,-0.2574567573448258
2974,0.005814818368693165,-0.503903107601662
2975,-0.3308932771573767,-0.5716023616856725
2976,-0.008034121839017383,-0.5891015469021545
2977,-0.5084076821074205,-0.5452374975370732
2978,0.17903267662070643,-0.4974266144916135
2979,0.2798118754389979,-0.5908697197668475
2980,0.08483603483111876,-0.5762648629475627
2981,0.2699085327120739,-0.49491955781340025
2982,-0.10518462116019789,-0.3731180628172349
2983,0.14118330383826244,-0.5195829142078597
2984,0.7532498164083976,-0.31910454727593546
2985,-0.1784317528733161,-0.393331760125491
2986,0.4287743725364434,-0.49418675445713217
2987,-0.14793174872560677,-0.4596378296288883
2988,0.2859663089347607,-0.3577017108848927
2989,0.530798698861671,-0.07466866646351687
2990,0.20037162575107478,-0.024061695461678214
2991,0.46426252427661646,-0.2965464784279289
2992,1.6887534741569818,0.5021416591777393
2993,-0.6746319208486906,-0.035060461011085585
2994,0.21246454291644437,-0.2745709443133789
2995,0.09495346770570369,-0.2603793722255889
2996,-0.828267034859753,-0.2674240453438589
2997,0.5030647533576408,-0.3249821581544943
2998,0.27088537809084473,-0.3982745277095866
2999,0.2356795644158824,-0.36965497440444167
3000,-0.4224866233851629,-0.3108003419110088
3001,0.7843450644219437,-0.2558012960911481
3002,-0.23405411966036813,-0.5242572426728785
3003,0.4277708374679166,-0.34074923680501745
3004,0.22955679892962072,-0.11398814314692304
3005,-1.7365224822370786,0.6490485715622228
3006,-1.4574438782910104,0.4380972990946149
3007,1.5785415260319877,0.7186084720710737
3008,0.6458976608353986,0.10449650191751499
3009,-0.16397827182900312,0.13198992351254432
3010,1.4584726194340827,0.0884317895241002
3011,1.2464737697755173,0.38286337699891
3012,-0.9053943937118301,0.605427769914095
3013,-0.743925681312593,-0.139317043321641
3014,-0.6948223484270618,-0.10792186980889841
3015,0.8860099010878199,-0.07157411617152283
3016,0.1636882934718459,-0.40822909880664504
3017,0.7750419382007663,-0.26176504618088015
3018,-1.3382626974005158,-0.13251543023645582
3019,0.3769364469359041,-0.4003175725729371
3020,-0.5656114314468429,-0.28866265721865886
3021,-1.0899383546306816,-0.2160518805441881
3022,0.6264437299594185,-0.35573239797574446
3023,-0.954824379338878,-0.3699775636255594
3024,-0.12404660272406401,-0.38899439712781
3025,1.0181414784782776,-0.30523714730522494
3026,0.33560933817161576,-0.3213025475633653
3027,-0.940659460153338,-0.32232408251918426
3028,0.40918969502295094,-0.3936107897286955
3029,-0.30388989448492104,-0.5217672868899758
3030,-0.11426090685851334,-0.40647569138410933
3031,0.4323571125561793,-0.2703511028125325
3032,-0.1024377924421827,-0.4799087719844275
3033,-0.3766191438867773,-0.42932527523675684
3034,-0.1200289833779076,-0.4866778008581083
3035,0.943704502105844,-0.30616327338124677
3036,-0.3464825195767374,-0.5329173557611474
3037,0.41021678449043975,-0.4733885697052561
3038,-0.7836919217845902,-0.3453542429479354
3039,0.47085469278652936,-0.4600010451436693
3040,-0.24608509768312525,-0.5710466875396495
3041,-0.511571316516075,-0.4770152446324494
3042,-0.08889484023764943,-0.5080676391286983
3043,-0.3210822787175375,-0.4748855568124249
3044,0.33071759354365254,-0.5024195112999632
3045,-0.5238688542662784,-0.4757990962258079
3046,0.49986349075003267,-0.5211720615796505
3047,-0.019949261056516066,-0.2980849676370217
3048,1.090200011356804,-0.1756442689993415
3049,-0.17180997489492877,-0.3786245013381287
3050,0.6858368563698316,-0.4275003010269429
3051,-0.07192617934523758,-0.32985313506596325
3052,-0.16680655052002133,-0.45629415820514374
3053,-0.6342429145800599,-0.36009061317467084
3054,0.34101028971637637,-0.5516412088036777
3055,-0.01824667405478975,-0.2728868379846191
3056,0.8680208704395395,-0.4197902712085732
3057,-0.05620974053038946,-0.39347293520880694
3058,0.4002571013286914,-0.3574848237295739
3059,0.5716514334599855,-0.19309843546866004
3060,-0.8707387674663618,-0.29999454041282037
3061,0.2907693281174165,-0.41308835652627396
3062,-0.37969779204423826,-0.49441687904841136
3063,-0.0375015324633113,-0.2787122993322246
3064,-0.23248348265965957,-0.3766284214537576
3065,-0.7239803449084327,-0.3478152867234884
3066,0.13798788611930973,-0.49785789213873555
3067,0.051811220453245786,-0.5257004614289846
3068,-0.4700370869998906,-0.378631818110417
3069,-0.11106957540337285,-0.4888750396262885
3070,-0.3636616890654855,-0.2681353502721181
3071,0.08328213698674367,-0.4359506129005299
3072,0.3363357626042778,-0.3819675245822907
3073,-0.7492876037381009,-0.33220444464056653
3074,0.3787043947840313,-0.48167133431374637
3075,-0.6121036158068054,-0.17429212992679746
3076,0.20530157791911494,-0.39547916141444023
3077,-0.5912634085509231,-0.17940486490252927
3078,-0.3504663685240146,-0.3398227114547919
3079,1.0332758336868633,-0.3225344924222446
3080,0.2613711698933949,-0.43730561239851384
3081,0.1766713923693109,-0.5135947750810591
3082,-0.1332355448613311,-0.550927260822085
3083,0.4523099697433032,-0.48612483748059004
3084,-0.25131047918486354,-0.5487330980818207
3085,-0.5286006405542619,-0.5576649570188004
3086,0.058487791374369553,-0.6097080785466952
3087,0.47961628889640295,-0.44342219738459054
3088,-0.024586602521500155,-0.4159712345686705
3089,0.04477068017443941,-0.47729849214555264
3090,-0.12427202182046818,-0.5385476594956594
3091,0.5995096038220568,-0.32856197933016457
3092,-0.08936819021418131,-0.3950637662102384
3093,-0.059734018950091367,-0.48704544925472854
3094,-0.2682379052260481,-0.4953233797879124
3095,-0.282632940893329,-0.47460531749929674
3096,-0.10509909155076029,-0.40840407000315565
3097,0.6096982625752598,0.554998607853792
3098,0.8564814341435847,-0.32689315277559355
3099,-1.0584076712879127,-0.13026930827753144
3100,0.39087798710482446,-0.39627588143906617
3101,-0.11517872077780499,-0.34117760704883043
3102,-0.3397562695062153,-0.27639367343729576
3103,0.3930784259344528,-0.08440038989731757
3104,0.9619661513722554,-0.08725397801820273
3105,0.24504133328141958,0.10554458598459597
3106,0.8785134320528828,-0.0913679551485872
3107,-0.8178155724974924,-0.1719590502846709
3108,-1.3193424809174767,-0.030077632749075718
3109,0.9469964559407252,-0.30085108718131
3110,-0.35520565041319846,-0.42840605943907384
3111,1.097630905470063,-0.10458146096696257
3112,-0.1771647604585343,-0.3200778566610269
3113,0.19738254598746988,-0.4329022308511094
3114,-1.0393277136659127,-0.4101448339140359
3115,-0.5764971130593337,-0.24920575796461644
3116,0.29996273378704563,-0.3253737564594197
3117,-0.3883779566125131,-0.5259204967414862
3118,0.24722427601652783,-0.3787817510722796
3119,0.3232027921890909,-0.5299951077968044
3120,-0.3707219646821507,-0.5211083143705455
3121,0.3142738372627192,-0.4910412586868442
3122,-0.9874840249157225,-0.3203969849319402
3123,-0.6574454263173249,-0.1070811133197199
3124,0.17915985492412737,-0.38467542261705745
3125,-0.5742513071535623,-0.4867472532375785
3126,9.232154718521732e-05,-0.3956002844558764
3127,0.38042555830351027,-0.46264067357763733
3128,-0.009976820241172005,-0.4699406009733461
3129,0.2044139788142522,-0.575543191409041
3130,0.04863811333489771,-0.5071319543541127
3131,0.2997146944571066,-0.5600390623730781
3132,-0.2716281791322926,-0.6039492062016858
3133,-0.3922737913530193,-0.5058943602224495
3134,-0.4870139078876494,-0.45020645239164053
3135,-0.06537748133526085,-0.43012056966090795
3136,0.1797418058323762,-0.5784890339242855
3137,-0.20704702557081112,-0.5721341885340389
3138,0.10053406255991942,-0.6086242619530485
3139,0.25218229572309137,-0.5478633091654067
3140,-0.13900235341360218,-0.5802827311731381
3141,0.3238096452602625,-0.6429918384890241
3142,0.2500436509894643,-0.4886401081029331
3143,-0.14026793717968,-0.34972884683140043
3144,-0.2736039516840913,-0.5458339731960493
3145,-0.33250421445404243,-0.5528096795775452
3146,0.042023045348184344,-0.4070741342798793
3147,-0.605540723873497,-0.46548284301440596
3148,-0.022311352518201925,-0.4112622851102203
3149,-0.29544043242432233,-0.4966876148470033
3150,0.07465379324432063,-0.588752781669272
3151,0.585153398310373,-0.5342972875777114
3152,0.2899923326421021,-0.5647237229164921
3153,-0.27831335460064077,-0.5827186357317143
3154,0.13053844670742987,-0.6062484205025392
3155,0.017105143430123173,-0.5318768797489338
3156,-0.40821378655318424,-0.3812378016794772
3157,0.1313727321754482,-0.5210410301600819
3158,-0.13092286057141422,-0.6078516038819461
3159,0.365882359470371,-0.5925878962043328
3160,0.037509072281856744,-0.6012377295114927
3161,0.3757196247276908,-0.5806262177418284
3162,-0.07843076631261678,-0.5951098406769766
3163,-0.40951338982016705,-0.5668772279248913
3164,0.26854650250999573,-0.49481400342197013
3165,0.32646746451313774,-0.5255639658050414
3166,-0.47962388183097854,-0.5149030947571505
3167,-0.3935008913166269,-0.467925497966872
3168,-0.5156987301839074,-0.48350854817225714
3169,0.44926102202061186,-0.5312212578264729
3170,-0.29527060467459826,-0.5133511774619869
3171,0.06733295617263467,-0.5690493236314706
3172,-0.29205799548595224,-0.5026690761857844
3173,0.47803339318947147,-0.571016875362164
3174,-0.03653172754550573,-0.569490510108559
3175,-0.5637655347858344,-0.3586129690889896
3176,0.5719797811255055,-0.3880605280963468
3177,0.24659994956068754,-0.3941335820082384
3178,-0.2980438297452452,-0.5918427463972336
3179,-0.2591762474660045,-0.457320157044066
3180,0.22559264617639999,-0.5766234718842183
3181,-0.2270474487594165,-0.5517646915573994
3182,0.0001677978402790754,-0.5358648380904536
3183,-0.41795141029561106,-0.48499505700065987
3184,0.00773179750954542,-0.5363938142817556
3185,-0.5893478485831702,-0.25169966702954116
3186,-0.27229058115834553,-0.09148058357956974
3187,0.361400233279943,-0.4305306045081826
3188,0.3387838637661977,-0.4543774342222247
3189,-0.14317438763741125,-0.541600607564421
3190,-0.04183317757942826,-0.5164561323601591
3191,0.14659365328661378,-0.4459648162343701
3192,0.5528519712464366,-0.415417892034015
3193,0.28060993561824266,-0.4692211914103527
3194,-0.2064624480808872,-0.5723075863460888
3195,0.3867489275689332,-0.4770780337603682
3196,0.2699439707268806,-0.42085471046363476
3197,-0.10311696136678086,-0.42746613573885756
3198,0.24992156742463817,-0.5597894823832636
3199,-0.10343552600455098,-0.5109491582407704
3200,0.02774261975707443,-0.46941275652165887
3201,0.04958676673986339,-0.6328686711880839
3202,0.06425447959112868,-0.5077128010073115
3203,0.31604344239791626,-0.5357703314421671
3204,-0.2426387849956646,-0.5453657892587892
3205,0.03186353275782058,-0.581284277998127
3206,-0.08688316228068795,-0.4881984979002804
3207,-0.4971347274986781,-0.38794790672148616
3208,-0.10432548569557087,-0.4018161988207737
3209,-0.6553499013883355,-0.1991530434659059
3210,0.3085595645989899,-0.3890373959422629
3211,-0.8092997820658058,0.10232134257849541
3212,0.27272706638247146,-0.28908919149406936
3213,-0.34932131697142355,-0.47308263360960334
3214,0.7012220114631232,-0.5478580927873042
3215,0.18173876395511793,-0.5236021859013205
3216,-0.09754369158766495,-0.5139388245538468
3217,-0.5884549540317862,-0.5028942392317305
3218,0.10694907086053218,-0.5026415553194037
3219,0.3025731751633886,-0.5264281804386232
3220,0.4247520825912901,-0.5496048770680118
3221,0.002093698163557139,-0.5891469435845084
3222,0.28520997364757955,-0.5670540925643115
3223,-0.2431950219097208,-0.539345008625873
3224,0.13170205751412725,-0.5389427869096838
3225,-0.30632555708845116,-0.5612354129160846
3226,0.028545307915409348,-0.5758389724164392
3227,-0.3978425555452407,-0.4256663600202744
3228,0.9394329518569287,-0.3987148532450325
3229,-0.5106417092258122,-0.5073222282028145
3230,-0.1695784798081694,-0.5338618374738668
3231,-0.23639661623709263,-0.47052545062476087
3232,0.10184241963983101,-0.6139243930604081
3233,0.46001161956637066,-0.5068363590716851
3234,-0.3125594217197574,-0.6083666380077534
3235,-0.232950474845614,-0.4889716034859954
3236,-0.585443526972816,-0.4412913397622541
3237,0.19115382901498099,-0.4041267966042622
3238,-0.3235469615489389,-0.5445125912895902
3239,0.3767021141744718,-0.36299581955855176
3240,-0.4441087345636345,-0.5041253815193947
3241,-0.42578328270393107,-0.3672143472005033
3242,0.24120601145016674,-0.4405238453777209
3243,0.5181132046283281,-0.4701236966062654
3244,0.18076152798429393,-0.5193767030527445
3245,-0.8790116531513743,-0.3795112491747713
3246,1.211645152559859,-0.23081388041149445
3247,0.8676256952348528,-0.2734845209381606
3248,-0.25818869106831227,-0.5832987186053129
3249,-1.3029804034061703,-0.33785973736291
3250,-0.0481893533364661,-0.6147499032756829
3251,-0.6511130560242057,-0.4059188215112997
3252,0.3432913720063468,-0.49000131582847123
3253,0.09681390677461908,-0.5072551347005839
3254,-0.4431328224496767,-0.5206891478841842
3255,0.2840443759674402,-0.4421460018367529
3256,0.0865381005535682,-0.5779878310729819
3257,-0.6578235994051885,-0.30251875351377283
3258,0.021578770739593273,-0.38018354415007405
3259,0.5433163972280327,-0.3957798304673922
3260,0.3517858240010012,-0.433548924426772
3261,0.11686383061139333,-0.5389261113398909
3262,0.10441779460084402,-0.42752691893982087
3263,-0.27404918714306337,-0.4408227274963741
3264,-0.4559893975227534,-0.47636721652400266
3265,0.2473114001575885,-0.41432601256045026
3266,-0.009085032897509566,-0.5258903766814705
3267,0.21006442089639427,-0.494732056527034
3268,-0.5048585710259748,-0.43238077013399034
3269,-0.42953022630462956,-0.43977161939493614
3270,0.5460107255445296,-0.42449673120576226
3271,-0.08756839914654244,-0.5388669656082805
3272,-0.47154967011292453,-0.3900484314020687
3273,-0.6304648919620555,-0.15809479078553493
3274,0.03153427257712224,-0.46165460193661945
3275,-0.30381783674925084,-0.2696525466364393
3276,-0.48370322188462256,-0.3611808495181712
3277,0.03756086744258382,-0.5175431477603402
3278,-0.0834092213229468,-0.5553426536244536
3279,-0.058323886380222914,-0.46887636428890045
3280,0.29677109774001653,-0.27271427201626924
3281,0.2106958724718363,-0.4551221172690339
3282,-0.20984284032383604,-0.5045515628591474
3283,0.22718102240400506,-0.41389643184724617
3284,0.19746613077739067,-0.4873693310657973
3285,-0.19446307458087728,-0.4518069343800864
3286,-0.22553795324046244,-0.5389943889631271
3287,0.3412743886974272,-0.48624800967830245
3288,-0.22998972599298526,-0.5520538875132481
3289,0.21481555443366415,-0.59289173742364
3290,-0.33505142445740727,-0.5430667271099264
3291,-0.0715390651227929,-0.6011108111990637
3292,-0.37185784562059765,-0.20461758493517496
3293,-0.6476706561843737,-0.4157373679526704
3294,0.6047452590137768,-0.36257328333857625
3295,0.45393139094334173,-0.33773856772355243
3296,0.5324539582365162,-0.41444642090498546
3297,-0.05806380002113438,-0.4231019636483974
3298,0.19575082893526474,-0.40831476146616486
3299,0.2038723718128055,-0.26596899211485486
3300,-0.3289083665229514,-0.3199252048107236
3301,-0.614604572397832,-0.3452076528602421
3302,0.2568094250422064,-0.4450551845563523
3303,-0.300004589257415,-0.456046731975418
3304,0.11325375368996855,-0.4707654116641067
3305,-0.8261236836434623,-0.2496323617382609
3306,0.0674058998080267,-0.41597980545400204
3307,0.42550037282651865,-0.46894569289157856
3308,-0.7590706630943194,-0.45413800461453874
3309,0.16144031844812246,-0.2090341869297313
3310,0.21687836469065835,-0.32461224733985194
3311,-0.23990754543255732,-0.41761187117902193
3312,0.4630943096828909,-0.5048744666957649
3313,-0.0888280156331022,-0.5869468155134488
3314,-0.3931215892601044,-0.5233033430988699
3315,-0.08315180396020197,-0.5550339693209174
3316,0.3341264128062437,-0.5035715425889554
3317,0.6157760447658404,-0.4412986543312962
3318,-0.34637755843764806,-0.6190348921587052
3319,0.22861404873793595,-0.546206981757729
3320,0.6596833075801575,-0.5052479059400934
3321,-0.12123875429237299,-0.5697043155789416
3322,0.12460798962034998,-0.6257724832137067
3323,-0.5976494869547779,-0.4557216612931516
3324,0.3864062359810748,-0.5853819656729166
3325,0.3433509598399988,-0.5542810585402997
3326,-0.12621393478664314,-0.6377986529250551
3327,-1.6454447563492267,0.13696868865722575
3328,-0.1635905636965739,-0.4032211076444112
3329,-0.8974305797454868,-0.001592904472474272
3330,0.38115591037113355,-0.46282300308255364
3331,-0.4674608103142737,-0.19476100837374274
3332,-1.0296124130479105,-0.1842539259940985
3333,-0.348395972716629,0.05470606801345442
3334,0.4987245324638167,-0.3970811202359752
3335,0.535102387341082,-0.06395206584807382
3336,1.0973849429781404,-0.3543714586049785
3337,-0.28074106987088143,-0.39582635419431955
3338,0.3168992950236448,-0.48588583657964507
3339,-0.672322420239626,-0.388665750053879
3340,-1.070516781503904,-0.15280178165786643
3341,-1.002190673112478,0.49667977690424925
3342,0.02580906640468464,-0.39736846792432345
3343,0.5756743866663324,0.08493393625419494
3344,1.2130198457299353,-0.029281902121458505
3345,0.11343725751219523,-0.22756390281670835
3346,-0.04823302012406048,-0.5107742254846321
3347,-0.4245348681234762,-0.4549275941237252
3348,-0.24868191088405756,-0.4778865192423347
3349,0.578167235705005,-0.5161983229352586
3350,-0.5310108801819255,-0.5439867833807961
3351,0.4198205829918266,-0.3654772612389493
3352,0.7272048920686369,-0.40537345673867775
3353,0.5161989615158364,-0.3983810662851326
3354,0.029426832823658967,-0.5563292467131513
3355,-0.22032656414101437,-0.38088886486157025
3356,0.41533673285192335,-0.5316872430611711
3357,0.043672872049359726,-0.4603620965964667
3358,0.9988755358102809,-0.2591267606891746
3359,-0.5208772030895127,-0.35187650540857907
3360,-0.04000815869578098,-0.49241535350832405
3361,0.16739767325181978,-0.4867528157742888
3362,0.1454853939034846,-0.552335983468334
3363,-0.346148057322462,-0.3294067480337144
3364,0.07220771407430174,-0.5406978066325107
3365,0.4270220409299911,-0.45742010719774356
3366,0.09845963671102985,-0.49293339379044016
3367,-0.20114446115601706,-0.4218604841287046
3368,-0.21699523636843318,-0.4674980264590334
3369,0.027758787145014886,-0.516604591739708
3370,-0.09676251699433361,-0.5098435960072863
3371,-0.12233294450944933,-0.47752088393969505
3372,0.5339259508565626,-0.5177614370305031
3373,-0.24902230266896785,-0.5207733117743216
3374,-0.299865828415674,-0.5066193896632549
3375,-0.6574454975120402,-0.3205517684087575
3376,-0.6325735374265448,-0.1813098682361908
3377,-0.7116846361722687,-0.15024745837221665
3378,-0.1931045869862001,-0.2050826121368403
3379,0.39721985582435854,-0.2539255691167221
3380,-0.9044687217065717,-0.18285283221173515
3381,-0.35715034434627846,-0.14604242241977153
3382,0.3783649369919024,-0.3791521050863792
3383,0.6698508157027957,-0.22904247156667848
3384,0.1650478161601314,-0.3063826244971129
3385,-0.026676319236717906,-0.4678858056967097
3386,-0.017950590515984303,-0.4814081511147114
3387,-0.5360960551539814,-0.132352353664993
3388,-0.1095993755253554,-0.3992013988350658
3389,-1.0554776729038509,0.25464262583199593
3390,1.1742269673893204,-0.011215737317264541
3391,-0.5109375841393294,0.1321218516617256
3392,-0.02897036458671663,-0.16313232345294149
3393,0.28105772650344235,-0.357912719205088
3394,-0.36779458200306614,-0.23579552996094874
3395,-0.28482141044747455,-0.30402984011109996
3396,0.04169774734222451,-0.44570589485266965
3397,-0.7094870808895306,-0.2777023104484206
3398,0.1287251480283784,-0.2957979602767672
3399,0.5400871091533336,-0.45756375816750244
3400,0.9947567513875409,-0.23496563809463272
3401,0.19812340865155537,-0.3185681473439864
3402,-0.24714677989085646,-0.4718641660857096
3403,-0.42939018524297434,-0.31592994014609577
3404,0.9805562695424969,-0.3446592411491094
3405,0.47857488811759863,-0.26546454258727953
3406,0.19834697902989268,-0.5698877985787056
3407,0.48605757671437166,-0.4131252881228177
3408,-0.20059510381015458,-0.5070056218823972
3409,0.870008848301851,-0.3089773995781421
3410,-0.23877687932560268,-0.4786099695980656
3411,0.19920468501571978,-0.5046660109388458
3412,-0.45706934669480126,-0.4602190942325335
3413,-0.5292154331385573,-0.4431126576841683
3414,-0.4525992912585952,-0.4465392444093784
3415,-0.5537642531206769,-0.3496931914282277
3416,-0.14293653599351858,-0.5219911936683634
3417,-0.9163050821508274,-0.14517824465109133
3418,0.7760456238656761,-0.46911046670421586
3419,0.9610709209536719,-0.3413573448929359
3420,0.1750311749309345,-0.6062259318826907
3421,-0.4381568101817791,-0.48385625170433194
3422,0.5812059419835511,-0.5621345549221768
3423,0.46564435985935393,-0.518056089824094
3424,0.19194314065827764,-0.4996237211028239
3425,0.9299660081203971,-0.3006693696286636
3426,-0.4219242677735394,-0.5259513746624263
3427,-0.2517144501705383,-0.5158972154739793
3428,-0.41157001107982466,-0.5212529721609869
3429,-0.27827355246654273,-0.5757229532887103
3430,-0.3713145890185615,-0.4333911140395256
3431,-0.11622277460235504,-0.38690202708233773
3432,0.3739926813640187,-0.49308505240912714
3433,-1.0882781146213882,-0.3135974717125112
3434,0.30905605315451534,-0.5414461481763592
3435,0.3906246620994054,-0.44405855545837886
3436,0.2417903021526085,-0.5115519401826084
3437,-1.533255569547189,-0.26769811100391067
3438,-0.35795648173271033,-0.48226787637045
3439,-0.3508854558415942,-0.2927886589799835
3440,-0.8186877680943034,-0.1448526669590774
3441,0.45915875874915185,-0.38982524064440016
3442,0.8579825527540252,-0.26508722559701203
3443,-0.45638499514996955,-0.4257629037281134
3444,0.6857974962268073,-0.48565550506211846
3445,0.42051887187294984,-0.3883415331727343
3446,-0.10192088555919768,-0.48273444611942856
3447,-0.24308488414991775,-0.6124606762766156
3448,0.7356914981206742,-0.4764890377294693
3449,-0.22054248938235774,-0.5420248965622757
3450,0.2279416122558647,-0.5613570580036267
3451,-0.21158717387397427,-0.558799842675176
3452,-0.5562849091957237,-0.4598755143801106
3453,-0.1255569707280124,-0.5874786280510257
3454,-0.20641003880144201,-0.3935430478125473
3455,0.5879962489871364,-0.5035649428500855
3456,-0.1735705137797345,-0.578244720755893
3457,0.24985249155220743,-0.5517659314604195
3458,0.1924182281891741,-0.521470727152625
3459,0.1471346803383831,-0.30568818244331775
3460,-0.5409663536800746,-0.44541845031039284
3461,-0.08888355586234999,-0.3825147547947948
3462,0.024167631208863047,-0.46634579353059497
3463,-0.8306260377393928,-0.3700022600678041
3464,-0.7843937055614333,0.028312821778980424
3465,0.9297100479557884,-0.3600522300097345
3466,0.38748538085996626,-0.5126385511793317
3467,-0.522439851537768,-0.4404954269728089
3468,0.08128638927181109,-0.4410584131173663
3469,-0.5274040355198732,-0.35011985986527366
3470,0.5816420909590218,-0.33381382151708205
3471,-0.4559989037213659,-0.3979666926092293
3472,0.013591820807767134,-0.31954431506936887
3473,-0.6157383329015979,-0.2706733819187316
3474,-0.4865320857525843,0.12808997802955044
3475,0.4328243965709624,-0.32121303496833725
3476,-0.4452664627729314,-0.4385840819258322
3477,-0.17737031003669215,-0.3529430764235248
3478,-0.4341334287345649,-0.08817782436105963
3479,0.4530706648657149,-0.362227178860257
3480,-0.27160875199547346,-0.36715649647229487
3481,0.6082518792798091,-0.2830734306765136
3482,0.1777365739577331,-0.40279981693420736
3483,-0.9631913753186961,-0.21628516108376786
3484,-0.3197427198915114,-0.35701066015511285
3485,1.1069622730511068,-0.07786383779594647
3486,-1.0264069791175177,0.5544453048514826
3487,1.5271421818284683,0.02623748650168013
3488,1.0725636079782441,0.21288255984167878
3489,-0.42886859251585324,-0.37476989763408275
3490,-0.4408940259653199,-0.41521377355939854
3491,0.4537431680645016,-0.40632318289188424
3492,0.7862637600793665,-0.39921454592206124
3493,-0.10275612217579955,-0.33432079010849636
3494,-0.18707867119509733,-0.3857110386522749
3495,0.78503644483813,-0.09470832680748693
3496,-0.7775800287526011,-0.3955263239402956
3497,-0.13905080598176073,-0.4939768062902797
3498,-0.8104346500362425,-0.4152598002443057
3499,1.2335084891283288,-0.22510008461996595
3500,0.8200928317011574,-0.4148856636929216
3501,-0.6609888569973641,-0.43123653738491635
3502,0.014184363337221817,-0.573363002644443
3503,0.3431453187149839,-0.49032160725304846
3504,1.1185831261787835,-0.18176387975854674
3505,-0.44224797480181327,-0.45140590411526926
3506,1.2220827512790573,-0.18858697178040304
3507,-0.2157860808113943,-0.33106077179344173
3508,0.23169985766304996,-0.438274046432018
3509,0.05365185382697586,-0.5770028802123852
3510,-0.5636165242018008,-0.4417042446635491
3511,0.1580582536914668,-0.5404448696424271
3512,-0.7690074038946891,-0.4541983488190067
3513,-0.35733997176097515,-0.5208640212998675
3514,0.0823512746194203,-0.5504984594766645
3515,-0.15564583721067138,-0.45381006475227753
3516,-0.729268365103933,-0.40027003487370644
3517,0.6019648962915467,-0.193961930221005
3518,0.14786717023882215,-0.44423511382755404
3519,2.5746637163982413,0.6131667489598013
3520,1.330640560416249,-0.024628279334204698
3521,0.44512077514722326,-0.09975318588909395
3522,0.5659105920165404,-0.14462179978439701
3523,-0.5860178298455435,-0.22651170778873284
3524,1.0900626215368125,0.025301085798910963
3525,0.8264310209292419,-0.24791650420735176
3526,-0.03047262742865757,-0.22557546922870375
3527,0.5626171164290731,0.03992116834158804
3528,1.232750179977543,0.5829088056219804
3529,-0.1698541940882924,-0.19964596742794471
3530,0.25827664357358926,-0.3340940070460058
3531,0.26810389150024205,-0.12341220489724712
3532,0.3388965530126105,-0.3595011922570618
3533,-0.9071348721356247,-0.3083959151245486
3534,-0.2580328225153334,-0.37897773468011436
3535,-0.7908013408363604,0.21448783236668378
3536,-0.2449704138310623,-0.26913025642056465
3537,-0.6307347956711629,-0.416250328266567
3538,-0.2918008262420341,-0.35622718044228097
3539,-0.6551788401993962,-0.3439746497787926
3540,0.19329871837944085,-0.21868994271371126
3541,0.1885646319913046,-0.4797134359636545
3542,0.09862811669812734,-0.6079164675770258
3543,0.7554465332809611,-0.4248923155630931
3544,-0.3726980700116564,-0.553560423468819
3545,-0.23575817293848356,-0.577322751679078
3546,0.23292299657415386,-0.47386441609912694
3547,-0.2904472084561973,-0.5372760207338543
3548,-0.28664334165907385,-0.6029009485369025
3549,-0.22364777483737225,-0.44300297050012144
3550,-0.0898927290583144,-0.4803975105235807
3551,0.9289654145230016,-0.2947851130418214
3552,-0.47354319481433627,-0.45952505415087325
3553,-0.17919711707776717,-0.5213147378837316
3554,0.4364503141003874,-0.48103447358687695
3555,0.3682523687221656,-0.48678870947813924
3556,0.4660431712066612,-0.3936465618015857
3557,0.361031738662697,-0.46803811945447776
3558,0.32319412790080554,-0.4287270743479361
3559,-0.5896344116851487,-0.41487126896960447
3560,0.2997382251219567,-0.548586058826328
3561,0.5703052775378229,-0.2919628069834541
3562,0.06745111796136873,-0.5023712693479561
3563,0.016786906755864372,-0.4065133357216519
3564,-0.23409380750717929,-0.4616338114739788
3565,0.357516990960973,-0.48934210644029524
3566,-0.10086805571297973,-0.5644209103474618
3567,-0.24696544284307462,-0.47978338816041877
3568,-0.42742031550070714,-0.4885393403013617
3569,0.6550835738594524,-0.5012114574948525
3570,-0.06458010725979464,-0.5723495529059832
3571,-0.06807209301827934,-0.4863002423150606
3572,-0.2276932012921983,-0.4792309780163935
3573,0.3355283388536117,-0.6135211239153042
3574,0.0017537091703258194,-0.471206617737412
3575,-0.32713865883459614,-0.46101175912135717
3576,-0.06992700857733711,-0.5216959299058067
3577,-0.32974095558800376,-0.45383826223331725
3578,0.07068437365825059,-0.428470833879573
3579,-0.7174641075123661,-0.32522780813451
3580,-0.3007127850749835,-0.42061070261710465
3581,1.4617995598479858,-0.0741927307014469
3582,-0.8096543569397112,-0.29328524925683
3583,0.23411241656748574,-0.31084684190400125
3584,0.8084439959462443,-0.3540875532780452
3585,-0.4447931177755402,-0.39182650577892336
3586,-1.283384878781094,-0.178578082892084
3587,-0.44701067883618983,-0.3770828826001958
3588,0.029007744940385057,-0.3065361102489983
3589,0.19898173536683653,-0.4004895125599589
3590,-0.546815601611427,-0.37153540997650203
3591,-0.37081668425487097,-0.2829172004730928
3592,-0.9741410362341489,-0.21437992987318868
3593,0.46890673215490986,-0.23208283819262285
3594,0.8400739635963982,-0.37568361999793676
3595,-0.1736311118680656,-0.44857587641939284
3596,-0.4747428204909875,-0.5007463651144735
3597,-0.042197469759388005,-0.4998663620837959
3598,-0.42675752503766534,-0.1647857498693432
3599,-0.3093198866857764,0.8746517784565924
3600,1.2579545298034387,-0.2801446708364361
3601,-0.393439850658181,-0.11950416389337322
3602,0.6515904801213798,-0.24921930769635672
3603,-0.5501809267719487,-0.3710077124630626
3604,-1.4503942950241842,-0.24865230720374706
3605,1.6771652755186257,0.011060511230612722
3606,-1.1080218933723727,-0.1961626102468162
3607,0.4499328056278401,-0.48738221424735034
3608,-0.4210337528518029,-0.5446773760698295
3609,0.03502838095846684,-0.5596994509861697
3610,1.0169296752487347,-0.3065346500196285
3611,0.36558727195737367,-0.5170196968860699
3612,1.0134301847567027,-0.3008149602929767
3613,-0.010665539512485209,-0.46290334544695894
3614,-0.19172579180771826,-0.4719190948257528
3615,0.5230368355553651,-0.32631434966991074
3616,-0.3288137048813738,-0.5623492093418271
3617,0.5728612622960545,-0.4686878093396804
3618,-0.08007853441671467,-0.5123653520100359
3619,0.7090355239787209,-0.3503569487968385
3620,-0.5777325521684501,-0.49837430871019356
3621,-0.42770750372010263,-0.3814714566132046
3622,-0.030676168623035353,-0.5999089970849266
3623,0.09403982225653235,-0.5130602964006307
3624,0.25746466019596737,-0.5266488061730605
3625,-0.6711159188288389,-0.43226722671815543
3626,2.6499485761167976,0.08754912916114184
3627,0.3276463171657783,0.5806156930589076
3628,0.4713740923202617,-0.06076781023455602
3629,-0.4964537719397947,-0.2987060393312691
3630,-0.379292073843799,-0.23708088718687018
3631,0.8879298402799963,-0.29222693660973975
3632,2.2287983838727947,0.2258352353878932
3633,0.5305294190793085,0.5791129083674103
3634,0.08509711585744571,-0.19330980137770173
3635,0.5750181691474929,0.18588645316362487
3636,0.23211986606432772,-0.202846146617563
3637,1.2150723084106765,0.29252274866774713
3638,0.3963937312527915,0.29163913359022503
3639,0.6842077881159856,0.5542080270347619
3640,0.3570474429198156,0.020215654229280337
3641,-1.1339381289530217,0.22604803876540921
3642,-0.6272751826716765,0.38073761050264554
3643,0.2686869534244839,0.0619038040910064
3644,-0.051273457427000096,0.0765625766968672
3645,-0.055248078596179466,-0.13298782865189332
3646,-0.3432455519989193,-0.35023030693455226
3647,0.9592701302402213,-0.18157282656107554
3648,-0.219663972717578,-0.4395692586523655
3649,0.14381041626156127,-0.2610406217931687
3650,0.21716240008417906,-0.22841546879817265
3651,0.48942694957141714,-0.15522599396852788
3652,0.6711868250315173,-0.13208599631307774
3653,0.19745429840761294,0.19380673210332558
3654,-0.6126696539849854,-0.18652557042400417
3655,1.2807081999360743,0.1799732208639158
3656,0.29509335005986187,-0.04771235019388957
3657,0.43525261917188696,-0.19044370930637483
3658,-0.14738142152643283,-0.19082579794983692
3659,-0.005900696611304471,-0.20760533140060194
3660,0.11563009921784079,-0.4024794875980328
3661,0.034076284962397625,-0.25830318385291523
3662,0.7716199779129308,-0.189856353356463
3663,-0.03378651297209086,0.19272593655761816
3664,0.3153879541983568,-0.2200083847811029
3665,-0.3910324776219657,-0.14879672534490865
3666,0.6057429071164462,-0.09849123937590078
3667,-0.5771849069160516,-0.06299719552869143
3668,-0.5849745279123284,-0.11058124582574155
3669,0.09817433999457294,-0.27165639077521914
3670,-0.08774254791064987,-0.15572020715908425
3671,0.20296350506717387,-0.22947251422265214
3672,0.6013046292995864,-0.18882996732611546
3673,-0.6177824202345047,0.04147922253732423
3674,-0.1278547120459637,-0.35659380813498476
3675,0.27441176270013795,-0.2473349376097239
3676,0.4489195233182171,-0.30638107583069346
3677,-0.30773551522787623,-0.05128806945155645
3678,0.030820557058545264,0.09273437667102757
3679,-0.5840778903620238,-0.16925252467150928
3680,1.101215375529492,-0.05279223774897787
3681,0.4318565819192833,-0.12632726920361376
3682,-0.23539151614990053,0.42212028002105073
3683,1.4136231782867765,-0.03240545059025319
3684,2.1037959158869777,1.9789843745604512
3685,1.6727570480012979,1.7497580625529865
3686,-1.6687455890515468,2.212241319061529
3687,0.8737287274455717,0.56694858084354
3688,-0.41243970538888863,0.1916115628997396
3689,0.9337302948086685,0.14711871527466372
3690,0.17436202304532922,-0.13140610589203516
3691,-0.492057488057029,0.026729905255360755
3692,0.531939237384725,0.192804836588525
3693,-1.6136518193039602,0.3605964155949952
3694,-0.19042391543718137,0.01209461402185679
3695,0.643372997485241,-0.17204525821245586
3696,0.04789477811880919,-0.18279389128940196
3697,0.33829531349333103,-0.22409355150682175
3698,0.051725847537879295,-0.4010276614648708
3699,-0.6494245487771304,-0.2949311013037259
3700,0.5804635550527288,0.016595881718268493
3701,-0.18952049974513113,-0.35163694777032334
3702,1.1647717471137022,0.4772849565710265
3703,-0.19354896465564428,0.17060635134433913
3704,0.7912612085628487,-0.21434443781673035
3705,1.8074208539043102,1.0809540899477605
3706,1.5386982327744156,1.354946022902979
3707,-0.6929375685460415,0.34675559442821957
3708,1.131017925608926,1.4401438686860557
3709,-1.7964627582766015,1.0536250412100663
3710,0.24944150372505644,0.3547541405782116
3711,-0.834920800576338,0.16092751249029075
3712,0.4950244236712246,-0.05269167456590889
3713,1.025579385829998,-0.1586324302076305
3714,-0.4008980051390895,-0.26558192098643335
3715,0.038951967952538455,-0.2813490507407514
3716,0.4443587602726045,0.00904478216391472
3717,1.0455791341900686,-0.06248053545185015
3718,0.9401547434191294,0.055476917334548285
3719,-1.0330626093950528,0.4561557837603562
3720,-0.7459030668049091,-0.016980271095354414
3721,-0.0461495318593517,0.034890438451201995
3722,0.3771090170730495,-0.2717023662701527
3723,0.5353840587474232,-0.07573972762932486
3724,-0.05779152241137028,0.022967563690442002
3725,0.05220088878741546,-0.2283417196533233
3726,0.9145182151549993,-0.04985469009508805
3727,-0.5945634433275603,-0.05044670647632304
3728,-0.6903672085820577,-0.018947155075170016
3729,-0.0917096527833822,-0.17647652463318822
3730,0.15063264772510004,-0.07536891727615401
3731,0.8935769147456638,0.06101068703247594
3732,0.026010063441508906,-0.16981298989210053
3733,-1.5293130584494927,0.09963489630458192
3734,-0.542882652743522,0.06385254672709845
3735,0.9465974294271738,-0.1381455383678849
3736,-0.4112205407396191,-0.20030138538936448
3737,-0.1966825063545298,-0.2994531010931429
3738,0.43894104376593623,-0.351321903872215
3739,0.3014518681363014,-0.24881243134293796
3740,-0.010038356928017984,-0.3686028731252927
3741,0.45531344441325095,-0.3605165333789634
3742,0.21939142926110192,-0.43796707906534493
3743,-0.07153531481893328,-0.34335967081557206
3744,0.9232556757575454,-0.02940058487000712
3745,-0.13257516658925395,-0.13544429030980915
3746,0.6108786544919605,-0.2483722010604955
3747,1.5945214336999243,0.8083858718419576
3748,0.8729121413272948,0.42221905079108096
3749,0.3629150189178108,1.3210219861206236
3750,-0.7017599821428665,1.8369699022591712
3751,0.72594557776157,0.8212525548538536
3752,1.9666135845017312,3.078301536930222
3753,-3.7749857516426597,4.584016389595031
3754,1.5915191039298457,1.8368502041510326
3755,-1.3307000285226553,1.5169759771132936
3756,-0.8226140863773109,0.8147727545073591
3757,1.069219091670032,0.30687883818860057
3758,0.3058470662177631,0.03361391453114208
3759,1.3296986056267157,0.4774241909228609
3760,-0.12158525849320342,0.18800218468294635
3761,1.066126691127957,0.44515268862851365
3762,0.47173864864954285,0.3929684606578229
3763,0.2636388915587818,0.6269238379272069
3764,-1.1237297717999557,2.1967745065267463
3765,0.8591425879158372,0.26050565373677725
3766,-1.0271484978773568,-0.1880881026267346
3767,-0.6469464200808942,0.3283718550176779
3768,1.1274926642857421,0.03641584240348067
3769,-0.3475161271700706,-0.2605005121906734
3770,-0.08726486216146737,-0.26968904761016105
3771,0.714327062493664,0.01804925546947453
3772,-0.5965255905409537,0.22802918636483238
3773,1.2050821792022928,0.39539330285754853
3774,1.0055732726694784,0.5975843843839419
3775,-0.6009504312307995,0.2167125412683382
3776,-3.885136417369538,2.548431829349992
3777,0.5704782460698904,0.744492999308714
3778,0.41876453433860017,0.09657949529420654
3779,0.41584345200670664,-0.08803969835612348
3780,-1.1528269801533901,0.27621537802246227
3781,0.11208873421181702,-0.07992462571994306
3782,0.7030913360997981,0.05426740196822889
3783,-0.38105393516846603,0.17786033402016282
3784,-0.19709826571830338,-0.17214375488730138
3785,0.44891170752990583,-0.23625206079958788
3786,-1.3806030933142455,0.24149676736203804
3787,1.2356444289845543,-0.08949182828117086
3788,1.363715205626087,0.17993441869273774
3789,0.15164518246241546,-0.26067722182312253
3790,0.6051312738342999,-0.24643668514690026
3791,-0.7306304011469907,-0.20039648791978615
3792,0.1254652452081467,-0.35655412607378084
3793,0.04689567411176818,-0.3801277853420076
3794,-0.25622859188790476,-0.3919417541630486
3795,-0.32579567462977954,-0.465039675935502
3796,-0.10066898140024577,-0.26808674056574877
3797,0.13912111411256733,-0.5121572701825243
3798,0.12745266550395115,-0.35696244923162523
3799,0.15898878379918518,-0.40508416281156295
3800,0.3202055120290047,-0.4829050661084418
3801,-0.23226265496365897,-0.390463193073771
3802,0.5648596782313782,-0.4171060540382471
3803,-0.3327803904800954,-0.4078345171301678
3804,-0.6897014955937532,-0.35607712263601604
3805,-0.21872891406820147,-0.4000740501343254
3806,0.5060628591917866,-0.493189705518452
3807,-0.09646038111871348,-0.525559362373104
3808,0.5115910941740458,-0.5614006326106756
3809,-0.09223324547216016,-0.4571162148473521
3810,-0.6279638715148826,-0.33663596192367656
3811,0.30274764467451126,-0.3228356982192959
3812,0.2739792958371353,-0.2801962918383391
3813,-0.49115114742055904,-0.4906484341090431
3814,0.4857824032407163,-0.44108989020755407
3815,1.0864615292841036,-0.08106305524636735
3816,0.11062251573752484,0.06750109926377575
3817,-0.7556653337230397,-0.18263957224205501
3818,-1.0303780637601265,0.1166993377107319
3819,0.5655642026328792,-0.18091454041753308
3820,0.9516724934657415,-0.35066334666366805
3821,-0.13701922809036327,-0.40496581619805133
3822,-0.43864154334389627,-0.4218712827862043
3823,0.5382364128270862,-0.4335847980451316
3824,0.004649633895341914,-0.5162661681709395
3825,0.5930745871012414,-0.22975695334276627
3826,-0.09293875553906701,-0.48313091455372104
3827,-1.0430600129689953,-0.3339816038194469
3828,-0.011240709213322823,-0.4600986288408413
3829,-0.24860924287185454,-0.34752017901495563
3830,0.3840853145990422,-0.32725698667645003
3831,-0.7899058218332177,-0.20040383189459066
3832,0.2765192060694703,-0.3220993081254315
3833,0.1383911077320474,-0.4646799056225204
3834,0.10816044220458369,-0.41618393293535444
3835,-0.3642191027478031,-0.44710895792108474
3836,0.12747756126880055,-0.3726100326711505
3837,0.32665541599150033,-0.36449693860328486
3838,0.8949406995966598,-0.08010122696097453
3839,0.4406823223796356,-0.004061080037077166
3840,0.8063039679027241,-0.10808762734857892
3841,-0.5985815338647249,-0.25151245764890956
3842,1.3413923851541187,-0.07381169029891133
3843,-0.9525383186119027,0.1290927870575849
3844,-0.3675561556897625,-0.21772433931663943
3845,0.04784714836091607,-0.14382131456346942
3846,0.37530902318138687,-0.04267804374673911
3847,0.2609314283715989,0.233524409777979
3848,0.7229801707315151,-0.1777210037309361
3849,-0.5046745169830398,-0.13933845541451204
3850,-0.9177001210102732,0.43683477518825947
3851,-0.7815891814441649,-0.0014135160955733891
3852,0.609295261485489,-0.28635107478446564
3853,0.31467940464249045,-0.07398640585672062
3854,0.5333281637258928,-0.34904472787173896
3855,0.20694121924124362,-0.1532982471424207
3856,-0.6672266549913911,-0.05783659094557475
3857,0.047382244770940524,-0.2565312331083501
3858,-1.1633647395154132,0.07377996265398311
3859,0.9536224135190342,-0.15302112392836498
3860,-1.1715793787038433,0.15449263913702665
3861,-1.1312174188223367,0.2015250762112536
3862,-0.1519211787123035,-0.1612630445566057
3863,1.5082002772166554,0.13242718264194492
3864,0.40489237335277306,-0.1472327931829091
3865,-0.9356096016494424,-0.2610323111926072
3866,0.9302031615581648,-0.2750994329339404
3867,0.26502800487104033,-0.21672676365762072
3868,-0.16140476071051355,-0.2040564505442064
3869,0.2689199238075868,-0.23902899138132755
3870,0.09161546902432342,-0.1710736014073938
3871,-0.5131200894218537,-0.09379652374078983
3872,-0.38436622715963836,-0.19296374985009354
3873,0.37586795567784287,-0.4044326493366982
3874,0.3501975155623003,-0.3735504969265957
3875,-0.4786198185942711,-0.1129844064991498
3876,-0.01145335379785562,-0.22206811629838433
3877,-0.5506511218992275,-0.18255890201659766
3878,-0.3108361932405271,-0.11143309198268182
3879,0.5089001161886929,-0.2784908765649932
3880,0.6526855384064457,0.14253146763529745
3881,0.4548216785491455,-0.13438655784977988
3882,0.37029039548425785,-0.2652270186078019
3883,0.15163467167015615,-0.21775912814573495
3884,0.748768512279822,-0.34586483680003094
3885,0.019538135842626248,0.08433066254361418
3886,-1.4433298344261982,0.5047359601230773
3887,0.5815152577315186,-0.17941331226329427
3888,-0.5799185360380259,-0.2792766445196741
3889,-0.15023454279670176,-0.20610873660607948
3890,0.5199210325619692,-0.12813426908283287
3891,-1.169712606913566,-0.1948751624317293
3892,0.5445989354161856,-0.3616182228084252
3893,0.4134125613621339,-0.36230229722285
3894,-0.27868878572076244,-0.4128226376569148
3895,-0.1953216121629543,-0.29268650799672835
3896,0.25625331144376307,-0.38809000943718014
3897,0.47925512281624194,-0.3898313277077902
3898,0.12188999784569705,-0.30360437527650047
3899,0.2235765663716107,-0.30372382848433266
3900,0.30702705963814503,-0.34427736133882764
3901,0.5441433535930967,-0.3159446261905585
3902,0.7535996948923963,-0.11953783089771133
3903,-0.7779176048373638,-0.21002052662746454
3904,0.4140879458966922,-0.3494338092026037
3905,1.0467031771636335,0.017245712062708075
3906,0.1384853790900986,-0.16363439548024314
3907,1.4811907132363364,0.07652982561856143
3908,1.4078045665771461,2.226656165292746
3909,-0.7284567790532231,0.04640737597541823
3910,1.4241250845336588,0.05317499294116403
3911,0.4708962885186262,0.7460878977598363
3912,-6.202601930211037,3.4710659617815014
3913,2.8087913467223307,0.8284007000356113
3914,0.2187196042399915,-0.0638856873351978
3915,0.22836079573214957,-0.1249754161354849
3916,-0.705840989198786,-0.33938793886445734
3917,-0.26322564720366975,-0.24727128380695454
3918,-1.3441325755815876,0.33638071240997797
3919,0.4085634478328452,0.028064629061179368
3920,0.45258206134913664,-0.2186049264342556
3921,-0.2961873255852905,-0.1847936650296343
3922,-1.3349266490276304,0.48115443909826916
3923,0.6286133398951782,-0.07251839909996118
3924,0.9470895911401109,-0.295768397088669
3925,0.14007154814463696,-0.3598422788935773
3926,-0.7044603111898149,-0.16199249821514863
3927,1.2531849747359363,-0.10064349199010901
3928,0.20398785360209903,-0.3612865452654999
3929,-0.22857143001781377,-0.3147535033638315
3930,0.33033861946043014,-0.4621855037118587
3931,-0.13088578367515952,-0.47238193951344537
3932,-0.8365590458274513,-0.402648584548725
3933,0.5539835988642312,-0.3955284348997609
3934,-0.7644347459553351,-0.4383296935664703
3935,-0.7546330267877465,0.1261478264031771
3936,0.8873932565993343,-0.28526624379327303
3937,-1.8233012446647936,0.07869250554913598
3938,0.21236219999376713,-0.08048734975358553
3939,-1.0767107888439025,0.6131387041919524
3940,-0.47540860793742573,0.024642968728895327
3941,-1.698106318998701,0.40556158223213534
3942,0.5365886024328556,-0.08749816936189735
3943,1.65813341901701,-0.09861948541099222
3944,-0.3407230490121094,-0.2663830345679389
3945,0.04712263287978739,-0.11486709288127929
3946,-0.7688251636095548,-0.4106585518625882
3947,1.7881224766957975,-0.018442556036299153
3948,0.41973325252590266,-0.17880692914759
3949,-0.21465734326356972,-0.37555151120248437
3950,0.1910993678968803,-0.3993640996924432
3951,-0.3790729201843057,-0.3301202620787676
3952,0.8993469080539304,-0.2515411811682621
3953,-0.6344904406177001,-0.31243334536342204
3954,0.7292238713825712,-0.15605878650069516
3955,-0.3170634521251752,-0.21815847030911628
3956,0.2173214792501413,-0.4462367383383753
3957,0.2003007044194898,-0.3720081550228133
3958,0.2515522586972202,-0.418081114427695
3959,0.3030168894412159,0.03326934132035735
3960,-0.7741177014899557,-0.16192284847314195
3961,-0.20531437402087374,-0.251876843672111
3962,0.28440912156486664,-0.44645836010187
3963,0.279085869095783,-0.3873812326237337
3964,-1.6687403269176038,-0.027680482855532755
3965,-0.6393523386491082,0.2702724079833418
3966,-1.6938652997357975,0.7579078562686851
3967,0.6498876796023234,-0.18625156522798564
3968,-0.030440517118228875,0.07147764697758029
3969,1.096186706464597,-0.08779044419332004
3970,-0.27209867402481397,-0.36555342238136
3971,1.6497141424700794,-0.03555569897810475
3972,-0.8457639629817032,-0.2738570764579377
3973,-0.4421765619861946,-0.3951699902681216
3974,-0.6417592045304058,0.1160945739801463
3975,-0.6182063934403506,-0.026063609051788783
3976,1.1293950075750747,-0.130138562641123
3977,-0.4740235913512883,-0.3995949557765005
3978,-0.14785174120463687,-0.37683142367058164
3979,0.6885870713082902,-0.28060035748435996
3980,-0.055165954101324376,-0.18205547829508256
3981,0.8419201093860776,-0.360097749775927
3982,0.25942612588071806,-0.23694883384118073
3983,-0.535373497289073,-0.38239527987849564
3984,-0.04178996724168565,-0.5387183091172019
3985,2.018949991191,-0.13474747909176604
3986,0.2547158788320156,-0.1374976511213407
3987,-0.04262620772158946,-0.311982178876525
3988,0.21946554535063717,-0.4217173742584511
3989,-0.2957193587659484,-0.2526215194654687
3990,-0.3024015736311016,-0.4245461980263935
3991,0.038201838102877625,-0.3977079678795668
3992,-0.19439226078776406,-0.5409680398041611
3993,-0.3835044197193156,-0.40667433785608936
3994,-0.03503457434891961,-0.5003234324026307
3995,-0.6905821700712566,-0.2938554514701788
3996,0.450262303097758,-0.44133694192971723
3997,-0.10059699722943087,-0.5266349220683346
3998,0.9603357120856211,-0.39747728940620514
3999,-0.7617333789881544,0.02591808340283945
4000,-0.5532252405164144,-0.44502540178004313
4001,-1.0834116627424402,-0.18521340022642432
4002,1.0108680321147567,-0.3802189968745491
4003,0.5174501261867454,-0.35721904251393843
4004,-0.08306593581222882,-0.42219805700202584
4005,0.0075448048652625305,-0.5129508413583684
4006,0.14967071331710186,-0.47415831886355786
4007,1.1157393621058582,-0.1947449082186103
4008,0.4430069532912428,-0.2665738053170581
4009,-0.22585962917375077,-0.003999562485985214
4010,0.5786862822578012,-0.26231974015964715
4011,0.9531965585546804,0.5370800778467093
4012,-2.055108942593912,0.17834976629022814
4013,-1.2794615788613426,0.27461839623539586
4014,0.3026100237066466,-0.24349065118473878
4015,0.39579824437405836,-0.23679715664031636
4016,0.26000979562950355,-0.27111933455903736
4017,-0.18483911395799324,-0.20331674008868642
4018,-0.107629809098036,-0.11243044880932584
4019,-0.25580504279146526,-0.2701368918882285
4020,0.558362545268949,-0.18065941674427113
4021,0.1103668161669765,-0.3364401733468861
4022,0.8735247099098239,-0.3103185729746605
4023,0.06563026207772656,-0.28365474880612507
4024,-0.687437548418972,-0.12424961008978175
4025,0.9405603088760721,-0.24290533573533651
4026,0.18888118426295966,-0.2992703358700583
4027,-0.667407834758515,-0.27939122726776966
4028,-0.7239619672112713,-0.2112191147461399
4029,0.5150789320267521,-0.2735815189981628
4030,-0.2386130409247476,-0.408196807366421
4031,0.47237135355139587,-0.27772284223265353
4032,0.9977341932330678,-0.26090315443701434
4033,0.1543666163844856,-0.3159603601164848
4034,0.2610966696805348,-0.3019933306460444
4035,4.0770874244317845,3.8190790643085473
4036,1.4475107349968122,1.6984371009209893
4037,-2.365573056948474,2.508721551956903
4038,-1.3444708233239806,1.7380559449714306
4039,-1.107883983092818,0.4678356201092966
4040,0.26969054638716106,0.010163992877377029
4041,1.7709570050534562,-0.15453856202199226
4042,0.5314668117000502,0.2425019808688122
4043,-0.6494194967151604,-0.07342722446258826
4044,0.4752578873394655,-0.19254738682110065
4045,-0.1138918498196596,-0.27904703323671587
4046,-0.8503426804614056,-0.2755306232724871
4047,-0.04690068040578951,0.18861143103416153
4048,0.13694998229454822,-0.11576826881370539
4049,0.39281481864981943,-0.2469408618450829
4050,0.6362983013031543,-0.3369295200828497
4051,0.34283479675889744,-0.1303657233256294
4052,-0.497840341658521,-0.16103581366294417
4053,-0.6960697396380524,-0.11573599610026707
4054,-1.662878078156764,0.9132479654289922
4055,0.9041202505959356,0.4037664316978723
4056,0.0509452229532491,0.31283542061975533
4057,0.8830520783534811,0.31740163647529634
4058,-0.4757685176507365,0.40184270505960695
4059,1.1869644130111903,0.16797050637407335
4060,-0.5779262718375037,0.34986615293105544
4061,-1.8755353957121377,1.0995888158815628
4062,1.3181679582035475,0.79777661569043
4063,-1.2814982230557321,0.6913753623720111
4064,-4.194499385237484,2.960560690523251
4065,2.2594582273646813,2.881342304528932
4066,-3.3075444707321773,0.8161474115902833
4067,-0.06499602827334,2.561500375170644
4068,0.31002381773203497,0.3184215481207833
4069,-1.229960075363895,0.10922660865468285
4070,-0.0694433952244544,0.2227256318342115
4071,0.593052485664091,0.22740651355410485
4072,1.0826157644673178,-0.06198295777042726
4073,0.03350099324277954,-0.16346885280554466
4074,0.10749324519748782,-0.21688207634855372
4075,0.6778931354372493,-0.13528609580030554
4076,-0.6070730708239046,-0.13824851020176265
4077,-1.215930514004177,-0.19216301355906418
4078,-1.2186146716605886,0.16284460903477707
4079,-1.9532530345956864,1.422130495840782
4080,-1.7193495081298593,0.7403613364661988
4081,-0.6192660024542362,1.1313500970955317
4082,0.2152368636974356,2.3615706594560915
4083,1.4550272372549662,0.5545805236818023
4084,-0.5943040767773983,-0.03282513684890277
4085,-0.3421240348706703,-0.2924092945085397
4086,1.7583429964942465,-0.003418122787131442
4087,-0.4005404740710845,-0.23667357439107906
4088,1.3701577125047655,-0.09647561228597974
4089,0.7959027764038219,-0.09785516036118555
4090,0.41432238495323875,-0.17067720538803674
4091,-0.3708784575982146,-0.28197952832087475
4092,-0.22881141861469523,-0.35629042377513875
4093,0.7681934692885694,-0.31470068098114706
4094,-0.005002329260609763,-0.3065146965675771
4095,-0.15293766353451346,-0.31115426702867216
4096,0.42884641640882315,-0.4371758245897705
4097,0.4519407362271898,-0.3183357867791399
4098,-0.03752165263048745,-0.3869167939946213
4099,0.04126717100735014,-0.4051204131153512
4100,1.0042669719197845,-0.2925040870209781
4101,-0.8674402944390188,-0.3689068415765745
4102,-0.15697883965219867,-0.42808034219503605
4103,-1.541096167151273,0.07128435486662622
4104,-0.20050870866565174,-0.20959938011716872
4105,-1.3920524641652194,-0.1933541059445801
4106,-0.021721570039499493,-0.16149172891972607
4107,0.1301858347104053,-0.1163004086968638
4108,-0.44037629271394696,-0.15346113009844903
4109,-1.2685988380909317,0.1043713560610569
4110,0.7409322618821763,-0.25662990698433397
4111,-2.0914950956893357,0.4049162639787982
4112,0.8695872297523463,0.5861291865936382
4113,-1.877779037838302,0.07577874809213564
4114,0.6361565021674279,-0.1381342062998605
4115,0.4064141338979862,-0.2351374573601288
4116,-2.4041441735893283,0.4549508664413717
4117,1.0975490942639692,0.12315017090406744
4118,-0.8568762059730576,0.05323399796832057
4119,0.6230794907948092,-0.049254671652599606
4120,1.8339097958243895,0.17305758091117282
4121,1.093685728628431,0.10833308822669836
4122,0.5825337066062274,-0.17525819325572237
4123,-0.0923807617462073,-0.10592317332556067
4124,-0.36567109375000806,-0.24821034574009684
4125,-1.0678270219996777,-0.10652765105873138
4126,0.8622899092916528,-0.3446545241422936
4127,1.0478083028632774,-0.11764821463468685
4128,-1.088783454019142,-0.16334815332836752
4129,0.8358194454596001,-0.36485679975952173
4130,-0.4327827504309713,-0.46422338016961806
4131,0.7738278719642082,-0.29646480853508467
4132,0.29245290363210735,-0.2652037704727471
4133,-0.5205696257236991,-0.39584523294059093
4134,-0.13813834728115443,-0.4871468098736676
4135,0.6218229119804217,-0.3957934028913436
4136,-1.336147446088815,-0.21871285857694647
4137,0.8132701119157835,-0.388352524662072
4138,-0.2262524282494761,-0.38537216606570557
4139,0.9989879629507795,-0.14739244268868168
4140,1.3253428549104753,0.006977628778137064
4141,-0.06633550392905965,-0.1818016156235642
4142,0.5142098607047516,-0.20967665961453089
4143,-0.569161821117035,-0.24812666625533278
4144,0.21331536985050398,-0.24178405766947716
4145,-0.05009435012789006,-0.36562820829945064
4146,0.27409248848861323,-0.33091795713633154
4147,-0.28413598812839624,-0.32599208154006704
4148,0.6670526916139853,-0.4104181963529244
4149,0.8919466141980192,-0.04911426255093846
4150,-0.6100724986003493,-0.2375401040007044
4151,-1.0415208116203036,-0.11580745024624917
4152,0.07323216321435141,-0.08465518864291585
4153,1.8430924092400214,2.358797499836882
4154,-0.2932814845019634,-0.25037318307487727
4155,-0.3019616681517478,-0.33732671640504946
4156,1.3215502257950396,0.0673866363184278
4157,-0.562872035751304,0.11501456967816137
4158,0.15792418879058,-0.13215392757045913
4159,-2.0673541826983097,0.4511473758527008
4160,0.9801939180992217,0.3916319346431235
4161,-1.0708523778161272,-0.2537510330223252
4162,0.1253031649043833,-0.0703444549497125
4163,1.973494202424147,0.32463368996509784
4164,0.12171201508274765,-0.23830940205298132
4165,-0.04353826344023008,-0.2973878841039441
4166,0.45344055303037684,-0.2597055370807722
4167,2.980529254958291,0.7854861630293067
4168,-0.07923764058220828,0.20275654580089297
4169,-0.688465000571293,0.10069420907931212
4170,-0.6787113963082342,-0.1248064652310539
4171,0.514634010479934,-0.22211554852612206
4172,0.16668705881876877,-0.12192565276766623
4173,0.5385750836741929,-0.2130007110016392
4174,0.255471419891328,-0.1549970121759355
4175,0.539341403421237,-0.1547732852900879
4176,0.032011178256032564,-0.2828991163498789
4177,-0.6520588862881392,-0.15181271204832378
4178,1.352169722139533,-0.052769970550243434
4179,-0.4321074823016856,-0.18055582846165522
4180,2.2639672889294116,0.6279418470799872
4181,1.1345851229836745,1.1080597385050923
4182,-1.2878703200426036,1.6640688739993037
4183,-0.991624870410042,0.29886261111119933
4184,0.43570912983414045,-0.11974504616962377
4185,0.0003894338933587203,-0.22398243754769673
4186,0.2325076363759976,-0.25054573036756944
4187,-1.1970915916415699,-0.14972995900484057
4188,0.7401096084165246,-0.230259572837838
4189,-0.6949723686049388,-0.24715019751302275
4190,0.5461018402101435,-0.4711951640596268
4191,-0.5863516971281207,-0.2047763510197326
4192,0.19960214116113828,-0.29110089472956113
4193,0.3338446371189818,-0.2761462650965606
4194,-0.43276192896522253,-0.2904745051652045
4195,0.31275151165997483,-0.1529001750163283
4196,-0.3920405888300786,-0.42590417617498133
4197,0.7618170324117252,-0.43871563045925116
4198,-0.39962909579082684,-0.22052496496944524
4199,-0.4468417498232919,0.11802588543504051
4200,-0.33976042942704116,-0.21646055592514568
4201,-0.38733906970104126,-0.3290990760985166
4202,0.21243547084584333,-0.33306330364409764
4203,0.8341985732978212,-0.02938567776336341
4204,-0.37654256791951574,-0.20013247879409266
4205,0.6735100368070687,-0.23421145487010742
4206,-1.689932460131759,0.5315830539917401
4207,-0.8384240953075512,0.30167996024227706
4208,-0.49650660622270354,-0.306443447440187
4209,1.1925307884131795,-0.23143837202588327
4210,-0.17027918928601574,-0.2988449605567453
4211,-0.30675077633534836,-0.32059213300312733
4212,-0.4895456712105584,-0.2861421921171056
4213,0.43878126821491453,-0.24012183642090898
4214,0.13304098046698426,-0.4428897815249772
4215,-0.44779288699596986,-0.4289650608902072
4216,0.6300419523484624,-0.2701065298717266
4217,1.0471100895098282,-0.2210256720989073
4218,-0.021525330002332723,-0.43148095912541673
4219,-0.27422941212911817,-0.24933627778642067
4220,0.14116811407938365,-0.4527368704520172
4221,0.35423155569763193,-0.3998580783848008
4222,0.40294367589739377,-0.20129673434239226
4223,-0.2384592534530905,-0.2906190995698541
4224,-0.18925188839467325,-0.32266753282294697
4225,-0.28099894594832153,-0.34146988828508423
4226,0.3178413589862101,-0.3927333900927044
4227,-0.6172343924402852,-0.25965951285705996
4228,-1.127160759350018,-0.02117235634833166
4229,0.6258195594996723,-0.27693034893027696
4230,-0.23335354686866663,-0.10208101265026844
4231,-0.7706366799078475,0.26102195110370213
4232,0.39943420860189915,-0.2693793450771104
4233,-0.030783745085447005,-0.08293251616458126
4234,-2.765562938387447,1.2624980846187956
4235,0.6200641469721329,0.8695976277549948
4236,0.7240024673220044,-0.020953130256073066
4237,-0.09004895312414941,-0.1462176042112843
4238,0.7033590762227305,-0.19112995495454982
4239,0.4091947191255003,-0.15968617849796846
4240,0.6103584475355034,-0.08865099186725142
4241,-0.19459333448398414,-0.3022518593276415
4242,-0.5550448418874196,-0.20105513771882216
4243,1.2216978889782513,-0.2700694147461533
4244,-0.018961999766195343,-0.5431533236712572
4245,1.060899073135865,-0.10721183707774508
4246,-0.5674716424617141,-0.4280563758519219
4247,0.13266398203959004,-0.22716065609293354
4248,-0.032522129522912425,-0.24425356438891316
4249,0.03130246161694244,-0.2544511539167977
4250,-0.7810594424930294,-0.08301367315055899
4251,0.12999197305138704,-0.07319571710036239
4252,0.007830385080606865,-0.24928608213089234
4253,-1.6234525759499407,1.0715923277059212
4254,0.9886944733133954,0.9045321885916744
4255,-1.753558264689615,0.358142499942288
4256,-0.9691027493471494,0.8259751169385156
4257,1.062762507955729,0.13253384571851184
4258,-0.35941307822475255,-0.15661833113045495
4259,0.3881900706753973,0.10099136958671863
4260,-0.4040386037921062,-0.11481666626884511
4261,0.1008232188905751,-0.26412732849591547
4262,0.40044396590859394,-0.2624704479257985
4263,0.5266013903876762,-0.3257735112198884
4264,-0.9354290351237738,-0.33911566862016423
4265,-0.17449027742410383,-0.22961839290521469
4266,0.025217353015351683,-0.21162624923765022
4267,-1.3228395033389682,-0.12918214523937457
4268,-0.2457582244691751,0.17446291342151476
4269,0.8382930873053073,-0.2589710801011447
4270,0.5584505089604808,-0.4987434555941576
4271,-0.16460458720057927,-0.4409551340469587
4272,0.3558044125379519,-0.3248223926665623
4273,0.11135813628951749,-0.4676813768483465
4274,0.629831065171848,-0.4318758652604985
4275,0.09007711405876981,-0.3874461999619307
4276,-0.19223055886137094,-0.4476929043688675
4277,-0.07880169677498138,-0.5485623092477849
4278,-0.072879137621239,-0.4389459837030878
4279,-0.11984880640700978,-0.5573968797742045
4280,0.2657597410335478,-0.5377769592851537
4281,-0.06068235248936328,-0.5535061116331229
4282,-0.04957761428859906,-0.4663362004579724
4283,-0.7075235547099424,-0.38952696975724643
4284,0.6460502036780028,-0.5448695465237899
4285,0.16327925281335354,-0.48810314287786843
4286,0.5510560282496697,-0.5064688100452173
4287,-0.5674614152672809,-0.510508839825437
4288,-0.03249296136937409,-0.5370948299223609
4289,-0.4472819220604817,-0.5315097534147613
4290,-0.038328963995026194,-0.5115095687591726
4291,0.1122016897294059,-0.4801091691961438
4292,-0.07893498140410972,-0.4444565720844608
4293,0.26334255791292055,-0.5558726135854911
4294,0.04855968245029475,-0.5617931262409649
4295,0.9644860078837015,-0.4286027085442493
4296,0.37880295790017965,-0.2882443690528875
4297,0.2680560831062909,-0.41039252958924294
4298,-0.1299716946518311,-0.5051411778093214
4299,-1.0296161623199105,-0.23444711626295178
4300,-0.5762054448756267,-0.2715849972395383
4301,-1.2111261397256428,-0.0732236083846242
4302,-1.047752124818357,0.1740854326063812
4303,0.7638976927494852,-0.07341740820700506
4304,0.28747505348555735,-0.3885386829797279
4305,-0.40545653981501906,-0.40187199134254875
4306,0.46149581461397016,-0.3928715492764517
4307,-0.29740777647619693,-0.3539948823692802
4308,0.4054584481871187,-0.38855920214305895
4309,-0.37553924748528095,-0.4429180248580673
4310,-0.834361788465442,-0.3529175952796524
4311,0.08291400746240352,-0.21731548984832974
4312,0.6324338997798276,-0.4785798808950139
4313,-0.033376615940537674,-0.4562438080518591
4314,0.18251097613236186,-0.5401734558496701
4315,-1.1975186927349764,-0.20005701670311607
4316,-0.06735607349132561,-0.42355895191135456
4317,-0.41598404923384025,-0.2394291205584199
4318,-0.9477183318577966,-0.13854611627091354
4319,1.0075874319773517,-0.025146934569076768
4320,0.057769028472198405,-0.3861131440925566
4321,-2.0345201714035275,-0.06336922431635716
4322,0.9704248593263648,-0.3162525261169472
4323,-1.1680077058178016,0.10992119483165899
4324,-1.0903755759814096,0.19175543675052745
4325,0.0803957522262389,0.1792782994353575
4326,-0.634145313936846,-0.021927972941050224
4327,1.2983554501354082,0.04931592869862169
4328,0.7856413080613417,-0.19311131576949953
4329,0.49827554204549274,0.19082878923371635
4330,0.6175887786716566,-0.23146068084276436
4331,-1.44117624857196,-0.021545652106958395
4332,0.07661668429436538,-0.4651412009973695
4333,-1.6577289214645718,0.2947610026184446
4334,0.8001323198374192,0.11056101635124196
4335,-0.9259569693981471,-0.022974525675162668
4336,0.5896487480980225,-0.29520568725578633
4337,-1.1173866931485015,-0.06514228278635863
4338,1.046082928421208,-0.03017469483667073
4339,0.5787332042783188,-0.19395469489718054
4340,0.9487016727798733,-0.2689446169909416
4341,-0.03509481367674034,-0.28974614802825804
4342,0.45728102659834846,-0.35941619009253045
4343,-0.5247008407893207,-0.11208144577445629
4344,0.5170979939971334,-0.1927595365288822
4345,1.4235834861721322,0.6875547910605849
4346,-1.203881463345316,-0.014890450644382557
4347,0.8714060083284536,-0.1542957972851734
4348,-0.6599527545853002,-0.4187560433791686
4349,-1.52018742153157,0.4971763863822454
4350,-0.4209445288725211,0.3052225176906524
4351,-0.5878746619524621,0.20328048932835588
4352,-0.41164766171870076,0.07157984777024079
4353,-1.6855305996840337,0.46649388194245156
4354,1.5085826928992763,0.5702893600593744
4355,0.33964407410154784,0.0700594108242183
4356,2.017016943073822,0.15198958685115535
4357,1.7771912920685444,0.46702935882702123
4358,1.1931322778689533,0.2810392923346402
4359,-0.8311240235752634,0.12051841663884055
4360,0.15969645188232812,-0.16754926229035155
4361,2.188769727791465,0.3045255327060612
4362,1.1394108517019543,0.34358009545227564
4363,-0.7933380101382457,-0.11154601169866574
4364,1.2713760036563995,0.17546338580032284
4365,-0.011121159256184135,-0.12906813753406127
4366,-1.0543872140521309,0.08189419287389478
4367,-0.03720386463292522,-0.19426000052220035
4368,-2.0500708057904493,0.14381699147434973
4369,-0.8630610655216722,0.19045954908872714
4370,-1.9600364755821111,0.39207571380056017
4371,1.6145003065780248,-0.17557118451091272
4372,-1.3757624014545313,0.025464384905468002
4373,1.1215941936867395,-0.1003691639658923
4374,0.33871855071482115,-0.3036315274634185
4375,-1.0164296995503947,0.6761139403078552
4376,1.6032184183697797,0.07473910095917954
4377,-0.4305505486487641,-0.21587564271301762
4378,-0.13234560927834826,-0.5118755469854932
4379,-1.0511337501784945,-0.1827952479475466
4380,-0.9497059946333872,-0.14875640585485939
4381,0.8205588263569398,-0.32493202670594823
4382,0.3291213312645038,-0.47046999617646257
4383,1.3199084772007499,-0.2113098981208084
4384,-0.18223059761478533,-0.34346608747056395
4385,0.16274859785434245,-0.5291694378777702
4386,-1.5178149218738894,-0.05818415591594833
4387,-0.9727596371625554,-0.09249653387070843
4388,0.053177766898931084,0.05563284923497364
4389,2.110125984927539,-0.04070059348270079
4390,0.09474720600565122,-0.45624739498974737
4391,1.026074638808069,-0.25774678163801507
4392,-0.6595483163463945,-0.21462811839402554
4393,1.2240571234465318,-0.1946082915923214
4394,-0.9775198665235398,-0.27274864659767994
4395,-0.7327549116172049,-0.19994108135799185
4396,0.6816270124659709,-0.13149310570154357
4397,1.357612707646625,-0.07348887091376763
4398,0.11865542180399576,-0.35207577730282585
4399,1.740704121895288,0.2968639901545083
4400,0.09206690855185336,0.32921267908125607
4401,-0.5052991910396141,-0.376301663287117
4402,0.23959456765707868,-0.4152540325777992
4403,0.12256131758134743,-0.3465687141555241
4404,0.6496735202666453,-0.1504143393594502
4405,-0.46717320302174825,-0.33796475653225383
4406,0.11433546761119556,-0.44992345182448373
4407,-0.0464834220582667,-0.3496572658181875
4408,-0.6509019792801911,-0.4081764973037748
4409,-0.76066912121357,-0.23518773526906858
4410,0.7360419365745268,-0.47260009846140677
4411,0.6435080498510206,-0.3918820308783708
4412,0.32236212489523897,-0.4470359694911536
4413,-0.0049749519286162456,-0.3849685870878906
4414,-0.4225926174008745,-0.38879907891022736
4415,-0.1654979951879646,-0.35599207824558393
4416,0.19651174729270324,-0.44251386990965924
4417,0.139596976521154,-0.4714879877839038
4418,0.06262085223047169,-0.39208108685227383
4419,-0.6145693660962183,-0.25029447526747456
4420,1.0979048578673531,-0.1700077942792712
4421,-1.208162898331333,-0.2474221886519554
4422,-0.042541216309547006,-0.460017484854844
4423,-0.5036139713640846,-0.3384614784876196
4424,-1.1281735901385326,0.19125054012083897
4425,-0.208725777476258,-0.11403538145762472
4426,0.32594785640017176,-0.23877118847058373
4427,1.0097751223541955,0.047902413643515065
4428,0.4541426965809624,-0.4904880038282655
4429,0.20096971370685382,-0.2511260506880531
4430,0.6832702113530025,-0.33319033316021845
4431,0.08759101445592359,-0.19076847560445928
4432,-0.49794840281667935,-0.47462697315754
4433,0.4527192241714241,-0.34782184655949006
4434,0.4985417630760987,-0.4213311210575242
4435,-0.025883832695112338,-0.12398788538610335
4436,-0.8666818589490968,-0.18853975238840656
4437,-0.3386531666752639,-0.3843143083979143
4438,0.3836935168287886,-0.47931812044937866
4439,0.20649331916705924,-0.45355013009321754
4440,-0.6266321792551336,-0.3014473656216569
4441,0.052467901637834324,-0.5472115677139205
4442,-0.42002382682879746,-0.49663821493525157
4443,0.8468520962120716,-0.4527609260057443
4444,-0.5315112964305652,-0.353740362349956
4445,0.7682035870549333,-0.14660764182610558
4446,0.8598018918501985,-0.061650063147278854
4447,-1.4419134763653425,0.26956546935981385
4448,0.5821679644908253,-0.07739802333773126
4449,-2.364881847748395,0.17178543501142757
4450,0.7232644834678744,-0.36896449929044683
4451,1.7107560312355126,0.08108146237185353
4452,-0.9944779345450763,-0.16142608649767112
4453,0.4526156188779822,-0.2059461958713268
4454,0.510885910017309,-0.36355638353422576
4455,0.15307254112778088,-0.20032406762350843
4456,-1.2965454435416888,-0.15202133411625163
4457,-0.43746066840827735,-0.28565225580189724
4458,1.1933423340159117,-0.36618822111482585
4459,-0.2156145823932442,-0.41121160675615315
4460,0.5108051503053819,-0.44554017450249106
4461,-1.1489466569692708,-0.32383052120324907
4462,-0.6314067172654585,-0.3691390652958701
4463,0.6064412793998383,-0.33386467208011245
4464,-0.6133030485662571,-0.4977596659972785
4465,-0.0868838980079766,-0.5154888943578272
4466,-0.1020197068873309,-0.47837111064643295
4467,0.10680395399652973,-0.35928580876280647
4468,0.12512644517303856,-0.515077945662308
4469,0.15429890301715687,-0.5226404470073251
4470,0.5747700174765787,-0.507581124549487
4471,-0.39283331982111835,-0.4756134699888291
4472,-0.5291344562837741,-0.5533376116757638
4473,-1.4470617990475392,0.2385555206430156
4474,0.7434385144635003,-0.19503485508558763
4475,0.6851232531741355,-0.389690795827408
4476,-0.7246286041427032,-0.5038327995148002
4477,0.6662737411114843,-0.3266527432696855
4478,-0.6075300932362385,-0.5169433591005893
4479,-0.9657253794134496,-0.17941444738638437
4480,-0.1543877978597585,-0.3988489760765928
4481,-0.23867524660254702,-0.479094269534895
4482,0.03344038440818967,0.10556339895317615
4483,1.0042796019093858,-0.2379475292674453
4484,-0.08423943101134379,-0.578924129620858
4485,-0.2413355723630208,-0.5160083535406778
4486,-0.48741524236859146,-0.45416434857180193
4487,0.4471823635661901,-0.24794268730944427
4488,-1.830928970968556,0.25792725163166424
4489,-0.44554193390970687,0.29274471083318104
4490,0.4121769229555612,-0.310144185322034
4491,-1.6917248832243585,0.28068519674689774
4492,0.20901892791400312,0.08683750928071257
4493,-0.3646261481232876,-0.2485950416084091
4494,-0.6024198495251144,0.20822314245321452
4495,-0.8444203488032044,0.20621671877178271
4496,2.128766988872618,0.037937910536824014
4497,0.6731646036814547,-0.30456859651339774
4498,-0.10278558989142372,-0.35089727622913136
4499,-0.544750128154975,-0.47026619080252235
4500,0.4787912927941443,-0.28544984394991313
4501,0.7671323908509076,-0.3482000912987123
4502,0.38461516764776366,-0.4403262494906373
4503,-0.02808932975558082,-0.4358877477325751
4504,0.8925548215520192,-0.2527548465548636
4505,0.450555841449954,-0.4786594729060021
4506,-0.2643576570427137,-0.45569856827080407
4507,-0.20960252247152553,-0.3830733370024262
4508,-0.1539091035619805,-0.5008439626166401
4509,-0.3114085340699612,-0.5968164865810464
4510,-0.6183130832957128,-0.3782025355281466
4511,1.267947889305216,-0.30573670404082054
4512,-0.7308071663020856,-0.4128277431968187
4513,0.5710712909004801,-0.39853721114626595
4514,0.18415393186037096,-0.4416756107986342
4515,0.37623102979937495,-0.4586164058066253
4516,0.25897977779922254,-0.45582387387452383
4517,-0.9557099737142152,-0.4848657275863335
4518,0.3109664599658875,-0.47033880018775276
4519,-0.325846279934892,-0.4703497252626072
4520,0.5398755862162914,-0.06681943292405966
4521,-0.23652379433914503,-0.46856860673921136
4522,-0.5086528315601327,-0.5259765792501592
4523,-0.4600868552660285,-0.2338392158538145
4524,-0.7604226951253759,-0.06927141114623593
4525,0.23811434277746255,-0.2365037874341399
4526,-0.07884942570746703,-0.37182921531467544
4527,0.6929871644837928,-0.4100805274376823
4528,0.10227376430632606,-0.5092880326609118
4529,-0.8751851513355234,-0.3880632287977817
4530,0.22961127100404494,-0.5158461804294318
4531,-0.5121304686890819,-0.43485566680883325
4532,-0.23392692764607587,-0.420114136110539
4533,1.0557783999497352,-0.4321179625159544
4534,-0.19486172041283592,-0.5583824401057403
4535,-0.429449476270384,-0.4973471785491693
4536,0.3508108899672938,-0.4972138898226708
4537,-0.10997609010784802,-0.5691009528191314
4538,-0.3891801539037497,-0.4741844382578639
4539,0.5647825953213631,-0.35298125437578687
4540,-0.7452060284430433,-0.39471069951637794
4541,-0.867198553740089,-0.35189952681735365
4542,-0.05757023155857487,-0.31959874405653665
4543,1.1593571558902147,-0.3001330426697014
4544,0.6796208896250403,-0.3519085522168003
4545,-0.05581339785529057,-0.44637226458964624
4546,0.5272707709645732,-0.4821233397117895
4547,-0.16331100746343485,-0.46019138799251724
4548,0.016171712416047538,-0.5216598617519526
4549,0.011662406626884562,-0.5261240410212399
4550,-0.7733337837792611,-0.4520775508624138
4551,-0.031660796840466014,-0.4492769062734711
4552,-0.3751220740753853,-0.3092846971085607
4553,-1.0671743679590722,-0.09747350559505151
4554,0.5881019201573912,-0.2697469312609637
4555,0.6439486817742717,-0.36087950756175347
4556,0.6184930088473157,-0.32892088873915326
4557,-0.029638373414078354,-0.46105679520391135
4558,-0.7094341040321919,-0.5259713550928662
4559,0.7499315996861629,-0.05861040987946461
4560,0.5600569514079404,-0.2627477446913584
4561,-0.5744934260939422,-0.1892457727017111
4562,-0.9316943374734259,-0.4159614237936138
4563,0.5340654720801354,-0.373584704056852
4564,-0.11202504568131082,-0.5432897695471077
4565,0.12127322959192949,-0.4829097735100339
4566,-0.3310590467658323,-0.5798787068855042
4567,-0.44500660676886594,-0.5150006255701418
4568,0.7776338987155665,-0.261166185114122
4569,0.3218724194132512,-0.4604769655355935
4570,1.3686757050015597,0.029867668598764652
4571,-0.2941047719206671,-0.3858188797865207
4572,-0.2882886750639253,-0.4791402693422505
4573,-3.245824652413957e-05,-0.5443762880351369
4574,0.13765151152837346,-0.5724602693106257
4575,-1.6764133043485894,-0.07120938437713534
4576,-0.711140838322335,-0.2734490722180261
4577,0.8645426402320109,-0.39732909560805996
4578,-0.09594829242594936,-0.5486722725793629
4579,0.7269557319895417,-0.37065661215036944
4580,0.5593534947074129,-0.5325151420491935
4581,-0.2833056123709991,-0.5628840026470154
4582,0.08981518991955033,-0.5748917997240082
4583,0.409929415616963,-0.3385143442239177
4584,-0.08668141854320635,-0.5879216463593092
4585,-0.42514380738425794,-0.5262362201587856
4586,1.1836790757952127,-0.4034840308136121
4587,-0.512906565399199,-0.5284675575376581
4588,-0.02587297187759727,-0.5695258092091225
4589,-0.04484441537460103,-0.5616539907063808
4590,0.7247618128397987,-0.5025896409256257
4591,0.2175810544061633,-0.627074327978261
4592,-0.34366177680751514,-0.6251784260062383
4593,-0.3151360082526447,-0.6012528330594333
4594,0.2725408323119029,-0.5733640904364621
4595,-0.2375582338956182,-0.27028468141004997
4596,-0.7102836702925188,-0.5024904087362653
4597,1.0012748861246508,-0.29816567475677286
4598,-0.19262210046225442,-0.5667131970861646
4599,0.47495742192061197,-0.6019992931867194
4600,0.08927179265186289,-0.6144160929025825
4601,0.5725786943621796,-0.46806924747036915
4602,-0.10548359866513395,-0.534810301795462
4603,0.5954776039633258,-0.3799088954335823
4604,0.7048945254974293,-0.3578128785093993
4605,-0.0258717977565251,-0.5151433573669683
4606,0.7992954119864595,-0.26289762268076
4607,-0.06818978785825192,-0.4057437603178341
4608,-0.5191946291509935,-0.4555561282357579
4609,-0.026248746452427387,-0.3920947352367587
4610,-0.15292058763193533,-0.5672595321536269
4611,0.5655535635227292,-0.4157965726708763
4612,0.3454250665255548,-0.4736473796814361
4613,-0.08154241164235829,-0.5641802401298093
4614,0.9829826735257615,-0.22990530469333698
4615,0.41911568850509817,0.04152343009249621
4616,0.5521716278403053,-0.3386789878441872
4617,-0.48158879122901654,-0.31495546924570494
4618,0.18004778491559154,-0.3788407934724658
4619,0.5590570651087268,-0.38405853602274753
4620,-0.4478740910820728,-0.3716723091017196
4621,-0.7259682821425814,-0.4525470757403939
4622,0.12212693766635345,-0.48994354204784135
4623,0.5690281647399406,-0.6298747025596217
4624,-0.6955700052123124,-0.5416640510880847
4625,0.08817310988039692,-0.6321734066091159
4626,0.2994929618135484,-0.6023430309876103
4627,0.10379461858306714,-0.5637239660467845
4628,-0.024759578164119053,-0.6075097216113549
4629,-0.4964136690263565,-0.47592182426167384
4630,-0.0610589763779778,-0.6099021339537221
4631,-0.3551505841082302,-0.4297474782535147
4632,0.7220825838087553,-0.47994673687566036
4633,-0.06960624863796595,-0.6079544093808199
4634,0.6476632795577498,-0.5817313769436768
4635,-0.15340696113201369,-0.5995135079298388
4636,0.1285567733610657,-0.4924439142520306
4637,1.3922335281556328,0.11906486665809635
4638,0.9898794192940448,0.04624519420196293
4639,-0.6302958846087573,-0.017305374779258385
4640,0.845232943330194,-0.1582061263455474
4641,1.5519357942213492,0.9725122332033426
4642,0.11236168709819115,0.32401315683839
4643,-0.3012747774225041,0.23108803849818174
4644,0.6939371294815966,-0.008485556043073259
4645,0.9410174555877227,-0.3265789686935517
4646,0.3113799634875196,-0.08699301036826565
4647,-0.28644485281475796,-0.15542785721169095
4648,-0.2855938230345397,-0.12960498031207335
4649,-0.09179723742619231,-0.19760897180888476
4650,0.7764627039031958,0.04826030359227963
4651,-0.22552341657453173,-0.27663642247834797
4652,-1.194930468855829,0.20419155163808206
4653,-0.2911306525296289,0.15501799704515826
4654,-2.7753437164795276,0.4583171959233277
4655,-2.0795333954231765,1.2687054462126799
4656,0.9135538882284352,0.43999736331605305
4657,-0.3328275120574049,0.00934025445743272
4658,-0.3222136369107895,-0.22511690203018406
4659,0.39168996495562136,-0.30642879555979746
4660,-0.1930848217325346,-0.4299951129798601
4661,-1.833237954600959,0.3435753171362464
4662,-1.6344892995774891,0.233277187201016
4663,-1.7888291902999833,3.588895995570544
4664,1.1978539285876526,0.22798180786590552
4665,1.8524122633333824,0.17793109327769102
4666,-0.15565315999409188,-0.20221823998991692
4667,1.1542373641410988,-0.12710523046863761
4668,0.6231216432399099,-0.3961798972212505
4669,0.010956491502554013,-0.2434710365557833
4670,-1.3181936257227982,-0.25212937035846283
4671,-0.7983306511618709,-0.28739490176208876
4672,2.6332673793710843,-0.1639088145410545
4673,0.8736600701683165,-0.010556337374787159
4674,2.465632741353331,0.2579437185502897
4675,-0.8932342848518409,0.1641367210786179
4676,1.2611709371030086,-0.08785460781041883
4677,0.11676237846707557,-0.06487446929437621
4678,2.651543188306992,0.940554223618917
4679,-0.3259801915389836,0.8347560677620306
4680,-1.7486951077317716,0.5179381500618209
4681,-1.6488073711823141,0.4160218758482233
4682,-0.6535099616919452,-0.1277818728527273
4683,-0.9219202782343799,0.05727751093482742
4684,-0.12337365161921086,-0.1810152017434163
4685,-0.5036955748088501,-0.3609886490987776
4686,0.16162333501546186,-0.47459894162752825
4687,-2.081314005959429,0.2837526844157261
4688,1.3649203968663408,-0.15121413010872453
4689,-0.33648933251707275,-0.2548366819081767
4690,-0.5146046142955781,-0.3870014264935388
4691,-1.743302495796807,0.11936381369489307
4692,0.30740273575474153,-0.36161187229640973
4693,-1.3729198747017302,0.2818515449272363
4694,-0.4067422675093024,0.13169753592471287
4695,0.8196982922764747,0.47221097209783447
4696,-1.5518202079085406,0.1713064964740804
4697,-0.40411592007121405,0.11985065472986346
4698,-1.233200170541842,0.7930114851608024
4699,0.16242614861261365,0.41363901963756877
4700,-0.5336678284247237,-0.00942339060778272
4701,1.0395816630291863,0.634063251394883
4702,-0.15507842154915186,-0.2104916348084101
4703,0.7530447788867125,-0.08001951305388513
4704,-1.7136810642717648,0.10066129102980863
4705,-1.4477978573613914,0.9361506809977028
4706,-1.1860559374591668,0.05276479945063416
4707,2.6945924879781193,0.7407800796472869
4708,0.7349403708326925,-0.06720574910627619
4709,0.8684151393316858,-0.23889614942742327
4710,-0.2613905521458023,-0.219846941345226
4711,-0.3822919274690501,-0.12689468749646093
4712,0.1481086229936366,-0.3390371831349171
4713,-0.814320857541122,-0.27939298855085165
4714,0.9227225327674478,-0.22559748908157023
4715,-0.2919206441863006,0.4655656370960038
4716,0.7264192718670816,-0.241399758331297
4717,0.22126109573226338,-0.34218978789119076
4718,-0.6492588998437713,-0.4064941282600244
4719,-0.8371782427273106,-0.19407737543038284
4720,1.0178718827845066,-0.09781714524290784
4721,0.1656360625115664,-0.42862481895517374
4722,-0.10135889646438351,-0.4791421407368764
4723,-0.222188027902148,-0.34591945859560275
4724,0.5011264760103098,-0.44686541545310743
4725,0.5832291334223907,-0.34919953674300175
4726,-0.32873809533116505,-0.5022711943507776
4727,-1.2803041393003347,-0.11194309483415829
4728,-0.017109073374890937,-0.29736429131911124
4729,-0.8056827693359413,0.02900784881609116
4730,0.09447482665029781,-0.1953426470893358
4731,-0.23748551797126893,-0.28658588084702885
4732,0.8746668028084575,-0.36607348437171366
4733,2.0080726629905854,0.4289277706262153
4734,0.2356766712612597,0.4464655226024824
4735,0.2945057546582536,-0.06138214192281209
4736,-0.041054731454593686,-0.07155430350151133
4737,1.0814127333607546,-0.09058249378041487
4738,1.0305919891222317,0.056006529551173224
4739,1.0519269671859701,-0.05150680460106001
4740,-0.8650529452758969,0.14913055118830812
4741,1.2868608358750235,-0.002398955809197693
4742,-0.42269122281467797,-0.2755481905096143
4743,-1.007242105094741,0.0556755966707817
4744,1.4664756703161994,-0.04298364632872552
4745,-0.44459822297176077,-0.22445188427716173
4746,1.5469484523042223,0.15320299810808055
4747,-0.4636816742140582,0.38158731842156474
4748,0.5783917618150506,-0.029630018005709885
4749,-0.11628347285947548,-0.15710226930302007
4750,0.09516481229264832,-0.4243157345437924
4751,-0.24812974459284387,-0.2672873843708054
4752,-0.652046609755984,-0.2763411386794856
4753,0.2687279753438412,0.1371943037705925
4754,-0.661046320873869,-0.3702818373679929
4755,0.38283989377676114,-0.41711641753289547
4756,0.11565260430697501,-0.3299363127742067
4757,1.2079132010998024,-0.10411790485629664
4758,0.3415768826976723,-0.3808440001386108
4759,-0.6056743274978067,0.020362361494447763
4760,1.1818429176719814,-0.35627845546602777
4761,-0.8404715553443866,-0.3840019209650682
4762,0.12426976229320022,-0.4965747070950773
4763,-0.0910654410236248,-0.4162284525015349
4764,-1.2959318658918193,-0.3551488736955572
4765,0.8220564914085495,-0.42994823424958284
4766,0.5371762812762112,-0.47569174389940194
4767,-0.5779872042017467,-0.3262298557066815
4768,-0.5693173709187942,-0.2774028059180796
4769,0.7269478520093146,-0.36876073902330775
4770,0.23233112754643315,-0.522042586713533
4771,0.4181352432123318,-0.3800710452371412
4772,-0.47124539590441933,-0.5331807359769121
4773,0.6429686838198739,-0.49882621002582744
4774,-0.05180285492618786,-0.5642874097527086
4775,1.379870482508952,-0.0659414239835974
4776,-1.047258709952736,0.7219544696897188
4777,0.3157498648204789,-0.24139843230415334
4778,-0.6193367529111101,-0.2514415090663676
4779,0.6140082795434973,-0.3116525775128888
4780,0.886815610680782,-0.10324960104007135
4781,0.9518788694139906,-0.005299873352606227
4782,0.2187701197097714,0.0853549782393368
4783,1.1925345392965985,-0.048723905272706404
4784,-0.4843683000108747,0.06126569758038246
4785,-0.5542984764658916,0.007120073905729863
4786,-0.5104739516785651,-0.11083819995071287
4787,-0.5790043268826245,-0.21547418195318796
4788,0.4141478439324247,-0.2793431975728305
4789,-1.2804293628174181,0.0172601283569121
4790,0.28366865603322106,-0.48871733506831044
4791,-0.517740934649533,-0.465438846666074
4792,-0.08934162131710462,-0.42512910802731474
4793,0.4566819312327893,-0.5428994069005552
4794,1.2621962710424561,-0.22840533342748048
4795,0.44646849574038394,-0.455484774774475
4796,-0.07080161063852541,-0.4559429123292473
4797,-0.7847193964012164,-0.29779510430411255
4798,-0.23343300147296908,-0.541132195498884
4799,-0.9631892553205029,-0.256070434866451
4800,-0.8185341813998774,-0.09517497786604454
4801,0.17151729114546682,-0.3808648006549035
4802,0.074510773385122,-0.42961967724208083
4803,0.060637836633989806,-0.060534186188749325
4804,-0.5390725359855544,-0.3686208754528924
4805,-1.0919186093367754,-0.13412119708335796
4806,-0.28995718038988944,-0.19186892408430362
4807,-0.7075322350114952,-0.3385591956465874
4808,0.01586164101267348,-0.22773891109579458
4809,0.8996925690357196,-0.37693405620107395
4810,0.1595400182003871,-0.4382857416790522
4811,0.10216082982059775,-0.442075616477214
4812,-0.2516339382661474,-0.3735796986764961
4813,0.2861482820056278,-0.4623079605510015
4814,-0.3113073280082817,-0.5632133674752066
4815,-0.22224281540792346,-0.37705792966052293
4816,-0.2662768948900731,-0.35162764693540616
4817,-0.16763232015397767,-0.3811174800209971
4818,-0.22909612327693388,-0.46759674507013965
4819,-0.5118197755736003,-0.40267783159464293
4820,0.5768080048706544,-0.32613345286565687
4821,0.8059207728739436,-0.3960056321935754
4822,-0.40118868888698905,-0.4737687867691914
4823,-0.5311692718289375,-0.35396185833513255
4824,-0.6461957996192615,-0.39782247393377357
4825,-0.3521056367937924,-0.1709760203172842
4826,0.532723816991991,-0.3957578205919444
4827,-0.5624650258898782,-0.17512441055417324
4828,0.4379764216973143,-0.3749985872804072
4829,-0.9349458089656759,0.10999109817876992
4830,0.1773600077094459,-0.10988464535997335
4831,-0.04852904718676225,-0.2027256443601853
4832,0.5833267278965222,-0.2978392723967448
4833,0.5791604961758123,-0.3543534320652535
4834,-0.7802864923776079,-0.3576909320314597
4835,0.8678512817291939,-0.3330395597450054
4836,0.8591593844191183,-0.42358237428545087
4837,-0.03628973348776413,-0.18976445208997156
4838,0.44494749780171416,-0.3183812752888872
4839,-0.9326860289824688,-0.32161092241188854
4840,0.06620799338795548,-0.4024100523741822
4841,0.4548770460521464,-0.5418511286828183
4842,-0.5335958674050963,-0.4169537247508467
4843,2.2291405968454288,-0.08172745037328008
4844,0.14204236682268234,-0.2823902663245121
4845,0.31472184584749413,-0.4526245362544177
4846,0.03776828369444677,-0.18969531261096823
4847,0.1820852719163564,-0.37591399147774435
4848,-1.890127167506309,0.03782059251696448
4849,-0.1441149790196141,-0.14100597230373874
4850,-1.5483192879472076,-0.05458844263867534
4851,1.6724629102475097,-0.1023142906578534
4852,1.3268880468819637,-0.2654603104837694
4853,0.4305553847087951,-0.3311230580843937
4854,1.356441737611455,0.4778370982331948
4855,-0.6151240256200544,0.1016239913382967
4856,0.24956804279740644,-0.3340460063024453
4857,0.22562202967632844,-0.35355195765261016
4858,0.7904611629109065,-0.08785459994244711
4859,-0.9428630456079335,0.18100563893215513
4860,-0.30964931661771683,-0.23378014388479626
4861,0.673308175321539,-0.3180484615194916
4862,0.2419154860617457,-0.5113570248858265
4863,-0.7532500697241873,-0.4312846172310559
4864,-0.1533394001288986,-0.2607920503067938
4865,0.4003047903701023,-0.5004728233556024
4866,0.635982638609973,-0.46693773439499203
4867,0.5550583887061863,-0.34536767147808844
4868,0.20682452605489612,-0.12088340722114782
4869,-1.0200921872417694,-0.37751991129070495
4870,0.33310131732101356,-0.44106696908021165
4871,0.4901046820721283,-0.30568887613643847
4872,-1.0215560246047846,-0.04330584695788199
4873,0.06225487518568,-0.2950854081088719
4874,0.1601902608423842,-0.5418289124961746
4875,0.6691931420900766,-0.33406102124145814
4876,-0.491994639961103,-0.41885071624803716
4877,0.19878029108848708,-0.4494287559391138
4878,-0.9552746606946037,-0.3045938120820437
4879,-0.3894271681194322,-0.053999645545727414
4880,0.26350389378244937,-0.313784390466625
4881,0.9685437794059552,-0.3371249533496311
4882,0.44657646818663543,-0.3619396607628075
4883,0.8965706798685779,-0.11749843549126616
4884,0.31010773994592256,-0.19030184135223824
4885,0.3181947067678299,-0.005580398133390759
4886,-0.46365816181422465,-0.24766939667932167
4887,0.16684076366667802,-0.18624335266282752
4888,-0.4218384805300243,-0.417056923479859
4889,1.976567522438768,0.6714232793139949
4890,-0.826673897388188,-0.05253040163945427
4891,0.288375768290838,-0.04062994101083811
4892,0.6239326452028958,0.260151933459939
4893,-0.31884851263363523,-0.06535799725172833
4894,0.19070043349348345,-0.2865965024215576
4895,-0.703584822812203,-0.06643026750283224
4896,1.3852170354625135,0.06708415950032862
4897,0.14163434210977718,-0.06409603119835507
4898,-0.5733843643362603,-0.24309608780024822
4899,-1.449991605271421,-0.07236956518114711
4900,-1.5012461331401359,0.4142507768265668
4901,-0.7927279254424608,0.5187945705619567
4902,-0.2560849302612232,-0.17696655111365647
4903,0.95638789749435,-0.1802385083702486
4904,-1.1355070407542067,-0.2736170985876107
4905,-0.19125207319435303,-0.2634444265479364
4906,-0.34793950333961693,-0.36591724574429785
4907,-0.11619094286108114,-0.1699711102045905
4908,-0.01021241481311597,-0.4791462144265067
4909,-0.6549509392094095,-0.3358768237808887
4910,0.3017347230642688,-0.37332461701607417
4911,0.6046239534682583,-0.36994961439029667
4912,-0.4741115080011514,-0.4275197587958508
4913,0.6487288397212855,-0.41595137771645635
4914,-0.03670196510978216,-0.4463060278326215
4915,0.8835425595599375,-0.2035995073221178
4916,0.5716210285440763,-0.29413552824946226
4917,-0.33333043962097825,-0.36727115063774707
4918,-0.21678488275289026,-0.4583902473260114
4919,-0.295525719887726,-0.4344743126978513
4920,1.401721566194523,-0.1957943926056898
4921,-0.629073528978014,-0.4097596131310115
4922,-0.2391772697847368,-0.4870643859282115
4923,-0.8093602103098528,-0.32471275341422917
4924,0.25222437967635974,-0.4341255921626941
4925,2.2999803328616752,0.20808556319633095
4926,0.08216225981669248,-0.00020092203170123818
4927,0.36423005938419084,0.0027643018627165994
4928,-0.22353165065846478,-0.10814161767211755
4929,0.7217595435230848,0.0822858823549083
4930,2.810274109649848,0.7771428303940444
4931,-0.5710172872886267,1.6375834991030713
4932,0.5409118298222887,0.9077417215557804
4933,-0.1953723970104251,0.7108457916460429
4934,0.24845265947518821,0.40852783963172273
4935,0.5139967494247392,0.09105486157189985
4936,0.5094487777911517,0.008897809298785165
4937,2.8819666493620564,1.3336274611559416
4938,-1.1455628257306802,0.9028523362862363
4939,-0.5397192054570978,0.1686228682786775
4940,-7.0374198280598685,4.186482774383133
4941,-0.5617180248173389,3.2078284925279053
4942,0.05269380879568725,1.401425388013634
4943,1.8638714626110473,0.9832518269473723
4944,-0.8102586607052091,0.2876504927117518
4945,2.797420059344649,0.39647655221472194
4946,-1.5727592123706349,0.26167086914939536
4947,0.2505127049581897,-0.20203659304993637
4948,0.24384100159189656,-0.3088743731107804
4949,2.4278486128672525,0.3172791554052652
4950,1.154171479636698,0.21416493956938065
4951,-0.8588585304610689,-0.04953056218197956
4952,0.08344665001777843,-0.36813869433663127
4953,-0.6122072743754069,-0.3779357215121116
4954,0.713944660335647,-0.2862086654655195
4955,0.34950884641804203,-0.42184520095122946
4956,-0.8482497401256751,-0.3933855169474264
4957,0.7888659446753499,-0.5092782911331059
4958,-0.09911841749871185,-0.4617291406306104
4959,0.05177544401709247,-0.45803293304996795
4960,1.0181901675529732,-0.2908876999441111
4961,0.6772846810123354,-0.09577795170716911
4962,-0.08915899485696796,-0.12425852064523771
4963,0.8829840628451159,0.05366617353788652
4964,1.3968162245000304,1.669223992177265
4965,-0.5911087821509099,0.4140523156758847
4966,-0.33195292082040684,-0.020622608423480238
4967,1.1012977131384059,0.24486508615919114
4968,-0.1761333996704179,0.133945228199876
4969,-0.8943057746136199,0.1390660128450992
4970,1.9610051929656045,0.06491129031785928
4971,0.5255788792010344,0.5713926150573649
4972,-0.33602029996203286,-0.22554320217790436
4973,-1.0249957080728007,-0.07503140098980361
4974,0.16681855697465478,-0.33036162655244955
4975,0.5549194025479268,-0.01553801303818403
4976,0.8716090602056245,-0.06354079424304909
4977,0.34234727718801167,0.21060254413308083
4978,0.18899455665198908,-0.17469194914788252
4979,-0.08686149485094503,-0.2967293882525712
4980,0.8321062584457872,0.10132639189264761
4981,1.485466064751965,0.7927072949245543
4982,0.4197970378723744,1.0708488393103248
4983,-0.49490553949535276,0.28937375055378045
4984,0.09896728395585587,-0.08620684877079254
4985,0.7278748145905927,0.007882786297062355
4986,-0.4208346088412337,-0.1865309182313888
4987,-0.6039759327410644,0.07922616821164775
4988,0.6345548091572076,-0.1470125316781955
4989,-0.37910106238982727,-0.12379300850094806
4990,-1.7320491431162333,0.3605963535120319
4991,0.26663413795188257,-0.0597946054165152
4992,-0.6119571265421003,0.16150916408860974
4993,0.22470856055080107,-0.20177764958716934
4994,-0.6543382587356216,-0.020607423572717515
4995,0.7071773286298527,-0.21638962117347518
4996,-0.3228605193184682,-0.019072628451334908
4997,0.9456975574860449,0.021940275529018782
4998,0.43159115547891,-0.10178496269501962
4999,0.3370368242746813,-0.11425467898009053
5000,0.16078866679733114,0.49726822118129727
5001,-0.47266864174765666,0.14760231405552493
5002,0.17152681970345873,-0.019479515306207687
5003,0.5120093316173959,0.06872490850325175
5004,1.0765890705784749,0.23293248717480317
5005,-0.6799028962352365,0.15050682469825755
5006,0.06768361078610213,-0.13427704499627754
5007,-0.38886951577032297,-0.15500889209741597
5008,0.5300581153529229,-0.3408148344374561
5009,-0.1387954356564472,-0.3620790226383638
5010,-0.45447222113240926,-0.2148666490574224
5011,-0.3812392274645492,-0.07026806141432099
5012,-0.5841606109543742,-0.28226893001760545
5013,1.0229101837999566,-0.3493099763811608
5014,0.39943477460903665,0.05861575949099635
5015,-0.6326608871425331,-0.22358327595722505
5016,1.4020286126769774,0.05368437818284796
5017,0.11805381810835024,0.12531019091249443
5018,0.4956040409101669,-0.15253600615252477
5019,-1.405235143636983,0.14621138772378198
5020,0.6014913897507352,-0.25006306975228526
5021,-0.4274961555693474,0.31927208203742447
5022,-0.9995344138747021,0.08047867675888086
5023,0.1774377612751115,0.05381733110186099
5024,1.250461740997955,0.10166107744803297
5025,-0.30732187645528697,0.27805988597429115
5026,-0.2573321161481084,-0.0014923977269093243
5027,0.21407675652768432,-0.04026630024727088
5028,0.19834480782730968,-0.10170390466655649
5029,0.7540518829263764,-0.2092262968741185
5030,-0.7587992369007502,-0.15906970437066148
5031,0.6783365860485767,-0.25358201516091755
5032,-1.1304867264894993,-0.2088281380425568
5033,0.6504976872888081,-0.26080937801437304
5034,-0.8484279688930555,-0.2662030025655779
5035,0.2591241802136146,-0.4095324401278369
5036,1.1002688019933204,-0.09850674284857758
5037,0.08282591399466906,-0.36907891511575425
5038,-0.5766889925026859,-0.3335521691111885
5039,-0.16085561143668917,-0.3993915439033362
5040,0.6417256705786305,-0.3173403638065389
5041,-0.08331211062622397,-0.3685207332725078
5042,-0.16991963360818071,-0.3971518126169927
5043,-0.06356133111683474,-0.4440457582237268
5044,0.019946304085569508,-0.4681798867449475
5045,-1.3944816220513783,-0.15617240709945285
5046,-0.23310793539522945,-0.0013768889387178042
5047,0.6777873929738542,-0.336629390344181
5048,-0.530316225632236,-0.24176676689757756
5049,0.1344237331604584,-0.2622322845746976
5050,-0.14712319596631002,-0.31489098652894837
5051,-0.26115673644683224,-0.3981123054522295
5052,-0.6373820591148615,-0.3533774799263564
5053,0.6759974661843781,-0.5141996796058113
5054,-0.21104676277761528,-0.5978495828284659
5055,0.9674086290286179,-0.251034990170386
5056,0.13237827665329002,-0.42987713226610463
5057,0.4666080701498533,-0.40480717587452864
5058,-0.7621928891419544,-0.48014925344061693
5059,0.8680705700342516,-0.41445081158647196
5060,0.15444945573356542,-0.5705059119531996
5061,0.40779105057556086,-0.37540771470809325
5062,0.6148697788887183,-0.2653056114971147
5063,0.47040613534999137,0.047756779969548954
5064,-0.8271270049871813,-0.06035725334262407
5065,-0.06209229636188623,-0.3426631940195514
5066,0.30679096720522736,-0.3702420078979896
5067,-0.29307156751035596,-0.1333472571294059
5068,0.32018298292643044,-0.0186439831626352
5069,0.3856099679661906,-0.028907682244762124
5070,0.32373740040281257,-0.2527820529372391
5071,0.9913388605831371,-0.3625077699774008
5072,0.3452279200196019,0.054867719702924075
5073,-0.6799790894028791,0.08720274059899769
5074,-0.28962802363495616,0.07018204537905323
5075,0.09281005941273998,-0.2700785364130777
5076,-0.3661913125427214,-0.1521057268188262
5077,0.32206226427356377,-0.2773592053827873
5078,0.014108139659263217,-0.24842847312042657
5079,-0.8292305561936434,-0.10637605369359335
5080,-0.9245940199080466,0.3293698667590579
5081,-0.8997209714976476,0.1202702894973038
5082,0.9727080283641836,-0.1358501937237222
5083,0.21276295722385744,-0.27057626079449054
5084,-1.0768599350543324,-0.06162698830818168
5085,0.3335571315071931,-0.09621483732571812
5086,0.4166582985055629,-0.23201427029737917
5087,-1.281901713033199,0.03063416483592127
5088,-0.342634045757197,0.24713728306535904
5089,-0.0976388044527675,-0.0937239925030401
5090,-0.723548255437032,0.35816125840835483
5091,1.3832201579094672,-0.09901392573136404
5092,0.1906170816533281,-0.30180956479930143
5093,-0.40768803203808474,-0.07429875468675683
5094,-0.4383587340410922,-0.06626237574770717
5095,0.656925048987761,-0.34814564543670673
5096,0.250991750189478,-0.31394949455921095
5097,0.5151264257629271,-0.20999553624191233
5098,-0.05652933073119624,-0.3503127029482195
5099,0.4938338256451518,-0.2566401230352775
5100,0.19470168235662147,-0.0395253729950291
5101,0.25640844195468177,-0.36998196572209674
5102,0.4439110410439443,-0.3829406588540065
5103,-1.6079243952084357,-0.0008880227493421131
5104,0.1428175892413085,-0.40617242680829213
5105,0.1296719194278814,-0.33045818883448674
5106,-0.057779389680531874,-0.4730984565545633
5107,-0.6875124993489673,-0.33397713561713177
5108,-0.4964383798945544,-0.04239135845556599
5109,-1.6532188487383865,0.46180207645098964
5110,-7.617854950395081,8.038379528957169
5111,-2.942351959454928,3.6005898726366414
5112,0.9590311763330543,4.711797993071972
5113,0.4357268897577515,1.3858176201134365
5114,-0.27589377467781045,0.855176363876855
5115,-0.03738672341599163,1.1521929855244073
5116,1.3902830974997373,0.43875348319636204
5117,1.2633347881782722,1.5277870145177326
5118,1.9015962395768884,0.7627386037735701
5119,0.28341310743583414,0.4755881235585178
5120,-0.8854730467877384,0.08173541149984234
5121,0.6624752491934568,0.10303325638934946
5122,-0.014968657145621695,-0.15820596339358434
5123,-1.2921784136456145,0.45782903791382473
5124,0.8593837669417403,-0.0959453077183994
5125,0.09618737682082679,-0.26794342059006643
5126,-1.8905902513633648,0.1007756892554627
5127,-0.583805073775623,0.4122172340881657
5128,0.6102257133036663,0.8937081977240776
5129,-0.8347002514226532,0.0022564074782225733
5130,1.3547246094153529,-0.18886675305308515
5131,1.1876883245835808,-0.03557366950611001
5132,0.5384410181160058,-0.23069264639844256
5133,-1.6161695400454372,-0.21342757112263494
5134,0.6798745325319137,-0.3530977643434877
5135,-0.47805906918206353,-0.40688817455344733
5136,-0.5320318513677001,-0.2608167605623532
5137,-0.23490036109571497,-0.44276348284898664
5138,-0.824059299397888,0.256170320101736
5139,1.168540760911892,-0.027580517425117478
5140,-0.6169108339263298,-0.42769338498753323
5141,0.17240974151276386,-0.5334542124294723
5142,-0.8301864505894133,-0.2788858312491384
5143,-1.0658611416282933,-0.15732547148319478
5144,0.7826158551754648,-0.4345654705322316
5145,-1.2775067309295534,-0.1046117879780312
5146,-0.40261593897246867,-0.27738309678384737
5147,0.2282605662611191,-0.2534958723668969
5148,0.41783000544117616,-0.0622929525407501
5149,-0.17838302874276443,-0.4208051359904743
5150,-0.5188983134152556,-0.2645630209034411
5151,0.9599647696343199,-0.2547748794095196
5152,-0.630465851591137,-0.41066589759678146
5153,-1.2727713004764223,-0.19720032579570052
5154,-0.7198011487996302,0.021616386236251037
5155,-0.2994226089609237,0.06290193766710656
5156,-1.309456960994398,0.13180172476514862
5157,-1.3696697515617111,0.7397754028884959
5158,0.6791574296516487,0.2752384985280011
5159,1.0494687084219156,0.4212977223904697
5160,-0.5366901597820775,-0.13175082935346596
5161,0.8419023095363629,-0.17765752748370744
5162,-0.8148310013703427,-0.3136081601714079
5163,0.864186703933433,-0.16331293820975834
5164,0.809136344373377,-0.33651152347144353
5165,-0.15977047279044385,-0.2721260186437377
5166,-0.5497751032597005,-0.41759898601736006
5167,0.7018506294377691,-0.2732390467616102
5168,0.36159674448495055,-0.3681419590771845
5169,0.4303626118269317,-0.46022149644982524
5170,-0.09725555640330916,-0.5461307837615073
5171,0.8275980002069052,-0.18926030655612802
5172,0.5268481849060369,-0.2866707509118656
5173,-0.7077268908043555,-0.3765120170710769
5174,0.3583048656633248,-0.48051029845421545
5175,-0.09053560904692406,-0.42411175199393264
5176,0.538448882114742,-0.36135867037042346
5177,0.15082836556049883,-0.48399275121212615
5178,0.06706381509315404,-0.5027433918248826
5179,-0.6927192355709136,-0.3292011591208971
5180,-0.08360935913853104,-0.3317803943282726
5181,-0.2986580660310122,-0.4646196933668006
5182,0.21520907250884397,-0.39280134705326336
5183,0.027549886436923514,-0.48713580801252715
5184,-0.2075918394533427,-0.4705736926533772
5185,-0.7681855707661015,-0.24136602927622608
5186,0.3339581434197318,-0.3180283808751474
5187,0.7280194900604328,-0.3001955007438875
5188,0.07203427079016526,-0.43563336899869665
5189,-0.7693953563921156,-0.4011118527839874
5190,-0.5127645965199442,-0.26009946333480105
5191,0.5174066157417926,-0.2188257278372501
5192,-0.16451186123340414,-0.4004657067675458
5193,0.527287711954096,-0.4665242478715635
5194,0.627973214657932,-0.39771984931726945
5195,-0.22591557408105625,-0.3844157591840007
5196,0.4911556115947831,-0.4971895855121855
5197,-0.14631101076536424,-0.4857002463814686
5198,-0.34482579435418553,-0.40126340026579604
5199,0.11303790259489213,-0.46153859195944386
5200,0.8128632606577264,-0.09547506194517073
5201,1.1400745341451177,0.16985349828080498
5202,0.39209264988346765,-0.015571204537348345
5203,0.15877445949037966,-0.13989086711525298
5204,-0.031724822902708574,-0.3094316015978787
5205,-0.5349895279356932,-0.25613230592673863
5206,0.05922306004316349,-0.49305405496735416
5207,-0.6513632340848505,-0.09756696701137173
5208,0.12095911202947873,-0.34253693046822326
5209,-0.08171522366703783,-0.5492063841921367
5210,0.004113062197577707,-0.4533111862940289
5211,-0.5416571914946545,-0.3942711088870217
5212,0.4928619633998717,-0.36353978679413895
5213,-0.39774496648493446,-0.2587044997865322
5214,-0.5663233470337432,-0.42404057500979514
5215,0.5392541267317831,-0.4488419137688241
5216,-0.2840803163810039,-0.5522246604920189
5217,0.5862549444102679,-0.4799335219273206
5218,0.424483800073756,-0.47200480392195154
5219,0.27537182859724013,-0.45630490488420955
5220,-0.6959167642341594,-0.46755382597651785
5221,-0.23619987209128787,-0.48685984169801794
5222,0.30382362764636384,-0.5442259642381926
5223,-0.7559844563664926,-0.20668411590889652
5224,0.2617150736601966,-0.4914499930268088
5225,0.3956558796829818,-0.5476780218271856
5226,0.44893988956358233,-0.4532632582495846
5227,0.43023806724474567,-0.4014938356297056
5228,-0.4524566030100521,-0.533015809501377
5229,0.05443993376748458,-0.5639100773387259
5230,-0.16284479734324808,-0.558416328981851
5231,0.61814841224575,-0.5338626423910832
5232,-0.08355769494397289,-0.5551846681063065
5233,-0.3413528201569949,-0.5956455133228546
5234,-0.5247122418818279,-0.4731526048328367
5235,0.09639191966540454,-0.439554724081511
5236,0.0450130327095551,-0.5015351252955411
5237,0.07905795647772411,-0.4809813331254771
5238,0.2960890222142451,-0.5672012429475445
5239,-0.046446750617981244,-0.46781069042249124
5240,-0.12010124967900149,-0.6343786341311384
5241,-0.018700813715225056,-0.5718933744459409
5242,-0.1949256450267771,-0.5091340433761913
5243,-0.2414485943330216,-0.4846328969899481
5244,-0.628456652772169,-0.2659973643358742
5245,0.3008047078593029,-0.5414522634112269
5246,0.2086892947563577,-0.5429512218050625
5247,-0.5117927577232795,-0.4781181069338227
5248,-0.49723707692912167,-0.30671234663088287
5249,-0.4798693619777445,-0.4267147949480965
5250,-0.41591712047754925,-0.3299580487584635
5251,-0.2851079471500065,-0.013506729419792635
5252,0.15973456589389082,-0.2836315384097816
5253,-0.7997639704709989,-0.2787235118675923
5254,0.3132335378087555,-0.4689292285675958
5255,0.1406451582305782,-0.10057928196029366
5256,0.20156857559797425,-0.4376873118305916
5257,-2.448257319717071,0.7612794298875596
5258,-0.2646036394980474,0.019095076062053285
5259,-0.6441672877213392,-0.13966427541309392
5260,1.4407464568776243,0.21366348395882512
5261,0.3871558326556431,-0.3658830901401712
5262,-0.8066028671939862,-0.43517606702611844
5263,-0.3299587442145462,-0.3631473785507797
5264,0.7409625250654834,-0.405253514190276
5265,-0.1842084530761243,-0.3475658728702803
5266,0.8209105496149572,-0.36540806586625385
5267,0.657165628841294,-0.4036888241538365
5268,0.028920085270628688,-0.5427994345805288
5269,0.2843519037286163,-0.40808930093222257
5270,-0.3121385014779297,-0.5403814932841985
5271,-0.5952460308321913,-0.5157518646699144
5272,0.15666451674562706,-0.4987345918382172
5273,0.6464043816124675,-0.5461462923793254
5274,0.34301065953411314,-0.5532424653563122
5275,-0.40583554257951426,-0.5597280960978805
5276,-0.10088128641386034,-0.5679713717154589
5277,-0.23274584895821676,-0.5981761845261102
5278,0.36986702195627713,-0.5844461525022945
5279,-0.4268332325526734,-0.5329075215121584
5280,0.02390056060413583,-0.6112047055939057
5281,-0.15554156914910486,-0.6148396650763224
5282,-0.01182422362461722,-0.5177995864043238
5283,-0.9706815564914109,-0.3617245093630371
5284,-0.5408060939998117,-0.1845402388370692
5285,0.23277064604084377,-0.5016798859801895
5286,0.31989910926965653,-0.5355043499287314
5287,-0.8189484203248973,-0.4221267919812353
5288,-0.27875764108554013,-0.23931607134847716
5289,-0.22284219128745536,-0.34607539553070116
5290,-0.6270282540332114,0.3767369767700331
5291,0.20336898950911889,-0.2303269361787808
5292,0.12495197813911328,-0.26341609756968215
5293,-0.6455038537100841,-0.057217424420854375
5294,0.8756086090000568,-0.2913830771510827
5295,0.023552460836881367,-0.3433629601656494
5296,-0.3801581379377141,-0.4409797876675763
5297,0.3567024385105072,-0.550227435128141
5298,-0.6200878534816047,-0.09477527780687428
5299,0.8250222852987037,-0.42486228344718246
5300,0.22347858318663302,-0.40355041881486237
5301,-0.36692973557938197,-0.45949524683367987
5302,0.4917235685555681,-0.5142292403799194
5303,0.12082622344573479,-0.38634363419051126
5304,0.5879460594101082,-0.20545039310153318
5305,0.08581324908482012,-0.48202202147107615
5306,0.4201162776734902,-0.4038308905368659
5307,-0.4310064936143858,-0.36500595746923786
5308,0.6167948769832549,-0.38472455479995393
5309,0.32304238788197764,-0.40537632715108546
5310,-0.31271972819220223,-0.22032705622139345
5311,-0.060432311095615136,-0.4377045879097106
5312,0.25023018070010894,-0.4789561230016832
5313,-1.6280942271241192,-0.16539499246624131
5314,0.39616397070645537,-0.30614528406198394
5315,-0.6999365414745501,-0.20764685232314858
5316,-1.5120373453710745,0.6400586731301698
5317,1.3570864926038624,-0.04878259708014637
5318,-0.15085097349212837,-0.18008758134087652
5319,-0.325973629134103,-0.2966722326397241
5320,-0.8713006653399659,-0.08703643270633389
5321,1.6141105235910216,-0.31766051347522334
5322,0.1694398292408969,-0.4657167622211883
5323,0.5242043381107557,-0.39659461626825954
5324,0.08380637141260845,-0.5363432118560969
5325,-0.31638365272902996,-0.5091916990461072
5326,0.2847560803604653,-0.5177132598808676
5327,0.2789015650124792,-0.5307323713482042
5328,0.5135389350192199,-0.45448238371183475
5329,-0.46221068674795474,-0.5538700053320291
5330,0.08150750438194074,-0.5865272636941707
5331,0.10421205128382831,-0.44194401800077315
5332,0.37565956094960645,-0.5457503861479318
5333,0.19646683841142798,-0.558271947232266
5334,0.18264000539936048,-0.3987950129844286
5335,-0.5865394601036739,-0.42393430000493115
5336,0.1802777106093963,-0.4722888783451046
5337,0.29758330191724225,-0.6119819865854597
5338,-0.2293799767545489,-0.528140095522855
5339,0.6106010234498468,-0.5504816421068717
5340,-1.0618893711519202,-0.5252376647806261
5341,-0.1635892932522146,-0.4874651660877482
5342,0.0321577962032059,-0.6079224650971706
5343,2.7708110868704314,0.07811087407493975
5344,0.4125858924952814,0.11289852273663421
5345,1.0427463425079455,-0.21369743735065558
5346,1.0675005206387411,-0.04526979158541792
5347,-0.6561091445034107,-0.060813346065065846
5348,-0.8761370939888098,-0.12933350597846863
5349,1.085700101946106,-0.2632643056887117
5350,0.17213070946548817,-0.39075541353157783
5351,-0.4140214565576629,-0.3149703434668514
5352,-0.2100705990539138,-0.2786979439068167
5353,1.2623872268229954,-0.14437291421366988
5354,1.034765032992081,-0.08232233394036276
5355,-0.6945971168620926,-0.2887461063145031
5356,-0.1987616049379368,-0.2821031761509639
5357,0.8615513401752048,-0.36843882651294874
5358,-0.2865607370347885,-0.28660824680962366
5359,-0.19741913485805934,-0.37484450357099
5360,0.0007459476619934585,-0.48093810084192806
5361,-0.7526616717789514,-0.3468997907705341
5362,0.21599364413912722,-0.38143669767227206
5363,-0.13453749447054197,-0.5415998604888613
5364,0.9555453306835537,-0.34211812020554405
5365,0.36589443580413156,-0.27906692773965225
5366,-0.03347848994419986,-0.28818795182610346
5367,-0.14276908234780974,-0.4584997209792435
5368,0.19150785088069455,-0.44540142538871746
5369,-0.17929311056676372,-0.5144795809307926
5370,-0.08204837174374281,-0.4199565305863653
5371,-0.28867638376942634,-0.5239464958033186
5372,0.39920381822928197,-0.37340985861608633
5373,-0.04037137679560028,-0.4263233152685998
5374,0.08500911910180943,-0.5856313743263352
5375,-0.11175628392754107,-0.4072585814885864
5376,0.41927970388651825,-0.43178232340280287
5377,-0.5562911364198405,-0.36453665894118165
5378,1.04041297111246,-0.15273029121678353
5379,0.05671241343552773,0.10807088484873555
5380,-0.06191436905717881,-0.23544206895084968
5381,0.3916769675500781,-0.344726316747033
5382,0.37858581078006054,-0.45000116436974585
5383,-0.3897819923337519,-0.26168332773615943
5384,-0.3900779778292541,-0.4259913630988894
5385,-0.5421983379789759,-0.37353898593785156
5386,-0.20453014035404019,-0.34990265806398935
5387,0.4921572441910466,-0.4247112170168459
5388,0.023097310562666517,-0.548645490133471
5389,-0.6910358053274075,-0.25185427763423857
5390,0.013363435855160324,-0.4208853873584274
5391,0.08926518389697384,-0.4162849404793721
5392,0.3276323818055291,-0.4865564707297622
5393,-0.10676192094158718,-0.6358655868775975
5394,-0.5657219989229959,-0.441209685506384
5395,0.07226169086700275,-0.5031531711877547
5396,0.1231485551808841,-0.5260866502224111
5397,0.1844628709639624,-0.3687161918910252
5398,-0.18189341537553524,-0.4617544225221931
5399,-0.348761136691339,-0.5126493300484304
5400,0.18100928649986178,-0.43537921488890946
5401,0.21885712471810378,-0.4133913252706907
5402,0.46364987013651326,-0.43669212294066834
5403,-0.32781806180272705,-0.34764087292323126
5404,-0.031618272329849505,-0.2870535873358434
5405,0.008136147882550857,-0.29605788216616596
5406,-1.0819538722721143,0.08354352672564089
5407,0.5841058836851831,-0.283139601859761
5408,-0.4661586201879702,-0.25789161798416455
5409,-0.465190971177938,-0.3248133917408552
5410,0.33679494700152957,-0.3856056587828899
5411,-0.22484671787958352,-0.4710268600648501
5412,1.047223313737388,-0.37825513850707043
5413,0.5146347860397616,0.25327244982640756
5414,0.13955915960553153,-0.16167955828740996
5415,0.06023255537662655,-0.17903231780164935
5416,-2.390248129665405,0.5298479526602984
5417,0.5378390911428488,-0.1579781684817783
5418,-0.5021080858913515,-0.26158310122244155
5419,0.1618125415893017,-0.47755029165369217
5420,-0.5377264540373525,-0.3084841808723559
5421,-0.6078643500546266,-0.2950420299930959
5422,-0.22467174863140002,-0.1706190855989601
5423,0.6635863971305637,-0.432870181974801
5424,0.16580993044744924,-0.5134243330323073
5425,-0.10943892880130567,-0.5803850111563136
5426,-0.7065263812620052,-0.5050003673652785
5427,0.1334729317188134,-0.5230743544086387
5428,0.21938264682736644,-0.5480817778190061
5429,-0.30049503515031634,-0.5622999973351593
5430,0.2683661209783348,-0.5384674804336798
5431,0.45500918973372084,-0.5399201843995811
5432,-0.1563558859443726,-0.5932501032688771
5433,0.7773428419204114,-0.4439752183413163
5434,0.5951312805084485,-0.42815380850175666
5435,-0.7456188551140477,-0.4220156201622405
5436,-0.021242049403127624,-0.5626609287903727
5437,-0.23801912962196448,-0.5832320246420906
5438,0.40335395202327,-0.5646360452943175
5439,0.9902027974750403,-0.2995695559354959
5440,-0.6574692540406494,-0.44742861096313313
5441,-0.20163867644051942,-0.5284860593127002
5442,-0.7020930141319507,-0.4610650054427296
5443,0.18290498268427127,-0.5891922829821109
5444,-0.23259091574325774,-0.5444998731458147
5445,0.46063199847902425,-0.5754103764361499
5446,0.34565284107178523,-0.5541153034136164
5447,0.4166371286057437,-0.5149902936555419
5448,-0.5306721210374833,-0.4491772377084271
5449,-0.6270657334834261,-0.5656147580777672
5450,-0.2559370698749554,-0.4929383574681868
5451,-1.7968976528449003,0.39498681854018464
5452,-0.7154097894954802,1.254227618832534
5453,-0.1787278978779774,-0.2865136026208295
5454,0.43046021260226924,-0.39642229173147264
5455,0.40050188366616424,-0.3784137719397391
5456,0.8321388326659097,-0.3926250129259553
5457,-0.16337694653894497,-0.5139470344610669
5458,-0.5901898257533867,-0.3230980660940403
5459,1.6601064254813844,-0.15431482332507007
5460,-0.24292617994579593,-0.3093539131098825
5461,0.14282017667921063,-0.5268039406617666
5462,-0.25413625879559865,-0.5605551232787388
5463,0.1598408899046589,-0.48896300600587583
5464,0.3423303323685449,-0.5626419083976295
5465,0.0036444116314556614,-0.5453484924651459
5466,-0.4733900705896084,-0.35301512663051315
5467,-0.1313594534576949,-0.420468429796011
5468,-0.5570906961695179,-0.37524653363497096
5469,0.6015223306972289,-0.48382611252181534
5470,0.5247486864411471,-0.5085233600810404
5471,1.2943062829116934,-0.0915427126368676
5472,-0.1100668191878171,-0.23945866220531545
5473,0.5217584684275138,-0.32753864524292786
5474,-1.6786727724356452,-0.028244170424287843
5475,0.9501933942943177,-0.3932911781684673
5476,0.1060174905235334,-0.5282220561985073
5477,1.027357074663108,-0.1714215222407427
5478,0.13728821270954794,-0.27456954109930576
5479,0.7481501683234265,-0.06214112988111225
5480,0.4173906891524863,-0.22721669850792978
5481,-0.25159812906994766,-0.2349439919298627
5482,0.2868758153829103,-0.3892991118023367
5483,0.10842356445009618,-0.3719992277454265
5484,-0.7239295016637538,-0.1431802405665776
5485,0.24150209821257837,-0.3448067152219515
5486,0.5545897512982259,-0.25473258821574896
5487,-0.06049843128927025,-0.4376478482445155
5488,0.12364917975437428,-0.4541381932892021
5489,-0.3224819499762006,-0.3498667329861219
5490,0.0984234520130638,-0.5084378139810541
5491,-0.2319219137932132,-0.33329466346495723
5492,0.15233498018787855,-0.3610091502097652
5493,0.09450103892723685,-0.4738090829781656
5494,0.10932752651829386,-0.4840916995021154
5495,-0.04119548067913553,-0.3953582650979839
5496,0.694437550658023,-0.39874115709451147
5497,-0.9433976204382349,-0.37160433493101697
5498,0.5211825876613336,-0.47127018826877093
5499,1.9899172837056243,1.0202409478161976
5500,0.17268142846165144,0.49343590236391244
5501,-0.7854253303330665,0.18574602852841451
5502,-0.9916847630866373,0.20353278870621241
5503,0.7417495935743861,-0.09728686563961246
5504,-1.7671658932001135,0.25524487335289114
5505,0.06834168736257774,0.9719239822413277
5506,-0.5049851457317106,-0.16639000705977966
5507,0.49038837426665755,-0.0045863000331356815
5508,0.39012140443753973,-0.2663336757096499
5509,0.7368830599238714,-0.19680365981070025
5510,0.2661760741807716,-0.09784981088338288
5511,0.017855817026501457,-0.20829981104708462
5512,-0.16858105116983302,-0.29983595423432996
5513,0.9841552115922049,-0.21626963629828472
5514,-0.6550802729089906,-0.3178985202146749
5515,0.14762420882051885,-0.25652253094575894
5516,-0.20666178074974131,-0.40149519573048426
5517,0.6477282457240721,-0.2768649353441828
5518,-0.34660101963455214,-0.22168114465082336
5519,-0.11532117415122609,-0.4403161832671154
5520,-0.4851217100046257,-0.3173337929982629
5521,-0.32671192684679773,-0.3841373488243157
5522,-0.1779858091124667,-0.41415177085732635
5523,-0.11512307685290887,-0.3460632084871284
5524,-0.28544612661448066,-0.5193883254575348
5525,0.2899388035956731,-0.36623847895182726
5526,-0.2001914698208564,-0.5714077779557607
5527,-0.004775843028569104,-0.5187142256417024
5528,0.2564845331347491,-0.6098061652691857
5529,-0.4445260139680732,-0.5396258870646272
5530,-0.06362590087791878,-0.514453958576632
5531,0.5117389608903594,-0.4478618316061762
5532,-1.6930216986230833,-0.23325525837544575
5533,-0.46611522802455413,-0.2754365270544382
5534,0.1847450530444762,-0.5160157428644806
5535,-0.4273128846101821,-0.3109993726481948
5536,0.07162972491315306,-0.44089819027992383
5537,0.3214620942800282,-0.4303500526185621
5538,0.08460251729247056,-0.5459012191967788
5539,0.07591635686712796,-0.5299850196774804
5540,-0.5329230143107478,-0.5568626456618921
5541,0.4480212064807511,-0.5197118160109057
5542,-0.1077422935008302,-0.5337292548590014
5543,-0.8874282205296558,-0.25503037438385234
5544,1.0489288271334836,-0.34597990933590583
5545,-0.04894988177748894,-0.534373879915759
5546,0.6019404629008026,-0.3301618277437609
5547,-0.6068194370777905,-0.4258028345531063
5548,-0.5278094419636387,-0.4797330925006589
5549,0.1459291077403369,-0.43778924384945883
5550,-0.7636160600605796,-0.39928931451276517
5551,-0.17424586028124425,-0.31591602601587293
5552,-0.5518250611779593,-0.1281392454727909
5553,1.016022973789602,-0.4047727631441383
5554,-0.32905569281831126,-0.45970773248895397
5555,0.48159464754433523,-0.37974387597739356
5556,-0.44177522023057664,-0.4288590928834893
5557,0.5568309327046259,-0.48141750004105666
5558,0.1451618564794474,-0.4883685364514953
5559,-0.38159600140741406,-0.5564469253415334
5560,-0.4232026646424828,-0.48689894570618786
5561,1.19847444609767,-0.3746860783497964
5562,-0.0534426548639983,-0.49227024619317905
5563,-0.6132675924652795,-0.38184629648549323
5564,0.20300453280536773,-0.5885740469593845
5565,0.01971989762604414,-0.5236155292945657
5566,-0.09208566416545329,-0.601676996706607
5567,-1.4684051296451128,-0.031859576992553255
5568,0.4890565992686666,-0.3906701090164979
5569,-0.20799811129141269,-0.47610435252231215
5570,-0.23245352795572152,-0.5085718036228314
5571,0.6513771992420916,-0.4543823526703486
5572,-0.0705992524184822,-0.5190648453781576
5573,0.5724905585908134,-0.49685941864864813
5574,-0.4778449537230643,-0.40352189271769606
5575,-0.3756612204905733,-0.3788403963816085
5576,0.5955253497399071,-0.4653588995070978
5577,0.5466656554235271,-0.35467571129319847
5578,-0.10649693519623941,-0.44739893947796927
5579,-0.7792395968352872,-0.2945582265062165
5580,-0.564081361326316,-0.41708910155025103
5581,0.5186695323364044,-0.22908370754695537
5582,-0.036447460680354926,-0.4986151028806086
5583,-0.3135770126760959,-0.2741229334422585
5584,0.21608499041654605,-0.44992015138337316
5585,0.4109917883672232,-0.42535084948942176
5586,0.39311475055377654,-0.31228992696621055
5587,0.021831450821179096,-0.481148243260648
5588,-0.3654648828710716,-0.4489457044494056
5589,0.5745387296325283,-0.41292294277806396
5590,0.2655067066565523,-0.3865497608438037
5591,-0.14386782549656427,-0.4132986641329366
5592,0.5074360143789977,-0.30998662704477353
5593,0.22686528475079054,-0.22362410686625797
5594,-0.6769979751453279,-0.2748233022563391
5595,-0.23088111379695475,-0.369407350211827
5596,-0.35354668872930706,-0.273736994571896
5597,-0.8035663532404559,-0.020267872656626353
5598,-1.5095265388229937,0.33782670893879896
5599,-0.4993554417955327,0.4146138489955875
5600,0.19840937102742418,0.2856478956134995
5601,-0.9600818507897712,0.10646079925351384
5602,-0.5575732765544562,-0.06366122383721887
5603,-1.1774948588907872,1.0606266273379983
5604,0.8244159597426262,0.10691116626560755
5605,0.30604785805641455,-0.26127004964113165
5606,-0.8833955509089904,-0.25958918126135677
5607,0.5575070486061452,-0.23279672248299202
5608,0.822500204800866,-0.19149576458461925
5609,-0.33298620055551936,-0.404811641846321
5610,0.46590275145986665,-0.5180970882480435
5611,0.7406483119073191,-0.16876664125568472
5612,-0.3041954999087148,-0.45286390942913
5613,-0.8212547598752363,-0.40168968194467963
5614,0.6243232428059553,-0.433992869108356
5615,0.6201406205326192,-0.36758823715506883
5616,-0.8792630723832539,-0.3295241480362546
5617,0.43383934664632195,-0.4763681596745449
5618,-0.9579064856142453,-0.311536923707979
5619,0.7369688478045741,-0.4200486499239637
5620,-0.6034965838503455,-0.38804061849251653
5621,-1.484158104052458,-0.0005764514740763515
5622,-0.21712330091984966,0.01968994792270677
5623,0.47649001737421226,-0.40911627661743444
5624,0.6145131105947873,-0.24080201033104
5625,0.5253898186762156,-0.46289485324073687
5626,0.24017198554587696,-0.518582629827919
5627,-0.0991835005694685,-0.549829624740197
5628,0.08257212585203412,-0.49651210687287356
5629,0.4891233491751859,-0.5425408852713384
5630,0.25003539733524677,-0.518244870800903
5631,-0.7136652047205972,-0.44973009956948723
5632,-0.23787003941660192,-0.58211978617998
5633,0.20729936117595318,-0.5061352237417037
5634,0.3355530079157264,-0.5582509155409261
5635,1.2579772983977993,-0.14265168672900408
5636,0.2598063499738168,-0.27784844064396963
5637,-0.032752516642189713,-0.4751646449151075
5638,-0.25693965459496926,-0.41577990727644826
5639,-0.6963671416286612,-0.21393258547184968
5640,1.8974657941724817,-0.0355821509740626
5641,-0.30193076411921105,-0.3448842891825859
5642,1.9651392721139918,0.06228299627104729
5643,-0.8793332065432767,0.12650211624380986
5644,-0.35766910739728686,-0.545255339805423
5645,0.26802174938091367,-0.4410622740434597
5646,0.30331167698557265,-0.20943867493979562
5647,-0.6313853482574866,-0.46786319163173806
5648,0.7205196611052178,-0.142687301113251
5649,0.5045479706487547,0.14584182458349024
5650,0.7107559897150102,0.06293112694215176
5651,-0.9737588750352173,0.036730184950229686
5652,0.035488633405879176,-0.4247533111062175
5653,-0.7919851205305817,-0.1165024871642141
5654,0.05221442109769333,-0.33132849916995083
5655,-0.6040867579158385,-0.3899822414868955
5656,-0.16979383902635767,-0.3171916495342944
5657,-1.5112130935954429,0.274989606102503
5658,0.45935819899969854,0.15236027160080842
5659,-0.22045749632878922,-0.3436709739901064
5660,0.34948623194752504,-0.468346068655557
5661,0.5007068174372661,-0.45219237553088154
5662,-0.39844103695204186,-0.3558056607953521
5663,0.14314301283100486,-0.46660460725295705
5664,0.5663891129258712,-0.4554309633616959
5665,-0.13645362358612134,-0.4917231642661925
5666,0.07593972474197666,-0.5795493687888301
5667,-0.008680783207072619,-0.43109028965406254
5668,0.2451294079884373,-0.5175757393485946
5669,-0.42743518148163273,-0.5190462841357958
5670,-0.08591194180445544,-0.5173327255871469
5671,0.17481385559082788,-0.3063014504433037
5672,0.3036284825481305,-0.32176107629763706
5673,0.1248044059625369,-0.38894528739135553
5674,0.5601994582736182,-0.3765473860849383
5675,-0.0007157704411494722,-0.38699900346048377
5676,-0.11892302212620326,-0.4735570526858839
5677,-0.12752459433527227,-0.43148963486082165
5678,0.2565650020336951,-0.47514159192873456
5679,-0.3299845524042338,-0.46067141499292386
5680,-0.12431979375441436,-0.5969972404232842
5681,0.2172845255366511,-0.5064496410117765
5682,0.5179910851574543,-0.33019293302600616
5683,0.04706809186495997,-0.3997963126247018
5684,0.0933048133314609,-0.5273475444106716
5685,-0.12153186729990008,-0.49599629779557686
5686,0.09448651684113207,-0.46508989664104183
5687,-0.6403163986105612,-0.3004169397268448
5688,0.08301637664269813,-0.4470357248416934
5689,-0.9001663071963011,-0.2175515483574944
5690,0.2632060336335889,-0.4110086305935474
5691,0.631129098626292,-0.42839973136740256
5692,-0.5620529407340387,-0.2734720598190698
5693,-2.0445352055251784,0.49906596368005257
5694,0.15460253435253118,0.023819615843997815
5695,-0.7511481355695633,0.09459839529428583
5696,-1.173115366009459,0.5442827385264005
5697,0.8215172543878735,0.5106950386712207
5698,1.1567796546518765,0.13124165584364864
5699,-0.4281408710819411,-0.274020689622683
5700,0.22491717187126162,-0.49118069768896666
5701,-0.8143336381628637,-0.23311302082590332
5702,-0.400553274221315,-0.2558182942210578
5703,-0.036935044900525155,-0.20698398846289595
5704,-0.2352177319372231,-0.4125303598578437
5705,-0.07414037447832669,-0.40191724666992334
5706,-0.6262315076004125,-0.10012072919453816
5707,0.08574584637033564,-0.2730560133499749
5708,-0.24648028387549512,-0.4042809838539027
5709,-0.5954118980395208,-0.3272860118198546
5710,0.7688899556794867,0.15346726722761383
5711,0.6920968717912162,-0.3214632928222257
5712,-0.7041279051382091,-0.314373501665021
5713,-1.0402835789652247,-0.20063223758097706
5714,-0.594571469339534,-0.25261780353466995
5715,-1.1999415361012975,0.6148699770245322
5716,0.5993999844228437,-0.08341964210048788
5717,-0.4364116424126621,-0.226137322101783
5718,0.48752325731527596,-0.1408693859895624
5719,0.5652936360789066,0.09081330276526772
5720,0.552156760672536,-0.49669281169641694
5721,-0.5567818667216996,-0.4009914375902413
5722,0.6379766819246933,-0.45338332047506125
5723,0.37771973874754394,-0.4121069327003269
5724,-0.3248999963630789,-0.3186472819742911
5725,0.6891331383162482,-0.44783240855439316
5726,0.5163081966560739,-0.5234479838835019
5727,-0.477989699377986,-0.437566761336959
5728,-0.3959528278756014,-0.33704858179722136
5729,-0.3589170427568179,-0.5543126022131258
5730,-0.7644516966087601,-0.37892878279807984
5731,0.0835501301191265,-0.4895285605982724
5732,-0.7929286363362407,-0.2132647566002751
5733,-0.06549640786474861,-0.4640339310765003
5734,-0.6265259865174317,0.1363232363553175
5735,1.0725744024023751,0.008780290303095456
5736,-0.16167984752599412,-0.3527060993573354
5737,-1.0261033699306874,-0.06208094470562212
5738,-4.84136447909808,4.830880300313578
5739,2.1645594035213716,2.129381302689474
5740,0.7929635243112622,0.386359802810572
5741,0.02025672757085806,0.00927494056556605
5742,-0.7306973688039283,-0.11471182858149777
5743,1.0262522184852232,-0.07125902194315098
5744,0.3382306826288717,-0.2713299591674263
5745,0.45233896771501547,-0.09903683518243382
5746,-0.6096142458127273,-0.3020788646050774
5747,0.22166204842929005,-0.2187135233775731
5748,0.4074526999571866,-0.387460715424074
5749,-0.30665711376042565,-0.358361605740681
5750,-0.2270293594110784,-0.4788944470619836
5751,-0.51194703176203,-0.11560992379528152
5752,0.10509296441059833,-0.43316203666351905
5753,0.3880471316083595,-0.4445926389065275
5754,0.39316271535830677,-0.444483628850626
5755,-0.09996192660573622,-0.38498123024000974
5756,0.3248179983670848,-0.4526730801836797
5757,0.1482784485914955,-0.3679686084277664
5758,-0.2894882116559349,-0.36024073973521337
5759,-0.6763310037033174,-0.2976120975532793
5760,-0.7331908988136003,0.03308354624716812
5761,-0.43212278746721006,-0.07189173457369229
5762,-0.23474782707508351,0.09733932822161288
5763,-0.5265708056144822,0.04853634618888737
5764,1.0251407030419057,-0.17365840918288247
5765,-0.9037827194676901,0.1048107694935952
5766,-0.4836676482653504,0.2789402675918932
5767,-0.03493430902526568,-0.12641542135823808
5768,0.6522176688506979,-0.2750729808452985
5769,-0.04065387123897255,-0.28103889444870617
5770,-0.20953687938964585,-0.3698271005049125
5771,-0.16324593681802077,-0.35845497606708726
5772,0.36054919429504817,-0.23319787994436225
5773,-0.9294570608191896,0.3028435634702681
5774,1.8963254050849236,0.19195409369380048
5775,-1.0274580846877404,-0.09634913678397719
5776,1.2310229255631673,-0.2415467140002639
5777,-0.04173122647376139,-0.4390412710864045
5778,0.7128868572181125,-0.3122259149026807
5779,-0.23796105031775538,-0.2978377037588439
5780,-0.2393690052417784,-0.42696914850493256
5781,0.04036207499294362,-0.44902914539735145
5782,0.48193026091315244,-0.3393702046564263
5783,-2.254535035136966,0.36874045060280386
5784,0.5567685731845274,-0.2027664453833487
5785,1.6559908825649563,-0.0837197171301313
5786,-0.546800894151347,-0.2004807760186288
5787,-0.4888090421046915,-0.29410595846828325
5788,-0.23234616708440625,-0.0400632486626519
5789,0.4903458598817282,-0.018467488770898897
5790,-1.6969566760888943,0.2067587806474791
5791,0.5047714886238971,0.04450842536742257
5792,-1.1512146678577087,-0.06075203557071179
5793,1.1222868447613579,-0.0846001737703631
5794,-0.4820912274942129,-0.16853153114973815
5795,0.9381811933186494,-0.09961493326768774
5796,0.5719002569714708,-0.414050350651505
5797,-0.6200227118564403,-0.22519160094226431
5798,-0.7265683224379942,-0.41597423561697494
5799,-0.24854334779765355,-0.38927224439375774
5800,-2.4363097769273465,0.5327672146659015
5801,-1.6097720135106859,3.653478096466135
5802,-0.796158075186421,0.7459804325142001
5803,0.9491951421297169,0.35026784437207875
5804,-0.2713966451180361,-0.17098324254730787
5805,0.25876295496796475,-0.1515444713137577
5806,0.1734110015845292,-0.3098526614588215
5807,0.7775463911753359,-0.14786125967613425
5808,1.6305244868901965,0.31129993516364823
5809,-0.10117422345562432,-0.3481045689704651
5810,0.5363150495669552,-0.42760271222713675
5811,-0.17460171704682315,-0.4514418283466904
5812,0.35602287070482824,-0.40671371016534036
5813,-0.34529163578652733,-0.4960279550377269
5814,5.0574344275155334e-05,-0.37302503591251435
5815,-0.6721832641840517,-0.41189745221697155
5816,-0.0839552324459282,-0.539705443351095
5817,0.8215139386153554,-0.4129444520308302
5818,-0.7429291937510462,-0.5099973297182234
5819,0.3872330034090177,-0.4503117645217523
5820,0.051121865732602294,-0.5151204955529692
5821,-0.8020463000254727,-0.4422631939575785
5822,-0.09005020300299627,-0.466955762809965
5823,-0.13342537626144071,-0.44624046078210383
5824,-1.2596558345584328,-0.19895089715775072
5825,-2.3127980569135436,0.25383736850082267
5826,-0.539331764924622,-0.19348831261079447
5827,0.32148798032891707,0.0008436776223374946
5828,-0.6455324745811621,0.15583899821688477
5829,0.05889321257823738,-0.2924623885044088
5830,0.23869329776736128,-0.3048826835576652
5831,-0.6526200426957964,0.10878309419276674
5832,-0.7062365160698023,0.3129030748215226
5833,2.1065431375789165,-0.00996693307449335
5834,-1.6990777277589169,-0.15974817880229839
5835,0.6325588365666179,0.033419878100389336
5836,-1.1089295592638007,-0.02355834959883515
5837,0.19708690218376212,0.7341454319064905
5838,-0.7915203520639214,0.34794742958844044
5839,1.321857397676938,-0.002052801021580013
5840,-0.47476196498821294,-0.21750394029676273
5841,-0.7557068347108749,-0.16227877150364023
5842,-1.2354727338602665,0.10653745325871734
5843,-0.16436756379733575,0.07081813903438244
5844,0.8389404056616669,-0.035776885033951364
5845,0.24142345359927908,-0.19939045705082764
5846,0.4198206444103801,-0.28064736098501886
5847,-0.5760343514090658,-0.26989888792224065
5848,1.161970438014068,0.10326139259759377
5849,0.05420354406666581,-0.3630249464134222
5850,0.5106305223474399,-0.34990437496478066
5851,-0.3834888296512486,-0.39112910697771336
5852,-0.16970503198308923,-0.38164824218879984
5853,0.3847560388027794,-0.5043663834043629
5854,-0.9967700241786094,-0.3955570442716341
5855,0.5354360286764422,-0.4416213357935227
5856,0.5196201763831008,-0.4708600103522899
5857,0.6345700416809602,-0.38723053603712965
5858,-0.43813546558620825,-0.5362076134794664
5859,-0.5997264586590472,-0.3823153796028062
5860,0.3553742455853123,-0.49778487085921347
5861,0.005460856859668376,-0.4152650207697551
5862,-0.08431681335079978,-0.5289486268301413
5863,-0.26413177310090064,-0.41883896850134517
5864,0.27168957270449023,-0.3588684466298701
5865,-0.594228274170572,-0.26405814526673616
5866,0.6374960937367008,-0.16121553139882694
5867,0.040583612300136074,-0.45911950227807463
5868,-0.900830551834395,-0.38071232971598984
5869,0.22243790439055386,-0.3959863815505006
5870,0.08015756520970746,-0.4542168636859633
5871,0.5407797651624234,-0.1335125542581029
5872,-0.6556927549092962,-0.35781103540551085
5873,-0.7402600146722212,-0.3829963006194645
5874,0.5711920468246847,-0.4100038920138909
5875,-0.6477904739961539,-0.5042913450417141
5876,0.16760269704903458,-0.5363620409489445
5877,0.13905422251755728,-0.4400180482301702
5878,-0.029391891495337292,-0.5023116374866303
5879,1.6190572024897347,-0.1154723938170656
5880,-0.3323763670335715,-0.2641355933524575
5881,0.47613818140670333,-0.40839673638305163
5882,0.9656599681157599,-0.3063233282992526
5883,0.560929400990954,-0.08665581467272501
5884,-0.3569183760622705,-0.09109010250723051
5885,-0.1325890546806263,-0.42321459960220603
5886,-0.08165794531640759,-0.43548814859184715
5887,1.1111471795410326,-0.018502107185022636
5888,-0.1257962075741001,-0.3219932810886191
5889,0.3032374528156753,-0.396919579571042
5890,0.31696632094321897,-0.39576472564445325
5891,-0.023126171648950426,-0.37614201479438664
5892,0.9791658017206908,-0.15446588131590025
5893,-1.1271535048996415,-0.07911210748188988
5894,-0.11721548923067335,-0.48134809295568043
5895,0.6415043260107693,-0.27004906690970015
5896,0.5275504028910885,-0.40531535813877617
5897,-0.6707097393999236,-0.30661850631921966
5898,0.39532294088765624,-0.5575524736839691
5899,0.04463321520211028,-0.4228439737532791
5900,-0.2580639247516841,-0.5075265497250576
5901,-0.0760001750839932,-0.5417624083707162
5902,-0.7817189454820578,-0.24756246738674756
5903,0.9030800586009866,-0.5312322944187822
5904,0.11824813661485807,-0.5758991435667201
5905,-0.38415336111023896,-0.5680891847532308
5906,0.24715357438590713,-0.6235994751575542
5907,0.8554437712730121,-0.33526280680348247
5908,0.18321431445782219,-0.5504613594133485
5909,0.04612294660330357,-0.5656566418725372
5910,-0.10123036331029776,-0.5354397017073623
5911,-0.4165400358740694,-0.5640018066997761
5912,0.4082001672967523,-0.5752379536920158
5913,0.0040275429775581606,-0.5766961651438202
5914,0.30609987102715464,-0.6032762106521486
5915,-0.17731361288311895,-0.20705098106427697
5916,0.38344257745522575,-0.5955973470849262
5917,0.06139154037593978,-0.4433389859932088
5918,0.0003151325166291217,-0.6007164795829513
5919,-0.28902641011624897,-0.5110788249919641
5920,-0.3600641975073156,-0.5756972297567416
5921,-0.04368490200018462,-0.6161179819526135
5922,-0.5654351338636288,-0.5488580177102221
5923,0.6020710074546027,-0.3330002407534804
5924,-0.5590475846467624,-0.3480531504065469
5925,-0.1725732171128585,-0.5787141319092102
5926,-0.13873670270296679,-0.5419855092027606
5927,-0.6051250173921492,-0.43869857577017546
5928,-0.42829129832893137,-0.367252137983571
5929,0.4780006877778082,-0.5675954807348103
5930,0.01695293097052802,-0.5775945520166177
5931,0.27734075064337865,-0.5354289704871457
5932,-0.43166755583076305,-0.4630500959429621
5933,-0.7533973725137815,-0.4747280231110428
5934,-0.37095159603931327,-0.3411734724976684
5935,-1.0315881922605625,-0.18334923883401472
5936,1.0227858274716295,-0.39703908467684024
5937,0.34139541261156114,-0.5980594958644907
5938,-0.14825000029586566,-0.5690697900081819
5939,-0.5873145837375536,-0.3642362561702425
5940,0.13075687151591928,-0.4634410337585249
5941,0.6697301913177222,-0.529229238938074
5942,0.2551382911273264,-0.5230779900528144
5943,-0.004378568767199101,-0.5261140703526813
5944,0.3972600441116075,-0.5219730992234304
5945,0.8180237861526152,-0.5163075717737722
5946,-0.14818843547652202,-0.5236057123563526
5947,0.05647527361494542,-0.48688276176982104
5948,-0.28811314042341213,-0.5858470692011608
5949,-0.11702223493315266,-0.5566508894976058
5950,-0.05859111462763673,-0.5935883901439316
5951,-0.7654924024839601,-0.48906040309550297
5952,-0.08254908484410516,-0.5177101265333457
5953,0.04527924948645571,-0.6663999635847051
5954,-0.3142554639154203,-0.5854816500028632
5955,-0.1046357787297389,-0.4190685940650023
5956,0.1293337117336972,-0.6331260529584064
5957,-0.29218524680153024,-0.5535685549317313
5958,0.1392685161001405,-0.5753976807477402
5959,-0.43154860009560764,-0.5305109472776457
5960,-0.16737914174780902,-0.5398037964984176
5961,0.2865052900219041,-0.5565360002100495
5962,-0.15272465062904877,-0.4061371757622464
5963,-0.5554871099123887,-0.3768900934804036
5964,-0.9035734567736637,-0.1602202890702606
5965,-0.6872220935697638,-0.2183180129436454
5966,0.23329924582459707,-0.0412347006776746
5967,0.40840902705371335,-0.3907004258728994
5968,-0.09429261755448988,-0.45291856754042226
5969,-0.4385188544544918,-0.4146828777967755
5970,0.6232886056998775,-0.4492322413028537
5971,-0.26284668759016316,-0.47564640948568737
5972,0.6658872768977039,-0.4652153959734798
5973,0.3988736948345952,-0.4334604365469183
5974,-0.27795561903683236,-0.5863475886437441
5975,0.172116999213454,-0.49452600364419935
5976,-0.543227013935447,-0.5489865616728374
5977,-0.7246371358306953,-0.3090217399547686
5978,0.11933604400721771,-0.48906724571382626
5979,0.8614847732799611,-0.4111337641742112
5980,-0.10754860055895278,-0.5273857605468575
5981,0.7045721338269799,-0.4859011082537425
5982,-0.3183617165833629,-0.5117898651504437
5983,1.0412295951204216,-0.35159070461463837
5984,1.3153518493214065,-0.19470580861465703
5985,-0.1829790270997966,-0.33022941593420285
5986,-0.42989503140169677,-0.30539409094759223
5987,-0.31307639582071817,-0.5051693302729652
5988,1.0539066388608085,-0.3835687386488503
5989,-0.1743276519886454,-0.46991309270624304
5990,0.05088458817190789,-0.46387348367014175
5991,1.9546369043464937,0.3159361618685164
5992,-0.005899886255025078,-0.1391328150890213
5993,0.6539618910018559,-0.22326001539485762
5994,-0.793724197905038,-0.21458040399147454
5995,-0.14584548149625914,-0.391245773459598
5996,0.08022872211563384,-0.5982918635278315
5997,-0.16702712780766563,-0.5370771934051385
5998,-0.0077831587744348635,-0.4980496117307061
5999,-0.43549062994542637,-0.4246025321633223
6000,-1.1425526991034785,-0.25609319473877196
6001,-1.3410375753717934,-0.16802148666009697
6002,1.7157460297115497,-0.11918443824143171
6003,0.054027797410973764,-0.32315461605177276
6004,0.416785209387673,-0.5638167130760668
6005,0.06734109262637429,-0.517802296764787
6006,0.39571423063731587,-0.5282127156375273
6007,-0.5770424620255585,-0.35090184082874915
6008,0.6770182643181806,-0.5566850706440781
6009,0.4888678354453955,-0.509799610827784
6010,-1.0358394075620165,-0.3639389805134427
6011,0.5703834775330123,-0.5261515198511706
6012,0.2676376163290537,-0.5444172669509505
6013,0.2920936798536473,-0.43289713929147744
6014,0.4242772923527814,-0.5599612306067542
6015,0.9885441773864054,-0.2999756016277917
6016,-0.8747308950259205,-0.26513262463615866
6017,-0.12650901274616458,-0.49754241684495204
6018,0.20246136238801127,-0.6200059291651147
6019,1.3023228034799166,-0.1625436903419339
6020,-0.5008254261392266,-0.40799320808211975
6021,-0.12298754778401964,-0.5719232142808756
6022,0.03830290294430288,-0.5606668834303854
6023,-0.014322716673527129,-0.5396585246046828
6024,-0.4927530308577012,-0.4546922451559758
6025,0.5754589892502732,-0.44380552922139804
6026,-0.3774281342656862,-0.5172037203617645
6027,1.3001812168651445,-0.2415044668210136
6028,-0.617546250217061,-0.4350713537376365
6029,-0.5163413358868203,-0.4917559653067186
6030,-0.07341093008967361,-0.550834116404834
6031,-0.46364796905606703,-0.33163061386377013
6032,0.08992345923216885,-0.4189513336019802
6033,0.04264159386545633,-0.5507068441578533
6034,-0.9876864562339501,-0.2966155549313595
6035,-1.0851337866035728,-0.19581898468799228
6036,0.20101869045886508,-0.3465235238032579
6037,0.3889928338589149,-0.41480757619040687
6038,-0.44539630103429,-0.5251550734998713
6039,0.5526053653852122,-0.4877648328359856
6040,-0.018907552520215122,-0.5724119994210065
6041,0.08379503135524584,-0.5453095943477694
6042,-0.5335690258915915,-0.47537970986330796
6043,0.7405066733738516,-0.49878377699799903
6044,-0.28519992598626365,-0.5680885492247109
6045,-0.8109371074090782,-0.49430956702521495
6046,0.7584430037329715,-0.4998685640845594
6047,-0.2619189113176551,-0.4601082543780089
6048,0.7016248817454294,-0.4093432744488611
6049,0.7943840711485115,-0.2711367098322516
6050,-0.25414452610668686,-0.5244182266896887
6051,0.7204217728393322,-0.41808202447372383
6052,-0.38509752031708944,-0.3415897342837307
6053,0.22122860169336503,-0.44398648726261
6054,-0.4445812961489041,-0.4966809468403856
6055,0.10692085346789769,-0.3932921850779401
6056,0.7653607672952569,-0.3717361654918634
6057,-1.162543720000412,-0.1777914826678601
6058,-0.41751890264708563,-0.2392040395190356
6059,-1.6372152942003944,0.24175391357755133
6060,0.0487940143498717,-0.3626662073586239
6061,-0.24979161367928807,-0.45980058874286234
6062,-0.15604133046921131,-0.47117525388536624
6063,0.48094899114802603,-0.1552107566494932
6064,-0.8142982615121329,-0.03845299183230198
6065,-0.222358180337076,-0.39150363788874804
6066,0.3009302666159145,-0.490259844843669
6067,0.03500202981786389,-0.4232634243011051
6068,-0.31701152253060494,-0.5132785018198859
6069,-0.6525173204612814,-0.38272731401385096
6070,0.23125687967190542,-0.4038338902820208
6071,0.061484663047290056,-0.3315799563932265
6072,0.20678680537217997,-0.44583907395440675
6073,0.9346525609989065,-0.27522759153219617
6074,0.006030663687311061,-0.5096822264847557
6075,-0.2928592346553477,-0.3800227215533439
6076,-0.18866424595928272,-0.4712122397131983
6077,0.792522800007129,-0.018369178022952456
6078,-1.463266996993399,0.009128095657915575
6079,0.7565325085383006,-0.06718024334714287
6080,1.334599621635133,0.08183850080321496
6081,-0.4151001992119834,-0.378883649521596
6082,-0.25824711112477156,-0.25434061793002855
6083,-0.019559383159986066,-0.4270190442975042
6084,0.4867634207515136,-0.3404583972638854
6085,0.1818035795315074,-0.4592850903830033
6086,0.07318326870548122,-0.5412955375057108
6087,-0.6961053569243324,-0.279491808881335
6088,-0.42186831523381474,-0.4992475348892356
6089,0.15115131414750663,-0.5209553418968766
6090,0.8654149210826901,-0.4155188031308581
6091,-0.5340762437987354,-0.3828606467033029
6092,1.048635520313204,-0.33747999280576674
6093,-0.5678095619419699,-0.29202035265487747
6094,0.6165647894479569,-0.45999570812728735
6095,0.04680534630799629,-0.513606367022201
6096,0.7750478231920941,-0.3345168526110577
6097,-0.8500815411208905,-0.39759702728194835
6098,-0.3049159957049677,-0.4811280277132786
6099,-0.49443866961034916,-0.47530225408442356
6100,0.4130046817689026,-0.5722923771872164
6101,-1.0049541263168906,-0.3069223324901581
6102,1.0539498311709468,-0.4353063121201446
6103,1.7633649859682983,-0.1000306661856094
6104,-0.11634537383232153,-0.4621840841332978
6105,-0.1207491603285268,-0.5069255322540952
6106,0.06409564693383277,-0.5701846207943101
6107,0.8685811290654128,-0.19711197164583064
6108,-0.5432195198683387,-0.41268498663749986
6109,-0.118371134797462,-0.5554929502121331
6110,0.8893284484024981,-0.40632203445981824
6111,0.9734690225634509,-0.05765959365352882
6112,1.2357933540825299,-0.09750900119460233
6113,-1.1098032217137175,-0.32230865270438047
6114,0.3182035078227784,-0.5619172476797473
6115,0.11831088621382035,-0.294541349846149
6116,0.5356667763107614,-0.32132558896942687
6117,0.20378396901240234,-0.38563402412380704
6118,-0.37518801015414815,-0.4061987325125332
6119,1.243023616900548,-0.01814178483274785
6120,0.041509376695492,0.005896020655297919
6121,0.5275193850738437,-0.39100387970984457
6122,0.12853191171942824,-0.43327416570860405
6123,-0.013242854188193844,-0.3042146233035268
6124,1.0291979714031556,-0.25196206908946484
6125,-0.04324782411261942,-0.3581704709370821
6126,0.6273294675645253,-0.20086751110377601
6127,-0.5158167464283139,-0.14729408028981625
6128,-0.765572386528278,-0.23063294558259748
6129,-0.03862402431542525,-0.3913833156921989
6130,-1.2306024953034063,-0.12096854916878262
6131,-0.9412496945686978,-0.2128160557803656
6132,0.05015698694852498,-0.45438693374130457
6133,0.18894339193826595,-0.4645046114288279
6134,-0.06454344747947743,-0.49590588895279525
6135,-0.46852073782702675,-0.5147445940419081
6136,-0.07705589807516523,-0.47555293288728595
6137,-0.1974130191991829,-0.46255156840509865
6138,-0.2506860576574685,-0.5289013899757006
6139,0.8086617132004976,-0.39014570527408
6140,-0.1891595689955945,-0.5951442028654177
6141,0.31881799323761484,-0.49630775919434134
6142,0.3795630619308608,-0.5049894129746381
6143,-0.2842522657101966,-0.5115834316938321
6144,-0.4775449346482957,-0.5461530365014656
6145,0.28437608957651356,-0.520806907430784
6146,0.63246851986634,-0.3488562329349296
6147,-0.3107073676548965,-0.4547778789209038
6148,-0.44984136627881444,-0.44121605593835433
6149,0.23477291872141065,-0.5540837476365235
6150,-0.31192068028118325,-0.46208878485524213
6151,-0.5875735927148513,-0.38198867183461405
6152,-0.21298464266512018,-0.39223735524942144
6153,-0.0733265799559753,-0.47551863228633684
6154,0.5162435940143077,-0.5207129695276181
6155,-0.01214403182220774,-0.6416184350929978
6156,-0.2772144629261162,-0.5910710424650236
6157,0.9188565544159866,-0.3971039827283663
6158,-0.04395780479407673,-0.5284156312593558
6159,0.41951859041116024,-0.5136953516533895
6160,-0.04425601617323852,-0.540581916906387
6161,-0.044140752640516714,-0.4863247777880759
6162,0.04247513115680113,-0.5907393713947442
6163,0.21113141148295106,-0.4543756357676324
6164,-0.3883539555546078,-0.5244481275276766
6165,-0.2110424600195572,-0.5538505699354797
6166,0.11870201314331613,-0.5063918171087802
6167,0.27802834518705655,-0.4190142904380349
6168,-0.040255319392308524,-0.48770219756483596
6169,-0.17709975468659978,-0.4544042929862868
6170,0.12144011336386745,-0.5336561039664284
6171,0.35009504095086713,-0.4002451076602787
6172,0.2406456979966545,-0.39822370928848844
6173,-0.06737718213360416,-0.09278436571654589
6174,-0.613807685859189,-0.2123136122316755
6175,-1.0919785736096488,-0.06507309832755752
6176,2.29762377946224,-0.09892695384850891
6177,1.559536884786714,0.18856315929384113
6178,1.0688321012188824,0.4272528632991403
6179,-0.67115167927499,0.03869000605178319
6180,0.9229093336665898,-0.0892942043355907
6181,-0.10528066462634757,-0.2937795589290042
6182,-0.39465933177871354,-0.2641486501792785
6183,-0.3748840588901684,-0.17852443951737254
6184,-0.7227564676417482,-0.1945061014441133
6185,0.4494620093782231,-0.3787784393573286
6186,-1.3811780663557607,-0.020837659035244104
6187,0.3521508272617625,-0.3774172519687751
6188,0.7123421934097147,-0.41955690547068314
6189,-0.6884289270986941,-0.42930744910241175
6190,0.1332664339240396,-0.5511714873440686
6191,-0.875505767376507,-0.4261246809781451
6192,0.17963071523259802,-0.4705702942763275
6193,0.5234842087173656,-0.36789436134810305
6194,-0.07654731435671987,-0.573351076713424
6195,0.38880448711577875,-0.4900791018652982
6196,0.6551509815175104,-0.36052954523811936
6197,-0.28922804287113424,-0.5556099283106879
6198,-0.05684922897111872,-0.47176686621229896
6199,-0.9961731106151293,-0.40781733953971805
6200,-1.9474730578138166,-0.050755920131179494
6201,0.8817247298354073,-0.09954780486940706
6202,-0.3300816217425896,-0.48340918429190355
6203,-0.41518573706712,-0.38611187486026044
6204,-0.06790077352902367,-0.4028630332768265
6205,-0.786154045880542,-0.4824532346778635
6206,-0.7385663425907469,-0.27972869906971154
6207,1.0616452257802504,-0.21774188772664577
6208,0.5396488164838481,-0.5043454557264417
6209,0.39553245677888327,-0.4575931496601613
6210,-0.23709164907708258,-0.47845097512345175
6211,0.08245006773349645,-0.5785041679781344
6212,-0.6880054467838421,-0.5444513469352313
6213,-0.36837827573754645,-0.47734398141519435
6214,0.13740636043251608,-0.5925200559736017
6215,-0.04456297848547378,-0.4180165970126273
6216,-0.15945047468075843,-0.40554938897243253
6217,-0.1618889928887637,-0.4132337547432007
6218,1.0465108852889837,-0.35900078767878674
6219,0.862551520160956,-0.23497942267066768
6220,0.15226215671692428,-0.4523309525039495
6221,-0.21647429444860364,-0.42064677859369476
6222,-0.024539355480964236,-0.5461948440257629
6223,0.7073756704754586,-0.2588147577953541
6224,-0.386212614059743,-0.46262363597958533
6225,-0.4053029119059097,-0.487774220992009
6226,-0.2723075358933409,-0.5707141139701499
6227,0.9133376819416964,-0.3574181126679379
6228,0.0732853661232718,-0.4000125967901496
6229,-0.0012602930184116238,-0.5365242323444858
6230,-0.29078991749305344,-0.4123701448518466
6231,0.36694569141179284,-0.442460864069201
6232,0.04007655975023436,-0.4988160557611959
6233,-0.4486259149992818,-0.5416101990981929
6234,-0.13746055037410096,-0.553761845244095
6235,0.1608193150964793,-0.36126647727890193
6236,-0.4885046066010593,-0.43024511825425227
6237,0.1867195637545036,-0.48496489867799775
6238,-0.17088391294624172,-0.5610350379720719
6239,-0.1410172896757424,-0.5137399047859348
6240,-0.009873083691782105,-0.5206313408523766
6241,0.41455629970370594,-0.49524171860248273
6242,-0.3335511685102417,-0.5503899732504602
6243,-0.04564421744445821,-0.540546434699691
6244,-0.1266618247805527,-0.5398004227582777
6245,-0.08971564107017603,-0.5582779132737
6246,0.2461361275058791,-0.5806586116648979
6247,0.30834094736588247,-0.513397489087663
6248,0.3263334849821939,-0.36528033704119267
6249,-0.08560468265318211,-0.5618462201050978
6250,-0.10174904220534411,-0.5681790255682786
6251,-0.006387765550240934,-0.5106444371736788
6252,-0.005185456343755344,-0.5542955738660571
6253,0.49524714679639864,-0.4254842900346318
6254,0.28314290408735365,-0.4059763738437641
6255,0.3523360741453811,-0.47019761113118175
6256,-0.9000635389469523,-0.41644277670953944
6257,0.026050354817780435,-0.5016997702093122
6258,-0.3636277960447802,-0.4751770498635173
6259,0.15287328439307843,-0.4240738584719149
6260,-0.9183849838028374,-0.22581386598870812
6261,-0.5021239564715957,-0.22062887781847523
6262,-0.2632893768195643,-0.24039526021243884
6263,0.31893549244462616,-0.32681755525191714
6264,-1.2608311071333327,-0.08203936061809564
6265,-0.011614994622953113,-0.037681190907509196
6266,-0.03236591966443541,-0.48601923826833865
6267,-0.3452850508953621,-0.4690839600843908
6268,0.12646165479719726,-0.4222875081235006
6269,0.5251514195182638,-0.38150676150346297
6270,-0.715197902723999,-0.4038900078925604
6271,-0.8174509005549951,0.5534032455407821
6272,0.32646922796199207,-0.24189488445877697
6273,0.3775367539910653,-0.41575763683869416
6274,1.2196793530726728,-0.19420976693864547
6275,0.09828541341578387,-0.32671212283732426
6276,0.7246272246218528,-0.0741043911712458
6277,0.14647926073875592,-0.3084890313107026
6278,-0.3411230814276627,-0.30522659881272735
6279,-0.29300168257102355,-0.45289627161057566
6280,-0.4428698764777543,-0.39396718264265895
6281,0.4726359237429638,-0.572789968637328
6282,0.2568271918312035,-0.5695928044482436
6283,-0.49095123984739664,-0.40184745827618457
6284,-0.9342029915001915,-0.4160474481011666
6285,-0.27784873982985825,-0.2318625724988918
6286,0.1338108279069803,-0.517631001941391
6287,0.07993035235870288,-0.5447739747794234
6288,0.3668323723618586,-0.5394948378062168
6289,-0.2700891740283944,-0.5341586871752092
6290,-0.5515855683744612,-0.5183292000770485
6291,-0.2710372299637307,-0.6007012750554995
6292,0.06881472733806246,-0.5606770047256419
6293,0.3639342854533955,-0.5373273661373843
6294,-0.7332559858581938,-0.4571750163525067
6295,-0.9434941515537955,-0.2592506064564024
6296,0.030758865696287066,-0.06500051133566137
6297,0.014491505281224351,-0.5531889777651383
6298,-0.44622525649607964,-0.3310672290883504
6299,0.155621523739667,-0.2860521446840352
6300,0.07056723135918679,-0.41713752416134
6301,0.8928712249132157,-0.26702481120836896
6302,0.1349116363542557,-0.5306703419771391
6303,-0.2639000250534567,-0.40088333422233013
6304,-0.603751584976279,-0.5035086766341899
6305,0.47410418874754623,-0.4721709451803241
6306,-0.4943650893364977,-0.479710551215285
6307,-0.3697615412147709,-0.4672225280735689
6308,-0.06576798395233267,-0.3855239136670184
6309,0.4523975465756133,-0.5658663344388578
6310,-0.4353621356923028,-0.4588186054559163
6311,0.10034281623780818,-0.5024829467848373
6312,0.46181708068875343,-0.449271013041065
6313,0.30245843026476865,-0.4448019742365149
6314,0.192366296149611,-0.5179077692947778
6315,0.4002814992761273,-0.4812294696892591
6316,-0.36207359526059685,-0.4808077846384714
6317,-0.31899192952469646,-0.595755456915371
6318,-0.20433305168692556,-0.5186693565252851
6319,0.8361865402599157,-0.4495656104441683
6320,-0.4913739279962213,-0.46747190350154944
6321,0.951255425029426,-0.21260180422984773
6322,-0.7226199611046162,-0.4856815436977089
6323,0.004929164847760107,-0.5415781987713736
6324,-0.22618298565991338,-0.6300337486359249
6325,0.22574321396012,-0.5281891089346067
6326,0.21364700299856704,-0.5631788747874579
6327,0.3065587094523392,-0.45187199483426166
6328,-0.0022651476722603207,-0.6178683280137757
6329,0.29604813920698664,-0.558989010426926
6330,0.012439440159026809,-0.5943686769975854
6331,-0.47412308644335033,-0.42028310194372903
6332,-0.4921841025764831,-0.5376413253841285
6333,-0.4873994770159428,-0.40043882224721034
6334,0.011502184549534814,-0.4807744231769612
6335,0.1380080138732638,-0.4621517418669742
6336,0.4714198515203722,-0.3611217934718693
6337,-1.1751665720994169,-0.22229569189031947
6338,0.12129710700335929,-0.46341076798957526
6339,0.38821934475318887,-0.4373094814174433
6340,0.6776727880769321,-0.43286874640259626
6341,-0.6124738296604868,-0.34970103761268706
6342,0.0541402171533418,-0.48281452667557057
6343,0.26891001483143495,-0.45694974537550526
6344,0.17731565626504323,-0.4452033706982151
6345,-0.1827224316675683,-0.49590909887689266
6346,0.21415712547729732,-0.5110921634479937
6347,0.42016767361474266,-0.40770925852806283
6348,-0.02983261254312298,-0.407433183216847
6349,0.289875870005557,-0.4911761452326396
6350,0.1723654981385991,-0.5358153578089286
6351,-0.1946110131651445,-0.39833688350942714
6352,-0.7975355336129498,-0.4185007705126186
6353,-0.26862872140986577,-0.1580858990442957
6354,0.2834209428171632,-0.4131618724724697
6355,-0.2063939795919624,-0.4784833199011871
6356,0.4416778288233298,-0.4715575481332177
6357,-0.08092263588042892,-0.5522077069786911
6358,0.26087393570468664,-0.5759438496796286
6359,1.0397558803033207,-0.27625968309285803
6360,0.928244018587035,-0.18041752078814494
6361,0.07991668896835029,-0.2910363763873782
6362,0.3392087227544807,-0.029834158220470714
6363,0.34623236479567093,-0.3177913381715962
6364,-0.1102053764255581,-0.46296698868456904
6365,-1.0365071514452189,0.02750632869832066
6366,-2.2609417516828936,0.09144703676644486
6367,-0.3823568195238393,0.14566798607815337
6368,-0.4542052313416454,-0.019358924841820214
6369,1.2232314374999131,0.268098138924449
6370,0.396210225050725,-0.1630887301397376
6371,-0.7833073790379387,-0.3798800021041742
6372,1.4067133346998457,-0.34270067407481647
6373,-0.26899649260595654,-0.5601183304295665
6374,-0.6672656445849612,-0.43513213328800265
6375,-0.9444669744653708,-0.34478832379057056
6376,-1.435411045412568,0.16758020980226424
6377,-0.6946930002171243,0.15889774429740924
6378,-0.7876663224806776,0.19751144787280137
6379,0.5843590828718911,0.08222761306416349
6380,0.15715694134150637,-0.3580056630092859
6381,-0.3433251651172509,-0.44743703050498135
6382,-0.13372071673344071,-0.4457994678352286
6383,-1.8501601170078534,0.33953388113837224
6384,1.7063496102329965,0.1199310848542871
6385,-0.6511146721631006,-0.15038371744812562
6386,-0.14469567463639602,-0.39599576580255536
6387,-1.7426344124578121,0.03830960892614578
6388,-2.335021486495386,3.8865739199896776
6389,0.13751720041891588,0.13363034035665466
6390,-0.8305162396714421,-0.004484262945448169
6391,-1.504694891231799,0.7490028396386119
6392,-1.0995501698868402,1.9407473784792826
6393,-4.292411484904637,2.9973033907634865
6394,-1.2753136683852557,2.024022529095763
6395,0.8459104582344914,1.2854812940822016
6396,1.553781729997247,0.4387366325093938
6397,2.2236573655737297,0.6700187940611072
6398,-0.16408524992300488,0.12599951766519307
6399,-2.073613302811845,0.4524839702133947
6400,0.7805123225499808,-0.08491486849098788
6401,1.0045656079199785,-0.12930829247976477
6402,0.235646851681034,-0.2243345224303897
6403,0.3576261903518124,-0.24922864131759778
6404,0.39337574704568756,-0.12973822604682278
6405,-0.7681959124145129,-0.11973977761637204
6406,-0.3619275682197071,-0.2899403020630399
6407,-0.36363617566726697,-0.2140678759940136
6408,0.5765563514040841,-0.022080803764102503
6409,0.883561172721076,-0.274862665058622
6410,0.48352171760947965,-0.33256368452397317
6411,-0.20622336859045357,-0.4019150136342191
6412,-0.04223551778028465,-0.4293521183073829
6413,0.22487877784176252,-0.4161507132664369
6414,0.03833167805486556,-0.42296424082391115
6415,-0.16928606474698926,-0.411783149073175
6416,-0.484610325256409,-0.3449861300485006
6417,0.9182941134496188,-0.3447773087335818
6418,0.9775894343598096,-0.27796245492331945
6419,-0.20599802320928207,-0.3986156864907505
6420,0.8273787467496128,-0.21409825707208813
6421,0.7252233706963122,-0.2752159623402895
6422,0.37221654915326485,-0.26517047954078343
6423,-0.10829607134118849,-0.3857286917885037
6424,-0.031603660088276905,-0.30129825582509945
6425,0.6889860204849574,-0.3436968741360633
6426,-0.08897759773247904,-0.40158431736807143
6427,0.23544658041494626,-0.3944632269786096
6428,-0.7363713263859717,-0.32595966212528427
6429,0.7714636088444182,-0.47781554392973136
6430,0.06073966373955636,-0.43938437830562693
6431,0.6333774094905327,-0.1383028455551871
6432,-0.6036968543770297,-0.35825985761224133
6433,-0.12064525855761558,-0.49299531451189
6434,0.2699438343002623,-0.48153908711204946
6435,0.3332402531833305,-0.5381869888477794
6436,0.30793820499089775,-0.33780234218831473
6437,-0.6829071710977886,-0.3173250005598042
6438,-0.07002356586704006,-0.4570749661683575
6439,0.5175106865997416,-0.35598455984192956
6440,0.05714925304002309,-0.5297430034908628
6441,0.08848707416044756,-0.43634115916119476
6442,-0.0050593150899955275,-0.5231534641264362
6443,0.6243533827990319,-0.30230985305160296
6444,0.015650294952727434,-0.23014012040261456
6445,0.18727423761942932,-0.43048958122473385
6446,-0.3476844387640065,-0.46789268198624384
6447,1.0094056638667928,-0.37586878082153324
6448,0.022960315996013246,-0.3773047562087315
6449,-0.2880531612974655,-0.4320410356721477
6450,0.25277131106455714,-0.5269304371611622
6451,0.3841415091984265,-0.45001078136954037
6452,0.32188329344621913,-0.37147789564344913
6453,0.17596900421107675,-0.41238261773544477
6454,-0.01645820899155601,-0.3791103945822548
6455,0.39013649537537526,-0.25425561612444564
6456,-0.04701934669869068,-0.38875655603300086
6457,0.017492155359683768,1.505471272718453
6458,0.0498165552583723,-0.3858795110777367
6459,1.4377793992040386,0.09347544103373759
6460,-0.19938101346801207,-0.33811573874400386
6461,1.1659619013048472,0.11407406634431312
6462,-0.71763936649937,-0.1819475539995342
6463,0.696261739635608,-0.22565378492360802
6464,0.414059605063483,-0.22789115151052788
6465,0.440559950796278,-0.27851454046965257
6466,-0.03031251440553422,-0.03927251084835344
6467,0.8528240339786685,0.08128036340326028
6468,-1.4246214204310585,-0.003094787444728828
6469,-0.5575745096483216,-0.02829163911921965
6470,0.8597019067023876,-0.278726001295047
6471,-0.16192833434167947,-0.5116219922938293
6472,0.020346565688160023,-0.301940017178511
6473,-0.5618628765436764,-0.24386037393448964
6474,-0.5091083176446837,-0.37228137138890355
6475,-0.592398835765275,-0.22429952480685303
6476,-0.23376067487995256,-0.3197146737287169
6477,-0.08008510665074155,-0.44514279044524335
6478,0.9908074924298057,-0.2556100894714026
6479,-0.720597491933862,-0.3404240195313359
6480,-0.6766518056952006,-0.39027033404587563
6481,0.2729017485059944,-0.38905636018474427
6482,-0.34945443476947347,-0.5316207853442634
6483,0.30701342621967403,-0.49189986392149215
6484,-0.821623376085551,-0.504796126581118
6485,0.2215575937367533,-0.44441293829032597
6486,-0.21958629885672346,-0.40126276228891417
6487,0.4367423112512585,-0.46789011383389656
6488,0.029922731413396946,-0.5550558629706099
6489,0.41627405331162953,-0.5224854834512209
6490,-0.5085293503266567,-0.5118838431845766
6491,-0.3338644781426678,-0.532918606450247
6492,-0.04138101913961165,-0.5294434600647995
6493,0.7305392106441634,-0.47845355104194454
6494,-0.34657259646566113,-0.5448483154501913
6495,-0.7741517280802861,-0.3719065271003051
6496,0.24840605762150936,-0.5648696909901979
6497,-0.26892632296143637,-0.5841585237854314
6498,0.4376873836932071,-0.5108456056118674
6499,-0.8615475593375534,-0.42819808032923634
6500,0.5120191698653631,-0.5562414754641146
6501,-0.03254550366580642,-0.58325699730177
6502,-0.26953839420340264,-0.588433492237317
6503,-0.7001427123305101,-0.3592094336190234
6504,0.44708597938044664,-0.1587278921659875
6505,0.7771202425162477,-0.3939316614534711
6506,1.0215413232249138,-0.40587209451511663
6507,-0.16398957747837545,-0.4830492076597235
6508,-0.5533474118189047,-0.5109626061501956
6509,-0.0025949891136085677,-0.5643185957415499
6510,0.1616338278162735,-0.57652864725059
6511,-0.06162730682107573,-0.5143142409576251
6512,0.5096954594455273,-0.5326211390983471
6513,0.0598700451610614,-0.49698376777742803
6514,0.6013561222698799,-0.48252936979906624
6515,0.6562650594393937,-0.47513342883173454
6516,0.03855592764427942,-0.5187559226935446
6517,0.3016214181213726,-0.5125536094170039
6518,0.23017553517121836,-0.4803734218575937
6519,-0.59092891398607,-0.43049880272946955
6520,0.03570019695124255,-0.597324390706038
6521,0.21898731090461449,-0.5721951167630893
6522,0.04913613727292061,-0.5363232943227539
6523,0.2924487224526814,-0.3913649895773543
6524,0.19481019239922878,-0.511728977269855
6525,0.5644771484169305,-0.523775480554965
6526,0.02073982540231723,-0.558237353484846
6527,-0.3034042900385822,-0.5166837144290648
6528,-0.2100553928324336,-0.534710661483826
6529,0.6224780923997739,-0.5214871476291882
6530,1.590470208843891,-0.06961485792015842
6531,-0.7993256042752871,-0.2646444396546245
6532,0.36077751066466807,-0.3767292300158861
6533,0.0808976942395367,-0.48862171794677906
6534,-0.22686194195009224,-0.5089986749047687
6535,-0.2536010850018919,-0.46474046163071514
6536,0.1621305792899982,-0.554208925311905
6537,-0.3128274847261556,-0.5116271668111216
6538,-0.23393014165628054,-0.3342638301066623
6539,0.2869570580225866,-0.5348238396204675
6540,0.13421848286929827,-0.548150452838737
6541,-0.5451915749755221,-0.49739663057422107
6542,0.148453806162296,-0.5437005996819716
6543,0.5537306452715482,-0.4887615825006806
6544,0.5306916159588229,-0.39150954209264405
6545,-0.32092925809300926,-0.5195512972023384
6546,0.3324817209896596,-0.500352609790202
6547,0.026723229025173243,-0.5678149008886515
6548,0.3101636904977109,-0.5197380245733436
6549,-0.2581534980376148,-0.49671727213777206
6550,-0.1390200816291327,-0.5607883812235289
6551,0.28715360724832856,-0.4953242949582912
6552,0.18949442359273228,-0.5364190082882785
6553,0.6718611675659453,-0.15995469696379055
6554,-0.4378805382453101,-0.47541603181208597
6555,0.2510312317265216,-0.3473970596504573
6556,0.00021182499085653375,-0.4015482445203703
6557,0.44431289972150995,-0.5125119742484767
6558,-0.30121762745084363,-0.5116823040249424
6559,-0.07265660705914966,-0.5353496229607819
6560,-0.2559856387169839,-0.4220224266385014
6561,0.2829715528047367,-0.48700020761810275
6562,-0.3038096309196483,-0.5688265135091877
6563,-0.16214425957479323,-0.5079142774464067
6564,0.22925590886515587,-0.4391275353700645
6565,-0.358452153972293,-0.5847359802099024
6566,0.3000240907213118,-0.6000177414495541
6567,0.10685997382255977,-0.4505686254512279
6568,-0.5806819726611879,-0.4618949163032176
6569,-0.23098722634967095,-0.3751042849503703
6570,-0.35837503286379635,-0.5527828093595474
6571,0.5066952420183836,-0.4864750708550679
6572,0.0394689892223622,-0.5904439190653719
6573,-0.2652469588866275,-0.5966255831098349
6574,-0.38538338960107066,-0.5189367443585399
6575,0.5752322880552676,-0.3656527014801266
6576,0.4377076332063906,-0.4900509204847858
6577,-0.6017009809405345,-0.517025221151354
6578,0.07839310483899284,-0.4856573648825932
6579,0.37390938111819416,-0.5120467546937244
6580,0.4051462377711409,-0.5548447931828993
6581,-0.4416724065438717,-0.5095710830543747
6582,-0.024855367529284016,-0.6060206252842015
6583,0.45060871347440856,-0.582461664687349
6584,0.13355676669684938,-0.5900785104220202
6585,-0.32255878794638837,-0.6345198285668749
6586,0.25370408495035185,-0.5818491317973369
6587,0.13777520389308215,-0.49905594779934787
6588,0.14760804322433874,-0.5925709605488385
6589,0.2276101761172522,-0.6426451322398671
6590,-0.1841866328312828,-0.6122950174045678
6591,-0.22346438220092046,-0.5931461010328503
6592,0.10891517339949498,-0.6392239275956465
6593,0.24677557163386857,-0.5357220362020095
6594,-0.1758025535814149,-0.6248442539240617
6595,-0.6867665866311241,-0.5458727104922435
6596,-0.055015532699540605,-0.6490780528035821
6597,-0.23349146612053026,-0.5236784424148333
6598,-0.00036258224005396533,-0.5577024694684345
6599,-0.5737394456199888,-0.46399674633394417
6600,0.05646394567198601,-0.5985144050139128
6601,-0.09016837767177234,-0.594815284109914
6602,-0.02601500374072972,-0.5898304762042952
6603,0.1313765888917004,-0.5464309114258977
6604,-0.1488824510519204,-0.6053519487790147
6605,0.6423638626498794,-0.4137841463974392
6606,0.3082594697948562,-0.5782285299364253
6607,-0.6426021139366269,-0.4742128793481209
6608,0.013095952192939379,-0.5870432822760163
6609,0.3579643150204615,-0.5967218896844636
6610,-0.39558374062270385,-0.552291004405924
6611,-0.10634405037453717,-0.5685205915829137
6612,-0.008889406009208404,-0.6271902262987663
6613,0.3169534660458121,-0.5893201986958052
6614,-0.16008616064362616,-0.6011177499856933
6615,-0.12871113311775287,-0.5686207257025154
6616,0.14190476139565528,-0.6342886235681165
6617,0.42295672598171263,-0.4656360204989923
6618,0.16415439196341197,-0.6224342955828263
6619,-0.4080075107899956,-0.589316887691347
6620,0.4458957684192274,-0.5317598713146245
6621,-0.3165170423811127,-0.570192391157304
6622,-0.20545585003935268,-0.6149006953281669
6623,0.5209255339088867,-0.429027411360121
6624,0.145029712093897,-0.5497493062729086
6625,-0.15123656624627904,-0.6031061948531266
6626,-0.35293933617787693,-0.5373539434094792
6627,0.2462677245683683,-0.5112569994045733
6628,-0.20753966602525578,-0.5308430035582373
6629,-0.35932237826198493,-0.5280015411519403
6630,-0.09558040258681744,-0.5226234819284342
6631,0.14003150863054428,-0.549045465223123
6632,-0.13427180937416436,-0.506578624194607
6633,-0.0484310241888815,-0.5274539458626788
6634,-0.1362007622743641,-0.6022508003263591
6635,-0.5316373767325552,-0.3797758376965895
6636,-0.7227184951480728,-0.11369597721529662
6637,0.15821296874551874,-0.3890703462199039
6638,0.05250068303791315,-0.5135291584813138
6639,-0.3876864269530101,-0.4742875393113519
6640,0.0980808581501135,-0.5712385658802376
6641,0.9478215906508509,-0.4011155229918191
6642,-0.03453554444060027,-0.5936869396482055
6643,0.3357873599338793,-0.47070675288257535
6644,0.5366723101147163,-0.2922052289856695
6645,0.2339394874211838,-0.40927801498152633
6646,0.27281418119991324,-0.45153119378878936
6647,0.19070817798882844,-0.37018883312784645
6648,-0.4761542764995815,-0.4024973879078681
6649,-0.2924835844940268,-0.44367020112063965
6650,0.511702380288812,-0.514882778174134
6651,-0.13208242277929572,-0.4779939042983352
6652,0.10319181869057954,-0.5801101013221294
6653,0.7211028729812592,-0.37183981100137264
6654,-1.4260425918775443,0.33599850364001993
6655,0.2581260686481405,-0.4220840105251404
6656,0.08528919164950173,-0.38945972836082876
6657,0.16382250392163444,-0.4828001506057624
6658,0.22915004271174866,-0.4802694381387837
6659,0.7135521034091421,-0.33609411608726075
6660,-0.10483419101316131,-0.45722845056269734
6661,0.026886338222209684,-0.571202063332841
6662,-0.2108970206803033,-0.5054827170954859
6663,0.8059655987763936,-0.3000330330064694
6664,-0.07220855676851025,-0.2587502862257755
6665,0.2016306120094963,-0.44270437693798464
6666,0.14726337300650197,-0.47450572775803124
6667,-0.05449070419000949,-0.48867953819414606
6668,0.11411303508123458,-0.5046352422621454
6669,-0.0061748198200604456,-0.48755074115745667
6670,-0.5051708570783014,-0.46076469943202664
6671,0.6753088322203958,-0.4195458403105842
6672,-0.08519349499188147,-0.5252727089335851
6673,0.07734352062683617,-0.5312681410674133
6674,0.07719257159169801,-0.5529544600304122
6675,0.17445565079757555,-0.5751731736571469
6676,0.009352142026187532,-0.49063254378395854
6677,-0.4109930809978608,-0.48649975998930667
6678,0.46470218371046107,-0.5828189569893326
6679,0.07886020631848455,-0.46621928948581665
6680,-0.03885634867076727,-0.48186448256501424
6681,-0.10695497704751757,-0.5464518550632392
6682,-0.4604609619241001,-0.5035450769922574
6683,0.32665123789931194,-0.4458381151090023
6684,0.10351591984590677,-0.582807775899915
6685,-0.06874240045392213,-0.6311330731021974
6686,0.039761014524852145,-0.4738831371242599
6687,-1.1779460429524347,-0.26083541342503647
6688,-0.03208982672296875,-0.4018172295976769
6689,-0.2912976006070495,-0.2955110055048969
6690,-0.4603433065270127,-0.38454651579984306
6691,-0.1664526242312366,-0.4220470837796827
6692,-0.012361046673913311,-0.5910157649386084
6693,0.03221758039271706,-0.5490810329061602
6694,0.0436162555937985,-0.5832458520231033
6695,-0.17696274050807595,-0.3355458719462227
6696,-0.0008944987070192684,-0.3591252045704818
6697,-0.10495559936855332,-0.5552806577431055
6698,-0.17936863834299996,-0.5218447379957591
6699,-0.5880948360628304,-0.4557171440847734
6700,0.296634478012284,-0.5238405207621525
6701,-0.41932034417839864,-0.5677410377871714
6702,-0.3807169520163525,-0.43139113251286365
6703,0.5680671560803315,-0.49485693748927356
6704,-0.07794159516646286,-0.5592268387578858
6705,-0.5705444013627147,-0.4237167864365666
6706,0.034873885020371156,-0.6262986873956256
6707,-0.4697808370060334,-0.3177513464268277
6708,0.13946668665272471,-0.39360539896590113
6709,0.31240613777605303,-0.5479074249286957
6710,0.4386292459286853,-0.5733877925310337
6711,-0.12507392588811714,-0.531777327419349
6712,-0.31597668045380434,-0.506912049514989
6713,-0.24165208727843698,-0.5101379714264384
6714,-0.2951814597108289,-0.4821336588204479
6715,-0.12592552452602346,-0.4661323639090855
6716,-0.05455717596934766,-0.5798303243869423
6717,-0.23188885433884432,-0.5533982999923321
6718,-0.08093953690255305,-0.5608048320048309
6719,0.026402319098165285,-0.424847423186207
6720,0.5036127678074686,-0.4306305747092126
6721,0.2466883710129037,-0.5410855017688933
6722,0.5498468143069887,-0.5011637369498901
6723,-0.5180636162682551,-0.5249241405011402
6724,-0.2390896572520888,-0.5346647948075429
6725,0.3901069152417311,-0.5684723440610445
6726,-0.009198293968267286,-0.4089071399068791
6727,0.027805561920896185,-0.46015226386965696
6728,-0.31562674066915786,-0.5256991069896915
6729,0.7591324129588624,-0.4605345996038722
6730,0.630156801794696,-0.29472034823654036
6731,0.00048471423398113175,-0.5708067285852702
6732,0.529580345824222,-0.36217296100469776
6733,1.5659922050473145,0.05506251224354182
6734,-0.08342396020211038,0.09808861475414221
6735,1.4895723081638448,0.25288613543868815
6736,0.054507849494884054,0.5826751817629343
6737,0.25029363469615634,-0.10487450101487057
6738,-0.11361024270137905,-0.37247482702446966
6739,0.5087943332466693,-0.25725475064167463
6740,0.1669041065728163,-0.14850526593571484
6741,0.6282896184927664,0.0022842340253525907
6742,-0.21060204714896302,-0.31539204870493387
6743,-0.8150819308610672,-0.24665085594104938
6744,0.05922269394437683,-0.39248069534068303
6745,0.9913931642805675,-0.20833006477120378
6746,-0.2857656441666708,-0.26489271355583316
6747,-0.6614573753150538,-0.3930632548755068
6748,-0.44885665969270067,-0.35407881352167214
6749,-0.6414808206366599,0.1055931798056015
6750,-1.089369528498748,0.04675301073490266
6751,1.1599693630535481,-0.019920219467250935
6752,0.31271584366945376,-0.4253102545328105
6753,0.6154949304024481,-0.21792105603584228
6754,-0.5370415874744761,-0.26683130100377594
6755,1.041088653219235,-0.2705344742400725
6756,0.16536354919508447,-0.3742271630579497
6757,-0.5565581628843521,-0.3411517899760326
6758,-0.13311664760328673,-0.3958223849143151
6759,0.711906559378776,-0.41808893926006796
6760,0.8331362079502429,0.03481706956096714
6761,0.18072705028955682,-0.1735590532409648
6762,-0.8958028623748752,-0.22495517582599592
6763,1.7048604399229714,-0.04231436746000174
6764,-0.024576613920859993,-0.311081013567883
6765,-0.24773959512755192,-0.35653352785577824
6766,0.0023076225199304542,-0.4392886093392638
6767,0.32037728630611584,-0.29650596272360263
6768,0.10635974671461125,-0.4924338226447316
6769,-0.3929537468376157,-0.3613540257469446
6770,0.3081857545396533,-0.36463127896722053
6771,0.07092980526868305,-0.41165739395584616
6772,0.29624957693639703,-0.2596854883785148
6773,-0.7842351629474141,-0.31900158471717227
6774,0.25214477589653606,-0.4156621891552163
6775,0.03517291502016905,-0.44798224947102194
6776,0.6915176555164523,-0.44921327188369614
6777,-0.040095983600632865,-0.5686779122815512
6778,0.08746975578723244,-0.539564675172489
6779,1.3881759817141062,0.2331986063622287
6780,2.9776146831170496,0.7820252280545018
6781,-1.4531468144682826,0.8490843617692627
6782,0.44604259425698256,-0.034068153698495696
6783,0.21659179866796463,-0.02994059150513425
6784,0.8960844766769437,-0.14525137766198318
6785,-0.21749168744775155,0.13240114106005466
6786,0.15914734508991457,-0.20776392071954802
6787,-0.8775509749869005,-0.11259368024507542
6788,0.033117166220966804,-0.05629559519679733
6789,1.1218533750479023,-0.24148466212871417
6790,-0.14068466505116972,-0.2557301806799751
6791,-0.05521072706667449,-0.08138976304071326
6792,1.208471982714156,0.22693654237574346
6793,-0.6164709705627753,-0.12530227538743352
6794,-0.19227449055817175,-0.18018245456908336
6795,-0.4502205443794531,-0.2625957797914106
6796,0.38275632936053655,-0.3507666473099754
6797,0.20020679880565426,-0.248742424037368
6798,-0.23757825868810434,-0.3712721074982003
6799,-0.6669313261508841,-0.10628270504072027
6800,-0.004734964122049036,-0.4025049996396551
6801,0.023028683655786888,-0.4586414410910109
6802,0.028875591484312194,-0.5449571590988628
6803,-0.7187041329733972,-0.15940482405259346
6804,0.0022251067147828684,-0.46328163826336205
6805,-0.18866842591732383,-0.4789306905251196
6806,0.19360844982575698,-0.4768120308142667
6807,-0.43769289582356974,-0.42127951982358075
6808,-0.12140105696222618,-0.5284551915245509
6809,0.3038889259808869,-0.5220493709414443
6810,0.11297347847191254,-0.4005822561293947
6811,-0.05676973089185194,-0.4698052087043372
6812,-0.7180676534526141,-0.2271503317245614
6813,-0.13969594845835923,-0.2621670069146475
6814,-0.18552322898357007,-0.39136640995904254
6815,-0.8105809707139932,-0.22324394575674575
6816,0.9664900940754705,-0.367696170952062
6817,0.45007414384221406,-0.31473422667018386
6818,-0.12341447384058866,-0.429402376244073
6819,-0.4326064538750356,-0.4894179417833005
6820,0.6853272044376131,-0.33435113663348076
6821,-0.8782259045705705,-0.23144640779455514
6822,0.22021900343294712,-0.40615821198183377
6823,-0.10167908616114493,-0.42104992045953193
6824,-0.4720473334568401,-0.4369730006797125
6825,0.20696427099120096,-0.44841084298629613
6826,-0.6013962292322481,-0.34046120389822687
6827,0.3301141410936888,-0.21727735997668943
6828,0.32026754340893754,-0.3345604913572424
6829,0.2522934957618216,-0.34545211078702576
6830,0.7299858700371353,-0.36074502058993435
6831,-0.12079381760293482,-0.39392513746553404
6832,-0.2972425415680183,-0.500247015466412
6833,-0.898540212397138,-0.25328803750079076
6834,0.5769536229785134,-0.42791874376030764
6835,0.23845747443181156,-0.2875248968588268
6836,2.0505982933099394,0.3839865285011683
6837,0.8018124722508437,0.6475947810928109
6838,-0.2771872270663343,0.17387416436333922
6839,-0.44689470931974956,-0.12058018453946619
6840,0.5042473376693076,-0.1698069672118011
6841,0.8741315995295802,0.06314937658814379
6842,0.3655273283918461,-0.040827620334233296
6843,0.13432439705660243,-0.1408288229603607
6844,-0.821050957425129,0.14260185983835885
6845,-2.811056176810463,0.8804494544997529
6846,1.0982613680507214,0.3558339371490056
6847,-0.523562403308123,-0.017602571514032616
6848,-0.8589719782872844,0.13886815181365544
6849,-1.0625906445858038,0.060535113528945916
6850,0.15638339525985925,-0.06264418109297362
6851,1.6087312977164645,0.23450451830751912
6852,-0.20958906877398165,-0.22532688750510482
6853,-1.1756429228874117,0.36530739442674603
6854,0.9436016341075226,-0.27727400648465794
6855,0.5052911181217928,-0.33342220059504224
6856,-0.2672417304833185,-0.21318670233076611
6857,-0.27169269090726283,-0.47585194921475393
6858,-0.4460768443375749,-0.3784788869331205
6859,1.0648026783132045,-0.30466583329097907
6860,-0.32578598670452996,-0.5099543023407064
6861,0.06381763943028286,-0.5376897328651943
6862,-0.12991763513854698,-0.5078450729970946
6863,-0.22856130030512015,-0.5632924061099426
6864,0.5548196971375473,-0.5404943683807382
6865,0.6338219671590996,-0.5093249427431402
6866,1.0806471955836003,-0.3093805503544794
6867,0.4885402585582189,-0.3084805349855913
6868,0.9616071811541149,0.014875404177780719
6869,-0.1778976164946378,0.2845710191336886
6870,-0.9370238938514848,0.08234486078393333
6871,-0.6202869756717153,-0.10525267681482632
6872,0.5349245665626281,-0.2812244311432218
6873,0.4383037139249047,-0.47342966552735166
6874,1.0298835721183823,-0.4156336267620631
6875,-0.37588301134602975,-0.28336368926031635
6876,0.30208973482091583,-0.12103723557077883
6877,-0.09119264715802144,-0.32536308134279646
6878,-0.17550678060289202,-0.5383331480423129
6879,1.3134333844224295,0.11709108147844292
6880,0.35004036792732507,-0.29594297656051644
6881,-0.8520573125052532,-0.22327051166319933
6882,0.08456714207869315,-0.3628851324894287
6883,-0.04690831833951067,-0.24554113206795883
6884,0.36772934897624093,-0.33370077570862094
6885,0.5706270640380599,-0.30997983883476476
6886,0.1804782698347537,-0.38048068266519464
6887,-0.5165191801748533,-0.22623858354565066
6888,-0.6330583078004863,-0.06831331153338387
6889,-0.15198393610038446,-0.3100866928578199
6890,-0.3736033786212581,-0.44025281652399617
6891,-0.16800110423067616,-0.23565351860205658
6892,-0.43067700944634774,-0.3518225910534566
6893,-0.07310977577205639,-0.35232789568530204
6894,-0.15208263197418476,-0.4806537322508091
6895,0.7295437343232766,-0.3547566052912057
6896,-0.3506866701953343,-0.49083385770795684
6897,-0.060552967419214246,-0.4566778708320085
6898,0.19156774556612166,-0.5121411502864692
6899,0.7349304121956448,-0.3841917255302264
6900,0.1206796817412269,-0.42657966923692725
6901,-0.255375499127601,-0.3294360855379933
6902,0.22632385922462164,-0.3924869857628774
6903,-0.6031117696621852,-0.4516416043480968
6904,0.18783746996717735,-0.4943133477013709
6905,-0.07100746577306188,-0.4321971092410287
6906,0.04928407148138432,-0.4796656946738051
6907,-0.34068626718881534,-0.4903628367620352
6908,0.5002284087371272,-0.48239533604847973
6909,-0.4503381646084994,-0.5261216680784727
6910,0.08103946202163853,-0.6211825253634623
6911,0.5320697598593775,-0.385219523349259
6912,-0.1656273078053132,-0.41105607446763653
6913,-0.06745198607354763,-0.46436458622782373
6914,0.4230287002264335,-0.4182223738817161
6915,0.031660801380963784,-0.17952163775107027
6916,-0.16140874134075991,-0.33275173763573185
6917,0.08378824637455533,-0.3780656654805557
6918,-0.19772749497331776,-0.3989608763238176
6919,0.4078053667353198,-0.2655813972763999
6920,-0.3896390217198729,-0.27452607522220424
6921,0.19898597641166976,-0.2978080074686952
6922,-0.26062657079204216,-0.3220646191125416
6923,-0.22939681265797524,-0.3651638526943054
6924,-0.06090061982811891,-0.3394249471169793
6925,-0.6242522355954863,-0.184227383619294
6926,-0.4934615487990149,-0.16220634411928733
6927,0.17454650870542437,-0.07620698073487668
6928,-0.05641259329218673,-0.3591238496193727
6929,-0.06590990802400916,-0.4174168683318299
6930,0.3541786284732291,-0.3635619207658783
6931,-0.3137720768964238,-0.41736405393306175
6932,-0.32292626436665084,-0.2981037576890667
6933,-0.34102039361963915,-0.39609753777860046
6934,0.27961422555199866,-0.4686126853917383
6935,0.2909598742577906,-0.23702484011164188
6936,-0.4536550851054739,-0.240655139621808
6937,1.8084029121838572,1.1877235911556046
6938,-0.5593608304926596,-0.10639315964862535
6939,-0.21923589111056338,-0.32233686163150055
6940,0.6529818810073272,-0.21718487182603016
6941,-0.7432235308953423,0.24552560198084183
6942,-0.1970180567045598,-0.40768681950647
6943,1.1256626037867612,-0.1823652382642278
6944,1.0878461051035524,0.07498294600310136
6945,-0.43742930562644144,0.2798811873881888
6946,-0.5094532671581472,-0.25746717463268504
6947,-0.6610738885273728,0.01748021468934993
6948,0.35147765983564616,-0.36759102925999704
6949,0.10949046218220045,-0.24874906837608962
6950,0.14585341741713492,-0.39455148435387927
6951,-0.790268414021884,-0.16178771064797628
6952,0.6629288583881456,-0.3557872880397138
6953,-0.503655542347291,-0.4354808047662009
6954,-0.2201947846914141,-0.3524749028508059
6955,-0.1950168712329307,-0.37983938752342317
6956,0.4715574804344133,-0.5080115682048584
6957,-1.3235068526158233,0.04101833761612304
6958,-1.18896050167457,-0.05190811164218967
6959,-0.723559414166854,-0.028019676073303135
6960,-0.06323147043410038,0.025297020676474435
6961,0.5917846770472315,-0.3856747852019683
6962,-0.41161005037618237,-0.45361075981671023
6963,-0.1297817710627046,-0.30727108860503966
6964,0.18891137314545495,-0.463918560493612
6965,-0.31353812461871083,-0.3635857931593873
6966,-0.10766990163271292,-0.48662724730169926
6967,0.21939609181238434,-0.2571194612325623
6968,0.39769149815864446,-0.38776875560146506
6969,0.16914436270917538,-0.5018786626759283
6970,-0.2473965168457154,-0.45001904009414634
6971,1.0559850564703586,-0.41925870053785513
6972,-1.1538474023080012,-0.38334450113227464
6973,-1.184934611603282,-0.1232396056222241
6974,-1.1585153155800314,-0.22684306106439542
6975,0.6305282183545273,0.13682425197696843
6976,-1.2764853956682505,0.08306122726893075
6977,0.059385875936677525,-0.3127794268474782
6978,0.34823663955860934,-0.38877377163718585
6979,0.3465200143867379,-0.34998268595406967
6980,0.5070088405097304,-0.4207977331636489
6981,0.22311506630059663,-0.3944891643509728
6982,-0.061007104361010145,-0.5622145178736329
6983,-0.1948766250957943,-0.3742354702143276
6984,-0.377273454929707,-0.37416265598608134
6985,0.5419058957804823,-0.3260031738810774
6986,0.08046270966429678,-0.5120410593065137
6987,-0.40856517808331705,-0.4998393906193583
6988,-0.39272833077841135,-0.45944921159389474
6989,0.07945675196210288,-0.2711171435217329
6990,0.31301809231779576,-0.4458126391776134
6991,0.11767636241397149,-0.5002769849388833
6992,-0.30570493611233823,-0.4162898806226933
6993,-0.45356708952265096,-0.4404820463382327
6994,-0.06331023078784291,-0.36048423355051223
6995,-0.20160851940994393,-0.4561094899921941
6996,-1.3108671319625766,0.2688405016605962
6997,0.9318152213753472,-0.170575547972172
6998,-0.6491590623764086,-0.2840459328857051
6999,-0.3761662635541955,-0.38166184140886456
7000,-0.005072263736422853,-0.18963940591352943
7001,-0.534095536041429,-0.34958960685378626
7002,0.7861394889600273,-0.39228139841108856
7003,-0.38665963638930895,-0.4382945767142566
7004,0.8606510537936458,-0.3937797500416844
7005,-0.5643183911933722,-0.4250470712503762
7006,0.4110118918504765,-0.5189922243220986
7007,-0.20822893574721701,-0.5128091756702949
7008,0.08440413001404373,-0.4090966055946413
7009,0.5350146614939632,-0.43260138590253516
7010,-0.3732505007636513,-0.5311325743272428
7011,-0.06290509304154751,-0.5417557692408476
7012,-0.6201463045298325,-0.3973845447622346
7013,-0.4017297932053565,0.03964921806477811
7014,-0.04040752333766045,-0.416033375706115
7015,0.34147639074838826,-0.19304638554697795
7016,-0.14368303445135025,-0.357902552348123
7017,0.004359246931969232,-0.5005928509930003
7018,0.12106873009560688,-0.5262925686002496
7019,-0.23881015485256415,-0.5191398306493274
7020,0.07615756059971802,-0.5070443376870155
7021,0.25213906695811406,-0.4869572411863385
7022,-0.22250517783501209,-0.5066125919856278
7023,-0.6465554781089896,-0.39856699573971394
7024,-0.2980262690335762,-0.19650764534118656
7025,-0.04174699009225427,-0.4940142925141707
7026,0.21824838965752605,-0.39408605991768497
7027,-0.31346958454556123,-0.4603171331930952
7028,-1.3114890048548753,-0.015815254028173936
7029,0.3717552331807088,-0.3125867789453272
7030,-0.5700276581994005,-0.31452907302187716
7031,-0.12988891303208172,-0.3084781567581621
7032,0.6538518378871837,-0.3404243110626032
7033,1.2557392815129256,0.1217707474320249
7034,-0.9550774996159979,-0.26600863993984086
7035,0.22543671275047672,-0.27610340555303037
7036,-0.6396020907717311,-0.22792301250353098
7037,1.14194339145963,0.03654334097661997
7038,-0.15280955991540496,-0.4648478434594949
7039,1.0707037732294695,-0.06899208773146888
7040,-0.12217010330381321,-0.3719230145060438
7041,0.26111212894440966,-0.34063848972554256
7042,-0.02186440656253781,-0.40860151425145824
7043,-0.22136383025399073,-0.4276748517302158
7044,-1.5418431762337286,-0.1742741157261026
7045,0.4019841601721423,-0.4515691538557256
7046,-1.6694866199041478,0.09357879703747238
7047,1.0318035112700876,-0.18119308280527072
7048,1.3517001747431585,-0.09081077518688138
7049,-0.1719870040009961,-0.4630221195115264
7050,0.18773297229782387,-0.4688470534267718
7051,0.421884373689346,-0.43340027254969543
7052,0.6779053153146903,-0.28022136205113274
7053,0.577673509537848,-0.3816432588079321
7054,-0.14391002525770186,-0.38930163176991645
7055,-1.0316988003374497,-0.28627838956556617
7056,-1.1663083819179414,-0.25987003370808825
7057,-0.7275248279433953,-0.3918853244311903
7058,0.14346415840030077,-0.3422866002940965
7059,0.29959716455906993,-0.3987348922868663
7060,-0.045049493268792505,-0.5108048629658
7061,-0.9508940294214883,-0.443855284267207
7062,-2.4508030341556366,1.3236454757362395
7063,-0.5857110322928318,-0.11890207640415262
7064,0.9703512723088538,-0.0669013870029679
7065,-3.428308227258797,0.8915163456500297
7066,-0.46696288469616115,1.1855265710303478
7067,0.4800609372019588,0.10829396757632502
7068,1.3259854825105357,-0.02640242993123614
7069,-0.8229925058218234,-0.2505992117103707
7070,-0.9070257137810005,-0.4524037345919884
7071,0.8919739959482279,-0.38251017056894376
7072,-0.9372443455479026,-0.2544344619890553
7073,-0.2881428525030015,-0.3409214881886548
7074,0.34540506892190576,-0.41568295304327063
7075,-0.2252909081592492,-0.24854191025709432
7076,1.0432684310988196,-0.32794014149394213
7077,0.033892736600838184,-0.46697144204474944
7078,-1.2131219539409897,-0.3204651188015731
7079,-6.867683101823366,6.184679551743197
7080,-1.832944565569776,2.2141947361771623
7081,0.4528134680196043,3.251494688601756
7082,-0.18905915077707258,0.6417901334251507
7083,-5.315145394340946,4.444204504839578
7084,1.4621854868598259,1.402027278013416
7085,0.9239040421807427,1.4139910145085772
7086,0.3148503356884372,0.36524665932882566
7087,-0.7921380537503018,0.3930687054369272
7088,0.2894602516947788,0.13396270805266958
7089,-2.1219123144243963,1.0116217939593473
7090,1.8083616002720058,0.2191092265120079
7091,1.301922763359258,0.24854959869931248
7092,0.7113851330946852,-0.004816947411478926
7093,0.3590634331949687,-0.04323481783049393
7094,0.8780496352218198,0.3704044048597565
7095,-1.449448630862231,0.046343173700593696
7096,0.3777350406217463,-0.09616306871338191
7097,1.1667045277190429,-0.1640948871730744
7098,-0.4004587786094858,-0.3535642191686091
7099,-0.3276535634853337,-0.2881444033499325
7100,0.040241302964142085,-0.3148118251832124
7101,-0.15869029029646575,-0.37404830485508916
7102,-0.35012814511638934,-0.24974212124526687
7103,-0.017277522973093273,-0.39495837745853535
7104,-1.0038344797776066,-0.12697644432197644
7105,0.8239788242414918,-0.32344385462525704
7106,3.188406425943054,0.5519954031094332
7107,-0.8337892658996965,-0.09025582690412663
7108,1.0179066850786596,0.0742293674009436
7109,0.05279917663732734,-0.030830047659165766
7110,0.32107689364671244,0.031010982712336477
7111,2.1196500119509185,0.5799925328665152
7112,-0.8219307978318448,0.14863007540296574
7113,-0.8405451010751644,-0.08548632432699799
7114,-0.34160759184602385,-0.18896962948532828
7115,-0.15657693284793153,-0.02338446332267854
7116,-0.24546253084212016,-0.10373670969082861
7117,-0.2797231848031072,-0.2720061718145677
7118,0.4544577006763423,-0.31051621082795544
7119,-0.37150368918861987,-0.3383700301888996
7120,-0.292719322359568,-0.3456179676369725
7121,0.7454610662745992,-0.18031631481678861
7122,0.6874380929868091,-0.2958584327661899
7123,-0.22711718236430872,-0.2406537779249023
7124,-0.6104020313496166,-0.3233789279158034
7125,0.72196465335901,-0.40883585738519845
7126,0.5065280277947088,-0.3320894872964547
7127,0.3190894579586718,-0.17624437432777518
7128,-0.40458090037249045,-0.2710462685981794
7129,-0.7697766945061788,-0.3183036921482431
7130,-0.20304451908965648,-0.40172071436529183
7131,-0.1014714577446897,-0.3340522920843826
7132,0.08668594106339932,-0.3232428261217453
7133,1.3590983209249594,0.13563677414358655
7134,-1.6906841360641829,0.09442340534329506
7135,-0.71572406669364,0.39743406239264123
7136,-1.0135207703299594,0.24702417011879071
7137,1.5572942412801412,-0.1082711589542029
7138,0.6232654844118174,-0.32050239376675665
7139,1.2608320754590818,-0.026505250325240377
7140,0.5715098806798358,0.13437847588298282
7141,0.15138002707330228,-0.10377535235991876
7142,-0.5802900563944294,-0.21924148041425648
7143,1.810438531873304,0.10026152550601357
7144,-0.6497494922986233,-0.008640441382774344
7145,-0.6482819539972897,-0.27769727431414193
7146,0.7859316982192925,-0.13766951538703132
7147,-1.2914821078081606,-0.15892688919683526
7148,-0.851061871505608,-0.1547189152279223
7149,0.12573961378468246,-0.4622236278284706
7150,0.8640231117890509,-0.3284792435469958
7151,-1.49275100619887,-0.12239781823623785
7152,-0.4584854647713829,-0.24445330180335212
7153,-0.7619032727500861,-0.33138357773224836
7154,1.1081817341934017,-0.07394324847715766
7155,0.34111240829769424,-0.4325752375812432
7156,-0.7771941983587832,-0.352418762068608
7157,0.018858005923850125,-0.4321156843991391
7158,0.17414293293596553,-0.35487106220876424
7159,0.824977369306922,-0.35217137354078487
7160,0.037828160612633076,-0.4359696618489347
7161,1.18953250317676,-0.30911827221119403
7162,-0.2968108668718098,-0.376820160899601
7163,-0.24842414692555007,-0.46159475948134804
7164,0.6100915786667634,-0.4356380673573877
7165,0.19549279621141952,-0.506644045825156
7166,-0.039938003050608135,-0.5161680254536922
7167,0.23138502377904094,-0.5177312510208756
7168,-0.26928510974381237,-0.5730043193068566
7169,-0.09299086257663167,-0.5669882293437878
7170,0.6125199252063591,-0.46918282897828834
7171,0.026846718032229593,-0.5414603111665031
7172,0.4323798024050378,-0.5314655675814434
7173,0.3338649832057697,-0.48452531262593035
7174,0.14813021682254948,-0.47500485934214726
7175,-0.4972249736900807,-0.42638131810554764
7176,-0.4781558394919242,-0.10342237558079359
7177,0.34482973534960315,-0.22175663798565876
7178,-0.3917006601120637,-0.4203847265001002
7179,-0.9809523123745888,-0.1665320153823776
7180,0.13106749214399105,-0.35794281127436484
7181,0.08685007564869063,-0.42158665280800445
7182,-0.45091205887282104,-0.5371517547037926
7183,0.12722955668310035,-0.5284128842259702
7184,-0.21303309553370942,-0.5400919443244546
7185,-0.31573643012751457,-0.526722347303565
7186,0.2747086263048394,-0.5885704515784745
7187,0.02898583281254381,-0.5019822433164448
7188,0.3969044831195927,-0.47027714987068997
7189,-0.0381552277841942,-0.5659842823355903
7190,-0.25300735234474103,-0.5486096144315135
7191,0.1822491597676406,-0.48714272578352535
7192,0.258537641511132,-0.45604795057196684
7193,0.14299812533487852,-0.5631050391299213
7194,-0.08112554571248913,-0.5625335902092116
7195,-0.34592054443869935,-0.5724885766346398
7196,0.0850863971395177,-0.5885585150099836
7197,0.30254253931246416,-0.6165470356471995
7198,-0.018325361928140712,-0.5785916383415353
7199,-0.31258616690523605,-0.4304001128824176
7200,-0.40912961639410267,-0.27098646477885324
7201,0.15364821787776742,-0.5307869852115481
7202,-0.2838796876516432,-0.5771117326133748
7203,-0.6020846402405287,-0.4568961190458628
7204,0.1760800778236685,-0.3536344394422023
7205,0.7015706408998168,-0.5367215494914156
7206,-0.23436690744486735,-0.5915793930204275
7207,-0.6607389304950742,-0.47936937115955347
7208,0.429921418321087,-0.4854213138913593
7209,0.19979354594629892,-0.5310008049791386
7210,0.012635144632467822,-0.620276681853493
7211,-0.3243600701671034,-0.44521115661862626
7212,-0.16352024990400912,-0.5307796971722093
7213,-0.04480219942633829,-0.6245083018777147
7214,-0.38376729872896226,-0.5217047988052528
7215,0.4625600430223919,-0.5133058521126105
7216,0.09742859417321079,-0.5314315507379929
7217,0.14818196965460062,-0.5615159316043138
7218,-0.06694227664933876,-0.5875534134957359
7219,0.019957696183168377,-0.6247651232089187
7220,0.11047621958855657,-0.5334864619651186
7221,-0.26832766377433026,-0.6335640001706073
7222,0.43276834556596183,-0.6096823450904897
7223,-0.5001125614105733,-0.5662633025804944
7224,-0.24748572665790755,-0.6209855066772031
7225,-0.11655448321427063,-0.47571141062860756
7226,0.7920075939306531,-0.5095310562508196
7227,0.10723487125373951,-0.5746556673912183
7228,-0.26021519865463394,-0.5263153644680219
7229,-0.20093933653239385,-0.5257525195584069
7230,0.22327666467576948,-0.5143589884373458
7231,0.05815823362250353,-0.5635270012551457
7232,-0.06122856579439219,-0.5900992965146591
7233,-0.3799334714850325,-0.506574377544906
7234,-0.09663978075471662,-0.5179555951361517
7235,-0.08441601436728866,-0.618647111844775
7236,-0.24456660723990836,-0.48979168727732186
7237,-0.8119112908371092,-0.25208872020416684
7238,0.5135585196079477,-0.2611711907409353
7239,-0.2907301534642566,-0.4773919643765694
7240,-0.5491564788148529,-0.4741849627720487
7241,-0.48445566417553293,-0.3446367034323373
7242,-0.5868337976401313,0.07797283560645418
7243,0.8412962834273983,-0.38389215287939715
7244,0.6944330139102348,-0.4119883397365942
7245,-0.5862438959021904,-0.42745411042285447
7246,0.48363781591236754,-0.5631084225709533
7247,0.8313787089955552,-0.44465516803256805
7248,-1.4570975612796229,-0.47516025855810523
7249,-0.5784858653353063,-0.3077465947461008
7250,1.3386725157184969,-0.19281244245025578
7251,0.33963551247365525,-0.45145276091931785
7252,-0.08082365694924933,-0.5757795210936647
7253,0.1760511104051355,-0.5863123786986674
7254,-1.074986339139941,-0.3965396166935402
7255,-1.0435785494774585,-0.22763063931986363
7256,0.922441115242951,-0.36873841164076254
7257,0.5460188687677544,-0.49215975831158953
7258,0.011285717388634712,-0.5854734560425451
7259,0.379941490103727,-0.43004524757676765
7260,0.8715344651623057,-0.41205821372366414
7261,0.08243769401169161,-0.4617526758188373
7262,0.4643086323932925,-0.40711213845206123
7263,0.22418071120106345,-0.5279818022677
7264,-0.020286955428999453,-0.568546038785151
7265,-0.6741575100318307,-0.4958919636652835
7266,0.5034304943424532,-0.513173985615361
7267,0.1775455122339215,-0.5206584454807764
7268,-0.06655102479567383,-0.5947576180023753
7269,0.4054977067603892,-0.5768195305905157
7270,-0.2918669038947403,-0.5590131543323208
7271,0.06909674070722975,-0.5162188823105036
7272,0.02844221598445149,-0.5267937667594509
7273,0.1305396276297789,-0.6051303974550271
7274,0.3933569848551563,-0.4749469457405483
7275,-0.1534951456243136,-0.5214132066841993
7276,-0.5547508635282784,-0.37774954727652377
7277,0.0657507665235716,-0.5661939036727099
7278,-0.12230135581433749,-0.6385266611033944
7279,0.7102941184335871,-0.4746568112149389
7280,0.054217453958655785,-0.6588881989460308
7281,-0.20284879897366806,-0.6210173857639014
7282,-0.18989272246204805,-0.6109350798863383
7283,0.17622417108779206,-0.6111036330411498
7284,0.15211729112369238,-0.5658465238619834
7285,0.012073525035356476,-0.6680571800962345
7286,-0.2090367592167837,-0.6290362787463374
7287,0.25258644068555053,-0.6394455922609353
7288,0.049235617322378585,-0.6038302643636728
7289,0.1590301316511805,-0.5392525585883562
7290,0.12369671569993866,-0.5151742740178268
7291,-0.34853964620359146,-0.6056463680423616
7292,0.2762771453903931,-0.625908352793854
7293,0.6004323862293882,-0.4990217728101803
7294,0.6296064282744485,-0.33986465722269527
7295,-0.8005787580050625,-0.4579571074068367
7296,-0.5049182291539839,-0.4465188995983335
7297,0.010923572463827283,-0.5247626578104052
7298,-0.29277762077346653,-0.5410559313905163
7299,-0.07964046279791873,-0.4193554876907585
7300,-0.4185627572574346,-0.5352445208571136
7301,-0.014417611061093145,-0.5755116621400399
7302,0.15799148523372802,-0.6327000886149576
7303,-0.5609209919682304,-0.5810824081565598
7304,-0.060936543422122284,-0.5668903545206866
7305,-0.011260170878465129,-0.6016893703079009
7306,0.021622208826871728,-0.6470217189710706
7307,-0.7563971041010203,-0.4101089486095916
7308,-0.09027783529344612,-0.37302406208046346
7309,0.05388999552473866,-0.4764653426192158
7310,-0.3077944023843969,-0.5745195738744213
7311,1.1445762021907209,-0.3774019275106223
7312,-0.42831966921044484,-0.5566307152210638
7313,0.36269262476842323,-0.5823154240451521
7314,0.08053125387523219,-0.5885711390764028
7315,0.05235670880666399,-0.5860779372052788
7316,-0.44572387090830906,-0.6049592920331059
7317,-0.016124744986639353,-0.5349954259774589
7318,0.2880658847262788,-0.408323705346164
7319,0.40562154404307965,-0.5504508982465713
7320,-0.2510536247496518,-0.5540301409500893
7321,0.2168798566614941,-0.5573658998724826
7322,0.8249451142441633,-0.482254748183631
7323,0.14281480612813965,-0.40736514683784714
7324,0.12925383598454798,-0.5968482808219305
7325,0.2209024799902767,-0.5730323832779539
7326,0.25268749582538946,-0.43115552965077963
7327,-0.4294609985560772,-0.38535093622834565
7328,-0.257843251150656,-0.48453668187205223
7329,0.46450212081013376,-0.45520996741883696
7330,0.6557378827179463,-0.43680120243073395
7331,-0.23385254887080006,-0.41376691859003806
7332,0.06290573312622129,-0.501491370826804
7333,-0.2945411781193118,-0.4600457584949272
7334,-0.2902318226562212,-0.4737804787635824
7335,-0.11242286958723513,-0.43946300406035704
7336,-0.16406083606470093,-0.47741871411941544
7337,0.30954591271993287,-0.517405089759275
7338,-0.0045560325510241445,-0.507219531635245
7339,-0.4675706597665095,-0.4804253199652055
7340,0.3513892339718298,-0.5504542205348616
7341,0.5891355123371207,-0.4468691177994414
7342,-0.20821093313962813,-0.523168460549038
7343,-0.36418059369115585,-0.5853392685480914
7344,-0.12379050615517737,-0.5354863586226783
7345,0.04896083015707163,-0.5981929091537238
7346,0.07505720064340504,-0.5801381789889124
7347,0.2936510838211894,-0.5550155188355748
7348,-0.2688005711107515,-0.6087814920601813
7349,-1.038973757044582,-0.43534182022550716
7350,0.45150972146757967,-0.5513392360469065
7351,-0.721032832750396,-0.4448733228505414
7352,-0.738996404146919,-0.43706912535677434
7353,-1.03211872772528,-0.2892549282924859
7354,0.49014931778619464,-0.43415121488921204
7355,-0.4990944764824662,-0.23986331085682558
7356,1.1156606945855738,-0.28672578631574913
7357,-0.30003709442146675,-0.5671076369899828
7358,0.5745220333971864,-0.555704959171229
7359,1.2261465797984086,-0.2566193677861673
7360,0.20443227854633284,-0.31808581826151106
7361,0.08265253385704929,-0.5585095713485835
7362,0.15537376007288334,-0.5377164376878961
7363,-0.16043092223177957,-0.5620182740537439
7364,0.4477285394713868,-0.4570184113358506
7365,0.5935992421197959,-0.5379859530555985
7366,-0.08068483832909107,-0.5589330158128509
7367,-0.2736302179703991,-0.4472218809507538
7368,-0.13557449489595713,-0.47740231032457475
7369,0.15159692907830746,-0.5752218345191433
7370,-0.18355180487984107,-0.5352575016416172
7371,-1.172820585268672,-0.281920957847393
7372,0.02830574034583531,-0.4979629192238553
7373,1.3409476008697083,-0.3019472028207038
7374,1.0232504852724074,-0.05951137907356235
7375,0.613180052105034,-0.0010474414730300798
7376,-0.552498219618786,-0.22210299399223826
7377,0.040564841270634894,-0.4682838641968029
7378,-0.09686542815338112,-0.46960839593858744
7379,0.1716518490270286,-0.5269301573591709
7380,0.2518355015508613,-0.4409807858065332
7381,-0.182522555464833,-0.5384589462417547
7382,-0.11161399814442016,-0.5311460892497712
7383,0.48111498216571597,-0.4573606546263404
7384,0.4683694690228759,-0.12532914147203703
7385,0.16615225494398264,-0.4670095422630441
7386,0.009042065542281425,-0.4244078847037137
7387,-0.18284898330723717,-0.4361821195886449
7388,1.1226773112126376,-0.1350213162934643
7389,-0.1434271049688982,-0.17719183826177579
7390,0.03631172674523721,-0.4542869692760513
7391,0.019824968600443096,-0.47706424437325085
7392,-0.009175666336419419,-0.48927167172148217
7393,0.05805050338921597,-0.31693745212462543
7394,-0.23194896948349794,-0.46924825559273053
7395,0.7075229625922826,-0.21942594768506996
7396,0.15553910890104686,-0.3778251230224805
7397,0.5938542713980106,0.00587459761865666
7398,-0.1056096533339078,-0.37207937512890665
7399,-0.10771790891422696,-0.40437978273823744
7400,-0.5518890962489841,-0.3633167669267958
7401,0.5218560183962968,-0.44797856769003314
7402,0.08824487685228585,-0.44050270411689907
7403,-0.4124182611015302,-0.34068418750202306
7404,-0.0032230364221430005,-0.4505509831631502
7405,0.025622604607226342,-0.4766718997323685
7406,-0.210731629931038,-0.3472716954138581
7407,0.5814556262268938,-0.42802186486457683
7408,-0.16743167790386368,-0.5684264064449643
7409,-0.4815108906135645,-0.4897833673922883
7410,-0.20938752407166722,-0.3640000959091494
7411,-0.3212078710673895,-0.3395531322336328
7412,-0.49102138985695654,-0.35583480826131847
7413,1.0590190604324659,-0.10769654834588702
7414,0.10535533499917928,-0.23881895664718553
7415,-0.2954719632837946,-0.4351459836495917
7416,-0.4105934414781185,-0.37867763203648175
7417,0.27359204062337333,-0.43806496111840687
7418,-0.09791315492964008,-0.4152290618702499
7419,-0.03317368376032684,-0.3861767962787642
7420,-0.05930086347803587,-0.4707621876027319
7421,0.5497882504318878,-0.26495584347080314
7422,1.0715862029898593,-0.061559668784372704
7423,-0.4224668373903245,-0.1736154786603939
7424,0.7749720753910404,-0.17566213392862134
7425,0.6834854794473262,0.39080043049451985
7426,-0.5153077208535691,-0.20370871845309552
7427,0.33196832156087774,-0.27636574028879307
7428,-0.4485657314890245,-0.28295620866542165
7429,0.2220435639720066,-0.2796841294873942
7430,-0.5221317691186561,-0.2761027499748764
7431,1.283714080852772,-0.18812749547091423
7432,-0.3070201755214983,-0.09147771010971392
7433,0.13356183309555367,-0.33507065532904884
7434,0.1421792288263297,-0.34468360859617514
7435,-0.10501682703333608,-0.489732515761839
7436,0.22258117367025756,-0.4869597121973088
7437,-0.028912801927001953,-0.3687488805980598
7438,-0.3237267240814689,-0.4686589571343513
7439,0.47175446645599767,-0.44257254377645544
7440,0.4045633171921495,-0.4767057763031942
7441,-0.08384199630165326,-0.5149004763737222
7442,0.49951742092365886,-0.3788586123586792
7443,0.4044076321139627,-0.08310964031163387
7444,0.46942313833546045,-0.18376173838160628
7445,-0.6869672429833606,-0.308651264832631
7446,0.1693575634055186,-0.46299464875472357
7447,-0.48214364682818067,-0.060123528138581614
7448,0.10560874616241363,-0.40139187742055704
7449,0.39639355207329574,-0.4629426117347641
7450,-0.0048705752970005425,-0.35016815198874607
7451,-0.5572342974617216,-0.4830872449697305
7452,0.26126910737584486,-0.5587447702545929
7453,-0.4627658458934719,-0.32398542610595515
7454,0.01463682544040162,-0.5493433719499495
7455,0.4681178479143313,-0.3799570861673895
7456,-0.23851071521155554,-0.6242248300344025
7457,-5.457695353429188,1.2273333479183606
7458,0.6720065688911592,0.7869009298093183
7459,0.7897316278477804,-0.17028926511697992
7460,-0.7467965650811148,-0.23362203615898547
7461,-1.5239476063029382,-0.03397869839602498
7462,-1.855532349789096,0.9192276516891911
7463,-2.4816013704729016,2.174419186806837
7464,2.49713231107982,1.0004086662889455
7465,-0.8752608145903102,-0.08805562358630292
7466,2.7853702770558364,0.4404957039964579
7467,-0.5432492849734231,-0.3094489924974732
7468,-0.19141386094832266,-0.5380627588985734
7469,0.23695915048946117,-0.34666858761100977
7470,0.0666068180431192,-0.4642666058215933
7471,-0.19650795473515795,-0.4434023668060601
7472,-1.0168662532838977,-0.19091741278172814
7473,0.6880988347637679,-0.30186303513858115
7474,1.6462059685406212,-0.20571170792460577
7475,0.3583569457499318,-0.34443120902643276
7476,-0.6094014815962814,-0.3777660277768827
7477,0.19530850084962414,-0.5287433535798768
7478,0.17444130980068392,-0.48240848659543056
7479,-0.03623341342789691,-0.42098346802189146
7480,-0.45294405007917554,-0.4842062336359322
7481,-0.4303941702233596,-0.479403949976663
7482,0.1488994765767004,-0.5564374057375212
7483,-0.04681194379304544,-0.5755998444649617
7484,0.0031041427440520073,-0.492358820981951
7485,-0.049416066889134545,-0.5147278961332944
7486,-0.21640567315419973,-0.4722563064305624
7487,0.5142381235667609,-0.46455608260589465
7488,-0.509773188504019,-0.43890298338832817
7489,-0.515614253740877,-0.5471444903674069
7490,-0.01041658687368243,-0.41660177160168355
7491,-0.19766803074657038,-0.4272224810445073
7492,-0.7184475401232923,-0.3580971173645004
7493,0.4807268539136745,-0.4589089359354586
7494,0.24921778086100485,-0.4422312509951974
7495,0.03966460739319127,-0.43995608129962255
7496,-0.14883278864394395,-0.4932013299689469
7497,-1.1605555332287922,-0.24455103964299058
7498,0.016274361297397816,-0.273823506346471
7499,-0.02941838754411431,-0.2908661193509219
7500,-0.14290865636650874,-0.39708251474681155
7501,-0.3794670804711099,-0.3440014031204005
7502,0.004181713312121461,-0.35765660973297897
7503,-0.5326081490260889,-0.3539782159810899
7504,0.14402803562722535,-0.3854150666665047
7505,-0.9753094617565463,-0.0207161312895799
7506,0.9537099404168868,-0.36364469937454447
7507,-0.7862165160840713,-0.27475277602656645
7508,-0.47725170845963244,-0.2725223063712765
7509,-0.11895849844661086,-0.42737483140256555
7510,0.44889999120373114,-0.4444553512514185
7511,0.5180985685873394,-0.334292606436531
7512,-0.36879346486442366,-0.5108389987607564
7513,0.2925278582963418,-0.38092197291767266
7514,-0.8224349381173316,-0.29681012683887736
7515,0.21420711449459304,-0.4874939366845708
7516,0.7351695658887508,-0.0575699756617196
7517,-1.1210460557439348,-0.03959634692755879
7518,0.13598531808398528,-0.25432040718371124
7519,1.0734639180248375,-0.24514148954237436
7520,-0.8616781990245973,-0.37957798114116414
7521,-0.803473860398834,-0.09820905750666573
7522,-0.9050823480069572,0.0861556632376906
7523,-0.68426388583163,0.7522046400022663
7524,-1.8117443822065948,1.0574217903457936
7525,0.7589396901094541,0.40813698673726906
7526,-0.40211657243306675,0.15143327451383617
7527,-0.01796103387472329,-0.045620314947908205
7528,-0.6466547766502218,0.0905969187643734
7529,-0.3274824885835083,-0.13045951573142378
7530,-1.911274608572989,1.2164219262222915
7531,-0.04042660199436325,0.7423508797085289
7532,1.7130564277740978,-0.05608965344223892
7533,-0.2077992640209341,-0.004084455639654111
7534,-0.3484912601715209,-0.29877952931073826
7535,0.48129981568702485,-0.35527033838501604
7536,-0.7231897599479906,-0.3979312257367258
7537,1.1126187100218823,-0.3157642193568656
7538,1.6005137065970518,-0.24083322924557074
7539,1.1929545638691814,-0.04960435948311923
7540,1.147928122848787,0.019741451955973776
7541,-0.39526713528594015,-0.22921907000215386
7542,-0.5660962517172358,-0.25268932844837305
7543,-0.23528818028527432,-0.3373573464814061
7544,0.0252700166340709,-0.29974006674367953
7545,-0.095124763789838,-0.6153948895569612
7546,-0.6705787587794794,-0.3941190875344371
7547,-0.15698765987578372,-0.33112887498242777
7548,0.32765694033375675,-0.3436995483183764
7549,0.6229805824630137,-0.3120512469562418
7550,-0.6694765897003394,-0.43018767544704456
7551,0.24086675439146527,-0.48300280725871697
7552,-0.33566516102610877,-0.4702146806220945
7553,-0.28709232986958927,-0.49552917258124585
7554,-0.8530954948343487,-0.32372092286796716
7555,0.8111004692166839,-0.5031186235160284
7556,0.6150824158363108,-0.5436425257048217
7557,0.4102267995640938,-0.5021544427239079
7558,-0.6750672638404576,-0.5043772601709079
7559,0.4272403012637416,-0.456199660802687
7560,-0.6394739019501733,-0.41229547336247796
7561,1.2556916593075946,-0.36841305048142503
7562,0.2641206220248046,-0.5138577546565928
7563,0.4890817831535281,-0.4489534487077482
7564,-0.5319788089267888,-0.4404188551389612
7565,-0.016596216622358693,-0.542172866011998
7566,-0.4398936371221659,-0.5050828744560768
7567,0.030342077567158576,-0.5046268803720548
7568,0.7816151167833238,-0.2870268010362176
7569,-0.5552077060626205,-0.5552151065604645
7570,-0.1675882323651992,-0.5073533053682044
7571,0.34671796568880053,-0.467852361081755
7572,0.19543912726824167,-0.6049978970193758
7573,0.6617891969417982,-0.4072026425717137
7574,-0.21824408359632186,-0.5787436171729036
7575,0.4001886045232447,-0.5457180392567693
7576,-0.19073554373003834,-0.4566688504298181
7577,0.6743025508594234,-0.47018203208964704
7578,0.12346067654005606,-0.4505695601461657
7579,-0.1437542419373423,-0.5247307279033899
7580,0.2099623672738016,-0.5331022692310212
7581,0.08401662527268243,-0.47469413644881503
7582,-0.33893960620421143,-0.5747417637727851
7583,-0.1302862702706567,-0.4317291565606001
7584,-0.27541687474974463,-0.5311613984605402
7585,-0.6347572577727281,-0.44848796965289195
7586,-0.22998348513382877,-0.43382444214365684
7587,-0.33678230184410846,-0.47599213881524893
7588,0.2534406348836306,-0.44693886182554826
7589,0.24814700759009467,-0.5259853116429859
7590,0.18304639466770173,-0.4498851196766487
7591,0.4476669094017605,-0.39475008449639176
7592,-0.6010502155387792,-0.4904258804866897
7593,-0.8108169093809802,-0.31629025074252864
7594,0.46111913166047985,-0.5333024812415178
7595,0.13510532321235957,-0.5113583972850602
7596,-0.22165420970267566,-0.5593803628537892
7597,-0.5624198940421954,-0.40046158706684326
7598,-0.18506167633176812,-0.38999601269526674
7599,-0.26551446451253913,-0.2900636285769083
7600,-0.7288562983793988,-0.25504669572005234
7601,-0.3801042072433078,-0.2712431098186001
7602,-0.8204236204716998,0.058720353791334765
7603,0.9913715429165925,-0.1989476084814007
7604,-0.0018590842854853196,-0.393125510600688
7605,0.50897534461833,-0.4054292261817158
7606,0.4024103502572728,-0.32332561546898286
7607,-0.1138828896247469,-0.4603526133541235
7608,-0.60905396597377,-0.29734371914509583
7609,-0.7039038282896061,-0.3037767459716696
7610,-0.0938616670477247,-0.4762726952725311
7611,-1.2457271132118934,0.05951545668883253
7612,-1.09484185335714,0.400075129098394
7613,1.6347131876239616,0.6095917811429636
7614,0.797058293348781,-0.07464251509402406
7615,2.480805465086329,0.6712570380664954
7616,0.29915295724796814,0.1519988005272945
7617,-0.18109667955873462,-0.12216909983310209
7618,-1.8633648715248783,0.18033859769909388
7619,-0.599929975905553,-0.030717509924032483
7620,0.9257511970631774,-0.08156333669836187
7621,0.266727041873333,-0.22991830306035732
7622,-0.0992625687812561,-0.293174240472602
7623,-0.5844478150218243,-0.19465980983997608
7624,-0.841919423351218,-0.21624128023175143
7625,0.4702597746132795,-0.4048467328606242
7626,-0.40151418696248836,-0.3707139359470549
7627,-0.603228635611806,-0.12765803478837576
7628,-0.29895256014277266,-0.31171618287714753
7629,1.0481057689236366,-0.14957569332866746
7630,0.11667549311172885,-0.31511532972240897
7631,-0.37919090365671587,0.4309530830793135
7632,-0.10789319282825098,-0.2704131068548785
7633,0.9439038170964412,-0.1390131352642967
7634,-2.9884310657472253,0.6633004562923999
7635,3.0623982531483818,0.4118776278981154
7636,-1.6664860651749043,-0.0982647836576036
7637,1.134550606168255,-0.26051578328270686
7638,-1.0569197609154144,-0.13840810922900787
7639,0.02401110502694498,-0.378038733493272
7640,1.1540139294036087,-0.2741124670268202
7641,2.034076661397442,-0.16365809297347364
7642,0.9415013714071266,0.23880479331657262
7643,-1.2270007813600865,-0.0835112951843963
7644,0.9303621738524567,-0.3063435021411873
7645,0.219457853076527,-0.3228252833651554
7646,0.7234024218276282,-0.37831098559698173
7647,-0.5032773166448414,-0.37954603241450724
7648,0.3014030197332667,-0.46348956609392594
7649,-0.38103316226995926,-0.43772418811424274
7650,-0.1902816963196733,-0.5262115527862381
7651,0.2622174256606469,-0.4694808143239783
7652,-0.4179115368086376,-0.5419416109508336
7653,-0.8319175619179278,-0.41609160547919355
7654,0.6906417939233586,-0.3830032571229146
7655,-0.553525225228327,-0.4153423501402717
7656,1.3416982424676176,-0.23785843328894815
7657,0.3010415432828569,-0.24795539186231966
7658,-0.808240873824092,-0.34033428692737283
7659,-1.7285087467445575,0.033573267833480136
7660,0.6457533710681655,-0.40319325827771546
7661,-0.6779085766461767,-0.32221793922447245
7662,-0.07216642988125822,-0.4020339974026585
7663,-0.1622122192588387,-0.422570800649002
7664,0.21064641738130516,-0.42387894855456315
7665,1.0803095447322133,-0.42783188480892387
7666,-0.8967028292855301,-0.4346938368976932
7667,0.4225313373964481,-0.4163625072938097
7668,0.6013919170483742,-0.47605903526872756
7669,-0.09175099924955214,-0.6017170519765046
7670,0.39916514424034727,-0.5219833980191054
7671,0.0006058290133049048,-0.4326419829079268
7672,-0.6146214479168078,-0.4235435995963349
7673,0.22225455199470887,-0.46646615237636785
7674,0.5935888803357378,-0.4408494851032933
7675,-0.007875296741454315,-0.2795808619380218
7676,0.19686431941431154,-0.40676862155151383
7677,-0.3415117384960002,-0.42002680438249795
7678,-0.4602464484397207,-0.47640138529283343
7679,-0.5274262216357928,-0.4001876558078583
7680,-0.3441464203195758,-0.4024166396203815
7681,0.05929030395336504,-0.5239702838451633
7682,-0.011196726410412987,-0.4793631834298722
7683,0.3796478665190838,-0.47078005509433013
7684,-0.2006834511421071,-0.49827654529628346
7685,0.027880199702031996,-0.5520256576814893
7686,-0.2861614652225278,-0.5564521290481627
7687,0.6061140264415373,-0.46376811839803067
7688,0.061473179115358205,-0.5497254458561014
7689,0.08435377991061659,-0.44050217920945495
7690,-0.6447460082535442,-0.4998968671863436
7691,-0.050930965884267244,-0.4973907263395996
7692,0.7617455016533687,-0.37927682132099544
7693,-0.21061063372777955,-0.5145383014419157
7694,0.25575190268089487,-0.30660061654039694
7695,-0.10837187228257343,-0.5279639736153877
7696,0.38627043357888163,-0.481034382888155
7697,-0.39826975000423537,-0.5362766855076114
7698,-0.22108977023417997,-0.4876809367725161
7699,-0.517857499957496,-0.46799532902868973
7700,-0.11059215627605576,-0.552077780471851
7701,-0.22155081619044562,-0.5079812445175609
7702,0.11057976295162174,-0.49293390893373795
7703,0.48296331117857877,-0.3795234284846475
7704,-0.2334273616275981,-0.5740480102816805
7705,-0.4852203835999005,-0.4641531809000136
7706,0.42149564707486725,-0.5106252356691097
7707,-0.20737904424799428,-0.4243578045836195
7708,0.42121467889856307,-0.3922157897843015
7709,-0.7692578793312633,-0.450852627714104
7710,-0.8984426866069594,-0.2746654602320275
7711,0.40282973296642766,-0.3373005701926083
7712,0.48352529815360423,-0.5058968732478166
7713,-0.9241751040260808,-0.3164227225766265
7714,-0.5567029926961116,-0.22859050102974643
7715,0.8164061658431424,-0.364452204316863
7716,-0.2810959501553814,-0.47312737982081204
7717,-0.2496083418368025,-0.5472187420038351
7718,-0.3950719133815267,-0.4263106541611759
7719,0.7163908239632734,-0.4064934257061215
7720,0.2139196882326403,-0.4451432338435256
7721,-0.26329848795658406,-0.48844267494251575
7722,-0.787485281335736,-0.3440232919096489
7723,0.5509880606781652,-0.3593142548921571
7724,0.15574066332466374,-0.5329574901074113
7725,1.8949367677593831,-0.1187386531347249
7726,-0.2282662564048591,-0.30386139242419047
7727,0.7637503069728552,-0.3302986886429199
7728,-0.5587762499052001,-0.4267160051376027
7729,-0.2924655090390953,-0.5338291996150615
7730,0.2021092522366542,-0.5754274451816599
7731,0.017266336968088724,-0.44456105133143947
7732,-0.26670205675991004,-0.464554071579926
7733,-0.4349628760957628,-0.5174023876532003
7734,0.31918728943517777,-0.599877991973676
7735,0.32269477305526795,-0.5646056434074946
7736,-0.062489648170507485,-0.5590961336926796
7737,-0.6872102735937228,-0.46888156132897685
7738,0.38511018353740106,-0.569736667749273
7739,-0.01308297139869049,-0.5371161173901959
7740,0.10672533826042777,-0.5093582298058402
7741,0.09683870479520562,-0.3323914038995595
7742,-0.07774739908830412,-0.619471936366999
7743,0.7508256526061381,-0.48094051273125377
7744,-0.009268020969422126,-0.5533302380085129
7745,0.6011863640544761,-0.43450654535917393
7746,-0.36037068154633367,-0.46058664723097337
7747,0.18911145139156413,-0.4221966667178207
7748,-0.33982596873867493,-0.46324301385673006
7749,0.3403600819111151,-0.4988448114094703
7750,-0.18690034346730464,-0.6226531604278763
7751,0.310040095707174,-0.4602597050244678
7752,-0.579759474846161,-0.4574161359539888
7753,0.34604526197262686,-0.6021475701514963
7754,0.056173963617729604,-0.5101687275144755
7755,-0.4801571997912843,-0.49947220743289433
7756,-0.5991805437657785,-0.5047721246396857
7757,0.5908518856050163,-0.44983674606066787
7758,0.5295967845714858,-0.5655034334033264
7759,-0.32662905754837246,-0.5728722588665024
7760,-0.14974583830522276,-0.5862510549456563
7761,-0.43850226943898085,-0.45317946129931713
7762,0.050296978103508555,-0.5323457823823142
7763,-0.15536634786759487,-0.6072383110408006
7764,0.359378478915471,-0.5296764680761055
7765,-0.2927134000723991,-0.5547609416580079
7766,-0.0915999510204531,-0.5795849941474467
7767,-0.19470692663625777,-0.4982646380462096
7768,-0.7428332643857949,-0.41855621440916474
7769,-0.41760095318239365,-0.2946198406298336
7770,-0.40996749805786503,-0.348458776607422
7771,0.3494917518067823,-0.4187114810125607
7772,-0.22029546818419518,-0.4162558963117374
7773,0.663313707315912,-0.3099840333288239
7774,0.3023980173063528,-0.49406132165425143
7775,-0.022268480493910243,-0.5010349764211207
7776,0.0062954334017448176,-0.5285532949341476
7777,0.2898265314921327,-0.5439887502162336
7778,-0.18788983397948616,-0.4961912912311663
7779,0.19280750257964974,-0.5295174659549121
7780,1.5064625564329768,0.19894345483154677
7781,0.8877414781150268,0.07717776532747031
7782,0.9532391753526499,0.06204996938014149
7783,1.2559587176071227,0.26427522261818265
7784,0.13145515304573102,0.09815101589007467
7785,-1.6348540959735793,0.22451551333613531
7786,0.5476945718351685,-0.21271423727829877
7787,0.2524177759231214,-0.4216172655301633
7788,-0.6473360934505217,-0.3187444190559752
7789,0.15645550239570116,-0.45517134112646707
7790,-0.003346472862015752,-0.45824657502723887
7791,-0.024184652021547664,-0.38319058699799446
7792,0.3007003048958089,-0.47010198823326677
7793,0.4563349424994325,-0.4509257544302511
7794,-0.4036044194405583,-0.44305323657290424
7795,-0.1152348088898194,-0.500744958001201
7796,-0.10351837945918249,-0.5327908058504744
7797,0.2427273336673962,-0.5734228046106233
7798,0.008284273515703327,-0.5559037920187512
7799,-0.020354675938558532,-0.5347479783217471
7800,-0.0698998664752645,-0.5830095812648335
7801,0.3225045386790332,-0.4693896163876592
7802,-0.1848897354233379,-0.47663280443988465
7803,0.23817027020451903,-0.4369542870210646
7804,-0.036091310819293836,-0.49664716318937036
7805,-0.5598543827940214,-0.2825181734118684
7806,-0.7771726708562264,-0.008339622105437434
7807,-0.5546901846005362,-0.18757275620238714
7808,-0.6275022781100608,-0.05602885362310967
7809,-1.064626519903991,-0.13627632023277952
7810,-2.2063051175719743,1.1615269743936605
7811,1.127530989738124,0.525016025840442
7812,-0.07946530353819452,-0.0562832028614963
7813,0.8955594601561606,-0.03254158877389531
7814,-1.3668354204556985,0.01968903892876718
7815,-0.6653466529553004,0.08736185533359338
7816,-0.40637435858104615,-0.1643350756149565
7817,-0.4469805742909078,0.09804366072565925
7818,-0.35522407041725906,-0.07938206126797856
7819,-0.4183383109568333,-0.022785633016207712
7820,-2.7811253575196715,4.08087350053576
7821,0.4367328909685971,1.8163192044091778
7822,0.9407402689773414,0.6237443002483833
7823,0.23935820911306246,0.38836201163407374
7824,-0.3837897668535011,0.07461311273497881
7825,0.3060591831148505,-0.3256158980694462
7826,-0.011399341977434781,-0.3915058919782659
7827,-1.0428412646502034,-0.21775349348187753
7828,0.5169060092589909,-0.3555879807010116
7829,0.819501578365059,-0.2973780263023714
7830,0.2899031724364611,-0.3113632500558309
7831,1.285106432057702,-0.155513641378228
7832,0.2439737929538907,-0.266374254672594
7833,0.14372257939732952,-0.45347314226538477
7834,-0.14630610683930653,-0.510446774380313
7835,-0.5444223170210061,-0.3882245871833515
7836,-0.3604204337908727,-0.4259891114142609
7837,0.36093017315387566,-0.524472859819879
7838,-0.5208372087334909,-0.5173163995163905
7839,-0.8035344532213189,-0.24708459499437135
7840,-0.31409548382226826,-0.3609247350980196
7841,-0.15641818654948106,-0.37249004850810796
7842,-0.018850644026935575,-0.4334208834548533
7843,-0.22485422711848171,-0.4074803190102087
7844,0.6689383831474055,-0.45078568029256966
7845,0.5462556082280723,-0.5006183451052156
7846,0.0807685583057297,-0.6166522036121916
7847,-0.1899288813853486,-0.4475862224249951
7848,0.8533424950128768,-0.4107485622239244
7849,-0.06470087803822427,-0.5040570876304895
7850,-0.41181008186261225,-0.4913260792842496
7851,0.3452707639237388,-0.5413714898907369
7852,0.28662766564876285,-0.582086571560942
7853,0.48172269696647463,-0.3991293888947941
7854,0.036989553219770877,-0.39687665785498993
7855,-0.5465002876995835,-0.45001424590933
7856,-0.151178504775263,-0.6146116358999602
7857,0.3366806727227606,-0.5809890263355199
7858,0.005144463354207508,-0.6064484684801885
7859,0.23234298074341656,-0.5667566669279209
7860,0.36963765902973333,-0.5141278427968395
7861,-0.033650486290083374,-0.45189553257082865
7862,-0.22060643585594597,-0.6388072491085719
7863,-0.21815068757345193,-0.4672482386799697
7864,-0.10585199404524007,-0.5596073685820805
7865,-0.07726190437178243,-0.6164781171924336
7866,-0.17312630608910984,-0.6156221308395782
7867,-0.08547478582487963,-0.5051750183149686
7868,0.5937395851939296,-0.4820641304630549
7869,-0.27539853051296304,-0.5952337170023594
7870,0.2754337044277654,-0.5533590852540163
7871,0.033147169434183714,-0.5694184897288315
7872,0.05244665765285375,-0.5034877753365876
7873,-0.13718425079745866,-0.6020426764028995
7874,0.02566649274150908,-0.5993071567467063
7875,-0.6272843010064798,-0.3631381162220117
7876,0.2829879499302682,-0.5124848517437446
7877,0.1376009610296045,-0.5021385629156672
7878,0.020214296335568625,-0.5440078942807228
7879,0.1266023052425969,-0.6131724746165954
7880,-0.1128277518134381,-0.5547260365921247
7881,0.43846679782943887,-0.5153880683734545
7882,0.9066991875501206,-0.2552207884309995
7883,-0.529524659280339,-0.3859591859639977
7884,0.02207599355440681,-0.5225136558846718
7885,0.23811890685918766,-0.4452418843674292
7886,0.14966017152589603,-0.41643196013606076
7887,0.36750584752891136,-0.43238737790541726
7888,0.07131762649991685,-0.5147074888111052
7889,-0.35847912471373594,-0.5154317115113544
7890,-0.12684070496277206,-0.4796409215711272
7891,0.09533176190367477,-0.43261978950527463
7892,-0.053409838743577236,-0.5120618676238408
7893,0.07180514948749277,-0.5663125678708846
7894,-0.12725479278384708,-0.5604344947155411
7895,0.15501789788763864,-0.5872158616327571
7896,-0.30180736671550507,-0.43524718787572214
7897,-0.27712974841357507,-0.5335632451065656
7898,-0.28478006791645943,-0.4906491574389391
7899,0.07068430274945393,-0.5469749891119533
7900,-0.005113554527452484,-0.5052266631522555
7901,-0.9991651781877482,-0.3263511807908055
7902,-0.6322219332121674,-0.21064631239793938
7903,0.01290190414470132,-0.32774453116528046
7904,-0.6068162234608698,-0.3100095793855334
7905,0.9615705615300668,-0.302907548689488
7906,-0.6993935593347111,-0.3597473329141246
7907,0.18246076345007542,-0.49399625141559217
7908,-1.0382338826116368,-0.3238995295350773
7909,0.4225329467836762,-0.2991873847799149
7910,0.5048722790109079,-0.39274635006786157
7911,-0.05113239902540795,-0.4989374136827921
7912,0.3675705114527367,-0.5100903010709484
7913,-0.9619508554980676,-0.33947712515512807
7914,0.2434036175267435,-0.43986971063175995
7915,0.3284111919583455,-0.4414107151666219
7916,-0.6352702607990057,-0.42288576625097024
7917,-0.8854524849325338,-0.016535719757382265
7918,-0.30749812108876623,-0.3365421528424178
7919,0.6313231218696206,-0.41509923128484705
7920,-0.2690555240177342,-0.3821294647991425
7921,0.15843661436366346,-0.37956814352611035
7922,-1.8101081289011502,0.3888885318489053
7923,-0.03164581490604643,0.08203700757909417
7924,-0.1472673655733092,-0.2704980468827244
7925,-0.1457751400062581,0.07204459816647266
7926,-0.6592391374348464,-0.3976989431414876
7927,0.9166717338984764,-0.14389814353157335
7928,-0.25787282176225756,-0.4505175941605989
7929,0.7775948238612197,-0.2889230385699806
7930,0.2936336764301615,-0.2678460414255277
7931,-1.0401806721315217,-0.3950666633802946
7932,-3.6940357316806316,3.9104185871446187
7933,-0.9122368248126252,2.907722879297038
7934,-1.3583706258358312,0.29039457628472637
7935,2.033336698451907,0.5272299102020238
7936,0.38108366557091017,-0.12234820410052091
7937,-0.987076769513914,-0.06956863227847589
7938,0.45769771478214305,-0.31177781069009575
7939,-0.5057986666266314,-0.2267292490444893
7940,-0.6587340848717235,-0.12614596067415196
7941,-0.9520482859426296,0.8561369414551782
7942,3.1631631156798274,2.1213855364851804
7943,-0.6898264819603485,0.8193743639968563
7944,1.745072854667969,0.41437895259452456
7945,1.3096173573028198,0.6627751516597365
7946,-0.11990933640861792,-0.2433838919136051
7947,-0.06999998592325041,-0.28426947219926324
7948,-0.9810155410022039,-0.11866433706019516
7949,-0.23847408237371465,-0.20122941994930574
7950,-0.953656193577229,-0.17671996437445484
7951,0.21221455860613336,0.07650431263489643
7952,-1.321280777378479,0.18204246636768848
7953,0.1155027899231408,-0.011347259942697936
7954,0.2889234700062394,-0.33708321507435807
7955,0.25370460800507794,-0.2778986037843447
7956,-1.3547376310209571,-0.11231502220701124
7957,0.5105936374301963,-0.37397084951472015
7958,0.30233766641290116,-0.3226202429385703
7959,1.3457893023895686,-0.014272447451767575
7960,-0.28126243192297645,-0.4402370330111106
7961,-0.37145396597729796,-0.4327779307465758
7962,0.5285701913361125,-0.4768754951071521
7963,0.42470092055170555,-0.3616266403099969
7964,0.31821426250139545,-0.3893027472324493
7965,-0.6454210625990378,-0.4510812448367486
7966,0.7784012774835815,-0.37770648350498703
7967,0.39880515631542734,-0.4639866191442233
7968,-0.2681420693420541,-0.49899307909099666
7969,-0.1726801760410001,-0.46872061491973205
7970,0.16059617432555573,-0.5514592203116533
7971,-0.42753749243333816,-0.4481683524114951
7972,-0.004352033434194825,-0.4916058925864897
7973,-0.9508801326381179,-0.1674639936033831
7974,0.0212165904180877,-0.46936785583121493
7975,-0.0996063737781506,-0.3844725634398324
7976,0.3989095073098519,-0.5022669060693097
7977,0.10050824221014354,-0.45233385634967616
7978,-0.03252478107881669,-0.5125887179622307
7979,0.02957545533479237,-0.2241719716011094
7980,-1.4757009124011433,-0.08107053213029049
7981,0.24063808781611692,-0.2193325422989273
7982,-1.2360164748597393,-0.018897918628895324
7983,0.9013892142484675,-0.2461125734424225
7984,0.17999037208268,-0.2803205726059734
7985,0.67686056395261,-0.4328181749742096
7986,-0.5246046633268979,-0.38565831983181426
7987,0.6956862877678566,-0.375828561920586
7988,0.13174042212613088,-0.31822840702050664
7989,-0.16432776184477532,-0.4497441481287168
7990,0.41106910652488804,-0.45444784392366167
7991,0.008102688770729201,-0.22195842456228063
7992,-0.7518523050817235,-0.2966512039776119
7993,-0.378580265299434,-0.4362964147619255
7994,0.8551822909618363,-0.13946207697379676
7995,-1.747099817651034,0.17015037372186453
7996,-6.813817677466793,4.454639514507642
7997,-1.1947621335082816,3.9734453685915523
7998,1.686282219142049,0.8977267819249013
7999,-1.0605610514184014,1.1547191911374477
8000,-3.7225516575116275,5.230510914664386
8001,-0.05081186266046075,1.7268111640603516
8002,2.2362874358867293,1.6797975818289546
8003,-0.8887796435957166,0.7576714586115765
8004,-0.8873628860812198,0.30585025836309593
8005,-0.12253689065599821,0.03774110717419831
8006,-0.9825892933862026,0.16351529062005837
8007,-0.18728359038221234,0.2991794784406537
8008,-0.25625848381453953,0.1544885340332425
8009,0.3856620440890897,0.23788189184411365
8010,2.1883229544409635,0.10496603562703735
8011,1.6634317747201317,0.6955164543520668
8012,-2.034560323060194,0.2950244429484778
8013,0.9230899863169724,-0.23936143757894615
8014,0.2093857393375864,-0.19622476400439537
8015,-0.6100792793724354,-0.20353647372540012
8016,0.4939110229504388,-0.2834648695705145
8017,0.19179298047273471,-0.5228152417276245
8018,-1.1266119198214586,-0.31559081522661886
8019,-0.7916451556736239,-0.19825662490160778
8020,-0.2738849553629038,-0.36744213386298424
8021,-0.29059078853564624,-0.49353093102002416
8022,-0.27936162409521215,-0.2154028918405485
8023,-3.405083380789162,1.894325800809235
8024,-0.23030519164988741,0.5895056164964166
8025,3.850030821384096,0.8422208684211913
8026,1.6802347856711966,0.31291363299937186
8027,-0.08420908078925338,-0.07181021754153258
8028,-1.0843917442310063,-0.34488805026424985
8029,0.6598966343195991,-0.17854252769541237
8030,-0.9455415615694912,-0.32648947100319453
8031,3.450417176037159,0.7979945744763962
8032,-0.0639204671838703,-0.12421082327435101
8033,2.835450537997267,0.6956102643824921
8034,0.32825342083199843,-0.1707899242269253
8035,-0.5140257289736686,-0.1538064419334781
8036,0.8829298301028841,-0.021146958784046252
8037,-0.4560551144515668,-0.2548378084509423
8038,0.23010786176172063,-0.24841745624413397
8039,-0.4197415146170018,-0.07191045815549493
8040,0.3456983769701246,-0.08809440278531276
8041,1.6296486187361263,0.11283481840264238
8042,-1.2711308551748006,0.2846241672549299
8043,-0.2240867495934622,-0.3571899404396642
8044,-0.781322001556735,-0.44053399501820173
8045,0.8438838317027695,-0.3947746581569845
8046,1.4984136917512798,-0.15761164847155124
8047,-0.41185325721488975,-0.4609019157995524
8048,0.5004888046056585,-0.459327315365054
8049,-0.12216163351810347,-0.3655908606347203
8050,0.20064463240716773,-0.46856323870886823
8051,0.3770241927229876,-0.23561289490879705
8052,-0.5651201143395372,-0.42813151649347214
8053,-0.29683834730748354,-0.4697936897676901
8054,0.3408167625797742,-0.519344101702749
8055,-0.10725207237504938,-0.4881289918979162
8056,1.0467376822870904,-0.2521143504271211
8057,-0.296874341725169,-0.4517474003936807
8058,0.09183846500887081,-0.5442752028929703
8059,0.71975922347444,-0.3564760172804379
8060,0.24681644429595662,-0.46106369489738874
8061,0.07724912125653188,-0.5082724113375483
8062,1.0418458730142326,-0.07798450052695707
8063,0.38278456730875215,-0.2898162909782398
8064,-0.549850048054394,-0.24625829796148085
8065,-0.0985043684428326,-0.11320360708643476
8066,0.5777965809945093,-0.203567483782149
8067,-0.11995529036396248,-0.15497667975853976
8068,-0.5127375844806653,-0.40197551600933873
8069,0.11826011867362445,-0.39366674690299414
8070,0.17902017693777658,-0.5691164564056677
8071,0.3711537332549293,-0.3065708114901751
8072,-0.39617253642405664,-0.39285003907038796
8073,-0.4366255902320327,-0.49590871307489465
8074,0.2815637300452848,-0.4685339212845833
8075,-0.47331077494579604,-0.4235040574887254
8076,-0.806641709116853,-0.1455659028347385
8077,0.1652228192764457,-0.43301113606945674
8078,0.2256500448054322,-0.4716814447885528
8079,-0.3523267560677002,-0.36475556286282035
8080,-0.6181379824981926,-0.4701865663579637
8081,-0.5753471438735897,-0.3649806963059042
8082,0.7568631425102978,-0.4150921956710997
8083,-0.14871860711228216,-0.3500806258401579
8084,-0.5980509998108866,-0.31572491194583674
8085,0.23846944367962597,-0.48131481912560786
8086,0.39041015989664674,-0.36011230151067475
8087,-0.2564957933032918,-0.45923474224248956
8088,-0.03243115619246719,-0.4489402982642932
8089,1.1275412262228564,-0.2585233709053417
8090,0.8950380872960974,-0.17689512722797673
8091,-1.6462389451093735,-0.12419933259935832
8092,-0.34727748054688584,-0.33324335025192225
8093,4.639997517978539,2.4347758814485574
8094,1.0545862816597393,1.2591059988611542
8095,-0.10114153354399397,0.9039627978728622
8096,-2.0150184823256225,0.6635040773133594
8097,0.15614423838990082,-0.07357743717336426
8098,-0.6610065028914903,-0.33378850237557744
8099,1.2010452853232776,-0.1430927498125205
8100,-1.8056000146481204,-0.029166823414337732
8101,-0.18537600571491242,-0.08326810992749115
8102,-0.5780768428866605,-0.1520178359693324
8103,-1.2191123010085974,0.05690097900643958
8104,-2.4254541275546044,1.210745618222538
8105,0.9258282706105728,1.3334829800432457
8106,0.09658545582149004,0.7171942880541947
8107,1.9244323116414217,0.7493794376723323
8108,3.4215704224732297,1.5881133807613952
8109,1.114378263247523,1.3018830548098954
8110,0.07177899571629523,0.06804787588688845
8111,1.5839916496969517,1.251428673907272
8112,-0.6378001207065803,0.2089002690866992
8113,1.0264147624412419,0.3718155255631314
8114,-0.43061053404390615,-0.26342968985263576
8115,0.5897590593683489,-0.1799331718671527
8116,-0.37734176734266844,-0.2504759749288444
8117,-0.5669082564223287,-0.06494937352840584
8118,1.2855192584300676,-0.1944497690707523
8119,1.3348172758316283,0.47640890824239546
8120,1.6749961610636095,1.2510680567074417
8121,-0.48879465568360797,0.22166455309540403
8122,-0.6996676386554168,-0.10286905015712297
8123,0.07237970120705547,-0.04870134312888312
8124,-0.2429767652243317,0.168878655759841
8125,-0.010240310494879142,-0.31992519033361333
8126,0.13958919929221858,-0.34040415206335106
8127,5.600736626057839,3.5016324280190023
8128,2.085206825715323,2.4547544479563452
8129,-2.741682456607216,1.50772198317701
8130,1.580718473880241,0.9644570985916249
8131,-0.5774064342849222,0.2144403408607175
8132,0.0503248410681209,0.055055747124385226
8133,-0.06335636193925576,-0.02870085051467508
8134,-0.17967360888238965,-0.18045637475189696
8135,-0.25864958932609283,-0.15243869956555667
8136,-0.5043932935238404,-0.28228628142499645
8137,0.09712609430539725,-0.10601954193334712
8138,-0.15496380530972179,-0.03933654012402325
8139,0.08755743099990174,-0.47967218112694054
8140,0.3992724951682022,-0.29890156895255454
8141,-0.4346652477866692,-0.4276323782056859
8142,0.7226733928152661,-0.2598908612440959
8143,-1.3860809757866763,0.023619617876142526
8144,0.01375093544550119,-0.28672403233386773
8145,0.05579383645140905,-0.32138367792504896
8146,-0.5491852308476034,-0.1970404469829118
8147,0.4411363782312682,-0.3935794413671681
8148,0.5235995063351164,-0.29773428185244705
8149,-0.319707049621337,-0.4258840909444226
8150,0.2288647842490169,-0.47777923816343637
8151,-0.48998627714223464,-0.41926642515453044
8152,0.33550743865792965,-0.5518770156154176
8153,-0.12598332620148894,-0.5768266415928582
8154,0.1085890569978256,-0.4435103578211624
8155,0.7570611404550028,-0.37488053827572876
8156,0.7458440092899558,-0.053582325522737236
8157,0.8543046454924091,-0.020643462011090106
8158,0.4945527357442483,-0.10798017257543431
8159,-0.3868724885707996,0.23283251940260458
8160,0.49349168476309097,-0.2749809508256073
8161,0.6311896947007238,0.0014773600535233854
8162,-0.312138965925989,-0.23042134288345895
8163,-0.619944103659611,-0.17091329455722876
8164,0.12550663474226834,-0.17719205762154533
8165,-1.5159881652666096,0.43510665908809854
8166,-0.8802828184864031,0.10784603991377222
8167,-0.32778936912975776,-0.04295816908888882
8168,0.7964339648302071,-0.04108940639528207
8169,-0.2969472533636673,-0.15960275281364444
8170,0.010440400979993778,-0.41645999426183505
8171,0.24123736586564704,-0.4382274564849159
8172,1.3162563724454404,-0.038226871103921034
8173,-0.8637261159749221,-0.09123539007618954
8174,-0.210883626921202,-0.38180860256992244
8175,-0.08781678829365319,-0.39282904574658445
8176,0.01737756062473356,-0.4677499227893788
8177,-0.05306491187876097,-0.42127861467754324
8178,0.2769932903326861,-0.49867309272855104
8179,-0.4635228914596821,-0.35310150265814333
8180,0.8223557522248475,-0.2649558838404511
8181,-0.43366866344933097,-0.2819953111225175
8182,0.2815996780657284,-0.38421955616709647
8183,0.18900628394900995,-0.40714485767591213
8184,-0.659326647106367,-0.3353953258554646
8185,0.4397707193899457,-0.3664002534484153
8186,0.04870338438010388,-0.4170982324512697
8187,-0.03789543368526642,-0.41975729243214777
8188,-0.44479048979778185,-0.11918408106934142
8189,-0.047062430359363965,-0.10724850805069294
8190,0.14618937639577315,-0.36462250699188137
8191,0.6757450162017812,-0.14949455128467462
8192,0.5983133725011132,-0.05702126795831726
8193,0.6167492004043369,-0.3410494586592634
8194,-0.6674349207109971,-0.1728744406161628
8195,-0.02226578090711082,-0.2933421607539013
8196,0.19901429934896137,-0.29967881500364935
8197,-1.2425158586708802,-0.17808006717416924
8198,0.49722797017836595,-0.3422279704740941
8199,0.034820740130406605,-0.4244590246837888
8200,0.7462349587320409,-0.36517777841015486
8201,1.2818849113423147,0.04185281498127131
8202,1.1419761747052193,0.38467765653727237
8203,-1.2879465034910422,0.11602007658593458
8204,-1.1813747607990175,-0.008791930848420003
8205,0.9047041956278876,-0.34038876756341097
8206,-0.029294608427996728,-0.4727446202075986
8207,-0.7244473347238637,-0.4330413196187185
8208,0.18652353498320468,-0.29603901821647505
8209,-0.35319160824959556,-0.5432420858239461
8210,-0.3267655769437042,-0.41188295371625533
8211,-0.37290010930282946,-0.4024833207299127
8212,0.20000988218331653,-0.610012811870735
8213,-0.11917403442428665,-0.6011597175639112
8214,0.32391380846693607,-0.35625540399896105
8215,-0.3647448086215367,-0.4445882215316901
8216,0.9662097906702746,-0.4823011711776963
8217,0.2543313221240123,-0.48263907351211266
8218,0.6118625356655174,-0.40267088462768713
8219,-0.8259567796922836,-0.4135912911300538
8220,0.3952299512350113,-0.5725419694212062
8221,-0.1675509597386616,-0.5093481977256288
8222,0.3304831950479666,-0.4909072436820174
8223,-0.6235563087075711,-0.350626173993581
8224,0.08073565866662388,-0.5887940563215289
8225,0.0919911674608178,-0.6037041450604407
8226,0.26365719440232066,-0.5694249153874197
8227,-0.6081840611850423,-0.4977160222858579
8228,0.0057182549903358965,-0.5529051753573289
8229,0.4089533099350693,-0.4427916078031015
8230,0.46129703872504385,-0.5551410495515842
8231,0.6605932951775697,-0.30356076862673104
8232,-0.6112139972433587,-0.4215827017814522
8233,-0.736982418374779,-0.39710996136772425
8234,1.6495988673437698,-0.21748918766210307
8235,-0.19721928720008056,-0.4368038249173776
8236,-0.6042853728302607,-0.35489480272025914
8237,0.8263061210386653,-0.3211406030367233
8238,-0.3083670428791934,-0.5579859894303592
8239,1.0817280430327345,-0.12666239903304952
8240,-0.7054123647016074,-0.37560021336901145
8241,0.029059094792054683,-0.6063243473757083
8242,-0.09130013891913541,-0.5280446199589564
8243,0.17532139830926718,-0.5118356414507096
8244,-0.09108236474037079,-0.5316290112420872
8245,-0.35024453362360597,-0.4415397233755616
8246,-0.4020948951564608,-0.4331609490302734
8247,-0.2984873582565319,-0.40298837176200236
8248,0.3184674261719019,-0.44423124946174924
8249,-0.7571259177889851,-0.41835159269483957
8250,0.26732539346221995,-0.5205030830592616
8251,-0.04191422118358327,-0.5094240354781642
8252,-0.14982375570130851,-0.5073251228646605
8253,0.160845206027784,-0.516637864847852
8254,-0.06359538394168095,-0.5779306225364961
8255,0.09401613410047288,-0.4948220598382844
8256,0.687836264327676,-0.41492067966515644
8257,0.13229293079309679,-0.4941867958180646
8258,0.18296017687368582,-0.5417331810632806
8259,-0.21938016836982482,-0.5251550738507682
8260,1.0531756113016366,-0.3123280754310137
8261,-0.07374983233431204,-0.4369706710106194
8262,-0.2613239115073215,-0.3710020579332989
8263,-0.08493056603147292,-0.40377586327547826
8264,-0.8022401877387622,-0.35063690902926287
8265,-0.4235023812385876,-0.4121150955360917
8266,0.6877620761918726,-0.31532196011021485
8267,0.4344388915558295,-0.24920841971355512
8268,0.12246445557367296,-0.5776485666514715
8269,-1.656314767515945,0.02197994407597076
8270,0.5680777779271989,-0.3320139955545108
8271,0.11433660792036533,-0.4283816992114201
8272,1.15393528878868,-0.10291603640086333
8273,-0.5082813775376654,-0.41108583652875835
8274,0.3240044577693897,-0.5200735030708097
8275,-0.41728430439987296,-0.44184647669745336
8276,0.14494609288996943,-0.43741763872846523
8277,0.857506083687351,-0.3661505345510355
8278,0.19394848530003808,-0.3656667606309671
8279,-0.6814313549802763,-0.4347007160589525
8280,-0.19706801252970083,-0.4178646532112325
8281,0.2739657109111411,-0.34148128391645444
8282,0.37683712848682327,-0.2517923390222421
8283,0.5654985694558019,-0.2912897886729964
8284,1.063952536870411,0.5556429131750703
8285,-0.15472707919242926,0.13625376760337618
8286,0.18447101601663554,0.5522657553590766
8287,-0.6568284780369787,-0.12576300795773113
8288,-1.552732452333967,1.1661632977354914
8289,0.9661835993834479,0.19553782707336137
8290,-0.3013876208231356,-0.009282647529298527
8291,-0.7901302105320541,0.057072453794150074
8292,-1.4854959674894173,0.6558058245265763
8293,-0.49312726487277747,0.41526140316495974
8294,0.22683222100067166,-0.20879961151926232
8295,0.761994203480146,-0.3115489806631281
8296,0.34341395973851707,-0.3546939173681338
8297,-0.722146987328112,-0.280419393289309
8298,-0.1384778035966207,-0.38611995177371383
8299,0.8717977096513274,-0.3167453269799312
8300,0.43499054264924986,-0.2076704194536163
8301,-0.9491618505346727,-0.2637676200422101
8302,0.9973997797962871,-0.4369842406003117
8303,-0.031122593204984155,-0.5187775036973422
8304,-0.24901385250850164,-0.5008052346799389
8305,-0.0430684680623684,-0.44916212015199647
8306,-0.06665630752384592,-0.5587799222335936
8307,1.0123177581890868,-0.24785440641090425
8308,0.5444508467612709,-0.3601650956599796
8309,-0.4297365824969303,-0.41060317339178937
8310,0.19075415984004207,-0.41507740276843297
8311,-0.369572004969868,-0.5139892438871289
8312,0.0774447033282902,-0.5694398130851144
8313,-0.2105015046177253,-0.6066422299304057
8314,0.60833135624293,-0.5033914093708758
8315,-0.5852174096615445,-0.3515064306384553
8316,-0.3678532603101777,-0.4890552351954117
8317,-0.02375512331607733,-0.5673521964740577
8318,0.0680951287747157,-0.564367576781582
8319,-0.39894970580543815,-0.5133563854677634
8320,-0.33728165562038565,-0.6141517219443456
8321,-0.4544171034169502,-0.5052584818908256
8322,0.05711364209965378,-0.5400599116106368
8323,-0.025745094403960868,-0.4562730690706097
8324,-0.16882505588215088,-0.5539011902037467
8325,0.24511324152217495,-0.6067420729807945
8326,0.26271610812019186,-0.5358672386219138
8327,0.600764244521095,-0.34778617866961953
8328,-0.22735803604650084,-0.5097492101179223
8329,-0.16070709860883073,-0.5656386989050144
8330,0.04935997430565075,-0.5441982577728657
8331,-0.24082570946365775,-0.5660864172142099
8332,0.8145795417287386,-0.3680302295001347
8333,0.4629101234054717,0.029985501360420577
8334,0.08970031129983635,-0.5927068455856959
8335,0.43339962738647037,-0.37980209938924336
8336,-0.2521838339139294,-0.5284842873622407
8337,-0.31948663813298817,-0.514184331993724
8338,1.1101916993338146,0.013546912796618123
8339,0.1964507124534271,0.139956892599509
8340,-0.7161509433760136,-0.27277389502501104
8341,-0.15374422223900305,-0.4401203121650799
8342,-0.029880792335982013,-0.5168893075433522
8343,-0.3081712065253748,-0.49300320807915143
8344,-0.3390568248144071,-0.4771450647757316
8345,-0.2105569519987006,-0.46297700174350975
8346,0.344231235303979,-0.4336334973225754
8347,-0.23892682067148727,-0.48906696654788484
8348,-0.47041813290749523,-0.4662323799454353
8349,-0.34549455855658245,-0.5132901752485501
8350,0.3095229046985462,-0.468184599107677
8351,0.3808713481946729,-0.29300183323295287
8352,-0.025715920573123288,-0.5762420722960386
8353,0.0695238076666308,-0.5373590255848588
8354,0.005656295176910163,-0.6006337030924451
8355,0.22547317196580627,-0.5154912723335255
8356,0.4205281497441028,-0.15181823931798433
8357,0.20501816798530031,-0.415170487438017
8358,-0.5230793481449063,-0.42252379010844293
8359,0.6122119956029114,-0.4605134833644069
8360,-0.5649363599525661,-0.46162047962437536
8361,-0.2755327836107029,-0.502447742788288
8362,-0.16166555054473702,-0.5535581058660279
8363,-1.293930133553679,-0.0034868489889522624
8364,0.1799268258831689,-0.31145002886461626
8365,-0.3202567866200048,-0.25994659825133853
8366,-0.30983839308615674,-0.42148476389574036
8367,0.2693906778829188,-0.27088798537658026
8368,-0.12716012549722203,-0.5724653359690894
8369,-0.21851760604993345,-0.4226532280475537
8370,0.12720004611114258,-0.41889379037158025
8371,-0.0809390180909586,-0.5992308685154022
8372,-0.42046033890204154,-0.3211659665281729
8373,-0.1776988682931597,-0.4607653897103806
8374,0.27460269130226006,-0.36252832324932704
8375,-0.2874757709658508,-0.4433914992542825
8376,-0.2606382811865494,-0.4092612501767917
8377,0.31892754610504576,-0.4842042636230322
8378,-0.8586113128543793,-0.10258502919870759
8379,-0.4355892981893441,-0.2391021566612211
8380,0.19146426360186228,-0.2494243407875243
8381,0.4350997630202425,0.0010408588251889605
8382,-1.4278937487762158,0.3012160297973094
8383,0.24666920124655903,-0.22747713390661184
8384,0.7681224450750803,-0.17890663016437366
8385,1.013884768848767,-0.1546519645207249
8386,-0.49351389070134877,-0.3658755115361296
8387,-0.2218992688321579,-0.44536984905696864
8388,-1.2205955730007956,-0.039434156871465155
8389,0.6366424489314205,0.1295189800960514
8390,0.6049858767055525,-0.27710680973040147
8391,-0.46874585723839307,-0.35249242129747504
8392,0.09699587050014831,-0.3951009687728892
8393,-0.1360304847862343,-0.4855180331187344
8394,-0.04504123608930024,-0.48785939480893764
8395,-0.027644279054651066,-0.38808732466675055
8396,0.4595903123139678,-0.38939208611081694
8397,-0.03609282697651955,-0.5012285600792138
8398,-0.6696769501712732,-0.5052827195874573
8399,1.1033448958149468,-0.2978463627586433
8400,-0.7504065507215648,-0.28172231296344435
8401,0.054061849272178046,-0.5838129717033057
8402,0.14091614087203563,-0.5217745067930359
8403,0.03789071546554779,-0.5951669237138122
8404,0.37469809619365646,-0.4556208965026731
8405,0.539847444312369,-0.4568596958052674
8406,-0.32728014641720593,-0.40115597312174334
8407,0.34960317355319437,-0.4897422543320837
8408,0.2748389122671396,-0.5582546107669869
8409,1.3119426508555432,-0.08377798933586865
8410,-1.0832215153395883,-0.19318280721631167
8411,-1.3278621078289161,-0.16409001024752323
8412,-0.23840992909054184,-0.3470535547620174
8413,-1.1610663699766606,-0.09751833766807905
8414,0.45348695703036235,-0.3502955301193576
8415,-0.4414735966190252,-0.34389995763811904
8416,0.2296941566226345,-0.46680810356130953
8417,-0.771716435835564,-0.46387311115760715
8418,-0.025243007447347844,-0.5899974002730474
8419,-0.34520168503015486,-0.5548195589477339
8420,0.42690144222820686,-0.5297726014326896
8421,-0.16431264597864853,-0.5135290567819172
8422,-0.026540718557627716,-0.5406382271704312
8423,-0.025700302826821727,-0.584617601958278
8424,0.38495011588797634,-0.5563034011428327
8425,-0.9631229605256117,-0.28852247520564517
8426,-0.7340349771135257,-0.263746362669455
8427,1.7394216233419264,0.2994545325118396
8428,0.32040174241768765,-0.37225232285066434
8429,0.6182131315863567,-0.3959719502655568
8430,-0.10323848702849503,-0.5327802046401782
8431,0.38355897484423535,-0.5603832734942626
8432,0.08094551046789907,-0.4788463172860532
8433,0.2510966279805082,-0.5097142888557229
8434,0.0722029490373773,-0.5546826079479417
8435,-0.3684530919425687,-0.34079091430857145
8436,0.6040377758495623,-0.5680301780869773
8437,0.2753853234061472,-0.5296550750578711
8438,-0.16360788842394144,-0.5885812476884291
8439,-0.26051299981188686,-0.519955776678694
8440,-0.006832818508880503,-0.5716527219032654
8441,0.07625849118732726,-0.4968729151877601
8442,0.05969594680770148,-0.556934889930731
8443,0.23174149113426326,-0.4936314016507338
8444,-0.872514761167313,-0.4688173503676111
8445,-0.40995863368660934,-0.4959259410418195
8446,-0.3138305900581633,-0.5321621859843935
8447,0.17895874090832403,-0.4530916525544975
8448,-0.21728891904672168,-0.48375451446055606
8449,0.6477959639918953,-0.4882192395321203
8450,-0.11722340388971576,-0.5224971177395373
8451,0.5993877343817879,-0.49178256110308743
8452,-0.5487245798192046,-0.3869692390747612
8453,-1.1785442750630908,-0.17653105268649802
8454,-0.1370653653688045,-0.40539476213729453
8455,0.47654568733217134,-0.34520572925518467
8456,-0.494895393411896,-0.47137835804485223
8457,0.6542395634178088,-0.4444356555058949
8458,0.5537362566699628,-0.29060423486650094
8459,-0.6020160662935057,-0.4320983725204993
8460,-0.05204281347184792,-0.4526532818988882
8461,0.5424706496033092,-0.3946051747656869
8462,0.23945389242765935,-0.366307201005987
8463,-0.5602313233375542,-0.4864356477796716
8464,0.08575783703599202,-0.5339388073368518
8465,-0.006095511359136925,-0.58145522176335
8466,-0.16556534298686434,-0.5595616818710669
8467,0.12355734232201436,-0.6019668577348464
8468,-0.4681605851191253,-0.5568801081852095
8469,0.29945292766707426,-0.5248359369148833
8470,0.10634347512754329,-0.5802696667516029
8471,0.1048977025487711,-0.4536592886502636
8472,0.6025404215830861,-0.3696743876551413
8473,-1.5559155000626401,0.1428614109664087
8474,-0.3870033597254843,-0.4284247881862168
8475,0.666013833817471,-0.3942860003012976
8476,-0.392952223634439,-0.3752518630536173
8477,0.5300692040644892,-0.2384352920940862
8478,0.2396052759815994,-0.1717606108026087
8479,-0.25152302557240797,0.010180878509429786
8480,-0.6112092979592557,-0.1961495990302606
8481,0.21160279519074754,-0.28719119488720185
8482,-0.17356294711150297,-0.34199583232538716
8483,0.11128076048042124,-0.4602542824493783
8484,0.7096835716472876,-0.36291452156846893
8485,1.280556636959649,-0.11351285003209269
8486,0.21804124979862638,-0.1738770098431288
8487,-0.4241542717311692,-0.33067750824715175
8488,0.5229426174188464,-0.4040199771958375
8489,0.4501526181010304,0.10029906555159092
8490,-0.08337296184484222,-0.21827659771943161
8491,-1.116904494856271,-0.2410970973545638
8492,-0.7406916009415696,-0.3434740794066109
8493,-0.634112455723648,-0.40405342091580665
8494,0.19569598446944483,-0.27551097412808995
8495,-0.32125787363950764,-0.4785381899161119
8496,-0.6229181387364235,-0.356107649221695
8497,-0.4538481334188872,-0.31377350723772157
8498,0.08246360473299488,-0.4344389298008595
8499,0.8205464643985073,-0.3584167384707867
8500,-0.06545197949052735,-0.486568880817901
8501,0.18152510247947692,-0.5301352078032185
8502,0.11380856347353768,-0.3587146682435578
8503,0.6602933457734534,-0.4338818885515505
8504,0.12496229365731042,-0.56459775659786
8505,0.21828167527237363,-0.5095296349262481
8506,0.16160402634243454,-0.599021210337247
8507,0.08383664085983437,-0.4890870531974924
8508,0.46738124265010855,-0.3436376833205351
8509,-0.33573296363331434,-0.2442604797693127
8510,-0.01590796606267507,-0.5220491124854233
8511,0.395171952132773,-0.4651768687658885
8512,0.057040032518311516,-0.5526678789930473
8513,-0.15633637500177738,-0.49414780274699893
8514,-0.05579550786965042,-0.5206073694386338
8515,-0.14741990672006947,-0.47896173149710886
8516,-0.5204316568642201,-0.44214633453719315
8517,0.09252644972439826,-0.5686527060955274
8518,0.2910716806901163,-0.5695855816700971
8519,-0.5600333815075013,-0.46278560866618157
8520,0.6044895231537636,-0.45729796522132543
8521,-0.07778301916222607,-0.5200556919460654
8522,-0.21422651711031526,-0.5453376838795123
8523,-0.3515834193726515,-0.5058020865984838
8524,-0.1285986987021678,-0.47567334759174706
8525,0.5810889672292031,-0.47959254037296484
8526,0.484867794639768,-0.42775273950924214
8527,0.03584741704202766,-0.44588063540246753
8528,0.381611698606806,-0.5014493388142636
8529,-0.0859617763665777,-0.5690476286653174
8530,-0.3992206484262312,-0.5783326705379945
8531,0.00912728562947269,-0.5674590184282458
8532,0.2269821880958402,-0.6211740624380548
8533,0.08936740599498126,-0.5672822291450553
8534,0.1329499441083882,-0.5964542869035347
8535,-0.14358038851865956,-0.5173798109791533
8536,0.10714053105743687,-0.6389427523246508
8537,-0.14864438657460569,-0.6200635311308599
8538,-0.08362158808328075,-0.5458828247939805
8539,0.4655273444878541,-0.45915605864663545
8540,-0.22984901567285515,-0.6364212694171258
8541,0.005245753418786254,-0.5865869556871869
8542,0.02935170574792008,-0.6230508115516037
8543,0.4201027483431879,-0.5569234120328682
8544,0.21387228213136072,-0.559079200977977
8545,-0.22692418828338112,-0.5777841762548288
8546,0.1286105706492057,-0.5299616457237535
8547,-0.09082495931540116,-0.5949716367964287
8548,0.2353475999295502,-0.49630992219636166
8549,-0.033123879190885004,-0.5107181173723201
8550,0.2907420793345056,-0.528224446139528
8551,-0.4585476413844655,-0.5270461611014787
8552,0.011197485746114412,-0.49133528119950737
8553,-0.1990402376686559,-0.6139555333560731
8554,-0.06801562861296954,-0.5734542757694409
8555,-0.3295233896335892,-0.49795998255615587
8556,0.2404178176423919,-0.5311326237926729
8557,0.13761063129133214,-0.5202561483973939
8558,0.13726699406619153,-0.48446829725119783
8559,-0.0028657612015667707,-0.5075431219663036
8560,0.15829862916183887,-0.5132816695098946
8561,-0.24068326763339798,-0.5495716638568189
8562,-0.03972746668325649,-0.5898325842546389
8563,0.03707137909385192,-0.5535080209872766
8564,0.020424048287292905,-0.5620347941450202
8565,-0.051766791386365855,-0.5002313171004115
8566,0.009840293212974742,-0.5748581754546136
8567,-0.009828850808989625,-0.5504246677484298
8568,-0.33474923234576653,-0.5179907429152575
8569,-0.04611984531782546,-0.626702724910863
8570,-0.06073685094367038,-0.5550886232127351
8571,0.03703361662806003,-0.6196023044207013
8572,-0.5051625172058855,-0.4089421456118267
8573,-0.0700595361130725,-0.621955990345715
8574,-0.05906188090467026,-0.6385985638431158
8575,0.250016282987579,-0.5145307157417072
8576,0.3533550580086877,-0.4996880398826273
8577,-0.016357928317286215,-0.45847657394476293
8578,0.02212507092214711,-0.5726167227148294
8579,0.1046388769584057,-0.6186858299604021
8580,-0.19396611093374008,-0.5181782500467218
8581,0.37258551788178806,-0.5421250728212379
8582,0.7277689989872531,-0.27950406363998437
8583,-0.03607493049705461,-0.403534274506449
8584,-0.060118843062987724,-0.42657259373944667
8585,-0.17812657757699168,-0.5133341931287776
8586,-0.21108845891417632,-0.5414987481578272
8587,0.29884290796931695,-0.5479327412955626
8588,-0.09416981688353583,-0.5444823956718906
8589,0.45255530432676655,-0.4502892955203692
8590,0.6654098792539145,-0.39730554250420747
8591,-0.44819498483724046,-0.48542771292882914
8592,-0.3379125793330467,-0.38889616874262223
8593,-0.08509218503760782,-0.5662458773241832
8594,0.4228269792703467,-0.4282671161658152
8595,-0.03203958676097666,-0.5274188480216974
8596,0.027674625650399125,-0.5679524565105423
8597,-0.2005486717124401,-0.5212663711946348
8598,-0.24403158283623927,-0.5596873998007713
8599,-0.18129305367692394,-0.5141351906433841
8600,0.14187036789079116,-0.5603908807353276
8601,-0.2208513481487508,-0.6488665338652431
8602,-0.09324639993651289,-0.6127320952902195
8603,0.07700526894541142,-0.5683624559381731
8604,0.22198662078812786,-0.5867752836523518
8605,0.07855120127491726,-0.6286140961686422
8606,0.564681613438177,-0.5374679327029506
8607,-0.19124959002701936,-0.5747426499752345
8608,0.16301304131028702,-0.5973254749299008
8609,0.15589296869870248,-0.5726423372418666
8610,-0.1652806882622114,-0.6032924847147498
8611,-0.14018248250258128,-0.5040765157267698
8612,-0.21586813413957823,-0.6331794469593752
8613,-0.10816440727085655,-0.6168835438233115
8614,0.15529125120020432,-0.580516786896838
8615,-0.06563246451109647,-0.5635116994593853
8616,0.393541403448835,-0.4813723830399197
8617,-0.2626395705133009,-0.5142536877897402
8618,0.1684819944914246,-0.5859443448793628
8619,-0.2641982118741621,-0.6073752002316968
8620,0.06485266867754308,-0.5617256918032382
8621,-0.2646047746895083,-0.6098269326372625
8622,-0.12426091014358354,-0.6374266197619234
8623,-0.3779765502243744,-0.5114281726612289
8624,-0.04045832293834907,-0.5871265728173203
8625,0.33394182601297345,-0.6038195894244841
8626,0.04556853763676029,-0.6247521837184807
8627,-0.0074335480042195265,-0.592438203626685
8628,0.10611426383675472,-0.6373493000540068
8629,-0.4100280256225766,-0.5977839830655755
8630,-0.07930429686256206,-0.6030188813748553
8631,0.20400767201572212,-0.5767386099287622
8632,-0.12332761274100147,-0.5898766948679357
8633,0.027405168341124716,-0.6193725220174225
8634,0.07668754229610292,-0.6039763391181135
8635,-0.025087733633444985,-0.574434554471409
8636,-0.07075721955076904,-0.6619812119975653
8637,0.1487929247799886,-0.6260048627465279
8638,0.26060476197948973,-0.5898496176672723
8639,0.0810456002533523,-0.5935455127642424
8640,0.06801694961203612,-0.596997282562585
8641,0.015372561554395845,-0.5938139150371092
8642,0.09139961657987025,-0.5450139862405446
8643,0.04590994768202533,-0.6527941084759817
8644,-0.10198858940246408,-0.5982633957323036
8645,-0.14460943137905077,-0.5725991942617384
8646,0.2657576608705178,-0.5764136123171052
8647,0.07397028470972587,-0.5106111550526412
8648,0.03939222822806164,-0.6022198123465697
8649,0.6675267163062529,-0.43787959869136167
8650,0.07687023049787672,-0.5830284875083895
8651,-0.01639122736491616,-0.4376455492832082
8652,0.2548918718913513,-0.5344444127177541
8653,0.29922224812610576,-0.43634599439654165
8654,-0.3424623825817517,-0.5134120067238744
8655,0.6209649960735805,-0.35856942421669263
8656,-0.1066870368521026,-0.43838925309713145
8657,-0.3776014160746016,-0.452117093066866
8658,0.42107212376897746,-0.3737689370985094
8659,-0.29579681978120326,-0.5387263556584754
8660,0.13540277982132942,-0.4964367044228562
8661,0.24444665054402856,-0.5352811026280655
8662,0.6094816506326775,-0.3428313043752991
8663,-0.7290795373446173,-0.2740639289502461
8664,0.21556951380673642,-0.5694133876285257
8665,-0.4281601650578417,-0.4185359939389783
8666,0.5578516659035913,-0.5004395601018016
8667,-0.10370974981467761,-0.5155245670744631
8668,-0.029546817729269124,-0.5987367250585066
8669,-0.07336448814336886,-0.45668108103334515
8670,-0.16302913117961218,-0.456814100708363
8671,0.47636264387380833,-0.5447457873001805
8672,-0.2874506591082916,-0.4951013947161165
8673,-0.8540027798696725,-0.31504980087703793
8674,0.012319707244128043,-0.3686060375694193
8675,0.09574459047032573,-0.44226633253779474
8676,-0.16860132965965002,-0.4618286838774136
8677,0.083056339510949,-0.5561106499587397
8678,-0.521401854356441,-0.4455735908573619
8679,0.05374913523689347,-0.3673330769171175
8680,-0.30762633948312124,-0.3809137001857936
8681,-0.08745476768622087,-0.45277998827393157
8682,0.3636167157137306,-0.3964002142083396
8683,0.010672244171515369,-0.5126843382879163
8684,-0.38608543260031664,-0.5250950133739498
8685,-0.2836154552038718,-0.49817136285391134
8686,0.6183987057542022,-0.4862495203009062
8687,-0.2654717704313944,-0.5670321658601056
8688,0.5453126352856106,-0.4976441274337354
8689,0.1864473421108291,-0.5331579490676416
8690,0.03989592659235834,-0.5152647438256642
8691,-0.21724568888875742,-0.44323462881673004
8692,0.10596622451046003,-0.5085032207092675
8693,-0.45829177978646485,-0.5314560306830463
8694,0.05492956900100573,-0.6175563918584538
8695,-0.14830816880341946,-0.5292303626225967
8696,0.14441609210501183,-0.5935562622466783
8697,-0.2295602968486365,-0.6284960293685392
8698,-0.22655636189693468,-0.6287997774935679
8699,-0.04003110180073348,-0.3788268722302191
8700,0.45265208622851305,-0.5275926723409665
8701,0.5249006308356056,-0.49138971266491427
8702,-0.18238070594499914,-0.4288951537494379
8703,1.0433917076245127,-0.3595940171175147
8704,2.6601390456578966,1.7862663786893715
8705,0.42424953740528754,0.345520038800285
8706,-0.2032278170986358,-0.2912377368892317
8707,-0.11969479285882148,-0.2398658106226368
8708,0.9287808363658964,-0.21113488567958227
8709,-0.7074877408579691,-0.14965112555577512
8710,0.1468768117525537,-0.33599595511593405
8711,0.11757595553188109,-0.1786365750030536
8712,0.5987981205234452,-0.02212695292269554
8713,-0.12093901552229457,-0.16939221645482228
8714,-0.19890496883558464,-0.3491852085290465
8715,-0.8823577092095302,-0.20566822573118484
8716,0.12990225195388128,-0.4011477268159118
8717,0.33954018661187996,-0.41129663824788687
8718,-0.725398657065298,-0.4018180089705519
8719,0.23816601335749008,-0.5194099675853862
8720,-0.4096054081975483,-0.4687247387941391
8721,0.048965157443706935,-0.45703499798550407
8722,-0.5026715201579832,-0.417057420415694
8723,0.016772506457271727,-0.5426336860832405
8724,-0.2100980243533812,-0.41348824547776286
8725,0.52170972346584,-0.5269994999316758
8726,-0.16574202974292246,-0.49842071401024707
8727,0.06187080490567559,-0.5714668933389458
8728,-0.3236886842027553,-0.5147214995193661
8729,-0.5923623070028172,-0.3823055329223381
8730,0.042515375544409706,-0.5111673509586798
8731,0.32465483337975387,-0.5690660521104004
8732,-0.36792001316529105,-0.5164071027881841
8733,0.17649414890467477,-0.5516064163382562
8734,0.11720409971409532,-0.4646362455491984
8735,-0.11114244133853882,-0.5598298906590422
8736,-0.21162626611980825,-0.5011392580662124
8737,-1.0294202304842535,-0.18130222624264677
8738,-0.6056546753346609,0.03477267632119505
8739,0.3353317643871065,-0.3056615121829995
8740,0.424133060473919,-0.4547157104308815
8741,-0.0582801046927808,-0.5393377499910663
8742,0.0897758754861369,-0.5697277890313764
8743,-0.13554463559946028,-0.4656593890378415
8744,0.04025533037208648,-0.3677208086324894
8745,-0.5196382730002573,-0.5397290740186909
8746,0.0235786322849324,-0.4635316456092075
8747,0.3718912708318262,-0.46907718241117313
8748,-0.025502918367617408,-0.5617300255176023
8749,-0.632917461498656,-0.45082705704204595
8750,-0.22011203976518684,-0.41661217531421224
8751,0.12255736547318541,-0.5452089071545384
8752,0.2009369207822526,-0.4619731567149784
8753,0.20786799624735078,-0.48825317084871567
8754,0.06411469068809807,-0.4989136376473331
8755,0.2786833572511886,-0.4854795105765802
8756,0.3163978982536243,-0.40809096748655943
8757,-0.10532852209464215,-0.6129173821326525
8758,-0.38801375029016866,-0.5055752213594158
8759,0.08277349428286224,-0.5778415710688053
8760,-0.05906620444897647,-0.4885610067856262
8761,-0.2853447689585218,-0.44137823698908346
8762,-0.3675030175678443,-0.3901615564249105
8763,0.44843890240844225,-0.4872237584549897
8764,0.7897618537047466,-0.2506473784528646
8765,-0.7648955846854737,-0.3433299777058407
8766,-0.3431264489037114,-0.5121908669947751
8767,0.00385166021184127,0.06577608053946743
8768,-0.09955189983672419,-0.27079151282828556
8769,0.04436307960416971,-0.29582404577715216
8770,-1.5034972544194474,0.21518544114372407
8771,0.11532613193506341,-0.2543734099194749
8772,1.2416509813832086,0.32327851614725633
8773,0.11681408068391798,0.354231460677998
8774,1.078543335454469,0.13516261193672707
8775,0.42542366566712303,-0.282720053730267
8776,-1.0168872573073529,-0.29214802578991844
8777,0.4439254490495894,-0.4146359841394888
8778,0.3549410782921421,-0.41983176304822684
8779,0.25080972465934465,-0.2228173470538485
8780,0.015616499560682475,-0.5109168729335386
8781,-0.06335411538666022,-0.44530017327456806
8782,-0.5879743154336465,-0.3955402910170504
8783,-0.47728016262110995,-0.4066335012147751
8784,0.26496554597856875,-0.3448276597053788
8785,-0.41365732511711345,-0.447767955907821
8786,0.09362091286800232,-0.5146898892550855
8787,0.7257193244412407,-0.412746353702813
8788,0.7325893439253125,-0.2668654756944901
8789,0.03861289802954786,-0.32124658000646333
8790,0.790937559517119,-0.18238039572255954
8791,-0.609017698822697,-0.293490698740592
8792,-0.08623018093610867,-0.3500892799021445
8793,-0.15577076486878758,-0.48561606454261697
8794,-0.0628139898279854,-0.3721769155606781
8795,-0.3392896501161084,-0.3330487355625034
8796,-0.19404257269194197,-0.5008755190409798
8797,-0.05027622483218219,-0.4142552773666232
8798,-0.8193364040861629,-0.250872800496216
8799,-0.08520097139455626,-0.4609973015694627
8800,0.19446227640758587,-0.5078909188733808
8801,0.10535119592013102,-0.5071938667482876
8802,-0.5219549060537071,-0.3541714450114661
8803,0.4836804338330388,-0.5029131488732371
8804,-0.4587500013337206,-0.5686776131769384
8805,0.078088249555097,-0.57107308484233
8806,-0.21155177601988112,-0.4930152956526649
8807,0.4853440186606719,-0.4149202433380563
8808,-0.707527720928013,-0.3278011549362108
8809,0.39525978703509107,-0.34643078242942954
8810,0.25241534968511503,-0.5499658660367158
8811,0.5487929687636215,-0.4021475224497297
8812,-0.20886863311935827,-0.35971276102939564
8813,-0.3046615657655309,-0.4606326276171331
8814,-0.45235534265519944,-0.4623159508181256
8815,-0.038939985607375195,-0.46007679316848926
8816,0.3512245627046268,-0.5481051533369995
8817,-0.5069108393857465,-0.4442103356180987
8818,-0.4895505204037853,-0.4106845002416761
8819,-0.04459618902829532,-0.568093056451033
8820,0.4704677452188537,-0.4983967855782856
8821,-0.1457751347100125,-0.5298453104208938
8822,0.1751910320818847,-0.45346243612946174
8823,-0.30246857701020713,-0.527365688636474
8824,-0.48642801564267085,-0.50513615562204
8825,-0.19044386158530435,-0.5544496987348256
8826,-0.6972582264000708,-0.28274530221790445
8827,-0.28153671924876106,-0.4068855230722104
8828,-0.3901095670676771,-0.32065631758429136
8829,0.15047021942263344,-0.2496859068880895
8830,0.36234683343149493,-0.47280025657384067
8831,-0.4512613169951689,-0.4990202047287615
8832,0.13682636578807802,-0.5334389219851764
8833,0.3900274820275812,-0.5793949856163618
8834,0.0018550429807276001,-0.5035163179978774
8835,0.008434056669744325,-0.5813336142294404
8836,-0.2122040801131965,-0.11969782227357338
8837,0.07491938872391324,-0.39904167587470996
8838,0.5703664343435626,-0.35092472114930473
8839,-0.8256090503279127,-0.40424619105831
8840,-0.0023801242641711693,-0.3249447799214625
8841,-0.5923488596471805,-0.45051795669120626
8842,-0.04989758182582852,-0.4388314125641159
8843,0.11093298929574905,-0.3701195338619896
8844,-0.048335719475776605,-0.44149337086627755
8845,-0.2728161362583144,-0.2402902503367304
8846,0.2454782442004493,-0.5199741972639013
8847,-0.1026406624603267,-0.4952414065974867
8848,-0.11485940968090363,-0.5660684429541837
8849,-0.012074359744904633,-0.3429225101125189
8850,0.2732145776267052,-0.45973452785178787
8851,-0.7088449570376932,-0.42339101352862385
8852,0.4382981453842753,-0.42345373860207536
8853,0.09560139238277529,-0.4059672677171166
8854,0.08360761439029862,-0.42727338399694814
8855,-0.1405296848317227,-0.473929172753547
8856,-0.48695346570747855,-0.45798155378466315
8857,-0.12050111548942724,-0.45621397254883134
8858,0.02951784124324752,-0.39874192879801884
8859,-0.35042017322521724,-0.2763077190169018
8860,0.5668854965823937,-0.0721568404746616
8861,-0.7028664046756193,0.10673825627962114
8862,1.2518706538000055,-0.144844423661281
8863,0.9856676774619291,-0.10280269658546709
8864,-2.0779142047911434,0.24897407460347168
8865,-0.9144901732222768,0.2483552786305323
8866,0.4458188859508364,0.07508240186820922
8867,-0.5654796859574757,-0.04192350958930583
8868,0.5704932928199633,-0.399709273579686
8869,-0.368364243444782,-0.3336550162459236
8870,0.12524865278007735,-0.5778635128398086
8871,0.883829223317678,-0.302192418606252
8872,-0.31920776206368257,-0.47133729702454474
8873,-0.08083029884858386,-0.5253953811462091
8874,0.013354733157417004,-0.40014753470747144
8875,-0.05233896517996901,-0.4701189327881491
8876,-0.06601915854195596,-0.4886214971155749
8877,0.04166612651236834,-0.48112565258984924
8878,0.07226235108659543,-0.5345988499064481
8879,-0.3089493403033282,-0.5310760929194078
8880,-0.9746922962982333,-0.14899305801485543
8881,0.11834025757156992,-0.39455513061335007
8882,-0.5769502304046314,-0.1719227672604594
8883,0.5712949747239009,-0.1784534508943469
8884,0.002066775985041543,-0.40567724573647135
8885,-0.656837011697025,-0.30808526956592985
8886,-0.33853147808586154,-0.5090255412964692
8887,-0.0985492126156773,-0.1596429224350461
8888,0.8752368988320599,-0.3167733956132892
8889,0.33007410362742096,-0.5458451564931373
8890,0.15592008451580994,-0.4787292657201578
8891,-0.23871223799517644,-0.4898722276241085
8892,0.5877324305574908,-0.355863440337332
8893,-0.35227577579039626,-0.5689301855176049
8894,-0.1451503983091385,-0.5888242942727309
8895,-0.05166143924501609,-0.4617333422775569
8896,-0.2524474144424321,-0.5974994748813413
8897,0.4974922496411273,-0.5888105345770496
8898,-0.6341580636787062,-0.5213269989295582
8899,-0.6760767902968157,-0.42713449497203665
8900,0.4488757308088173,-0.5201919588278011
8901,0.21433928730349588,-0.5814290079758665
8902,0.22880037373323983,-0.5447078871928192
8903,0.19695683660470534,-0.4701854135642565
8904,-0.03421627428975208,-0.5350056705056578
8905,-0.02095663554747319,-0.597015400235713
8906,-0.7268790267006492,-0.45064882611060064
8907,-0.006288365342039873,-0.5328781755460815
8908,0.9972176783842741,-0.10495764461136542
8909,0.5609154495669705,-0.46505537569286665
8910,-0.06002363977839082,-0.5198055191394269
8911,-0.44057357978205874,-0.5698661901823463
8912,0.4256625980481265,-0.5423198792755568
8913,-0.0693071052396087,-0.460914846392856
8914,0.4688589785854463,-0.5049550865438466
8915,0.5188602657321603,-0.437191273693773
8916,0.40072374801970967,-0.34465616255885856
8917,0.03346169508622229,-0.5330585353930717
8918,0.02713849348713464,-0.5200422551347562
8919,-0.003634496448715851,-0.5367581942811608
8920,0.18197318913918017,-0.5363224981762156
8921,0.104321839776563,-0.5335635380068426
8922,0.3969174361964946,-0.4805401857866178
8923,-0.3723019723390864,-0.4757721505927488
8924,0.30911772024228973,-0.4523973134037373
8925,0.19724245521037756,-0.5123123341326421
8926,0.2121807973228819,-0.4432662973035538
8927,0.34899529121523004,-0.4720303117434042
8928,-0.2664974223475502,-0.41319588708378
8929,0.7928499355412314,-0.5252363848486976
8930,0.4371626414379561,-0.39826948857349614
8931,-0.473265999862978,-0.4059886518842805
8932,-0.23124667624673453,-0.4828219839722281
8933,0.5576486857597179,-0.40478375446379666
8934,-0.05249019446702343,-0.54573861915238
8935,0.5496098027206135,-0.33811982307368327
8936,0.4636329948002575,-0.23143157077496784
8937,0.052811350959200414,-0.38814156635016256
8938,-0.052237532394138204,-0.214943070181372
8939,-0.1723040403611003,-0.37045440383841566
8940,-0.3011733786188995,-0.4634878187852551
8941,0.22400340963229814,-0.5059007783181171
8942,-0.14005093983408826,-0.5284045663257795
8943,-0.09935190061499317,-0.4699079152132458
8944,0.24109213433400478,-0.5667228003799327
8945,0.25080158164672306,-0.4668520586650404
8946,0.03221645581508464,-0.37421220968386687
8947,0.1405747873032648,-0.3965541435953652
8948,-0.2978015004067551,-0.5373216054720927
8949,-0.48261127610617227,-0.37325746234685975
8950,-0.24050472291831942,-0.44836902288467256
8951,-0.4051788670069953,-0.5320604718063745
8952,-0.1868578314944015,-0.3639067476879436
8953,-0.5249405518724882,-0.3784542792529448
8954,0.4647434076600159,-0.5092117264277772
8955,1.1904945380440684,-0.25543709670408643
8956,-0.33136556037770154,-0.49237955806463446
8957,0.635356335953719,-0.375245003733184
8958,-0.08120553764336512,-0.338538811943684
8959,0.6689987328297914,-0.2833417873212133
8960,0.1656917347229172,0.20365299367840026
8961,-0.4349751667954414,-0.2885559689008837
8962,1.288850331993204,-0.1594021892482901
8963,1.1382046279492086,0.5309596080906901
8964,-0.027077549524212215,0.0014952505185901609
8965,0.4899713625986072,-0.2261841447925252
8966,0.8578449754949024,-0.0012075815707630524
8967,2.8042202998993826,1.7118112725754218
8968,-0.7503998186183077,0.3303037909977364
8969,0.9414491454429494,0.47045566115393145
8970,0.5233822380226931,0.566191346946901
8971,0.0607940811912345,-0.009353996073787514
8972,-0.2162378799132201,0.3422633774815587
8973,-1.164194866852193,0.6076172277458782
8974,0.12344112598057791,-0.11618488714743755
8975,0.2913195765160194,-0.13523396363061355
8976,0.5388664308734601,-0.2898295358170919
8977,0.010921736672021124,-0.27487532996253566
8978,0.3401107824039012,-0.1943330900437335
8979,-0.2823499792989998,-0.06852050298130219
8980,0.23080857780757658,-0.3917154460634159
8981,-0.5668366063300672,-0.26868091407252304
8982,0.8537126565254849,-0.12137498153449525
8983,0.0042716032660564335,-0.1237993990512314
8984,0.28292940704377195,-0.04416516074848881
8985,-0.4768902483454406,-0.3755270909284871
8986,-0.5980473769719005,-0.3141936708849246
8987,0.36270790967869476,-0.35271911103488396
8988,-0.34417416098583903,-0.2943479973751545
8989,0.12283543563024059,-0.30387158171624706
8990,0.4901162885650692,-0.32366816540759386
8991,-0.2998614979468282,-0.10712753079473457
8992,-0.0188598633072289,-0.5083083318099451
8993,-0.08934948552165822,-0.3322573104987613
8994,-0.3455961853644622,-0.5218799894986045
8995,-0.4333551776739885,-0.4514349662779092
8996,-0.7283793642362387,-0.13513349705226652
8997,-0.9270467362150032,-0.033672093845367006
8998,0.17078348419243689,-0.24149936316643306
8999,0.4229688027154942,-0.21890613214470345
9000,-0.3111985376488589,-0.4098536436599587
9001,0.9056784604393474,-0.37073692017051957
9002,-0.4173513758472609,-0.48838692940885997
9003,-0.13787922295262206,-0.4654313522514352
9004,0.6162672294632754,-0.3106129357715569
9005,-0.17373701767597846,-0.5583793682804247
9006,0.22687510560377488,-0.48566954631735865
9007,-0.6089597013864742,-0.48362484278164275
9008,-0.80053440895566,-0.3841980743425893
9009,-0.23611975617175573,-0.49997825408498736
9010,0.6670246229870581,-0.4411587930767464
9011,-0.18291929358794715,-0.5545286010880449
9012,0.5198075035392653,-0.4102071631597478
9013,0.09719648061686244,-0.4823389295857963
9014,-0.5390378406924321,-0.494142438095111
9015,0.6211117058287979,-0.4623803456889079
9016,0.3572303795538418,-0.5431597039991015
9017,-0.08895965654257625,-0.5083043588239626
9018,0.04162284850836084,-0.47205364477807327
9019,0.9687931090603766,-0.13265581289978645
9020,0.44145228001380626,-0.3563809827164793
9021,0.47079447493113474,-0.2616341400334293
9022,0.26558466882072285,-0.2617801286014717
9023,-0.30362350689165435,-0.31913498463686457
9024,0.7450059555280548,-0.36821153024996056
9025,0.06595417417122194,-0.33610679294134976
9026,0.03803430488637043,-0.3560231970560183
9027,-0.6090469098068392,-0.23347644453813624
9028,0.31066022935181403,-0.37497041400408165
9029,0.0986265336852789,-0.24302483865192173
9030,0.10673197342551188,-0.14971278714136188
9031,-0.21337392226092414,-0.21506521329356407
9032,0.27162787204134825,-0.31619132884028006
9033,0.005525217208755577,-0.24653180078248568
9034,-0.7950949650168748,-0.289841242303077
9035,0.8101722231852715,-0.287768580621187
9036,0.3613749176039963,-0.24406198901187715
9037,0.7966335596523173,0.0033931133243960093
9038,-0.6499859774078015,-0.05433592925282989
9039,-0.11151050631332984,-0.37942251621902146
9040,-0.5893112699758493,-0.05554942865309137
9041,-0.08218245860629354,-0.3681352296151468
9042,0.06304878516791286,-0.5021562010680698
9043,-0.5090429806347889,-0.3356565848969216
9044,-0.36502957564626626,-0.3880593636788402
9045,0.2352767657201127,-0.3978035856583588
9046,-0.04439548127933379,-0.5391242737725629
9047,0.15332943303729407,-0.18252457851124998
9048,0.3065102908690348,-0.4365516068264078
9049,-2.61862007862898,1.7356822336482658
9050,0.4457026069290771,0.014105105260591359
9051,0.25499007980764715,0.05112341486904207
9052,-0.40345819760077917,-0.2911795069731325
9053,2.6350533820416397,0.8045282917799801
9054,0.5047340592698996,0.7344392232423133
9055,-1.1898759382709319,0.480952926367494
9056,-0.35955528552579535,-0.052193955095234404
9057,-0.15595078525013228,0.11992013416676851
9058,-0.34695240516108894,-0.34480587353025277
9059,-0.9938856765918372,0.03291405401730069
9060,-0.1137632301029653,-0.2280602449568725
9061,-1.1975079951741288,0.3042741693421591
9062,-0.7744918251228627,-0.1528202361253213
9063,0.9718463935188576,-0.10356342422988235
9064,-0.5463287873126697,-0.2999488623581822
9065,0.50800532755835,-0.42788191431904704
9066,0.04458378872053149,-0.28248807893040445
9067,0.9453220476257064,-0.42795582223691886
9068,-0.3713426179963122,-0.3925188037093679
9069,0.20497361791264931,-0.5573912460423621
9070,0.05885662763657676,-0.5787235092304704
9071,-0.1359284779758316,-0.4076486937163269
9072,0.6009548363798783,-0.5296636260239642
9073,0.011599186421848678,-0.5446116441577399
9074,0.05703567824955706,-0.5785778499388844
9075,0.2507647228968437,-0.5584924542901681
9076,0.2763502131618227,-0.6093415674169963
9077,-0.16591444062179736,-0.5084294414552585
9078,-0.13985808950851733,-0.6376725830307555
9079,0.22168819229335057,-0.5318664146593166
9080,0.26886933812710995,-0.5544534189420179
9081,0.12241180844514532,-0.5898485262817926
9082,-0.02452401967583594,-0.5035337768830679
9083,-0.3546500183377763,-0.3972004290024801
9084,-0.03121634665134603,-0.566137243567505
9085,-0.023526217747912068,-0.5764802932624283
9086,0.12001275468209874,-0.5404417747307514
9087,-0.033045677594515606,-0.5085184175207542
9088,-0.20788059172599974,-0.5149614626671695
9089,-0.004671720298134824,-0.5946988640552897
9090,0.1685632548564814,-0.5855721210460195
9091,-0.3362519998901658,-0.527495486263271
9092,-0.37649208648758437,-0.5207428130259023
9093,-0.061916034507685444,-0.6585602387470998
9094,0.18107833133237264,-0.5891546651366045
9095,0.2184814228454971,-0.5216492729089209
9096,-0.39378714935310893,-0.49593709929425056
9097,0.5301685460552448,-0.5190936326286897
9098,-0.49350083007501244,-0.5171369562537589
9099,0.48336266242496945,-0.6023734126376211
9100,0.12890989319820692,-0.5047631538278287
9101,-0.39221250975481087,-0.5448812725623261
9102,-0.12045355228927553,-0.5890075521405732
9103,-0.4367329261303883,-0.43526747233414825
9104,-0.18699428326606407,-0.35399535437479723
9105,-1.0917520360861521,-0.27974013113971297
9106,0.15803919592525653,-0.2607715110685942
9107,0.26637992601209487,-0.49699129891994337
9108,0.4482538384072943,-0.4480104397922029
9109,-0.10058795323532582,-0.6001189646502888
9110,-0.33643293174993055,-0.5709698833022893
9111,0.16928755697743658,-0.6383292451900622
9112,-0.3023363673264394,-0.5552479609823355
9113,-0.5556757550981316,-0.4042135120456166
9114,-0.37892786594720423,-0.3985668667865263
9115,0.43074384887516054,-0.4264791019214642
9116,0.07169380821440781,-0.6130466524354952
9117,0.1883256668855385,-0.510326243115115
9118,-0.34819163654437146,-0.42132917366933076
9119,-1.3017917118691928,-0.21433430606561407
9120,-0.05301277311418974,-0.36779344719656143
9121,0.29447800812065833,-0.42438943286881675
9122,0.0860495757749561,-0.5361263319226957
9123,-0.8173250997956643,-0.34955276470518737
9124,-0.47666863922539615,-0.2491218515034509
9125,-0.0698672429010179,-0.1726446660566835
9126,-0.5101757587403853,-0.2052636811709016
9127,-0.7943880913696995,-0.0899436484840953
9128,1.1845112085651819,-0.055812324418749254
9129,0.5758255465073657,-0.34115887059183814
9130,-0.28515184213154054,-0.5272068611293353
9131,0.47128829941634426,-0.4318457498559753
9132,0.3173607938075743,-0.38752677183346673
9133,0.03633606678976809,-0.481969528756569
9134,-0.17227325130755372,-0.4565559815096042
9135,-0.05893857393611434,-0.5959206377181089
9136,-0.2804610079514835,-0.5348853683497873
9137,-0.19231985589913167,-0.6025310808981362
9138,-0.05458191259752839,-0.5169345233852862
9139,0.3478059095022106,-0.48075549282606256
9140,0.39520201911102504,-0.49445524208970804
9141,-0.2007488061085631,-0.6042125941841734
9142,-0.34764615200350113,-0.5505905069901401
9143,0.07511783136374503,-0.5129751197005658
9144,0.16344642890537425,-0.5456517632240215
9145,-0.4337867808756024,-0.547019457976023
9146,-0.04457568600569757,-0.4582421834587521
9147,-0.5258732836609711,-0.3716740407654201
9148,-0.14326109959590885,-0.2836798111748812
9149,-0.7151523210034664,-0.002553993928894866
9150,-0.979320596984245,0.1867071056423713
9151,-0.8003720417415716,0.2939899794444008
9152,1.0244973382196059,0.39596262770200985
9153,-0.11465520475826742,-0.2020159261374866
9154,-0.54187000138679,-0.3401296195013763
9155,-0.6504635880730832,-0.35676834837469507
9156,-0.26772348114048483,0.0005135687426911669
9157,-0.24574322267812418,-0.24362415871486867
9158,-0.31094530504846923,-0.2841304251680749
9159,-0.7361307087969435,0.5955936608720989
9160,0.0744685551073023,0.25468818207580096
9161,0.034910365798815714,-0.03123127987719505
9162,0.29800699988451335,-0.33487357478347785
9163,-0.021268855339275514,-0.36170902459207105
9164,0.14866542561176552,-0.45135128795265506
9165,0.2598991856314253,-0.3982918147528506
9166,0.3939779606224118,-0.38722496975350046
9167,-0.46313008583751897,-0.23065319576408283
9168,-0.5317250066525191,-0.4145820058329579
9169,0.3389326508217818,-0.4736778707865581
9170,-0.48502113526720964,-0.32810131171061113
9171,0.4949548486696951,-0.37304729781617946
9172,-1.0852553098854945,-0.3961832560074715
9173,0.8716741137975549,-0.5568486557710872
9174,-0.14959442010728446,-0.5756964840014825
9175,0.635202926928057,-0.5526504042899378
9176,0.18154272846196806,-0.5463953801477675
9177,0.20511042769666044,-0.63661497427439
9178,-0.08042395093008191,-0.5068343805452793
9179,-0.1701773901913695,-0.5351892417468399
9180,0.394550604392877,-0.5592266791946684
9181,-0.03918570467673061,-0.5906372068206083
9182,0.4022363825247754,-0.5792397825624722
9183,0.44066017113411354,-0.45677256916395037
9184,0.2350075973867879,-0.4432769344965989
9185,0.4590276021527717,-0.3954862600989391
9186,0.14592607759832635,-0.6047800737933406
9187,-0.5262486667524505,-0.38815010986598664
9188,-0.2465670879642256,-0.5866824503738619
9189,-0.4113938458530965,-0.46829607769933185
9190,0.09842104427007191,-0.6062911177324053
9191,0.3554793812116529,-0.5271760854837141
9192,0.2744540143325826,-0.5266382167317162
9193,0.09493787580677139,-0.5748331967906344
9194,-0.08325706597240809,-0.5957183726066876
9195,-0.2769109987686786,-0.5580038851833059
9196,-0.4417918022772117,-0.5627429033711874
9197,0.13978180195391088,-0.5723202152181949
9198,0.2580834843083176,-0.6110319605461927
9199,-0.3091274453590994,-0.5593321230407863
9200,-0.39315731710766016,-0.5819399234578034
9201,0.38944487319150073,-0.4355583109645858
9202,0.34270766709322037,-0.5500124271948822
9203,0.3333646039122466,-0.5619233791014907
9204,0.35399642584214797,-0.5857863351679622
9205,-0.1906057985558421,-0.4683544269872465
9206,0.1931122201045507,-0.5244032183972553
9207,-0.3716544840139666,-0.5351639007590472
9208,0.8620775422444135,-0.44389048319849655
9209,-0.5048126643474975,-0.5597408439594971
9210,-0.41264601251242605,-0.5506699315209587
9211,-0.02039147631356166,-0.6170151741066254
9212,0.21579276991218355,-0.642061783323721
9213,-0.1150872756468836,-0.6106669051780382
9214,0.4030478711924539,-0.5800251011785746
9215,-0.12605588101031234,-0.6250173742947788
9216,0.5581209212472281,-0.37698389911234137
9217,-0.07679329549131038,-0.5320627836630419
9218,0.25073404298373553,-0.5124251738408547
9219,-0.33364050766831294,-0.4007722872011555
9220,0.03601726232156648,-0.5619929455167283
9221,-0.3504368539284991,-0.5585154558487273
9222,0.04370338822875463,-0.5619074696172502
9223,0.3029550246156184,-0.5067994166587702
9224,-0.374814075498075,-0.6131103129468832
9225,-0.4526357613161235,-0.4733820441895708
9226,0.12009631404500509,-0.5090646823540094
9227,-0.3958843094550104,-0.5599219966872903
9228,-0.02820180914649842,-0.5894246300559621
9229,0.15673077640048505,-0.5673238942215547
9230,0.5349401029698566,-0.44169054206048514
9231,-0.08501314882295216,-0.562031704130051
9232,0.07069388604467908,-0.5816525745247743
9233,-0.04805443908803321,-0.6226765562303599
9234,-0.2980094778206421,-0.5506585435180442
9235,0.23989503028230982,-0.5956627302910191
9236,0.302984051149451,-0.5964277039008231
9237,0.022088172965055008,-0.6139695964196478
9238,-0.41969789925043893,-0.5409615245840063
9239,-0.29314866812132195,-0.5355099091693653
9240,-0.1832939295229997,-0.5797887528805175
9241,0.30162528074448514,-0.5700492165550649
9242,0.28122583356831166,-0.6103432860305401
9243,-0.14478695129863783,-0.6141124740250108
9244,0.3507157452560724,-0.5885330519846174
9245,-0.18175172804837658,-0.5917530842558281
9246,-0.2811235229105572,-0.6122596970784291
9247,-0.015380289145212882,-0.6186873553145276
9248,0.1205876509725314,-0.5323962158965053
9249,-0.24339712253468085,-0.5954691349868914
9250,0.2422221931888298,-0.5681988308366202
9251,-0.017873808908285646,-0.6072261208355593
9252,-0.28061729834212695,-0.5972141380196647
9253,-0.0996131162025697,-0.5644819033396585
9254,-0.09244219377655323,-0.5547437168262207
9255,0.09371006161730014,-0.54230551367885
9256,-0.3020369601193012,-0.5692096964743439
9257,-0.40162802755658794,-0.4716378077657772
9258,0.5937476969162204,-0.4906536051104416
9259,-0.3303264465237786,-0.4630408766446546
9260,-0.13343311255272094,-0.577060789635819
9261,0.2518613452913723,-0.5687749443103888
9262,0.2312572038102733,-0.5825888039698279
9263,-0.41675684550747516,-0.5890321192606187
9264,-0.3464432605517176,-0.4861036412448042
9265,0.1368889628603939,-0.5990958859340947
9266,-0.07060107347435814,-0.5825916901821363
9267,-0.22043518067234663,-0.6058975328988097
9268,0.612982390918631,-0.49280144688118366
9269,0.21929674773676486,-0.619666422385151
9270,0.11268638392286699,-0.5808062433624739
9271,-0.22152583188185326,-0.5368724026401578
9272,-0.2186516557051584,-0.6543578005037705
9273,0.46073082268967935,-0.6035801960427475
9274,0.25648043753188077,-0.5569368611316258
9275,-0.25285961537051166,-0.5949824712635607
9276,0.23923419178532523,-0.5919732872112592
9277,0.1298347151401593,-0.6375026769341933
9278,0.027468189872656572,-0.6291294237951711
9279,-0.20560826324081283,-0.6134900363319834
9280,0.10516191062406027,-0.6392597799653212
9281,0.1715232324644865,-0.6559437992539845
9282,0.15971385877972755,-0.6457023592448782
9283,0.1733849439502309,-0.5902330574333018
9284,-0.2141236770098343,-0.6098952132090623
9285,-0.008776847179432726,-0.590415494563101
9286,-0.04379263986337396,-0.6103991414932588
9287,-0.25074503698463224,-0.6364210658939021
9288,0.2334639024941435,-0.6019386010740188
9289,0.09586015396434307,-0.6382923034477795
9290,-0.006202730927797596,-0.6072208116673503
9291,-0.2413626651445929,-0.6173746483891952
9292,-0.2706003219191496,-0.5625625377221763
9293,0.1694416294908342,-0.5634307731979764
9294,0.058250904992431705,-0.6359168751395691
9295,0.12546527486224698,-0.5734245639520706
9296,-0.33389003519298904,-0.5743484783398509
9297,-0.12995306221010142,-0.6060414216443113
9298,-0.2891158334221577,-0.6388647383803429
9299,0.07931102146883545,-0.6162148881832167
9300,-0.14814965488424175,-0.6023744006817292
9301,0.10505398122705743,-0.6335486814878968
9302,0.09205000139688682,-0.593437840436124
9303,0.19063068913485828,-0.5938596602129856
9304,-0.3394407462802029,-0.5849480246534627
9305,0.057519321620774035,-0.6309608383113482
9306,-0.08646767059024028,-0.6440548831877942
9307,-0.03694910282405312,-0.6568838279049914
9308,0.05589628566136085,-0.6558316485169615
9309,-0.18686084645446657,-0.6250591748732744
9310,-0.00023200035845876509,-0.6008229939331918
9311,0.3808033858944952,-0.6085150813001764
9312,0.19942934429125966,-0.43542987731921823
9313,0.10436338354514958,-0.5942025872845785
9314,0.025106800815999832,-0.5726776232899478
9315,-0.02498454438610306,-0.6028275602146597
9316,-0.011363445023940488,-0.6072760186100322
9317,-0.280680303046032,-0.6138518403408382
9318,-0.001455597402218029,-0.6307923880927396
9319,-0.14954683192781992,-0.6237767417894865
9320,-0.27560254571678755,-0.506775750355276
9321,0.5006415934075362,-0.49251961318705795
9322,0.04091173675340969,-0.5418705266022085
9323,0.13479085435166446,-0.5890793726712915
9324,-0.04448168144296869,-0.6655367011638189
9325,0.14537546494248993,-0.5814931990910196
9326,-0.6812254964552549,-0.44544049783008144
9327,0.14740384698144116,-0.42497502476330284
9328,0.28226396500394474,-0.5278558158979291
9329,0.40008228153455566,-0.4244542058130409
9330,-0.08759413442608438,-0.6494734658601989
9331,-0.13464654234670398,-0.4976352233138985
9332,0.1188741744036928,-0.6042345492728346
9333,0.2365384988505281,-0.5894340267246528
9334,0.2933278076981962,-0.5151165653239399
9335,-0.22371573169950384,-0.49247031949537085
9336,0.03257364550327688,-0.533308825142997
9337,0.48565702174498526,-0.505120240556045
9338,0.567394837009906,-0.2872457305158992
9339,0.005318516791601448,-0.43215653331180204
9340,0.7713493476636792,-0.3205402718208251
9341,1.0631201667839232,0.4240471768096317
9342,0.5478776227692699,0.27090287982831357
9343,-0.22922286986757187,-0.09907999157756861
9344,0.12237738335684482,-0.2893142291801841
9345,-0.6907180931932176,-0.12300888126540324
9346,0.6389478420812646,-0.2945157686428394
9347,0.1580964590596214,-0.279742725295525
9348,-0.3245743980393629,-0.46065599394975926
9349,-0.1559001586447708,-0.4207879937406022
9350,0.34042955297737104,-0.4841857961291896
9351,-0.3488406013891131,-0.20417329633075815
9352,0.3166739033183532,-0.4786009130610643
9353,-0.2294258562547982,-0.46512529451460266
9354,0.4518732438738498,-0.5534474342149169
9355,-0.5691469635342541,-0.4756264523614609
9356,0.23984865024637195,-0.5573068296322256
9357,0.1473798107668023,-0.5305907913304868
9358,-0.20840465326568042,-0.592003196221377
9359,-0.26308121255183353,-0.5488433136376375
9360,-0.8981958347216576,-0.3007434529539114
9361,-0.5244995351013269,-0.3735974640855974
9362,0.2778118063253913,-0.4814448544107488
9363,0.33106354488786865,-0.5436975096642697
9364,-0.19313497584326644,-0.601727777880437
9365,-0.32780383794559853,-0.5691077432255457
9366,0.6106805238426635,-0.44951634976815996
9367,0.7446976226679701,-0.43531966675510597
9368,-0.3141910227881321,-0.5008203267805363
9369,0.1768127366029604,-0.5414096809144955
9370,-0.3948207456400091,-0.572482965239961
9371,0.7422562184046644,-0.5207460802312601
9372,0.9017290877013822,-0.3903166202892964
9373,0.5397173859512733,0.2981036081771168
9374,-0.8289961298211078,-0.2557029617680575
9375,0.9293960842568706,-0.11890504649032839
9376,-0.015155162683756334,-0.33609810668313267
9377,-0.2592412296901338,-0.39089617091317236
9378,-0.23225318475738993,-0.5651576885089477
9379,-0.39197143820392655,-0.18940167751620793
9380,-0.584545513096115,-0.451653775904105
9381,0.3164943040151373,-0.48283290120934896
9382,0.06510935542388858,-0.5975097618818234
9383,0.12726250942545217,-0.5710905792615999
9384,-0.7280932930084237,-0.47513666645161423
9385,-0.505114914297638,-0.42951061936401325
9386,0.15171564714217592,-0.5322616562105644
9387,-0.43283771776111807,-0.5619238048416547
9388,0.45170255398064774,-0.4691035236692161
9389,0.2616323858382258,-0.5621608126401153
9390,0.09252517588957869,-0.6422009741807281
9391,1.1577527683445712,-0.308130945074928
9392,0.12070730047179107,-0.469048195050365
9393,0.4115241988941788,-0.529311599860542
9394,-0.5582160363477684,-0.5497106812990524
9395,0.05371468366685902,-0.5789271060875076
9396,0.515050193394607,-0.465586881285856
9397,-0.33125533372148536,-0.4935649109097517
9398,-0.5439005706299948,-0.5499146700892504
9399,0.021349757221959746,-0.5627866710665833
9400,-0.29548059173189406,-0.5411332098645141
9401,-0.1957939612024191,-0.5427343978363562
9402,-0.014710984053313654,-0.6405373772511648
9403,0.05196388960055717,-0.5958946356613917
9404,-0.12326778764936631,-0.5895040795212166
9405,0.17343075088398835,-0.4336306809375007
9406,-0.24054278987776098,-0.5701183161029424
9407,0.013532509802942483,-0.4544314641005172
9408,0.10454137324967978,-0.6065874828388956
9409,-0.9604351912947948,-0.4209378074681683
9410,-0.12283013885581552,-0.4753323437569656
9411,0.4286313388695392,-0.244748497234091
9412,0.04044346596460887,-0.5097743836331486
9413,0.10362678202975903,-0.4491064619389376
9414,0.3820415278543941,-0.4375945966662415
9415,-0.4508177678193079,-0.3793415725095073
9416,-0.061153912652159095,-0.5097839909714658
9417,0.3846668630863271,-0.48645419656941163
9418,-0.0418214922731684,-0.5463890335803042
9419,-0.3633564397186191,-0.5273401910018947
9420,-0.26193931626525613,-0.5648147399419703
9421,0.08832558258667554,-0.48425694971613475
9422,-0.2946552656084246,-0.490532244273838
9423,-0.05545624933282924,-0.3111882048526874
9424,-0.147394478838661,-0.31257519818445173
9425,0.27576574888234173,-0.4635621440924858
9426,-0.3041130771509956,-0.4899881521398471
9427,0.07743457306507896,-0.448050165071106
9428,0.3605072713192541,-0.4301183190970126
9429,-0.039410804757412446,-0.4674601831130271
9430,-0.32589060256473834,-0.5703177015854093
9431,-0.49777409443226456,-0.4106837699643636
9432,-0.47387288435134844,-0.16470496263333967
9433,0.2391908224175451,-0.3607035573576193
9434,-0.31965764666439145,-0.47309844595466777
9435,-0.055397766135831694,-0.5005334171454919
9436,0.6920331539818096,-0.0805968132610133
9437,-0.7166667945557805,-0.31223024434602853
9438,1.2284463461312392,-0.13292016256663744
9439,-1.3385037086430496,-0.12209622835679508
9440,-0.01663177317396699,-0.30428842318428423
9441,-0.3364670192399027,-0.13937828877093636
9442,-0.014368577229154694,-0.4260127739227809
9443,0.5945515670702348,-0.4155671901707203
9444,0.06656419247920797,-0.38963101488679003
9445,-0.31276975735020934,-0.45163416697841086
9446,-0.46139543802127786,-0.2465682233540319
9447,0.029903409504778072,-0.28605088785867566
9448,-0.7092120854015677,0.25685168489384236
9449,0.45300011503412335,-0.3143762435089545
9450,-1.059788101002901,-0.2695146412112157
9451,0.4341904359443392,-0.23309816370579362
9452,0.13836411409421137,-0.48911928742075467
9453,-0.3029027823553638,-0.33133858865177584
9454,-0.045806743652117454,-0.4882354835334186
9455,0.3221851387197992,-0.5790882175519059
9456,-1.812372094031722,0.19390302556905548
9457,0.6921696006478677,-0.2633916002044294
9458,0.7943096268560649,-0.39359603266594423
9459,0.2372642892707992,-0.3315211081874886
9460,0.5861281707267487,-0.345044148256625
9461,-0.5412506351932946,-0.4450192754544646
9462,-0.13511618344692872,-0.3251497071167809
9463,-0.7996739070973551,-0.3621987421883546
9464,0.14701218206453823,-0.32851307007170777
9465,0.06820691166138745,-0.5024564669558851
9466,-0.41567043480514415,-0.46397841352291386
9467,0.11174788675212517,-0.5106016714465623
9468,-0.7876378327962995,-0.2819328166039945
9469,1.1233470519092967,-0.3499164264683842
9470,0.3340182088441819,-0.4724397156983965
9471,-0.3107969473166252,-0.40347150341160437
9472,-0.44305073980557313,-0.5179218001853992
9473,0.6274957840638687,-0.47630894837310556
9474,-0.17203006793808445,-0.604127296839288
9475,0.5824394992662596,-0.47164897321642035
9476,-0.12482248595669304,-0.5586704113125096
9477,0.13613511028961628,-0.5311760520948694
9478,0.22687380656090014,-0.530939778718629
9479,0.25066909328839276,-0.4793978235183131
9480,0.5380066799061198,-0.4087798224675585
9481,0.1244296901567949,-0.4169389111652581
9482,-0.9862062466755372,-0.0696839399390591
9483,-0.33089954780906117,-0.43010076764711136
9484,-0.3765915214799786,-0.5385310114735186
9485,-0.4873716663059757,-0.4618536072484151
9486,-0.1836096482669302,-0.5058783599146063
9487,-0.22649579995696784,-0.33937482828730775
9488,0.8534094989815748,-0.23273092823778838
9489,-0.8661978932184212,-0.09033667088171257
9490,-0.01084049222179884,-0.4962015160702576
9491,0.368210080426967,-0.6184935645715738
9492,0.520624949512163,-0.4875295515279832
9493,0.17554439426051416,-0.5578260181310685
9494,-0.13169193024165796,-0.6029328094776277
9495,-0.32883656889302987,-0.5304272997439702
9496,0.04690154059937873,-0.6235049510874558
9497,0.440269141030717,-0.5611648347918388
9498,0.131800114550979,-0.6373671993436903
9499,-0.23282694698221393,-0.6379791215294018
9500,0.37134060314349077,-0.5950817349979776
9501,0.15269694102482573,-0.591756301497203
9502,0.06683023304584723,-0.5583805626828747
9503,0.030978706089582135,-0.4232478378979016
9504,-0.3634469686925805,-0.4846860491231326
9505,0.46149987934623,-0.3905842494108293
9506,-0.16993311997866434,-0.5826544516202005
9507,-0.42216720019822,-0.5965765785984426
9508,0.19093097437104214,-0.475317195798505
9509,0.2652607748784427,-0.5511287039996765
9510,0.5394542856658966,-0.41798003951115253
9511,0.21876110346909544,-0.4841545013269849
9512,-0.32034975193661597,-0.4358145293804559
9513,-0.4371552416670668,-0.45462300334845657
9514,-0.03987388061646159,-0.5348149392508107
9515,0.2873640749612745,-0.5467745632039935
9516,0.23681443967091304,-0.5565031717153854
9517,0.2927078428908235,-0.42645681792035856
9518,-0.14745138959791723,-0.43962046414871614
9519,0.2794606495870051,-0.29954009719291763
9520,0.19718085850833011,-0.37914207226721597
9521,0.7292904107122747,-0.20550250308550425
9522,-0.13781110154269882,-0.4520072703881057
9523,0.3955118948777272,-0.18038642116877365
9524,0.0063115108894899975,-0.5561508770633586
9525,-0.015874393400181763,-0.4716006856626312
9526,-0.4110574099421122,-0.4945393263984405
9527,0.29283563763693005,-0.5103797169949806
9528,-0.3906526180986699,-0.4883567340452331
9529,0.20155344977339765,-0.5287174998970637
9530,0.5960218029155979,-0.4225579682574614
9531,-0.3908986764574327,-0.5400919670484876
9532,-0.04218046424816212,-0.4977802973548272
9533,0.18716202838080379,-0.4309698196685667
9534,0.10370139714730799,-0.11796729462110464
9535,-1.1434236292975584,-0.11526541789736124
9536,-0.3886397010664416,-0.4513534813675149
9537,0.5619223189159335,-0.4442552818748584
9538,-1.108236155164113,-0.16378370950222085
9539,0.20592457140097592,-0.38688271616810105
9540,-0.5415359555076129,-0.4364261390777906
9541,0.16218391616778757,-0.4666459851483039
9542,-0.1038957394344464,-0.4940835933338068
9543,-0.3511155092449921,-0.5062051492604362
9544,1.2268806398354508,-0.3388277871164406
9545,-0.278611280506857,-0.3923546322192297
9546,0.20853612662334448,-0.5822359312406324
9547,1.460121630256812,-0.22754629384278707
9548,0.3162612346436919,0.3695034265721268
9549,-0.3757118721802919,-0.29621803881885755
9550,0.4483598259111927,-0.25211396017655013
9551,0.4604154702344669,-0.34290925064511457
9552,-0.2317704131260318,-0.48207950745932493
9553,0.005036920984476805,-0.4573347827711821
9554,0.42688590780035757,-0.36609734254341353
9555,-0.615332185926087,-0.4495126855170811
9556,0.056731096657687066,-0.5522995167470816
9557,-0.6642872480171481,-0.48832695343858695
9558,0.07442218039337696,-0.48838402564864003
9559,-0.32371044720287145,-0.5139686957765581
9560,0.38850800072527186,-0.4877670682405026
9561,-0.4108949526885721,-0.5735441428257817
9562,-0.8027054697628632,-0.38165367240321574
9563,0.5350093479045691,-0.4516257943624442
9564,-0.003778949035419527,-0.5476053250067948
9565,0.44279172845328213,-0.4362677587249502
9566,0.018599258238054393,-0.5354061771880211
9567,-0.16679511568024447,-0.4760552354192767
9568,0.02770278151758981,-0.6034616898167734
9569,0.25513323311554426,-0.606398046461107
9570,0.08457111432866894,-0.6008508985633585
9571,0.10501209015945498,-0.5629044378982797
9572,-0.4066184480472951,-0.556945734544751
9573,0.3765842315209005,-0.545656956741999
9574,-0.006486999133985396,-0.6278991719194268
9575,-0.33404750295949937,-0.5494103752055627
9576,-0.15386826487066688,-0.5683754942631457
9577,0.22145945434234468,-0.625185255625275
9578,0.12777476836339538,-0.5509821320887397
9579,0.6875343539290012,-0.4008863047021012
9580,-1.0010747683218517,-0.48119889163349044
9581,-0.15024095380414446,-0.5533175237688436
9582,0.2332831767377871,-0.6394023282252513
9583,0.32072070468417013,-0.6372862120453048
9584,-0.3683650391154884,-0.552552177163967
9585,0.3383640353472336,-0.4705233485546494
9586,-0.2920994624517818,-0.5233301089487129
9587,-0.3264719738649307,-0.5114112905068032
9588,-0.08097838202098848,-0.5398324755387147
9589,-0.2643336665552923,-0.5227458189163403
9590,0.006475666955677509,-0.5820645212942972
9591,-0.10653106337039858,-0.602107434119871
9592,0.14070851389275532,-0.560870736625516
9593,0.4314281447521565,-0.49187073755093974
9594,0.31621939171603314,-0.47428188869636784
9595,-0.03671731230365984,-0.5131826624553274
9596,-0.08969917721325682,-0.597669099162276
9597,1.944830107588854,0.48575676029635567
9598,-0.48121438845060316,-0.13727963993384015
9599,-0.24618010136439789,-0.36123342938722397
9600,-0.08424995935681383,-0.42761849628408466
9601,-0.10989375271703909,-0.5280696354313111
9602,0.5028944338902963,-0.4637871230876354
9603,-0.3854190092118078,-0.46974618284875147
9604,0.15120170348047515,-0.5796745763851556
9605,-0.3893881654651684,-0.5820337497637914
9606,0.27468686490005795,-0.4760243340077592
9607,0.10108177701763994,-0.5959878353766896
9608,-0.01818527400507839,-0.4046330309007845
9609,-0.025761927008846143,-0.5873483224913055
9610,-0.32610059496836047,-0.5180962820718059
9611,-0.42978809088902276,-0.39809610788877275
9612,0.1954008590369241,-0.5242506469152848
9613,0.11238358031513884,-0.5199520054373264
9614,0.14626995370717233,-0.5031758513129706
9615,0.11648725661132564,-0.4373994541315787
9616,-0.06271256529196467,-0.5071005431924981
9617,0.5787238266065594,-0.40892578347480646
9618,0.12353124242361552,-0.4350885329865164
9619,0.2983938013602932,-0.3457401157336754
9620,-0.013404490321469655,-0.4038092639698349
9621,0.24049120500245671,-0.3202510830161892
9622,-0.0004010775988934171,-0.19121205586966525
9623,0.7598674993313771,0.18972682652528647
9624,0.2754227611854794,0.12128842011144059
9625,-0.09659469998152923,0.029901521663751676
9626,-0.5614202758088684,-0.16719230717219782
9627,1.0794027721941053,0.2874774152015674
9628,-0.6032647505268106,-0.15320686911254844
9629,-0.285532388735952,0.11345549087849258
9630,-0.7148850579613513,0.08947820048716144
9631,0.1779037111015147,-0.18226335110557293
9632,-1.033928365950181,-0.15496865238915766
9633,-0.7787919018903736,0.2753332519582741
9634,0.5952675885119059,0.27729814346474957
9635,-0.2823754553099665,-0.14139896067188157
9636,0.8452156352660863,-0.27613643468699567
9637,-0.31501505883239656,-0.2659322086985478
9638,0.4188843133745312,-0.43326348903610673
9639,0.4247696425076576,-0.3110468482856027
9640,-0.01830947815380303,-0.31754100105421784
9641,0.19412551224586005,-0.3989143527037231
9642,0.24368752925133041,-0.4577960550434856
9643,-0.38128335062755847,-0.4359518819771667
9644,-0.5426859790235175,-0.22011723715631207
9645,-0.08195429799832686,-0.4034002170118464
9646,0.1507043352254395,-0.4556963230217924
9647,1.3979982868158987,0.07408452309657045
9648,0.19496050030417542,-0.300203312389774
9649,-0.5922526947788156,-0.19397137355953092
9650,0.2676712779282265,-0.43816844259813253
9651,0.39208521765344223,-0.47227683955956057
9652,1.844702931364214,0.23241728065032005
9653,1.6264400522004905,1.8728046567798138
9654,0.9463503314078207,1.6020543667411686
9655,-0.9872487196000097,1.2251755304949143
9656,-1.06445573565338,0.30133370557525835
9657,0.6033648731980884,0.22666739280738155
9658,-0.66898609940281,-0.12237226008215286
9659,1.1847517898666649,0.10018153296142226
9660,0.3258156090842721,-0.2305052550376316
9661,-0.44790940085263753,-0.38369828129688116
9662,-0.3050391966568871,-0.27650132785051634
9663,1.429954727629553,0.17723629852687378
9664,-0.6363530303855264,-0.33471704637176747
9665,0.5190137848898171,-0.4686142868856867
9666,0.2674949675322688,-0.2449985822886203
9667,-0.43490489222294104,-0.38880374570937337
9668,0.19026244110167906,-0.30065427258287125
9669,-0.36830190430094134,-0.350483139832497
9670,-0.3755541671801578,-0.39839902397734966
9671,0.33085418291100305,-0.41739754452427164
9672,-0.6533963426750137,-0.39768089025791165
9673,-0.38387874952307394,-0.2755064625137271
9674,-0.4025631880211982,-0.33754692508489254
9675,0.5329846761927185,-0.3777046438545034
9676,0.39964179663439986,-0.46477323016431793
9677,0.3271746471358768,-0.46823699889587445
9678,0.201365392023639,-0.34936561717656867
9679,0.513142925463434,-0.34352496185929066
9680,-0.131984898980705,-0.3509932561705535
9681,-0.22321037055328558,-0.4608780496892713
9682,0.17142208030827416,-0.5113442066265707
9683,-0.23891129001066078,-0.5165356094112201
9684,-0.1547889201748093,-0.4736938318469696
9685,-0.28535481087091447,-0.47368023655083086
9686,0.1668018361693878,-0.5495636818355535
9687,-0.6621102747695838,-0.4152695311985329
9688,0.4603437079635526,-0.46568939329575004
9689,0.5637871712006366,-0.44278808714516427
9690,0.07456648600482803,-0.5077269144046236
9691,-0.4223273753670383,-0.40897662196078
9692,0.15288097633039704,-0.45788142113296787
9693,-0.33442871693712667,-0.48605407281357965
9694,0.25451031866877305,-0.35225894441321837
9695,-0.09889466559925837,-0.3807681849736182
9696,0.5201144696599255,-0.42397699463603766
9697,-0.5671943597561632,-0.36363915363739624
9698,0.5754069866212367,-0.34479363953835435
9699,0.7274431956618405,-0.054595915852777045
9700,-0.03884524937767533,-0.28461662167777046
9701,-0.11736991128600179,-0.2199321052524896
9702,-0.3481209962688981,-0.28980875369268777
9703,-0.21836042539694014,-0.2485145018864988
9704,0.5307979627575712,-0.37773196601543535
9705,0.5016496517202312,-0.318147872744086
9706,-0.27060365738498104,-0.35913136476772733
9707,-0.3876238904330012,-0.4561955554771777
9708,-0.02996704182500441,-0.2981901954969198
9709,-0.27882461341704645,-0.3495466265592657
9710,-0.1970359137981895,-0.4521364545323706
9711,-0.6175059620745665,-0.24311575115072176
9712,0.11517723759543805,-0.48038115250909563
9713,0.17528669928282614,-0.4451140740424547
9714,0.3833446614969672,-0.3903745270454554
9715,-0.18268998864403704,-0.3213326433072815
9716,0.2921228719103339,-0.5723826268166022
9717,-0.13678647296497193,-0.41969938903466436
9718,-0.09418766635734623,-0.5264034725749409
9719,-0.5662423229438969,-0.3319309681819649
9720,0.3145344366220129,-0.2617534164935226
9721,-0.42849311278060837,-0.31958308730967877
9722,0.271691602282407,-0.45650619554545524
9723,0.21537604596182053,-0.39872087061417966
9724,0.5439104631168017,-0.3959648587795814
9725,-0.7935349090587015,-0.04512452793196456
9726,-0.24465626884779004,-0.309369680610423
9727,0.3952695304881859,-0.1635639154764802
9728,-0.8798225321364913,-0.053117966797694816
9729,0.6137937125372553,-0.2994714374594452
9730,0.5259878312943999,-0.44300239665377095
9731,-0.9049621523040811,-0.29000911778820243
9732,0.9397018570661417,-0.21053383071901233
9733,-0.5332953873116688,-0.2765187780377051
9734,0.4778568728522568,-0.3632138323934215
9735,0.024350175689030647,-0.43865896635091534
9736,2.4865445011990372,1.0351526515943108
9737,0.869049076632261,0.6763514502037191
9738,-0.05910350800643477,0.2355568559892888
9739,1.6842114085864381,0.7119142112987182
9740,0.0388022032415622,0.2930880746579089
9741,0.6427369203410033,-0.05134023183060606
9742,0.26950514103723083,0.11373253353013373
9743,-0.7882217468058469,0.3435018909607324
9744,-0.5694635940404278,0.4040609543731706
9745,-0.6749011832577195,0.2807058316779262
9746,0.9260200668658403,-0.14334777191566822
9747,0.9315750844491864,-0.06733622187950726
9748,-0.8316784977810683,-0.19809503617431187
9749,-0.06000934951189419,-0.24476530310724204
9750,-9.527494333116749e-05,-0.3559232392477007
9751,0.5343887338955701,-0.18743184637728247
9752,0.00016999829423260593,-0.4176743033371569
9753,0.4196188117157932,-0.3367346052467879
9754,-0.04181381233927501,-0.3185150525267587
9755,0.5364456191478095,-0.27821617630373935
9756,2.97340994703787,6.859767636639898
9757,1.8693554933686418,1.2775603721932542
9758,-0.23215475062286833,1.7757632396975929
9759,0.013388078065914055,0.7491563772903221
9760,-0.215644212073183,0.47421480235547014
9761,0.32531048955768854,-0.15853416169809081
9762,0.39624164245791044,-0.07644491373129032
9763,0.08429870141569032,0.24730082543752602
9764,-0.8843976506303454,0.042791965585914846
9765,-0.3217590411664403,0.014249419450445399
9766,0.9694346342185767,-0.14178367165688668
9767,-0.5649351013918207,0.09372413086948646
9768,-1.6754743977279551,0.5808193070828349
9769,0.30525994515258364,0.07410587503872328
9770,0.6511424415754531,-0.25726892234705795
9771,0.7402975742568483,-0.016405223441547524
9772,1.1970783855441958,0.09382563104229731
9773,0.07508841398350263,-0.2196324223007982
9774,0.08548141947615917,-0.0379150200912902
9775,0.14085170690573376,-0.19404348784235043
9776,0.7195740569736935,-0.07985272129237961
9777,-0.07470289880364547,-0.0822793815656381
9778,0.5480801989839791,0.09392140578849488
9779,-0.5003085252362777,0.08593869547226483
9780,0.14481803744990943,-0.2638129188886401
9781,-0.027350319166183426,-0.32531206633667664
9782,0.4527761133845957,-0.20775978344546384
9783,-0.8143548689801894,0.04366399919853726
9784,-0.011247754315700008,-0.3544038989210782
9785,0.127351278874974,-0.10452656806444484
9786,0.819815297159678,-0.025723144757623537
9787,0.8430794050751118,0.3830001061740584
9788,0.38243427165248584,0.2361927428881243
9789,0.9432043952773341,0.9546489770721587
9790,-0.5090863207042843,1.1066429851868487
9791,0.4954204064408355,0.2963102304143694
9792,0.1277761705661394,-0.16771434720070086
9793,-1.0299003303693464,0.18248957932643992
9794,-1.3197387830961098,0.6957244160482364
9795,-0.8930785220247937,1.0571618010562358
9796,1.7932094967996426,0.3357061506522868
9797,-0.08372441428451433,0.41655915632329005
9798,-1.3864226615217954,0.8194034055741205
9799,0.5807971104396226,0.037774890260993746
9800,0.7896329204747582,-0.10203180075364134
9801,0.2970195493204822,-0.2800327870892131
9802,-0.10860732628795651,-0.21836898596922974
9803,0.15170454443988285,-0.29524733896064187
9804,0.8809399708821207,-0.0017688068897051185
9805,0.39299991825869607,0.6429148891651076
9806,-0.030707611618963578,-0.026041594253798234
9807,-0.22416882211048395,0.37903857885201747
9808,0.7509869565065014,0.03828187219853817
9809,-0.45482103576434224,-0.27366445574156956
9810,0.08168885156977666,-0.18510970271477278
9811,-0.7569109223435354,-0.03278447003620953
9812,0.19220239961820187,-0.13130809623209166
9813,0.007772579000294962,-0.20234445124386596
9814,-0.003433238113005532,-0.10101050232954699
9815,1.028248645454934,0.006228969278122508
9816,-1.2582482984416727,-0.1884836100066895
9817,0.4252918052859538,-0.24164101229507318
9818,1.5332876593090452,-0.171972097122411
9819,0.7321480690562248,0.11722997501827025
9820,-0.22177987657167614,-0.02057052190471604
9821,-0.7213851597139417,0.45597194459777834
9822,1.1839179591731421,0.27937016851609237
9823,-0.022009174095308313,0.06682612061703196
9824,0.7366415468024101,-0.027165203509692436
9825,0.2043724255068045,0.07023386819210403
9826,-0.72582690801386,0.2295094806647285
9827,-1.0355832450578597,-0.13496774475433426
9828,0.6456600684313258,0.11844252891076132
9829,-0.8871932592394753,0.22100663658471537
9830,-2.1821197192981954,1.8201748928915658
9831,0.5739262315335247,0.26357629606142624
9832,1.0767048511357147,0.274047365488514
9833,-0.43212051044356503,-0.16894806651004604
9834,0.8982033136372439,0.37931569488666833
9835,0.17824214104704936,0.1179210519329499
9836,0.697801819497112,-0.1590300596655336
9837,-0.4663248266751236,-0.12590770132732806
9838,0.7876558797891383,-0.17135998058316404
9839,0.4288923482918975,-0.42835745103057615
9840,-1.2500309317406695,0.044042873597194304
9841,0.8579778733286083,-0.2518011288365036
9842,0.0848550918891948,-0.31392725504789326
9843,-0.29282356696168604,-0.19746740685288566
9844,0.23349916160725523,-0.10707319757071954
9845,0.10617590606717148,-0.3951977415419449
9846,0.6395620725728404,-0.0337024361373079
9847,-0.6350332699398008,-0.20238040622107187
9848,-0.41086130278987787,-0.17515936987108766
9849,-0.9027634909666745,-0.23897325080713272
9850,-0.8789011769655156,-0.29326828560187707
9851,-0.526128594528529,-0.11186165298324065
9852,0.7878594794674016,-0.31017410913889065
9853,-2.167070357418907,0.33980550230859197
9854,0.8880421229732534,-0.024985322220774157
9855,-1.0597453524462541,-0.27370824122173104
9856,-1.9603674139765608,0.8115546344874707
9857,0.7198482288408166,0.14899534968767797
9858,1.1763346073193257,-0.21297626990768528
9859,1.1872352179055385,-0.2270696096540605
9860,-0.06483208720691445,-0.3181260974273757
9861,-0.14740595290720004,-0.38414645323244323
9862,-0.010077872645755607,-0.3797240872523495
9863,0.17374425445996314,-0.3050540226355619
9864,-0.3265684198701899,-0.29965638513558573
9865,-1.7709386354696255,0.42168714700310195
9866,1.5383073167528996,-0.31778734552421695
9867,1.6805453492496631,0.33757072106068003
9868,0.3692757982321231,-0.28342866758329066
9869,-0.06864437276920264,-0.3405842712889871
9870,0.0736965197989993,-0.33633343495002577
9871,0.4171680928310406,-0.2943560690572315
9872,0.23327562135935878,-0.36855317661969217
9873,-0.14756629915717528,-0.4393860398033344
9874,-0.7447013715874142,-0.3532214643135381
9875,0.7180500351863555,-0.4714072882880552
9876,0.2902493967384268,-0.48161159541289866
9877,-0.2520042418750047,-0.419002586048672
9878,0.12891249348763742,-0.24337482765194074
9879,0.25768586859516623,-0.31890268472139677
9880,-0.13670862616363688,-0.408582527247656
9881,-0.6617767363549886,-0.7301525120966266
9882,-0.5413207561166095,-0.12591296613987327
9883,-0.7265914935142854,-0.21822497989519857
9884,0.8318126607807964,-0.20741355371517334
9885,0.016347171618857178,-0.40824948497956903
9886,0.16294089100300205,-0.4561153919487493
9887,-0.23154456038118615,-0.21459792258312965
9888,0.6638536778207557,-0.4141235050834623
9889,0.6356444839614244,-0.34609288070387456
9890,-0.20989534435712745,-0.46592066100226237
9891,0.26088958833810355,-0.2572806243954284
9892,-0.27565119407388505,-0.4031295663846752
9893,-0.6691486024645218,-0.3299897255265324
9894,0.2262856347474402,-0.49995788437090044
9895,0.23342846295064712,-0.40081867687689876
9896,-0.08440530794958274,-0.5136571188474468
9897,-0.030031405978446606,-0.3325282347386791
9898,0.043225229726380356,-0.2021371919569218
9899,0.05676527605278448,-0.4145674730230484
9900,0.23351476508637717,-0.2871391578884338
9901,0.691626249109509,-0.36410026897388015
9902,0.18244870745540803,-0.3749226549287561
9903,-0.4865807155490193,-0.41017699175477
9904,0.0771937317705443,-0.3982057136221595
9905,0.6036043938183067,-0.4674150293063531
9906,-0.19198288964373053,-0.32290174679101347
9907,-0.43560114492775476,-0.41944781944758874
9908,0.037835528899852096,-0.45423329744755325
9909,-0.9832413789292352,0.006675285664567985
9910,0.1328265908358493,-0.3487710524199007
9911,-0.39910295584587707,-0.15988369601794455
9912,-0.6901087279147751,-0.14532639323819016
9913,-0.8066308062668776,-0.04122697377009607
9914,0.13943217681662362,0.525379276404383
9915,-0.35860299441680493,0.11722572535142374
9916,-0.9210100993874857,-0.18835951743217916
9917,-0.15427839503769863,0.028845068665662773
9918,1.2488559233123717,0.051724248430179864
9919,0.6801828830516078,0.12550553352514926
9920,0.006558443596286795,-0.3128119093676459
9921,-1.0049066905369228,-0.19670756187455604
9922,-0.7319122649184128,-0.4179108501532231
9923,-0.4176704998078595,-0.1968431624959865
9924,-0.5144032105849288,0.08016887329825875
9925,-1.1655947410578644,0.35814728116432487
9926,0.40384909184869394,0.018900522282578044
9927,1.1178120050398037,0.20756822960590982
9928,0.18162815643924457,-0.24705582422344174
9929,0.09329129632188171,-0.5276736020708942
9930,-0.6477869910860364,-0.409123170501803
9931,0.8252412550674361,-0.35263623547511036
9932,0.7038377963237186,-0.42177795523707956
9933,-0.0077247946870506595,-0.37406943065596615
9934,0.17023308010456847,-0.5149157031405194
9935,-0.15090662495420346,-0.44257159383727124
9936,-0.1133697011471327,-0.5857046534558281
9937,0.10187562662217782,-0.5158218669154356
9938,0.1962791152574688,-0.3804030078280329
9939,0.16193820017775057,-0.5847368376109333
9940,-0.5868795447129699,-0.3705787942819257
9941,0.5594701685623752,-0.5490702641023769
9942,0.02593718881367423,-0.5727932854960321
9943,-0.6570781250159607,-0.5409797777759061
9944,-0.12078216632877636,-0.5934009493249818
9945,-0.4819089145821932,-0.46650542961138347
9946,-1.2188531953579376,-0.3722500164782146
9947,0.3899830239578002,-0.4468315331772558
9948,1.1991036078940371,-0.4571095698960536
9949,0.7400023287818195,-0.3589741024704856
9950,-0.06753103845919736,-0.5736541793030214
9951,-0.3774995715051105,-0.5007587857798561
9952,0.193500241211412,-0.5586032072872769
9953,0.02512719759952508,-0.5790362647405454
9954,0.11223635223367132,-0.6291029837687282
9955,-0.47984626288777216,-0.47111466567243454
9956,0.29106943414273906,-0.5155999031598657
9957,-0.1341636213811462,-0.5665262082691277
9958,0.684418487078276,-0.3683136422558283
9959,-0.2015856867204774,-0.45613587377345266
9960,0.5390720788738353,-0.3589362812132798
9961,0.12891138770191823,-0.4510005792916076
9962,-0.6157318409190925,-0.5567688254665487
9963,0.11115402146273616,-0.5178614988010832
9964,0.03508081198037892,-0.4770507439954223
9965,0.4416116318815896,-0.3364076174974518
9966,0.1459958067839334,-0.427245838784547
9967,-0.36190293694578574,-0.44343410919307735
9968,-0.36221330389098505,-0.455327072564053
9969,0.4931545396817661,-0.4715355617781196
9970,0.5500342436226316,-0.3998814463634296
9971,-0.42310959659477926,-0.5258041043399276
9972,0.5114114059252896,-0.4469442048369687
9973,0.1583719432890532,-0.4323838687378687
9974,-0.027442492112297562,-0.5772548529550522
9975,0.02557898356227772,-0.4843770480612562
9976,-0.0959599915083648,-0.4633286632984797
9977,0.4513821842342604,-0.3868002271079609
9978,0.5118240310477296,-0.478305458826754
9979,-0.07257006681301685,-0.3669317885071575
9980,-0.11573204599470602,-0.5747299698353401
9981,0.10989092402358851,-0.5292238831779214
9982,-0.3993030720043387,-0.39656533842216907
9983,0.4887332669177944,-0.46498844824195934
9984,0.3857744770514987,-0.40010468757321105
9985,0.5974916882465113,-0.34022598936054
9986,-0.6405737914911582,-0.41819929520081145
9987,0.11619294895319861,-0.40888297297347714
9988,0.3580193788017147,-0.37759942871662044
9989,0.07453867384379002,-0.3352554999034482
9990,0.3068170254260061,-0.3988378128388474
9991,-0.008866367205066296,-0.35436281827145827
9992,-0.2708249547596864,-0.3961681995888046
9993,-0.36636041382023044,-0.40662969744185784
9994,-0.0045416661399226175,-0.4209166530557049
9995,-0.16296372445352517,-0.50268366352657
9996,-0.21552485097695295,-0.48928325295292696
9997,-0.32249736585650335,-0.4917686248582502
9998,-0.1407683520385454,-0.3758805428945346
9999,0.5416114719579881,-0.4182739110204483
10000,-0.09780510246724616,-0.591523056736558
10001,-0.12253450204972469,-0.548552764548856
10002,-0.38417676003895407,-0.2703346096252589
10003,0.6628952654207615,-0.4148083750521371
10004,0.23752299509283642,-0.4023607236838277
10005,-0.38981053989950254,-0.41377129299995286
10006,0.26917818285717343,-0.4581131873831297
10007,-0.048623766656257304,-0.5205293962596407
10008,0.570651437769318,-0.32598421214624
10009,0.0019921910775909015,-0.3097644846465192
10010,0.7170128435053825,0.1236375385155787
10011,-0.9974656383707386,0.09697496866966454
10012,0.4557861136796883,-0.3793016215014421
10013,0.8106505672259161,-0.2424936989218961
10014,0.018248125381264114,-0.39693204975389296
10015,0.2570538808037894,-0.2958578092100033
10016,1.4759101627685525,1.2762760776058062
10017,-1.6076845973894034,0.32701920517934613
10018,-0.24056709165801657,0.036882605770790576
10019,1.0279321204687042,-0.0020492777386338897
10020,-0.3327224635552758,-0.19947482775014744
10021,-1.333469809727582,0.23960513080451365
10022,0.020132358091529908,-0.28567993662414204
10023,0.21512405512965274,-0.18064305696634597
10024,0.17092075977864132,-0.27930180445318775
10025,-0.2871120592611691,-0.4135151201692573
10026,-1.2468102630936844,0.04540066090987563
10027,0.2896009692208605,-0.24780536354279406
10028,0.5272582992907162,-0.3642536696673352
10029,0.6070627592167428,-0.3760909540809345
10030,0.008477409223143443,-0.35874397484316656
10031,0.1356119223815653,-0.4479110827916291
10032,0.8622624641616642,-0.26645372835272363
10033,-0.12853902388780764,-0.3557490412824329
10034,0.230338664103333,-0.31400991837172093
10035,0.1021261955654731,-0.45289624140709467
10036,0.6416498819937277,-0.3469435547310355
10037,-0.6561134890060405,-0.1760775939771877
10038,-0.5505166297017443,-0.35445823558057576
10039,-0.04200808138795727,-0.3635292420328353
10040,0.792517248960629,-0.3876406899343811
10041,-0.411083371291843,-0.4530983313128062
10042,0.036961943328878616,-0.5178461809379509
10043,-0.6450311100286227,-0.4009239425041824
10044,0.07862964361942953,-0.3718242281858338
10045,-1.5083639341825976,0.10695890321283093
10046,-0.11263893460196772,-0.34577869000231787
10047,-0.42145261584650445,-0.22383665078716367
10048,-0.443642602953228,-0.23220836592271032
10049,1.478808847521989,-0.24650392171581084
10050,-0.6862079631051332,-0.42970958488117644
10051,0.16457149818647346,-0.39572354072631194
10052,0.11959857611040066,-0.3865042093860488
10053,0.21440169911154702,-0.4759415533606312
10054,0.7993486192631473,-0.2873074765997638
10055,0.2619251261330267,-0.4328254770363398
10056,0.3718071276279207,-0.21245353446795837
10057,0.5222523274300651,-0.30700289924170715
10058,-0.8753191928774804,-0.26130344239140374
10059,-0.08259564502877248,-0.4819575367510699
10060,0.015598799181190363,-0.48043018312508073
10061,0.4939051336801283,-0.14569522440599905
10062,-0.038554623570250954,-0.3882536274310928
10063,0.4509428325849273,-0.11611270596296615
10064,1.612997620949013,0.5156469422163542
10065,-0.05896339121789302,0.04585794739902387
10066,-0.16963158945527887,-0.13367347653014094
10067,0.8572420274020799,-0.10766486465397974
10068,0.3321619696533019,-0.10988448821509772
10069,2.3902744332833916,1.8759454854404585
10070,-0.9223337961208734,1.2290629372551596
10071,0.2731610257502048,0.26898074257264576
10072,0.4793303506136737,-0.07455780513804329
10073,0.5263584641379694,0.3298516462036005
10074,0.43676935640776615,-0.09150825388986539
10075,0.04608086733795539,-0.053661010141340205
10076,1.368066582353093,1.6501326797713398
10077,-1.2303758163669305,0.5957895281303224
10078,-0.5918605066925748,0.8453728669926232
10079,-1.1814844812639982,0.45331700572068595
10080,0.927994184557853,0.003980166522361385
10081,-0.6476897927906192,-0.07525515143624033
10082,0.06599498969420145,-0.23702812499200993
10083,1.100663869864063,0.04084759762861685
10084,0.12732975261370613,-0.11312823465696717
10085,1.0978825624626558,0.8410431410080887
10086,-0.1563321143612084,0.31962124089543525
10087,-1.1871820703213116,0.30596933657760483
10088,-0.3423251070825173,0.14008793348218224
10089,0.7750178839807972,-0.11924285098070866
10090,0.1933397004089155,-0.22316361733262563
10091,-0.4966229850100805,-0.10574574660048283
10092,0.16932340214909164,-0.021479106177009617
10093,0.38542066688480514,0.15019204761931063
10094,-0.5642654791819947,-0.026411968733948958
10095,-0.8629963272349914,0.3469987388135742
10096,0.4972410909234027,-0.19736584649711245
10097,0.416995690025059,-0.1303418916069911
10098,-0.15223135093075987,-0.23070478333647526
10099,-0.4242464887154852,-0.0849862907207965
10100,-0.794691301740902,0.3512225266480219
10101,0.35551521301584776,-0.17156888031441347
10102,-0.6105144226591849,-0.17584970250637366
10103,0.7345192817395332,-0.2506795437668987
10104,-0.49584637559570244,-0.004431880959832419
10105,0.08765504473858574,-0.20019614908289302
10106,0.15910354665812732,-0.30625610930571256
10107,-0.16968683923104255,-0.20722989027374977
10108,-0.6041758699492777,-0.05959671630468663
10109,0.12439497918111794,-0.04118392844551302
10110,0.5982804177786224,0.3873618540783398
10111,0.2140256981916894,-0.01182613022620005
10112,-1.4262741562318955,0.22467224206070222
10113,-1.4732245208276655,1.4280756195991084
10114,0.7957570657274531,0.49869125210272386
10115,-1.3831285168045349,0.3448803282782002
10116,-0.6092242721024136,0.3124666717849102
10117,-0.5386393780144535,0.34824625843894835
10118,-0.9839460843305385,1.5601250169061152
10119,-1.3481663959209877,0.3829652797586406
10120,2.3433854440826467,0.7054110413670489
10121,-0.3827857526385409,-0.052197838197996935
10122,0.847420211405157,-0.03730339669762576
10123,-0.24338596149851838,-0.10223748172492965
10124,-0.880762534170754,-0.14517946419327388
10125,-0.46550494664373293,-0.21208681672840918
10126,0.3298939478368214,-0.3258611412966911
10127,-0.6640856026490931,-0.3359451994990776
10128,0.6098571555341583,-0.2849355338154346
10129,-0.549494712615937,-0.1554247992067605
10130,-1.197454816751721,0.00814265979706995
10131,0.1613017918478515,-0.17197821981374992
10132,0.1621753680548106,-0.355997415916578
10133,0.13146202618842526,-0.4427570282286436
10134,0.09960864443632049,-0.1407563719227361
10135,-1.3016517093085365,0.09162332220047835
10136,1.002571872533984,0.11756921314228672
10137,0.8383728279271111,-0.18292575234359565
10138,-0.18977461724405525,-0.18267016089534438
10139,-0.5544302004996444,-0.26199855143221595
10140,0.40289317403924546,-0.43093433350816795
10141,0.17002561891632095,-0.33394416804289034
10142,0.18569444725652892,-0.4796011103970417
10143,-0.15913523304459418,-0.29514412224756964
10144,0.2723912561811381,-0.49726575426087266
10145,-0.10305792432115762,-0.5026630634102465
10146,-0.19556802395954298,-0.47751478559990346
10147,-0.33209537638923187,-0.5154698772511966
10148,-0.5308065147214904,-0.4543434035170703
10149,0.36377798331215083,-0.474312206448046
10150,0.06508002774289283,-0.5265012673862364
10151,-0.6134887732307354,-0.2791582240155207
10152,1.460454267851158,-0.200360847826996
10153,-2.071132237413343,0.07057015717690897
10154,-0.2692336800157682,-0.0639029980823003
10155,-1.1139675809817648,0.12690352100480093
10156,-0.2412936281011681,0.18433986613902872
10157,1.273573776746675,-0.01513443871900472
10158,-2.002977176444733,0.12977803232326787
10159,-0.21090637707390406,-0.12725676557190602
10160,-1.7348816548994124,0.6088537591667589
10161,1.4305414630931281,0.3417459539415578
10162,-0.2630382566981576,-0.17225925481738455
10163,-2.755034053588993,1.5292681190781465
10164,-0.09496713966475667,0.683757409697213
10165,-0.154957335881236,0.4902475172689872
10166,-0.07617626202829221,-0.06668278563822765
10167,-0.16360726257218033,0.29217889415146114
10168,1.2295987251459348,0.2002162853719137
10169,0.32367715889218435,-0.2882637418342424
10170,0.04949355772730229,-0.4187285033120361
10171,0.6205122068907545,-0.11092021367901049
10172,-0.24921947480370066,-0.24810342548217437
10173,-0.7091532201266026,-0.11987847728541555
10174,0.3992032303486518,-0.4404312072516446
10175,-0.020662196141119516,-0.005850354535138424
10176,-0.3777044062990022,-0.3696742327543013
10177,-0.13657085470823607,-0.2902160287990785
10178,0.2287435111502611,-0.38229382983362625
10179,-0.148294762246858,-0.1834429907761208
10180,0.08633720770421884,-0.30171822951448385
10181,-0.6041043796238581,-0.04023651562672872
10182,-0.3450071480650057,-0.1763036205502091
10183,-0.1509636885948904,-0.2880151396338303
10184,0.5424362582116814,-0.04408237903050436
10185,0.11491551896751055,-0.13068338673042518
10186,-0.4086657889785744,-0.3002276773218542
10187,1.1465382677930278,-0.20025979162441035
10188,-0.41519437434387463,-0.1814860073502733
10189,-0.32348592274227805,-0.3177066914675425
10190,-0.39285976291935354,-0.48252248535158687
10191,0.11471958707660156,-0.4210873350238715
10192,0.8868911682736965,-0.16937828907809666
10193,0.2477827679852746,-0.35691431572828797
10194,-0.09345528054712665,-0.3593667737974933
10195,-0.3921636034470952,-0.15019758964741187
10196,-0.8438165984671354,-0.1993733860256207
10197,0.4662491953616105,-0.45652306044563434
10198,0.8723849273119375,-0.18289231910708284
10199,-0.37699779923166865,-0.2502132633585865
10200,-0.3188647061362339,-0.2445831874297045
10201,-1.1124930844252254,1.4709915740509125
10202,2.508123291552095,0.03412212961520688
10203,2.090064541771893,0.7476831782761773
10204,-0.9382666869691005,0.05096292826749218
10205,0.6932979681737702,0.022605417566282957
10206,0.22196764008340117,0.550644306753797
10207,1.0943724354115192,0.2047146031236728
10208,-1.9813771969910117,0.10922071281334056
10209,-2.386762121521914,1.0462273413313123
10210,-2.2112728706208014,1.4199257506806389
10211,0.8009286587122774,0.6382076242142531
10212,0.3933171306313734,-0.019244451280377765
10213,1.0864915375077289,0.3961973952882013
10214,0.7401337611739964,0.1919750644109755
10215,1.161345202152803,0.26824502962408026
10216,-0.09841002005250847,-0.26104154244800587
10217,2.1979190317377606,0.14707887770427458
10218,-1.0204693259364828,0.23589175226458764
10219,0.2676253043529494,-0.28272462928701475
10220,0.9533937588455079,-0.06490292801195288
10221,0.25665179198334476,-0.16597865320841942
10222,0.5953368610376436,0.013588486892083125
10223,-0.7430529572130685,0.1540567299272319
10224,-1.0845885428678401,0.2819674188694638
10225,-1.7946346633956862,0.9413380407739991
10226,0.6116267282486532,0.0014657004399745576
10227,1.184657270448168,-0.10631396811398289
10228,-0.5754109816917959,-0.09571295247214429
10229,-1.6796130959386353,-0.030558596715864198
10230,-0.6962763212596338,0.099995938059777
10231,0.8381165097320552,-0.20397386722043317
10232,-0.03217315517822791,-0.12367829676384144
10233,0.10949979099179938,-0.4165031085233928
10234,-0.4066481958599963,-0.4255859091307189
10235,1.634324480393973,-0.23385277814322733
10236,0.326025364739081,-0.4678284096892488
10237,1.3517882344470946,-0.12905126654154625
10238,-0.1217793293345956,-0.4159934079772603
10239,-0.3624549688558941,-0.31451407612870713
10240,0.16832742951841623,-0.40885099940584774
10241,0.48713508574046027,-0.35986539248663424
10242,0.4193160392338198,-0.3994606029283871
10243,1.1240442960631274,0.06845543770023192
10244,-0.27624015519963435,-0.21084693938003699
10245,0.6159087876940026,-0.2816633087982625
10246,-0.18853034091215395,-0.31568871278609095
10247,-1.1817342630882028,-0.007083480649553851
10248,0.9789307997734766,-0.3196606087739865
10249,1.3566225239407053,0.1881460670105479
10250,0.2818950076399164,-0.19274534751929723
10251,-0.5175857638887202,-0.20789491252854503
10252,-0.231168884740183,-0.2839598553308634
10253,-0.21735022582495747,-0.36186197037585666
10254,-0.07001774382819428,-0.285654769450079
10255,-0.7335686708007184,-0.3329388494849597
10256,-1.2219805965870083,0.09061721680820521
10257,-0.8452422451555367,-0.2778395758124247
10258,0.9133504196484559,-0.3911568096380614
10259,-0.34884071835371094,-0.38462711152932455
10260,0.34910412802243307,-0.4285523631271273
10261,0.5597860150116334,-0.32264140706112965
10262,-0.2866690619396545,-0.5546961631896858
10263,-0.9921935616269661,-0.34092023986616526
10264,1.003211253392143,-0.41910681817127676
10265,0.11516857316435744,-0.512333413057357
10266,0.2448172214380246,-0.5333931666682818
10267,1.0570860265156936,-0.249535335331136
10268,-0.22631247190072373,-0.42107863774017606
10269,0.47506268219301523,-0.4092267256182452
10270,-0.44899982334040145,-0.29919817266807386
10271,-0.4541928349126322,-0.389398448147799
10272,0.8315971516765297,-0.45150567418053317
10273,0.7133348016557436,-0.38450175473446757
10274,0.25394807860715657,-0.36703218025507783
10275,-0.5407368089942906,-0.32870725382050525
10276,0.6335826612308997,-0.4468559101176045
10277,0.28305444213307474,-0.29369784520902664
10278,-0.2771291733655261,-0.14295090775880154
10279,-0.28765656311459076,-0.3710883594492835
10280,0.3312111374349593,-0.3844191793496411
10281,1.1377631477019456,0.0666777878953537
10282,-0.06222060398230054,-0.2105890907762985
10283,0.9709490661755079,-0.1509245394820441
10284,0.0265547115570026,-0.3305370876957418
10285,-0.7388632837189102,0.09905473250438508
10286,0.643059076213818,-0.15102353032269294
10287,-0.1983430228958737,-0.30781505144975696
10288,-0.061572337952891416,-0.2383329952434277
10289,-0.7144508442242005,-0.08709931732353184
10290,-0.22292705856101444,-0.2729267656267095
10291,0.5914856774884911,-0.3555512416583964
10292,-0.012870069129049751,-0.40939445635488514
10293,-0.06637126745335986,-0.44689483896350696
10294,0.006737754417407821,-0.3893287343295461
10295,0.16379093176157689,-0.283936268597001
10296,0.4299051433084269,-0.22009007141188863
10297,0.1531766480566749,-0.11549038914213199
10298,-0.9517684200983867,-0.20701531249438979
10299,0.23967290438349864,-0.11516607993202722
10300,0.20010131480774657,-0.2727457870652536
10301,-1.1662695674271526,0.19404831243725004
10302,0.9572437907521844,0.13777764717416652
10303,-1.0849465110669434,0.2930084574120659
10304,0.7072418478810186,-0.1810465882443656
10305,1.4985197418978171,0.6806508890464038
10306,1.3487070494031501,0.8245419932844151
10307,-0.35741768045673494,0.7141178535668532
10308,0.08618634494941475,0.9404083476165292
10309,-1.5503768567727332,0.7762546564328321
10310,0.8019515806755636,0.2405105403809238
10311,-0.15261694736039963,0.1939036143977509
10312,1.4429692761412378,0.13987793054439238
10313,-0.33031207492589176,0.06704439238043741
10314,0.5434434537681184,-0.12292334070101783
10315,-0.3179733786595848,-0.10886626962024568
10316,0.7299473986263446,-0.018192609129968396
10317,-0.24699907472987506,-0.08187089488280193
10318,0.27061789409573056,0.14836342097637373
10319,0.9756299033982946,0.12211446657686933
10320,-0.15530115323140944,0.06567988174176607
10321,0.7952123582744576,0.08059289838791688
10322,-1.1497396040266614,0.3543956960612607
10323,-0.8904564517231122,0.2803283373880473
10324,0.40733269805712397,-0.053245828791888
10325,-0.6472319997845685,0.16294868680255958
10326,0.5785879290374845,-0.1278569712519869
10327,0.8064580855557425,-0.013556396029933221
10328,1.3018858591480889,0.09502140337477442
10329,0.29705007344035395,0.0012744785624727556
10330,-0.30737240905667246,-0.030922636980739524
10331,0.36430187923345814,0.005705468551715698
10332,0.8740690687656508,0.23272787587155633
10333,-2.0597139147601893,0.5554135667582115
10334,0.1792391008027681,-0.2489133544454987
10335,0.5975813983679934,0.01430146187954431
10336,-0.677714016182268,0.22583866424510282
10337,-0.29744566423315466,-0.16663730945707342
10338,-1.5067441506482864,0.42329252946629387
10339,-0.5562868904799443,-0.27772089343183587
10340,-0.07100279375007051,-0.017629430734234463
10341,0.40982603656855887,-0.23969850023821782
10342,-0.3421366284553428,-0.38261227345850457
10343,0.3117024940468957,-0.28472501255985766
10344,1.1173709286189037,-0.17715241778031224
10345,0.7091195162119157,-0.21537576740738051
10346,-1.1264314980490877,-0.04085082997561716
10347,0.5274674400308286,-0.11082837247792106
10348,-1.4146226762421812,0.29156907561148504
10349,-1.3513465882514144,0.3378053917719739
10350,-0.50467312149868,0.4714028761189008
10351,0.7764083672174256,0.024468664706503735
10352,0.48253067064398264,-0.35009833740989194
10353,-0.3524553629933574,-0.336757058133774
10354,-0.04887761542670099,-0.3151434204602007
10355,-1.592824379674138,0.08836594296570534
10356,-1.1803907847148039,0.17903418258318984
10357,-0.1356819015149985,-0.06427539215508488
10358,0.6794456563097792,-0.31561742100980783
10359,0.591631548459372,-0.25186086475196795
10360,0.28513427040068134,-0.3420738811079451
10361,0.24937698244455056,-0.39257422232662864
10362,0.7300920075501626,-0.30621685324767645
10363,-0.6781530527622427,-0.4759297391750839
10364,0.9137142620554661,-0.2955295807248223
10365,0.6662588315741357,-0.1442873845393254
10366,0.5021127449342432,-0.29514291612381566
10367,-0.4761096831345135,-0.28245663556518685
10368,1.3733305531650484,0.21075164638054641
10369,0.13248993963140215,0.10312827904593622
10370,-0.022491998318316758,-0.025090488687332022
10371,-1.6946845513649618,0.18234253875905548
10372,-0.24524155410997975,-0.2089603554662018
10373,1.8823802103191525,0.0709963678963145
10374,-0.40062116758761396,-0.23138991199136533
10375,-0.341344739351778,-0.2708422736467698
10376,0.07396252039019105,-0.16476273467174038
10377,0.17331517401153604,-0.25503839263367534
10378,0.37452404755583807,-0.3348078372499614
10379,0.24020993110285757,0.2170583451162558
10380,1.0584309731533463,0.3981056386581886
10381,0.60873077349873,0.5718014298668972
10382,-0.4455287980632238,0.2576915911920879
10383,-0.7959055163179148,0.1196450577079576
10384,-0.22028870090028396,-0.08338017274726599
10385,-0.7441436348715844,-0.1651543954709206
10386,0.6032480579400578,-0.05427986332685298
10387,0.16429712455323622,-0.1968532552570497
10388,-0.1999806365993931,-0.2810701129006318
10389,-0.16755961812916875,-0.2065339442484202
10390,-0.12245326143219279,-0.2276912715017207
10391,-0.48602845154075436,0.31629029961230876
10392,-1.0767102797290586,0.1314330444424111
10393,2.194814462290212,0.4597539311765218
10394,0.176461045053228,-0.009993227354094242
10395,-0.6429846871205127,0.0020383720976573923
10396,-0.09859750543769902,-0.02481771364264338
10397,-1.9254407661269077,0.4499468221744486
10398,2.031284011416551,0.6164417149386505
10399,0.5250765655841112,0.23624455716085566
10400,0.5510005145816673,-0.09356739385073139
10401,-0.19340377490646665,-0.0765668461951641
10402,0.33306222418505393,-0.14056991544110997
10403,-1.6839912075788535,0.1757549505583969
10404,0.48796652878542335,-0.09189899027384886
10405,1.5563743253094129,-0.10810188498038761
10406,-0.5050768999676465,-0.18191843507147748
10407,-0.7922753872923469,-0.09941884987468494
10408,-0.8142981414976775,0.21587165379559806
10409,-0.10839509425475712,0.17618611982946616
10410,0.44581996347227987,-0.11074695602922792
10411,0.7994188953913247,-0.24984519913467046
10412,-0.505517348746387,-0.21047132344118816
10413,-0.15438847861119037,-0.26548617156828563
10414,2.058912801793233,0.5071268565980427
10415,-0.38150364688335575,-0.09885150326456806
10416,1.0241856970900096,0.024853328600359426
10417,-0.13942909373278445,-0.27409355704618316
10418,0.45699100060682596,-0.18486285418299522
10419,0.1423399058101238,-0.30649205263383766
10420,-0.36447781042345156,-0.25789240512492284
10421,-0.409277397794855,-0.2434216630747357
10422,-2.2815326367021673,0.5973872027321984
10423,-0.6285425647924603,0.22019579595761357
10424,0.541930719587941,0.014619516251467776
10425,0.7305654602003306,-0.1366536168008992
10426,0.3697103585282803,-0.35005134615032324
10427,1.8615292561852206,0.5132901544445092
10428,1.7998333950445808,1.0201823433284345
10429,-0.8257020971597688,0.33757419470165756
10430,-0.05854007478764661,0.09006958121007337
10431,1.0305870858501878,0.12173887834409305
10432,-0.9374293369542818,-1.635813174195061e-06
10433,0.5459874812425537,-0.2314767246522445
10434,-0.6336130560246256,0.09531622550556153
10435,-0.11571607723918384,-0.12358243939117652
10436,0.3844359214098473,0.0726025248886178
10437,-0.5804300258022224,-0.14228670971998517
10438,-0.8941392544563468,-0.00041570077161392626
10439,-0.298053316962269,-0.15497608432273857
10440,1.9680724946024053,0.20807419970776883
10441,1.8469470069706446,0.5788603890138879
10442,0.5566803990839023,0.14809788577565064
10443,1.7893304046265264,1.0687870717894863
10444,-0.00931660379063831,0.05190665975948179
10445,0.040854353124294036,0.016001069705172188
10446,0.573772803983642,0.025676209298289697
10447,-1.0042218268907315,0.13563112730396218
10448,0.44196312622263945,-0.09189964889601697
10449,-0.22747950200614617,-0.03692083702900823
10450,0.5877344526802519,-0.16881949443239916
10451,0.3096772057398663,-0.023035006585843017
10452,-0.1491724311788381,-0.00416624515116602
10453,0.9178100437621073,-0.259766917766757
10454,-0.0784685640597257,-0.00833128039343247
10455,-0.7944723929193069,0.008489176033815049
10456,0.9771824269191146,0.208855410673715
10457,1.0277716295075532,0.04624843664277832
10458,0.38672054392349664,0.10936408331239715
10459,1.7470195105502495,2.9855625758320903
10460,0.1720196097395407,0.6601003920358458
10461,-0.31693352571877087,0.18400354227321297
10462,0.773370921284242,-0.08240581549197461
10463,-0.6529964424892846,0.9647547584127716
10464,-0.9697615675319622,0.22600173529494827
10465,0.813739015921533,0.005079981238605444
10466,0.23642662975100476,-0.28575026196173686
10467,-0.4604334846378772,0.048846765879458624
10468,-0.3843533800444582,0.3317440779875723
10469,-0.780921461010557,0.6675816777839628
10470,-1.4846857049951938,1.3233978091760565
10471,0.32873346208220977,0.6580676061158768
10472,0.8877425882486792,0.2118740095425015
10473,-3.2597240413866455,1.7764851822602616
10474,0.5796857798988754,0.07517074243080299
10475,0.4862277661894636,0.09382470387425407
10476,-0.6347647900083798,0.22821418879624966
10477,0.46494806595244814,-0.08910533417716883
10478,0.771065179470703,0.013115489955876393
10479,-0.7320711935927473,0.23300519677200318
10480,-0.28032869335896105,0.18835233432749143
10481,0.2791219299874308,-0.13845875633024857
10482,1.0357138042471128,-0.050744426073810765
10483,-1.23802004843602,-0.0021593084251711014
10484,-0.8256588859009609,0.042973206090361996
10485,1.2343200357203739,-0.05313747512789879
10486,0.09151522711262554,-0.25455290206266534
10487,0.1363911233253839,-0.18190415269701912
10488,0.3569266946283295,-0.006129058798168343
10489,1.032382268616647,-0.2002199524432127
10490,0.8925502156018696,0.1523323146616918
10491,-1.1528385975044584,0.009487253730413899
10492,0.3018541529610102,0.029895462968317084
10493,-0.23900475602886362,0.7137738433751164
10494,0.2745320480432491,0.057362206321293185
10495,0.2936256152414633,0.03737818015843647
10496,-6.005544019396418,3.24456314405828
10497,-0.46200872042426444,2.1901548840823453
10498,0.9091936378346842,0.21683951482386285
10499,-2.4203055720470297,0.655865714951776
10500,-1.663225634343772,1.194185670455639
10501,-0.30672433124033976,0.23171516235738368
10502,0.9316187847701979,0.1292050703198988
10503,-0.2932078534794664,0.007932019361405692
10504,0.8876678119524802,0.5451956507889705
10505,1.117625066138762,0.1915277294985004
10506,-0.7604157300944409,0.02392610789334927
10507,-0.4483030852448172,-0.1809056709476481
10508,1.3954681602776002,-0.1066076262861149
10509,-0.7139457190695844,-0.2739137913966581
10510,0.10889175290302176,-0.29847651148937027
10511,-1.2947176443761945,-0.06883174852194282
10512,0.8440810516348112,-0.08167243818330085
10513,-0.5090480621842041,-0.32387601051565307
10514,-1.132564701017627,-0.1394184683172516
10515,-0.7609202291783858,0.04574018051460754
10516,1.6961502146253509,0.006010119577181682
10517,-1.2232710978041275,-0.3206034062365401
10518,-0.190353105760135,-0.16399578100635304
10519,-1.0817060400475844,0.018240818395509076
10520,-1.6610391829841933,0.640482015817682
10521,0.8299466165941233,0.8477399089256695
10522,1.4319777628173371,0.20463650783087142
10523,1.9802189628459195,-0.10777399913284132
10524,0.1341772393585332,-0.07317603407369862
10525,0.3151849384097303,-0.3686686823960214
10526,-0.8141676903017201,-0.23493135195110126
10527,-0.47913477029324525,-0.28023913750059354
10528,1.7162577481562942,-0.046112906857238435
10529,-0.5699239636447972,-0.2778329530240103
10530,-0.7907353677244748,-0.09582666464564682
10531,-0.6379522945901667,-0.20958778701252764
10532,0.7891464276944086,-0.1282684238570019
10533,0.3940468736647631,-0.45123061333539927
10534,0.5233599329064187,-0.23744344214866225
10535,0.14469754007111627,-0.31820461061046695
10536,0.3101335028681977,-0.428435729831864
10537,-0.6033360758320829,-0.23419934718706006
10538,-1.3904182301751307,-0.1566102742975066
10539,0.1846570307292781,-0.15900983740021288
10540,1.1105750496826614,-0.10582086972050635
10541,0.3397396099678393,-0.34669868819140465
10542,-0.09003329416412596,-0.4133711186947374
10543,-0.23432716394211017,-0.40196453475848837
10544,-0.03575241823779634,-0.4133660997139044
10545,0.9956990408653487,-0.3452230214635478
10546,0.24252563404010713,-0.3846396810178181
10547,0.44132781476543487,-0.3433784098130643
10548,0.12841872152073405,-0.41989962145016146
10549,0.7221754801182467,-0.26280624112256123
10550,0.058035757258468386,-0.27350708505572396
10551,0.9193478727359012,-0.22953174094439885
10552,-0.35965943139932555,-0.5082455500740792
10553,-0.19964266675505696,-0.22966574443636478
10554,0.08079870336405842,-0.5008545641049806
10555,-0.6908970346751306,-0.2299625289848278
10556,0.2875979632281939,-0.3897645162541992
10557,0.3764362611620774,-0.433980618289323
10558,-0.3276253213420786,-0.49386984832779096
10559,0.03318650908108361,-0.5514662514495899
10560,-0.7810246282989237,-0.4486123719446026
10561,0.06297732276269263,-0.33817372014732383
10562,0.29283880465060796,-0.45989562122883915
10563,0.3657249688035269,-0.42925010662575563
10564,0.1813770720164709,-0.46964065691378454
10565,-0.5835809620653594,-0.4568060718760376
10566,-0.014311811013716971,-0.5555039767584521
10567,-0.7622849384267663,-0.4691630170804573
10568,0.10130291579482582,-0.4189556034528922
10569,-0.13622551506724828,-0.31756941893737045
10570,0.2455062235859147,-0.5340952235510825
10571,0.05234340705855452,-0.44278471097628813
10572,0.3257878036261425,-0.5149104390865529
10573,0.5333651097649613,-0.3153074887580372
10574,-0.3403418236530006,-0.3688504667117682
10575,-0.3286097525436943,-0.3854840723124611
10576,0.35751877450404845,-0.5202437839721966
10577,1.0978402116979782,-0.26385162701832343
10578,-0.522015332599566,-0.40041263123011833
10579,-1.074469883184244,-0.2758037402370202
10580,0.9033619061471632,-0.2951700729556019
10581,-0.33856757068220633,-0.5113085328162605
10582,-0.5739917882924223,-0.5505950509763438
10583,-0.510149102167213,-0.3238183584523005
10584,0.7849602843989746,-0.23417407226224593
10585,0.23465745094665616,-0.4455548497481808
10586,0.560164337689701,-0.273852387906033
10587,-0.3153688449647409,-0.2626087103099611
10588,0.043824458143201794,-0.44480169019543636
10589,-0.1491270753159274,-0.35443492586060477
10590,-0.18981826151967013,-0.29827615141646774
10591,-0.8443431516043489,-0.1978001803164744
10592,-0.5540676823803456,-0.25329391518475675
10593,-0.1297371863952767,-0.2509955441113747
10594,-0.9066205675809867,-0.16061744156554397
10595,0.8450923188796559,-0.1108194485565671
10596,1.4455782316701196,-0.042007035420797645
10597,0.2939641295440535,-0.3290317176279543
10598,-0.5747039161930663,-0.3364017350616597
10599,-0.6275363239404287,-0.40568413891850974
10600,1.4490980821921804,-0.25811307399001765
10601,0.22008880142032192,-0.2728359091978805
10602,-0.264687217128016,-0.37563280554093376
10603,-0.43515869303178484,-0.4502004660794435
10604,-0.1810976222950017,-0.4868086545533729
10605,-0.43878956213397585,-0.40124756136053435
10606,0.23378468881658512,-0.5275528081302728
10607,0.659478794861882,-0.4209850168027194
10608,0.050421995182330405,-0.4536897655864546
10609,-0.058723447845207846,-0.47629733007479996
10610,-0.3291502539384471,-0.5553964544749966
10611,-0.30623752841017704,-0.40635357249821685
10612,1.019032948631693,-0.2991602434623819
10613,0.882899082374309,-0.2718639756502728
10614,-0.47104086090800057,-0.2231333465905265
10615,0.10273739591130766,-0.45894747567068706
10616,-0.12398609346708694,-0.4167254413545673
10617,0.06009053952922632,-0.6969203169699792
10618,-1.0781738572139683,0.208829331943995
10619,-1.0563818553623534,-0.0635936919688522
10620,0.22755688836010646,0.05128022474263476
10621,-0.5502066297870377,-0.2901345036775894
10622,1.0807453186957,-0.38652229703031565
10623,0.1914228242273391,-0.4106564687334559
10624,-0.01638182341705179,-0.521329045573956
10625,0.3732667628432962,-0.4488351787954413
10626,-0.12128156807253676,-0.5520154168843597
10627,0.34512265837219847,-0.509286877641386
10628,-0.33258110386473805,-0.4576330791246319
10629,0.5215782752462236,-0.4812089814608645
10630,0.059217018257618,-0.5291143724506243
10631,-0.5957172369767719,-0.3750081430991086
10632,-0.19941081906531194,-0.36643224419822146
10633,0.21210312000885068,-0.5845070519110838
10634,0.9233375161025409,-0.19750191205091538
10635,0.7105998943170663,0.027229180233800436
10636,0.027103933570351058,-0.2941742690684262
10637,0.4020107599971238,-0.2827990823634174
10638,-0.6887370017450314,-0.19855342359022868
10639,-0.21124254408094545,-0.37181302767788454
10640,-0.3440405594088508,-0.5094386539702588
10641,0.6297365080391587,-0.32920588154285374
10642,0.031188055480984314,-0.40210611845039435
10643,-0.03440285232430424,-0.5140620506608204
10644,0.18749829650539476,-0.32427111884114507
10645,0.496022111733362,0.14165432356821242
10646,-0.38812124879452775,-0.3577914924018709
10647,-0.25909256675684683,-0.4053435455315243
10648,0.4412455040106077,-0.30204775545201995
10649,-0.7871836772643793,-0.3546299338726532
10650,0.19048047959650322,-0.34116342663147975
10651,-0.4208812034935289,-0.39994276324798717
10652,-0.3184921471633437,-0.46421425182315335
10653,0.5849373510990055,-0.3331703572949995
10654,0.6162100032464859,-0.1840529644314061
10655,-0.5799537891151627,-0.3890343285127502
10656,0.15902156236109805,-0.34948990678766195
10657,0.05277662852211023,-0.46887015595704923
10658,-0.15292963065062976,-0.5260195196566636
10659,0.5146254002434029,-0.4208162773489514
10660,0.7156073005765115,-0.29742302834190765
10661,0.30205119324602747,-0.14531061096795841
10662,-0.6683930054450986,-0.21168014609924574
10663,0.9162744600205188,-0.1686858203683571
10664,0.1908074409255456,-0.23658375416753735
10665,0.5344148364827496,-0.1648273370046495
10666,0.36042945514274694,0.21591548933316906
10667,-0.6609442295172544,-0.006685198689918986
10668,-0.44682380981878206,-0.021254730018318492
10669,0.5237678933145016,-0.11454994713760648
10670,-0.5036749425826001,-0.19353608978178974
10671,0.11410284644083535,-0.17651421957301994
10672,0.3813468070305689,-0.3754659218593492
10673,-0.1923431800742822,-0.2918588011881116
10674,-0.3913979096510125,-0.29435709083050354
10675,0.2540920562884487,-0.24029532660204378
10676,0.23326768801909964,-0.25133936364125425
10677,0.46392909914830205,-0.4275586862184822
10678,-0.09606059807470116,-0.031706855927330184
10679,-0.1471005713441571,-0.14649692760480837
10680,-0.4066653295732853,0.1759400529606788
10681,0.11505596808386455,-0.23818097240392552
10682,0.8973974331768441,-0.04267228757615503
10683,0.4557363112233642,-0.12854828267850257
10684,-0.18003086686840053,-0.15150967861248674
10685,0.3288685951446916,-0.039210490906220134
10686,0.6763016423941556,0.10778521155995058
10687,-0.9332248218009577,0.7050514593552384
10688,0.36584974958525857,0.0735963021613037
10689,-0.03343269468609748,-0.09101158565599561
10690,-0.22947726016593392,-0.004259125714435328
10691,0.27934900928832135,-0.17143474578643017
10692,0.09394683657668873,-0.2189289312183985
10693,0.1372270581687519,-0.28362023642981465
10694,0.5110616247030653,0.061993647976044314
10695,0.6836111111004327,0.3011187972425446
10696,0.08737877332149473,-0.0346099587425304
10697,0.818139593018402,0.03187607596977657
10698,-0.8882104090565262,-0.024638250176648897
10699,-0.9668471461556999,0.24420370168777736
10700,0.39202176955321405,-0.11298835214283137
10701,-0.5403627608868692,-0.24630252280757664
10702,-0.9086178230304048,-0.018061961659261945
10703,0.31706834416569246,0.015122231325849637
10704,0.15680308682511165,-0.1920950178889294
10705,0.1004198584209338,-0.2288830722878903
10706,0.9926810766955866,-0.16215771130197293
10707,0.7439515936477422,-0.20138321428883246
10708,-0.09990662649941641,-0.3815798656327233
10709,-0.3960254497110735,-0.24955123193917786
10710,-0.4149099917253614,-0.16213487029680393
10711,-0.8178059038518788,-0.03598498092323014
10712,0.1883780264516162,-0.3566793857215204
10713,0.5480601464416663,-0.32000567865263385
10714,-0.371312507935943,-0.405983558839189
10715,-0.9073556534370476,-0.09276975635022348
10716,0.7115545184980048,-0.2347828372415008
10717,-0.04710032857891785,-0.2811336291655958
10718,1.132150526704559,-0.38807356449212194
10719,-4.748211638272159,1.8805127625144917
10720,0.7013511524753804,2.8935766469533766
10721,1.2691340663826562,0.4641349022921577
10722,-0.39421308884641953,-0.18802969792659185
10723,-0.45459918357664103,0.06476641373206009
10724,-0.2723610031303974,-0.23652516426489284
10725,0.8634629696871469,-0.07994264321322404
10726,-0.29482304722556474,-0.34109907238523307
10727,-2.0667319889984386,0.3065638538572951
10728,-0.15025605895296115,0.28299219082654326
10729,-0.1378004610003215,-0.2019586063388233
10730,1.8602676836798875,0.35433288906733873
10731,-0.9378894967288939,-0.24585539687269695
10732,-0.2821937285331673,-0.3103815355060234
10733,-0.3750586197376762,0.004977588057511068
10734,1.0469653670173318,-0.2564232733683741
10735,1.7054337615295998,-0.0988367368240318
10736,0.6557459992516524,-0.012826314163509732
10737,-0.48430486133950756,-0.19856616329247595
10738,1.3889867286073163,0.25031212553420995
10739,0.8674400833742437,0.19939023515759885
10740,0.2994725540589496,-0.22605533801391658
10741,-0.22900986770805284,-0.31073515697258614
10742,0.24452921129668848,-0.3963411280587861
10743,-0.3437706407040595,-0.16193731188026442
10744,0.22547018166971658,0.006138977740273162
10745,0.6466232585961995,-0.36744939364476253
10746,-0.6316931300966455,-0.2826362212079057
10747,-0.09647598419747863,-0.1439419136202881
10748,-0.47130612128931443,-0.2941182832350475
10749,0.9385953117896205,-0.23487086501667576
10750,0.6550406756341766,-0.2797656392181473
10751,0.22759891896554885,-0.08693336920087331
10752,0.9755634308290424,0.3225991460055067
10753,-0.7485515842067144,0.30251577325915785
10754,0.5102606945180834,-0.054899441713901674
10755,0.3998206858621456,0.10967668530956329
10756,0.6149951004169832,0.17550841358779962
10757,-0.7142700488227127,0.0831039968203732
10758,0.16282729731203502,-0.14886096740783789
10759,0.2682859238268238,-0.016743237571619843
10760,0.09296529677557683,-0.07604063781951394
10761,-0.4904950360943015,0.3605557791737161
10762,-0.22022552773802562,0.04029836394061754
10763,-0.4365552650058281,-0.24084159897352586
10764,-0.6985865292949753,-0.10848209450417311
10765,-0.13232779690701313,-0.03907007928703834
10766,0.7217928315284606,-0.19001196284179783
10767,0.12660140571599776,-0.2637121053584864
10768,-0.9424085065920597,-0.026682050328391143
10769,0.6070346937160914,0.19507038516577216
10770,1.2655019281322222,0.06763952720782801
10771,0.2348862700110457,-0.058521736986635924
10772,0.2691675314649307,-0.1028286081838022
10773,-1.2967428843107969,0.06358057309587117
10774,-0.27619729451840735,-0.09227751011670335
10775,-0.2863314179488824,0.45356205482532175
10776,1.38211593659083,0.06131637802732844
10777,-0.31921759788564197,-0.04531976435830136
10778,0.029542411269751368,-0.27005838025728157
10779,-1.0992089634267528,0.1531081473080119
10780,0.9050914951158056,0.251199838979299
10781,1.3211787933143013,0.4359995059485182
10782,0.3491363027091011,0.5550061464232837
10783,-0.310486458105963,0.4408573818868287
10784,1.0096504541598346,0.8872478467811127
10785,0.5625533917614008,0.26215640181577826
10786,-0.4950407697067595,0.25378147830505865
10787,-0.023976772039636555,0.22978438968394227
10788,-0.39506050147483396,0.11651550904045836
10789,-0.9389477636607666,-0.11193183972648066
10790,-0.16103061564708968,-0.10150995571106249
10791,-1.2078211279283884,0.23543564137977158
10792,-1.0452092884980801,2.853402575293182
10793,0.11991574886614785,0.057036690338230216
10794,-0.18239317316371365,0.06397858991876941
10795,1.0409750604251358,-0.10341724034694243
10796,-1.136559928294674,0.40346395129368395
10797,-0.6706872378620169,-0.1765753411777005
10798,1.346552344412433,0.1486505727520537
10799,0.48772074753996525,-0.158890219782436
10800,0.08462980036969747,-0.027237710772565912
10801,-1.8160302612413837,0.057727822771707606
10802,-1.6570827046407413,0.5325316331028395
10803,1.2192396282751239,0.00904601374291781
10804,-2.1847726640222396,0.2676895490560287
10805,-0.4467385163436801,0.4723425615985894
10806,-0.16158815597816026,0.13040642521772813
10807,0.71230101502639,0.01699737023239647
10808,0.2785108410747085,0.05057195204808014
10809,-0.008848208823243423,-0.15379589163780946
10810,-1.2487034574049922,0.33573782692852633
10811,0.37808956815042827,-0.17620667980194415
10812,1.0413320266539112,-0.2557481268089778
10813,0.4366470646686196,-0.162483777118615
10814,-0.3069756028831196,-0.2779464936182958
10815,0.5871620366630265,-0.43643716058992804
10816,0.09961113770260582,-0.39039939577694605
10817,0.9516251684839054,-0.28931043462370953
10818,-0.8189127051480232,-0.25069477216632424
10819,-0.5202755167670969,-0.3352202256670861
10820,0.2565659682420296,-0.43926288600477437
10821,0.0616669958756938,-0.35598961135964496
10822,0.037900167932186334,-0.4153508541436884
10823,0.10259084446486173,-0.2103920711235892
10824,0.9182204345226869,-0.23636509045869145
10825,-1.6710613790378879,0.1465405425523039
10826,-0.2952206980836802,-0.11445217323689394
10827,-2.0485873788223414,0.9285289098942211
10828,1.3379522057330506,3.425871126612535
10829,1.7092983501003272,0.3558718724113012
10830,1.2037132515100628,0.2817762059941246
10831,-0.8195444376005502,-0.024747277857970488
10832,0.5297692453923056,-0.054970364849834
10833,-1.19377867339672,0.12818839311311786
10834,-1.5923011233986717,0.20834382353485112
10835,-0.09773129629078008,0.039601193118315496
10836,-0.5236057760688986,0.14440242910705692
10837,-1.2159975472580669,0.29210222247966666
10838,1.2894255044879124,0.4496335305286136
10839,-0.6291108904005495,-0.04679140582709331
10840,-1.1959531992174097,0.35864196763420636
10841,-0.3728995887872322,-0.032098366419948836
10842,-2.3482050238169525,1.0813443365575948
10843,3.193300907046212,1.7789521686887921
10844,-0.05894047708861413,-0.02608583710504463
10845,-0.6289837241934204,-0.05738381272494643
10846,0.8294310068942168,0.06905206378233461
10847,1.2330210848908691,0.11422632748546553
10848,0.42877063654651987,-0.09389930647173791
10849,-0.7130292948397939,-0.1589890303274918
10850,0.34454946197894976,-0.008210182030260235
10851,1.943051748514987,0.540736097500595
10852,0.8467837543733857,0.20173397152972464
10853,-1.3796003407622477,0.1941848443012746
10854,-1.0469600598305167,0.04333244559149628
10855,-1.6988034896207596,0.642850846576768
10856,-0.5847180138426242,0.24940408017013274
10857,2.2428055732882015,0.516754468605977
10858,0.7431830078485175,-0.09991505267761452
10859,-1.3406487844801638,0.2698500259038559
10860,0.6975875145987173,0.361722837672877
10861,1.6193334504747776,0.28734694232885066
10862,-0.44570577796867916,0.05043657884289321
10863,0.18639290587703816,-0.08493467032237566
10864,0.18259792782826229,-0.23357071433754337
10865,0.8219388502470072,-0.12965460449781052
10866,0.7196914776026213,-0.22728203497773233
10867,-0.44779298967749864,0.15090889689305442
10868,0.3503305544574583,-0.2832338575050883
10869,0.04700842820098574,-0.24087834175591086
10870,0.607357025871377,0.16505734350047302
10871,-0.153678650393376,-0.08609111054794821
10872,-0.09228090508846716,-0.2231344323326006
10873,0.37974784191004923,0.0985878633562312
10874,-0.5283232969527989,-0.1487232860993473
10875,0.5920835184126311,-0.07650760376346064
10876,-0.514577437311874,-0.19463337133237474
10877,0.8850036203351153,0.45629243927169433
10878,-3.9140263194927756,2.9960073667972216
10879,0.8079164350107827,0.8994752503758544
10880,-0.3288005740613726,-0.08181972684338254
10881,0.927855594480041,0.03463356017796744
10882,1.9923600817375202,0.5495764561136849
10883,0.5593682556927715,-0.004487199078242236
10884,-0.7494458925386462,0.0314044524838314
10885,-0.6937049970767425,-0.15198834195397715
10886,-0.09610820651291392,-0.1270157303663274
10887,1.9821636785650205,0.13460389340129664
10888,-0.5331345381664655,0.10367555906252637
10889,-0.2077416202416368,-0.2188583379946129
10890,-0.2941403557758749,-0.27627809398826436
10891,-1.312894378229668,0.09415907385656298
10892,0.17886563107326656,-0.18716822881123532
10893,0.9774247202778793,0.026278758534659493
10894,-0.017069447482556396,-0.31769304832896483
10895,0.39631304759646074,-0.18727951051779404
10896,0.3342974513517481,-0.013168472406296495
10897,-0.5629077183338482,-0.06802375511359009
10898,1.4249615700154628,0.7303176751659756
10899,0.3755103188885261,-0.13452066545978766
10900,-0.4269563840494744,-0.29008076089401474
10901,-1.5023300086480287,0.01278317693219583
10902,-0.8342683196722407,0.20380264352072938
10903,1.7424164377002223,0.21668127707649273
10904,0.5964544384630742,-0.29102420578383625
10905,0.20500827600983185,-0.27340175329478106
10906,-0.021397513619360042,-0.31246216324097853
10907,-0.20885954933609566,-0.3036775289984703
10908,-0.07362332936298809,-0.33074214594146756
10909,-0.28073899253190004,-0.32971609912043126
10910,0.4760251141910769,-0.25624316457898066
10911,0.2823640508860858,-0.31198007779189135
10912,0.5426579076910225,-0.34849619132219833
10913,0.4534805321798624,-0.27091232076801075
10914,-0.37153844673347464,-0.3078885366935536
10915,1.2190451827160902,-0.14021400771122902
10916,0.7562099222718219,-0.019594529480775818
10917,-0.21144490387969486,-0.29582345941363014
10918,0.2158599028703825,-0.21041661945200393
10919,-1.0642816247995879,-0.07596047490886863
10920,-0.4523483981954305,-0.16139850293202887
10921,0.271621970250526,-0.3638648315817335
10922,-1.0673085912849558,-0.17422638172638585
10923,-0.8321505568928423,-0.20439069337832722
10924,0.39122204040656017,-0.4131580430792382
10925,0.5634577607430049,-0.22443803493260747
10926,-0.21965953352518766,-0.3486304037802692
10927,-1.045629453927435,0.018062182492538503
10928,0.6316482338783541,-0.2903935611502297
10929,-1.005115363799084,-0.2717011368766256
10930,0.6494326951144863,0.018953924167178785
10931,-0.3661420713654848,-0.2596816251861513
10932,0.08454454026434458,-0.3907446603315176
10933,-0.40365673360729853,-0.2876277185051054
10934,-0.43556457462369763,-0.24720295981099688
10935,0.23804055404602,-0.4003972860530165
10936,0.42240574767306754,-0.3112595463619261
10937,0.149236359978913,-0.3973356115690462
10938,0.32875725907267106,-0.4168446121803869
10939,-0.5418592741465672,-0.2565356705460193
10940,-0.378360867159386,-0.3563217978151083
10941,-0.06281984087004952,-0.3753368006735527
10942,0.10275029879315804,-0.4615478314705329
10943,-0.42231024096936176,-0.3109807110423674
10944,-0.19825965069747556,-0.1043476428123219
10945,-0.964163421285884,-0.07128283594273449
10946,0.4689682876836054,-0.28858219668520485
10947,0.18745957090812723,-0.2841315456601909
10948,0.39857872514078585,-0.3756928955193367
10949,-1.1161589249373245,-0.16438639379815218
10950,-0.042515188301132725,-0.14088552545578858
10951,0.7727550563822532,-0.08210603403234971
10952,-0.4787880126482428,-0.33088886445231835
10953,-0.3876487850354862,-0.37947601679289256
10954,0.7500298907071304,-0.2975987384136213
10955,-0.7823733986838853,-0.2797973729778751
10956,-0.8302540414455444,0.14511719970958994
10957,0.05342131036584346,-0.096471172208754
10958,-0.12190288171279758,-0.24070426616619955
10959,-1.5265183230564314,0.40640016386764627
10960,1.6633604893273104,-0.012319346564825872
10961,0.23471151921807068,-0.27635582897113886
10962,0.33860794632854807,-0.3443322224934915
10963,-1.0320314132999238,-0.22774050430053142
10964,1.5479132415815453,-0.10914367831426253
10965,-0.08719543633854791,-0.2975066320436222
10966,-0.028661007226722796,-0.2777777833411517
10967,0.1613435280495796,-0.2025622009308512
10968,-0.7452503453204017,-0.29923879864899544
10969,-1.7649419543721432,0.5412029492986343
10970,-1.6991875283113356,1.1043402592554983
10971,0.3905585824877612,1.0352168365463184
10972,0.39785625724658014,0.557421320101814
10973,-4.57542346069511,4.834220580224025
10974,-0.20771443565718511,4.284406092185618
10975,0.7773746939930684,1.071557342402796
10976,1.8123142100268645,0.7211238675236507
10977,-0.9471388288977903,0.25852237091814967
10978,0.5917148522435453,-0.12673115103473592
10979,-2.290819010112169,0.44234493589547075
10980,1.297416057455024,0.30065401442828066
10981,1.4596332524483948,-0.04271539025019468
10982,0.5378936826443007,0.27110074970872694
10983,-2.7033969249668703,0.6449194370558363
10984,-0.018371597894116888,-0.15772868600403284
10985,-1.0152594004220703,0.16620385843759178
10986,-1.2616222590326516,0.36967123690354237
10987,-0.6922933207116321,0.4902870971483318
10988,-0.0581682959052389,0.8303057521131034
10989,1.2293229822761609,0.0977796138675496
10990,0.9518782128535669,-0.14093640746923056
10991,0.1817809038478203,0.016264299504044816
10992,0.13637211857007273,-0.26066867843441804
10993,0.01594081578189957,-0.27714028543806224
10994,0.9517521236392342,-0.0695088299273597
10995,-0.4731413525989064,-0.18463046672840347
10996,-0.19709499932558386,-0.2828113897925316
10997,-0.4304327673231395,-0.2798348208805122
10998,-0.3678469756679155,-0.21510522010669686
10999,0.3537077152560686,-0.12076012284213034
11000,-2.0215437729881813,0.4074757002986535
11001,-0.8050665038851681,1.8949919352606932
11002,0.41517030765734186,0.06947753962670242
11003,0.44181586444812904,0.049784010451603425
11004,-3.3257796832863353,2.381265740496607
11005,2.262446462012982,1.1555975018673885
11006,0.9530909522671523,-0.1820592469144497
11007,0.7032998922874784,-0.05471507877067638
11008,1.2010596066185897,-0.06472423788622214
11009,-0.06584498999491203,-0.20224625853578773
11010,-0.14190997304293723,-0.3506331811112303
11011,0.8441640731157863,-0.23389178616239148
11012,-0.2969037019937213,-0.19262661822419053
11013,-0.2847606897712728,-0.3173255592622999
11014,0.16126302462488756,-0.3026178167244767
11015,-0.4894858979837112,-0.21816106770980626
11016,1.6293022197113867,0.330522378736262
11017,0.6203658700162272,-0.10645721943312367
11018,0.35680222913646154,-0.3018131655255967
11019,-0.7111094600090883,-0.04686595566389441
11020,-0.03653200012570834,-0.3181411296845007
11021,-0.16959800068976322,-0.19020433428440725
11022,1.0047004778482735,-0.22564266848669756
11023,-0.49551852352175446,-0.2315793855414941
11024,-0.7162373675566039,-0.3278392618143975
11025,0.886691488880904,-0.179236675532523
11026,-0.30711408364996257,-0.36165535869916704
11027,0.04275294301858366,-0.49986142577610826
11028,1.021455825931181,-0.2865137046715038
11029,-0.8625941220487576,-0.12659655905500725
11030,-1.736793896193238,0.08173988197611418
11031,0.24836615177452298,-0.02411008605708925
11032,-1.764726969334596,-0.12953607650778706
11033,-2.178944445143959,0.2843255494433056
11034,-0.33316280002687815,0.03586505255984316
11035,-1.8403880496620029,0.9431626828899664
11036,-0.24513254806249304,0.05160776880633082
11037,1.134449504311085,0.20510860913663376
11038,-3.7920999473666495,4.853800029209102
11039,1.4670408472387118,1.193684994160096
11040,0.46917480407573214,0.28210794549981566
11041,-3.069608669572723,2.5558703708468142
11042,0.6284980562756396,1.248411509427489
11043,1.5243328384431793,2.328193725818895
11044,1.4243753614564172,0.23496076907948402
11045,0.570792527592916,-0.11685721425224994
11046,0.6441280208260971,0.2299590216218059
11047,1.5518260695993893,1.2000974076658821
11048,-0.9586963008275579,0.07836882495162402
11049,0.4942222251949833,-0.04566010777223929
11050,0.6588388085784112,0.007352294148441003
11051,-0.21141812891905484,-0.018587000765777153
11052,-0.016068769056938985,-0.16150368495690087
11053,0.4475766430356136,-0.12905018209791774
11054,-0.517979799035534,-0.11423500839592543
11055,-0.5196288334630738,-0.07234250760777841
11056,-1.6858682505579006,0.19765841051185012
11057,0.20245299566946193,-0.08645282491019735
11058,1.1658222446387878,0.03214618080322108
11059,1.399462350084159,0.42352803752093215
11060,0.23808776293335007,-0.12325918587833053
11061,0.7527078035842095,-0.317725408722548
11062,-0.3050365951067638,-0.20774937549663103
11063,-0.4353741444511852,-0.16911417290808395
11064,0.2217384696186656,-0.16301468782308295
11065,-1.3878917344189377,0.10538416702518055
11066,0.7036588093139436,-0.04565696563766513
11067,0.28354952048223525,-0.08139405267976439
11068,0.17926782062298327,-0.06203242253667529
11069,-0.42232353079340385,0.2101313242922158
11070,-1.7720281236229152,0.3446987274819101
11071,-0.8225701269718018,0.5152507952680296
11072,1.3317137490579107,0.13483738311126747
11073,4.220117669201936,2.035292635754942
11074,1.9815060715623927,0.8319256112328605
11075,1.2590282905414407,2.013918628501739
11076,-1.132833447798638,1.029002551752043
11077,-0.6952164002337866,0.2140606747209441
11078,0.27972193841495435,-0.1236223990165327
11079,-1.1216062561411908,0.2736175090264112
11080,-1.2295021175559908,0.6190895560659818
11081,-0.9523787512738678,0.47816965905284975
11082,1.197844616658877,0.24338839355214628
11083,2.2595686439537688,0.1767828372227134
11084,0.8079525967949849,0.02466259649430567
11085,0.6260322662017807,-0.2806759720638207
11086,-0.2593814548889955,-0.30627336114901904
11087,0.8600999130638627,0.1809300538974296
11088,0.0007733130422575945,-0.2218445369726227
11089,-0.9582299678957974,-0.09272722976883581
11090,0.3135126259273794,-0.34187462421853476
11091,0.6986627845105693,-0.20791879085721032
11092,-0.5134587673571288,-0.16539586247385796
11093,-0.8793264243402464,-0.14286107789444358
11094,-0.3288579439865052,-0.12323260378988708
11095,0.2675607889469589,-0.29848695682207305
11096,0.1357545570485868,-0.4464561793860512
11097,-0.12036437831900888,-0.38545575029878726
11098,0.38514876703605944,-0.3082080085673853
11099,-1.02545278337027,-0.2639914754495022
11100,-0.6289350656978066,-0.3011999209771422
11101,0.08484846491038248,-0.26874156095545937
11102,-0.6032374168824557,-0.5128090169606665
11103,-0.9363192698631145,-0.17153852210869636
11104,0.948512577215259,-0.20831404064994316
11105,0.5298109667150589,-0.19138643060703567
11106,-0.9577784828008478,-0.20189186028578274
11107,-1.1552173189514139,0.17899143052368427
11108,-0.19317235622758758,-0.0663306891419958
11109,-0.16903357210001302,-0.2164662072975857
11110,0.27263048905469434,-0.31810819760882425
11111,-1.1167986323652732,0.3468996892171535
11112,0.2912942958142151,0.019572380683935596
11113,-0.4423624561837877,0.2498683331508488
11114,-0.6200246913451727,-0.053498281123401846
11115,-0.19707743546705186,0.22494647405481938
11116,0.08037944473280197,0.06311489438158607
11117,0.759962117867439,0.06313791213136329
11118,0.3043006776614567,0.2127433085115443
11119,-0.21096567571073097,-0.047469301386562725
11120,-0.5586926755650832,-0.22622151294729867
11121,-2.820342233436196,0.7748623671152206
11122,-0.9065500884688731,0.9416151251213378
11123,0.8311790591495507,1.177426722656925
11124,-0.9287394988545413,0.40220913746160886
11125,-2.267468408331475,1.9363945204369861
11126,1.1068719586839928,0.7104158460964196
11127,-1.209960645541765,0.6539339001411695
11128,0.8791760806471418,0.17481239307683757
11129,1.5558121645833636,0.41801682132719814
11130,1.6832409119129499,0.43696576694677025
11131,-2.003779982330193,0.37735549532744733
11132,0.921900869052353,-0.02091568320988262
11133,-0.37740895194927077,-0.20292280509592364
11134,-0.5583300382258859,0.062804807320734
11135,-0.4735879095017936,-0.04477670738356495
11136,-0.34029227962149683,-0.05515926227961645
11137,1.4021132707921897,-0.058792331342429775
11138,-0.4218908204811915,-0.12418605077899895
11139,0.5017423040222041,0.5134297603631034
11140,-0.11494878945142914,0.26397549392106356
11141,-1.321392069684628,0.3174376706424352
11142,0.8650207849648003,0.8855748951062766
11143,1.087550941917958,0.21520595355488933
11144,1.0123175045987394,0.6667293051377551
11145,-2.416705107655522,0.5799760538126382
11146,0.664697815387853,0.266612032877629
11147,0.32295324482290755,0.11406111360397213
11148,2.2058175955629373,0.455654943255428
11149,-0.38950793014775004,0.0992480242953184
11150,1.8577448544199089,0.23933763197801647
11151,0.016070016293108665,0.010172718560391734
11152,-0.929123071045497,-0.11958118944367038
11153,1.1492728744744862,-0.12378634727203765
11154,-0.05743667792681693,-0.1953007971810704
11155,0.5255312999950065,-0.14300024420990762
11156,0.7830738368145432,-0.13195533011806843
11157,-0.8889947468286621,0.2338027402180316
11158,0.35874325239398464,-0.23144029481735157
11159,0.5710350980581769,-0.06786844204016895
11160,-1.4267262541234125,-0.0270431204447195
11161,1.0334675423048283,0.19484049533656023
11162,-0.7069844852941563,-0.12857174863381401
11163,-0.1850056698503738,-0.278693732419909
11164,0.07000359863406679,-0.23370759323226323
11165,-1.5762462008682543,0.7455734722369632
11166,1.7917939999709933,0.12714516841431023
11167,-2.0664369770781854,0.1001752860097706
11168,-0.739434341494047,0.44135371580852634
11169,-2.853784979003364,2.1906433088522435
11170,-0.6186553731940715,0.9954250216796318
11171,1.461552770129772,0.451348081956872
11172,0.39501194226244013,-0.0513648593735379
11173,-1.524112700253689,0.12342440414431234
11174,1.5943870580855188,0.026319973874853225
11175,0.5644914910012204,-0.2064516236226147
11176,-0.3861319144977072,-0.04056533621644502
11177,0.36722783433219325,-0.2237746888775079
11178,1.5894477122486323,-0.02884602436061774
11179,0.6538910243499995,-0.13819772900929309
11180,-0.35666258066448525,-0.31913515652311003
11181,0.4559498917090747,-0.3959351019520661
11182,-0.4726787637921757,-0.29706175006085805
11183,0.91562748445957,-0.14535132168978915
11184,-0.24736836452403127,-0.3772941029134634
11185,0.5530412958667256,-0.3895535581362994
11186,-0.21920900253716047,-0.4160772215934163
11187,0.3867570855708254,-0.4094336609499105
11188,-0.3874671962306007,-0.4752818713204439
11189,1.2340441240015407,-0.17768421024404674
11190,-1.0964896425428288,-0.0607964023091858
11191,0.14777072304334535,-0.4672015350115305
11192,0.9801258923063015,-0.2185570833801375
11193,1.2321219984622311,-0.026677118277806108
11194,-0.17666049950046056,-0.07691955609972469
11195,1.1510637563514456,-0.0319008809806905
11196,0.2926683317993806,-0.17650933762022591
11197,-0.5741690821452393,-0.2177223100515755
11198,0.5136620230123125,-0.45716880084644584
11199,-0.0011355644990479598,-0.39066306285124297
11200,0.0807629167494678,-0.33305969227968707
11201,0.47188464026730925,-0.4591495079142911
11202,0.19234138074917337,-0.41367688238585815
11203,-0.3831707976452974,-0.40111171402506224
11204,0.28989456352026327,-0.47717781059420755
11205,0.05746611620032394,-0.4205359050693205
11206,0.6728955883714057,-0.318281331537632
11207,-0.6781768303065313,-0.31994555369538524
11208,0.4229476161672849,-0.38670559977122176
11209,-0.3617478384653523,-0.4493395001076107
11210,-0.09413984403364092,-0.4140989748653372
11211,0.34485742180884954,-0.2951820145377543
11212,-0.5372168592106881,-0.47341198939105383
11213,-0.6442899325301422,-0.34538919142218033
11214,-0.5529320187396881,-0.35652987390795177
11215,0.8647158347574606,-0.3467914396682658
11216,1.0915903600932684,-0.14243612262942934
11217,-0.16537684443925518,-0.16237797692189215
11218,0.1896317844135135,-0.3905265919376215
11219,-0.07956808858446401,-0.3483596244942583
11220,-0.4566648968499938,-0.395166829075169
11221,0.3629369038500021,-0.490236785918052
11222,0.11171412034987399,-0.503282439849109
11223,0.2067637595654319,-0.4617875984391974
11224,-0.2802799429334894,-0.5255965042582559
11225,0.07988037158769226,-0.5208690950378755
11226,-0.21903242518083949,-0.569847807824606
11227,-0.3009818645023145,-0.4561957011680412
11228,0.40614800775590626,-0.4851457080276828
11229,0.018629120635039634,-0.45931021688288437
11230,-0.046911937874448174,-0.5801334305176366
11231,-0.29882075950424924,-0.44051516703328697
11232,-0.034886654605123024,-0.4975229352228069
11233,0.012536345034357722,-0.403206956447855
11234,-0.22511237773790435,-0.4901267876017574
11235,0.3612407265459211,-0.44025860914428144
11236,-0.06624664800003485,-0.5539166636316517
11237,-0.07513523690172433,-0.4478940286700098
11238,-0.16863763876728968,-0.5551548754642345
11239,0.09642722634312657,-0.6494666595143185
11240,0.660815559229864,-0.2860214394668002
11241,-0.15209303058265683,-0.45640685212202875
11242,0.25414440243490743,-0.35186882965942007
11243,0.09383233339318905,-0.3918873141394422
11244,-0.2542568556786975,-0.5284755238531903
11245,0.34906632535168863,-0.49096575520851493
11246,0.20393493893333692,-0.4326273989825104
11247,0.18629496806095414,-0.36267069755593084
11248,0.04067385823041025,-0.35272513081406565
11249,0.7133343975473477,-0.1559938945607483
11250,-0.9863300868361038,-0.27954697724945327
11251,0.26036809421364804,-0.47842906669072927
11252,-0.7657844733897445,-0.23537330673636406
11253,-0.3847455422720555,-0.3047836946531385
11254,0.23801652010994032,-0.49563336399228036
11255,-0.1511773795874806,-0.4787625998144999
11256,0.5883769787837175,-0.37603158666888475
11257,0.20172625583533557,-0.5975556120029624
11258,0.010534241993526398,-0.5418929549480325
11259,0.31711283771773796,-0.4121320249584063
11260,-0.2911115730416423,-0.3872688900398937
11261,0.620359048758775,-0.3177287084259499
11262,-0.4588974627760964,-0.3137278964346963
11263,0.28973297135437437,-0.38919288443525385
11264,-0.44584455052589506,-0.16640831021459318
11265,0.0025620040230233494,-0.44016341538077636
11266,-0.2967472912428512,-0.256913570262024
11267,-0.38127057101269657,-0.3480679931792481
11268,0.11242533379633579,-0.3204058885366907
11269,0.22512820909031056,-0.5238834023026324
11270,0.7663097543078395,-0.3691829346833083
11271,-0.47767961012437865,-0.3031701298114316
11272,0.3016288748485857,-0.32378411082302455
11273,-0.27277205134619337,-0.33815666136324973
11274,-0.13028614221676457,-0.4377657245163386
11275,-0.40200241769325024,-0.45279876371554184
11276,0.16193727103303437,-0.5722073724872697
11277,-0.5416955228949789,-0.40653233093257923
11278,0.2100167311471453,-0.5435974025130441
11279,0.17363473640836724,-0.5273973544708572
11280,-0.11020890091853584,-0.30734843874461687
11281,0.31754839385966516,-0.4270186226315108
11282,0.3230281262807441,-0.5483929690397801
11283,0.12667783915230274,-0.4357135573009113
11284,0.05030438073863403,-0.5355777705117459
11285,0.25719504972208107,-0.47586764000327386
11286,0.3218176625912897,-0.3802991602660731
11287,-0.5762360432959652,-0.477770806413371
11288,-0.48127724064345817,-0.433537839296367
11289,0.47159372055282206,-0.4757857306484885
11290,-0.18432879375744346,-0.5283506097787515
11291,-0.29395340998403513,-0.5106299637390922
11292,0.3703947795710039,-0.5141206719656005
11293,0.12575544951027282,-0.5617273171756912
11294,0.4582183365441593,-0.5401182846026401
11295,0.29899508142376446,-0.3654668118163789
11296,-0.5839778426221172,-0.11689808863443586
11297,-0.19441664264313163,-0.3770931805020129
11298,-0.3417073631960707,-0.47335454867981747
11299,-0.2875351536350783,-0.4407702026565078
11300,0.052914800770776586,-0.5093617675246074
11301,-0.25622249610857323,-0.473508768725954
11302,-0.18808444201548968,-0.39144982983139465
11303,0.07625840398387318,-0.34472792719673584
11304,0.21801809432180544,-0.49812027698233025
11305,-0.08898450758724047,-0.5625888139956311
11306,0.4117771066734411,-0.5618201833865656
11307,0.6479459899962213,-0.39956233645470196
11308,0.2337185523506301,-0.4181767758985127
11309,0.09697546314582244,-0.4425361487154208
11310,-0.3629321304981667,-0.5361848095680055
11311,0.2901909451512938,-0.5201394871168239
11312,-0.2528399267106284,-0.4909212824668549
11313,0.333628871897791,-0.5180014672979874
11314,0.4147158469656876,-0.3303825147223692
11315,-0.6848495200864408,-0.22210848582243148
11316,0.24350967771348603,-0.5013964370886788
11317,0.27051239512318215,-0.5493005825691449
11318,-0.17744038953832453,-0.5954952329171842
11319,-0.058886225716616024,-0.5329673337231314
11320,0.3116985770623413,-0.5407017093307301
11321,0.29009856395317213,-0.5022062449445709
11322,0.08003610998315736,-0.5845306842451337
11323,0.03765477383040966,-0.48774332766405465
11324,0.42980763650867077,-0.296394515056788
11325,-0.16375355140261016,-0.27756748045890184
11326,0.0012199023908213552,-0.46470769785851707
11327,-0.3750922077476965,-0.41605745868972976
11328,-0.23067705073478334,-0.4752011976452712
11329,0.24696213042064258,-0.5413750063983672
11330,-0.5196547681134218,-0.4862456445366567
11331,-0.12633362046824517,-0.4399493737288166
11332,0.008842861536188592,-0.5806938755075861
11333,-0.022892769125283898,-0.5102233234418206
11334,-0.3397008396840224,-0.48262997563764287
11335,-0.1278930572721864,-0.5410683233658165
11336,-0.4178916692907401,-0.38953108470232034
11337,0.17993529126253052,-0.42976656991501117
11338,-0.07784907048647031,-0.4475432217280514
11339,-0.12762114152353185,-0.41702500498985356
11340,-0.17613917829688686,-0.49341872136368586
11341,-0.21716238187145273,-0.38534794665113487
11342,0.009139788091737665,-0.3931168573210272
11343,0.6715504234569807,-0.4507689139843462
11344,0.2637694232974941,-0.4426262572607095
11345,0.8297590874420939,-0.34081682468986685
11346,0.2850453364435693,-0.1626772380694339
11347,0.13865153581289244,-0.32125156548528183
11348,-0.09194763753173944,-0.3199717775114188
11349,-0.6311019754340798,-0.3118330983501075
11350,-0.40294625850503524,-0.39424799068968447
11351,0.43669965971627966,-0.32516411204295526
11352,-0.7517972414757488,-0.39778573360079017
11353,-0.2968839679963386,-0.3515268107191889
11354,0.8950965445347809,-0.13933533927387146
11355,0.06809445312953626,-0.42136709307127096
11356,0.08680138788199439,-0.46510131103714963
11357,-0.4554764232952992,-0.4341014261903714
11358,-0.10604125479315413,-0.4328466463084385
11359,0.32183069052025737,-0.4572164152058088
11360,0.21178296534142602,-0.3318350184491505
11361,-0.48616883874981826,-0.4448277452714178
11362,0.1493695814998139,-0.2652515881166837
11363,-0.4614489969512876,-0.30551180708432163
11364,0.5215418965722568,-0.3505912007331125
11365,0.1884850999115853,-0.4104472392922211
11366,0.4853228273622278,-0.37992963997424456
11367,1.8826640636110636,0.574684572086881
11368,0.6218975273108027,0.4195198903870829
11369,-0.4924542225117142,0.6662189049753966
11370,-1.0444523998342021,0.24945709780311262
11371,-0.19928057279589736,-0.25050249088512894
11372,0.5356763050049378,-0.23413697958066848
11373,-0.15199723301867044,-0.40558054076718975
11374,0.4833159009880271,-0.19750060417864906
11375,0.5051607314868046,-0.20511372876891967
11376,0.034777813222521235,-0.31136641394744025
11377,-0.38746334065277266,-0.4661063828245374
11378,0.10415193367556588,-0.23367377130066658
11379,-0.18041301376356092,-0.41205369428901917
11380,-0.30308269753710165,-0.4770377411696336
11381,0.05930594962660765,-0.516542849412278
11382,-0.047800030729692584,-0.48286973533456023
11383,0.5751967018031411,-0.30745767275161073
11384,0.04283128945908853,-0.567227412770949
11385,-0.5447276934748009,-0.46948297766735325
11386,-0.2926966524905098,-0.35566477398406526
11387,-0.39307818848556964,-0.3710301160070833
11388,0.8547318995192399,-0.41886140181619075
11389,-0.0987829830741339,-0.38451595995220994
11390,1.135147678125328,-0.34966796558812496
11391,2.533838372386764,0.8158046538848999
11392,-0.3769982587410919,-0.2142453630187809
11393,0.3002169920806873,-0.32408659635920667
11394,-0.9304914144159591,-0.25615843142899025
11395,-1.0685925719924463,-0.006809872578389499
11396,0.7158941908381204,-0.2588815553244621
11397,-0.07325092616684978,-0.47730587679775993
11398,0.34061140782794336,-0.32960375769102174
11399,0.2140561810824533,-0.32107013800859563
11400,1.1776633880515268,0.7672993595749066
11401,-1.2491917854203791,0.09182823275897053
11402,-0.28392697846473636,-0.2747013278667483
11403,-0.42126800077611837,-0.1532466955808584
11404,0.17680793880484927,-0.26136365507316894
11405,-1.2251012713258298,-0.13953601586358627
11406,0.3881177112383289,-0.20393660496545224
11407,0.672858056461839,-0.2960579870687801
11408,1.2759014871910068,-0.24553576965801394
11409,0.7358932370896307,0.4404368290515381
11410,-0.3426559138009316,-0.18126208054145243
11411,-0.2749288453707166,-0.30982736933096083
11412,-0.2385250790194319,-0.2683554275718046
11413,0.16468626034774364,-0.113789324112368
11414,0.35367114684000833,-0.4070571616063437
11415,-0.3556611730385361,-0.33803612544715117
11416,0.03231078963168677,-0.3000315365077758
11417,0.68548800084888,-0.23433380221845282
11418,-0.23092397509437013,-0.345444757700833
11419,0.3519503163076922,-0.32690958951759164
11420,0.4411565115439522,0.08562468092712539
11421,0.5001340033045618,-0.06761203957803125
11422,0.33382599090930354,0.05790768339320136
11423,0.03419242367793603,-0.16906885347731915
11424,-0.7414682325892371,-0.09186778319168577
11425,-0.09475316645419753,-0.2889348303355368
11426,0.20461292862580385,-0.33325612566108187
11427,-2.0482605405187795,0.3259916500704412
11428,1.0737194077822367,0.14384959599318767
11429,-0.5578952391886444,-0.09107810838347848
11430,0.12347689270554692,-0.39839009071627585
11431,-0.32057505324889235,-0.23931971961276102
11432,0.3680151043246765,-0.3500849737870673
11433,-0.7352263915323104,-0.2025957636400986
11434,0.5236331273472258,-0.32928032696481174
11435,-0.6589324288261235,-0.19983732163084433
11436,0.18723344229626412,-0.33763342487178816
11437,-0.4821582451692668,-0.22965896513207154
11438,0.7905676083326484,-0.27276740538746624
11439,-0.879870475626206,-0.18880774332968644
11440,0.6820675439635505,-0.3862753869003434
11441,-0.9776321831649414,-0.07660973361635341
11442,0.32613525898449275,-0.3619611923187531
11443,-0.5262303906480633,-0.3537595059668653
11444,-0.30056517766423646,-0.20312889414847193
11445,0.6601250266633457,0.008099367902200009
11446,0.5449226841743243,-0.3375290592531351
11447,-0.10869171094046845,-0.2824415850355194
11448,0.46971086301607406,-0.28609229315445
11449,0.22061373895349518,-0.2944309906338308
11450,-0.8070845317124241,-0.13842723434412646
11451,-0.9238181947025291,-0.04786866820177012
11452,-0.879236153249061,0.29359184884796
11453,0.12106690740085148,0.4303399006765973
11454,-0.6378073625147797,0.25161984971485357
11455,-0.24942311691495772,0.10981620671813963
11456,-2.30424828384131,1.9118665560690327
11457,1.0175605984951848,0.5919557751419571
11458,-1.1596311143942832,0.09994282744729338
11459,0.9967193092608699,-0.17187866133077745
11460,0.727208228247848,-0.07190571493288896
11461,-0.8304317116044095,-0.24239059445503142
11462,-0.330181119482161,-0.07130921914610498
11463,-0.43146014853519693,-0.12860650828210538
11464,0.7198611898507291,-0.1772263133462101
11465,0.44470996323576795,0.06777367663957352
11466,-0.8950781318943593,-0.23704162696750486
11467,-0.6297347231982473,-0.3602808679466093
11468,0.8428189006502176,0.28665316910416205
11469,-0.9345768688000431,-0.18654742923257978
11470,-0.43283700780448825,-0.2590108716605639
11471,-0.3388805824396934,0.21267297638218888
11472,-1.1265653549304462,0.21845181382295303
11473,0.787399888474238,0.13054494286761428
11474,-0.21125741731344927,-0.3577670899514668
11475,1.2740076633331474,0.1952886758475329
11476,-0.06481204846513122,-0.36190345388669487
11477,-1.6941212679480948,0.13648242529482393
11478,1.0238770555954957,-0.10597808514012286
11479,-1.3977698853547267,-0.0456091506282423
11480,-1.3935889679362705,0.27644278408777545
11481,0.6998594276498046,-0.19405722164696595
11482,0.431948872718079,-0.3592040290615667
11483,0.20034300301909055,-0.3162216895001601
11484,-0.2568882399101781,-0.18868374879848954
11485,1.3247735642582632,-0.1469313829694178
11486,-1.1922522510976599,-0.18315978770657895
11487,0.05377436957544423,-0.16711182241571915
11488,-0.2925436908797397,-0.4061563121564886
11489,-1.2982874362209575,0.33805981735126983
11490,0.3867513200508148,-0.3232502122536538
11491,0.16508660657135954,-0.2947071948692406
11492,-0.27349883143288073,-0.22064254253551813
11493,0.057781849281494865,-0.3615265885378171
11494,0.35246549938402455,-0.3055712800945175
11495,1.414941419824231,-0.23098958883118026
11496,-0.18047114140322915,0.07489629888941957
11497,-2.4593114829974643,0.9108935172985719
11498,1.6358449621928992,-0.11100787181997908
11499,0.19913934988401863,-0.40548971876936796
11500,0.8257227840961814,-0.3109658777426384
11501,-0.4240527982383651,-0.3727636987532233
11502,-1.7436421335433445,-0.2336903039602829
11503,0.4850410679774318,-0.2062954510254537
11504,-0.2841060750783847,-0.038477848171283614
11505,-0.1658162675070298,-0.24709029475880123
11506,-0.0950269860062312,-0.21509850068041192
11507,2.2918564053032138,0.004073750475519188
11508,-0.3373568958998736,-0.3267959163366096
11509,1.027870259084254,-0.05950667475065337
11510,0.5795711644961903,-0.12845026097300777
11511,0.5080866508988198,-0.1308412930845385
11512,-0.4426970505904575,-0.35226522871742816
11513,-0.605847610142906,-0.3739839461869762
11514,-0.2554895251945344,-0.3847979818430135
11515,0.3828565867009532,-0.40052420930641436
11516,0.37418295937017176,-0.4140800286085893
11517,0.6325015975215137,-0.27359611505628917
11518,0.47596743124339247,-0.31221087684828824
11519,-0.00589107812911581,-0.33682606232940093
11520,0.3764239209394483,-0.2025192046932651
11521,0.44448110612006375,-0.3005360491798093
11522,-0.5399718432056619,-0.09694358384413441
11523,0.21186444903727802,-0.23863223090443994
11524,-0.09524473386915747,-0.35379945858250955
11525,0.6443632745016298,-0.019221608555056367
11526,-0.1262260112382449,0.10322038786453461
11527,0.051591688221966844,-0.3213204405628529
11528,-0.759225443031189,-0.3631633761491005
11529,0.5172446795532246,-0.38460761957876555
11530,-0.37158332659437915,-0.35913734638924083
11531,-0.6638196321965872,-0.2892565122401432
11532,0.5610964964469264,-0.2883031207108395
11533,-0.21569280602550442,-0.4636298164593983
11534,-0.2579385833289484,-0.39367569208330033
11535,-1.0950120248650228,-0.027804259457200647
11536,0.26783924507728785,-0.2520085002571492
11537,-0.7361375001092078,-0.28834505113568
11538,-1.060499295235226,-0.06657053284740018
11539,0.8330210566187543,-0.15384761566126504
11540,0.43513618682228744,-0.43286640339227395
11541,-0.260052135597049,-0.36910402466632464
11542,0.4259168109783263,-0.5229713417237025
11543,-0.18513092691494457,-0.286398756490685
11544,1.8890869419904024,0.05877240893704834
11545,0.5107277716115259,-0.20141327651304655
11546,-0.6274953330307672,-0.370458148138747
11547,-0.13297903441133616,-0.3515861491747588
11548,0.350994529523294,-0.24048585797382152
11549,-0.8694192139677098,-0.24318043037895548
11550,-1.3617448671807113,0.1172994699134646
11551,-1.6901918721760583,0.8418643595717414
11552,0.97174595522441,-0.09471097973087235
11553,-0.4699276994867776,-0.29230005001917625
11554,-1.4883113916646507,0.8183170028237551
11555,-0.101451640193086,0.13651437993107557
11556,-0.9560073828503634,0.052415351422602334
11557,0.11876378205392767,0.22336069621405788
11558,0.19643844181442907,-0.14929737885617886
11559,-0.47368751217406063,-0.02528075057479632
11560,-0.5150104119540674,-0.025363979607499323
11561,0.23188284128303605,0.5574180077392565
11562,1.0187418877895618,-0.10705158941674942
11563,1.0429928926237277,0.021337426127570964
11564,0.41860057074610757,-0.16410291461281523
11565,-0.8569932555476238,-0.21031141018498956
11566,0.6484542940404115,-0.4087776785447592
11567,-0.48331679221329366,-0.3152515100416731
11568,0.48021911606146456,-0.4031178795629918
11569,-0.4126393612649827,-0.3098637196229547
11570,-0.2256232155982573,-0.4869556212667008
11571,0.26034073126721036,-0.4036016473948792
11572,-1.3807674424334304,0.23749999247083659
11573,0.43069775917763087,-0.4209270953063053
11574,-0.29121107188427375,-0.4233542498464115
11575,-1.3514905199853464,0.01002667786520798
11576,1.0290557860993388,0.053733146610341925
11577,-0.8647561197196433,-0.21280377316691304
11578,0.6151892288392736,-0.3356166859726113
11579,-0.08936564835922886,-0.3500088373142255
11580,-0.23233761893738547,-0.3959142009398449
11581,0.033334814376436095,-0.383299045305348
11582,1.4980634258087213,-0.07383276313660532
11583,-1.116783950378377,-0.1752021595213387
11584,0.8695303401030491,-0.4124499026544528
11585,-0.04291952233636602,-0.5064218755702613
11586,0.5971487567191219,-0.4737712749046702
11587,-0.161691914986236,-0.5248443983651304
11588,0.3308677762118168,-0.4314646787612597
11589,-0.5145186528569907,-0.3663836981341926
11590,0.5343558918398003,-0.419830976806025
11591,-0.1887444277800796,-0.47510738327963054
11592,-0.859354664550017,-0.4291522918155463
11593,-0.37296967875024983,-0.2940910479849627
11594,0.7456917998553585,-0.24120090155534507
11595,-0.12732806886124848,-0.45549590032769105
11596,-0.773547635043706,-0.16702213886660064
11597,2.4496004164037286,0.19314810562728055
11598,0.030342620802253098,-0.35873230539018647
11599,0.9294140402959404,-0.3815702901685837
11600,-0.6221242663473967,-0.36572009738926853
11601,0.29035579715136794,-0.4194363134885842
11602,-0.2853703947571088,-0.44869294101207274
11603,-0.07643929893620972,-0.477877282198165
11604,0.19609090469825388,-0.5068234928748651
11605,0.22475545226077565,-0.518436021309765
11606,-0.36819160148822844,-0.41466994905807736
11607,0.27853469243379253,-0.5493898037937969
11608,-0.42889596379903205,-0.5557409120730887
11609,-0.7831645029301882,-0.2747410497250041
11610,-0.27898851284241677,-0.5195545864912853
11611,-1.1315560138883123,-0.34151324497158975
11612,1.4313884707718496,-0.27085179920351965
11613,-0.09653214656963482,-0.5583553370033749
11614,0.3901665477625397,-0.4549104861936713
11615,0.1598077806366122,-0.5056891084195619
11616,0.2657076401617592,-0.48682187022887946
11617,0.3099088768706727,-0.44278805937268045
11618,0.035393241689376354,-0.4958514345273248
11619,-0.4750043292031451,-0.3902500854530328
11620,0.2100509297804174,-0.4563629903820537
11621,-0.8152300534503935,-0.33532660014688226
11622,-0.20037402516807729,-0.492851459558206
11623,-0.6348527131937736,-0.35301200253809045
11624,0.6622024435252216,-0.3073393101019338
11625,0.9235454381216829,-0.2573375351189742
11626,-0.401630845087479,-0.3992334090793217
11627,-0.6726466445381523,-0.2969870992989444
11628,-0.5362022927203495,-0.26169640558269164
11629,-0.9746608121289717,0.0031901036334614275
11630,0.45541705569406826,-0.3382623409737785
11631,0.6874704486487868,-0.18540772348523127
11632,0.14442306902616028,-0.4153297932199501
11633,-0.06990437675003373,-0.32601552421502694
11634,-1.6489369978869448,0.3331306338732748
11635,0.33153117340121463,-0.4047985234930897
11636,-1.7533357063317137,0.3113939409447631
11637,-0.16517997164233247,-0.16503296858334118
11638,-0.23553921595183533,0.47449919457449724
11639,-0.3554814650203755,-0.11530774161142768
11640,1.430920830654862,0.5914906153326193
11641,-0.9835713860867022,0.19997815028154406
11642,0.5641041145512674,-0.1334108379745765
11643,-0.3221183436452154,0.07487239701092355
11644,-0.6001128074612081,0.05422915194048018
11645,1.1023042622661263,0.13686379262108345
11646,0.5221272165082776,-0.08598449175250442
11647,0.514058618584777,-0.2275850848349053
11648,0.11309860173132569,0.08275971373299701
11649,1.2690450579807027,0.07174324229612085
11650,2.4835364949340493,1.0968024742984204
11651,-1.5670670018136599,0.6322949369812161
11652,-0.44113517480706943,-0.02693529810489453
11653,0.2578180962914185,-0.27071908696832264
11654,0.006714189603623825,-0.05545294273104562
11655,-0.04559443488087519,-0.21612115020247433
11656,-0.09036594627643267,0.033373899052134025
11657,-0.3326749883702266,-0.17618881415587714
11658,-0.09219751094020874,-0.41293169892178694
11659,-0.13382292051521796,-0.38241674847802687
11660,0.1164950816946428,-0.3224674018629441
11661,0.4145284097513335,-0.41202649371933936
11662,0.14480382281007026,-0.29200824036139694
11663,-0.24249178176249941,0.2348719430349305
11664,0.11009558751454582,-0.1813212136896258
11665,-1.342805947992951,0.1548800553199905
11666,-3.605828276466081,3.1204431336394887
11667,-1.8103020793375635,4.678721318551719
11668,1.2283205868462705,1.1229376824866242
11669,1.4626335618421118,0.9049066242721038
11670,1.304102895892221,0.23510935610126366
11671,1.624815792665846,-0.0028669149980379287
11672,-0.8174419405178385,-0.18706945380504494
11673,-0.2867567314963285,-0.3467990886021362
11674,-0.03024758753905979,-0.4627696800503905
11675,0.060124476607152345,-0.4428151467350909
11676,-1.016177595129309,-0.34787944477793176
11677,-0.4803144552047374,-0.33407837641655336
11678,1.5205330345547905,-0.25839024164408547
11679,0.06885241078464815,-0.36446020404528534
11680,-0.5273842301627036,-0.3894613419275775
11681,0.4257393205737543,-0.4356801077154218
11682,0.35759048046624653,-0.5611836188713343
11683,0.8759537593138838,-0.17066206472226758
11684,0.5806908244085421,-0.3995321175053605
11685,0.5851402606901255,-0.32747759043474073
11686,-0.02007522671435201,-0.394917857339912
11687,0.018940967325142027,-0.44105410113887866
11688,0.8179848099131228,-0.35728357074661576
11689,1.1959152832724693,-0.012442781196722513
11690,0.17410834363780864,-0.05449928101623346
11691,-0.1585453948319025,-0.4354956451523752
11692,0.1432650153886759,-0.3186867775934945
11693,-0.2348152587414072,-0.3429170734273576
11694,-0.33135485255733493,-0.37685302890251243
11695,0.1431484198813769,-0.44804783655248526
11696,0.04371794331521582,-0.5558052268692004
11697,0.9177818044874698,-0.2882892616796631
11698,-0.059993988849033,-0.37183032804319127
11699,-0.03382231808975019,-0.3698063680159184
11700,0.13722373250831654,-0.4237367144473196
11701,0.2916994690169892,-0.45779910832201987
11702,-0.02425239526968802,-0.2588380816670658
11703,-0.1389263284874054,-0.4302766627122199
11704,-0.3682422169135625,-0.46062497601507973
11705,0.7156930867528196,-0.46250184311838405
11706,0.22171449478068153,-0.37811578390650785
11707,-0.2404050775919893,-0.4021227352700632
11708,0.27896107469274123,-0.5035409915264898
11709,-0.04092600271594119,-0.5626248782418212
11710,-0.23347401052212471,-0.46294938406888675
11711,-0.3758239726985779,-0.4901208806440288
11712,0.47248995656501225,-0.29055018403473654
11713,0.46215758831259357,-0.4305434399125478
11714,0.5679859131104739,-0.32987001961772344
11715,-0.08989359089315332,-0.3337442897710593
11716,0.19670511208042438,-0.36286931275627193
11717,-0.2169544147672958,-0.35680926565862536
11718,0.014819452578994427,-0.5230443906504677
11719,0.14947777002931512,-0.39455782539519174
11720,0.21509861465134178,-0.3388606589607618
11721,0.6584218221526369,-0.27669135558449337
11722,-0.4127764437575308,-0.41233441373526003
11723,-0.16411306983199792,-0.40161181905702614
11724,0.1818120258880564,-0.5383581172806069
11725,0.059986701572316954,-0.45662396679617
11726,0.43664482436560154,-0.2689080268683072
11727,-0.38516101812353115,-0.25238512567914834
11728,-0.3230598077334026,-0.3866478902387778
11729,0.35527042310299733,-0.3972482198390585
11730,-0.439061664734998,-0.43636353455413435
11731,0.01950713902524244,-0.30718413307103937
11732,-0.7631201905187519,-0.15921906263037916
11733,-0.021519084194949085,-0.4247853407157277
11734,-0.08515596208493845,-0.34567531948322505
11735,-0.2655377085961329,-0.4359105151464172
11736,0.25591668476592744,-0.31141588709232415
11737,-0.9290295959037023,-0.264434353130781
11738,0.5399136275921844,-0.2750707342135004
11739,-1.8569402902523175,0.18847451349837147
11740,-0.4140042697693767,0.04710756242009998
11741,-0.046693869772371326,0.28344299506735465
11742,0.8470232140354897,-0.022098646232015424
11743,-0.7457788113587798,-0.15524580469592475
11744,-1.8168621209929312,0.4583701227431107
11745,0.12124696652717515,0.03368050446856824
11746,-0.33113028659874294,-0.16078023177477468
11747,0.5318303986694081,-0.046391438015656705
11748,0.9580589179661461,-0.1092077412347965
11749,0.8299275114384033,-0.17419709277648324
11750,0.06011374432370594,-0.2991503310918229
11751,0.349227717876619,-0.2730038820033699
11752,0.6612808343657032,-0.2721629566886911
11753,1.3232762550108146,0.37709511031370796
11754,-0.3460208339002606,-0.26508051639625413
11755,-1.2764221852787874,-0.1287043870936147
11756,-1.2479330792294678,-0.01457860115064533
11757,0.2736040158346361,-0.30487840834264485
11758,-1.1117401773417404,0.13491857897769693
11759,-1.0595771888398027,0.1487784942470129
11760,1.5147326484104964,-0.11443354362846174
11761,0.1823663303188886,-0.3655524139309909
11762,-0.6276318319898692,-0.34500886825963284
11763,-1.6258222438897896,0.16380617515483228
11764,-0.16828194947995326,-0.2675228067435572
11765,-0.33712128051153606,-0.04553758829830618
11766,-0.4128072663761622,-0.07325474774133009
11767,-0.5897155398620548,0.35459958997967617
11768,0.4746459090071475,-0.1935994834446982
11769,-0.40530811992457066,-0.2476122936702668
11770,-0.17394452400183744,-0.39353416633209337
11771,-0.1947584230397367,-0.21418600781454217
11772,0.657384025518763,-0.3663456008870751
11773,-0.15054243653010657,-0.3715275558911474
11774,-0.6341288717640506,0.11954086975098009
11775,-0.9176731825158081,0.019648867819465336
11776,-0.12056398177847584,-0.30061900001323905
11777,-0.7092057253096653,0.009651081999240703
11778,-0.24851871590902347,-0.3457456051146253
11779,1.3816100020750042,0.1636720994549738
11780,-1.1602515645081282,-0.2747507990074638
11781,-0.801086203312359,0.3735581535115517
11782,0.02387726763147404,-0.3250285654364071
11783,-1.8101989902108795,0.8447695548843945
11784,1.2563980535783184,0.47444859795127614
11785,-1.1254910000782745,0.28921730007060636
11786,0.7311024839310863,4.833773771809966
11787,-2.768932848542198,1.6768635308216273
11788,1.7799228285140558,0.6353495804923417
11789,0.5185612761287672,0.029044284572469877
11790,0.007692823818842396,-0.13403980592428263
11791,1.7822102607999124,0.14678776452989528
11792,-0.20667420841327888,-0.08059012218304919
11793,0.8074857184457773,-0.09379991427524016
11794,0.33048414661339615,-0.36268625160277457
11795,-0.6191908888199341,-0.12723450696438568
11796,1.17373501759964,-0.11496633309162697
11797,-0.6638201667356161,-0.28317779539668986
11798,-0.5893802562446186,-0.2710034156589268
11799,-0.9443246283085623,-0.04316547701935983
11800,-0.30435450891673743,-0.13973928838742053
11801,0.2860403871841619,-0.41858687667635686
11802,-0.17754549131251937,-0.46008888717491997
11803,0.6936147942004298,-0.3412808320485324
11804,-1.2824784853175673,-0.054695895862167464
11805,-0.3096966140172614,-0.17138866056201396
11806,-0.0326197541979527,-0.2736518564960987
11807,-0.7642496580142858,-0.1753113470526695
11808,-0.6185091166833151,-0.08004188193759733
11809,-0.46296273509963537,-0.08294731732325851
11810,1.4725381284148165,-0.08324746991628926
11811,-0.4775858186661531,0.054561391772323276
11812,-0.615363432239874,-0.048773068534577135
11813,0.42437164597229554,-0.059980458825891134
11814,0.44354750600227427,-0.11354196051414177
11815,-2.432079838770002,1.412104137061876
11816,-0.261660460854425,0.38459722810576075
11817,1.2923793487139112,0.5579254351756379
11818,-0.4586022738305855,-0.2820095382558935
11819,0.9246518764977826,0.32983534181018476
11820,1.0243211235065437,-0.10681748246566253
11821,-0.05945994861152943,-0.289779506560797
11822,-1.3488573914063724,-0.18493786292347764
11823,0.9793672630852212,-0.3557244244610197
11824,-0.34456214400157886,-0.3506312783565717
11825,0.40836832641462273,-0.22664773782499315
11826,-0.4620157634207418,-0.36084283830530955
11827,0.008317624701051038,-0.42688205057050443
11828,-0.1015518449552262,-0.3243907666406147
11829,0.9571648090863467,-0.14420344876866387
11830,0.9233579328093774,-0.17820380409303743
11831,0.6644353188635042,-0.10621285071361068
11832,-0.42089925261405425,-0.24433876831379545
11833,1.5247589787679963,0.9548244922826351
11834,-0.7824898407426911,-0.012224496356905253
11835,0.41854884861957603,0.014677855719604692
11836,-0.8619521903002454,-0.08468141570594202
11837,-2.7088486144859667,0.6294594533923811
11838,-2.109320951573125,1.2202442780771026
11839,3.12147076566004,1.686239855895895
11840,3.0610593871231973,1.173460296416079
11841,-0.9314878141918107,0.20305319398962102
11842,0.5783557191828945,0.10811609957794073
11843,-1.477040753055802,-0.049410498711901035
11844,-1.0022618948572408,0.26763120617073966
11845,1.8334366419969652,0.010831561190104748
11846,0.08527873295783087,-0.3251558518667595
11847,1.0520352851333985,-0.272837887222009
11848,0.07264362198230288,-0.3722842063482122
11849,-0.8190375802412242,0.06455945910645415
11850,-2.105917363418786,0.33110017038401474
11851,-1.2838601377679508,0.14444995941441355
11852,0.7440377205677967,-0.3039881335808913
11853,-0.6968685919806844,0.06400516684178702
11854,-0.08376413681665239,-0.3276939005859869
11855,-0.5154408719445608,0.14963245105775874
11856,0.7000095780155182,0.31001422367892945
11857,0.43068060233116673,-0.2695497254350549
11858,-1.0741852228943087,0.02965721982831947
11859,0.03919182590468146,-0.2660033179670302
11860,-0.12698417050611138,0.15798175523541397
11861,0.19862843691387974,-0.05540792180656986
11862,0.5085221888232434,-0.05567151905290313
11863,-1.711019752706085,0.6279362667766909
11864,0.4772984333117528,-0.003373313786622189
11865,-0.36817141882000537,-0.21237552731275341
11866,1.7227152895260176,0.16482073595558192
11867,0.9090218409793345,-0.12597704862912606
11868,-0.03743900819158171,-0.3056071927997118
11869,-0.19145007249995005,-0.43163973443073217
11870,-0.5996800912298919,-0.5176356866287842
11871,-2.049003595231801,0.16177099050178942
11872,-1.3538631783648691,0.32250712743162535
11873,-0.7474020054841709,2.1973283675642015
11874,0.460509620422346,0.4085672784254659
11875,1.5122658736751553,0.21153581966869636
11876,0.8152152885213897,-0.16564651422931606
11877,0.21754647143339712,-0.3183113444888142
11878,-0.20078872934795697,-0.4270931381687218
11879,-0.08056150243443597,-0.06231247371955042
11880,1.2374215226733731,-0.1572206042961428
11881,0.23153742310326972,-0.1421118796878626
11882,1.0479522361450033,0.11223804859739406
11883,-0.23000597487913144,-0.3908872971148217
11884,-0.8746375040900843,-0.38332957078099905
11885,0.46823352006639435,-0.530047117453245
11886,0.40718072848718495,-0.4776960753513334
11887,0.21035928788758093,-0.46755838557808244
11888,-0.2415977633234397,-0.5092646206003216
11889,0.04626640415580147,-0.6177353506748927
11890,-0.029367268663009528,-0.563010417425183
11891,0.2826919302673899,-0.5320903666160838
11892,-0.09777804766025118,-0.5039697624857119
11893,0.07911031162384406,-0.5751821133131757
11894,0.11974053627331781,-0.5137737377079402
11895,-0.05501083799537928,-0.519845802599714
11896,0.6455035155499538,-0.41365548624125814
11897,0.6308855318429902,-0.37217438400590686
11898,0.08428020882553956,-0.370652085392519
11899,-0.5789291488665798,-0.43550844062930505
11900,0.44078685017925684,-0.4270217061139446
11901,-0.35106083577426883,-0.5338668970745779
11902,-0.13331501746263405,-0.5139714676100859
11903,-0.5667420646646109,-0.41101969049698533
11904,-2.160082093941864,0.6690968021659679
11905,-0.5402771114731413,0.2221314372173203
11906,0.6823868999360783,-0.24051199303249
11907,-0.511945300561911,-0.21397673364045103
11908,2.137381936537741,0.13545573306834316
11909,0.45438133860647195,-0.31590208510754175
11910,0.7465102646446702,-0.359783747372902
11911,-0.14353127151004483,-0.40990592054690506
11912,-0.6169639705803627,-0.441003504936089
11913,-0.4679428195917224,-0.2581698070644838
11914,-0.46164491934807983,-0.4208128016468454
11915,0.6197408273478208,-0.44041425410672563
11916,-0.5278311036650806,-0.43489742378065377
11917,-0.49795658211189214,-0.42796480587145247
11918,0.6706134717872341,-0.45764538844836533
11919,-0.9295882150204681,-0.3328646759452855
11920,0.32222032520671295,-0.2734092234495851
11921,-0.7242776174504892,-0.2194893459235139
11922,0.7561588436901169,-0.4262704427978575
11923,-0.6589362801736695,-0.4146506174029121
11924,2.7940875204468214,0.00884289269929875
11925,-0.3343981951319783,-0.34397384585810686
11926,-0.24578045552512526,-0.47895840656474775
11927,-0.2923342376963015,-0.531596870736232
11928,-0.1487830701108806,-0.5360877560379008
11929,-0.596856365996195,-0.46743679233279783
11930,0.8332338096188417,-0.18736785248478227
11931,-0.9280308107879094,-0.4010737463853434
11932,-0.008186823324533982,-0.5091148112743383
11933,0.5171523123318165,-0.34450995833517545
11934,0.4457694241265994,-0.32167414024421487
11935,-0.8363312177996866,-0.37407659756270456
11936,-0.5545118616305741,-0.2936249419595755
11937,-1.3602802014234037,0.2872708309481432
11938,0.12217367668575857,-0.10610223636951377
11939,0.7292359130417356,-0.32415133073564967
11940,-0.051121174769444784,-0.36043787475929434
11941,-1.0934124988159952,-0.06087755717490943
11942,-0.9340260064248763,0.4568493271984014
11943,0.2080380725571659,0.006364180500802342
11944,0.1096396890325475,-0.295284598466959
11945,1.1263356495120502,0.37176219065712873
11946,0.0022145291359302035,-0.22089249409139883
11947,0.9211841632536865,-0.22202971858752787
11948,0.02936392663227531,-0.463028440656537
11949,-1.4362523929770412,-0.2584946436706799
11950,-2.0573896844532773,0.5974423719735084
11951,-0.9410000362134052,0.13868154355512796
11952,-0.6741943059027624,0.6042917235877926
11953,0.1418711769133339,-0.04514957695999757
11954,-0.41000188150261896,0.4204886643157607
11955,-0.036383919273548025,0.26990359543287035
11956,2.84766790402483,0.3057939659263228
11957,0.10282722710212801,-0.022090932710710096
11958,-1.931271055189662,0.049386748731846605
11959,1.0186964351411947,-0.2904335529257004
11960,0.25831827189677564,-0.3819984833933015
11961,-0.4210162952918868,-0.36094534795703487
11962,1.2998863369002498,0.017262771560410745
11963,-1.1589376715325226,-0.1184891290466518
11964,-0.0955585648877012,-0.46520100524738656
11965,0.7491684361925838,-0.306476800722808
11966,0.1261506198902843,-0.4968973647759065
11967,-0.002908621085486892,-0.4778696247140674
11968,-1.308495342997562,-0.16870311217801476
11969,1.4858769399324834,-0.20021875356127677
11970,0.1266308984624424,-0.3455857755172463
11971,-1.4774550867327905,-0.1593652852999342
11972,-1.5666756810844766,0.2349584544541579
11973,2.410104123658541,0.057817068708381145
11974,-0.4571463480105295,-0.3981747299221486
11975,0.3284034344465831,-0.1892440051029728
11976,-1.3680910205509733,-0.021299884211744197
11977,1.7136456556433812,0.5594779994796231
11978,1.3087255117157943,0.1199978094634768
11979,0.10864111808519629,-0.21381652239097973
11980,0.6053348609869758,-0.3383895967478315
11981,0.0521376775154499,-0.43096688996881544
11982,-0.4157876735851957,-0.4105289051421362
11983,1.189869391091781,-0.12984870649688607
11984,-0.4253768206018562,-0.3444146971005365
11985,0.6182738924314756,-0.3052410874800794
11986,0.2981194135067847,-0.45684366987769615
11987,-0.27739996530486216,-0.42935140457601195
11988,0.05609919279871593,-0.5443204553354027
11989,0.5915353717968398,-0.2818463488899471
11990,-0.3197213699857232,-0.5135592363492559
11991,-0.5985779240499267,-0.3434502546512428
11992,0.506859967354679,-0.49269375531383675
11993,-0.48964666055796047,-0.4408840082393145
11994,0.38213961212181463,-0.5064490509053057
11995,0.10558734025757256,-0.4076394386055414
11996,0.48589885901580127,-0.566324300791461
11997,-0.3599344831997592,-0.4938664847900742
11998,0.24499657468982397,-0.5974123012547442
11999,-0.38271215554400195,-0.5261975244368506
12000,0.2173126482391201,-0.557320645635026
12001,0.015372552367702186,-0.5169379999085221
12002,0.2688152401059539,-0.4147283027217149
12003,0.48993258845108906,-0.40767719621994714
12004,0.14364992798562368,-0.3788506314079519
12005,-0.0029530960496510893,-0.3512030084369857
12006,-0.021341291356358493,-0.4689181729060265
12007,0.5106007785030494,-0.35239896550416633
12008,-0.46458519617782557,-0.3091776771430988
12009,-0.20681676797803952,-0.4929502776686115
12010,0.4233066681157774,-0.32068014768018505
12011,-0.3582644730020475,-0.4526803506811828
12012,0.08853365123705452,-0.557747870596341
12013,0.10468069181496717,-0.43630100978119546
12014,0.18525277203283957,-0.531833269785233
12015,0.5834377368004844,-0.3731144551373985
12016,-0.17339182122497987,-0.3499074099108216
12017,0.17841238565602288,-0.4821688821992325
12018,0.10201101402437565,-0.46134023498446847
12019,1.7125980892763737,0.09512309798862903
12020,-1.2750922947880374,-0.04714544934430508
12021,-0.41111558001867055,-0.23535427973194373
12022,-0.16943854078795859,-0.4443064538035035
12023,-0.3723319411346227,-0.3320854638095499
12024,0.1809783169057716,-0.4375609597255699
12025,0.7877671504642134,-0.2857677638720124
12026,0.008829610584460534,-0.49822080543483704
12027,0.21040708969369143,-0.3977325494794685
12028,-0.7369892820725127,-0.3318062695191116
12029,-0.049291553990839294,-0.49965158751006916
12030,0.20747730101452663,-0.4977167259281613
12031,-0.5653326717304616,-0.3176635434548568
12032,-0.5962883198744838,-0.17204074264329375
12033,0.7578923891318727,-0.19089510692569103
12034,0.05768776924868773,-0.4362965342942213
12035,-0.20646104695936368,-0.4168613146528068
12036,0.4937672568806571,-0.3609866192053608
12037,0.29831328623334585,-0.37697516134954084
12038,0.062236711666710805,-0.5269801321682048
12039,-0.7070222317924163,-0.27747985692602034
12040,0.27090110664552275,-0.4490039122433038
12041,0.5562806473646559,-0.4429387718156806
12042,0.4106262705842527,-0.44305965626225097
12043,0.24610014993061463,-0.30715087410437086
12044,-0.7008290554630712,-0.27840970624238653
12045,-0.17261126900800802,-0.4425660116477375
12046,0.5893144718649836,-0.4144496652285179
12047,-0.35728826295211474,-0.4531827161487508
12048,0.3651523464975211,-0.33129628192069427
12049,-0.16001035608588624,-0.42446068100437645
12050,0.6021283306615802,-0.24814354149384463
12051,-0.2828141183873718,-0.46358301134859886
12052,0.7286841016814489,-0.29523918300861945
12053,-0.44939300772473834,-0.32319203884878095
12054,-0.2440063377648083,-0.4820636539262575
12055,-0.4759834582037228,-0.4341522739084885
12056,-0.025001444063071736,-0.5374251046265259
12057,0.49091615737043864,-0.4857806397433557
12058,0.01623675296533029,-0.5531226146897906
12059,0.26022070767176564,-0.39699305883082847
12060,0.055959195186222215,-0.4767083750178418
12061,-0.2764045479225424,-0.4947950091267436
12062,0.3801895482690521,-0.5515486833443803
12063,-0.8522578517219849,-0.22565495050436085
12064,-0.2153668827894448,-0.4299164273230678
12065,0.561696526378516,-0.47300372382337263
12066,0.12769575081792167,-0.5770084144061368
12067,0.5926229269844137,-0.31620547290670625
12068,-0.35293836752774144,-0.32583269333662346
12069,-0.27371697684711843,-0.4499005436968873
12070,-0.018213684334026346,-0.5305110378288564
12071,-0.0960234635594883,-0.31923861984406754
12072,1.3876903160637133,0.060890966383333966
12073,1.4133406149206578,-0.10030468607550554
12074,1.053090272462462,0.20613985183444253
12075,-0.6332107036234121,-0.1301146542833608
12076,0.05320251686939198,-0.2540939797356501
12077,-0.4124616879974089,-0.3310917347990769
12078,-0.4818900389503916,-0.4365557129474518
12079,-0.775948259265148,-0.36232411084423227
12080,1.029491964562989,-0.24500636050333346
12081,-0.34739068903332787,-0.4390404897710478
12082,1.182691358945611,-0.3270154009890274
12083,-0.5485325020601167,-0.39113854320973757
12084,-0.21693045888723303,-0.4241921516325981
12085,0.06608238343912833,-0.5588139300006524
12086,-0.23032658178377782,-0.6129402954662705
12087,0.11478930455486697,-0.43213728077065405
12088,-0.0057244968130734505,-0.53208029463937
12089,-0.7839447780282003,-0.2888306080739132
12090,0.14476410312489646,-0.505565458318863
12091,-0.25392331465188295,-0.4374130659635695
12092,-0.24672565546348885,-0.4200727007109292
12093,-0.12912601396659604,-0.5495636334187431
12094,0.7873543576310329,-0.43797436209748497
12095,-0.5606319699661819,-0.432023960029086
12096,0.08328271264963329,-0.49801721477501615
12097,0.38439900649856107,-0.44033756268154706
12098,0.18883152107163517,-0.45206043289906933
12099,0.19009519901761845,-0.3398774700199777
12100,-0.02249483286466426,-0.48074230665159057
12101,0.6291061430983239,-0.30079573824180994
12102,0.07281424291687051,-0.32054820812680357
12103,0.21799221421892323,-0.18424581878127033
12104,-0.5130549420387138,-0.3175618829668239
12105,0.24904015795098816,-0.24404301841741913
12106,-0.04055207804001933,-0.3641159318648067
12107,-0.05162736006920464,-0.3191427878091333
12108,0.39308669652341893,-0.26401676621599374
12109,-0.39300496765420967,-0.41830238568776107
12110,-0.6317945022604813,-0.337175446298859
12111,0.5327929601002149,-0.367523553751623
12112,-0.20379798672012456,-0.3428179801656101
12113,-0.2519791559265536,-0.44723214581055676
12114,-0.13525370886373078,-0.5111669475160069
12115,-0.1130504485451403,-0.46939841743601296
12116,-0.015385888704578413,-0.4447921965815256
12117,0.12413034052638826,-0.4632358460427094
12118,0.10716844280530056,-0.4321851943082117
12119,0.27808099389617497,-0.42572023320676167
12120,-0.2503508589457545,-0.5075128902790449
12121,0.014417479806991266,-0.48929083365124315
12122,0.5622539854469404,-0.4303908678257962
12123,-0.1588906190251244,-0.3289473507559781
12124,-0.4330301947205581,-0.46966336560253164
12125,2.8618477869828074,0.4650275403013526
12126,0.5523752574525239,0.3200838703116617
12127,0.9272601681920348,0.6679348958696905
12128,0.5546385185914984,0.3785609946574071
12129,-1.7478498205066035,0.22099277714612156
12130,-0.6359412975673313,0.1956748099129504
12131,0.8701571686392532,-0.23081291552154284
12132,-0.37812487994346394,-0.3018609567027979
12133,-0.6068492024674805,-0.23738688165519442
12134,0.3317750007365686,-0.2793445694955477
12135,1.0344751099732576,-0.10963907553025569
12136,-0.06266834153963237,-0.11223438688757807
12137,0.8693514250829689,-0.1721556268045573
12138,0.5577987246660612,-0.21333381776346835
12139,1.3475069351703897,0.196102412161385
12140,-0.8397729459558883,-0.1576561474788648
12141,-0.9470736878545639,-0.1827625896118658
12142,-0.2757229530725104,-0.34180382280829885
12143,-0.6314101284243986,-0.3166079911907011
12144,0.4158011270322308,-0.4014048476837358
12145,-0.8321863460671673,-0.32099773341281473
12146,-0.1083707073933103,-0.44730421693907635
12147,-0.14019126708136567,-0.4477253305794756
12148,-0.31751463448986844,-0.5335512571466758
12149,-0.5505976801386345,-0.4211742373962567
12150,0.21738486913499672,-0.5503531874705649
12151,0.07933826008241038,-0.49544111087737597
12152,0.2666575843679902,-0.570802233748742
12153,1.0975006860674201,-0.26525993488648764
12154,-0.5522736192358242,-0.40086225517064916
12155,0.842573848977324,-0.3600650626154643
12156,0.13772826446275768,-0.3632788298093104
12157,0.8570213314160635,-0.2775249119063879
12158,-0.38346210206645964,-0.3408354771127659
12159,0.5018525523347184,-0.26265706640362285
12160,-0.29221502437405955,-0.4884498479784848
12161,0.09646502215780742,-0.4413391755171592
12162,0.9921775678800344,-0.2808856868530046
12163,0.1337654448845795,-0.4117105964811196
12164,-0.2697987413527953,-0.5359628036329964
12165,-0.13065397651065092,-0.43678029674841573
12166,-0.18449855327742937,-0.4314567083847164
12167,-0.36754057247927946,-0.3947283067212748
12168,-0.19728184206391702,-0.3937017207074761
12169,0.15162596085085717,-0.4403744906570757
12170,-0.16348500460734347,-0.32672181749341234
12171,-0.11734128697723047,-0.37897424583852884
12172,-0.039541157020545996,-0.32518425197147705
12173,-0.2822670713786334,-0.4881097043698125
12174,-0.7785861264399037,-0.3109968561004892
12175,-0.049033220508300786,-0.38207009317364293
12176,-0.1048751985764596,-0.5598495940353673
12177,0.21806498738163518,-0.44403161673252023
12178,0.6173224580191408,-0.4957328380841352
12179,-1.2799288933374295,-0.27442268646736906
12180,-0.4182698543513129,-0.34938828914393716
12181,-0.2638183035797061,-0.4372540440956507
12182,-0.1563671119786906,-0.4556655426493797
12183,0.668750956180692,-0.39570817457665824
12184,-0.5888201464345486,-0.39046518986677925
12185,-0.25536668724063893,-0.39706402661421
12186,0.17745822950258677,-0.5663785048733512
12187,0.3218723205854135,-0.5121225730748772
12188,0.06884267143342024,-0.5912182608667029
12189,-0.3872355514413887,-0.5317625788700573
12190,0.7055245692037261,-0.3361648600716876
12191,0.18005418723977956,-0.47183543819339513
12192,0.19412912025508322,-0.46877223239504145
12193,-0.49985834608985924,-0.5033506519539288
12194,-0.8295239293697143,-0.2580595258067503
12195,-0.006057527143044116,-0.3599111053531465
12196,-0.6016765179547015,-0.35933510794861495
12197,-1.0360588705606588,0.4888703760555326
12198,-0.19354117187814354,-0.09116331825853305
12199,0.003267435019683254,-0.2403075746020929
12200,1.1320239488830561,-0.20484943878669043
12201,-0.20247206483293234,-0.35506995564952487
12202,0.10025115574591689,-0.5253824245561761
12203,0.6214690520031235,-0.39708378904032443
12204,0.2622318887951222,-0.34264002808763794
12205,0.7872326527910156,-0.24983626433463768
12206,0.43979596272426835,-0.3456355029468037
12207,-0.15660217308389435,-0.44153940903509425
12208,1.4144252164694149,-0.044255782056444454
12209,0.3901969932133119,-0.20833158678297814
12210,-0.31905967715871913,-0.44587464522374953
12211,0.09638321179630929,-0.4342810240363437
12212,0.3369453101002024,-0.37927600754795765
12213,0.084422361433554,-0.4209104506820005
12214,-0.39761091612346755,-0.46204256037867164
12215,0.10449507191619324,-0.39205770663919487
12216,-1.5452687693154232,0.07735815222005128
12217,-2.0359418894059322,0.5759182110812121
12218,-0.22900431459639595,-0.21163589257288748
12219,0.12836701349856702,-0.23087307391946515
12220,0.4492070058346296,-0.35346237612882286
12221,-0.17349963395157078,-0.15314183966048106
12222,0.6045541829998002,-0.27155270971930046
12223,-2.4357871152221495,0.7185887097373028
12224,-2.09869413422535,1.3498481711895052
12225,-0.7237828573726323,0.7052747448653242
12226,0.5828715076589013,0.40445641645618213
12227,0.8065364295195655,0.049845209751803767
12228,-0.7129987923159286,0.0007222221832251024
12229,-0.9320794841636103,-0.01965419459182482
12230,0.30677022253498176,-0.2293242867413789
12231,0.7819806048146479,-0.2291501300509746
12232,0.3710099537482698,-0.30513325764268134
12233,-0.781742609160665,-0.07275909046471674
12234,0.2925300142496118,-0.44625744258616457
12235,0.2613134248690675,-0.5112824300227812
12236,0.5269054308878924,-0.4527591463344734
12237,-0.22442447872515037,-0.408928703478355
12238,0.9480155692755214,-0.34284470374736353
12239,-0.7472554272036717,-0.4556764396073175
12240,-0.2441810301026212,-0.5144278161665059
12241,-0.42592488974402765,-0.44273482311489454
12242,0.76339221852678,-0.34212008562844826
12243,-0.252765847122591,-0.4692596327263298
12244,-0.2010104145098486,-0.5520413798854378
12245,-0.31234181713250514,-0.5384096659299366
12246,-0.2936341508006776,-0.35117363825807835
12247,0.764667689956582,-0.4137329740064195
12248,0.7758619099223563,-0.4783336345364465
12249,-1.2367868574272798,-0.4781159822422863
12250,-0.22904144565583515,-0.4622144903038862
12251,0.08988870552828795,-0.488960874266229
12252,0.7046763296776072,-0.5151877094368318
12253,-0.4068290485724722,-0.5956195324420612
12254,-0.6746376593696145,-0.3935830846887343
12255,0.6168706214185046,-0.14030926752105435
12256,0.3818689976135415,-0.5379687063909846
12257,0.3553160814657803,-0.4705009774014247
12258,0.23532664730699837,-0.5350280006961571
12259,0.5792272718753164,-0.31717208721861284
12260,-0.007370672342844491,-0.47506644188858227
12261,0.2673065456683496,-0.5286544954823984
12262,-0.22169152748007798,-0.5313385464880978
12263,-0.4270425641403004,-0.330146091756064
12264,-0.09046905412901254,-0.5099772137061123
12265,-0.17125261157857438,-0.55766052934811
12266,-0.9632087130672379,-0.2467997626114722
12267,0.1287129275957818,-0.4111293906099096
12268,-1.2911087450430219,-0.3031422680110623
12269,0.6986811221858351,-0.3790624188958358
12270,0.39743301128138586,-0.44382738496960755
12271,-0.8000533150358489,-0.46624954807275154
12272,0.6267601573071655,-0.4511876368943978
12273,0.10971814364042864,-0.6377855719257991
12274,-0.31251257375566516,-0.569604919085163
12275,-0.2952500769865946,-0.588835473813589
12276,-0.8923643187462915,-0.059958175640449037
12277,0.5153822193453801,-0.5119081624782047
12278,-0.2770591699303855,-0.559640488874299
12279,-0.5011137155738722,-0.4244801717513541
12280,0.5804392755715819,-0.484334430914971
12281,-0.07100981808269047,-0.5338347840309094
12282,0.21785481694760614,-0.4856670015480528
12283,2.3957312945907385,-0.2164751413540784
12284,0.24209587371805674,-0.14797052223753057
12285,1.284153116134217,0.02676071117879836
12286,-0.5809981590390737,-0.2923577412612699
12287,-0.6622593213825198,-0.46811128894053644
12288,-0.1598619945293011,-0.5096925519758948
12289,0.6566166671028033,-0.45953194582940315
12290,0.08723654642899874,-0.5211361626992176
12291,0.6513624690428654,-0.4569331456565858
12292,0.38016384194736447,-0.44378261522572243
12293,-0.5104693121432294,-0.37968539753222263
12294,0.1821475561452984,-0.5463929571487823
12295,-0.5602301798156637,-0.327703805004195
12296,-0.004609371514353351,-0.4061201255924221
12297,-1.2878993227131534,-0.27186461028289965
12298,0.516261237618694,-0.43147509006570317
12299,0.8192974414515422,-0.40508726191045735
12300,0.12829761088548036,-0.3927897781614908
12301,-0.5008376162766109,-0.4222001095569832
12302,0.4404210384421766,-0.5208567251959785
12303,-0.13516204166135812,-0.558372438085027
12304,-0.4058753338373381,-0.3151916026960641
12305,0.5400938404941849,-0.5161662518374814
12306,-0.2754411576211374,-0.43294612741431426
12307,0.5178535292671805,-0.3542921024465436
12308,0.349403724793882,-0.5414194437929228
12309,-0.09292460676408511,-0.5854586798097788
12310,-0.41153181196865507,-0.5996885585679937
12311,-1.1511663705473787,-0.21787294344300806
12312,0.4077559011487488,-0.3005939841562595
12313,0.06193730049145824,-0.5007001594148438
12314,-0.44375250829804275,-0.42248627793479565
12315,0.5666924352519154,-0.48710319316091405
12316,-0.020155265136752705,-0.44210180907076163
12317,0.49338668621406095,0.026585634994502415
12318,0.2002663990655785,-0.10026608778043154
12319,0.5204541898533697,-0.05955651527195292
12320,-0.5657753176799721,-0.05409859448472867
12321,1.101369301721887,-0.20340236427366332
12322,1.9281984739144704,0.3492319332031178
12323,-0.5678653602623502,0.32625063011406447
12324,-0.12354633688349875,-0.32135405747823576
12325,0.5571195489241905,0.03108617823908363
12326,1.5173982739092542,0.5038168697284333
12327,-0.8372935786352869,0.15100484549964924
12328,-0.32018133106964936,-0.289512064789748
12329,-0.5986521301772737,-0.2806457216424255
12330,0.4414069931345409,-0.4839550326024787
12331,-0.10694194483311939,-0.4665682816687839
12332,0.9487575885960485,-0.4104650687893125
12333,0.5952416105835778,-0.47147070687515064
12334,0.39012653537095027,-0.3888778774574528
12335,0.8418415888608678,-0.18496416422792078
12336,-0.9110862561178985,-0.23785033106629133
12337,-0.17464757828204908,-0.3855915749778158
12338,-0.034916322532416826,-0.410483186692861
12339,0.05339382329246374,-0.4541946243181786
12340,-0.0667974852209722,-0.5263027317947755
12341,-0.4453557957596979,-0.5669625790468572
12342,0.2629985848226046,-0.432696782529182
12343,-0.2854958552061649,-0.5841969129558096
12344,-0.202411955200846,-0.6357530908596234
12345,-0.3758067464058369,-0.4811911067790626
12346,0.05922713885478539,-0.5301699029057922
12347,0.4212236924543972,-0.49039016627154225
12348,-0.1778400547886944,-0.5908900848055821
12349,-0.7524526920012408,-0.37076829127652156
12350,0.5371813122394239,-0.5724434654532851
12351,0.18805351367853496,-0.43985548649149653
12352,-0.020037627303481385,-0.5643229972290059
12353,-0.19754206500701788,-0.5631626280217873
12354,0.2066876168819898,-0.6382059487460824
12355,-0.146912590202809,-0.5990070804197384
12356,-0.18288469844162483,-0.560141741487193
12357,0.0805068338346945,-0.6321285487437049
12358,-0.08342471942309902,-0.5829589192404748
12359,-0.22009921855463008,-0.45069906894682377
12360,0.12827272263833328,-0.5766106987077114
12361,0.0724786088000822,-0.5322010092132025
12362,-0.08964959504925792,-0.5770005884869605
12363,0.09321616643171045,-0.5185878407264811
12364,0.8565597131302028,-0.27640376577003656
12365,-0.4533759119948556,-0.44733369218919894
12366,-1.2320985895641698,-0.1912546963761978
12367,0.2823934996505,-0.37907128057240924
12368,-0.14775428457829712,-0.5671576376733721
12369,-0.7046483330788056,-0.43164269251282117
12370,-0.010109731022649804,-0.4662683967701178
12371,-0.218600778140878,-0.5362536907922945
12372,0.004383362609619797,-0.5407623482866044
12373,0.24297945070077573,-0.5756622856962053
12374,-0.20916436246002057,-0.5559654267969428
12375,0.24606862774983787,-0.53720092753976
12376,0.360168525954647,-0.5622626625305343
12377,-0.39369360332514536,-0.5254943625085869
12378,-0.1292547141057224,-0.5108333196763902
12379,-0.09638601853767804,-0.5740498738298863
12380,0.4994404013257382,-0.5228671491422682
12381,0.05522714942898523,-0.47413279470236225
12382,0.7399306476638352,-0.2677069710697488
12383,0.6084431398558008,-0.13021292096815387
12384,-0.4391327215603894,-0.3142972873466583
12385,0.14800949523797247,-0.3106142310500094
12386,-0.21343156612319808,-0.17359438463522936
12387,0.47683893688523943,-0.32382895294598285
12388,0.12235121194223429,-0.37107773372621894
12389,-0.32293082986672816,-0.3894669984716131
12390,0.1907297460875835,-0.3900696607145309
12391,0.363414051434541,-0.39361116547292246
12392,0.4424982003505407,-0.35608832969692616
12393,-0.4560573535833117,-0.402975159983221
12394,-0.2584454073388939,-0.5015015110768876
12395,-0.26492237951125397,-0.42082893989064135
12396,0.5434065990161933,-0.42324422931479966
12397,-0.06776250480263617,-0.6044621349646789
12398,0.21866025695411673,-0.4734350287208411
12399,2.908638580374245,0.8964036353744034
12400,0.9916603756672089,0.46758976361639865
12401,1.4218370009740648,1.0443733145676655
12402,0.16728392336745534,0.3817710324963905
12403,0.32210238416321874,-0.10191456291822924
12404,0.6922226315432373,0.15077794831375174
12405,-0.26229876977615574,0.11532110022916779
12406,-0.2175017348898284,0.08602779321922588
12407,-0.6207284875360917,0.11621772859610431
12408,0.005760208728373864,-0.11692405562908617
12409,-0.19732143906804092,-0.1030131202549951
12410,0.3262364286030062,-0.17859035869169895
12411,-0.21655885200784417,-0.18164374231941097
12412,0.13230817675885567,-0.2035605298633637
12413,0.38565680435225363,-0.06130513706311777
12414,-0.21233746862788694,-0.24799306682642153
12415,-1.5100584422181413,0.1306484438560803
12416,0.03518278263963915,-0.20118145162034598
12417,-0.09459165134467341,-0.11769584389996585
12418,-0.2844669224731802,-0.22352941353086267
12419,-0.054308750794994164,-0.3207961164336691
12420,0.6790290619956351,-0.36716272877046624
12421,0.6124541993227332,-0.28192484182276795
12422,-0.1710938084631158,-0.3950499856266198
12423,-0.1958971031357927,-0.41586542260756854
12424,0.14238675279262306,-0.3692264301746015
12425,-1.9397628866530536,0.019826775490362852
12426,0.15561948678333212,0.507207792386539
12427,0.25704041086074975,-0.2396534290385704
12428,-0.08452973517334307,-0.332316398386527
12429,0.46919705951227386,-0.3283438105399694
12430,0.3146102454953315,-0.4740987102678891
12431,-0.7854244241792898,-0.3645441806524386
12432,0.6098769705037074,-0.4983411614630793
12433,-0.3992745161693122,-0.5127815880471707
12434,0.9195769256141167,-0.4166050717720351
12435,0.020481079080730887,-0.5082253399672636
12436,0.31485027885640277,-0.590557710390407
12437,1.0967599182487753,-0.08085107546697622
12438,1.0390587229263741,0.7033291492061521
12439,-0.134757575345316,-0.2628559572320667
12440,0.6322422405628663,-0.35754281300731455
12441,-0.07162231219920134,-0.317816731341043
12442,-0.17184317194387885,-0.12889370076776197
12443,0.10910085052808771,-0.345226683698958
12444,0.6558762598610068,-0.27979625442325484
12445,-0.45907115151348715,-0.10338535378100508
12446,0.1656333338621382,-0.24403492410220973
12447,0.7857328029670393,-0.24292012138533048
12448,0.18793290669350032,-0.27475347898422064
12449,0.029783617545300792,-0.27320518472015687
12450,1.1513770267316459,0.33421963139754385
12451,-0.8597923477019835,-0.13131276097027886
12452,0.03811638586926407,-0.3177629821729308
12453,0.5568655167625357,-0.38652328693240645
12454,0.30590902992267544,-0.25286286656737916
12455,-0.08495258708778554,0.11715210432106818
12456,-0.8203734734992032,0.7704273782897375
12457,1.2821486088730603,0.5095596243184634
12458,-1.2038196989959862,0.01817527161322007
12459,0.3351205062369937,0.5765559541180741
12460,-0.8487749714999018,0.3813991411675665
12461,-0.4264286770766934,-0.1809454869435024
12462,0.30549248403986223,-0.32236670623066505
12463,-0.11618224231458706,-0.32116439514957995
12464,-0.48468227761184546,-0.33603605640520134
12465,0.3358973698274866,-0.46705343681277633
12466,0.09569122735553348,-0.3249329612052082
12467,0.4332685815773239,-0.46099604728029475
12468,0.9210521337726959,0.19111214126881187
12469,-0.7731656201888437,-0.1806484314300221
12470,0.13041479535363754,-0.4491996838541909
12471,-0.2561930809365982,-0.20078905321970358
12472,0.10460654076023371,-0.4099426163865258
12473,0.01712552452901342,-0.3212312525185999
12474,-0.3035849905567654,-0.30806461955640096
12475,-0.3377532319812893,-0.33406523129288035
12476,-0.13662611047022258,-0.36151399219090236
12477,-0.10221383222853771,-0.47857814598658044
12478,-0.21684045232586824,-0.5041551841012879
12479,0.3798606642411915,-0.3947754003297095
12480,0.40573759554032085,-0.4649044976842176
12481,0.33053990854215576,-0.4389813404225819
12482,0.4554728888193499,-0.4528321740452732
12483,-0.35679016689088355,-0.3370217080064583
12484,0.8630548910634925,-0.15284288403671745
12485,-0.1109206149310244,-0.2118850962331361
12486,0.3814260489860181,-0.2089707740084949
12487,0.5951543074860562,-0.2209785413212347
12488,-1.0978761875404264,-0.2437216725668674
12489,-0.6310371666535651,-0.19087338158115283
12490,0.10712737406101519,-0.32424787155022977
12491,-0.23604123939164623,-0.3833582907535291
12492,-0.28643361840902637,-0.3560897853883707
12493,0.0688718528439036,-0.4003484043710767
12494,0.7005028222790324,-0.37967647808304916
12495,-0.11072739825673343,-0.2749761258181682
12496,-0.40059733838789824,-0.4907077347371574
12497,0.13128377755155984,-0.3721810355874737
12498,0.2099763201187252,-0.4186350626317476
12499,0.61074528891858,-0.3073408232123027
12500,-0.07578016202106423,-0.2973138740388233
12501,0.2808861393070493,-0.4473796718995995
12502,0.2177859175666957,-0.4656588227431978
12503,-1.3761680491175452,-0.037307921501132144
12504,-0.008872028524455074,-0.33601961761671717
12505,-0.1419533966043999,-0.3515292091502961
12506,-0.37394078727738106,-0.38362717278239195
12507,0.285619983224961,-0.40557932506207545
12508,0.7131865993426568,-0.40387475402923884
12509,0.6559768456976314,-0.1000505196334224
12510,1.6479077794472086,0.5972795852540945
12511,-0.863946648789986,0.9362230451896405
12512,-0.2869120039958597,0.04932850222363515
12513,-1.3692273683230858,0.07314699101657667
12514,0.10545357639623358,-0.07532387674010618
12515,-1.2689551640079013,0.1339046725962594
12516,0.06512213993767184,-0.27078457600255784
12517,-1.7979514766837534,0.40490416548757335
12518,1.2268806180190406,-0.04290003596904806
12519,0.06731384796212389,-0.15008792540354057
12520,0.16326054047735758,-0.38152676022000354
12521,-0.1321553221620174,-0.4609835739173772
12522,0.5608875346185966,-0.4420752429809834
12523,0.9306536097575095,-0.29989587727531203
12524,0.44614773114216566,-0.28198843996389056
12525,1.430213141626979,0.17181257076113232
12526,0.7603286932471912,-0.25863354237309893
12527,-0.013707828491116677,-0.3048252502940122
12528,-0.4568311320434272,-0.1514897193514402
12529,-0.6688897226970664,0.3132099500099548
12530,0.06331407509782724,-0.31493671533743756
12531,0.07451752067225996,-0.4004411533148422
12532,0.2857173055366996,-0.36701174295670175
12533,-0.14159402864061651,-0.5317272913378892
12534,1.046956034606302,-0.029600621017597254
12535,-0.4549605793954237,-0.18941368998156305
12536,0.05667601768592328,-0.4505755421998617
12537,0.5500232420109399,-0.46199916480437137
12538,0.42234133936835655,-0.443594463223955
12539,-0.11323775342446979,-0.36084072614386475
12540,-0.2980157817687622,-0.44641339093789995
12541,0.4128516634920782,-0.47917511040295196
12542,-0.13219092922304435,-0.5835929885371296
12543,0.20173378921855023,-0.4063931545773819
12544,0.34455500712534703,-0.5078161713360427
12545,-0.37068662721025525,-0.36291534485677446
12546,-0.03288346126705344,-0.5830244284904401
12547,0.1615690252982039,-0.5350162981977306
12548,-0.2821115396205912,-0.49098221241750617
12549,-0.4407820831315388,-0.39803012287573153
12550,-0.05667368366518415,-0.5215853792348873
12551,0.5053671699908716,-0.43594324714840205
12552,-0.015889902449746154,-0.5510049432665616
12553,-0.378205117354665,-0.5307086680037788
12554,0.035159347420020505,-0.4723308075258236
12555,0.1630495964999652,-0.5353804796606415
12556,-0.05202856400896158,-0.5926178597545706
12557,0.6319544692276028,-0.3450713837869165
12558,0.05121256061185738,-0.3791245655203253
12559,-0.31240563407712835,-0.4226075077230386
12560,0.1575686783396903,-0.5412890212215964
12561,-0.1762712704124394,-0.4193130327536479
12562,-0.17814756325599046,-0.5922441203227908
12563,0.13458865400029632,-0.39122939080548863
12564,0.0576040102819806,-0.4421165819607605
12565,-0.15626672315312465,-0.5238905350866174
12566,-0.14398682376791114,-0.42116006568683323
12567,0.4400778559313021,-0.517054248415235
12568,-0.18106527304239953,-0.4602860834284336
12569,0.3420907857136192,-0.22573664902145618
12570,0.34672902777818737,-0.4461682109094268
12571,1.3014594884585862,0.4287604031561363
12572,1.6255959850843438,0.3218692452474274
12573,-0.47924335821356173,0.16558784186529169
12574,-0.16203596036776424,-0.14654125411762792
12575,-0.8541618503943893,-0.07723730523524466
12576,0.022210895234142616,-0.14285042027344
12577,-0.41407455955562716,-0.1506707641128893
12578,0.19746437632042768,-0.3735208385200039
12579,0.6977819814191312,-0.3000652791493371
12580,0.2232450885385189,-0.38083124073160923
12581,-0.12271349904301228,-0.4367716472794019
12582,0.27290598033838903,-0.46216906223812826
12583,-0.10393009643539255,-0.4297743509108568
12584,0.5669464547865628,-0.3229883548659736
12585,0.7471740349366119,-0.2607605778744198
12586,-0.6962090918594732,-0.16779863647488838
12587,0.9160450121776932,-0.31026873306187436
12588,-0.3315347017791961,-0.2961871239634235
12589,0.06563709667209157,-0.35326027645894814
12590,0.4758077157569175,-0.14087798639000979
12591,0.9961781823715494,-0.10138256315114583
12592,-0.3092177657740087,-0.0618248449703861
12593,-0.3851580194715848,-0.03975132034709417
12594,-0.29572060534689315,-0.2606340458265234
12595,-0.7288949481575233,-0.10089313219882769
12596,0.42807993798493604,-0.4011810292195787
12597,-0.39974448661327844,-0.15521323031262985
12598,-0.30633176501762455,-0.3649970027152057
12599,0.8520999865965935,-0.21032314727772575
12600,0.6178392004037481,-0.001468967507748979
12601,-0.5036470845292403,-0.16344131330678596
12602,0.5083990663351898,-0.2713461232733081
12603,-1.2185076726742565,0.09535463869537919
12604,0.4201703343674087,-0.2526077267385941
12605,-0.3840359957018674,-0.2889506567525397
12606,-0.8548256672511562,-0.1067050125558449
12607,0.6068344281668905,0.035022673428329355
12608,0.11582114801492022,-0.3403721311021424
12609,-0.3365950109469591,-0.2854640806776432
12610,0.4472209165458702,-0.34625651638051796
12611,-0.35006903040931003,-0.25081012372469713
12612,-0.6183645537189564,-0.08260719764788271
12613,-0.01473029562724932,-0.3514266549334094
12614,0.21431970091729916,-0.46040137789842883
12615,0.6469480427316208,-0.29718748660312944
12616,-0.2766259418056797,-0.35010554113387493
12617,-0.14111208306720993,-0.36222691622995246
12618,-0.4784117472437248,-0.3266341774638477
12619,0.8190507144457417,-0.2712984601750774
12620,0.19103087411285027,-0.3217980614676204
12621,0.18162144261749985,-0.2596460805345896
12622,-0.14190552808312673,-0.30260740720808754
12623,-0.3531151577581486,-0.3655060887965052
12624,0.45943473573651566,-0.42003804538710743
12625,-0.29992786367541785,-0.3295934244823204
12626,0.3298711446676197,-0.40604564109547336
12627,0.40816643296904254,-0.27968062755366035
12628,-0.3258950981564716,-0.3872789508890315
12629,-0.3129028019065904,-0.3472350025675191
12630,-0.31961331292144374,-0.36894360974604556
12631,-0.09696725877170684,-0.14455657687257517
12632,0.6935342282749412,-0.15068970802425316
12633,0.490985354696431,-0.03011921011073666
12634,-0.14758405605562586,-0.323345965019494
12635,-0.27243909637509556,-0.32051910860367455
12636,-1.4475950416205503,-0.07396818833310073
12637,0.08624120132352993,-0.22865110935005106
12638,0.3472221021743716,-0.506616751605105
12639,0.16582753694854474,-0.4498090191070092
12640,0.6799020887709407,-0.25120931801093266
12641,-0.85535378396761,-0.10496193738889414
12642,-0.6615765042610396,-0.11768324514173217
12643,-0.3052546105265785,-0.3217832526853837
12644,0.009622895317517045,-0.5214854768361056
12645,0.6027660364755155,-0.37782740589934505
12646,-0.18536345851397742,-0.46252095513150154
12647,0.6193435388795776,-0.3304332297163321
12648,0.1889954536812011,-0.4065559659107319
12649,0.5090820376678,-0.37988120788938023
12650,0.578131189789375,-0.21458572328166975
12651,-0.863783310407782,-0.17292387181579982
12652,0.38257181337638685,-0.377250786613139
12653,0.4466457948292409,-0.3144708869105174
12654,0.021569835799846556,-0.38682369291653546
12655,-0.06369169684114812,-0.330963285161391
12656,0.3301347474214143,-0.23241609329182245
12657,-0.5321752457654723,-0.28073902943813056
12658,0.5825503513172164,-0.14696902233583908
12659,1.2348943525058333,0.10371669752792043
12660,1.4181954092677809,1.0103408615227254
12661,-0.015748506485012134,0.1898745013163825
12662,0.30630785637849134,-0.04583111976475475
12663,0.3565443775021356,-0.16940059251436151
12664,0.36079104727444433,-0.15490072123386084
12665,-0.25043322150703384,-0.312265002511152
12666,0.1007362596526255,-0.2541661023348034
12667,-0.8946613180162359,-0.14430656871131933
12668,-1.6092945133009298,-0.007185594058667832
12669,1.0097368391928594,-0.09232795403828181
12670,-0.8828499254530028,-0.13817557480981
12671,-0.3339129194266641,-0.358432957987841
12672,-1.3320947835207428,0.2630611471889916
12673,0.8378641463763008,-0.19502286204862088
12674,-0.017280475022241767,-0.3215661601289228
12675,0.270913007675886,-0.33051874314586144
12676,-0.7762320253964392,-0.31506921235460594
12677,-3.3477809893388244,1.7132923846078238
12678,0.4445553873619325,0.11912854214058481
12679,-0.343591013985957,0.22040578115387183
12680,1.1787044678298297,-0.05110400018102323
12681,0.3538907924337719,-0.31814381449424567
12682,0.46621034872594286,-0.2530928446042466
12683,-0.23899340800289348,-0.2977375979984732
12684,0.013622187453839873,-0.45320022174779256
12685,-0.14951826611648106,-0.4150808687159014
12686,0.16288163738424355,-0.3840683767029614
12687,-0.45353681869465434,-0.3267212179731593
12688,-0.5795753868840331,-0.2803752466466968
12689,0.41309142987014286,-0.22535507134929245
12690,-0.8596306662200273,-0.25018815846019343
12691,-0.09107886759375164,-0.33187513887826636
12692,0.6547142916508202,-0.29227063390047525
12693,0.26838386983925994,-0.24136269375754482
12694,-0.5204878290814913,-0.3150651033535759
12695,0.029248965449390863,-0.20289229192126185
12696,0.1869386802144443,-0.44919138541500714
12697,0.6537423038330742,-0.368169930809654
12698,-0.22665083553373902,-0.334558982331699
12699,0.25396905384520085,-0.4687054433744275
12700,0.07297226898725855,-0.36044892948459195
12701,-0.6449795004366944,-0.2973296552941389
12702,-0.6962160682580224,-0.3376216738334988
12703,0.9119447629727248,-0.20631579909195788
12704,1.1083825050010068,-0.2206772837464788
12705,0.6304351663787124,-0.014617756911579592
12706,-0.18941047691079982,-0.2531962705904093
12707,0.4949043181059732,-0.13103483927014634
12708,-0.18689101135019107,-0.17149497322590315
12709,-0.13580913908604766,-0.4046554554643607
12710,-0.12349657728965521,-0.3595842592879232
12711,0.20519124309716072,-0.43436021625814525
12712,0.0366275312780858,-0.38725939600229015
12713,0.17663350733126482,-0.3704967370610451
12714,-0.12839327530922995,-0.4247762516581035
12715,-0.2659917365066661,-0.356055333987743
12716,-0.4173304441943449,-0.44194781491219576
12717,0.28570210333423884,-0.5155655288478502
12718,0.011313734284799799,-0.46010463754945574
12719,0.3974133892425661,-0.4869274620086153
12720,-0.31819377665418624,-0.557755060315867
12721,0.25248151237554434,-0.5364112010452112
12722,0.2500845506745862,-0.5086466536396491
12723,0.30093385187617844,-0.44026050298595304
12724,-0.2646274217623753,-0.5129279076823258
12725,0.14753528484160425,-0.451344912985065
12726,-0.04238290168895629,-0.4440371533524137
12727,-0.9947734400083811,-0.09409636001930637
12728,-0.3656467203865391,0.21527110489687257
12729,1.068355960888774,-0.25395103210039643
12730,-0.8349565326332686,-0.44095923827426486
12731,-0.5670286005429107,-0.2307231837128832
12732,-0.12092224326687424,-0.4199884032519031
12733,-0.10498949948258186,-0.29740354187491536
12734,1.1281341530906608,-0.3256885098730654
12735,-0.053079382781198114,-0.2759587374592591
12736,0.06793670836308953,-0.4581934193108099
12737,0.4458518004380956,-0.48046196241890154
12738,0.22635442815082987,-0.4149369352811807
12739,-0.3564981895686942,-0.32293334958444886
12740,-0.030198290262608344,-0.5019372090439598
12741,0.5282263851657163,-0.3054558247191349
12742,0.14829445046733072,-0.3095526776182805
12743,-0.3954731028421005,-0.19698110270802455
12744,0.9999627651865671,-0.15962474224263795
12745,-0.7892179290131323,-0.2273318637548384
12746,-0.5294763755560518,-0.4080744657394621
12747,0.6457120490487338,-0.388729390395742
12748,0.5604432966864838,-0.394302091981716
12749,1.254087596452024,0.23652159590129002
12750,0.008761785631865558,-0.2987897185292881
12751,2.1695381649417156,1.3167752188812984
12752,0.6229419847379235,0.9061172577395842
12753,1.0912873962286975,0.4326320190647947
12754,0.10496251121024538,0.11050418557269684
12755,-0.2134577898007539,0.4252400014836225
12756,-0.758698836453601,0.42901124678477714
12757,-0.5374472126832787,-0.06269943195813642
12758,0.8842730377709034,-0.024899706485030242
12759,0.9462623024797704,0.1457966331476577
12760,-0.1802669781977545,-0.15593163892960338
12761,-0.14419741312779238,-0.21945323959723803
12762,-0.05421556937045315,0.15308346031988532
12763,0.8768748474922985,0.04168894362531166
12764,-0.7710976097662027,-0.19689500242046756
12765,-0.3835053939813387,-0.08351128100978963
12766,0.07957351144373083,-0.08506315646759305
12767,-0.08047557740251263,-0.23566578918639627
12768,-0.2601768460960792,-0.19955859014686766
12769,0.393524403061659,-0.06762760503082844
12770,0.1566947830569214,-0.09873699095500899
12771,-0.6726763104419449,-0.156068710003623
12772,-0.8281932728440095,-0.14906525206782603
12773,-0.5429191653394,0.16366405632263076
12774,-1.1119575819722258,0.05682144274504331
12775,0.414313027086119,0.3027150280450903
12776,0.7040371784295745,-0.18625297030854515
12777,0.3075480271840716,-0.3047144983040434
12778,0.000527779659055494,-0.3223864101078817
12779,-0.3631028606630584,-0.3776507683136045
12780,-0.42142121263902627,-0.23342954362900303
12781,-0.15136231805294137,-0.26760179221108743
12782,-0.3242360525135681,-0.2756971158074339
12783,-0.5675899536880731,-0.09128442633131503
12784,0.3413933126564735,-0.1723798802867261
12785,-0.8049875286105544,-0.19154292458086206
12786,-0.30860730599908676,-0.11509940478887262
12787,-1.0416929303076938,0.04317479669990429
12788,-2.2605482361829474,0.9102032003160896
12789,0.7722581377986941,1.0865672939706494
12790,-1.111615326602773,0.8253149913552865
12791,-0.2675075896020876,0.16877537328280212
12792,0.03468079527568282,-0.09413735650826431
12793,-1.5409303620729269,0.9163980354135722
12794,0.5906541157452149,0.029688808505063627
12795,-1.045230447505149,0.49986450770813745
12796,-0.03184545254949261,-0.21591541398730385
12797,3.231086486025165,1.2531944885700592
12798,-0.18911984911859797,0.32476435244361024
12799,-0.12459595564577144,-0.04595102047406082
12800,0.15763967098178872,-0.16439227978217708
12801,0.41571123844738567,0.16729494337909182
12802,-0.23756823508562303,-0.1515624032143944
12803,-0.6200958216826606,-0.026907163120031993
12804,0.18546211988683056,-0.2870831243261548
12805,1.4730765831620118,0.010283043078730382
12806,0.2890500253361504,-0.23247297097921787
12807,1.0293386226733734,0.3023304660267928
12808,-0.61112638093628,-0.19414702255826383
12809,-2.03333196663936,0.1150036488178002
12810,0.5291345154312724,-0.3659213891269499
12811,0.013050379356748978,-0.3276198498407407
12812,0.1501261885572497,-0.28296465794593384
12813,-0.574259164078022,-0.22263124184330593
12814,-0.5765054605515403,-0.2987516943376277
12815,-0.07533346288219726,-0.014330424794567306
12816,0.2533089115661279,-0.32006140336312744
12817,-0.01684513766402853,-0.38958369503835466
12818,0.8201937881453291,-0.43227339871598786
12819,-0.5503478541387578,-0.4797607229699631
12820,-0.09824710596051392,-0.5429787563856607
12821,-1.021559888061691,-0.24037237126985864
12822,-0.48755957779411246,0.6920220690789364
12823,-0.7732020982331999,-0.18301572505924707
12824,0.47235029576669874,-0.373751935086505
12825,0.17323704516035146,-0.2996263249245154
12826,-0.2305832786916129,-0.465777610433561
12827,0.5113174015500588,-0.463322757391995
12828,-0.623402920015105,-0.42375954332110016
12829,-1.600503499768,0.7629917938508027
12830,0.021321404317028055,0.04754352131568574
12831,-0.937486132129844,-0.2849376019484642
12832,-0.47662339076667953,0.17439785654571843
12833,0.7293337536219123,-0.2506585601881812
12834,0.44352662918329494,-0.44955011913518916
12835,0.3026506113511847,-0.44195665599438416
12836,-0.492268294579394,-0.37205466526822856
12837,0.45234711726100474,-0.42318268805847975
12838,-0.5447708137972164,-0.372708807911371
12839,0.496076802069866,-0.37117387946885655
12840,0.6495264104364096,-0.30290922863440545
12841,-0.2695266237880449,-0.36208569359643966
12842,1.120582440528359,-0.19222837011763766
12843,-0.34267392304624644,-0.160097941033093
12844,0.6023446704370061,-0.39379645128368956
12845,0.06523736722058006,-0.5475078537953485
12846,-0.2765333501588588,-0.3866132862675911
12847,0.008020143276911805,-0.41525843690872466
12848,0.6543526065196644,-0.34206938658163805
12849,0.40417678724587325,-0.313326779824144
12850,-0.5767997349613007,-0.32302530781643213
12851,-0.5444506157262918,-0.34489474074763815
12852,-0.31677051975801823,-0.36735683154452886
12853,-0.014555928330930454,-0.5055667738109885
12854,-0.15623329562093538,-0.6090407032350905
12855,0.5511402716993985,-0.4473941801728135
12856,0.480754690210101,-0.4595964745328392
12857,0.18332510491688384,-0.2886943351604507
12858,-0.13598493679492085,-0.4100952388002136
12859,-0.9092531616058548,-0.13274000388096055
12860,-1.2410533011329714,0.011603926955513957
12861,-0.6208538861761747,-0.10778052908342727
12862,0.9776605190130654,-0.2336848465949942
12863,-0.769543467189731,-0.20416521743373905
12864,1.7417551829505187,0.17892906501989014
12865,0.015435653808435536,-0.20225472933153438
12866,-0.41496735616388825,-0.46667666391716967
12867,1.457910915208081,0.16810004024991584
12868,0.03887159326223846,-0.4262142355013385
12869,-0.46002521723051554,-0.22275555268070996
12870,0.09121388135296764,-0.44046795613503126
12871,-0.3689650926897451,-0.34101587602482053
12872,-0.4216548264296608,-0.38801294035395045
12873,1.0323141321327785,-0.2202781063640033
12874,-0.9405367818242176,-0.27262559563564
12875,-1.010541489738796,-0.22665211098096977
12876,0.7003551026239767,-0.08392962191130726
12877,-0.354972997928718,-0.39789441251465213
12878,-0.5370380980844172,-0.4164024681368626
12879,-0.4335693161217607,-0.1928036755388043
12880,0.7591409380556933,-0.2809543603221353
12881,-0.3938899508396883,-0.4991697106881032
12882,0.1023953819785502,-0.40752245519196995
12883,-0.7595536805253202,-0.17476454320417115
12884,0.9605289285484233,-0.18144926485867108
12885,0.07986734451517193,-0.4544481337714465
12886,0.7097203707000379,-0.20626790709142875
12887,-0.49635531529922866,-0.3327242820980608
12888,1.3156480735930935,-0.10122415917163227
12889,2.8324237735881104,4.132946698588518
12890,0.0630475201481842,0.7348473130820709
12891,-0.6920480295107947,0.5398839789057183
12892,1.1516596598253135,0.16462622003997898
12893,-1.9161897087901445,1.248102101269301
12894,0.11020677438809749,0.6803824269380877
12895,1.3106925263154199,-0.03959498273179177
12896,0.42292634028537596,-0.1536436845662122
12897,0.03138361641628922,-0.21558887212197722
12898,0.6499027532952334,-0.0026653139088306456
12899,0.1255381772067664,0.08399659014848275
12900,1.105068037794168,-0.05279672580660351
12901,-0.3068407230958324,0.31317630774262184
12902,1.0886065062428383,0.1538826433319702
12903,-0.29099374290591945,0.24740927709361307
12904,1.1403837566586879,0.19153990648193106
12905,-0.2591960928288414,-0.32670752212513676
12906,0.7241051982649646,-0.28131371701729646
12907,0.5678240839691655,0.804478091423755
12908,-0.5846986334986841,0.1921469426143052
12909,-0.0790119034384715,-0.1241270164555175
12910,-0.17498144276281147,-0.2629069719170273
12911,1.860713290457794,0.2662982676940428
12912,0.27494648400483146,0.15193207682323454
12913,-0.5443694257583293,-0.024798354855504193
12914,-0.47508717549301693,-0.0628332721476467
12915,0.3001201775653555,-0.1744469698351086
12916,0.7831190214254072,-0.11160051745514743
12917,-0.2347785998852198,-0.28647831381809624
12918,0.39629916742397464,-0.03836479589669589
12919,0.021698313729235426,-0.0736869221084801
12920,1.429149286818164,0.7146843964261111
12921,0.14666905078730919,-0.1164195746912773
12922,0.34734909702697814,-0.005641083406482093
12923,-0.5180578094466962,-0.08941936108173044
12924,0.03560004632854843,-0.12063497777874573
12925,-0.13663191069904784,-0.15108913366226337
12926,-0.6995901441405127,-0.08957893831484855
12927,-0.11940339107369428,-0.07434747587975306
12928,0.43626235132163393,-0.12698927632254928
12929,-0.05838792717289993,-0.2767906594018427
12930,0.1866454042321947,-0.16878072572420083
12931,-0.20004762701544285,-0.1687846587114094
12932,0.1984187947119179,-0.29836030897634125
12933,0.24823900546265898,-0.326698032072336
12934,-0.5364670559092926,-0.16910382614065908
12935,0.3425100895689271,-0.11708149552671444
12936,-0.28809887625965946,-0.23496159716138898
12937,0.6817966541761071,0.00033544250473314333
12938,-0.7801572830539191,0.013910768105704843
12939,-1.9195045566684603,0.40174655794610636
12940,0.9754785998432879,0.0793708544216625
12941,-0.9521326875693784,-0.13507043586808753
12942,0.2991961504745271,-0.3005985885399328
12943,-0.9969536119143549,-0.07533434965632302
12944,0.911580985749383,-0.03849386259331355
12945,1.4797173473485459,-0.04869642358582511
12946,0.32529061933639697,-0.04693151141259152
12947,-0.6932466394327306,0.4718833628045399
12948,0.7752924116302452,-0.02747572352693162
12949,0.7493196816707096,-0.03976003846718347
12950,-0.3042898393406493,0.1616052005352887
12951,0.8427984057001887,0.3455443832149602
12952,-0.12927458776571366,0.046747121610295435
12953,-0.38419586381089516,-0.090939850629614
12954,-0.004988864047175494,-0.10940060649322132
12955,-0.05497362110809957,-0.2771599839394688
12956,0.0782591215319986,-0.33117641050918195
12957,-1.3558949155904392,0.23356220216230553
12958,-0.6313873777348343,-0.06195903298749895
12959,0.4676414748317781,-0.07674994806789756
12960,-0.7797123096554118,-0.32052495624932276
12961,0.01766255547608186,-0.3028064589419527
12962,0.6868953919592286,-0.3150485858904854
12963,0.35853557801158387,-0.38598794008447157
12964,0.36599738561196726,-0.1996662387444312
12965,0.1447443666527681,-0.2751252500566103
12966,0.9889765180156275,0.035394933793564155
12967,0.4693118857993887,0.21586277893226138
12968,0.29847253121382966,-0.08262631557307583
12969,0.40262266209152103,0.08212691828945494
12970,0.4350553675133177,0.06063125373173497
12971,0.5406739112334618,0.2500079250416528
12972,-0.703752807150534,0.12883171646460523
12973,0.07966393640056264,0.08338996941437202
12974,0.8310154815173606,0.1586898764505318
12975,-0.24587575753457566,0.2548336968129384
12976,0.05936881818987018,-0.05390092119895061
12977,0.43290593949319545,-0.07234842154820734
12978,-0.343962315871809,-0.0192775569233793
12979,0.15241892172610266,-0.10976553769417073
12980,-0.26852532351860114,0.20603685291608706
12981,0.3225446425276952,-0.26550851241641094
12982,-0.1077004408668619,-0.20628848527786287
12983,-0.19672185104924048,-0.13793152363602995
12984,0.2531282575140819,-0.15241110156668106
12985,0.05335585987113575,0.06544265909614945
12986,-1.1974818815059396,0.4034970375676332
12987,0.7523955116417755,-0.14568975727065206
12988,0.7790451294517056,0.33074640381067605
12989,-2.226067151573551,1.8786897123078004
12990,1.5297289061456747,1.8909079038616161
12991,-0.29115052735034835,0.818214302994522
12992,-0.9610753627287194,3.0055906186196317
12993,0.24492448072142847,0.08077236235432556
12994,-2.9233854726235973,1.2570883717003147
12995,0.37205132782408346,0.24394413897715372
12996,-0.9573705211302913,0.3885339077290663
12997,2.0949623955610126,0.47909211616170183
12998,-1.0432439166182903,0.15377489362897867
12999,1.0681892335655974,0.16861002160182179
13000,1.037866850420607,0.16962316452349174
13001,-1.1811310537214326,0.19638648660017816
13002,0.2938707096259888,-0.2758294847442251
13003,0.550556923432788,-0.0604684160924277
13004,0.8378260148552796,-0.2069127921649524
13005,-0.743006042474517,-0.12211498520833795
13006,0.30159830595756526,-0.3731047323693587
13007,0.32171640990478756,-0.2979936878681273
13008,-1.3906620491469595,0.024841927502949227
13009,-0.1234543293005677,-0.020450605226281567
13010,0.6447164881340856,-0.31529191730000294
13011,0.31864838528735207,-0.21224410586640302
13012,1.2051703958540492,0.11937206753103083
13013,0.047760189883709545,-0.26945257780148824
13014,0.9251122032319518,-0.07788643223951901
13015,-0.3499389592670551,-0.24132272058489943
13016,-0.5251627404959496,-0.3149255381135363
13017,0.5498910153508575,-0.30989799243264343
13018,-0.15906100530211673,-0.35284887821018374
13019,0.3266034773249036,-0.1596208846468608
13020,-0.10742144684108301,-0.3335148986228051
13021,-0.587613135898515,-0.1955622501658718
13022,0.2965948497673808,-0.23376763877180629
13023,0.9610723043080438,-0.12278810236846463
13024,0.031586908377794376,-0.15394459807037425
13025,1.5949835528009517,0.3179100011065988
13026,-1.127645806329089,0.4750967964398241
13027,0.24053461513368798,-0.1731225531263866
13028,0.3546338479719468,-0.29291398148970854
13029,0.234559372713394,-0.09121601475517205
13030,-0.5574968000236236,-0.21127631020287105
13031,0.7376127710242366,0.2545735690529802
13032,0.861501162965237,0.20268841005232244
13033,-1.3184174510007023,0.7233209360780608
13034,-0.2869633669154769,0.22565920859050947
13035,-0.5376758212743952,-0.16096718508860594
13036,0.9363718472760489,0.16246748770695119
13037,0.24186426066046754,-0.06710367575007399
13038,-0.9632349020621096,-0.1387029118929257
13039,0.292430745068517,-0.0038184169634576074
13040,-0.3997408882411964,-0.020851540943837996
13041,1.2076686298072286,0.09048968050823634
13042,1.464293955484694,1.518330830918951
13043,-0.10790207347917681,0.3830502263664145
13044,-0.06984755034716361,0.2381078945302317
13045,-0.15918253714311978,0.10403455258625385
13046,-0.4993254704443252,-0.06978068967170005
13047,-0.8436172129142245,0.036439252096067576
13048,0.9183174424274837,-0.005025980591916469
13049,-0.3664807086302784,-0.09876142294924684
13050,-0.7604030823081706,-0.04746428336383062
13051,-0.05256446223869583,0.10412739447530915
13052,-0.6465423797241776,-0.04760073816757276
13053,-0.8767150469016126,0.1311011099798645
13054,-0.19956694829874538,-0.12718249678495927
13055,-1.1405822813696833,1.1228851957365318
13056,0.11618636449618679,0.6265581669706518
13057,1.8369386451613265,0.8868646075191013
13058,-0.09787783030230633,-0.21709527491576863
13059,-1.209900566267327,0.3290166151237917
13060,-0.34558594836148976,-0.27674593474086717
13061,0.4447651540102648,0.13696732846239776
13062,-0.2627557602806345,-0.03518045274452398
13063,-0.4585797544195132,0.44659315046319714
13064,-0.05106470359436744,0.23632936943656394
13065,-1.2403803442273615,0.5922373786296047
13066,0.6416928359118563,0.01454726220708268
13067,0.49075290996632426,-0.04661591199555317
13068,0.24770722796398267,-0.24913958987623527
13069,-0.5200030648393259,-0.16691039092011273
13070,0.816806265326437,0.07572689476084768
13071,-0.8882912015865309,0.012214310036571733
13072,0.13009938837790166,-0.27979948359454637
13073,-1.5130224451427634,0.5549884847515375
13074,-0.171773820333198,0.26543549068855843
13075,-0.06951470089707648,0.22053746083352066
13076,-0.04285171767830686,-0.06472808065611402
13077,-0.24017158249152495,-0.06048229926124601
13078,0.5050669396068093,-0.14703245167694245
13079,0.45836387030734993,0.1993299533458849
13080,0.614611901648172,0.22375416483120933
13081,-9.132612415054668,8.601380629982437
13082,-4.119226995324913,5.117655156487296
13083,0.5047412854431409,4.306302393324471
13084,-3.079036623720446,3.9286145045502034
13085,0.7501285808269185,2.0740073685102693
13086,1.033352365511519,1.450097252999155
13087,-1.2504659896152552,0.4889796874301313
13088,3.317286229898296,1.1056651610659536
13089,-0.3527798720972467,1.3537934991001668
13090,-0.15603739490404003,0.46500243344299586
13091,-0.5777738621705824,0.19705035073351998
13092,-1.4342394043275446,0.8436443275019455
13093,-0.3310492666724737,0.28586530901251805
13094,0.05701132303020814,0.0938829862894802
13095,-3.1886718673588867,1.49743955381739
13096,-0.40559459240402645,0.8399787064108707
13097,0.18249477829487928,0.3218204354904437
13098,0.5193071992618611,0.07198724355820649
13099,-0.45007771610957814,0.21543103741525524
13100,2.5771949797572637,0.7140454914709852
13101,-1.4540095170150065,0.0690304499369741
13102,0.44859721346594794,-0.042863221414177935
13103,-1.2308766425313271,-0.0012121161923549428
13104,0.8375529161035478,0.744032986169399
13105,1.2532944478851857,-0.11372151117073512
13106,-0.3189505051048118,-0.2906315562037593
13107,0.11497059306806265,-0.4892202207057759
13108,1.0219917900779811,-0.10355147575400038
13109,0.05900459892490393,-0.18890715762653676
13110,-1.4877186806377019,0.1723778103192474
13111,-0.5687177996697101,-0.1272664800566424
13112,0.8162434129102614,-0.22708998790888069
13113,-0.7964204973425811,-0.15810264344181413
13114,0.05081617873549304,-0.2742601582886995
13115,0.228107553506292,-0.1928535784592682
13116,-2.4718071391363208,0.3766974335795683
13117,-0.3052419905871278,0.28625668536535964
13118,1.205957976691862,0.011407106514522213
13119,0.3064419182122677,-0.046723400364369255
13120,0.8749623582559269,-0.2034937959945376
13121,0.018984308932937108,-0.5817989156732946
13122,0.6782172717015573,-0.21437524196392793
13123,0.33073110471036243,-0.06968365381035561
13124,0.6187366999054059,-0.11884930945741795
13125,-0.4261049391239597,-0.3714621986644503
13126,-0.13522717532650125,-0.3916233547300379
13127,0.9476197869865616,-0.20511135487369317
13128,-1.1123233191963546,-0.08503756885078544
13129,0.5058656823263884,-0.10228650112171099
13130,-0.6709490652379937,-0.2910427772901415
13131,-0.40692014110102837,-0.5133509688110766
13132,1.6292873966513188,0.01541120087526917
13133,0.539605745426403,0.05625431193710588
13134,0.2677683613489825,-0.15801478817387243
13135,0.17000169721432312,-0.3268317830268816
13136,0.3426209502166436,-0.2275996564120761
13137,-0.14927186089914513,-0.2758755649824853
13138,-0.38884421170019384,-0.25939415468931637
13139,0.640051435625611,-0.2894392312287069
13140,0.9834923462862962,-0.3038004273487712
13141,0.26788510084600703,-0.04949408096158373
13142,0.0625046044549447,-0.2577426098825649
13143,0.38501084293878285,-0.2425519432415323
13144,0.0009828467253224246,-0.3467177551528507
13145,-0.38811123718950014,-0.24268449757106617
13146,-0.6086929736023111,-0.1738576977817774
13147,-0.5854207315412628,-0.26548196391544365
13148,0.6065941435168313,-0.22624661925269893
13149,-0.058633123499940244,-0.18538125370145722
13150,1.4583370835404388,0.10741761303242374
13151,0.411053727880064,0.17629521041398719
13152,0.5421414731528303,-0.012319407215456988
13153,0.177713195518399,-0.10711487815197347
13154,-0.5093383534660864,-0.11504141546138648
13155,-0.6372878528990882,-0.07401667701437376
13156,0.09117037943657955,-0.29311608077507806
13157,-0.4373222846305207,-0.2656400039063885
13158,0.33084151530987777,-0.19294572715938535
13159,-0.08698070328939826,-0.26512512145427014
13160,0.7440272511632736,-0.2570150392356187
13161,0.22371671757787406,-0.4462082900049758
13162,-0.7636792123404927,-0.4360869074589725
13163,0.27726091141826487,-0.2530394393669978
13164,-1.1999954022916384,-0.01957871850553343
13165,0.26926789844029203,-0.2999446306320516
13166,-0.5071767423681194,-0.1387688850394102
13167,0.30298970995317254,-0.11030576149310607
13168,0.7573441330571759,-0.2100037313790423
13169,-0.0020546726878552636,-0.4479390876045859
13170,-0.6395544905338517,-0.3407269367798683
13171,0.4042794442656055,-0.2777327048142242
13172,-0.517201784754112,-0.21033481211430272
13173,0.24829705393623389,-0.3526432653487078
13174,-0.21494396988686704,-0.42864676218937536
13175,0.5266592682243154,-0.39368235453873296
13176,-1.454649322656863,0.20043048296785446
13177,0.37422098921317154,0.5863466888508031
13178,-0.2856158098814481,-0.2601674930276551
13179,-0.5603304792535663,0.04957807819737204
13180,0.20515233579944694,-0.13554183329157454
13181,-2.2759728974103,0.9764928572585572
13182,-0.250732375821126,0.3701030896480466
13183,0.8811656898499066,0.3646689092620742
13184,-0.6685498023376225,0.17255472590800178
13185,-0.6511277241221259,-0.013363403134976255
13186,-1.1893270430565104,0.6864438786921644
13187,-0.5997227912881681,1.3164931832745035
13188,-1.6697315862781512,1.2694932225487625
13189,-1.1746619153303557,0.5285105496367966
13190,1.0104254579654781,0.8645143993440029
13191,-1.2269681066636215,0.8843119904957428
13192,1.1057610891762641,0.0763181290412381
13193,0.43798925293889684,-0.1472493596689365
13194,0.42302137172558013,-0.09981147341014196
13195,-0.7242487141595347,-0.24224346246279105
13196,2.4165037789412676,1.0329619438765019
13197,0.39528444648781075,0.23955014880624675
13198,-0.6512661040005098,-0.2762984318355043
13199,-0.4693842737265752,-0.32019806650059407
13200,-0.15508967942160687,-0.41881513860620156
13201,-0.3050654883572586,-0.3273317920387875
13202,-0.5129699372815633,0.03558352879810179
13203,1.0536447572234016,0.09869763950434556
13204,-0.9341864001632504,-0.2543471332730606
13205,-0.08236206575495823,-0.39347130397520136
13206,-0.31151984702843943,-0.3565742613143365
13207,0.7705571834892758,-0.11949734277863015
13208,0.27119591850699803,-0.3314833955944948
13209,0.06252692375262109,-0.37094619342006024
13210,0.844517544229374,-0.11841924659161995
13211,-0.4571649236857594,-0.07431197601693357
13212,0.423262469528482,-0.150219032883475
13213,-0.02743482077503625,-0.31206191787530313
13214,0.49827858991394053,-0.42520576047407455
13215,-0.22747114972463198,-0.2768547763425658
13216,0.7218622602013491,-0.47219533292660676
13217,0.5015165924080233,-0.3457544261644737
13218,1.5461592366523227,0.1392837825194099
13219,-1.63380758883612,0.06308296551379336
13220,-0.4490631480799638,-0.21756706927100236
13221,-0.31461188512339877,-0.32970024220331456
13222,0.8370862793103903,-0.410334276530762
13223,0.7726537246192239,-0.30580633930069623
13224,-0.3608204251035883,-0.3119682865958608
13225,1.6223363804232054,0.20750973238401177
13226,0.32748539393938353,-0.33399855814539053
13227,0.12924653966317903,-0.19192955556124863
13228,-0.5460585367856374,-0.27312646752026615
13229,0.39843248151955685,-0.39442779002195333
13230,0.03478702511606079,-0.553493470278132
13231,-0.4876360734094294,-0.25731704061035116
13232,-0.11078742303014137,-0.538173873496008
13233,-0.38784263355121423,-0.4263430974121545
13234,-0.21491248093190812,-0.24790766605128037
13235,0.7999357985235244,-0.2887472224268168
13236,-0.04188839264560832,-0.46730479970695815
13237,-0.34018897463853565,-0.5593148233883332
13238,-0.3401966788945999,-0.4066215861320491
13239,-0.08313660132376915,-0.28873773462635594
13240,0.8604320480322475,-0.44895256810460904
13241,-0.17117409885405432,-0.48711821609633055
13242,0.44278669349470917,-0.550100739660493
13243,-0.3035265980043361,-0.536673741910052
13244,-0.7142827966602041,-0.45467805530188515
13245,-0.2575073472408829,-0.35764573770621827
13246,-0.07686725313109864,-0.4897221357975765
13247,-0.3485114294276816,-0.4509866443805324
13248,0.3182665333763863,-0.4550755359551213
13249,-0.2367433679070029,-0.5243117187396971
13250,0.2722996070729579,-0.3666979623666571
13251,0.5346814673493981,-0.394797634148157
13252,0.32602142181884436,-0.3938274341503413
13253,0.4307474042670896,-0.3163894930230417
13254,-0.020859342589347622,-0.45877496102464826
13255,-0.2780012307531733,-0.44869032510873647
13256,-0.07253550358043402,-0.45536198606621825
13257,0.4680419375134493,-0.40781769286634595
13258,-0.16076509261063482,-0.576290585772833
13259,0.2483169280035992,-0.468732664335252
13260,-0.03243806123289145,-0.44427610667102063
13261,-0.036848971290743535,-0.34752895095584996
13262,-1.8412697519205066,-0.3295717309626051
13263,0.07644747834000531,0.23232879762587025
13264,0.09735044399405794,-0.2016385808100613
13265,-0.2784703367651,-0.4016379879272719
13266,0.1748017512672047,-0.4825597693469437
13267,0.7976088392797013,-0.41170290033716195
13268,-0.34819587628946486,-0.490403436799791
13269,-0.5197055344090926,-0.4985496360490329
13270,-0.6185666478402805,-0.2480231856409692
13271,0.1343434463754251,-0.2345669519756755
13272,0.2924970960572883,-0.2740797904545262
13273,0.45586612545104244,-0.3934951373918295
13274,0.4704241566595517,-0.5028958560515305
13275,0.3428114455923474,-0.42270284959048565
13276,0.2558925436981633,-0.39871449637276696
13277,-0.6037737638931414,-0.4404089195294467
13278,-0.4879497232508064,-0.23201835117782707
13279,0.20112281491062106,-0.44074814981801586
13280,1.189205922211155,-0.09786360313913241
13281,-0.2491589170354907,-0.4265106297392218
13282,0.6653422084507301,-0.409457826653613
13283,-0.04708463778456051,-0.42719845481021623
13284,0.3816979677515651,-0.2936210954548525
13285,-0.49931451272759236,-0.2889950189311993
13286,0.021513297366893558,-0.3705844782966303
13287,0.5971102009759831,-0.2433589131819374
13288,-0.01178397470887738,-0.2824990924318421
13289,-0.35022090923978205,-0.3862366868182643
13290,0.0689321283450105,-0.5530460705475857
13291,-0.4790342168105708,-0.4738443446890972
13292,0.07670028414933586,-0.5133042836343122
13293,-0.22403881794775832,-0.5862424851412582
13294,0.2346157522131275,-0.5257833024982427
13295,0.39227641574036476,-0.5470542105915513
13296,-0.31691408285273104,-0.5097352393941145
13297,-0.013267982019726133,-0.6153515670936284
13298,0.09449274983883366,-0.5366575548401814
13299,0.17667570661244364,-0.5091600970543363
13300,0.24947781553909978,-0.49588840740330703
13301,0.0773198620377465,-0.4825455880664884
13302,-0.3838682946584862,-0.551300828067799
13303,0.08626903438767843,-0.4406541751765757
13304,0.26721516201946915,-0.5050184384846161
13305,0.050722608268717315,-0.5314716357336058
13306,0.18283477511569998,-0.4707555538962322
13307,-0.5205132149616384,-0.5815117527761513
13308,0.2920762763628582,-0.5654772965511257
13309,-0.2520810912773984,-0.5539932636888476
13310,-0.15590232052109146,-0.5795543989832509
13311,-0.1057350758715166,-0.45933589410379133
13312,0.3061631691734336,-0.47815980909387534
13313,0.25840888143940244,-0.5031884401993879
13314,0.04977223948710796,-0.5320003705503561
13315,-0.23768035262588197,-0.5992564686648193
13316,-0.37834704630157906,-0.5589534926259954
13317,0.09259454807424652,-0.5881118205422851
13318,0.427190569325179,-0.5128406862357648
13319,-0.3497128651945202,-0.5556052973630423
13320,-0.10142165179127488,-0.5255030057057702
13321,0.07445235974431774,-0.4220455378670426
13322,-0.05768198248029209,-0.4339115101727755
13323,-0.29909555328280907,-0.37503446592690476
13324,-0.27491787618663865,-0.34187631825110804
13325,0.7396998182464579,-0.1617918017961962
13326,0.2675803050925604,-0.5788190973254427
13327,-0.22463825336017762,-0.53697603290328
13328,0.6593698213098846,-0.5223248196264147
13329,0.18278229647962124,-0.4333618453376081
13330,0.35868153967871635,-0.4691077772835988
13331,-0.11619599579720871,-0.32596550831681
13332,-0.12322415209785387,-0.6910255233648073
13333,0.7157990049944217,-0.3785227989756863
13334,-0.31483657767450673,-0.4602210183436415
13335,0.4245123059121366,-0.25390529991774324
13336,0.3377027597728556,-0.30109899586279404
13337,-0.11139745120464749,-0.3930148827240041
13338,1.035542718525019,-0.006582372873594637
13339,0.21557310310260458,-0.14000544740085602
13340,-0.23794331317983095,-0.2998433332544556
13341,-0.3048351135210809,-0.3462452751612621
13342,-0.2800412678393003,-0.44773546063446007
13343,0.44992667756462157,-0.42410009459423276
13344,-0.22151411061557041,-0.4047229222608158
13345,-0.43654624095507083,-0.2573886694654756
13346,-0.3252612533770519,-0.39894112540312304
13347,0.6214211484651552,-0.3092217869573226
13348,-0.22214298113234193,-0.41440247960233134
13349,0.43562723622675836,-0.25974485385243906
13350,-0.0030427878424233194,-0.3720561410826293
13351,-0.19513081357806192,-0.4428798670765379
13352,0.37317789329580553,-0.5275004740131556
13353,0.11825492643779997,-0.3119895222079909
13354,1.2129393084200124,0.039453171797461044
13355,-0.38509426262981,-0.10033930142159296
13356,0.1353636390006357,-0.1915774973660602
13357,-0.43823006337524434,-0.35330155098680915
13358,0.3762946250035107,-0.3247485392183929
13359,-0.42530203150427787,-0.22908322412834128
13360,-0.3987068657814488,-0.4662085684235797
13361,0.40302680676068453,-0.3964703151168099
13362,0.22453624362825955,-0.2864679462012228
13363,-0.501198811304792,-0.31486074926192664
13364,0.21649415767644395,-0.4061935135506888
13365,0.25173177864385926,-0.42072279967361365
13366,0.2872488299807698,-0.24394851496170863
13367,-0.3512117564217022,-0.34562549261942094
13368,-0.42804791411330323,-0.31838464153299045
13369,-0.1364221307942928,-0.37797602174343764
13370,-0.2088034786808603,-0.40547756121094436
13371,-0.33643953076411787,-0.43586659740567735
13372,0.2691854902724048,-0.5662367269207627
13373,0.6637144861745785,-0.37667843102199144
13374,0.28099760848436456,-0.2304082642608172
13375,-0.1578360068613736,-0.44127317373284036
13376,-0.19389088827282452,-0.2857774754115537
13377,0.43662187531884644,-0.3877890522758833
13378,-0.2862472070163721,-0.3702796066228511
13379,0.43270070893652346,-0.21328880607827358
13380,0.07677858444037146,-0.3139939896487067
13381,0.9088904244009441,0.07594224218137727
13382,0.14389208689712998,-0.25867592637846376
13383,-0.7237589013845865,-0.02192289448046073
13384,-0.25339990050767847,-0.11727927635424706
13385,-0.3383565663877074,-0.1405984532646041
13386,-0.5925674465966844,-0.09106009559485898
13387,-0.11963657511548106,-0.2384924312891999
13388,0.07495926565009392,-0.2568664912080798
13389,0.03955847446326656,-0.4764176120363183
13390,-0.17125682691948924,-0.36372972568823986
13391,0.08753161851412691,-0.42833331020429755
13392,-0.38315942514079365,-0.5480900669728958
13393,-0.06359690378767302,-0.4913671988625195
13394,-0.9618582848870632,0.4383220639843777
13395,0.47168679696833576,-0.2851703143443637
13396,0.20206353172274252,-0.45104925471272284
13397,-0.7597479628859094,-0.32700476228329123
13398,-0.23364945106032792,-0.3263358890213938
13399,0.34186658825022115,-0.3891620586136309
13400,0.07143784074485245,-0.4124298900842411
13401,0.5034049237980611,-0.5008543138680119
13402,-0.6490208135509061,-0.4407588867664358
13403,0.23432675204557352,-0.37812489419053846
13404,-0.06275421452039215,-0.5008622508631361
13405,0.4310313046333591,-0.45559141015593724
13406,-0.14297378425076124,-0.5488513735789926
13407,0.6303683717539883,-0.23141894540024613
13408,0.27730992488012446,-0.31744833474083206
13409,0.8445302328443088,-0.304910600346978
13410,-0.07888594740509176,-0.4893082322772945
13411,-0.7312031148122623,-0.4955024007504709
13412,-0.5645838424604362,-0.35630170032325875
13413,0.2407143848415506,-0.4688902473614224
13414,-0.7849351205026398,-0.27835277009376597
13415,0.46614573277604404,-0.2980493869802281
13416,-1.3425406513561606,-0.020469338080789736
13417,0.43250163859375995,-0.18796556806271017
13418,0.11961047169124484,-0.30311832357919344
13419,-0.27671430533064484,-0.3450696438570585
13420,-2.7116687769850527,0.6993238461013148
13421,-0.8420394432442806,1.3400392941654897
13422,-0.708700350061467,0.4437799914937155
13423,-0.9349731958422176,2.0125180094797
13424,-1.0383134365655582,0.6210424782242329
13425,0.6902138490579517,0.12908347465259942
13426,-2.1208606628644224,0.7112771967382255
13427,0.007008592507951926,0.017735214658299074
13428,-0.6253545013628093,-0.008482268725492908
13429,-0.20750385147035594,0.4739199058902309
13430,0.8206533735535111,0.28369747071585855
13431,-0.282546097927082,-0.22804142135234354
13432,0.7655635321458246,-0.11247484858027011
13433,0.09320455506721526,-0.0754559881957876
13434,0.3914252476193861,-0.24127211736143153
13435,0.6385840515824396,-0.17257178639088588
13436,-0.8801737390085769,-0.27245330184814287
13437,-1.5084216434068263,0.21978164508868736
13438,1.6904469805392064,0.2593257394877846
13439,-1.3820072239002623,-0.01805107021292649
13440,-1.0098423438541313,0.4165396117582114
13441,-0.5153629293180567,0.49409546967466306
13442,0.9398288721224127,0.15260468578955785
13443,0.06986259601873807,-0.24423007264212254
13444,-0.01036810366408182,-0.22974608807731273
13445,0.0330478248356151,-0.26625621309131003
13446,-0.31278502504737754,-0.21712060001220465
13447,-0.22758597769876313,-0.21762791519599173
13448,0.912513200816099,-0.28639377517844333
13449,-0.5336976066662023,-0.2977220109942054
13450,-0.4088010861173513,-0.23320665266468113
13451,-0.5076585162790073,-0.1616695861446518
13452,-0.5139371912712577,0.4427086930420735
13453,2.0923194869881137,0.587282861752338
13454,0.03534044182218201,0.08553886350860256
13455,-0.28733897867510616,-0.20053567510556433
13456,-0.1780127143437875,-0.04075732293768865
13457,1.324239591025976,-0.10928181464373213
13458,-0.5929542108827216,-0.13776737118129243
13459,0.1877652900990674,-0.4279185831293921
13460,-0.13377501213074677,-0.319169392056786
13461,0.2887251423524875,-0.15614503628158563
13462,-0.27324737928638587,0.014858400968730487
13463,0.835139279673868,-0.1532486365229706
13464,0.14121027038674663,-0.20149890293759584
13465,0.8641263700787677,-0.11069044801277796
13466,0.9743572422951657,-0.12525433106862685
13467,-0.42761255444200347,0.11215084922468385
13468,0.5594430059973331,-0.06215775853998771
13469,-1.4403566172707223,0.12710566545176935
13470,-1.729186579684526,0.42808706568555316
13471,1.4216680469314842,0.027762491797001455
13472,0.5211790331332375,-0.11574332300366087
13473,-0.6946892887231796,-0.17779853158247047
13474,1.4593110910337992,-0.05250938775183438
13475,-0.6704717767518678,-0.3519501348190633
13476,-0.010619522664443642,-0.3887488361765475
13477,0.9160119261058755,0.02379117769385585
13478,1.1079419426831245,0.015588364712440102
13479,-0.16363901305019982,-0.05111439025514017
13480,-0.4322637072456267,-0.2069430532450629
13481,-0.2391375487587521,-0.288971347081268
13482,-0.2858847649871091,-0.44757748892467136
13483,0.9466523234732346,-0.3507376504874244
13484,1.2102819009806725,-0.07245309506017485
13485,0.6310921783154652,0.1435841403290808
13486,-0.7213032830119731,-0.25768030038781986
13487,-0.6521635100312907,-0.3672462038476375
13488,0.4471640122404886,-0.44887332045643746
13489,0.41028431516468583,-0.38669303197121546
13490,0.59047632944759,-0.42561727999633137
13491,-0.8089669217882447,-0.3221822273544018
13492,0.45024678625336195,-0.4323382708757806
13493,-0.5142476746378134,-0.4608789391566723
13494,0.4506303740343573,-0.26210153412366377
13495,0.4269944905836707,-0.48920466776510246
13496,-0.05654215319724359,-0.5729046593237651
13497,-1.4290434320387166,-0.113514439073979
13498,0.720721162411781,-0.4198066263004473
13499,0.7097847894084666,-0.45488056513657
13500,0.166581420741675,-0.42640100019854166
13501,-0.8663007882062175,-0.387700020862551
13502,0.8324408627238281,-0.38570779736634886
13503,1.1254512721304883,-0.1350134477169993
13504,0.2263652663194404,-0.39356995817799967
13505,-0.4460605813326382,-0.19940128623307662
13506,-0.9262049858410535,-0.20728665673638821
13507,-0.04047920196055452,-0.48179662726463557
13508,-0.30679284173557736,-0.5192995959746343
13509,-0.8018080313067976,-0.41568320814724813
13510,0.14822649290298834,-0.4219627399911646
13511,0.16903606949631608,-0.446646349527504
13512,-1.7332840712568385,0.0650711002217098
13513,0.5434974427050773,0.3207264545231945
13514,2.213852609095661,-0.15566260406618734
13515,-0.4194050647612447,-0.21763363039401482
13516,-0.7024889201132222,-0.3596649350436183
13517,-0.9951054960436222,-0.19301774122319218
13518,-0.3414873198114568,-0.20245580103111646
13519,-0.07067112156515629,-0.46526041110046645
13520,0.05690907629664491,-0.4568196797729076
13521,0.14895710653005284,-0.32634632502272803
13522,-0.20914834782707103,-0.3813665371890351
13523,-0.17751288706432072,-0.25372663679510216
13524,-0.9233007322833582,-0.0247203603143668
13525,-1.9112908291086634,0.4855410926416249
13526,-0.7117377396678208,0.5104520567440991
13527,-0.6894050102698567,0.8148086069792618
13528,0.14065761311120986,-0.07219948635582205
13529,1.8548765615144176,0.0697759704529131
13530,0.7190158551706811,-0.2491505742420119
13531,-0.6463369243939167,-0.13167162305398988
13532,0.8297032499668905,-0.13594236939258644
13533,-0.2511163105344152,-0.25827063774143927
13534,-0.6466671630713149,-0.5014452678786547
13535,0.06680112250263211,-0.40564939754302015
13536,0.3319568166266617,-0.4052151486535084
13537,-0.19359731885183934,-0.279551172954579
13538,-0.06209693873455928,-0.35210890073343193
13539,-0.5483511473960838,-0.1957474943062086
13540,-0.6907030989333361,-0.10576431771202464
13541,0.16594505956855155,-0.2494197949959721
13542,0.7101017258883321,-0.36230509332541905
13543,-0.05865300668336552,-0.23288793408707392
13544,0.027105333443642764,-0.27704110481940153
13545,-0.15002042195343027,-0.3361457918730133
13546,1.1784142280781342,-0.07143786179393638
13547,0.8745405264915141,-0.13521715290616884
13548,0.3274491589688205,-0.2688108449117526
13549,-0.14637711782337692,-0.1631838050639271
13550,-0.11674750163291826,-0.42024292239841066
13551,0.17227749520589794,-0.4354481190400624
13552,0.4257259165408917,-0.6262590194819156
13553,-0.13183530556758483,-0.7018986659716033
13554,-0.2799571081428805,-0.4120139310311754
13555,0.2641326418927419,-0.47105551784802585
13556,0.1271859846769278,-0.2597063586919458
13557,-0.41623879470455866,-0.5086149228032246
13558,0.47855794591192274,-0.45222247022661466
13559,-0.08046258537257411,-0.436866256041279
13560,-0.04845209153190981,-0.6518100100907641
13561,-0.15994612094450836,-0.47213024254052993
13562,0.19065806967177387,-0.2324347107317064
13563,-0.5236917173282064,-0.46914634029941626
13564,1.1916423950337114,-0.41195588945812217
13565,-2.7613228090399478,1.1398344761827635
13566,0.9053333216466388,0.08102074119559102
13567,-0.8831884877926452,-0.1275706437437484
13568,-3.3085513321523656,1.0332090842447201
13569,-0.5773015841717971,1.4543166641111243
13570,-0.28347683340333285,0.5298146677778991
13571,0.12730597869715307,1.2554965909459532
13572,1.9754081087195887,0.711146506305298
13573,-0.3651562620803611,-0.13855659863447056
13574,-1.6529432435918192,0.11248115108831074
13575,-0.38861590053271633,0.05061467149123955
13576,-0.21775379606561435,-0.18605747967203373
13577,0.005700349922229568,0.3408310563110967
13578,-0.6873474590024166,0.20084994539319498
13579,0.7815445265993799,0.5258834085320496
13580,0.5029134927890864,-0.11824338222631268
13581,-0.05147375376161136,-0.3599052276855066
13582,0.2581932083122767,-0.43918183758738877
13583,-0.12005442276094824,-0.4023188995829035
13584,-0.3617384679407075,-0.16178815569739852
13585,-0.9219673257131116,-0.052078615317800156
13586,-0.44589659447877505,0.12857552152813892
13587,-0.7256485383190681,0.1406002555723984
13588,2.7059120184710834,0.30092271785282654
13589,-0.05258011512941701,-0.3368259352890456
13590,-1.0345462143271378,0.012394152184302124
13591,-0.7090739720782041,-0.1936611605682082
13592,1.1487315372733602,-0.2426559295557247
13593,0.47919786212410137,-0.4516455161277867
13594,0.6317766615067705,-0.27118802997224983
13595,0.18475594477133564,-0.3257326854286041
13596,-0.27323402719467693,-0.32781781671741733
13597,0.006364473297369078,-0.3146752521466991
13598,0.06344097214036128,-0.5301607067313783
13599,-0.979223667892151,0.11350862817617478
13600,0.32310854133011063,-0.2885597445756083
13601,0.006177747291577771,-0.48464127819079866
13602,-0.25777259053230267,-0.46312239405636424
13603,-0.6553632979915126,-0.23103073177739436
13604,-0.7098126954690781,-0.025303586126719152
13605,-0.02392810815518335,-0.12904607334625146
13606,-0.6641078059974392,-0.023007651042615523
13607,0.9984644329038885,-0.1441591649431438
13608,-0.30132231155221756,-0.27527813887809355
13609,1.0889922037878532,-0.15306423544066888
13610,-0.3034003157268404,-0.19284638612884691
13611,-0.10161198273394229,-0.2147870121576314
13612,-0.5867772112460576,-0.298449468887185
13613,-1.0485617558662808,0.42457051208934776
13614,2.6761001402601745,0.6398193784055995
13615,0.913013131396152,0.058194841812184865
13616,0.09794165958788809,-0.1933752691773046
13617,0.0013919616084032112,-0.30460213475805636
13618,-0.06929592928367136,-0.17680532765709453
13619,-0.3134223653817151,-0.3692750188356738
13620,1.3196917157018258,-0.0885934848782431
13621,-0.5383773936210938,-0.08810044163520066
13622,0.16562728739439894,-0.5257586177474385
13623,0.3012880936588741,-0.15929485009370487
13624,0.3439493338636137,-0.20780772626066787
13625,-0.3875330848095602,-0.250861622527554
13626,0.3586300893531187,-0.37040945128787633
13627,-0.4342949209420181,-0.3526824682734602
13628,0.13096716249721543,-0.1958266629267328
13629,0.16734883283118468,-0.36636627727355003
13630,0.40980410079898805,-0.31258253398717273
13631,-0.8197411955660879,-0.264469789902574
13632,0.41162910653159357,-0.47566249322874976
13633,0.47501537062200344,-0.4331347267404702
13634,-0.18241713350251107,-0.562719149814302
13635,0.4347820714086515,-0.28881430434411587
13636,-0.11116554453578335,-0.17151994108777058
13637,-0.4284187319480232,-0.25699504932468503
13638,-0.3415829622714259,-0.3083786461556536
13639,0.46571700845050423,-0.26379554252778115
13640,0.7900762620979913,-0.07977464687860378
13641,0.3795142779583319,0.005484665383573704
13642,0.21263845665546488,-0.20833292462682673
13643,-0.381466708020322,-0.14778689666470277
13644,-0.5074655837505591,-0.2407239536533862
13645,0.15289146014218916,-0.32991107155694077
13646,-0.5484956996514544,-0.23742401523817036
13647,0.03642953500995482,-0.37325059082325185
13648,0.01662447843069928,-0.5058668305744746
13649,0.46337059549234966,-0.3709363877633098
13650,0.04301910515955495,-0.3458367342425729
13651,-0.6914543706878782,-0.28360181201032314
13652,-0.5093571302615056,-0.44856073992240475
13653,-1.6134128297114334,0.3590706088967759
13654,2.090939400103806,0.3444283574868047
13655,0.7068926599888353,-0.09578837216729709
13656,-0.5182597138912859,-0.242200330282404
13657,0.8717042894594017,-0.2192715924198923
13658,-0.4230274593998032,-0.2928034432938736
13659,-1.6063156939313765,-0.0874980235695643
13660,0.6336038514711632,-0.20723582057277223
13661,-1.0873227202291131,0.3511300751267757
13662,-1.883072395433436,1.0857742547800178
13663,-0.5379250851964634,1.047596198653752
13664,2.104889373386374,0.5978022366628886
13665,1.625860490684472,0.6557074732466588
13666,-0.08562178681932696,-0.08891756014055503
13667,3.1880842123037816,1.0689049475419956
13668,1.0284676627129186,0.9531581587022756
13669,-0.8925432212173708,0.09332320337857654
13670,-1.4814840386680235,0.25112789912878625
13671,1.4852843575884667,0.19699111209019024
13672,1.5507073103455042,0.20599297928367302
13673,-0.9289907893577868,-0.07094341969928736
13674,-0.31354202026458877,-0.2355363028506094
13675,0.4264340275580141,-0.12798635069337785
13676,-0.2965772859740486,-0.3396687016424611
13677,2.08071660150494,0.3134007404283683
13678,-0.5442866759977675,0.0689731879544698
13679,-1.713925221946227,-0.003846179901006539
13680,-0.8399195319050423,0.22997475191478697
13681,0.9317377197600522,-0.1400867837358108
13682,0.21123489268416118,-0.26853487700919054
13683,1.4584141084774274,-0.4319638280830749
13684,1.1601361907434908,0.006777183127039812
13685,0.002006191586050616,-0.39021562639364704
13686,1.0790971871147177,0.06366612868364688
13687,-0.4588794049094897,-0.2010034022258777
13688,-0.03581134884296252,-0.39146851317988945
13689,0.19556877049241686,-0.32706577200570425
13690,0.114917144519977,-0.24258904028434333
13691,0.19369766868721552,-0.3126641649218359
13692,-1.3835817934308738,0.048400277782872383
13693,1.2339571013364876,-0.08563879667170696
13694,-0.1548967666439772,-0.3500771174000646
13695,-0.14073177844456414,-0.23193040958263955
13696,0.04823256153492083,-0.4860844250947355
13697,0.2722480712516736,-0.4112598122718971
13698,0.22805087792405082,-0.36112216071404246
13699,-0.6364216081444849,-0.40835403919206686
13700,-0.33094650661000274,-0.4737853198318743
13701,0.3098563649436472,-0.3859294900169264
13702,-0.33247191783405833,-0.47452904424307735
13703,-0.5745726497851209,-0.3256731758836517
13704,-0.059566381989467815,-0.30282863248089914
13705,1.0224380603620786,-0.1883456788870556
13706,-0.18151345982775643,-0.4539033269851901
13707,-0.3337097408088485,-0.4613383456074788
13708,-0.2529187181423682,-0.4646163747791464
13709,0.9138735724685731,-0.40535316277865274
13710,1.1948755610846695,-0.16386366895075313
13711,-2.16114985969841,0.042105156781341656
13712,-0.6996347384109037,0.06292185215315703
13713,-0.5028129607737112,-0.3516911576674544
13714,0.5408476717147449,-0.41050636923105616
13715,1.2919622094942016,0.09266435436438566
13716,-0.8082630851419376,-0.20431568413522924
13717,0.10210418131013788,-0.445908199229758
13718,-0.8026214829308764,-0.3498630506425115
13719,-0.5748748221907997,-0.5041377205544989
13720,-0.0014001990108523622,-0.5198793003655502
13721,0.5185987310388288,-0.369862553328521
13722,-0.27697541117004026,-0.5081933029906912
13723,-0.5119373143660629,-0.24175382351095873
13724,0.17967553365975336,-0.4370468674132982
13725,0.5249739938391105,-0.43142577791232106
13726,0.47717603373153267,-0.4910746886706488
13727,-1.3441035524419793,-0.13698590997575405
13728,-0.1470738880981124,-0.48587803164515
13729,0.5439228425764862,-0.4587170959678384
13730,-0.1398270686534715,-0.5104661786550332
13731,-0.6632137442076107,-0.38717740984963106
13732,-0.2535365536635182,-0.29577891035848586
13733,0.6306615998163856,-0.3642341093092257
13734,0.1506394953022812,-0.5553078817753627
13735,0.040247438384341964,-0.4578579976266476
13736,-0.9773010847080843,-0.3805736328684757
13737,0.12595282464809307,-0.4116732364285406
13738,-0.6535447205760379,-0.4530195916877894
13739,-0.6672373050067689,0.0616933397968329
13740,-0.053241471117286686,-0.15836331545548582
13741,1.0300704475462445,0.013475586093679987
13742,-0.7985367592414799,-0.23177489186405845
13743,0.1184947937606394,-0.41578905453007703
13744,0.1477220099081991,-0.36109801741586467
13745,0.02822233955541774,-0.5036214425161984
13746,-0.29650084496803886,-0.41649050578981245
13747,0.5224640245655449,-0.44761515804321617
13748,-0.13238385215378196,-0.45214341788042484
13749,-0.5028301355079535,-0.3186009295420739
13750,-0.4168282847131614,-0.2653314420235419
13751,-0.1876033917334883,-0.5403148839968883
13752,0.018539860157076996,-0.26491923064007705
13753,0.21005880423322865,-0.3474353758691797
13754,-0.8586909095364746,-0.22184495793177947
13755,0.5190436226817978,-0.4517908628988306
13756,0.7718501781507642,-0.4969720564114336
13757,0.838287176231226,-0.019708198184743748
13758,-0.8111498369646482,-0.15111901570133682
13759,1.4383611418894253,-0.06966855899200453
13760,0.5869315729868919,-0.13943524973791901
13761,-2.42777347853014,0.35117127663488046
13762,0.16463757736858786,-0.34365267426489243
13763,-2.1797219847624136,0.2904894014951085
13764,0.9885864259208477,0.033735515014762116
13765,0.05581752558354794,-0.27651139181093615
13766,-1.1475517725975302,-0.302347561675154
13767,0.7154482178925127,-0.2421433846898754
13768,-0.3671631328136442,-0.3038871875581111
13769,-0.3657367884026022,-0.23940045140427085
13770,-0.7882285689246784,-0.25940731012315843
13771,-0.38436877755883936,0.0884287331966584
13772,0.037573498366243324,-0.3107822904234845
13773,0.9820691580556382,-0.2754982979966069
13774,-0.06343638553714072,-0.5683579558784854
13775,-0.14193889930101508,-0.5224829067666915
13776,0.6078229682631835,-0.33658949608266125
13777,-0.5060129454088045,-0.5245730175397345
13778,1.0741188025627486,-0.24312461460563503
13779,-0.10789242421748294,-0.4530704546617761
13780,-1.155378078419665,-0.26363247190520495
13781,-0.5967570861233563,-0.22344898377983155
13782,0.18441343473401065,-0.29445529288753564
13783,0.2240162790029,-0.5298407302899304
13784,0.2507899918055933,-0.4630459684661422
13785,-0.13469967262603377,-0.12640216865199158
13786,0.737207928596119,-0.36111678717602275
13787,0.28092065118144505,-0.4068831666081064
13788,0.1648257851713489,-0.5199986370152998
13789,-0.33682027414995025,-0.5243068341080761
13790,0.3654873389249052,-0.546215742223848
13791,0.36384896557584,-0.566278158638149
13792,0.024777156383745166,-0.6011833116859416
13793,-0.6150030734272033,-0.46851499842368505
13794,0.2852363530832793,-0.5626289038043462
13795,-0.8538280564687096,-0.4153732335199955
13796,0.27983961481389963,-0.4470722983835838
13797,-1.0779831793726147,-0.3134035900349821
13798,0.6263095362922766,-0.4252001273635301
13799,0.8313140380402766,-0.41820970490276543
13800,0.1430668114400639,-0.50957669556647
13801,0.12373914428527001,-0.41963739347353135
13802,-0.48360631812500326,-0.56373941401353
13803,-1.2286269620790622,-0.2560902268871264
13804,1.0984636764375584,-0.2584306741626653
13805,0.5077931812388431,-0.5108797375089459
13806,-0.0031541122324234257,-0.45234646220444547
13807,1.4003609856591535,-0.05643579253702334
13808,1.2262527834123118,0.2002178609358558
13809,-0.7170066083898665,-0.22316941376630767
13810,-0.3616767299642791,-0.4014284020848318
13811,0.49141402747428653,-0.5003910556079045
13812,-0.9419764115806118,-0.44319499969298976
13813,-0.7733955831893063,-0.48422773915898193
13814,-0.11274286509268296,-0.33917414862269024
13815,1.1067867082843679,-0.3783938116834127
13816,0.24264902260913784,-0.29892354326038456
13817,0.022030586184632477,-0.4094523991622334
13818,-0.5124538472134599,-0.3993630475050248
13819,0.5804608151863085,-0.4579531489379709
13820,-0.237847319773241,-0.5373830661718755
13821,0.263477181382334,-0.42525117917223865
13822,0.3478072961954014,-0.4217460527095479
13823,0.12795570211957524,-0.3213958024732336
13824,-0.04096840129761679,-0.3944527594171971
13825,-1.3696345888645596,-0.061480017858888444
13826,0.3539220884912563,-0.40904808673910875
13827,0.7911329682916783,-0.3434867897084251
13828,0.7068236851524275,-0.27541588784243265
13829,-0.20235564535637374,-0.3991290852726498
13830,-0.15239481217406023,-0.3479721502343026
13831,0.674810722701735,-0.15486891728769572
13832,-0.06462722748281242,-0.2641998833270877
13833,-0.46855200059587626,-0.35995491997107854
13834,-0.44977881548640547,-0.39889035075522833
13835,-0.4598913867322006,-0.365594207920164
13836,0.09430707677364925,-0.32324360811978325
13837,-0.3910684817632006,-0.2983385694931161
13838,0.43800955477886977,-0.394443935338304
13839,-0.9424245104088668,-0.3090264072705521
13840,-0.2503161791433512,-0.39168053448802526
13841,-0.5019474027131615,-0.19329956457983957
13842,-0.08300115191354936,-0.31036935763973383
13843,-1.075967189177931,0.12571856952709082
13844,-0.06828042139262057,-0.24463877344597162
13845,-0.062159939337389475,-0.2902679206810077
13846,-0.08765733578760314,-0.279239877283791
13847,-1.0216881475898238,0.47159134379370965
13848,-0.18603044748542122,-0.14790392161497853
13849,0.2318595467331213,1.1787455914890852
13850,0.28154710293662677,0.4945689607893506
13851,-0.07319728458439867,-0.10481924863799086
13852,-0.1231085489313417,-0.06610207496198027
13853,1.5738655413244458,0.8219412120076566
13854,-0.30834684796455714,0.2552198221893801
13855,9.027995888364352,9.86234476529842
13856,-0.45207593766766635,7.585115678581038
13857,1.109261515217992,3.9880544844436927
13858,0.5096818166703818,1.2912575690317707
13859,1.7746186988921218,1.631333750246382
13860,0.719877436117027,0.8768575086032805
13861,0.6411232907711956,0.7780950869488109
13862,-1.936581584137783,1.198382604077854
13863,2.6501228049740844,4.310095472943719
13864,-0.5139595479346084,0.9065191257443017
13865,0.3526241464778667,0.5860958440988737
13866,-0.7908368292522213,0.19310299319735877
13867,2.5861601290805853,1.3676284269020456
13868,0.9564855916095745,1.3172381394270194
13869,-0.6020287067518845,0.6253650346647354
13870,0.04200970278244026,-0.011351477993882766
13871,0.5901263465582776,0.2747427792696662
13872,-1.6217958805602992,0.5199995427898695
13873,1.0613647332128882,0.056054223538980416
13874,-0.4208882579061795,-0.2626256347054627
13875,0.5396083081478855,-0.10310113026458725
13876,-0.052689662664095104,-0.22956095321245948
13877,0.22622876380299164,-0.12210388531828884
13878,-0.2299602880223527,0.2781725289359977
13879,0.41784700105022793,-0.09830227486746054
13880,0.22167218740470246,-0.22658160135886857
13881,0.07289533882600252,-0.22252137965786611
13882,0.4541774634684268,-0.18350164542428812
13883,0.18218985519860534,0.49172742026290744
13884,0.5257569781519809,0.06412375516374308
13885,0.278758367365705,-0.0632349236247337
13886,-0.3213483538645701,-0.17463893125416724
13887,-0.9855933650706079,0.05793217354178091
13888,-0.23886352010552317,-0.06904665866826916
13889,-0.0033237606529172604,-0.022318120809787807
13890,0.11879555142568204,-0.19306292175262907
13891,-0.18399494473015052,-0.2621334531783669
13892,0.6819596570130475,-0.29577534858980076
13893,0.47719655552775314,-0.19073752365152957
13894,0.05030065300610547,-0.29287684704647454
13895,-1.223098813973896,0.2594691170636536
13896,0.5263805870482412,-0.22455379064069722
13897,-0.7738130285894116,-0.11883579989956823
13898,-0.18739499110976066,-0.19267039057243243
13899,-0.3092527098036811,-0.21801165244994503
13900,-1.2839733318100488,0.161573817184861
13901,-0.8955375785587699,0.14295767434738385
13902,1.343208742992097,0.2109143748119419
13903,-0.7278824528819996,-0.21804118599512826
13904,-2.006485509202508,0.4927316384467743
13905,-0.33003647379321693,0.9428378231852887
13906,0.7704893921028855,-0.03997347567898849
13907,0.24410316466080395,-0.12440123299909106
13908,-0.16563248896266342,-0.14614058430634402
13909,-1.1484967587858166,-0.24270814371860822
13910,0.6230201818988063,-0.40532093153417975
13911,0.8984819775702458,-0.17465125854447772
13912,0.038091611877337596,-0.10794786828620469
13913,0.876916142369183,0.32643886260694804
13914,0.2830547803860896,-0.1681309626576557
13915,-0.10809256305251745,-0.32647663440933306
13916,0.6978643675447083,-0.24526916078060707
13917,0.5871229450073203,0.0030193881675687176
13918,-0.09861657050988287,-0.32148521596432167
13919,-0.876971305875307,-0.17934270400587604
13920,0.02350412830397972,-0.049259634248110105
13921,0.08291977710673835,-0.32222978222767124
13922,0.1476121284770093,-0.3274978008930229
13923,0.46349361966709224,-0.07890281209096205
13924,-0.9083254127769923,-0.14240999251105937
13925,0.33018290464458555,-0.08035610724186722
13926,-0.49138565383618904,-0.22793948455862956
13927,0.1005414076917201,-0.2814778758486882
13928,-0.8431372031859777,0.020423291382273282
13929,0.7647619027900365,-0.02534841943767911
13930,-0.10214831365964959,-0.24300701941223599
13931,-0.3361553862887456,-0.24066994969900443
13932,-0.24311855341533448,-0.3330234263886831
13933,0.6455130139903753,-0.24259698723478693
13934,0.09132571387380531,-0.3580073264083335
13935,-0.7681316453570954,-0.24495669699128056
13936,-0.2542686729051711,-0.2638264758674179
13937,-0.35526640538328996,-0.3543617545788918
13938,-0.24200162773938239,-0.41064649917468626
13939,0.6788891781065846,-0.348390056228131
13940,-0.31499168245277415,-0.4402074836108021
13941,0.05198021645695412,-0.37144894502488823
13942,-0.29911129239880063,-0.23850643951232503
13943,0.42273246091015043,-0.2117623149548791
13944,0.05798917762322128,-0.2247918314417222
13945,0.3133774086641708,-0.34531473525900813
13946,-0.565113622328805,-0.3780101579552549
13947,0.029235905116556767,-0.43257723794016945
13948,-0.5156204508799475,-0.1844675087461898
13949,-0.5514657716634943,0.31116400874559685
13950,0.21370324160025828,-0.05862910279191706
13951,0.12299274711692607,-0.038363920385247934
13952,0.9047234565228301,0.1926017780141491
13953,-0.8853322535420097,-0.07199247771698856
13954,-0.11024556222902943,-0.3654319277546599
13955,0.26431828446852096,-0.35317254159574607
13956,0.35312472469461864,-0.3356416570848603
13957,-0.21536910010371593,-0.36403690731654065
13958,-0.1045536799197204,-0.47131700780323604
13959,-0.39156031046107487,-0.32878833304429234
13960,0.2525228830395756,-0.4172422179166721
13961,-0.3474366765852625,-0.350176324092733
13962,0.706772328057658,-0.4059256037416322
13963,0.295437328905175,-0.40682174172597213
13964,-0.5708425452894411,-0.3656979242989981
13965,0.29125919586779014,-0.21807292781503726
13966,0.013848512257827182,-0.4800452605275761
13967,0.2999845292546268,-0.4378354084791805
13968,-0.16973940912545976,-0.45447535747145135
13969,0.30933730795318626,-0.5282604239163823
13970,-0.0808315987382888,-0.5395472337968095
13971,0.029399328975158186,-0.44411736940006874
13972,0.1554934739180748,-0.5691234287778786
13973,0.04304212449663477,-0.5493720368199463
13974,0.22475592466971764,-0.5465953432517887
13975,-0.36009802492835263,-0.4960198499174746
13976,0.16415126408309968,-0.509367221470018
13977,-0.608499984901882,-0.4082565866790386
13978,0.42770238849606573,-0.504347075903608
13979,-0.5606991967867369,-0.39567256175516446
13980,-0.2531501968024074,-0.4200891387310224
13981,0.06390870503445599,-0.5032745801932426
13982,0.001579414953181465,-0.49367362547645355
13983,0.5144508193894288,-0.46654374228423817
13984,-0.07290008181128577,-0.5980087026944932
13985,0.20230832916980013,-0.5245513333546714
13986,0.5648834921182861,-0.44811445911257
13987,-0.029030957738147307,-0.33674104921496734
13988,0.17277782567805552,-0.41207435466118475
13989,-0.22965265522133949,-0.5540778934882892
13990,0.2530514050727007,-0.38668925934546144
13991,0.13065426398295496,-0.3255133573062976
13992,0.29013025834029554,-0.31683770947366735
13993,0.6757636304580614,-0.33217162826211033
13994,-0.4318899026103323,-0.23105655339166414
13995,-0.22456810588083062,-0.38586848501616033
13996,-0.4621035338896288,-0.4308443936705224
13997,1.0072799746069045,-0.26166676584084675
13998,-0.2409096383254269,-0.4403421434497844
13999,-0.035768590777157515,-0.37774859128736216
14000,0.24806527057068142,-0.48313361851700715
14001,-0.8044877424257318,-0.26167432761375553
14002,-0.6973058665574348,-0.30165550683808057
14003,-0.14670734269683744,-0.3861911420925377
14004,-0.2641600805267712,-0.3717321776774492
14005,0.25182082064650674,-0.49965856966212935
14006,0.6070034947538087,-0.4220055807295774
14007,0.29863502932132346,-0.29901953222050637
14008,0.02391607590925731,-0.4692039735809242
14009,-0.49423561894285933,-0.41141627538178865
14010,0.4918237605349489,-0.461258538384348
14011,-0.3284611147059807,-0.4518413169633412
14012,-0.20285270789260204,-0.40161517546067244
14013,-0.13299858856927993,-0.3703214580325021
14014,-0.07319230676188475,-0.42686002284204705
14015,-0.4183312854386154,-0.32393502004215613
14016,-0.32612543198182825,-0.2833466086378218
14017,-0.26763676601453656,-0.2003987198525471
14018,-0.7328117864397711,-0.19753558708112676
14019,0.8401131671028425,-0.22268357622298007
14020,0.25316818421171616,-0.35601547584532994
14021,-0.3399584445986336,-0.30543989408345446
14022,-0.5988245290724168,-0.41655947131300336
14023,0.6551001678636458,-0.15702240340429577
14024,-0.18557231403109484,-0.3587146567966021
14025,-0.18392161602324997,-0.3950318167369101
14026,0.20822476893372924,-0.3891155749932494
14027,-0.5410849638429109,-0.20425351846197656
14028,0.258787656476337,-0.4365044811807801
14029,0.44572285181114896,-0.3981061422675255
14030,-0.5280840927326668,-0.16763579302939122
14031,-0.7096740937820487,-0.21448037665658026
14032,-0.43718984718842907,-0.20619178105106598
14033,-0.11478625621387713,0.08388167571209745
14034,-0.25658347303977924,-0.27716982374105326
14035,-0.42579379534264283,-0.2046017280384108
14036,0.057071506132849226,-0.0738191409095569
14037,-0.17743761491872712,-0.27167757475252513
14038,0.2878437090323084,-0.39972740927467576
14039,0.31764976014241814,-0.3176928769106662
14040,-0.2439926229508469,-0.4075652089488606
14041,-0.04931399400179525,-0.4111187677793453
14042,0.23391174758831332,-0.532773771992139
14043,0.1672404720330359,-0.3270928952988086
14044,0.3288136126522951,-0.29513851958061504
14045,-0.18593049114774202,-0.28146506496162693
14046,-0.26205725038589345,-0.3445315449124345
14047,-0.37149999657542154,-0.23886763629218552
14048,0.3997561987104882,-0.21768671580971463
14049,-0.012659796595366759,-0.3563886295744519
14050,1.0611138853032072,-0.03389303386982134
14051,0.9301227939415629,0.21164397758381795
14052,-0.05166445228582488,-0.06767591019666616
14053,-0.42481271222052475,-0.18921086461096523
14054,-0.7895866277968535,-0.1309407628692666
14055,0.5400719644750073,0.021366488777205324
14056,-0.6714628041075921,-0.3426768864781174
14057,0.48071964333975964,-0.39391206471587076
14058,0.08649615604307141,-0.3237354761837127
14059,1.669304396679962,-0.04506095195582952
14060,-0.5764555564617533,-0.2664152764224053
14061,1.8901180676339877,0.6640413378896532
14062,-0.5016673464428999,0.25914901292117665
14063,0.8613058602321841,0.05236225015977641
14064,0.7625947517410002,0.5231137027571027
14065,1.1595651535919105,1.6347630262483956
14066,-0.14292962025027775,0.24792277328857337
14067,0.14437428454483997,0.29285770744480444
14068,0.1757401413278911,0.031171575529178645
14069,-7.768244157737906,9.976553810472572
14070,-1.5184950721669377,3.1875630288270527
14071,-2.641409334958834,2.308246958297439
14072,2.8796146612403386,1.1441361488192512
14073,0.6406943816714986,0.31127550547906424
14074,-1.175481526863726,0.23121297132241497
14075,0.19592402984625282,0.5552113166715641
14076,0.12566206895199764,-0.16080531637257697
14077,1.1231892736681373,-0.050822233452808216
14078,-0.06469079388256321,-0.3306088842569518
14079,-0.4347462220717507,0.12049267885555771
14080,-1.6847416598040337,0.24323818835998676
14081,2.419670221191796,-0.06062817435872663
14082,0.8244987893968201,-0.22047771015194928
14083,0.2589443594420553,-0.1692660099432299
14084,0.30413713840223033,-0.4035933765873302
14085,-0.0670686669882349,-0.49937531021922454
14086,-0.5787252194098508,-0.18180904469304504
14087,0.32389785656847786,-0.27084188892228145
14088,-1.356857015815783,-0.2221398610394983
14089,-3.2920978509023953,1.4152273558407624
14090,1.3631284613322632,0.7478172571241335
14091,0.6146442922197645,-0.27073742089151726
14092,0.8209922314787028,0.3013987500288014
14093,-1.0465228627809173,-0.3521359537421098
14094,0.919664476534407,-0.1926188924073063
14095,1.348448986449237,0.0021622000912290013
14096,0.39572116622944364,0.23174859020793517
14097,-0.26034227879142585,-0.21921544690954634
14098,0.45465385773606887,-0.240563973912428
14099,-0.38070170222126476,-0.13073012627045424
14100,-0.5432987469994762,-0.23197906784871367
14101,0.22767583713792613,-0.295969731083502
14102,-1.2023481867173444,-0.06568274465988161
14103,-0.6026630359407104,-0.1653337313512098
14104,-0.07821996315464652,-0.028161946998257976
14105,-0.10643462200899072,-0.16192867491403415
14106,-0.013339188922726203,-0.30139934384809
14107,-0.8905265490546151,-0.14913472119441265
14108,0.3884652926733993,-0.01935389571634037
14109,-0.24496056669972147,-0.18434961929506305
14110,-1.014897239793597,0.31690399673966246
14111,-0.45524794247899947,-0.10662068392811731
14112,-0.18265955599530903,0.011925557468271735
14113,-1.1399909848817458,0.22848703780586874
14114,-1.0261531459442412,0.46192583881262667
14115,0.6696106891209516,0.05555470952397667
14116,-1.0599694925830718,0.05438164422194139
14117,-0.4949371683503626,1.020945333140174
14118,-1.6827574361892936,1.1151026561023913
14119,-0.044292546731269616,1.0656098843253876
14120,0.41693895818993265,0.07616056426506328
14121,-0.1201997568232757,0.1809552574453948
14122,-0.004625017093188294,-0.17442807705077396
14123,-0.4532998698210597,-0.24460323479419485
14124,-0.23494667824032103,-0.13985613788680673
14125,0.6872866307517875,-0.27875014832390843
14126,0.5141682578554312,-0.14229133338493397
14127,-0.9018504638761466,-0.0030165949361482514
14128,-1.9105817647825907,1.1109685207254067
14129,-0.17099725197467078,0.3263552582039438
14130,-0.15709879292568377,0.3240794150898725
14131,0.34061884140859083,-0.24117150791191236
14132,-0.016388722613606993,-0.10998826153644606
14133,0.45341220654876274,-0.07460514950052838
14134,0.5988184457461609,-0.1926011285943198
14135,0.262021047929817,-0.19300014976701876
14136,1.166825128920867,0.0435838888104664
14137,-0.1828879615314212,-0.10664953045709862
14138,0.437711133844651,-0.17641400699170784
14139,-0.7692302597814716,-0.08124840375368306
14140,0.5547636511210245,-0.058116760645867654
14141,-1.9665897592441737,1.0897094980199227
14142,1.3372378642991931,0.4937373375897358
14143,1.2187815859648576,0.29167256695738153
14144,-0.13637504623420854,0.42540107027364477
14145,-0.06813706576394717,-0.008239971672958927
14146,0.9949440305001152,-0.14800421692363253
14147,-1.1309374909044752,0.2374235353252645
14148,0.824743290760711,-0.13007677315682584
14149,-0.5038303342353764,-0.20225996266262827
14150,-0.676258523032772,-0.312796875137255
14151,1.2332734086440906,-0.07288971633087515
14152,0.0528833716841679,-0.22034571363667552
14153,0.3277676687373636,-0.3649288755360243
14154,-1.0466701393000026,-0.3100261276656646
14155,-0.43607405886090356,0.1090125341087867
14156,0.8550517065437135,-0.15239122954891546
14157,-0.7769129969851981,-0.3842264272417944
14158,0.2006627660047265,-0.395510437938903
14159,0.2915012759994334,-0.2706857939081348
14160,-0.02907178144604014,-0.3522933070150539
14161,-0.7643675638595105,-0.15244725833480502
14162,0.19643842216218507,-0.5098844909731691
14163,-0.8045599614640498,-0.057054924522938574
14164,-0.6331756912500044,0.5131968763050262
14165,-2.013843083614217,0.9276312534855752
14166,-1.898965615831655,1.4579029656279903
14167,-1.8455949286783022,3.0046358273281677
14168,0.6524840427006146,0.4859121323897316
14169,-1.9661686059993746,3.8999157888130984
14170,-2.4947671234176014,1.5736356821600037
14171,-0.09718173348580454,1.766245298149726
14172,0.32605830853098655,-0.020142393694727034
14173,1.1096843460254142,0.30220319383123223
14174,-0.32274359278703274,0.026775618675616453
14175,0.40892703696480287,0.14810190457555278
14176,1.3460389762868266,0.012716236968862357
14177,1.0891545921339398,0.02692797641571715
14178,-1.500862726858618,-0.19795237751699776
14179,-0.40372901446804516,-0.04357343675453926
14180,-0.5321813767635871,-0.04482687552121849
14181,0.9423335552973756,-0.30229819721330425
14182,-0.14312095196844113,-0.3070013182194629
14183,-0.2127377348266082,0.46646593942777803
14184,0.14954988305292807,-0.01724539342014527
14185,-1.603277651524855,0.28320441037975247
14186,-0.1225364776730013,1.0794382680780388
14187,0.8052282476164038,0.24179138899842018
14188,1.6175663126239588,0.056946176531079466
14189,-0.017756051846011367,-0.24740461417466958
14190,0.905973179389153,-0.0760459545884608
14191,0.7129606378336236,-0.12166073662683136
14192,-0.707504756809703,-0.21724816042509162
14193,-0.6624713956357557,-0.22655984212042724
14194,-0.003891894568317008,-0.13352611157849387
14195,-0.65827090692695,-0.40181112662299273
14196,0.5675089842205562,-0.26758298560465005
14197,0.3684486771934636,-0.45392921991307583
14198,-0.22463629555466846,-0.43022031968671054
14199,1.0208150830186844,-0.2930729149223307
14200,-0.12344877699195742,-0.2928718489184012
14201,0.16231646186144502,-0.348125785379078
14202,0.14779375230241626,-0.39227453491947206
14203,0.4330968816620287,-0.3607269387427765
14204,-0.3727534201118631,-0.3894002554050612
14205,0.6233497959081647,-0.2518934110693725
14206,-0.7356205640092758,-0.28780892549025267
14207,0.27700459861398685,-0.27080253279863475
14208,-1.251132488704734,0.009308714061207646
14209,0.028712673252992985,-0.30153378140173265
14210,-0.19643608941131452,-0.4050666474710065
14211,-0.4138147477200179,-0.12425414735121114
14212,0.2728663995165854,-0.3363248739469817
14213,1.5452090630328603,0.11971501378537447
14214,-0.18047500020176194,-0.22527109287075722
14215,0.07852562476043205,-0.41510958543078913
14216,-0.8392903899493973,-0.26581777793116806
14217,0.1810328463701383,-0.4358622175513782
14218,-0.10260296079030541,-0.44652164973524133
14219,0.40946746002992074,-0.3027913578893324
14220,0.26358712181227073,-0.380992571253515
14221,-0.8952349498882531,-0.22006924286051874
14222,0.4165567831133056,-0.32575755445907795
14223,0.5090158506305552,-0.290789467962889
14224,-0.22727766535092617,-0.40094934989857
14225,0.497943356768599,-0.40017069326222654
14226,-0.3989417521727898,-0.37751783216103163
14227,-0.3004315573618968,-0.27122397404388776
14228,-0.8929145155098807,-0.3246438996867909
14229,-0.3121392094063594,-0.16733206401455286
14230,0.6093373135779897,-0.373800549083525
14231,-1.053656100383733,-0.1340673061640167
14232,0.5052146103366477,-0.502097061192771
14233,4.082108169087507,2.0815255137397806
14234,-0.7308111345974199,0.7063789283921335
14235,-1.0229645219074681,-0.008692305546108834
14236,-0.30733431842151415,-0.1352871589493733
14237,0.3450318135853367,0.5329924784360891
14238,0.5091436258539378,0.7550887941413147
14239,-0.6360946427174432,0.06752575922373388
14240,1.6786641581541244,0.382839492372239
14241,0.6491211129458743,-0.06615618216160662
14242,0.38488301139183173,0.03002702249215641
14243,-0.5171433535869703,-0.0021552914099291533
14244,-0.09890344834586162,-0.10575851004760331
14245,-1.4061900439351658,0.42337191604364033
14246,0.53308196897454,-0.17837606999726988
14247,-0.2970958483677837,-0.29981889369903386
14248,1.072926285950134,-0.04767592232165479
14249,0.42137274947917297,-0.2960447962736917
14250,1.16877303076907,-0.0962496758734474
14251,-0.6904237133821839,-0.29828822182229975
14252,-0.04428871443181115,-0.30312389833571984
14253,-0.8762781776809052,-0.12326376021365273
14254,1.0109170686844753,-0.24062625410142072
14255,0.2615315452352451,-0.3656138351143719
14256,0.9263297342274031,-0.29207398472671353
14257,0.7622226635557467,-0.09498463159848711
14258,-0.3145842955971179,-0.332308912083835
14259,-0.04244590373071632,-0.4165304332908473
14260,1.4887330428887613,0.16300030334282595
14261,-0.40463281870019907,-0.03908127016772447
14262,1.3233343318079824,0.06251371996825862
14263,0.3436996902950583,-0.14073492799056592
14264,-0.021759561461460925,-0.13047474234957795
14265,-0.6483481956854369,-0.26301304640720613
14266,0.3219969948604983,-0.22590099833081884
14267,-0.8464601241806508,-0.19006547343606625
14268,0.1710992305067498,-0.3605377995060474
14269,0.15595852889023915,-0.435657399485396
14270,1.0426494970487838,-0.30480634223894265
14271,0.2499039731035229,-0.15479374075378766
14272,-0.5525269313239133,-0.3013524535413492
14273,-0.18176385757781913,-0.3595230979445103
14274,0.8378610005351123,-0.30433043870487186
14275,1.0044158523537885,-0.07356350565474674
14276,-1.0814681849515508,-0.3005657232582909
14277,-0.1989110421829628,-0.35472940865527824
14278,-0.4020541296995187,-0.49166543887539127
14279,-0.3720797677062521,-0.4091304291765788
14280,-0.09403526310678376,-0.3557814493292924
14281,-0.11066014279461181,-0.4484054694405071
14282,-0.7932629346813659,-0.2611794589435454
14283,0.05290752805840999,-0.2878721255595789
14284,-0.24689033372984892,-0.4602207370129625
14285,-0.1611748543407699,-0.4464654420845709
14286,0.8494905727023284,-0.3487757973790222
14287,-0.5969931919369639,-0.42169202858638954
14288,0.621974152739776,-0.35998163740412636
14289,0.48311669360179266,-0.409393270429157
14290,-0.5979164903784139,-0.4052709775571597
14291,-0.3412446379935719,-0.4041686475716857
14292,-0.3731385088023498,-0.3654331333163412
14293,0.6659058951609685,-0.42944608292972586
14294,1.1352639252195684,0.3430731155518954
14295,0.6352581239687267,0.036267833979582546
14296,-0.45130756308018954,-0.15071817425283274
14297,0.6734139151556169,-0.3880852166111716
14298,0.15101958402296817,-0.35305099684159685
14299,-0.021087209326942413,-0.4638708820392596
14300,-0.7478682303425325,-0.40204465643118503
14301,-0.12046306086678482,-0.3661276830133767
14302,-0.23048396904485574,-0.5361462378266981
14303,-0.3926952004264977,-0.3589904951694897
14304,0.07268520718668571,-0.515045539174581
14305,-0.26632447702762935,-0.4380478901628416
14306,-0.4423050225199762,-0.40320044849746295
14307,0.001792877810534694,-0.3980885483857109
14308,-0.7924150418795108,-0.1178648692189087
14309,-0.2378483044650298,-0.35369841045054334
14310,0.161327744631644,-0.2197978729342541
14311,-0.06318622777302497,-0.40496016777231897
14312,-0.3698693764676883,-0.3110177858584461
14313,-0.040925979952098596,-0.4098545428685031
14314,1.4106795182490535,0.007098747539216462
14315,0.23329549730266266,-0.06836654371714816
14316,0.5084026601654764,-0.29211627315606725
14317,-0.35720490438248825,-0.36660085744025256
14318,-0.2116039775499983,-0.48637322764096313
14319,0.5572498294847177,-0.3381536834155312
14320,-0.1016801671701275,-0.1657211052106215
14321,-0.2696411668021605,-0.48931814532269813
14322,-0.14681430343777263,-0.4534070392888585
14323,0.6588860740699004,-0.2784882830218487
14324,-0.3200475317185722,-0.4414084725204994
14325,0.13618774497011765,-0.43964951771331484
14326,0.3288096372583467,-0.49044548329747567
14327,-0.10092306268912701,-0.2603734470263379
14328,-0.5655827850944657,-0.4031354577167609
14329,-0.33596902952765584,-0.393267719081226
14330,1.279669686737102,-0.2078745244655086
14331,-0.6926297884875116,-0.2776076597693632
14332,0.43070648866734274,-0.4301510193294034
14333,0.8398239851524723,0.3388773128801176
14334,-0.5858336648291037,-0.009588747361734288
14335,0.5112411796993653,-0.1528435821355787
14336,1.3735247785187579,0.03864759955951542
14337,-0.21258820146445995,0.5251678310671977
14338,-0.5364356396240822,-0.05608386511206313
14339,1.134997161507156,-0.11463820212550094
14340,-0.7121404726702241,-0.03639995870937982
14341,0.04700323857533641,-0.17219667111153117
14342,0.5839824555211247,-0.25896674719784696
14343,-0.531133629234708,-0.34472281155665857
14344,-0.3370699472314071,-0.16385739112414002
14345,-0.039562007915286565,-0.2919193773012293
14346,0.7138753508118173,-0.2897989597776762
14347,-0.5120053739917831,-0.35086904411431374
14348,0.9476186289219224,-0.3148652577740379
14349,0.15246634404027842,-0.27047954951929887
14350,0.13548893466490503,-0.48586757267646363
14351,0.4175580856647051,-0.4219187260318815
14352,-0.16432494608959244,-0.3529434238899708
14353,-0.5473677034648594,-0.25962201574123484
14354,-0.971370214453253,-0.25304026383843775
14355,-1.497299362146523,0.18324074884910685
14356,1.0086627881473011,-0.12652737287197618
14357,0.2511478246430452,-0.40532862144392745
14358,-0.41771247227462477,-0.32559247898190524
14359,-0.5893857644780967,-0.11758120647434872
14360,0.9000594403522941,3.4189167402821594
14361,0.6971514758479266,0.3679146155003462
14362,0.13269978881557115,-0.28802704371666277
14363,-0.7184282763098204,-0.11015622893100774
14364,-0.7778941358973029,-0.21930180477256705
14365,-0.5121456562185045,-0.17873376537457192
14366,-0.6894771952391796,-0.2836394127670497
14367,-1.38996962979311,0.10471716087074211
14368,0.3892584195037936,-0.27196530607334346
14369,1.5906231072124242,-0.12284468493611991
14370,-0.815072660767039,-0.29289682745129386
14371,-0.06508464787206822,-0.44057371072150303
14372,-0.010743658253087433,-0.49531545447152414
14373,-0.9406182801328166,-0.19488216558169116
14374,0.16433285822737498,-0.31623637296004714
14375,0.9636000724864839,-0.2917824664666287
14376,-1.1859903163404089,-0.24845438430829722
14377,0.19715810993950353,-0.2689632219265487
14378,0.16585364961621815,-0.21786530968322826
14379,0.7001820827247103,-0.2869395472336156
14380,-0.1230085516591525,-0.4522974671634264
14381,0.654421201831425,-0.3469811507291294
14382,0.19740369382482148,-0.4702956024071193
14383,-0.42980417974327617,-0.458563792146193
14384,0.6868270632630294,-0.31361769918499777
14385,-0.581832669248489,-0.48323248917960204
14386,-0.17138096886643053,-0.5128237270134307
14387,1.2867323215471906,-0.25932436361770145
14388,0.08731336015234065,-0.4368490414160473
14389,0.13436344776687753,-0.4514912430134451
14390,0.2716866104379826,-0.4518359232677429
14391,0.7058039441444848,-0.3051265853412491
14392,0.21613600096188293,-0.36334982226788914
14393,1.0484656394240677,-0.1791594562566268
14394,0.9048861268022909,0.6488349157646358
14395,0.17597143810635255,0.2407730256480975
14396,-0.37027546933469707,-0.1007629638387193
14397,-0.2703807677128305,-0.2971524104258489
14398,0.1676391632001422,-0.32018998552360933
14399,-0.2685332620430007,-0.32303807930810635
14400,0.6670145495505366,-0.38469086648193734
14401,0.11701862873794384,-0.3621553722939865
14402,0.19297818889766036,-0.36419652272406905
14403,0.12293840577197537,-0.3997660010922074
14404,-0.5739535021716645,-0.1300500259714256
14405,-0.1546400678943214,-0.3733785095052431
14406,0.457154131719713,-0.21152474765321894
14407,0.7736484433801117,0.5478557877297429
14408,-0.6183161733807329,-0.25872369613505175
14409,-0.1875944790697227,-0.5245257246010229
14410,-0.24956415879267022,-0.32452428582373155
14411,-0.7868106791634394,-0.25190715918839723
14412,0.1465300226927513,-0.42285850733682745
14413,-0.420922358812895,-0.39181315164570285
14414,-0.15413783871580722,-0.5304456877527791
14415,0.5319256362502354,-0.3054598249765635
14416,0.052061405488292474,-0.5013809178804436
14417,0.28915510441742476,-0.4353379461308465
14418,0.3019245900355183,-0.4826207237215686
14419,-0.5910202118743353,-0.3516689402848312
14420,0.09244098644504553,-0.4981927361499671
14421,-0.31412499368035307,-0.4212987916760299
14422,0.4305578066188315,-0.33762616266902795
14423,-0.1210413849657389,-0.41412755668615014
14424,-0.17021092284394695,-0.4615631904084905
14425,1.1986315477765341,-0.023316389003236095
14426,-0.006048354627604767,-0.1995297418933421
14427,-0.1290150944163014,-0.31648586184085065
14428,-0.15832615925801083,-0.31204979996129284
14429,0.017417164886299394,0.13439730052172966
14430,-0.5544140348143458,0.5545196422933526
14431,0.49348679641798854,-0.11559894683950543
14432,-0.9772348112342115,-0.05603908700398575
14433,1.2306057902563938,-0.006219538345323381
14434,0.6310487303401567,-0.2750316631640035
14435,-0.48803873645630197,-0.20545234985352281
14436,-1.723478421510762,0.3975874226263644
14437,-0.36440302130658886,-0.20269377123325436
14438,0.08586810388599671,0.12773258087024134
14439,1.09979669939988,-0.2042069076014956
14440,0.12674556243073698,-0.2101358946775462
14441,-0.5160858180118537,-0.3431332799768481
14442,-2.432905407933291,0.3079527773766997
14443,1.1430544385723966,0.2995884446079761
14444,0.8968704750459563,-0.2512892960984986
14445,0.12948620228910077,-0.2321242037430448
14446,-0.2387150445327568,-0.3232484896276855
14447,-0.3529877242801175,-0.373692182666651
14448,1.2358982854248564,-0.19309139418701385
14449,-0.22438558930283756,-0.37833380140160244
14450,-0.48301846333257203,-0.3438389707479231
14451,0.15206499612750599,-0.46014962159705886
14452,-0.28839185124765093,-0.43343477003001873
14453,-1.3694185711227718,-0.12091215853727622
14454,-0.7372821086404154,-0.07149008373672275
14455,0.7419216915158233,-0.01458288301526027
14456,0.26490296338900876,-0.4971703588066392
14457,0.009009349553657318,-0.49912835916066983
14458,-0.1428472791282304,-0.48458067034114993
14459,0.7214781196693529,-0.3727774526513568
14460,-0.31640163992993486,-0.3235252632429696
14461,0.07670253803593113,-0.30103809449613333
14462,0.42827153724409933,-0.541854035194906
14463,0.6879023802549812,-0.276769261225406
14464,0.7285003580369183,-0.28785072567372044
14465,-0.04157152777805046,-0.15909659908324866
14466,0.08650707936049924,-0.3556260135612525
14467,-0.20273000499775007,-0.2836741502455767
14468,0.013570061170915047,-0.4041872315311701
14469,0.12963734289764847,-0.346957883130373
14470,-0.035577736501702276,-0.4281279663914142
14471,-0.11829704497722639,-0.2699763853082159
14472,1.0822658732206585,-0.12620591382412297
14473,-1.40658763224558,-0.07011203717546391
14474,-0.11247591680503599,-0.40954184740936295
14475,-1.102622223004657,-0.10415440718789644
14476,-1.3014223005797698,0.2931273069176112
14477,0.9914793795706551,-0.09064959589767219
14478,-0.6231363973625366,-0.39877324538768755
14479,1.0168713402633607,-0.09050579749485695
14480,0.08220317607740325,-0.18567697466337602
14481,-0.4189748507523652,-0.31832170431231815
14482,-0.21908886788724116,-0.45599143660708985
14483,-0.22474689404578072,-0.27111961401451723
14484,0.4099128599630012,-0.4418068384139895
14485,0.35021381491612236,-0.33186939422777434
14486,-0.12796543485618858,-0.44947402734880587
14487,-0.4488244235514371,-0.38908463051534864
14488,0.29635397705295363,-0.4648346244776229
14489,-0.20314630282219007,-0.503766202533471
14490,-0.7828105437523518,-0.37016854039728336
14491,-0.24099955153922276,-0.4477409623625501
14492,-0.4332106584664644,-0.2722028489841499
14493,0.14009713027746898,-0.31844407533398295
14494,0.08761541842059421,-0.31043250428023944
14495,-0.8499757243503296,-0.2581285281643441
14496,-0.6510292884490242,-0.054601885471503554
14497,0.5299899249876304,0.5060045733297046
14498,-0.5630087224944561,1.7642867953493142
14499,-2.658136858538112,1.443874955486672
14500,-0.6921480125776145,0.5262411301342785
14501,-0.15995099317579814,0.15396504590058513
14502,-0.4086924860082169,0.2599861133763073
14503,-0.21357659741941623,0.005536235489395069
14504,-0.17424257236131904,0.22070146358588297
14505,-0.17899511270404492,0.16350779357328749
14506,-1.2034078106416697,0.40191972233772827
14507,-0.3528316584949772,0.08757566040216772
14508,1.1218908196716475,0.058780380008039736
14509,-0.11775616175735472,-0.2343810206378631
14510,0.42074586239121553,-0.14007858115291422
14511,0.559228779427763,-0.2579837325770817
14512,0.3772612649900341,-0.3312889621365231
14513,-0.38441012986876805,-0.3123329746051795
14514,-0.07468610441500509,-0.3945375646337962
14515,0.5630186744182412,-0.1729061003964529
14516,-0.6302265237923086,-0.4027725720301776
14517,-0.47893543397748634,-0.2758111069725762
14518,0.5639875997638988,-0.5156663560595689
14519,0.984576685146761,-0.3285433410075705
14520,0.12434667407544679,-0.40121286057782807
14521,0.8439648876106345,2.994977622566431
14522,0.8972970764186825,0.03420361003992537
14523,-0.46389286217928044,-0.22389947606939897
14524,-0.5099173218084749,-0.31517568377511723
14525,-1.7670764333025268,0.9375179198942367
14526,-1.040795667255112,1.359734402210978
14527,-0.4723269493611035,2.076832632864278
14528,0.6571071114505862,1.0598278849977356
14529,-0.21405941565085373,0.3559428080780816
14530,-1.1237487619726103,0.10335736461404413
14531,0.6736175358829032,-0.10236592380749972
14532,0.11608745691907728,0.5287762832734185
14533,0.1982501487654233,-0.26667534351713845
14534,-0.8643851167000594,-0.16922749630309816
14535,0.30206662076629714,0.45983205471182415
14536,-0.33375217295558807,-0.20807410625813216
14537,0.4551113616043077,-0.15078083029459424
14538,-0.22472486839893469,-0.3024614730580013
14539,-1.8178989367229117,0.3202372348225079
14540,0.45415247369371586,-0.0557050318913223
14541,0.6397179270815246,-0.4047523208303365
14542,-0.33758371894151745,-0.3353740391969929
14543,-0.06905049645302698,-0.3369323857471398
14544,-0.8599235188229583,0.12282886532468057
14545,0.11217753880963699,-0.3170809962666357
14546,0.11100681393742381,-0.502257561097895
14547,1.1414272438078314,-0.0969975919830212
14548,1.1701971356230791,-0.14951431306547963
14549,-0.1371447967330738,-0.34776952677680417
14550,-0.8995641856374883,-0.09316274458404153
14551,-0.9696201299333043,-0.02973668040744784
14552,0.28403914736700386,-0.16639281977969253
14553,-0.7844746120643837,0.24826010096058687
14554,-0.14491298291904867,0.21810327557905843
14555,0.5164360414160798,-0.047798968536783414
14556,0.3673227373010544,-0.38775921689819853
14557,1.4644821620259836,-0.10782031821734364
14558,-0.09201664400362268,-0.4150126741347694
14559,-0.9793224849094688,-0.27600622955132337
14560,0.6922102949655262,-0.37894678762786815
14561,-0.25099254354410055,-0.5075908906750297
14562,0.3740601956226672,-0.5727076978068676
14563,0.2659162472464031,-0.39718696597762526
14564,0.2701948004554579,-0.4580321309082507
14565,0.5429580095277368,-0.3243289168440067
14566,-0.5611738779605094,-0.40376678496921004
14567,-0.44142901910778337,-0.39979934943915857
14568,0.042483481073532406,-0.3480069435311167
14569,-0.5969319025968688,-0.3039751118449484
14570,0.5477583397003759,-0.38295086795644423
14571,0.22191862371246332,-0.5773859355189331
14572,-0.8856561060321672,-0.32927347497386067
14573,-0.10322393273292908,-0.5036965347952845
14574,-2.41893546587777,0.7314577061885921
14575,1.7765811657742498,0.38498132845917504
14576,0.17186641836561573,-0.2516049899108359
14577,0.4786481791803055,-0.34957971975256996
14578,-0.3661979044850114,-0.4085292793929901
14579,1.1118261068458526,-0.2556914926124337
14580,1.2398428648822384,0.3390792342321667
14581,-0.07942622644967819,-0.04688635583687386
14582,0.2254767174977289,-0.1708498659967323
14583,0.08432071068961947,-0.3514825338820208
14584,0.328066607409279,-0.2985587823033586
14585,-0.8090965418025293,-0.03272201829096765
14586,-0.1879410669780259,-0.41231865431426995
14587,-0.0647580441692494,-0.4070594769352492
14588,0.13803445097076766,-0.5995687485659966
14589,0.6538914110829323,-0.3618478913495991
14590,-0.5159538547953693,-0.42041792598911565
14591,-0.08201183086033828,-0.466291550649901
14592,-0.0023850325428717576,-0.47636272221074966
14593,0.5167765944974845,-0.4456439116853727
14594,-0.19049658350885493,-0.422710895366534
14595,0.030475551559912387,-0.46421543333249443
14596,-0.17071480493956448,-0.4824428910210125
14597,0.5981053995871071,-0.4637596195119308
14598,0.07624535149699585,-0.4028734863991015
14599,0.019022243823722088,-0.3878191932344045
14600,-0.021100265181327026,-0.4668223979618025
14601,-0.3753866360734649,-0.48690505124215677
14602,-0.37206323098423905,-0.5299677489891232
14603,-0.3375564565927665,-0.5539214961999859
14604,0.1342455990167493,-0.5141961006711135
14605,-0.3779975514186159,-0.4109849453993418
14606,0.18673138559246683,-0.49040300603035464
14607,0.20664222160748405,-0.3875357828843008
14608,0.2657175411926648,-0.3492694080349891
14609,-0.6966892428126638,-0.3596852277025593
14610,0.09046502275437802,-0.4709626976687591
14611,0.14183935443946927,-0.5581726967323023
14612,-0.16546590292230834,-0.5736692748507403
14613,-0.09017902867360372,-0.450768381769081
14614,0.40526093515167055,-0.5395277644915326
14615,-0.3896128558671487,-0.4963650786876856
14616,-0.6198512828232066,-0.44309322270000573
14617,-1.0170823139518828,-0.18749803458341172
14618,0.633467142692939,-0.32395780920288747
14619,-1.3030599907503757,0.04459742652751005
14620,0.7038671913471727,-0.21522668990194857
14621,-0.08511003809172697,-0.4067594239157779
14622,0.6390644399499638,-0.4287512014685677
14623,-0.5929953743324599,-0.470947701925684
14624,0.23949192757425328,-0.4848550377341654
14625,0.28487282020962995,-0.2738775353360834
14626,0.3747107509868389,-0.2876309476297525
14627,-0.0014160619393202205,-0.4428276420168776
14628,0.666231953667105,-0.3023068806623883
14629,0.5528494202920194,-0.37614510585623606
14630,-0.2274779092758607,-0.3735693220198013
14631,-0.8345563607861726,-0.4126545639482942
14632,0.13626278577656353,-0.48481960465624613
14633,0.37212502146142157,-0.46945697822169596
14634,-0.20121249463440444,-0.505648771950267
14635,0.5070126644285757,-0.531963116505791
14636,-0.28836421379055927,-0.5237827893249005
14637,-0.520220835114654,-0.3746407341428526
14638,0.2286855563343782,-0.5436433620338583
14639,-0.048353208908666984,-0.5166966685042714
14640,-0.21803573503482465,-0.5848697960473193
14641,-0.010721302823205383,-0.642508328912222
14642,0.12894818832703114,-0.5766197909135174
14643,-0.030395067025029296,-0.6386782195363874
14644,0.33303840886119307,-0.44877944139942905
14645,0.24683305419892165,-0.6188614356141431
14646,-0.03164718682838465,-0.5978568685783352
14647,-0.44826113894235886,-0.5277085853569214
14648,0.1658924957251807,-0.5559722878455936
14649,-0.4542687307238851,-0.5214386854044047
14650,0.34622854173474005,-0.587635766846896
14651,0.22373584854027126,-0.5187564788219685
14652,-0.28620960589637673,-0.6059537420429685
14653,0.012542655219721649,-0.5435422848399007
14654,0.08704713388058109,-0.6193645861727968
14655,-0.3658341496543924,-0.5686654494428657
14656,0.4438190963085902,-0.5839428655575502
14657,0.10501895048227979,-0.6141400133216097
14658,0.03136678105555431,-0.5780519523365893
14659,0.4199331522852021,-0.49984040450959233
14660,0.3003705275146869,-0.47041253356626483
14661,0.04055906513594987,-0.44221245005860604
14662,-0.014030417097645376,-0.6145934275941852
14663,0.277324733699231,-0.3593012878249237
14664,0.17398329504078905,-0.5575235745455922
14665,1.0020358507699654,-0.14309555015071798
14666,0.6505420646836338,-0.01275899633363798
14667,-0.8755132101787427,-0.2652395802325298
14668,0.5524944850723084,-0.42048748003272585
14669,0.28306257721523975,-0.2826080469398514
14670,0.3180558433785826,-0.4225850029316851
14671,-0.2916248978191059,-0.46915583275486966
14672,-0.0040206667182335525,-0.3862813201121491
14673,-0.35461426830948317,-0.490817907307503
14674,0.003198725490094658,-0.6309260727304794
14675,0.1384893149803597,-0.4915526537337068
14676,-0.02195898757714422,-0.5322235570199089
14677,0.21928336397218,-0.5292269239158175
14678,-0.08143837883885748,-0.3642976207245443
14679,-0.45510968780375016,-0.4975440804653961
14680,-0.7031912703818644,-0.40950804000145247
14681,-0.3303591931044331,-0.38392297189597024
14682,0.2070774448121872,-0.3442464355011313
14683,-0.36257024834728274,-0.37661832997261746
14684,-0.45315903451137896,-0.33527032697398906
14685,0.526601003894477,-0.46847688267071913
14686,0.13202228483792902,-0.5028217597892842
14687,-0.05201734596640877,-0.44536946825627954
14688,-0.6458246072113927,-0.3329510138976907
14689,0.00770604967642287,-0.33860237940712173
14690,-0.18249539201408768,-0.4816429297978843
14691,0.4339103779793195,-0.440759495780013
14692,-0.09307081549764229,-0.5418853720020964
14693,0.04097731104583121,-0.5127138598197233
14694,-0.17180918649371998,-0.5950533381455784
14695,0.4592868912386127,-0.4544378946192938
14696,0.17283881081509,-0.3977063509127715
14697,0.48307243164714747,-0.4428152638987796
14698,0.19580861020389326,-0.41211480817981244
14699,-0.09077120549656052,-0.38895400265128177
14700,-0.3103550617764179,-0.5013899511837145
14701,-0.18525310362406724,-0.4442709608016455
14702,-0.718266950634581,-0.2766917223297744
14703,-0.3818613270421164,-0.33733863325022584
14704,-0.19537148244532057,-0.33885148781250896
14705,-0.48444378818189876,-0.34078762413878116
14706,0.6308638936940613,-0.25357953591135707
14707,0.045608165505154806,-0.5353588512825541
14708,0.314816078886525,-0.425573460822744
14709,-0.4097457446759495,-0.492820108576439
14710,0.37175552835213743,-0.5269527614045061
14711,-0.4274851651935592,-0.4414669707786929
14712,-0.05152889329421339,-0.4271861897809458
14713,0.005246313777186879,-0.49046930152365215
14714,0.4823754002502636,-0.42429812623367175
14715,-0.4628027846072227,-0.417947889824412
14716,0.3267189124542676,-0.37421220634182534
14717,-0.15204026864753517,-0.31248147964950823
14718,-0.06530735071450258,-0.45481009125205046
14719,-0.45965201211802154,-0.35083282981551606
14720,0.3271196897875905,-0.5850596751760274
14721,0.3046223372139017,-0.5072108604176327
14722,-0.13403122479960305,-0.4821997323084785
14723,0.26546183327068595,-0.3211278019023036
14724,0.08924959046390982,-0.4010308789266351
14725,0.4736878529126732,-0.5127775747140834
14726,0.22469048334775507,-0.474560171728105
14727,-0.0950875626488425,-0.4834207308743557
14728,-0.2162199537527796,-0.48103537267747964
14729,0.5433440120532677,-0.3408711236187249
14730,0.03181074755018093,-0.4839357639247266
14731,-0.053810714841753045,-0.540869005185624
14732,0.01810589761124855,-0.4578771858326869
14733,0.16778490311154276,-0.5280001891374396
14734,-0.13867499582814016,-0.5798675390707587
14735,0.07748057683567573,-0.5366532470410766
14736,0.24169853648033063,-0.5398517569068338
14737,0.2490409252773539,-0.500388860135057
14738,0.27026833909811987,-0.593661564847276
14739,-0.5190047244192805,-0.427696541272943
14740,-0.2154708468038009,-0.5283139162528913
14741,0.2886237768194953,-0.5974795751517291
14742,-0.5627651388944379,-0.5090035838356833
14743,0.41412601308961977,-0.5099155368272682
14744,-0.008554544411035935,-0.5743460640480865
14745,-0.127775839360893,-0.5581185668143013
14746,0.28136562929931397,-0.6372943623075219
14747,-0.04091637849798983,-0.5424171133363139
14748,0.05268205994711098,-0.5076106545099203
14749,0.2157509074514614,-0.518776561126865
14750,-0.2434674753577888,-0.612865169593508
14751,-0.1397744818033232,-0.4736717530790186
14752,0.24970999064678814,-0.5657993779187102
14753,-1.3416919447653435,-0.21544180201001603
14754,0.16539784463869603,-0.4602126587727174
14755,-0.715178388612358,-0.2827798845501809
14756,-0.8867031927847939,-0.052137081633675315
14757,-0.8575050031710961,0.12385436100034615
14758,0.08510875488205101,-0.4043584435414717
14759,-0.7542384257354893,0.2197952436047789
14760,-0.6661346185598335,0.31521195686908304
14761,1.1546854975039729,0.029303479534609274
14762,0.12933237083353394,-0.3340244545967079
14763,-0.24426815751050163,-0.2407643005219994
14764,0.7300009485070711,-0.16834681091661458
14765,0.38079421565844856,-0.3234113204672029
14766,-0.7754076554064279,-0.2710285494387729
14767,-0.7876389727705243,-0.04167777360298151
14768,-0.8966544160003733,0.17990679246415645
14769,-0.5239507470035698,-0.1662222114145678
14770,-0.1293814948876478,0.041931639068900566
14771,-0.48580475388891026,-0.15958379920038204
14772,0.22696955423302345,-0.3164088461075205
14773,0.2648865867370731,-0.3037501827262604
14774,0.2696787921098279,-0.3316505343119708
14775,-0.03458059250559245,-0.4610452657610691
14776,-0.7603292785147997,-0.27806390084842675
14777,-0.7824157593300701,0.03162063020532844
14778,0.34988555638943725,-0.16440896879198014
14779,-0.3752117316543794,-0.13701425995528466
14780,0.9495415469302018,-0.0975677914213642
14781,0.9138376895880839,-0.2248319316614874
14782,-0.3478356368492038,-0.4736791409386398
14783,-0.35303294761233317,-0.20365807885028975
14784,0.5411288497927124,-0.14317577247251229
14785,0.755013297439334,-0.27477692976439927
14786,-0.2670913526269847,-0.3522798021153818
14787,-0.5566458340186118,-0.2677384390431739
14788,3.305192754840551,0.3662095898154664
14789,1.2427624947660938,0.510707318810507
14790,2.077041491299754,1.0596144856228369
14791,-0.3629478159922813,1.721591188665902
14792,-0.5753767898906997,0.017599036606971756
14793,0.9985020554256632,0.3017226879117401
14794,0.28930610697980647,-0.2156596278112073
14795,0.6779664274703573,0.04094803612601876
14796,-0.7079097523486801,-0.21064321771482764
14797,-0.029989429091350803,-0.09555761668340203
14798,-1.0037767947495786,0.09316950893147938
14799,-0.4377237978771254,0.111386661295963
14800,-1.236083553449002,-0.14395790512091744
14801,-1.1935913885969756,0.5691845926729805
14802,0.5143466746800167,-0.009330058244146672
14803,-0.08313264497508203,-0.31577649241086914
14804,-0.037317101524586865,-0.39755239107095425
14805,-1.002661902637202,-0.07490389417219666
14806,0.6154974331965372,-0.2492485490703251
14807,0.48811452063660865,-0.2251937623259925
14808,0.023987207178660666,-0.41403214910235486
14809,-0.24460163556350667,-0.339261340507206
14810,0.2279133826572337,-0.33921523389371955
14811,0.10477469121611607,-0.21300984703699266
14812,0.8864936883968008,-0.09080109813019716
14813,-1.081158484147683,-0.05367895350685112
14814,-0.39741576574807436,-0.08576288931113125
14815,0.8660437240139528,-0.257094802844113
14816,-0.45093761502354734,-0.26899483086358006
14817,-0.17741776973837947,-0.058057281372440595
14818,0.3039467051807319,-0.26484856855849315
14819,-0.28801901161792687,-0.26054863209241713
14820,-0.853941949380702,-0.26771328658058635
14821,-0.2986933314476128,-0.30283115092989144
14822,-0.14223851069466267,-0.252352989619525
14823,0.2830777832311259,-0.22742278530053764
14824,-0.2013231301320948,-0.4097764818381914
14825,-0.14807748101176685,-0.36608121841702956
14826,-0.2587160028799728,-0.31348491041354654
14827,-0.6435531800445234,-0.07201414112752526
14828,-0.14340782977878716,-0.24527717257769133
14829,0.23644485265178586,-0.22793755476583838
14830,0.14664533067916816,-0.3401286856536823
14831,0.6612370806948087,-0.26008727914245683
14832,0.26680719456783575,-0.3760085426904545
14833,0.11706338845035287,-0.4548258561305969
14834,0.278774978838552,-0.4573127018672616
14835,0.14102044613977582,-0.4113772812991643
14836,-0.2850664747161472,-0.524343611999031
14837,0.5881459076669996,-0.3943055486061295
14838,0.09822051105015488,-0.5511745643245247
14839,-0.38510393505099116,-0.5090685479743463
14840,-0.1825991342711065,-0.5350843161466902
14841,-3.047574385045271,0.7362742118608078
14842,1.5912569739901818,2.08912400868982
14843,-1.3851743497681634,0.41783442047880515
14844,-0.8604140937951402,0.013916053055351112
14845,-1.7064576723089364,0.7212691486456652
14846,1.027062918230732,-0.0738568503235755
14847,0.23036607584896243,-0.18824108692344582
14848,0.11421218644336309,-0.1266820735947719
14849,-0.27997515259478245,-0.24191810664155508
14850,1.3024143319981607,-0.0387547653476367
14851,0.8007226653427195,-0.2699538874825006
14852,0.048133518329252896,-0.486108923977879
14853,0.7210063409523503,-0.30419512912364893
14854,0.5553382824881259,-0.09832597997158107
14855,-0.2968879140881401,-0.300387735522302
14856,-0.03865167721397207,-0.33244307279337343
14857,-0.4555813535197505,-0.4008309294082625
14858,0.5470458873242007,-0.49582924328819367
14859,0.41686970962251,-0.42757444255825344
14860,0.06986279030402436,-0.32801854635658395
14861,1.1504392173086946,-0.062063395399794816
14862,-0.560958925344567,-0.24466300364156218
14863,0.1916919827876494,-0.4731064849011417
14864,0.35189928407901566,-0.3627666088669351
14865,0.4398243780248139,-0.2935134861524839
14866,1.7105347556311812,0.24445613989956502
14867,0.6100066224943632,0.253132843985611
14868,-0.5892716415751696,0.060274035579020814
14869,0.04810156412816477,-0.23727445517423343
14870,0.12976959786274417,-0.48481905231230904
14871,-0.1320102520999435,-0.30469751220337266
14872,0.20414863536673125,-0.34693485587418804
14873,0.13760951023239354,-0.33039425476335244
14874,0.19537121921999245,-0.3143010618872492
14875,-0.27359641618424924,-0.3585999067330774
14876,-0.05545834715862717,-0.5514537294164193
14877,0.059458976536730525,-0.5667224126441993
14878,0.30178228861145173,-0.3351039520959557
14879,0.3467579664903521,-0.2772789240377662
14880,0.002796017321381599,-0.4456790693302375
14881,0.0953065643625498,-0.2740125441443362
14882,-0.012913022218938428,-0.37759717881517774
14883,-0.717634777196804,-0.18812403567096492
14884,0.13780834267262163,-0.3669390007203472
14885,-0.12810132546725309,-0.23013315869286524
14886,-0.36104743821374663,-0.19512312414806135
14887,-0.20046809343592162,-0.2619058253630948
14888,0.8801013469972464,-0.18878304131297444
14889,0.21415943736106996,-0.3287114198918915
14890,-0.42380351277054235,-0.207313606959886
14891,0.6776148889377682,-0.4001992927615993
14892,-0.41802717299645376,-0.24923266056114193
14893,0.21374758751013212,-0.4520370275337527
14894,0.014669499748597612,-0.49976991304414903
14895,-0.17199010202354673,-0.4391764846007291
14896,-0.526906392641723,-0.3649467152601967
14897,0.24785694382868234,-0.4151997463194275
14898,0.11123473943259568,-0.4897828057119538
14899,-0.7222689732708175,-0.4061926138280996
14900,-0.32008376584272624,-0.1687337190845451
14901,0.15115411054240685,-0.4663585984131852
14902,-0.7245294498302317,-0.2114284745178598
14903,-1.0955383778903427,0.11422578799874414
14904,0.35924684571191107,-0.2431914433173801
14905,-2.0524246236745185,0.2775811369718244
14906,-0.6878772216683297,0.7511740077505548
14907,0.8959571034947347,-0.057677637977257654
14908,0.6984142328558947,0.026618996268509238
14909,2.426382624160629,1.919833108418277
14910,1.4266811871077982,1.235479690714632
14911,-0.7878534267930303,0.8151220827174377
14912,1.3191780553550427,0.3048276476705935
14913,-0.1756241321539918,0.23784265104250038
14914,-0.3320348985834647,-0.03702207787139756
14915,-0.2043302552396622,-0.11309573021565549
14916,-0.3806669822198347,-0.14763915134176814
14917,-1.3712418804945494,0.12553598970268456
14918,-0.8762339776439739,0.056686622380907596
14919,0.9295432527078933,-0.26464534908275644
14920,-1.538911576601739,-0.11006901807586245
14921,0.801126308749217,-0.24583805799309957
14922,0.4004072296461333,-0.42743884745310523
14923,0.15302364768376187,-0.32725080895043307
14924,0.7492140066435736,-0.2323297652944364
14925,-0.11378073229359904,-0.2753604050502112
14926,0.12188231606690916,-0.4039681506998998
14927,-0.8424107227433247,-0.32814162228109295
14928,-0.2966263026557994,-0.4004046677183011
14929,-0.09712812173409431,-0.4167614047564159
14930,0.7081640569654106,-0.18486190451721
14931,-0.4629807787278778,-0.31492237361806413
14932,-0.21893994044524726,-0.34916519033047905
14933,0.24707825246778453,-0.40825391805853806
14934,0.3620424787113661,-0.4130068962850076
14935,1.013254899752577,-0.3050232883564142
14936,0.7250724118452516,-0.00878929683636917
14937,0.3125495128687988,-0.23714172520162255
14938,-0.11111794728621402,-0.29102444500330005
14939,0.5726137121201341,-0.2941753243791265
14940,-0.5514516564075164,-0.26227052841498893
14941,0.496612779253283,-0.41097277873041294
14942,-0.21912779049928505,-0.4409343450910591
14943,-0.06314650356714802,-0.20821151957674142
14944,-0.29155791384222807,-0.45672607478976823
14945,0.5321217316167687,-0.34782882829008427
14946,0.26490870711063697,-0.36792380313267553
14947,-0.037217523442366875,-0.3890400034330416
14948,-0.4496397015439015,-0.4491897169719899
14949,0.028714236288592307,-0.43888889046251106
14950,0.3179437214944662,-0.540732863664612
14951,0.4983026292524393,-0.15738327946600278
14952,0.3786884262477751,-0.2656215703376746
14953,-0.7238991129507574,-0.2776658269608116
14954,-0.4458179619784707,-0.39938246094763064
14955,-0.6735962951437452,-0.16048087449701262
14956,-0.43397204214391444,-0.36377833554772737
14957,0.11568607901301277,-0.4663528355440099
14958,1.2580715550245667,-0.20801714746332683
14959,-0.18781187366961372,-0.29263077018450806
14960,0.6892484910628435,-0.4197875783347918
14961,-0.2743878583207303,-0.4374421405137323
14962,0.06353545121266467,-0.5220202444317061
14963,-0.6959611255585053,-0.26893177961477105
14964,-0.16125373629261863,-0.44918457119415256
14965,-0.36063119387879183,-0.3412332841776934
14966,0.3351692060345151,-0.44225334753643164
14967,-0.40711167338689125,-0.42784754569817085
14968,0.1695460523751117,-0.4431662156493565
14969,0.1774653921630878,-0.5188873385759598
14970,0.09304667823336515,-0.4857117390926734
14971,-0.3249548295921008,-0.5001317069407524
14972,-0.4295128504508228,-0.4399683365376183
14973,0.015383605229737933,-0.4008887128102435
14974,-0.12042885081524189,-0.4647097310517999
14975,0.06034678669030039,-0.1684844282507903
14976,0.4636314009803144,-0.4597234565081809
14977,-0.13855279704549314,-0.3833383955791531
14978,-0.16396881668938748,-0.5070607329623181
14979,-0.013290820589486815,-0.446140836237879
14980,-0.06028393703543858,-0.3122381580027418
14981,0.6656585385531849,-0.3429017698758232
14982,0.21526973269108834,-0.376816394899833
14983,0.5520951783839368,-0.24322663984688078
14984,-0.35651286683839645,-0.32919924620086227
14985,-0.14514110284792478,-0.26291958745763505
14986,-0.13866576763187222,-0.417764028789384
14987,-0.595100143027447,-0.38014820817552875
14988,0.7213808069138318,-0.39734043734320984
14989,0.2990103021047324,-0.45687502967113247
14990,0.3879347407398468,-0.3813696255467289
14991,-0.026770864505426744,-0.4180857466656582
14992,0.5672584525848969,-0.20668867703125415
14993,-0.29284661385716565,-0.40341084905570335
14994,-0.20013667980834696,-0.5166895289708393
14995,0.6552592544245002,-0.2866268198202059
14996,-0.2533615968902501,-0.40941538397427585
14997,0.13828942937080818,-0.41133205326120914
14998,-0.46784121558311187,-0.42302836574215646
14999,0.052814905647219565,-0.4750289055957845
15000,0.0023468116480144354,-0.544035838982855
15001,-0.7920598497311696,-0.23243397976206343
15002,-0.22315068285300707,-0.2874148573756
15003,0.9546555849701963,-0.3391362732141974
15004,-0.03744126064573875,-0.44103043415418053
15005,1.2137618066960152,0.04137958731403007
15006,-0.5731337023155478,0.10641407545073195
15007,-0.46441675276419486,-0.11365554346389987
15008,0.797709588992786,-0.06802946668589319
15009,2.1668852939770353,0.5209044119949562
15010,-0.6078230733183523,0.13107687952207495
15011,-0.2548065067362629,-0.10737422121499883
15012,-0.5349157411959824,-0.44250062293156567
15013,1.0695987390804722,-0.3333814523793407
15014,-0.2423415907460085,-0.3483750110954588
15015,0.010885470036929825,-0.34176642140280755
15016,-0.6883825585963358,-0.29604407498951846
15017,-0.65058915947296,-0.3398386464244298
15018,0.3218800856973435,-0.49811831290635494
15019,1.268192047606954,-0.3194567423285807
15020,0.1071440257172815,-0.4213640518510793
15021,-0.37356862615352576,-0.4109088989860274
15022,0.13561097721222884,-0.4130607278809285
15023,0.23585667591956125,-0.4985822899463499
15024,-0.5330523020575062,-0.47866163532665496
15025,-0.5734314997327156,-0.3250945964739902
15026,0.20938412110087168,-0.49366736769980457
15027,-0.38983240184644397,-0.5027397416170237
15028,0.2628238199640073,-0.5204708042605495
15029,0.0015314329767519169,-0.48354849181089055
15030,0.8064829935849244,-0.27615590394527767
15031,-0.16472722059138895,-0.3985892247135483
15032,-0.4507165235974946,-0.5303111873383909
15033,0.2499936308993192,-0.5286235785950448
15034,0.03287077916610421,-0.5316798968574903
15035,-0.12720604770472735,-0.5528441937127078
15036,-0.020234819591828226,-0.45634958383347873
15037,-0.6869182699700136,-0.44220372215077497
15038,0.2537649697836309,-0.4909635574076103
15039,0.3460963287939074,-0.3704468768663354
15040,-0.4280096522217274,-0.44555517539176315
15041,-0.136804367720138,-0.6112977440173439
15042,0.14321380799759645,-0.5958968641726339
15043,-0.31980865235333567,-0.5014671429069261
15044,0.05223484165876725,-0.6305349476433545
15045,-0.5416920666229157,-0.40584221704774115
15046,0.1871055248321989,-0.41633407960880925
15047,0.25999701638316464,-0.45250939154986086
15048,0.33357488557063536,-0.33137259812442277
15049,-0.06098310577978149,-0.5260190395545402
15050,0.055575213605396544,-0.5738137571276918
15051,-1.143226742150241,-0.30924801846285876
15052,0.13567304951756057,-0.39560823889833
15053,0.25120085410834625,-0.4473734587738152
15054,0.14069835719737614,-0.5431715961039972
15055,-0.4176802677918882,-0.41336430957446024
15056,-0.923740678236625,-0.34207918439775814
15057,0.07377028382101461,-0.35588699523663375
15058,-0.3372600246579349,-0.38380554310375425
15059,-0.09775765174257697,-0.2782865978859522
15060,-0.27396772278372966,-0.37217411857931554
15061,-0.3370395643066519,-0.3718408919729769
15062,-0.15039328025747253,-0.4705258621557946
15063,0.23858534432995215,-0.37819489231895814
15064,-0.2111398433399267,-0.35327823829634614
15065,0.11109930424459737,-0.3765529987536095
15066,-0.6212777296394201,-0.29289496106206503
15067,-0.62898233525141,-0.046651566371062145
15068,-0.32180892900489394,-0.2558566516695565
15069,-0.3292898257953175,-0.08322904569811589
15070,0.4262074736029707,-0.41024083502826325
15071,0.03402574864404931,-0.3823543581960924
15072,-0.20250976137003288,-0.39019960698929806
15073,-0.19473891504793742,-0.37585141087759155
15074,-0.34059966568486527,-0.42864257630504987
15075,0.755488924322338,-0.3769715604840178
15076,-0.3900648471127385,-0.43775392915426997
15077,-0.051284163828760075,-0.46373750884023046
15078,0.34419463987323295,-0.5504671110925579
15079,0.5788032792409868,-0.42145860612671704
15080,0.42689303673903534,-0.20959721006776616
15081,-0.33168674001027515,-0.48779785355094585
15082,-0.4928739693105008,-0.5201553847709985
15083,0.49511165946501484,-0.4896117531812319
15084,-0.2936302606530017,-0.5651846043062397
15085,-0.01946594716131879,-0.5152423156916508
15086,0.23927556174105455,-0.4909594292949443
15087,0.507748069364473,-0.41381569287374986
15088,-0.295987830623712,-0.46171281207306814
15089,0.24688778977849468,-0.525671414580424
15090,-0.6250023355411981,-0.39996748749855554
15091,0.874982989638694,-0.27083834911571497
15092,-0.340635854111952,-0.513478643520778
15093,0.15422818830213386,-0.5292485711345141
15094,-0.5628122072617681,-0.39086733363435944
15095,0.6236473447130269,-0.4058467993655435
15096,-0.15673258682873062,-0.483159663898097
15097,-0.7784416433770475,-0.19424587768001877
15098,1.0121183986605202,-0.3452937974653171
15099,-0.49307638805189796,-0.4766331491438474
15100,0.11518839477946273,-0.44776666151585964
15101,-0.4776713278304434,-0.1254005875617594
15102,-0.3351450066724454,-0.3466252886302179
15103,-1.7556263285155242,0.9333066400386364
15104,0.7686405185131381,-0.16102948895390884
15105,0.31695236120249753,-0.3241028208388123
15106,-0.6076069068843887,-0.25327395540943226
15107,-1.4040755704520116,0.3609236799520886
15108,0.1472399086477469,-0.14544511513235492
15109,-0.13357473969067993,-0.3462029865249613
15110,0.13742734767466305,-0.5193434913597815
15111,0.49887211103523044,-0.22790330602407702
15112,-0.5829594741413777,-0.2744077540081639
15113,0.30133218990663524,-0.37269938994102125
15114,0.03251312207556793,-0.4471398472570137
15115,0.44283075992861337,-0.3194250635902978
15116,0.4363398782679117,-0.46468509525482404
15117,-0.8312975895985156,-0.5663212311392094
15118,0.20318461365648963,-0.4947640719586146
15119,0.478723806787011,-0.2980352301664137
15120,-0.7998868694498019,-0.27562302288038826
15121,0.2261583556916386,-0.15967099058821077
15122,-0.37608979564069867,-0.4718790244068729
15123,0.5014081451669061,-0.4798508862574009
15124,-0.24173377456963716,-0.5501860789927628
15125,-0.4483579420654998,-0.3298137707828251
15126,-0.14595351377537386,-0.5236901321709903
15127,1.0429580543416705,-0.17258827358264017
15128,0.5794756772239336,-0.35380998046273365
15129,-0.22821674976831688,-0.46775070728380036
15130,0.16671873561888112,-0.531257958719512
15131,-0.040403125440850986,-0.46566157623559135
15132,0.15239983040955363,-0.6024214461824547
15133,0.398995731582529,-0.5634842159581501
15134,0.047176424559659036,-0.5293509729557505
15135,0.14552127631880546,-0.5015509694839633
15136,0.49067228735160767,-0.4148319958136774
15137,-0.3082237369885726,-0.5579757836996324
15138,1.442535874702737,-0.20944057965595667
15139,-0.3000246298450908,-0.24851157510508787
15140,-0.6357092669084436,-0.3903999854086546
15141,-0.8399447575677591,-0.3752347171037792
15142,-0.4705051311396353,-0.46018293293979784
15143,0.14829377109749411,-0.43145208260154205
15144,0.1918139406690495,-0.47146721863454955
15145,-0.12641389131105998,-0.5380899420524596
15146,-0.8734580392840368,-0.3489935583373486
15147,0.3304964262443539,-0.48215100329974947
15148,0.7770869164504347,-0.33640621657570147
15149,0.829965146515014,-0.43270505392584435
15150,-0.008612965080921686,-0.42512377543200697
15151,0.2806883548757894,-0.42050095592417275
15152,0.040436516955844014,-0.403836868788491
15153,-0.039001944252939354,-0.4302375183897245
15154,0.13708052945897756,-0.43925214259264644
15155,-0.6378455213309515,-0.5307549583481262
15156,-0.2643577282957142,-0.5047199124705439
15157,0.2856685553925171,-0.538048132469253
15158,0.4957241378392337,-0.4733720840146307
15159,-0.5468117988382288,-0.5643938931141668
15160,0.1935216139234529,-0.6087054916476982
15161,0.46509434170801495,-0.4614625478449401
15162,0.21814056728223663,-0.3414771967856318
15163,0.16864972315199564,-0.45335981258417113
15164,-0.08305512857540769,-0.48392955970743284
15165,0.2058040541255697,-0.5205489716301184
15166,-0.13733709240044764,-0.5598869003083093
15167,-0.08189175714645609,-0.510165329448406
15168,-0.2919964587008588,-0.4454136824199743
15169,0.4077149176232668,-0.4959451202853681
15170,0.47214630053434753,-0.32215884449743665
15171,1.0625404652311767,0.22795963572359423
15172,1.0722827689811136,0.1307152465664291
15173,0.43439073602425227,0.10322366030364966
15174,0.3535755080476839,0.17131028190478126
15175,-0.7020146503185767,-0.11588940599934563
15176,-0.13889231285952625,-0.31212817106749974
15177,-0.05672952556241088,-0.4195772776981659
15178,-0.06880271935714707,-0.3422917055200827
15179,-0.17860228887743457,-0.3165569171503849
15180,-1.0243314520114501,-0.27190819425304075
15181,0.5872582072390433,-0.33280757409412437
15182,0.22545063413767918,-0.492562365242935
15183,-0.060690184611882365,-0.29646581954524837
15184,0.14215751871439458,-0.5215770522779989
15185,0.05152716139067799,-0.5252511710615088
15186,-0.18219759840326183,-0.49932561235198586
15187,0.017499225856719106,-0.34856201037644896
15188,0.4801770354086599,-0.48133333528661776
15189,0.10119042538436125,-0.5762731976558844
15190,-0.026363146243229243,-0.5459357285007725
15191,-0.031055059536738223,-0.4752655735751432
15192,1.0253221486775783,-0.35712513215982805
15193,-0.5521150007592323,5.472014315706173
15194,1.6095707148610576,0.46617206179596665
15195,-0.45178056162532,0.25336396032744807
15196,-0.0653665625144929,-0.19481574131724333
15197,0.3119976518987014,0.4441285549927506
15198,0.022340960338200908,0.2634668684973502
15199,-2.3089862265288987,1.1517460391477916
15200,-3.5718315863450973,3.2535564035060403
15201,-0.4026671232077108,1.27453460963026
15202,-0.6993300874978763,0.2457599331989711
15203,0.42634708593372816,0.12476407031621885
15204,0.871680977058682,-0.04967486611624409
15205,0.4637718922098246,-0.32394616573820717
15206,-0.9450400297442572,-0.23549816891987746
15207,0.19620873924271828,-0.37898734726104283
15208,-0.2609818839641807,-0.381846638472651
15209,0.48266657773022176,-0.41832906508987366
15210,-0.09765927562066104,-0.5740432759512294
15211,-0.24329647814680058,-0.5542668220838263
15212,-0.11308999504176226,-0.5021637611525945
15213,-0.6995000534361568,-0.31988792005074307
15214,0.4864730342552264,-0.44967435501461606
15215,-0.04901823548041978,-0.4990967457554643
15216,0.882603391363261,-0.3818149151792319
15217,0.6807069826143655,-0.3500250320325242
15218,-0.025302394868702865,-0.36386105929389073
15219,0.12194657448300358,-0.5243913198385479
15220,0.5853054119160889,-0.29787402565326704
15221,-0.3100881483469034,-0.46970643248745453
15222,0.7024292810968021,-0.3088975325706667
15223,-0.39165417126388385,-0.2820649125038049
15224,-0.10557867783351514,-0.5171943078661626
15225,0.5304738275771489,-0.48869566186569113
15226,0.43611515556257,-0.5470532423920111
15227,-0.7856778834534703,-0.31330773599822204
15228,-1.0776146309241885,0.997908589616462
15229,0.04862270606899585,-0.29453850851163
15230,-0.8331114561654703,-0.43425729014417047
15231,0.015092140477083679,-0.5103598670906223
15232,-0.0005989785417500284,-0.5466610190653822
15233,0.8394245177157859,-0.5628887022232215
15234,-0.13352365376820424,-0.6106244428306931
15235,-0.24314686020656837,-0.5766587440514188
15236,-0.030155372376871437,-0.5858429512531083
15237,-0.1263865244570086,-0.5715655515121596
15238,-0.23756800351359114,-0.5676316724163175
15239,0.13372156211147365,-0.41999721392587835
15240,0.1960625020071483,-0.5505590172554605
15241,0.14067290181960354,-0.5545697447653234
15242,-0.029035616458213554,-0.5404080516696078
15243,0.10889235113572557,-0.595400636756793
15244,-0.15220060384707806,-0.6356765298927433
15245,0.25996215314299065,-0.5972686560205155
15246,0.06560077226279569,-0.577910623010323
15247,-0.34057376101362535,-0.4879640499280981
15248,-0.15501706225580347,-0.5405496233328403
15249,0.2648192064787777,-0.5407674309050421
15250,0.8750157265737377,-0.47653753184615444
15251,-0.17412309782094634,-0.47201152074463165
15252,0.333602039243066,-0.5006791097343358
15253,-0.16011110496254136,-0.4040056594445617
15254,-0.0034323906223619662,-0.5893686388530633
15255,-0.548939574344827,-0.43657606731247617
15256,-0.19307240638864595,-0.42836441426372573
15257,-0.24688898719899002,-0.46594690504388303
15258,0.16001925555910737,-0.5541387189585387
15259,-0.15771099446787062,-0.5236720675365529
15260,-0.5024239518827208,-0.4654468663657605
15261,-0.04547946497995043,-0.46538165121470026
15262,-0.13382684490944438,-0.46537301386963237
15263,0.16647475620144117,-0.5902192064987708
15264,-0.00869843826250284,-0.5880886859825285
15265,0.0004983365813930925,-0.5341799792507449
15266,-0.03094260921528924,-0.5492917602577643
15267,0.1420694031811278,-0.5943430570970242
15268,-0.00659138597356897,-0.5946385945098384
15269,0.014109052427250406,-0.5677438406233805
15270,0.0057838866194862325,-0.5519766415651481
15271,-0.21372780847436093,-0.5708654307374499
15272,0.009196169934304194,-0.5936317000876724
15273,0.20879098650530215,-0.5934192316522134
15274,-0.03976350824766455,-0.5141342868026271
15275,-0.6660495328183061,-0.4329513628160708
15276,-0.03362805742397681,-0.48169441834992244
15277,0.437722446058468,-0.545061600965314
15278,-0.36874497998361494,-0.466031893690928
15279,0.0625189195682844,-0.5191587626261397
15280,0.022700170780980026,-0.47087967747742554
15281,0.3405281008635699,-0.47766192259586776
15282,0.1428005780261795,-0.4982548380824465
15283,-0.12433041770141963,-0.5756874581843737
15284,-0.25751705669031155,-0.5365554719943613
15285,-0.010326633716967546,-0.5209225164029556
15286,0.2485137640741892,-0.5565826707116457
15287,0.2482962299841542,-0.5057544072364927
15288,-0.16988672086502105,-0.5459008366825688
15289,-0.04233452000669013,-0.605541550916527
15290,0.04254657883962216,-0.5692159558929797
15291,0.22033256628132214,-0.6064188137888664
15292,-0.15005150212830012,-0.5760962688477239
15293,-0.15924655091730844,-0.4827364078042948
15294,0.36478902324693935,-0.5224900926951676
15295,0.026596575371735962,-0.5954443546569332
15296,0.10640176319293686,-0.536613318076474
15297,0.09335560530202286,-0.5002465723755095
15298,-0.24996855709779928,-0.5993067457464971
15299,-0.47033570999723623,-0.39030087653233037
15300,0.3259454765422009,-0.48655202895129773
15301,-0.4050849977165183,-0.45691150590251517
15302,-0.863977827805761,-0.2507237509535487
15303,0.06781351088445063,-0.15072198520750102
15304,-0.053189348539229485,-0.14626794088924572
15305,0.13093798928582112,-0.532875532055545
15306,0.047144274980296136,-0.2573240306588786
15307,-0.1382607659076052,-0.5722170979891049
15308,-0.24617827462547268,-0.5850555345840279
15309,-0.4417687994886481,-0.4611384507722027
15310,0.30275162513238324,-0.5515685376662588
15311,0.3308198631978849,-0.5619620293664948
15312,-0.05724492079837191,-0.5723542140023887
15313,-0.4160407207816831,-0.4869702009417943
15314,0.42888812525496184,-0.5113202585700146
15315,-0.13635863358065067,-0.6017253127595289
15316,-0.09924651038270402,-0.5154661970477172
15317,-0.3283322218844904,-0.5343043178174763
15318,-0.09003575921521255,-0.47481088803061255
15319,0.20588757242513056,-0.6311511320801295
15320,0.09441997789443708,-0.5695467010369629
15321,0.2794494411226937,-0.5974460003890568
15322,0.2455692917239041,-0.5863102231240235
15323,-0.09946311796451454,-0.634445755174491
15324,0.04092932375191637,-0.6288969772557302
15325,0.09008084062873149,-0.6246240922383579
15326,0.11184707662169541,-0.5619356959645978
15327,-0.11922650962221511,-0.6324104583536551
15328,-0.09261215422607158,-0.5511717732982405
15329,-0.11884741053766504,-0.6470804662604421
15330,0.13204079525765036,-0.6331296344081591
15331,0.08824551770864045,-0.6354935987172702
15332,0.4180546480109294,-0.5663251668606014
15333,-0.09005025984533446,-0.5386842693326671
15334,-0.30501216869481124,-0.570382433464491
15335,0.46122136607368475,-0.4657540506468801
15336,-0.0969501366191054,-0.6329137070124409
15337,0.3534410039416898,-0.5674252033185031
15338,-0.006455081261556522,-0.6048331822958687
15339,0.32004374549445835,-0.46366647266929745
15340,0.2252008805561716,-0.556494867077579
15341,0.04542504947918028,-0.6025854881286246
15342,0.009888400351116022,-0.5429137030978378
15343,-0.13509443910958105,-0.6093051817339498
15344,-0.03301836387400472,-0.5883272016437759
15345,0.17458251262484223,-0.6142780643396171
15346,0.5029602277088325,-0.5204985399678117
15347,-0.2487474137650131,-0.55249553516928
15348,0.37183388068094353,-0.5591047506335396
15349,-0.2430836226932416,-0.49619771459463546
15350,-0.0953956696054817,-0.5672457567729735
15351,-0.34799201834707305,-0.5735022595933722
15352,0.12002570587889937,-0.581848772615946
15353,-0.037563612628587824,-0.5439582537566611
15354,0.1937491818852079,-0.6059766802667371
15355,0.04445847082632124,-0.5678355312340049
15356,0.21630292920799246,-0.5910887600862332
15357,-0.09959350089268006,-0.6141124740250108
15358,0.13449090876483344,-0.601482383507337
15359,-0.2439930552893785,-0.5721056958541226
15360,-0.12771824517089778,-0.6033000421479991
15361,-0.14938054911154836,-0.5821182116741478
15362,-0.05034519465513098,-0.5075815095209816
15363,0.05491988571773664,-0.5699568734013851
15364,0.3154556215627957,-0.5010306868989367
15365,0.45420473524259325,-0.41155110718372334
15366,-0.2047482368095964,-0.5748581426841807
15367,0.2621447116944559,-0.5083917925163961
15368,0.7099759853055946,-0.3031193348361939
15369,-0.15922352783559815,-0.45157930899304954
15370,-0.15176729765657201,-0.5086533603895634
15371,0.16762479529981364,-0.5360269871438337
15372,-0.06814997018795683,-0.584299920087586
15373,-0.536086719203409,-0.44179738592558454
15374,0.41096920595429,-0.5201119242000298
15375,0.21686671974181926,-0.5453740837686093
15376,-0.3954063804252917,-0.5556886954939828
15377,0.49069704686609394,-0.5742762903186361
15378,0.12616685583266543,-0.5879868728768121
15379,0.013271774379354378,-0.5779214018467265
15380,0.0033822054371041473,-0.5959192153766532
15381,0.1414774497293458,-0.43692483689323713
15382,0.20831774950399523,-0.38155654249891957
15383,-0.35128410870047905,-0.4625826522325978
15384,-0.21491133913624638,-0.49478134673727237
15385,-0.07941374790837598,-0.3608469601844947
15386,0.03571134294626532,-0.5125728604475103
15387,0.014032583673742835,-0.5904199944340212
15388,0.07377960496495119,-0.43057865426323705
15389,0.21168096864529218,-0.41109234601889155
15390,0.303231461337899,-0.4241260082641285
15391,0.016757078909136688,-0.4748596133831704
15392,0.08610701151665483,-0.37951986798566323
15393,0.4424470001846196,-0.34395435140886677
15394,-0.5504061261568387,-0.19048092455143473
15395,-0.35020239721464974,-0.3104157806036253
15396,0.6977941688965197,-0.15207437178842126
15397,-0.0055512773484819415,-0.2333203433588831
15398,-0.23327652935962592,-0.3463216884425673
15399,-0.17526710384521046,-0.25356954897567346
15400,-0.40712609301503966,-0.4215357755328765
15401,0.12538472371511028,-0.40540087016182724
15402,-0.1644579768817838,-0.4935840897546684
15403,-0.3739501972150382,-0.43052981861898443
15404,-0.32639421404710667,-0.2859386186277174
15405,0.453154340527593,-0.447851478491718
15406,-0.6366152288115858,-0.24718966180848578
15407,0.13118572975321627,-0.5290839382780814
15408,-0.06657253560030876,-0.5638099343943733
15409,-0.17303857073081685,-0.3700970144581147
15410,0.412620632355374,-0.44848492852232236
15411,0.12351968403112404,-0.49039506797271176
15412,0.15811559851079107,-0.49717532113555796
15413,0.8145651428378025,-0.33241856244182305
15414,-0.13047787914873785,-0.5700735031900706
15415,-0.3268940146065031,-0.4243997613740858
15416,0.23169698261198565,-0.5363083520136473
15417,0.017597575955680775,-0.5921936022554951
15418,0.679645747916906,-0.501901505413894
15419,-0.2847177658696966,-0.41745433992106373
15420,-0.05121269939773349,-0.6020318935357303
15421,-0.08085668687904375,-0.4422313367366618
15422,-0.26184367704311295,-0.4793834328765433
15423,0.45346126382224833,-0.3829225733625831
15424,0.37081395650057053,-0.46006497381633876
15425,-0.18737379843403099,-0.42365759996423785
15426,0.47724836969086915,-0.2926197203404655
15427,0.04788801357105373,-0.3997624913844614
15428,0.8671899429138706,-0.1792945427074019
15429,-0.2080028211171453,-0.43363963609828565
15430,-0.8247321891530124,-0.16498879720786452
15431,-0.028660710729520655,-0.3763573337188935
15432,0.41580159553811397,-0.2751638748248084
15433,0.30642102897480605,-0.17547511553570955
15434,-1.1335088928483221,-0.21672192427469886
15435,0.3352447590578346,-0.27283564731448734
15436,-0.17824647927190196,-0.3484121831325963
15437,0.09277907274681069,-0.40301839130204775
15438,0.032162411371715355,-0.44911606122564107
15439,0.08944271613026714,-0.38986685481959593
15440,-0.29897413564199915,-0.42352578346992364
15441,1.2616386982961003,0.13602892384957324
15442,0.33802069957848646,-0.21528861359667406
15443,0.034789770514589965,-0.11833391698831006
15444,-0.25516296231655977,-0.20615981483978607
15445,0.1725715056638955,0.0201700601934695
15446,-0.5197498659910673,-0.22173691439024243
15447,-0.4280865540063609,-0.11850192096251248
15448,0.4511388817402479,-0.3151522877818669
15449,-0.34257429248690735,-0.3351089970090854
15450,-0.18542997131120711,-0.3099072391885325
15451,0.1825703406567999,-0.4002703263415883
15452,0.04771942876954074,-0.42540682250825274
15453,-0.5035817880313245,-0.38772484999577966
15454,0.514530818785741,-0.43813487215931274
15455,-0.63629489341837,-0.10384289353849843
15456,0.6829676499739031,-0.49079886173777065
15457,-0.024694327625703755,-0.4767583927399683
15458,-0.31554521973715965,-0.42233702275517426
15459,0.6600761685232062,-0.23891817100937335
15460,0.48726779562718364,-0.24220949646893725
15461,-0.1775159997030398,-0.08380631022983377
15462,-0.20596505522689734,-0.2646144974028784
15463,0.0032614599865597727,-0.3678382617694694
15464,0.652813588895134,-0.2934905981040952
15465,0.4699588772022357,0.09490883174939298
15466,-0.4560520644957654,-0.24457832075834066
15467,0.787495206122069,-0.23601838626973703
15468,0.07571949081890038,-0.13818314318835037
15469,-0.007256366836694774,-0.2995053521548711
15470,0.5535217031579084,-0.2518876652430887
15471,0.0245043913136871,-0.0338490331109389
15472,0.3095699185513748,-0.17440074774548422
15473,0.1324259266414057,-0.23288143383678395
15474,-0.2740564653075787,-0.2134191789466525
15475,-0.7434426599891268,0.11768689058659096
15476,-0.16491664376409695,-0.2579516485618347
15477,0.04552178301683102,-0.2928642519120059
15478,0.4953963838758847,-0.32007705470096554
15479,-0.2043653035037307,-0.39977092860642544
15480,-0.11524836909709608,-0.35432802523658785
15481,0.6252295233736003,-0.04375023291358755
15482,-0.16374218735709303,-0.32191170092237037
15483,1.2781220415954675,0.6016047724734681
15484,-0.5260676040669653,-0.11369581119940458
15485,-0.36287541485068203,0.12276063941885358
15486,-0.6170634857589519,0.3608028225272802
15487,0.71738250725762,0.06797300166201556
15488,0.44498906961695817,0.016509979024114392
15489,0.4134320756146982,0.3295284560209508
15490,0.11259373976103078,-0.241862568892944
15491,-0.08121945664793175,-0.1734729489115618
15492,0.5397112135908776,0.005697748827944344
15493,-0.5917868239974698,-0.1121263202831234
15494,0.06174125992304963,-0.1212207613405648
15495,-0.6582105583619091,-0.13330017627248378
15496,0.5107402441572857,-0.17360829820639884
15497,-0.7105332626214612,-0.11750605106296379
15498,-0.12527911308007605,-0.25647938244934493
15499,-0.17997288153891658,-0.22934404680376458
15500,1.1744593282670965,-0.1379387246594725
15501,-0.9631006136010029,-0.35353539823641794
15502,-0.2364701568515973,-0.3244204625194512
15503,0.1960441110875556,-0.41657027579651873
15504,0.3996553484810791,-0.3805840238586181
15505,-0.1309727674515863,-0.46287105313132326
15506,0.7135104928772725,-0.34862289130170193
15507,-0.8042859232527951,-0.28927701572745657
15508,-0.1714518162905392,-0.17677869681437253
15509,-0.4062088544494518,-0.31759918415112265
15510,0.04424421196966497,-0.3924788898612737
15511,0.0008833110807453757,-0.393167712529593
15512,-0.3631549794222779,-0.4181936615962686
15513,-0.35180217181744006,-0.3187896382063984
15514,0.346358778295588,-0.36312749430678043
15515,0.45767454545493863,-0.2581964887397239
15516,0.43266923328734824,-0.16153903989289384
15517,0.15040744291437913,-0.41909517526264894
15518,0.2295677632959728,-0.45411482742373604
15519,0.2945397700482481,-0.28410915777911766
15520,-0.35739934898832765,-0.41646953929854397
15521,0.06505330243980936,-0.4685396425704397
15522,-0.40857584879332765,-0.4508228820559539
15523,0.08110128231449244,-0.39301422717582707
15524,-0.49845451036274385,-0.4631438174557029
15525,-0.05347457879494156,-0.25408989770471546
15526,0.01650506081229465,-0.4930415532250165
15527,0.29978310017559934,-0.20389335799335834
15528,-0.9464302063593731,0.037238733540631216
15529,-0.4014160520795312,-0.1563283921677691
15530,0.3919975902215024,-0.22515379068198332
15531,-0.18323927886242808,-0.22559613956001076
15532,-0.6393018948047078,-0.09676016761423527
15533,0.4933181060541683,-0.1992324683751094
15534,-0.4413107869797544,-0.5110135962562411
15535,-0.641748987836051,-0.18778433850480944
15536,0.029996737623381894,-0.23792285464073312
15537,0.3080284642660523,-0.2501762600052038
15538,-0.6739716604563225,-0.18853254785745163
15539,0.30498458105057863,-0.3388337021883457
15540,0.3831615989982858,-0.27428835259389084
15541,0.3275425783565915,-0.3071305709108871
15542,0.39421579468569484,-0.3273026698234026
15543,-0.32568083699714473,-0.4421430022050078
15544,0.90436652481328,-0.10278101537283743
15545,0.022080071178260562,-0.4013118538756021
15546,0.10315978663856125,-0.1795663140957291
15547,-0.4391436070362106,-0.46892394634571904
15548,0.09726200290396785,-0.4409812643629852
15549,0.07582720916221831,-0.4673337093404588
15550,0.8515096007981712,-0.3798940915741703
15551,1.5421532792865198,0.39185201622744487
15552,0.11833065087881627,0.011683388424940277
15553,0.8758953635176675,0.06373054235201264
15554,0.32013853616026255,0.3935913764735752
15555,0.2563963859710816,0.2633108543015574
15556,0.5176580208878292,0.2916412309189858
15557,-1.3031163215496926,0.14349463598528153
15558,0.2659398349103092,0.017188767106393308
15559,0.2708189515592159,-0.18850169057803048
15560,0.11432026383743767,-0.2825199421793246
15561,0.1166767664075927,-0.3024186029961505
15562,-0.02164731464309319,-0.30262380807902595
15563,-0.26034008133801106,-0.22356977951176113
15564,0.09786308886867215,-0.35008437509102985
15565,-0.28294998626242757,-0.33260607233346773
15566,0.016396031228230884,-0.3514637584303202
15567,0.3184191770596866,-0.2820930695340126
15568,-0.8425184633796997,-0.2046984336655553
15569,0.5807482681804422,-0.07189080375252423
15570,-0.4450190858468829,-0.2656491064046557
15571,0.15894621036563966,-0.3410986636755572
15572,0.027053061292486722,-0.23265543315307108
15573,-0.2788567538174959,-0.3660764538634929
15574,-0.35692486847802374,-0.2168115023745349
15575,0.8276152466485943,-0.023975980279471808
15576,0.18457543943204024,-0.25609726947271066
15577,-1.3301408136390465,0.28187897416986646
15578,0.21625189998596608,-0.18658323856533307
15579,0.07388208932051156,-0.008751951783290291
15580,0.13132259498387677,-0.0007793900956762872
15581,0.4793903206108221,-0.12882393595341596
15582,-0.016076737461159528,-0.246053555898298
15583,-0.5993147479786429,2.2447784274323106
15584,-0.8111365350944191,0.1580756528708737
15585,-2.1283178850139057,2.2072783901902318
15586,0.7819122298519892,0.08607044140423042
15587,-1.1948941771572212,0.23415156620927413
15588,-0.24020722560256316,0.1851253106723547
15589,-1.5471017799450317,1.0663229547555595
15590,0.5887304729329271,0.05805402443709863
15591,0.5355517211593804,0.03449639937217355
15592,-0.4711402601394013,0.0914937427442186
15593,0.3951729869344982,-0.3566971570708164
15594,0.08936942597924849,-0.3844159668824758
15595,0.8855994199268159,-0.23029544715098987
15596,-0.7639228413579672,-0.34802199338740786
15597,0.29051725492456265,-0.30998658352727093
15598,-0.017396727538027627,-0.40178358709482515
15599,0.08677897599253123,-0.4421472384318903
15600,0.5676386054484747,-0.4099717233295406
15601,-0.4495429331024076,-0.33878441564635436
15602,0.2722855135288229,-0.4591594768747505
15603,0.2594653816346189,-0.4011553312338788
15604,0.3305124110439354,-0.43734957380776396
15605,-0.15743347622003165,-0.4314658255309736
15606,-0.03170771309749184,-0.42843509594483536
15607,-0.45287671487964354,-0.44664335912939573
15608,-0.38754947017142927,-0.4011809773227012
15609,0.29940540829516527,-0.48025673678998504
15610,0.9147205950748005,-0.366717319903708
15611,0.5365843781918128,-0.263046422819627
15612,-0.918999473379533,-0.4062214872014035
15613,0.1906956629820345,-0.5577371463922958
15614,-0.4675121307187098,-0.4583704809869143
15615,0.5939437113835908,-0.45043457369824225
15616,-0.22989124172056422,-0.48740714576570077
15617,0.6257090916815883,-0.39092268534243846
15618,0.22378212130271824,-0.3507102212743203
15619,-0.11321566843578655,-0.40390172185988693
15620,-0.33315110832806355,-0.45034221286780746
15621,0.1951136996220707,-0.49473676596582505
15622,0.07001705708185836,-0.45688153957778443
15623,-0.3098231433493013,-0.37418591622458053
15624,-0.9561802768985497,-0.34150285444903544
15625,0.703043657425832,-0.32041214151328223
15626,-1.240388100231146,-0.21874986969519086
15627,0.5273695972552352,-0.3804158131302091
15628,-0.1363279775138746,-0.31527943580842127
15629,0.35384495099953717,-0.4575165787243433
15630,-0.024772358082014313,-0.4433995425889915
15631,1.0037494504041204,-0.10768897343199346
15632,0.38069197221790063,-0.10433337057832025
15633,0.370114675663917,-0.2845559587553999
15634,-0.2569723324460957,-0.4380182359834525
15635,0.10746154278848993,-0.42173321335300484
15636,-0.4941166712069318,-0.2929491227330204
15637,0.3050075848984344,-0.5051007371674822
15638,0.27326757099157933,-0.34141869847818257
15639,-0.1898795005799706,-0.5297716136709918
15640,0.07997725853604483,-0.5048531974004794
15641,-0.4870179860036151,-0.3833985750664164
15642,0.2841071420498991,-0.4318868646938983
15643,-0.18780236081621346,-0.3512043521741734
15644,0.1439923838305136,-0.3502688006060211
15645,0.40130217601068063,-0.49693389309635205
15646,-0.396639407735854,-0.36427555718629273
15647,-0.21138137852305394,-0.39478186308726637
15648,0.738715353645985,-0.38758930957755616
15649,0.33623811536493536,-0.3688384918319606
15650,-0.281044401847218,-0.28027062578376594
15651,0.38545223697772535,-0.49163713059674263
15652,0.8013096753966606,-0.042610867564343256
15653,-0.09475873199051359,-0.277217396199745
15654,0.24404926944710545,-0.19093433636841706
15655,0.4648330836533109,-0.019692642199065885
15656,-0.4577800149424569,-0.13034967091468064
15657,-0.5687532519479936,-0.3040514397542307
15658,-0.2700867891948208,-0.4880551400018109
15659,-0.40881023557114915,-0.3103025205319793
15660,0.40808763389037406,-0.37531729553767545
15661,-0.19269867906589705,-0.4765864364141118
15662,0.04808938689041236,-0.4467497951362836
15663,-0.05381154521944773,-0.44768287940946266
15664,-0.09459531175353339,-0.42525220741573144
15665,0.11423694877677999,-0.43873747135152635
15666,-0.3043610891030737,-0.36043861355058154
15667,0.38910359564373903,-0.3100348801105312
15668,-0.09312904162981958,-0.3755460323768683
15669,-0.42085787331675406,-0.4071863426181795
15670,0.3732260121647721,-0.42156916909760045
15671,0.34944201845609074,-0.4319904822080956
15672,0.5735191397689264,-0.07582558590599739
15673,2.0089412077641486,3.7249808118082903
15674,0.12877608205930083,0.21327581367409568
15675,1.399905643897923,0.6563029847644754
15676,-0.32241478020171743,0.04306089688132241
15677,0.9112774086652979,0.25258226790355837
15678,0.3483059749528285,1.0743367461953275
15679,-0.24096855435369438,0.14217058701809684
15680,-0.2511687388450047,-0.11858867225968543
15681,0.2905221374563431,0.05271696557086061
15682,-0.5519012558109564,-0.2857286027298439
15683,0.7837676990992071,0.06806599593600925
15684,-0.5928709266325167,-0.17795961938048332
15685,0.21076826372990137,-0.269907447907227
15686,-0.36536447385815535,-0.21105600884040937
15687,-0.6414092406887812,-0.09194163252993148
15688,0.19793400283704246,-0.1748973811091138
15689,0.1867844384228558,-0.2727345242206614
15690,0.9710242573759706,-0.1704424364413942
15691,0.16199425282268318,-0.09897010519880443
15692,-1.8375557457827085,0.1121390993845339
15693,0.7907413058936495,-0.2646681085975239
15694,0.23559436345193194,-0.4704330971532743
15695,-0.043158214489460896,-0.25833947302064175
15696,-1.1075107009763028,-0.06462427052111105
15697,0.396440030717388,-0.3373297307042092
15698,0.4276478094149923,-0.36706581333874566
15699,-0.987875532271217,-0.2274440435530051
15700,-0.6315545878438606,-0.12786504627440332
15701,0.19691800783392568,-0.17711383246569343
15702,0.04427878525054286,-0.3759285683250245
15703,0.4867022806625536,-0.22777729408681455
15704,0.18793059347218322,-0.4304894135665773
15705,0.017197061341455065,-0.5795874313741891
15706,-0.30666720327534214,-0.5273603810305094
15707,0.4817950563106167,-0.3712383526845144
15708,-0.001179023152490246,-0.5102547714504739
15709,0.16513420268792722,-0.4797219465531414
15710,0.23590254736085883,-0.5805004991758704
15711,0.3247340039070871,-0.3737640982155391
15712,0.0626817403233509,-0.4669975924417277
15713,-0.37427960157160955,-0.5306089246650442
15714,0.3695242368213953,-0.48074949320354987
15715,0.17251965804922206,-0.44181185016502195
15716,-0.2903395716054796,-0.46804620947911735
15717,0.09097454236846876,-0.48901998107171324
15718,0.32229212694643894,-0.2676893651059954
15719,-0.38077546185246314,-0.4612453573011352
15720,0.16463702416746323,-0.3569566777647259
15721,-0.33159285018233975,-0.43198290767331227
15722,0.570155334543903,-0.3997968308398665
15723,0.8628953845240261,-0.3087985647947334
15724,-0.3079553385417262,-0.28440318124050934
15725,-0.20267972262821765,-0.4549564655039154
15726,-0.05926841846082169,-0.5181154119329536
15727,0.36854953630932613,-0.5012517367713529
15728,-0.6863868940006947,-0.33548768573478704
15729,0.3788543486885506,-0.3999205348417748
15730,-0.3695789635778318,-0.42357581865602884
15731,0.4601233606496926,-0.43009042819235255
15732,0.5953837468461447,-0.2671940086543284
15733,0.0074480228568523715,-0.407005721338277
15734,0.5281823995932261,-0.16504225888635546
15735,-0.6928632564201954,-0.21735657852945442
15736,0.11661303697468627,-0.3453805242274902
15737,0.10973378312842748,-0.37603887949951526
15738,-0.1873973561551084,-0.47785831445045346
15739,-0.5426690277738873,-0.3233872630372242
15740,-0.09244904249390022,-0.206104205805179
15741,0.4181446847869587,-0.1886369481189714
15742,0.11341648029301794,-0.44509896048727127
15743,-0.11384221472639532,-0.4516931912589914
15744,0.30890803317490323,-0.295837661637845
15745,0.39623740454100054,-0.27542796694852567
15746,-0.061855700049626317,-0.3494441410081426
15747,-0.5220791406958107,-0.22618345865513723
15748,-0.011191947545909945,-0.46043634259799393
15749,0.4408214392642985,-0.376252911050769
15750,-0.08336554270574313,-0.4098253827455149
15751,-0.019694447451244716,-0.4505424174771456
15752,-0.06151123458871843,-0.4302476594122211
15753,0.14157321052987398,-0.34565625180306825
15754,-0.06494849966366172,-0.4176026165807324
15755,-0.4317827964563038,-0.33587340032564345
15756,0.23921902937058193,-0.2633985611846318
15757,-0.004271807648168519,-0.35362170828765493
15758,0.13066960580072295,-0.3904069786527174
15759,0.1933621913190401,-0.31525629598642985
15760,-0.13330168687761992,-0.4564341681393769
15761,0.25311054787225845,-0.4127084279780113
15762,0.2521094573795785,-0.16063943408208867
15763,0.08462883386923643,-0.31739875629512937
15764,-0.48766729915990303,-0.44187451305786773
15765,0.0718072192849761,-0.2330280976990044
15766,-0.1547362984602763,-0.2732380116414793
15767,1.054482908526711,0.28901520172057044
15768,0.5432786239612493,-0.08189592597414899
15769,-1.3004017628416027,5.543838294794425
15770,0.19649428239054714,0.12385234003929423
15771,-1.8038453682984763,0.5712288590604472
15772,1.1019173029972453,0.29248665200472823
15773,0.39918987401558986,-0.08883970687352592
15774,1.6381354939571116,0.21014638638286937
15775,-1.5151308026237806,-0.039702105882491186
15776,-0.3302285719231726,-0.14395739031461208
15777,1.1169121953896375,-0.2380689585897641
15778,-0.2434102493272098,-0.21677500862998755
15779,-0.3036360181938033,-0.36258835298248315
15780,-0.26304441527520184,-0.4873730457033989
15781,-0.24504903315895823,-0.43023106585105825
15782,-0.1820961955506667,-0.31105058369715605
15783,0.7939611469290143,-0.3441341062133353
15784,-0.2998084002738439,-0.35802192790508774
15785,0.6593158279457232,-0.3896205571873138
15786,-0.20532478276281077,-0.4750057314954534
15787,0.2375391213691353,-0.33389317494922527
15788,-0.14595716408618908,-0.44799750019034934
15789,0.6591596828604509,-0.5160792655737694
15790,-0.015110843814392412,-0.546159571630633
15791,-0.3908688256185163,-0.32937610539624496
15792,-0.1742402544732205,-0.4418038099549294
15793,0.09066347660133862,-0.5102153138961458
15794,0.05375728821861062,-0.5978033973694054
15795,0.03242054884611932,-0.3244868951321811
15796,0.3672362615918368,-0.471643827545115
15797,0.09447045462070569,-0.47474133361886767
15798,-0.0019578399241341454,-0.4169153559715277
15799,-0.45071335572273585,-0.43525672151683015
15800,0.07798565998594957,-0.42191489755093264
15801,0.11666039817965412,-0.5165511783482734
15802,0.05281863276802045,-0.5166221287941979
15803,0.11696287185537474,-0.4208442790585611
15804,-0.0072495873234199645,-0.5183495394803148
15805,0.335815788992009,-0.4513291343371764
15806,-0.08592971142211163,-0.5360495297121249
15807,0.3731280623200139,-0.32141285534185693
15808,1.1469512501035424,-0.011975806859434654
15809,-0.02325361239918656,-0.24401083737945578
15810,-0.04170546178836817,-0.3549204422265274
15811,0.9950892613702749,-0.032475021875579144
15812,-0.22997361920916023,-0.3809043464910077
15813,0.201868201671715,-0.36840432427007896
15814,-0.02017757610218858,-0.30127275065646864
15815,-0.35946202726138166,0.02172787795341003
15816,1.003463171376293,-0.17442547053334434
15817,1.5316773724988717,0.3772846456870449
15818,-0.5005927235247367,0.8441942925766271
15819,0.006116570745794481,0.03156605425945009
15820,-0.11242239856864555,-0.09946015488141284
15821,-0.37737849312677313,-0.11996327745169527
15822,-0.6735427603886861,-0.10931112316877287
15823,0.3255996806914634,-0.38261003774956653
15824,0.02076794291595068,-0.33161379729537277
15825,0.19354295529236012,-0.38080786797854255
15826,-0.4693070067131508,-0.2971666561890973
15827,-0.4586911387412243,-0.3572712480058782
15828,-0.08740859426204482,-0.3613399752874723
15829,0.16777536283993214,-0.13011673636322046
15830,0.24816774506416064,-0.22571536856632973
15831,-0.1292565239298086,-0.4019036553674638
15832,0.5881233962451339,-0.19603956402765385
15833,0.08201391145531947,-0.28787236276527683
15834,-0.03961470432420174,-0.39470385598802366
15835,0.16492795284053616,-0.3578813991321562
15836,0.20088409552807954,-0.2123839937755243
15837,0.21545112442496436,-0.25637031288145173
15838,0.2165087165973496,-0.16200830012782402
15839,-0.6278950787880178,-0.09843220492038683
15840,-0.11000773679602868,-0.2818632948583099
15841,-0.09282932611688578,-0.3264116958072586
15842,-0.05666916063502343,-0.37567470771779127
15843,0.06994587930777788,-0.326428395924938
15844,-0.291697012531555,-0.4735458929696022
15845,-0.2732322184331556,-0.17862838898149835
15846,-0.3020166179686102,-0.19690411296499383
15847,-0.09905216180733609,-0.2687953423679765
15848,0.17706922467478367,-0.04694862670268507
15849,-0.14770200210186996,-0.47578370912712714
15850,0.03935530280200164,-0.5035765711618068
15851,0.31208746430784756,-0.2709385176755444
15852,-0.26193979990745514,-0.36766955498877235
15853,-0.38631671139823265,-0.24286788819867453
15854,0.400027172098461,-0.23197166524596247
15855,-0.3690559214858725,-0.277029369037164
15856,0.04632766506090105,-0.3796987068935208
15857,0.1679019906045026,-0.4679446821827815
15858,0.049865270136917716,-0.44603976505351156
15859,0.03353800944694504,-0.3481180232782763
15860,0.44770744078151675,-0.36303506953938425
15861,-0.41936966733057696,-0.31960848112135043
15862,-0.36171967387347326,-0.27319392621546057
15863,-0.5682223203512764,0.002609143921730194
15864,0.6666681337471827,-0.04460424295829023
15865,-0.05409826749528406,-0.3626227213161203
15866,0.6539364474550345,-0.19580526570443357
15867,-0.24768680238084545,-0.4552766229444659
15868,0.03368813240587377,-0.3894426712027873
15869,-0.12429985652702799,-0.17499538455336644
15870,0.6127930676505345,-0.2899363639366934
15871,0.01600092694986681,0.1919763834367708
15872,0.35909757937642994,0.14143649815155437
15873,-1.2600219635929506,-0.07355573109624468
15874,0.8624391260001752,-0.30577808345099994
15875,-0.8467554785839746,-0.2536903492684356
15876,0.016409002540869258,-0.369981012891676
15877,0.39288028229600863,-0.3206156392611162
15878,0.009929444387942776,-0.4567864065844473
15879,0.46418698078721893,-0.36152233825369795
15880,0.3639133785821934,-0.2244928952755301
15881,-0.21416636479558132,-0.35454002239211313
15882,0.5957794891877961,-0.31029536237970784
15883,0.20692425401600742,-0.3289825886497703
15884,0.9530688471398596,-0.0318734800820539
15885,0.5623214528235876,0.10137652983500499
15886,-0.4809020091799849,-0.09289295655827752
15887,0.4094180514139631,0.07659003977100053
15888,0.6551429995244727,-0.054531631299984784
15889,0.48889809587148364,-0.09812566271703364
15890,0.08010868818910932,-0.3001778219311973
15891,-0.6798402749990561,-0.17942809095002152
15892,0.6267284072728327,-0.10190949674912403
15893,0.10911743884522757,-0.19274364600636174
15894,0.16665347245599693,-0.05192361043581581
15895,-0.7119417183627519,0.366075738197726
15896,-0.3662370539034798,0.10640123613917092
15897,0.5030586931736382,-0.22453419646633063
15898,0.1524450283454262,-0.12727109403829487
15899,-0.37209642391395636,0.17521918000255882
15900,-0.24317996672377798,-0.4251330260796578
15901,-0.2384624363643017,-0.4117499509480154
15902,0.16282746874919213,-0.44396447998262595
15903,0.9651568888145873,-0.04832985804095038
15904,0.7115749028424131,0.19762201718474265
15905,-0.537172301098033,-0.011729659731531375
15906,0.12004814895314914,-0.2881420899090519
15907,-0.44189912858156116,-0.2960974992133239
15908,0.6550333846543278,-0.15418285490444497
15909,0.04885461863667442,-0.35297912181471763
15910,-0.13509867877883058,-0.29229355994807676
15911,0.06246372625320428,-0.18311041917752685
15912,-0.2976382694748298,-0.09520641747096656
15913,0.7183585875565994,-0.28723575300674703
15914,0.37028208078414865,-0.2921585227041969
15915,0.11577810429058702,-0.1689071516478905
15916,-0.25789844421133207,-0.1480720431811028
15917,-0.1897875104745565,0.020672120347564014
15918,-0.7515230454403022,-0.14922756834408715
15919,0.6816212145037432,-0.09264394022048396
15920,-0.000905165594958086,-0.2804553680202461
15921,-0.10237536170480986,-0.3339619204731286
15922,-0.10851366876396462,-0.34880662739754614
15923,0.1295625083157798,-0.3096009764641847
15924,0.22562230379069542,-0.3008828886704594
15925,0.21580311125681367,-0.137750298974186
15926,0.20250283991149431,-0.11102596272898226
15927,-0.2697998472964665,-0.33517895190963826
15928,-0.2794348384893606,-0.3315272604768455
15929,0.33383425237499326,-0.4158340098794073
15930,-0.23816509916740558,-0.33040414203902824
15931,-0.06431964392824119,-0.26351239658632053
15932,0.12735943124883525,-0.3019396477897106
15933,-0.23546996760383485,-0.2762618047775532
15934,-0.06061011068829467,-0.23291794887443612
15935,0.2621728404313665,-0.24879871277093515
15936,-0.09664623359197123,-0.31555915892113257
15937,-0.12891468551819424,-0.39293823894685975
15938,0.2227455534791455,-0.22651858484388837
15939,-0.16830828114791424,-0.19773490394318374
15940,0.11905932517574022,-0.3831236582977622
15941,0.328979208573022,-0.4730820719561594
15942,-0.1359542000159872,-0.4634564330193057
15943,0.0883786204131341,-0.33895993154741133
15944,0.43402352017014206,-0.26460851511394784
15945,0.47683052449490865,-0.10795913180783315
15946,0.11455827997008558,-0.13540685714572803
15947,-0.020842171663227358,0.28104029354725013
15948,0.23120099109620776,-0.23697433107799964
15949,0.11326867080619964,-0.15427563968208488
15950,0.9846703942928455,0.37903544228282776
15951,0.19440522857979836,-0.15386535322635725
15952,-0.05436396324597984,-0.06182532645800492
15953,-0.23177189641556611,-0.29573573498288114
15954,-0.059192365944997334,-0.14530552572537844
15955,-0.8169255981769042,-0.10868362532638563
15956,0.6918710047593587,-0.1353059894650688
15957,0.35119575913560314,-0.23458958503090568
15958,0.27348327934077693,-0.16806639670225887
15959,-0.25437060989183047,-0.1903530409004115
15960,-0.26827092143805925,-0.2920199666187085
15961,0.6459381771258317,-0.2784857902868741
15962,0.028046957616951775,-0.3525839224833037
15963,-0.215029606108736,-0.258582801743378
15964,0.35671027787859416,-0.18015715615757952
15965,-0.30995078845860646,-0.20432954057044517
15966,-1.4415709577761595,2.3393050393225017
15967,-0.5525911964749406,-0.1596378036297554
15968,1.2882381816057829,0.24502914113927635
15969,-0.43771674093644347,-0.08129237104824806
15970,-0.3009463332902547,-0.19477167257238254
15971,0.8092182640586173,-0.05762523505615999
15972,-0.33616269370265783,0.03971485022319417
15973,-0.7038866625320582,0.12102043794708132
15974,-0.062415317594731935,-0.1098345030714379
15975,-0.4671087159081976,0.2181034135043863
15976,-0.20882850810592996,-0.05219680291597751
15977,-0.6191972780393641,0.27043239597651014
15978,-0.8861307811731144,0.36995427670383857
15979,-1.989323267007057,0.6816363837467715
15980,1.2920757975606296,0.06622572575509753
15981,0.809530317298858,-0.2134975663553941
15982,0.03299120956474908,-0.4141618325411861
15983,-0.11660208665003077,-0.32514454244579133
15984,0.3456134078740842,-0.4435893828621855
15985,-0.09101761923898447,-0.5528501374152007
15986,0.11588649299751863,-0.46409397511207895
15987,-0.1388917669973762,-0.45882446548394146
15988,-0.15894682645647898,-0.5092828654849115
15989,0.24688580454508546,-0.48340670389134294
15990,0.055346650906289215,-0.4353901201866807
15991,0.706961635314569,-0.22526388704553815
15992,-0.25255921320438285,-0.4573891181959808
15993,-0.15368974169246982,-0.5251465409823782
15994,0.21119008962049263,-0.4469729776562492
15995,0.6224051613944463,-0.4164748670416637
15996,0.23515075054220036,-0.5096877393874342
