id,Y1,Y2
1,48.559246,-7.388417
2,48.5326,-7.448431
3,48.52669,-7.441891
4,48.546375,-7.4702773
5,48.501186,-7.50106
6,48.537266,-7.4190016
7,48.573597,-7.359269
8,48.527775,-7.445894
9,48.47103,-7.4848795
10,48.51671,-7.5229626
11,48.488926,-7.553745
12,48.515686,-7.440989
13,48.505825,-7.459312
14,48.547604,-7.4558163
15,48.5507,-7.4614263
16,48.581787,-7.332377
17,48.573154,-7.386415
18,48.552433,-7.347881
19,48.504314,-7.4789314
20,48.52844,-7.5099673
21,48.569332,-7.3979163
22,48.530914,-7.3784375
23,48.50006,-7.510052
24,48.546272,-7.3823843
25,48.465107,-7.2123766
26,48.721172,-7.247951
27,48.57542,-7.432307
28,48.542763,-7.4668946
29,48.41558,-7.6192846
30,48.712982,-7.192475
31,48.659027,-7.1642294
32,48.504845,-7.5660634
33,48.59297,-7.32922
34,48.577347,-7.3465843
35,48.551605,-7.4287267
36,48.575348,-7.351461
37,48.533802,-7.492124
38,48.51773,-7.4601293
39,48.511406,-7.4707284
40,48.604702,-7.35256
41,48.523003,-7.5170994
42,48.51825,-7.4750133
43,48.58198,-7.3722925
44,48.522915,-7.4945483
45,48.46536,-7.625232
46,48.560875,-7.4629765
47,48.595222,-7.292292
48,48.607014,-7.3815947
49,48.608494,-7.3848085
50,48.557514,-7.470926
51,48.584187,-7.4170566
52,48.520576,-7.560031
53,48.554935,-7.470249
54,48.503143,-7.545852
55,48.58822,-7.394703
56,48.558167,-7.396535
57,48.55855,-7.460862
58,48.507202,-7.5441046
59,48.612328,-7.385767
60,48.53035,-7.458551
61,48.5692,-7.421877
62,48.55008,-7.4728427
63,48.543236,-7.479495
64,48.5583,-7.452716
65,48.58432,-7.4507422
66,48.60168,-7.419481
67,48.568962,-7.391151
68,48.515938,-7.514168
69,48.57831,-7.4119263
70,48.566845,-7.423202
71,48.57089,-7.436056
72,48.628162,-7.3909254
73,48.56514,-7.432025
74,48.604626,-7.4789596
75,48.56092,-7.4793262
76,48.572975,-7.389629
77,48.516,-7.474816
78,48.61043,-7.403526
79,48.58407,-7.381792
80,48.60066,-7.435943
81,48.593163,-7.423371
82,48.620296,-7.382553
83,48.60011,-7.424611
84,48.571243,-7.485753
85,48.573524,-7.472476
86,48.588055,-7.450263
87,48.553425,-7.463597
88,48.608818,-7.4295163
89,48.594467,-7.3955765
90,48.587105,-7.4650626
91,48.582664,-7.412659
92,48.612034,-7.408769
93,48.54657,-7.497536
94,48.55599,-7.501229
95,48.60969,-7.443723
96,48.607395,-7.412603
97,48.630444,-7.351038
98,48.583046,-7.424696
99,48.612995,-7.454097
100,48.57114,-7.4754643
101,48.59128,-7.4229484
102,48.578205,-7.4681916
103,48.637894,-7.3298683
104,48.73788,-7.308219
105,48.585342,-7.4046535
106,48.597103,-7.3687406
107,48.53506,-7.436028
108,48.63043,-7.440989
109,48.587048,-7.3979445
110,48.591564,-7.434421
111,48.55101,-7.4892206
112,48.588573,-7.4237094
113,48.553455,-7.5187907
114,48.566135,-7.4727015
115,48.580544,-7.4746466
116,48.558624,-7.4606085
117,48.573967,-7.474393
118,48.63527,-7.455337
119,48.59109,-7.363244
120,48.57055,-7.4632583
121,48.529373,-7.5334773
122,48.641953,-7.4451327
123,48.62191,-7.391433
124,48.614906,-7.4441743
125,48.59109,-7.4279375
126,48.581463,-7.466697
127,48.45523,-7.6642456
128,48.6692,-7.3960276
129,48.62751,-7.2686696
130,48.697536,-7.273321
131,48.743496,-7.2418904
132,48.72073,-7.383822
133,48.702156,-7.2434125
134,48.624874,-7.4416375
135,48.52182,-7.4750414
136,48.582233,-7.5127583
137,48.59934,-7.444513
138,48.584797,-7.400848
139,48.557957,-7.4261336
140,48.593475,-7.452293
141,48.59365,-7.466218
142,48.581417,-7.450404
143,48.550907,-7.5334206
144,48.617023,-7.436958
145,48.640766,-7.395802
146,48.635433,-7.470362
147,48.617573,-7.4420605
148,48.566254,-7.5119123
149,48.596554,-7.40798
150,48.61147,-7.4470778
151,48.59442,-7.457254
152,48.57619,-7.492744
153,48.620445,-7.4180994
154,48.67372,-7.3728843
155,48.625317,-7.4261336
156,48.61748,-7.4876137
157,48.62179,-7.41249
158,48.60611,-7.499115
159,48.655132,-7.41452
160,48.649223,-7.478396
161,48.613335,-7.445161
162,48.598347,-7.495563
163,48.60756,-7.485725
164,48.679794,-7.36237
165,48.6336,-7.481102
166,48.586143,-7.4916167
167,48.58663,-7.4767046
168,48.606552,-7.4737163
169,48.591934,-7.440989
170,48.606804,-7.473773
171,48.57967,-7.491391
172,48.63043,-7.444231
173,48.68148,-7.3901925
174,48.606094,-7.467853
175,48.51314,-7.5773954
176,48.63567,-7.429798
177,48.633465,-7.498269
178,48.63644,-7.4379163
179,48.672283,-7.3988748
180,48.623898,-7.492857
181,48.61735,-7.489333
182,48.594406,-7.4810176
183,48.65356,-7.406824
184,48.6389,-7.467402
185,48.587936,-7.5031457
186,48.663914,-7.407247
187,48.56277,-7.541511
188,48.613426,-7.5008063
189,48.63696,-7.4529977
190,48.60103,-7.4859505
191,48.652687,-7.4575925
192,48.660908,-7.410968
193,48.64121,-7.4050198
194,48.595917,-7.5262327
195,48.631466,-7.4582405
196,48.641804,-7.4361405
197,48.6547,-7.396253
198,48.6393,-7.392363
199,48.649773,-7.473181
200,48.731766,-7.329417
201,48.67314,-7.4422855
202,48.616253,-7.460383
203,48.747982,-7.257958
204,48.587685,-7.523555
205,48.61618,-7.4875574
206,48.666107,-7.445189
207,48.6433,-7.4378037
208,48.646942,-7.46199
209,48.639446,-7.496775
210,48.63201,-7.5020747
211,48.67289,-7.451447
212,48.63157,-7.4649777
213,48.632294,-7.4811583
214,48.622135,-7.5178323
215,48.677868,-7.41934
216,48.59158,-7.521187
217,48.713726,-7.3411717
218,48.70642,-7.3995795
219,48.59651,-7.5308557
220,48.62732,-7.5170994
221,48.796043,-7.240481
222,48.622917,-7.493167
223,48.68333,-7.4000306
224,48.714996,-7.3539414
225,48.643032,-7.4844565
226,48.6921,-7.3586493
227,48.792873,-7.3060484
228,48.710598,-7.3580008
229,48.97727,-7.1684017
230,48.719723,-7.5251613
231,48.708096,-7.3638077
232,48.637493,-7.4328423
233,48.66756,-7.4350414
234,48.691998,-7.4298825
235,48.669323,-7.381341
236,48.57428,-7.601469
237,48.65352,-7.4772964
238,48.68191,-7.444428
239,48.677837,-7.4863734
240,48.65713,-7.520454
241,48.724224,-7.3523912
242,48.6364,-7.53125
243,48.67815,-7.4349566
244,48.64783,-7.4381986
245,48.669735,-7.435633
246,48.748413,-7.3297553
247,48.903378,-7.119043
248,48.492863,-7.8601313
249,48.643623,-7.5740128
250,48.76352,-7.322652
251,48.54344,-7.7641196
252,48.683834,-7.461708
253,48.75725,-7.4115033
254,48.63567,-7.4192834
255,48.535267,-7.789433
256,48.653,-7.522314
257,48.57665,-7.688686
258,48.66898,-7.3800163
259,48.729897,-7.3863025
260,48.7912,-7.3586774
261,48.678844,-7.4689245
262,48.650036,-7.522117
263,48.7698,-7.322849
264,48.79717,-7.363103
265,48.79166,-7.332772
266,48.723248,-7.4404254
267,48.715237,-7.418466
268,48.736057,-7.4027085
269,48.71977,-7.4112496
270,48.740974,-7.411842
271,48.699715,-7.465429
272,48.703003,-7.502441
273,48.716286,-7.3912354
274,48.700245,-7.388191
275,48.643135,-7.5593266
276,48.712597,-7.4076977
277,48.64072,-7.515436
278,48.680622,-7.4092484
279,48.711414,-7.4637656
280,48.684784,-7.4965215
281,48.767384,-7.311658
282,48.670788,-7.5038223
283,48.68742,-7.4361687
284,48.671158,-7.492434
285,48.703327,-7.4581
286,48.65186,-7.520792
287,48.712303,-7.4496713
288,48.70598,-7.4898405
289,48.644527,-7.496324
290,48.69681,-7.4680223
291,48.71922,-7.4517856
292,48.76869,-7.352588
293,48.620327,-7.4874725
294,48.728462,-7.414999
295,48.72378,-7.399777
296,48.646854,-7.472307
297,48.75725,-7.4333215
298,48.693478,-7.456634
299,48.65411,-7.482652
300,48.697834,-7.4692626
301,48.74936,-7.416549
302,48.656925,-7.5551825
303,48.742104,-7.4434133
304,48.61221,-7.552082
305,48.79499,-7.416211
306,48.672226,-7.5080504
307,48.75047,-7.3776765
308,48.66045,-7.5234137
309,48.721336,-7.4422574
310,48.66522,-7.479016
311,48.703888,-7.4528565
312,48.667027,-7.572237
313,48.721886,-7.595944
314,48.67717,-7.5121665
315,48.733482,-7.439157
316,48.761772,-7.4060063
317,48.864246,-7.329558
318,48.783306,-7.4471908
319,48.572857,-7.6475296
320,48.828835,-7.3001003
321,48.62529,-7.6191154
322,48.694233,-7.5230756
323,48.79274,-7.3881063
324,48.760036,-7.4088535
325,48.77513,-7.368938
326,48.717487,-7.463625
327,48.75721,-7.413336
328,48.726803,-7.406655
329,48.69253,-7.545401
330,48.693817,-7.5231037
331,48.731155,-7.4369297
332,48.713978,-7.4866834
333,48.798622,-7.334294
334,48.67061,-7.547797
335,48.753002,-7.4871063
336,48.812943,-7.405781
337,48.835396,-7.2665277
338,48.725544,-7.4477262
339,48.75422,-7.426528
340,48.688797,-7.5412292
341,48.7553,-7.3823276
342,48.700615,-7.5295587
343,48.719738,-7.4389315
344,48.686234,-7.5436535
345,48.7763,-7.3835683
346,48.763443,-7.373646
347,48.75564,-7.45187
348,48.744514,-7.4553657
349,48.765503,-7.47335
350,48.794502,-7.3948154
351,48.72597,-7.4650626
352,48.70857,-7.47724
353,48.760185,-7.4688396
354,48.74921,-7.468135
355,48.68145,-7.52161
356,48.772938,-7.4075007
357,48.743877,-7.444964
358,48.78815,-7.392955
359,48.724728,-7.5183396
360,48.76115,-7.396507
361,48.74003,-7.491588
362,48.684235,-7.5513206
363,48.73948,-7.410968
364,48.70918,-7.4956756
365,48.72264,-7.526655
366,48.68939,-7.555887
367,48.852516,-7.317888
368,48.703785,-7.5078535
369,48.76217,-7.4572825
370,48.742798,-7.4822016
371,48.70814,-7.492434
372,48.801685,-7.4431033
373,48.72926,-7.521694
374,48.754795,-7.459199
375,48.72375,-7.5156336
376,48.77418,-7.4442024
377,48.711903,-7.491645
378,48.74478,-7.486035
379,48.745716,-7.4215107
380,48.810734,-7.3890085
381,48.811535,-7.4224405
382,48.796814,-7.4259644
383,48.80616,-7.439918
384,48.819443,-7.454576
385,48.716286,-7.534041
386,48.726418,-7.4903197
387,48.84052,-7.2854705
388,48.79702,-7.42977
389,48.78384,-7.425739
390,48.799835,-7.3894315
391,48.840252,-7.4027085
392,48.775455,-7.43755
393,48.82679,-7.425344
394,48.775887,-7.490094
395,48.768852,-7.479467
396,48.752693,-7.4894176
397,48.79296,-7.410996
398,48.773,-7.4551964
399,48.6312,-7.7125335
400,48.609425,-7.6809053
401,48.75512,-7.528939
402,48.738266,-7.546529
403,48.779068,-7.5824413
404,48.66011,-7.6124063
405,48.855465,-7.431264
406,48.875103,-7.253617
407,48.801598,-7.507346
408,48.78052,-7.468248
409,48.877712,-7.3204246
410,48.78824,-7.427684
411,48.796444,-7.452913
412,48.75435,-7.5827513
413,48.766052,-7.5448656
414,48.82885,-7.1177177
415,48.76229,-7.5735335
416,48.829338,-7.49001
417,48.728504,-7.577029
418,48.862247,-7.3530393
419,49.034084,-7.115463
420,48.742783,-7.509742
421,48.745937,-7.563583
422,48.820023,-7.442145
423,48.883144,-7.2445683
424,48.73994,-7.606515
425,48.813786,-7.425485
426,49.00347,-7.253363
427,48.727055,-7.557015
428,48.912754,-7.3342657
429,48.93081,-7.254406
430,48.870438,-7.3286843
431,48.732136,-7.604485
432,48.76663,-7.4864297
433,48.80601,-7.4716306
434,48.765,-7.4594526
435,48.832817,-7.366598
436,48.770554,-7.5001297
437,48.802544,-7.461398
438,48.785233,-7.537057
439,48.77112,-7.503625
440,48.825356,-7.482737
441,48.860294,-7.3729973
442,48.782032,-7.4501505
443,48.800575,-7.46199
444,48.803493,-7.5080223
445,48.858425,-7.4033003
446,48.733807,-7.538777
447,48.814735,-7.4789033
448,48.790222,-7.471828
449,48.791435,-7.4991994
450,48.783855,-7.4929132
451,48.73677,-7.5415673
452,48.78437,-7.513773
453,48.81955,-7.4535894
454,48.83325,-7.4462323
455,48.750572,-7.523526
456,48.79034,-7.4926314
457,48.760185,-7.5424695
458,48.83128,-7.3901925
459,48.81263,-7.444964
460,48.845024,-7.428473
461,48.82029,-7.5202284
462,48.769073,-7.513914
463,48.7675,-7.499848
464,48.79333,-7.508868
465,48.870155,-7.4039207
466,48.776108,-7.524231
467,48.799435,-7.5212994
468,48.793583,-7.506782
469,48.8166,-7.477578
470,48.794975,-7.5138574
471,48.814987,-7.421257
472,48.80641,-7.463935
473,48.79819,-7.5346045
474,48.8,-7.498636
475,48.816452,-7.4692345
476,48.845867,-7.4453864
477,48.774227,-7.5239773
478,48.788593,-7.497113
479,48.811596,-7.4761124
480,48.815727,-7.4998193
481,48.79431,-7.5609612
482,48.83516,-7.449643
483,48.79566,-7.5182834
484,48.84785,-7.4385366
485,48.799866,-7.4755487
486,48.835026,-7.4695444
487,48.800873,-7.4886565
488,48.805286,-7.5139985
489,48.838417,-7.437945
490,48.815075,-7.4984665
491,48.847095,-7.4122925
492,48.823414,-7.4880366
493,48.808426,-7.4621873
494,48.825607,-7.4631176
495,48.793304,-7.480369
496,48.784283,-7.504809
497,48.803226,-7.537226
498,48.813713,-7.4720535
499,48.77624,-7.5189314
500,48.83664,-7.4424267
501,48.813374,-7.5272474
502,48.83169,-7.4901223
503,48.80182,-7.4786496
504,48.778656,-7.495535
505,48.78655,-7.553125
506,48.84424,-7.45965
507,48.792816,-7.548361
508,48.80542,-7.5490937
509,48.783707,-7.538241
510,48.824154,-7.459171
511,48.848873,-7.469432
512,48.849453,-7.4206085
513,48.840313,-7.466697
514,48.851643,-7.49483
515,48.80554,-7.552364
516,48.808323,-7.499791
517,48.800488,-7.5510387
518,48.883827,-7.425795
519,48.868675,-7.444456
520,48.82568,-7.497452
521,48.844032,-7.4345336
522,48.825768,-7.506331
523,48.858353,-7.4876137
524,48.86361,-7.4298544
525,48.855286,-7.4832444
526,48.825813,-7.515436
527,48.864174,-7.415281
528,48.85893,-7.5205946
529,48.84803,-7.4758024
530,48.874157,-7.463991
531,48.871445,-7.480341
532,48.833412,-7.4998193
533,48.837677,-7.528995
534,48.825726,-7.512223
535,48.883694,-7.452913
536,48.851093,-7.4613132
537,48.850857,-7.477973
538,48.85173,-7.4819193
539,48.84582,-7.47569
540,48.844044,-7.45311
541,48.821472,-7.542667
542,48.837204,-7.521074
543,48.85881,-7.4412146
544,48.844135,-7.506021
545,48.866856,-7.4669228
546,48.839558,-7.4587483
547,48.888004,-7.482258
548,48.828243,-7.489728
549,48.87983,-7.4553657
550,48.92491,-7.412659
551,48.82368,-7.5141397
552,48.890594,-7.461398
553,48.885056,-7.4848228
554,48.83627,-7.488065
555,48.857895,-7.481553
556,48.88371,-7.446458
557,48.813313,-7.5508413
558,48.857243,-7.4957886
559,48.861656,-7.510306
560,48.829487,-7.4952245
561,48.84963,-7.4948864
562,48.856544,-7.511405
563,48.887917,-7.478311
564,48.849392,-7.524739
565,48.86416,-7.4968596
566,48.889427,-7.4601293
567,48.84187,-7.489615
568,48.892464,-7.475605
569,48.86955,-7.4839773
570,48.874836,-7.4695725
571,48.847942,-7.499143
572,48.897556,-7.4747596
573,48.870453,-7.5300097
574,48.8826,-7.4622717
575,48.86164,-7.512589
576,48.87971,-7.4887695
577,48.83901,-7.5567894
578,48.849705,-7.5478253
579,48.88707,-7.483921
580,48.843452,-7.530912
581,48.89104,-7.4973106
582,48.873253,-7.5114617
583,48.840313,-7.5397635
584,48.87466,-7.521102
585,48.936363,-7.433942
586,48.900608,-7.465288
587,48.854397,-7.5264297
588,48.927372,-7.4274583
589,48.887043,-7.5072894
590,48.87319,-7.5043297
591,48.872334,-7.5498548
592,48.86537,-7.529756
593,48.883293,-7.5055137
594,48.905273,-7.4643297
595,48.827427,-7.5463877
596,48.892624,-7.4741673
597,48.88211,-7.496183
598,48.909805,-7.475718
599,48.858517,-7.5043297
600,48.88913,-7.5050907
601,48.873726,-7.5584526
602,48.85548,-7.538523
603,48.880257,-7.47008
604,48.822212,-7.537536
605,48.871075,-7.511518
606,48.86761,-7.5132937
607,49.00356,-7.3549
608,48.8384,-7.583146
609,48.941753,-7.4174795
610,48.92897,-7.417113
611,48.87371,-7.520482
612,48.877487,-7.5501933
613,48.941902,-7.425908
614,48.8702,-7.523442
615,48.888035,-7.536832
616,48.933163,-7.495535
617,48.835426,-7.5633574
618,48.851006,-7.5311937
619,48.85884,-7.565613
620,48.841484,-7.5065002
621,48.852295,-7.614182
622,48.900726,-7.5630193
623,48.80955,-7.599411
624,48.871044,-7.645782
625,48.927666,-7.5728855
626,48.90588,-7.464865
627,48.982277,-7.394703
628,48.97096,-7.4154215
629,48.950638,-7.4811583
630,48.9237,-7.415309
631,48.933517,-7.551067
632,48.868896,-7.515746
633,48.94642,-7.445725
634,48.8681,-7.6659656
635,48.97887,-7.2775774
636,48.862663,-7.5069513
637,48.948315,-7.5160565
638,48.86847,-7.549968
639,48.98013,-7.410686
640,48.899082,-7.4497557
641,48.80945,-7.770067
642,48.925255,-7.570574
643,48.878437,-7.5650206
644,48.89532,-7.6109686
645,49.04097,-7.137704
646,48.927906,-7.4850764
647,48.793243,-7.806854
648,49.02539,-7.210065
649,48.837173,-7.6132803
650,48.96954,-7.338607
651,49.048183,-7.256069
652,49.017067,-7.359269
653,48.8528,-7.5806093
654,49.01182,-7.341679
655,48.875385,-7.5373673
656,48.782475,-7.5630755
657,48.908443,-7.549573
658,48.94193,-7.4785085
659,48.825546,-7.607614
660,48.93506,-7.363131
661,48.56421,-7.8391304
662,49.033165,-7.326429
663,48.909153,-7.558622
664,48.998524,-7.4447384
665,48.8722,-7.7218924
666,49.00489,-7.4297132
667,48.959984,-7.460862
668,48.927357,-7.470813
669,48.868336,-7.559101
670,48.924675,-7.500186
671,48.86693,-7.4934487
672,48.762333,-7.8713503
673,48.822067,-7.7639503
674,48.97441,-7.440538
675,49.042053,-7.309713
676,48.954414,-7.48378
677,48.983875,-7.367726
678,48.81829,-7.5433717
679,48.94572,-7.286429
680,49.230076,-7.098324
681,48.940907,-7.2678804
682,48.866497,-7.6213984
683,48.934288,-7.5715885
684,48.998642,-7.4309254
685,49.035564,-7.342553
686,48.900177,-7.6546617
687,49.061974,-7.2280493
688,48.980366,-7.398452
689,48.946285,-7.461257
690,48.83165,-7.63056
691,48.948418,-7.436366
692,48.93583,-7.5132093
693,48.910755,-7.668446
694,49.032246,-7.4580717
695,48.96847,-7.4784803
696,49.138042,-7.1958013
697,48.974617,-7.6756344
698,49.11563,-7.301087
699,48.961258,-7.468981
700,48.89452,-7.5614686
701,48.89507,-7.7126746
702,49.578724,-6.498885
703,49.27414,-6.9778724
704,49.011482,-7.7041616
705,49.223576,-7.2005935
706,49.076576,-7.295844
707,48.89234,-7.831463
708,48.99426,-7.4128003
709,49.174904,-7.1246243
710,48.904636,-7.643414
711,48.930054,-7.580468
712,48.94956,-7.47008
713,48.8646,-7.6078677
714,48.88639,-7.667995
715,49.13592,-7.1839337
716,49.064148,-7.378297
717,49.05698,-7.350672
718,48.94704,-7.4559293
719,48.92687,-7.5899115
720,48.91419,-7.563301
721,49.02447,-7.3828917
722,48.903645,-7.6491084
723,48.936302,-7.549742
724,48.953587,-7.51149
725,48.967937,-7.5105877
726,48.95151,-7.520341
727,49.005424,-7.44502
728,49.00714,-7.347458
729,49.064877,-7.3625674
730,48.933327,-7.579228
731,49.024456,-7.474478
732,48.913258,-7.5724063
733,48.974945,-7.5027795
734,49.06738,-7.4178743
735,49.003395,-7.392955
736,49.036884,-7.4231453
737,48.99202,-7.4834137
738,48.946167,-7.5282903
739,48.940628,-7.557043
740,48.951126,-7.4968314
741,48.8718,-7.654323
742,48.97647,-7.5391994
743,49.02884,-7.3905873
744,48.97265,-7.5699253
745,49.008667,-7.5089808
746,48.93303,-7.619059
747,49.033344,-7.4303336
748,49.114048,-7.3006926
749,49.15281,-7.2575917
750,49.006905,-7.428107
751,49.09072,-7.422723
752,48.978306,-7.541821
753,49.01323,-7.539115
754,48.939384,-7.584668
755,48.941708,-7.489897
756,49.03632,-7.431715
757,48.91881,-7.6163244
758,49.0161,-7.4685016
759,49.044216,-7.44891
760,49.02524,-7.437437
761,48.94969,-7.490489
762,48.980602,-7.4909964
763,48.893204,-7.645754
764,48.968204,-7.5907574
765,49.00076,-7.476874
766,49.00212,-7.4543505
767,48.927933,-7.6383967
768,48.976204,-7.527501
769,49.05328,-7.4930825
770,48.95837,-7.566374
771,49.00242,-7.4962115
772,49.03367,-7.460383
773,48.96465,-7.536127
774,49.020576,-7.509742
775,48.929417,-7.6616526
776,49.01142,-7.5502214
777,49.043533,-7.410376
778,48.999428,-7.5187063
779,49.01046,-7.486035
780,48.94661,-7.587487
781,49.044838,-7.3890367
782,48.95994,-7.583597
783,49.00387,-7.495563
784,49.02123,-7.4794106
785,49.039192,-7.4804535
786,48.93577,-7.532913
787,49.050804,-7.454999
788,49.056316,-7.43008
789,49.10066,-7.404879
790,49.05273,-7.363272
791,48.977314,-7.532406
792,49.00375,-7.5594954
793,48.96976,-7.5988193
794,49.051174,-7.473378
795,49.09851,-7.3933215
796,49.099,-7.4358025
797,48.954506,-7.629517
798,49.062447,-7.4714894
799,49.071186,-7.46588
800,48.94649,-7.687981
801,48.951084,-7.6157327
802,48.96689,-7.7005534
803,49.013424,-7.5241466
804,49.025524,-7.5408344
805,49.080547,-7.3862743
806,49.013542,-7.5602
807,48.961864,-7.603724
808,49.000923,-7.5105033
809,48.90806,-7.7406945
810,49.052895,-7.5552955
811,48.969093,-7.6124063
812,49.026634,-7.6167474
813,49.112476,-7.239776
814,49.004566,-7.4574795
815,49.0261,-7.5960283
816,49.097504,-7.4019756
817,49.072502,-7.47304
818,49.020073,-7.5682907
819,48.966976,-7.675803
820,49.036186,-7.493984
821,48.90883,-7.6743093
822,49.069824,-7.3742094
823,49.0534,-7.4929132
824,49.01618,-7.5536885
825,49.19222,-7.2972255
826,49.034115,-7.5092344
827,48.993237,-7.554732
828,49.04023,-7.5774803
829,49.0784,-7.414858
830,49.021774,-7.512251
831,48.98014,-7.6048236
832,48.999943,-7.527924
833,49.026188,-7.5890374
834,49.057884,-7.441778
835,48.927044,-7.566289
836,49.02625,-7.5432587
837,49.017406,-7.48705
838,49.076546,-7.516141
839,49.06233,-7.400538
840,49.07674,-7.4959292
841,49.001114,-7.571758
842,49.00526,-7.5441327
843,48.819473,-7.9189334
844,48.941338,-7.6903205
845,49.30613,-7.142496
846,49.16245,-7.3056536
847,49.129925,-7.4332933
848,48.98001,-7.6460357
849,48.98617,-7.590419
850,49.005543,-7.4987483
851,49.038986,-7.4797773
852,48.97641,-7.614915
853,49.026707,-7.547797
854,49.10796,-7.583851
855,49.190666,-7.2566614
856,49.015244,-7.5542808
857,49.242874,-7.2016363
858,49.03703,-7.5687413
859,49.0317,-7.483949
860,49.083893,-7.4540687
861,49.008476,-7.5514617
862,49.09047,-7.48736
863,49.190533,-7.300129
864,48.998997,-7.652181
865,49.108345,-7.467374
866,49.02188,-7.595211
867,49.236725,-7.183285
868,49.071156,-7.4987764
869,49.07871,-7.4547734
870,49.020885,-7.5942245
871,48.99814,-7.592815
872,49.090897,-7.5081353
873,49.031685,-7.540299
874,49.10968,-7.4789033
875,49.033047,-7.5026383
876,49.046005,-7.5763807
877,49.083138,-7.462413
878,49.058094,-7.4735475
879,49.075584,-7.4695163
880,49.024754,-7.600623
881,49.038185,-7.5711093
882,49.10895,-7.4478106
883,48.988422,-7.718679
884,49.04731,-7.523583
885,48.927666,-7.7523646
886,49.109177,-7.4217644
887,49.111828,-7.422046
888,48.991444,-7.606064
889,49.091015,-7.406035
890,49.17089,-7.400425
891,49.090603,-7.449925
892,49.02037,-7.5569024
893,49.204617,-7.2775774
894,49.127926,-7.394139
895,49.001144,-7.5954366
896,49.110744,-7.39039
897,49.009365,-7.509742
898,48.96662,-7.675888
899,49.12329,-7.337479
900,49.04208,-7.49748
901,49.018932,-7.604513
902,49.082203,-7.4498405
903,49.138737,-7.345569
904,49.046925,-7.564823
905,49.131805,-7.4111934
906,49.17366,-7.3235254
907,49.120445,-7.4272327
908,49.721443,-6.3070307
909,49.41173,-7.2247796
910,49.40834,-7.0036087
911,49.154984,-7.4466553
912,49.212334,-7.3138847
913,49.02197,-7.628333
914,49.106243,-7.6161556
915,49.156734,-7.30151
916,49.108257,-7.472899
917,49.028175,-7.537621
918,49.098984,-7.537142
919,49.094334,-7.553548
920,49.05387,-7.5560846
921,49.126266,-7.3514047
922,49.119038,-7.357662
923,49.111248,-7.461567
924,49.030853,-7.5539703
925,49.026367,-7.6127443
926,49.125095,-7.4161263
927,49.074116,-7.541849
928,49.1244,-7.4602985
929,49.040054,-7.6288404
930,49.07807,-7.498692
931,49.01831,-7.517297
932,49.05451,-7.528234
933,49.1187,-7.506923
934,49.084633,-7.558086
935,49.0583,-7.592392
936,49.06409,-7.5505033
937,49.02887,-7.624387
938,49.168373,-7.4370146
939,49.0853,-7.470249
940,49.06424,-7.573139
941,49.07136,-7.5253305
942,49.090794,-7.5466413
943,49.138958,-7.43755
944,49.101963,-7.546472
945,49.111736,-7.5597773
946,49.071556,-7.5769444
947,48.999634,-7.6948028
948,49.05303,-7.558255
949,49.144367,-7.476507
950,49.112106,-7.5083327
951,49.11455,-7.5339565
952,49.095,-7.549968
953,49.14989,-7.434083
954,49.127007,-7.4543223
955,49.130207,-7.4820886
956,49.143833,-7.479129
957,49.104984,-7.5121946
958,49.089714,-7.543879
959,49.164936,-7.4816656
960,49.148113,-7.5186496
961,49.116093,-7.5693617
962,49.179703,-7.426951
963,49.10704,-7.5090375
964,49.087536,-7.599242
965,49.03293,-7.597917
966,49.10928,-7.4822016
967,49.107574,-7.4702773
968,49.120003,-7.5302916
969,49.04712,-7.5545344
970,49.111576,-7.537311
971,49.117928,-7.528685
972,49.10891,-7.450799
973,49.037075,-7.509855
974,49.1397,-7.4404254
975,49.096172,-7.516
976,49.020515,-7.5446963
977,48.963493,-7.469939
978,49.145123,-7.4382267
979,49.069897,-7.607163
980,49.14857,-7.5083046
981,49.126564,-7.3860207
982,49.118313,-7.505232
983,49.097755,-7.532152
984,49.196484,-7.3442445
985,49.144646,-7.531701
986,49.099857,-7.5876284
987,49.14786,-7.5594954
988,49.175026,-7.431236
989,49.019363,-7.743964
990,49.18822,-7.4809046
991,49.130398,-7.4567466
992,49.19182,-7.4404817
993,49.207874,-7.413082
994,49.040985,-7.6483192
995,49.058388,-7.6762543
996,49.073776,-7.658636
997,49.03451,-7.761977
998,49.101562,-7.6182413
999,49.174595,-7.447219
1000,49.11153,-7.5557747
1001,49.16596,-7.3854566
1002,49.203846,-7.464781
1003,49.079952,-7.659848
1004,49.190266,-7.388755
1005,49.149563,-7.4447947
1006,49.199387,-7.5220604
1007,49.121616,-7.523498
1008,49.215992,-7.3691072
1009,49.182045,-7.5163665
1010,49.12622,-7.553999
1011,49.12603,-7.517184
1012,49.11054,-7.5902495
1013,49.150143,-7.522399
1014,49.200912,-7.4312077
1015,49.205017,-7.4399743
1016,49.073524,-7.6027937
1017,49.195553,-7.4221306
1018,49.145832,-7.4897842
1019,49.113205,-7.5634704
1020,49.119556,-7.5322084
1021,49.1631,-7.513153
1022,49.130783,-7.569587
1023,49.16153,-7.497029
1024,49.191196,-7.5186777
1025,49.17701,-7.4592557
1026,49.089375,-7.593407
1027,49.124786,-7.575986
1028,49.127598,-7.549291
1029,49.139328,-7.4669795
1030,49.14105,-7.5415673
1031,49.185642,-7.4762254
1032,49.10186,-7.597748
1033,49.17855,-7.5572968
1034,49.09608,-7.6443725
1035,49.20103,-7.405527
1036,49.15337,-7.488149
1037,49.197063,-7.4524903
1038,49.24526,-7.3367743
1039,49.11347,-7.581962
1040,49.24526,-7.3863306
1041,49.119083,-7.6176777
1042,49.147415,-7.5689387
1043,49.201492,-7.469178
1044,49.200974,-7.472871
1045,49.174282,-7.4881773
1046,49.135937,-7.537536
1047,49.186073,-7.471997
1048,49.14441,-7.5366344
1049,49.097607,-7.5919976
1050,49.180103,-7.511969
1051,49.01742,-7.4977336
1052,49.10854,-7.394703
1053,49.154438,-7.5479946
1054,49.193302,-7.4849358
1055,49.232418,-7.423202
1056,49.147194,-7.570292
1057,49.22633,-7.50261
1058,49.154984,-7.5521383
1059,49.120594,-7.5563664
1060,49.14318,-7.587346
1061,49.237305,-7.4045973
1062,49.137314,-7.5693617
1063,49.2195,-7.443075
1064,49.15466,-7.573393
1065,49.230106,-7.4513063
1066,49.22257,-7.5066695
1067,49.13736,-7.5712223
1068,49.22168,-7.372546
1069,49.22199,-7.46619
1070,49.190636,-7.4638505
1071,49.16978,-7.5655
1072,49.25909,-7.4465423
1073,49.209488,-7.5472617
1074,49.195034,-7.4979873
1075,49.195404,-7.5638647
1076,49.155727,-7.61624
1077,49.212776,-7.5642595
1078,49.171528,-7.5613
1079,49.17344,-7.5666556
1080,49.210068,-7.4649777
1081,49.217293,-7.4948864
1082,49.147625,-7.5956903
1083,49.2453,-7.5432305
1084,49.213917,-7.4587765
1085,49.372066,-7.2507133
1086,49.24311,-7.504414
1087,49.19903,-7.5787206
1088,49.04377,-7.7950993
1089,49.267475,-7.371729
1090,49.189034,-7.5545063
1091,49.166004,-7.547713
1092,49.246384,-7.4586916
1093,49.26134,-7.422187
1094,49.195107,-7.5333643
1095,49.15934,-7.6145487
1096,49.194706,-7.541962
1097,49.30558,-7.3172393
1098,49.1353,-7.5762115
1099,49.24087,-7.473294
1100,49.183243,-7.5353374
1101,49.339928,-7.224131
1102,49.150734,-7.525838
1103,49.170372,-7.4988894
1104,49.19539,-7.518565
1105,49.178047,-7.5996084
1106,49.116253,-7.634281
1107,49.225914,-7.44564
1108,49.16728,-7.5678678
1109,49.21839,-7.519326
1110,49.223206,-7.5405526
1111,49.20641,-7.5685163
1112,49.242073,-7.471433
1113,49.217678,-7.5230474
1114,49.185955,-7.5770855
1115,49.27414,-7.5026946
1116,49.182014,-7.550447
1117,49.158867,-7.6181006
1118,49.209713,-7.552843
1119,49.16923,-7.558086
1120,49.20792,-7.5346613
1121,49.185215,-7.578044
1122,49.219147,-7.53841
1123,49.15703,-7.600426
1124,49.180088,-7.5700383
1125,49.278435,-7.458269
1126,49.230446,-7.5296154
1127,49.191895,-7.5883894
1128,49.250248,-7.4914756
1129,49.2336,-7.4902916
1130,49.183407,-7.5941114
1131,49.230003,-7.5302634
1132,49.175335,-7.61032
1133,49.235172,-7.505683
1134,49.21134,-7.553604
1135,49.16451,-7.5676703
1136,49.22116,-7.511856
1137,49.20192,-7.5493755
1138,49.148663,-7.6655145
1139,49.237053,-7.486627
1140,49.244915,-7.5128427
1141,49.232178,-7.5117717
1142,49.19598,-7.5709686
1143,49.187183,-7.5506444
1144,49.29372,-7.442511
1145,49.332153,-7.4739985
1146,49.302204,-7.501088
1147,49.258068,-7.511405
1148,49.223175,-7.536775
1149,49.209682,-7.5344357
1150,49.219204,-7.5485864
1151,49.266243,-7.4613695
1152,49.22732,-7.528629
1153,49.27054,-7.5034275
1154,49.166965,-7.582047
1155,49.23892,-7.5299535
1156,49.201267,-7.5249357
1157,49.28033,-7.489897
1158,49.298267,-7.49545
1159,49.32725,-7.40237
1160,49.182312,-7.6868534
1161,49.261963,-7.527078
1162,49.21571,-7.553576
1163,49.19623,-7.5672193
1164,49.232933,-7.539143
1165,49.25093,-7.5078254
1166,49.21848,-7.552702
1167,49.237335,-7.5645413
1168,49.24822,-7.5389457
1169,49.18498,-7.6011305
1170,49.233173,-7.5038505
1171,49.257595,-7.502131
1172,49.2554,-7.525979
1173,49.21848,-7.5841327
1174,49.241436,-7.5371137
1175,49.282757,-7.495478
1176,49.253864,-7.521581
1177,49.328182,-7.4611726
1178,49.285973,-7.5218916
1179,49.26758,-7.460214
1180,49.22224,-7.543766
1181,49.22168,-7.4303055
1182,49.315727,-7.410404
1183,49.32778,-7.481581
1184,49.31158,-7.3679514
1185,49.31167,-7.478847
1186,49.312973,-7.5307426
1187,49.231068,-7.580158
1188,49.402298,-7.3613834
1189,49.23532,-7.4957037
1190,49.19586,-7.6219625
1191,49.202854,-7.5412292
1192,49.304695,-7.504865
1193,49.184193,-7.6277127
1194,49.27402,-7.5294743
1195,49.202084,-7.633717
1196,49.31826,-7.4953094
1197,49.310913,-7.456465
1198,49.226032,-7.5906725
1199,49.293762,-7.5113487
1200,49.27288,-7.465936
1201,49.255653,-7.5365214
1202,49.28772,-7.4840617
1203,49.30628,-7.544048
1204,49.13961,-7.5164227
1205,49.23286,-7.5577197
1206,49.273487,-7.5263453
1207,49.27303,-7.485866
1208,49.268925,-7.5093474
1209,49.42299,-7.335393
1210,49.2211,-7.619059
1211,49.242264,-7.5857396
1212,49.28298,-7.513012
1213,49.28015,-7.504781
1214,49.28513,-7.5671067
1215,49.292503,-7.4849358
1216,49.248367,-7.561328
1217,49.30379,-7.5318704
1218,49.178993,-7.6097
1219,49.24567,-7.5633574
1220,49.288506,-7.548868
1221,49.27836,-7.523949
1222,49.261787,-7.5481353
1223,49.336002,-7.493139
1224,49.216583,-7.643865
1225,49.278893,-7.496465
1226,49.32103,-7.494323
1227,49.310753,-7.470954
1228,49.263046,-7.5331388
1229,49.226597,-7.5845556
1230,49.16506,-7.6772127
1231,49.293438,-7.5634985
1232,49.2678,-7.618044
1233,49.346977,-7.448713
1234,49.271236,-7.492434
1235,49.268703,-7.5448937
1236,49.233025,-7.59056
1237,49.28683,-7.490827
1238,49.27491,-7.5576067
1239,49.227486,-7.628474
1240,49.266186,-7.54526
1241,49.237732,-7.6377482
1242,49.229645,-7.597607
1243,49.22593,-7.593266
1244,49.318718,-7.4832726
1245,49.28193,-7.518086
1246,49.23794,-7.608065
1247,49.285366,-7.5142803
1248,49.279366,-7.533195
1249,49.309624,-7.5376773
1250,49.258263,-7.594055
1251,49.29181,-7.4937305
1252,49.2251,-7.572716
1253,49.270405,-7.622808
1254,49.29277,-7.541455
1255,49.27414,-7.5912366
1256,49.35843,-7.4331527
1257,49.30813,-7.5239773
1258,49.31423,-7.4987483
1259,49.289394,-7.568826
1260,49.331825,-7.465852
1261,49.30019,-7.5207357
1262,49.26192,-7.4758024
1263,49.33288,-7.6328998
1264,49.234608,-7.583456
1265,49.303448,-7.5167327
1266,49.28141,-7.4759436
1267,49.26651,-7.541342
1268,49.20743,-7.5939145
1269,49.279694,-7.572603
1270,49.328762,-7.5137167
1271,49.31373,-7.52082
1272,49.257877,-7.683499
1273,49.277145,-7.518847
1274,49.34326,-7.519608
1275,49.333042,-7.5192137
1276,49.156925,-7.6929984
1277,49.229305,-7.640821
1278,49.24936,-7.555887
1279,49.354664,-7.478706
1280,49.325294,-7.5284033
1281,49.34129,-7.48767
1282,49.32174,-7.539143
1283,49.25702,-7.6137877
1284,49.354843,-7.541116
1285,49.2819,-7.5505314
1286,49.335663,-7.510813
1287,49.31494,-7.4540124
1288,49.325798,-7.473322
1289,49.287884,-7.600567
1290,49.317253,-7.5381002
1291,49.39787,-7.459678
1292,49.393707,-7.449192
1293,49.370396,-7.499763
1294,49.32568,-7.5405245
1295,49.353245,-7.540778
1296,49.27913,-7.6133647
1297,49.377934,-7.4696293
1298,49.277664,-7.6067686
1299,49.211445,-7.6194253
1300,49.304813,-7.5782976
1301,49.11113,-7.824782
1302,49.36253,-7.4049916
1303,49.45683,-7.451532
1304,49.254543,-7.5564513
1305,49.173763,-7.778073
1306,49.333294,-7.521948
1307,49.28544,-7.557353
1308,49.332256,-7.460073
1309,49.200542,-7.648516
1310,49.4012,-7.4275146
1311,49.277325,-7.622498
1312,49.313107,-7.4792414
1313,49.32032,-7.6168885
1314,49.29431,-7.5538297
1315,49.372112,-7.476451
1316,49.339367,-7.5257254
1317,49.25201,-7.5969305
1318,49.45316,-7.3784943
1319,49.4487,-7.424301
1320,49.51119,-7.3421865
1321,49.30884,-7.5354505
1322,49.234283,-7.6779737
1323,49.409554,-7.5143366
1324,49.321133,-7.529023
1325,49.329086,-7.5860496
1326,49.2376,-7.5891223
1327,49.359463,-7.5085583
1328,49.539165,-7.3123064
1329,49.413036,-7.414435
1330,49.304028,-7.6118145
1331,49.24034,-7.6542106
1332,49.337646,-7.575338
1333,49.265606,-7.5682626
1334,49.316498,-7.598199
1335,49.322304,-7.5622015
1336,49.41416,-7.4458656
1337,49.395676,-7.4960985
1338,49.323635,-7.578861
1339,49.346283,-7.5881076
1340,49.33541,-7.5447526
1341,49.25259,-7.6835833
1342,49.381783,-7.4902353
1343,49.29849,-7.6071916
1344,49.310368,-7.593717
1345,49.380615,-7.5047526
1346,49.302902,-7.556987
1347,49.278255,-7.6418076
1348,49.344166,-7.4804535
1349,49.330345,-7.5524764
1350,49.38433,-7.504189
1351,49.29997,-7.5563383
1352,49.377666,-7.519326
1353,49.402992,-7.488882
1354,49.357433,-7.58667
1355,49.382095,-7.515803
1356,49.254425,-7.680398
1357,49.338715,-7.6058946
1358,49.355167,-7.534915
1359,49.397602,-7.5323777
1360,49.444035,-7.469178
1361,49.415863,-7.491278
1362,49.336018,-7.5665145
1363,49.36607,-7.5186777
1364,49.32556,-7.539453
1365,49.33405,-7.5415955
1366,49.384834,-7.5189033
1367,49.28547,-7.6182694
1368,49.35862,-7.4821167
1369,49.377872,-7.518114
1370,49.36681,-7.5572124
1371,49.39039,-7.5602565
1372,49.288803,-7.6025968
1373,49.289703,-7.7095175
1374,49.378586,-7.5669937
1375,49.418457,-7.494069
1376,49.412163,-7.4129972
1377,49.44383,-7.419227
1378,49.384926,-7.569897
1379,49.25647,-7.8204412
1380,49.310825,-7.5659227
1381,49.32752,-7.6208067
1382,49.36829,-7.6156483
1383,49.378483,-7.5520535
1384,49.37275,-7.539594
1385,49.418724,-7.3731666
1386,49.301228,-7.66247
1387,49.39005,-7.493646
1388,49.438198,-7.5020466
1389,49.33461,-7.5705457
1390,49.412487,-7.4848228
1391,49.389633,-7.5350275
1392,49.32546,-7.568629
1393,49.3689,-7.571448
1394,49.386078,-7.5306582
1395,49.402077,-7.517043
1396,49.34221,-7.5786643
1397,49.42897,-7.544217
1398,49.324955,-7.5954084
1399,49.33652,-7.587036
1400,49.331707,-7.6386223
1401,49.391144,-7.5622582
1402,49.41129,-7.5198054
1403,49.347572,-7.5432587
1404,49.34895,-7.6183543
1405,49.33513,-7.622047
1406,49.416367,-7.5078535
1407,49.34504,-7.615084
1408,49.363953,-7.5886993
1409,49.43272,-7.5194955
1410,49.35043,-7.5950418
1411,49.382984,-7.527839
1412,49.35157,-7.5635266
1413,49.335915,-7.623597
1414,49.39883,-7.5307994
1415,49.328392,-7.6112223
1416,49.434734,-7.5066695
1417,49.45575,-7.5135193
1418,49.36684,-7.5409474
1419,49.30545,-7.6635976
1420,49.466576,-7.446909
1421,49.39082,-7.539087
1422,49.429134,-7.557071
1423,49.36767,-7.5148726
1424,49.304485,-7.6743374
1425,49.371788,-7.5571275
1426,49.430824,-7.4641604
1427,49.379105,-7.589263
1428,49.43506,-7.53483
1429,49.439266,-7.532829
1430,49.419064,-7.5463033
1431,49.320866,-7.601469
1432,49.380035,-7.60099
1433,49.43328,-7.5092344
1434,49.431015,-7.5096292
1435,49.431965,-7.517776
1436,49.396107,-7.5945344
1437,49.46074,-7.4941535
1438,49.3343,-7.6381993
1439,49.35973,-7.581032
1440,49.413197,-7.5529838
1441,49.409718,-7.5790024
1442,49.363907,-7.611927
1443,49.441517,-7.5155773
1444,49.42204,-7.5252175
1445,49.383472,-7.58013
1446,49.389843,-7.5649924
1447,49.4403,-7.514929
1448,49.3895,-7.583259
1449,49.39363,-7.5719833
1450,49.381413,-7.5639777
1451,49.470203,-7.519665
1452,49.44649,-7.5665145
1453,49.376705,-7.611899
1454,49.429607,-7.4584947
1455,49.282505,-7.580271
1456,49.37983,-7.5530686
1457,49.382526,-7.633689
1458,49.430912,-7.516479
1459,49.3944,-7.598932
1460,49.425297,-7.5596647
1461,49.41105,-7.5800734
1462,49.412518,-7.559721
1463,49.443382,-7.517184
1464,49.345024,-7.6649504
1465,49.440376,-7.5475435
1466,49.489162,-7.498664
1467,49.437992,-7.5691924
1468,49.432793,-7.5525894
1469,49.508816,-7.475605
1470,49.289646,-7.6643305
1471,49.434807,-7.5086427
1472,49.30419,-7.7784395
1473,49.4829,-7.466782
1474,49.388508,-7.610095
1475,49.51964,-7.5455136
1476,49.433636,-7.5855985
1477,49.31709,-7.6542106
1478,49.41646,-7.5665145
1479,49.449306,-7.5305457
1480,49.48017,-7.544048
1481,49.39895,-7.592054
1482,49.39994,-7.621032
1483,49.454388,-7.525556
1484,49.343704,-7.6625547
1485,49.45135,-7.545232
1486,49.374763,-7.6500106
1487,49.424675,-7.5742383
1488,49.38765,-7.6174803
1489,49.494022,-7.50526
1490,49.408756,-7.63025
1491,49.460533,-7.571955
1492,49.38636,-7.5910673
1493,49.436245,-7.567529
1494,49.413643,-7.5883045
1495,49.470177,-7.528685
1496,49.39436,-7.5920258
1497,49.45431,-7.5794253
1498,49.411568,-7.558171
1499,49.45304,-7.5669093
1500,49.48574,-7.5314193
1501,49.46274,-7.551518
1502,49.412132,-7.5715885
1503,49.378407,-7.6732945
1504,49.38747,-7.5667963
1505,49.435,-7.5557747
1506,49.4193,-7.6073885
1507,49.46881,-7.5973253
1508,49.435623,-7.5651617
1509,49.40138,-7.605951
1510,49.41413,-7.575225
1511,49.430645,-7.661032
1512,49.510727,-7.4637938
1513,49.413895,-7.6285024
1514,49.3782,-7.6675158
1515,49.486824,-7.4902635
1516,49.486423,-7.483385
1517,49.423744,-7.615479
1518,49.477936,-7.507346
1519,49.51209,-7.527445
1520,49.4653,-7.559749
1521,49.401363,-7.634619
1522,49.51181,-7.5011444
1523,49.487846,-7.556987
1524,49.411762,-7.6156483
1525,49.43155,-7.602568
1526,49.45637,-7.6008205
1527,49.420025,-7.572688
1528,49.419804,-7.623203
1529,49.422054,-7.626529
1530,49.501617,-7.5288258
1531,49.48792,-7.530968
1532,49.368397,-7.692519
1533,49.48998,-7.55242
1534,49.4588,-7.595803
1535,49.4958,-7.531645
1536,49.42481,-7.5839634
1537,49.476856,-7.55118
1538,49.4443,-7.564936
1539,49.452312,-7.620863
1540,49.416042,-7.6459513
1541,49.46449,-7.5569024
1542,49.441547,-7.6062894
1543,49.38211,-7.6206656
1544,49.51868,-7.4349847
1545,49.55879,-7.4621024
1546,49.437874,-7.618946
1547,49.47259,-7.5406933
1548,49.46028,-7.5900526
1549,49.44236,-7.595803
1550,49.415436,-7.6296296
1551,49.504135,-7.50495
1552,49.505886,-7.5156054
1553,49.45455,-7.590532
1554,49.49079,-7.549404
1555,49.45775,-7.572096
1556,49.427326,-7.62309
1557,49.525196,-7.5209894
1558,49.49614,-7.5281496
1559,49.448505,-7.6027656
1560,49.526443,-7.5124764
1561,49.39886,-7.6510534
1562,49.42808,-7.631124
1563,49.466473,-7.5715604
1564,49.447857,-7.587459
1565,49.600674,-7.4510245
1566,49.42198,-7.68006
1567,49.54506,-7.4747877
1568,49.584843,-7.4287553
1569,49.57206,-7.4397206
1570,49.48925,-7.58822
1571,49.618416,-7.4827933
1572,49.59534,-7.4154496
1573,49.462635,-7.6182413
1574,49.426144,-7.607755
1575,49.500996,-7.5291643
1576,49.45751,-7.635606
1577,49.45732,-7.578777
1578,49.559677,-7.467966
1579,49.528736,-7.533731
1580,49.573128,-7.489164
1581,49.299553,-7.841583
1582,49.33996,-7.847841
1583,49.72353,-7.181312
1584,49.57748,-7.486204
1585,49.41385,-7.742442
1586,49.56929,-7.4508834
1587,49.60057,-7.4839773
1588,49.466797,-7.645162
1589,49.602436,-7.451532
1590,49.71682,-7.3745193
1591,49.559338,-7.5185933
1592,49.53705,-7.507656
1593,49.466694,-7.653844
1594,49.461468,-7.6200457
1595,49.571377,-7.4863453
1596,49.554924,-7.5264864
1597,49.478706,-7.611138
1598,49.54657,-7.5542526
1599,49.46046,-7.6321106
1600,49.449635,-7.594027
1601,49.53752,-7.547008
1602,49.470753,-7.5999184
1603,49.45036,-7.6280513
1604,49.47798,-7.6206937
1605,49.46302,-7.6261063
1606,49.531597,-7.576127
1607,49.535538,-7.5833435
1608,49.51422,-7.569559
1609,49.496864,-7.557156
1610,49.531597,-7.541342
1611,49.522667,-7.5618916
1612,49.53826,-7.553914
1613,49.493057,-7.617311
1614,49.513393,-7.5584807
1615,49.43679,-7.652773
1616,49.53287,-7.565218
1617,49.47145,-7.604936
1618,49.533817,-7.512674
1619,49.492035,-7.624302
1620,49.41601,-7.6973395
1621,49.523808,-7.5616097
1622,49.545147,-7.563301
1623,49.509617,-7.6057253
1624,49.525272,-7.568967
1625,49.539284,-7.56519
1626,49.569614,-7.5290794
1627,49.554005,-7.541793
1628,49.5196,-7.5638084
1629,49.60297,-7.4898124
1630,49.527035,-7.5832024
1631,49.53152,-7.5712223
1632,49.657238,-7.464414
1633,49.567734,-7.501398
1634,49.518356,-7.5633855
1635,49.52511,-7.610433
1636,49.513542,-7.46712
1637,49.492435,-7.624443
1638,49.515125,-7.5992703
1639,49.55707,-7.5497985
1640,49.45637,-7.6202993
1641,49.518505,-7.57686
1642,49.483685,-7.628474
1643,49.539238,-7.5826387
1644,49.49971,-7.58667
1645,49.59937,-7.5077686
1646,49.4898,-7.601159
1647,49.473995,-7.6635976
1648,49.566536,-7.5408344
1649,49.505634,-7.611053
1650,49.545963,-7.569982
1651,49.50695,-7.5951266
1652,49.55181,-7.54433
1653,49.550182,-7.5242596
1654,49.472633,-7.6112785
1655,49.503883,-7.5010314
1656,49.572193,-7.52705
1657,49.52204,-7.5964513
1658,49.528473,-7.585063
1659,49.51083,-7.6394677
1660,49.55066,-7.5875716
1661,49.52406,-7.6087136
1662,49.528843,-7.586867
1663,49.506508,-7.6362824
1664,49.496525,-7.6260214
1665,49.588158,-7.538805
1666,49.506256,-7.6176777
1667,49.635155,-7.4014115
1668,49.53438,-7.6732383
1669,49.57338,-7.5092063
1670,49.60666,-7.574577
1671,49.546185,-7.525246
1672,49.64909,-7.454971
1673,49.48497,-7.6034703
1674,49.540054,-7.5225396
1675,49.574474,-7.559298
1676,49.541355,-7.5769444
1677,49.5821,-7.5700665
1678,49.570446,-7.5739284
1679,49.576607,-7.551574
1680,49.52363,-7.584302
1681,49.572502,-7.569841
1682,49.48069,-7.724824
1683,49.536335,-7.596846
1684,49.474277,-7.6755214
1685,49.556877,-7.554788
1686,49.58788,-7.547008
1687,49.636753,-7.502103
1688,49.57434,-7.5907855
1689,49.533817,-7.5930967
1690,49.571022,-7.534013
1691,49.482662,-7.6073604
1692,49.520386,-7.6175647
1693,49.574623,-7.559129
1694,49.56332,-7.5638647
1695,49.556374,-7.589742
1696,49.54719,-7.6105456
1697,49.526115,-7.6210885
1698,49.499336,-7.6564374
1699,49.616966,-7.5168176
1700,49.592453,-7.567642
1701,49.533283,-7.62605
1702,49.595222,-7.5769444
1703,49.557114,-7.6027937
1704,49.558002,-7.605049
1705,49.531612,-7.619228
1706,49.558372,-7.6061482
1707,49.647907,-7.493477
1708,49.57649,-7.553858
1709,49.528576,-7.6480656
1710,49.5808,-7.5825543
1711,49.55873,-7.632223
1712,49.631985,-7.549573
1713,49.55282,-7.598763
1714,49.596706,-7.5821877
1715,49.53792,-7.6272335
1716,49.552776,-7.6216803
1717,49.621483,-7.56051
1718,49.55128,-7.606064
1719,49.524532,-7.6487985
1720,49.616257,-7.5672755
1721,49.567024,-7.604457
1722,49.539047,-7.592505
1723,49.56735,-7.610828
1724,49.551754,-7.617903
1725,49.60577,-7.556874
1726,49.58696,-7.5570993
1727,49.571407,-7.5951266
1728,49.548687,-7.6018634
1729,49.54826,-7.6190023
1730,49.593018,-7.553604
1731,49.54977,-7.6303344
1732,49.60919,-7.60068
1733,49.611073,-7.5501933
1734,49.57714,-7.5867825
1735,49.617603,-7.5569587
1736,49.56575,-7.580468
1737,49.561676,-7.5825543
1738,49.538837,-7.6336045
1739,49.583374,-7.626529
1740,49.59715,-7.587431
1741,49.601105,-7.575084
1742,49.552124,-7.597861
1743,49.574387,-7.6003695
1744,49.571392,-7.5678115
1745,49.553722,-7.6355214
1746,49.59398,-7.6031604
1747,49.57431,-7.558509
1748,49.572815,-7.612688
1749,49.604538,-7.5742664
1750,49.597046,-7.559806
1751,49.588158,-7.611053
1752,49.595654,-7.5820184
1753,49.63942,-7.5495167
1754,49.610493,-7.5544214
1755,49.61036,-7.585035
1756,49.589596,-7.584471
1757,49.555798,-7.617283
1758,49.61987,-7.565951
1759,49.534634,-7.606487
1760,49.59832,-7.6124344
1761,49.602303,-7.5455136
1762,49.591446,-7.5914054
1763,49.581078,-7.6054716
1764,49.57871,-7.6229773
1765,49.601,-7.584189
1766,49.61957,-7.6000032
1767,49.60257,-7.569954
1768,49.598423,-7.5779877
1769,49.593403,-7.592956
1770,49.58955,-7.59242
1771,49.586544,-7.587882
1772,49.589077,-7.6148868
1773,49.62809,-7.550165
1774,49.582233,-7.5919127
1775,49.574608,-7.586303
1776,49.61876,-7.5909824
1777,49.60275,-7.6035547
1778,49.600082,-7.619369
1779,49.601444,-7.602991
1780,49.619335,-7.599552
1781,49.573467,-7.6374946
1782,49.60796,-7.591941
1783,49.596024,-7.6170573
1784,49.611782,-7.610433
1785,49.597786,-7.6241045
1786,49.61119,-7.5805244
1787,49.603134,-7.5963387
1788,49.618935,-7.611955
1789,49.650173,-7.5512924
1790,49.582577,-7.610377
1791,49.585968,-7.6389885
1792,49.607117,-7.6152534
1793,49.640842,-7.59476
1794,49.5821,-7.614661
1795,49.579006,-7.6458664
1796,49.62267,-7.601074
1797,49.6364,-7.582357
1798,49.581596,-7.6004825
1799,49.579433,-7.6049643
1800,49.582516,-7.6198764
1801,49.633007,-7.5715604
1802,49.595844,-7.5864725
1803,49.663456,-7.545739
1804,49.667473,-7.5851192
1805,49.618034,-7.621173
1806,49.628696,-7.581145
1807,49.793556,-7.452293
1808,49.726078,-7.527332
1809,49.60842,-7.6239076
1810,49.6586,-7.552279
1811,49.675453,-7.5791435
1812,49.70376,-7.555493
1813,49.617752,-7.6089673
1814,49.677883,-7.5553517
1815,49.640114,-7.578354
1816,49.653816,-7.560623
1817,49.624653,-7.569446
1818,49.590187,-7.6521525
1819,49.605015,-7.607671
1820,49.67288,-7.5501933
1821,49.610466,-7.6371846
1822,49.63126,-7.6152253
1823,49.604393,-7.63025
1824,49.628845,-7.597297
1825,49.620075,-7.64037
1826,49.62369,-7.5870643
1827,49.665485,-7.58075
1828,49.645596,-7.5567894
1829,49.64413,-7.581483
1830,49.61787,-7.6013846
1831,49.61584,-7.622413
1832,49.663574,-7.5739
1833,49.63511,-7.574887
1834,49.636444,-7.5988755
1835,49.66559,-7.5691924
1836,49.643047,-7.6251197
1837,49.657562,-7.5875716
1838,49.63212,-7.619397
1839,49.654957,-7.612688
1840,49.63588,-7.6281357
1841,49.625454,-7.606994
1842,49.644974,-7.5964513
1843,49.67483,-7.617847
1844,49.625706,-7.614774
1845,49.6272,-7.6007643
1846,49.657177,-7.59896
1847,49.646587,-7.5853167
1848,49.664078,-7.600708
1849,49.607857,-7.614774
1850,49.661354,-7.6067686
1851,49.66738,-7.587318
1852,49.64783,-7.5805807
1853,49.6425,-7.61982
1854,49.66033,-7.577649
1855,49.61639,-7.6164093
1856,49.645493,-7.561018
1857,49.63293,-7.642963
1858,49.682816,-7.5860496
1859,49.662598,-7.595972
1860,49.695507,-7.5529838
1861,49.615543,-7.683189
1862,49.645657,-7.6219344
1863,49.654232,-7.5922513
1864,49.63773,-7.614323
1865,49.652275,-7.630616
1866,49.631985,-7.6533933
1867,49.673203,-7.572942
1868,49.7339,-7.543851
1869,49.69604,-7.5685444
1870,49.68225,-7.5654154
1871,49.64367,-7.58433
1872,49.660023,-7.6233435
1873,49.635555,-7.6191998
1874,49.645996,-7.6277413
1875,49.644157,-7.6021457
1876,49.66411,-7.617762
1877,49.67959,-7.6134777
1878,49.666862,-7.610771
1879,49.656364,-7.6011305
1880,49.658836,-7.585035
1881,49.699463,-7.5884457
1882,49.643463,-7.6273184
1883,49.705788,-7.56316
1884,49.673424,-7.6060357
1885,49.692486,-7.5991855
1886,49.683216,-7.6025968
1887,49.646927,-7.6079807
1888,49.667828,-7.618918
1889,49.706306,-7.585909
1890,49.683098,-7.596874
1891,49.657356,-7.627459
1892,49.65777,-7.6228924
1893,49.70666,-7.591011
1894,49.66922,-7.6145487
1895,49.79834,-7.512561
1896,49.644264,-7.582808
1897,49.63724,-7.6194816
1898,49.649788,-7.602202
1899,49.726463,-7.564034
1900,49.65842,-7.6008205
1901,49.728565,-7.603442
1902,49.676773,-7.581342
1903,49.646706,-7.6268954
1904,49.634872,-7.594929
1905,49.721737,-7.574492
1906,49.64425,-7.6241612
1907,49.696884,-7.6188617
1908,49.65977,-7.6190305
1909,49.694736,-7.6424556
1910,49.72722,-7.59118
1911,49.680637,-7.6100383
1912,49.696632,-7.588051
1913,49.71057,-7.5762115
1914,49.69586,-7.627262
1915,49.651905,-7.6132236
1916,49.678,-7.6011305
1917,49.67264,-7.6089673
1918,49.671425,-7.6188054
1919,49.704823,-7.593971
1920,49.645153,-7.6276283
1921,49.691406,-7.6355777
1922,49.690605,-7.6263037
1923,49.6417,-7.618946
1924,49.676285,-7.615507
1925,49.697536,-7.6007924
1926,49.68369,-7.5837665
1927,49.639923,-7.5813704
1928,49.68502,-7.631124
1929,49.704514,-7.611589
1930,49.67325,-7.6406236
1931,49.703655,-7.617339
1932,49.682163,-7.613139
1933,49.664658,-7.6553383
1934,49.737526,-7.5848937
1935,49.706543,-7.6243587
1936,49.65977,-7.623851
1937,49.67215,-7.65235
1938,49.657948,-7.630616
1939,49.760574,-7.5640903
1940,49.760292,-7.565077
1941,49.772156,-7.5521665
1942,49.800056,-7.5028358
1943,49.74526,-7.5271344
1944,49.72901,-7.5809755
1945,49.6945,-7.6162963
1946,49.697002,-7.621709
1947,49.663826,-7.6464024
1948,49.765297,-7.553125
1949,49.745228,-7.5805244
1950,49.712524,-7.6358876
1951,49.761475,-7.539848
1952,49.69767,-7.607248
1953,49.710083,-7.610264
1954,49.73157,-7.5934634
1955,49.697906,-7.6464024
1956,49.661236,-7.662949
1957,49.765564,-7.582329
1958,49.686237,-7.6694045
1959,49.763683,-7.5657816
1960,49.73073,-7.5799046
1961,49.741245,-7.601187
1962,49.750088,-7.5836535
1963,49.664894,-7.660243
1964,49.71269,-7.608178
1965,49.7247,-7.615394
1966,49.702084,-7.6050773
1967,49.711815,-7.6060357
1968,49.71817,-7.624048
1969,49.6917,-7.6279383
1970,49.730816,-7.604626
1971,49.70487,-7.6355214
1972,49.716835,-7.607332
1973,49.72599,-7.602822
1974,49.722862,-7.5830617
1975,49.780983,-7.534069
1976,49.75853,-7.5724344
1977,49.736225,-7.622103
1978,49.6994,-7.639947
1979,49.719486,-7.6631746
1980,49.721634,-7.6011305
1981,49.723087,-7.5794816
1982,49.715073,-7.6383967
1983,49.694855,-7.6625547
1984,49.700928,-7.6783404
1985,49.73292,-7.5890093
1986,49.72928,-7.6099257
1987,49.75838,-7.527078
1988,49.69881,-7.6297145
1989,49.74511,-7.5997777
1990,49.726654,-7.6054153
1991,49.771175,-7.5240054
1992,49.94553,-7.345964
1993,49.839188,-7.44798
1994,49.69145,-7.635042
1995,49.73942,-7.5315604
1996,49.74884,-7.588474
1997,49.778255,-7.5363526
1998,49.73788,-7.6144357
1999,49.68896,-7.625542
2000,49.77017,-7.5976634
2001,49.670567,-7.686938
2002,49.783855,-7.569559
2003,49.71626,-7.608347
2004,49.725574,-7.647248
2005,49.715694,-7.6330404
2006,49.72793,-7.6186643
2007,49.740517,-7.589742
2008,49.733173,-7.6354084
2009,49.765327,-7.580384
2010,49.807316,-7.5551825
2011,49.747375,-7.6263037
2012,49.775265,-7.5846963
2013,49.742577,-7.624753
2014,49.742474,-7.5920258
2015,49.77793,-7.619679
2016,49.72907,-7.6094184
2017,49.745037,-7.646177
2018,49.749184,-7.604288
2019,49.76549,-7.633407
2020,49.717163,-7.644739
2021,49.77885,-7.5829487
2022,49.740784,-7.655761
2023,49.726124,-7.5645413
2024,49.78504,-7.5921946
2025,49.73403,-7.640426
2026,49.757816,-7.60223
2027,49.72061,-7.632674
2028,49.733143,-7.652463
2029,49.728344,-7.6113634
2030,49.738503,-7.590419
2031,49.73227,-7.647304
2032,49.74908,-7.675324
2033,49.77491,-7.628728
2034,49.72411,-7.549629
2035,49.727352,-7.6878963
2036,49.712437,-7.700356
2037,49.799316,-7.5930686
2038,49.74991,-7.6246686
2039,49.809597,-7.522765
2040,49.718094,-7.636423
2041,49.72113,-7.6612015
2042,49.737896,-7.6537876
2043,49.79203,-7.646966
2044,49.79539,-7.5368032
2045,49.77377,-7.570687
2046,49.69132,-7.724937
2047,49.810886,-7.393406
2048,49.91656,-7.383822
2049,49.758972,-7.651138
2050,49.769756,-7.6072197
2051,49.70435,-7.7066703
2052,49.82275,-7.530151
2053,49.719517,-7.657058
2054,49.78036,-7.6544924
2055,49.86342,-7.577311
2056,49.72171,-7.6986084
2057,49.776287,-7.6209474
2058,49.786446,-7.688263
2059,49.773872,-7.6926885
2060,49.811344,-7.522089
2061,49.778744,-7.6915894
2062,49.766792,-7.647361
2063,49.789276,-7.598622
2064,49.7799,-7.6491084
2065,49.786713,-7.5905037
2066,49.764942,-7.664133
2067,49.83892,-7.5507007
2068,49.84772,-7.5360985
2069,49.80022,-7.6179876
2070,49.81884,-7.5724907
2071,49.76802,-7.696325
2072,49.76441,-7.627544
2073,49.82426,-7.5806937
2074,49.79609,-7.5950136
2075,49.748264,-7.686797
2076,49.744045,-7.6264725
2077,49.791203,-7.6190023
2078,49.803688,-7.6028504
2079,49.734,-7.668277
2080,49.753567,-7.659369
2081,49.79009,-7.592082
2082,49.77355,-7.6069093
2083,49.750027,-7.609249
2084,49.808086,-7.592928
2085,49.762928,-7.6500106
2086,49.80785,-7.5175505
2087,49.76358,-7.6397214
2088,49.80055,-7.593125
2089,49.76515,-7.65562
2090,49.84926,-7.5269938
2091,49.84548,-7.578016
2092,49.84824,-7.469488
2093,49.83707,-7.5840764
2094,49.792667,-7.6420894
2095,49.77627,-7.6477833
2096,49.76275,-7.6864023
2097,49.770897,-7.6540413
2098,49.8439,-7.569418
2099,49.759876,-7.6816382
2100,49.80638,-7.5751686
2101,49.81438,-7.6048517
2102,49.793987,-7.641497
2103,49.770924,-7.6051335
2104,49.798252,-7.6144643
2105,49.79849,-7.6323924
2106,49.75576,-7.676959
2107,49.794964,-7.618129
2108,49.837692,-7.582667
2109,49.837013,-7.586642
2110,49.784374,-7.6047387
2111,49.773235,-7.6520963
2112,49.74942,-7.638904
2113,49.784832,-7.609221
2114,49.842876,-7.566881
2115,49.79151,-7.6564093
2116,49.89384,-7.5848093
2117,49.887917,-7.537198
2118,49.796963,-7.6204967
2119,49.811684,-7.587346
2120,49.757004,-7.672787
2121,49.81989,-7.6403418
2122,49.786255,-7.6188617
2123,49.746193,-7.626388
2124,49.84067,-7.557917
2125,49.799778,-7.6191716
2126,49.801567,-7.611871
2127,49.850517,-7.6087418
2128,49.784893,-7.7032595
2129,49.853924,-7.5762963
2130,49.826912,-7.628192
2131,49.805435,-7.6261063
2132,49.873474,-7.5961976
2133,49.781307,-7.666219
2134,49.84033,-7.5988474
2135,49.817463,-7.6394396
2136,49.8238,-7.531081
2137,49.778214,-7.6210604
2138,49.85914,-7.5435686
2139,49.94328,-7.419622
2140,49.790077,-7.634929
2141,49.859093,-7.441863
2142,49.874573,-7.5729136
2143,49.87312,-7.5198617
2144,49.848476,-7.675803
2145,49.91296,-7.5026946
2146,49.842445,-7.615789
2147,49.91111,-7.4180713
2148,49.79757,-7.718566
2149,49.73809,-7.741681
2150,49.925922,-7.477945
2151,49.887634,-7.6145487
2152,49.863377,-7.666191
2153,49.8806,-7.5327725
2154,49.871788,-7.6366205
2155,49.821697,-7.5830336
2156,49.870914,-7.631321
2157,49.83183,-7.5647106
2158,49.855244,-7.605387
2159,49.835117,-7.6583824
2160,49.856323,-7.6453876
2161,49.843838,-7.572519
2162,49.82752,-7.635352
2163,49.820736,-7.6327305
2164,49.830437,-7.602681
2165,49.736713,-7.7273045
2166,49.889027,-7.5779595
2167,49.840137,-7.678932
2168,49.81822,-7.632618
2169,49.875267,-7.620919
2170,49.834167,-7.636508
2171,49.8423,-7.6148868
2172,49.90012,-7.566853
2173,49.88204,-7.531955
2174,49.953484,-7.2520103
2175,49.903244,-7.663682
2176,49.87155,-7.6203556
2177,49.832005,-7.6635413
2178,49.963764,-7.5493755
2179,49.89356,-7.5218067
2180,49.88109,-7.5493474
2181,49.794044,-7.6156197
2182,49.849617,-7.634168
2183,49.856487,-7.608488
2184,49.911243,-7.6744223
2185,49.823013,-7.7131257
2186,49.80988,-7.6799755
2187,49.92121,-7.555126
2188,49.86567,-7.5942807
2189,49.842907,-7.718707
2190,49.785545,-7.7464447
2191,49.8911,-7.557748
2192,49.83766,-7.590475
2193,49.876392,-7.6382556
2194,49.842136,-7.6444006
2195,49.824703,-7.686318
2196,49.88706,-7.5736184
2197,49.8827,-7.592928
2198,49.900047,-7.593604
2199,49.87786,-7.6431885
2200,49.824303,-7.6752114
2201,49.989594,-7.548671
2202,49.93014,-7.4606934
2203,49.78535,-7.6780868
2204,49.8633,-7.648629
2205,49.882465,-7.6343937
2206,49.820274,-7.624302
2207,49.948093,-7.546529
2208,49.865833,-7.626275
2209,49.852104,-7.648488
2210,49.875652,-7.6397777
2211,49.85415,-7.6569448
2212,49.870426,-7.6107993
2213,49.8496,-7.6131954
2214,49.92317,-7.514224
2215,49.923832,-7.565077
2216,49.90347,-7.611561
2217,49.8733,-7.5809193
2218,49.90893,-7.615479
2219,49.932335,-7.581906
2220,49.80911,-7.664161
2221,49.829117,-7.656691
2222,49.818794,-7.654013
2223,49.818142,-7.733055
2224,49.929504,-7.562822
2225,49.844685,-7.6385374
2226,49.929253,-7.5748024
2227,49.90852,-7.627995
2228,49.832287,-7.6316876
2229,49.844624,-7.6736045
2230,49.883842,-7.639975
2231,49.913376,-7.528713
2232,49.834507,-7.646092
2233,49.796547,-7.578354
2234,49.91358,-7.6102357
2235,49.947662,-7.557804
2236,49.88399,-7.61593
2237,49.747673,-7.6692634
2238,49.82792,-7.7180867
2239,49.982513,-7.5240903
2240,49.939087,-7.6564655
2241,49.962547,-7.573759
2242,49.837677,-7.728827
2243,49.819344,-7.727981
2244,49.862694,-7.733027
2245,49.99042,-7.4980435
2246,49.934776,-7.488262
2247,49.842224,-7.667572
2248,49.898357,-7.596846
2249,49.950314,-7.5724626
2250,49.90252,-7.6383967
2251,49.969257,-7.544076
2252,49.857582,-7.679919
2253,49.863213,-7.6397214
2254,49.91483,-7.5978045
2255,49.95397,-7.58667
2256,49.90212,-7.685867
2257,49.83014,-7.7010045
2258,49.87263,-7.6626673
2259,49.81829,-7.743598
2260,49.85021,-7.702019
2261,49.98072,-7.5206513
2262,49.86478,-7.619256
2263,49.93475,-7.6156764
2264,49.95759,-7.5946755
2265,49.870693,-7.6514196
2266,49.910175,-7.64846
2267,49.928574,-7.6140976
2268,49.87536,-7.665007
2269,49.851406,-7.684739
2270,49.899693,-7.6310954
2271,49.890095,-7.697847
2272,49.927963,-7.6020327
2273,49.936066,-7.5799046
2274,49.909348,-7.6162963
2275,49.914753,-7.6402287
2276,49.884064,-7.6791296
2277,49.87953,-7.6918993
2278,49.900593,-7.6137595
2279,49.902622,-7.718284
2280,49.85581,-7.6960993
2281,49.954033,-7.5552955
2282,49.856087,-7.7196374
2283,49.89119,-7.67383
2284,49.914845,-7.6449084
2285,49.945606,-7.5996366
2286,49.91576,-7.626698
2287,49.934734,-7.60488
2288,49.92807,-7.6653733
2289,49.84033,-7.728376
2290,49.86194,-7.699538
2291,49.904327,-7.62013
2292,49.94639,-7.5639215
2293,49.805183,-7.7748313
2294,49.88448,-7.6922655
2295,49.922928,-7.6276
2296,49.919716,-7.63834
2297,49.888893,-7.677861
2298,49.957676,-7.604034
2299,49.9511,-7.6021175
2300,49.874794,-7.7283196
2301,49.905838,-7.623259
2302,49.91203,-7.6721387
2303,49.93759,-7.648516
2304,50.004494,-7.593689
2305,49.86647,-7.7098837
2306,49.87758,-7.6686997
2307,50.00769,-7.5627937
2308,49.877697,-7.728348
2309,49.87171,-7.682005
2310,49.91268,-7.6607504
2311,49.90606,-7.675606
2312,49.90354,-7.678735
2313,49.95972,-7.6475015
2314,49.978115,-7.5836253
2315,49.948997,-7.54915
2316,49.957363,-7.6394396
2317,49.912903,-7.625514
2318,49.943398,-7.617903
2319,49.923862,-7.660271
2320,49.952076,-7.6024556
2321,49.96717,-7.6349573
2322,49.893753,-7.642935
2323,49.901543,-7.6904054
2324,49.959824,-7.6291223
2325,49.88494,-7.619679
2326,50.002434,-7.57717
2327,49.892464,-7.654126
2328,49.96828,-7.6234
2329,49.969658,-7.632167
2330,49.961185,-7.597297
2331,49.927505,-7.6588616
2332,49.94365,-7.625571
2333,49.83932,-7.5346894
2334,49.93922,-7.6685305
2335,50.07157,-7.599214
2336,49.908295,-7.658016
2337,50.008183,-7.549742
2338,49.950314,-7.6521244
2339,49.97887,-7.5385795
2340,49.922485,-7.72068
2341,49.960133,-7.6109967
2342,49.95412,-7.6819205
2343,49.9736,-7.5610743
2344,50.049088,-7.5894885
2345,50.013603,-7.6308417
2346,49.985756,-7.674535
2347,49.864487,-7.764993
2348,49.96945,-7.5960283
2349,49.95603,-7.7430906
2350,50.041817,-7.5442452
2351,49.99651,-7.5397353
2352,49.92724,-7.663316
2353,50.030693,-7.6131673
2354,49.94984,-7.620835
2355,49.91129,-7.697847
2356,49.948227,-7.570151
2357,49.957054,-7.644147
2358,49.95442,-7.6639075
2359,49.975048,-7.6632876
2360,49.98426,-7.6550846
2361,49.991726,-7.666473
2362,49.958267,-7.6616807
2363,50.001648,-7.628615
2364,49.881622,-7.7406096
2365,49.95492,-7.620581
2366,49.968872,-7.6066837
2367,50.00744,-7.614661
2368,49.97659,-7.6445136
2369,49.96049,-7.6780305
2370,49.91973,-7.6623573
2371,49.939133,-7.6215677
2372,50.007053,-7.560623
2373,49.988895,-7.5925612
2374,50.007145,-7.645754
2375,49.97157,-7.729503
2376,49.954315,-7.6140695
2377,49.990185,-7.59507
2378,49.97327,-7.6628647
2379,50.12045,-7.5208483
2380,49.89532,-7.758087
2381,50.002243,-7.585373
2382,49.86795,-7.665599
2383,49.91945,-7.6537876
2384,49.842106,-7.659003
2385,49.980957,-7.6992283
2386,49.949516,-7.688686
2387,49.98121,-7.6272335
2388,49.95332,-7.652829
2389,50.019527,-7.5988755
2390,49.972782,-7.648432
2391,50.025467,-7.599834
2392,49.894344,-7.703457
2393,49.967865,-7.640116
2394,49.942955,-7.694549
2395,50.02967,-7.57266
2396,49.998642,-7.6316595
2397,49.93962,-7.694887
2398,49.98995,-7.6549997
2399,50.027718,-7.605641
2400,50.021763,-7.6112504
2401,49.9587,-7.6195664
2402,50.0362,-7.6291785
2403,50.017185,-7.6466
2404,49.95353,-7.6801724
2405,50.027466,-7.617311
2406,50.012638,-7.5673885
2407,49.94335,-7.6615963
2408,50.030945,-7.6175647
2409,49.968204,-7.6701374
2410,50.01529,-7.660638
2411,49.966503,-7.660553
2412,49.95393,-7.6402006
2413,49.979565,-7.648883
2414,50.011127,-7.592533
2415,49.96305,-7.6780305
2416,49.972427,-7.656973
2417,49.974976,-7.666501
2418,49.97936,-7.6620755
2419,50.074253,-7.5437098
2420,49.994526,-7.6105456
2421,49.97404,-7.652914
2422,50.043415,-7.5537734
2423,50.06172,-7.5230474
2424,49.910282,-7.7475724
2425,50.04318,-7.5728006
2426,49.933758,-7.737199
2427,50.015068,-7.6743937
2428,49.97065,-7.698721
2429,49.995014,-7.4933643
2430,50.022533,-7.667685
2431,50.160408,-7.3803544
2432,49.883442,-7.783175
2433,50.06951,-7.512589
2434,50.074135,-7.6023145
2435,49.96138,-7.6242175
2436,49.974888,-7.702611
2437,49.9681,-7.73858
2438,50.068417,-7.6355777
2439,49.962727,-7.7138305
2440,50.054096,-7.6155353
2441,50.05913,-7.575084
2442,49.96991,-7.6831326
2443,50.04679,-7.591603
2444,49.9894,-7.683104
2445,49.944614,-7.795325
2446,50.000183,-7.7192707
2447,50.02942,-7.623654
2448,50.047283,-7.616606
2449,50.08327,-7.6066275
2450,49.956993,-7.737312
2451,50.007782,-7.6665854
2452,50.035805,-7.6519837
2453,50.01009,-7.6498976
2454,50.024014,-7.6202993
2455,49.968548,-7.7150707
2456,50.04149,-7.669574
2457,50.053177,-7.6764235
2458,50.021614,-7.6361413
2459,50.04158,-7.632561
2460,49.943752,-7.7389183
2461,50.004864,-7.654746
2462,50.0241,-7.692294
2463,50.058983,-7.6112223
2464,50.024784,-7.647699
2465,50.076935,-7.622047
2466,49.9882,-7.677382
2467,49.993668,-7.664077
2468,49.986748,-7.693027
2469,50.01489,-7.6546617
2470,49.997547,-7.6883755
2471,50.108585,-7.624781
2472,50.021984,-7.6724205
2473,49.9926,-7.702301
2474,50.0732,-7.6043725
2475,49.994583,-7.6655707
2476,50.06021,-7.609193
2477,50.13046,-7.603245
2478,50.057323,-7.661145
2479,49.975983,-7.7406945
2480,50.062107,-7.6619906
2481,50.040707,-7.6231465
2482,49.98204,-7.6841474
2483,50.014194,-7.656071
2484,49.967197,-7.740779
2485,49.95002,-7.6291223
2486,50.01193,-7.650518
2487,50.05814,-7.6414127
2488,49.970753,-7.70543
2489,50.05017,-7.6730127
2490,50.00085,-7.710081
2491,50.028442,-7.667967
2492,50.057175,-7.6358595
2493,50.039772,-7.630278
2494,50.031715,-7.666191
2495,50.05011,-7.643048
2496,50.01901,-7.67741
2497,50.01861,-7.64068
2498,50.041283,-7.6623573
2499,50.09297,-7.622808
2500,49.987564,-7.653985
2501,50.028694,-7.671857
2502,50.023495,-7.741568
2503,50.026855,-7.654887
2504,50.09733,-7.625148
2505,49.964222,-7.7620616
2506,50.039474,-7.697227
2507,50.047977,-7.6591434
2508,50.01723,-7.700046
2509,50.035656,-7.7055144
2510,50.064686,-7.6370716
2511,50.029507,-7.670983
2512,50.067158,-7.6456413
2513,50.062553,-7.634112
2514,50.024815,-7.7222304
2515,50.010048,-7.676649
2516,50.04466,-7.6919274
2517,50.072594,-7.695254
2518,50.04546,-7.6225543
2519,50.075703,-7.617762
2520,50.04161,-7.645895
2521,50.013203,-7.6895595
2522,50.063572,-7.669658
2523,50.088825,-7.669151
2524,50.023094,-7.7180305
2525,50.044334,-7.6747603
2526,50.119972,-7.603386
2527,50.02865,-7.6859794
2528,50.061737,-7.6401443
2529,50.108585,-7.6452746
2530,50.044273,-7.6790733
2531,50.06766,-7.6241612
2532,50.105488,-7.6471634
2533,50.050953,-7.688263
2534,50.06464,-7.642287
2535,50.035477,-7.695282
2536,50.079704,-7.641018
2537,50.01729,-7.7282066
2538,50.07452,-7.638791
2539,50.06048,-7.6809053
2540,50.093834,-7.649052
2541,50.062893,-7.666839
2542,50.046852,-7.674986
2543,50.038082,-7.6889114
2544,50.087803,-7.648488
2545,50.048023,-7.6972833
2546,50.05251,-7.6941824
2547,50.046497,-7.666501
2548,50.08114,-7.6488547
2549,50.05716,-7.657988
2550,50.102913,-7.659482
2551,50.040337,-7.684429
2552,50.076935,-7.686966
2553,50.049236,-7.682343
2554,50.050983,-7.7234144
2555,50.125156,-7.6195097
2556,50.070965,-7.683978
2557,50.045387,-7.621173
2558,50.077274,-7.6801443
2559,50.10164,-7.602061
2560,50.062847,-7.664556
2561,50.069942,-7.6457257
2562,50.08508,-7.693196
2563,50.041134,-7.7019343
2564,50.090885,-7.657424
2565,50.060997,-7.6954226
2566,50.093372,-7.6673183
2567,50.10691,-7.6257114
2568,50.097652,-7.6237946
2569,50.057205,-7.670222
2570,50.05485,-7.704641
2571,50.075806,-7.6144075
2572,49.95963,-7.7966776
2573,50.041237,-7.6779456
2574,50.000732,-7.810152
2575,50.142456,-7.5642595
2576,50.08419,-7.682879
2577,50.057278,-7.6927447
2578,50.104053,-7.666388
2579,50.09158,-7.66963
2580,50.040024,-7.706191
2581,50.11054,-7.6446543
2582,50.097164,-7.6833863
2583,50.119442,-7.652181
2584,50.061558,-7.6985517
2585,50.01966,-7.715155
2586,50.05679,-7.6951976
2587,50.09352,-7.6565785
2588,50.01975,-7.723725
2589,50.16288,-7.6353803
2590,50.08795,-7.670222
2591,50.112495,-7.6386504
2592,50.088486,-7.6614833
2593,50.08013,-7.686318
2594,50.088306,-7.6511097
2595,50.12695,-7.690067
2596,50.12575,-7.646205
2597,50.104794,-7.6712365
2598,50.080917,-7.6764517
2599,50.089344,-7.6418357
2600,50.126846,-7.660384
2601,50.132164,-7.6495876
2602,50.105858,-7.6865435
2603,50.05937,-7.700356
2604,50.11695,-7.6716313
2605,50.1231,-7.643132
2606,50.085537,-7.6962967
2607,50.088234,-7.686233
2608,50.06935,-7.6978755
2609,50.084427,-7.653985
2610,50.117767,-7.6592846
2611,50.07797,-7.7024703
2612,50.089924,-7.659341
2613,50.108288,-7.695169
2614,50.08526,-7.685613
2615,50.093582,-7.7068114
2616,50.076324,-7.6788197
2617,50.016563,-7.604598
2618,50.126343,-7.7666845
2619,50.115265,-7.64815
2620,50.096394,-7.700976
2621,50.177246,-7.5991573
2622,50.14133,-7.6601586
2623,50.076324,-7.7122517
2624,50.164864,-7.6346755
2625,50.110657,-7.673069
2626,50.082222,-7.68395
2627,50.121826,-7.718961
2628,50.068935,-7.7010045
2629,50.10266,-7.6506305
2630,50.092693,-7.653083
2631,50.117233,-7.652773
2632,50.087315,-7.720539
2633,50.052124,-7.5658946
2634,50.068016,-7.666022
2635,50.139984,-7.606515
2636,50.12116,-7.6814694
2637,50.082752,-7.654408
2638,50.13218,-7.670081
2639,50.088234,-7.601074
2640,50.146427,-7.6582136
2641,50.154556,-7.635747
2642,50.089108,-7.6873045
2643,50.09638,-7.6654296
2644,50.09844,-7.628643
2645,50.141685,-7.6875863
2646,50.098366,-7.6401725
2647,50.06719,-7.7146196
2648,50.147285,-7.7359586
2649,50.050808,-7.6283894
2650,50.13344,-7.7137456
2651,50.11876,-7.6957893
2652,50.16904,-7.6335764
2653,50.156246,-7.639355
2654,50.10349,-7.7033157
2655,50.05343,-7.7630763
2656,50.128727,-7.6883473
2657,50.085094,-7.554732
2658,50.083435,-7.6620755
2659,50.109486,-7.7330832
2660,50.141285,-7.647107
2661,50.141495,-7.7048097
2662,50.108524,-7.682033
2663,50.048927,-7.728376
2664,50.192635,-7.6308417
2665,50.12396,-7.6433015
2666,50.080517,-7.733478
2667,50.157623,-7.716762
2668,50.06369,-7.7577205
2669,50.119083,-7.7473187
2670,50.178345,-7.671152
2671,50.153755,-7.640116
2672,50.195583,-7.59803
2673,50.182785,-7.645303
2674,50.161457,-7.6404824
2675,50.14668,-7.696945
2676,50.22796,-7.595662
2677,50.209534,-7.5845275
2678,50.136593,-7.6889396
2679,50.180046,-7.6346474
2680,50.164227,-7.6250067
2681,50.088085,-7.7302647
2682,50.148174,-7.689898
2683,50.149788,-7.6437807
2684,50.155254,-7.685867
2685,50.135597,-7.6666703
2686,50.190487,-7.6647534
2687,50.21571,-7.634535
2688,50.158703,-7.651561
2689,50.229042,-7.57624
2690,50.097996,-7.68426
2691,50.168907,-7.712026
2692,50.16199,-7.601046
2693,50.11901,-7.664105
2694,50.106464,-7.6813283
2695,50.160496,-7.657819
2696,50.172405,-7.6650634
2697,50.161575,-7.7087846
2698,50.14425,-7.698411
2699,50.174137,-7.643555
2700,50.172287,-7.6705604
2701,50.127853,-7.6385374
2702,50.16122,-7.7183967
2703,50.257713,-7.6246686
2704,50.218094,-7.6392703
2705,50.31471,-7.5010314
2706,50.130474,-7.727812
2707,50.161312,-7.653111
2708,50.216156,-7.6027093
2709,50.157547,-7.706219
2710,50.11559,-7.6992283
2711,50.116035,-7.7549014
2712,50.194992,-7.6436677
2713,50.18033,-7.6381993
2714,50.117306,-7.7426395
2715,50.14783,-7.6907434
2716,50.128105,-7.7597218
2717,50.126713,-7.721751
2718,50.029537,-7.8109694
2719,50.248962,-7.5495167
2720,50.13262,-7.636874
2721,50.201523,-7.6966634
2722,50.162186,-7.7486153
2723,50.182297,-7.7752824
2724,50.099003,-7.78092
2725,50.205463,-7.6981573
2726,50.275356,-7.6627517
2727,50.16543,-7.769673
2728,50.211388,-7.612068
2729,50.26149,-7.5981145
2730,50.176254,-7.7696443
2731,50.15583,-7.694972
2732,50.16608,-7.6958175
2733,50.24806,-7.5941963
2734,50.235367,-7.6279664
2735,50.120434,-7.7592144
2736,50.222836,-7.668728
2737,50.211624,-7.6512227
2738,50.191154,-7.645021
2739,50.230316,-7.5994678
2740,50.239452,-7.602202
2741,50.226833,-7.609587
2742,50.17818,-7.728404
2743,50.128193,-7.760032
2744,50.216557,-7.653111
2745,50.137287,-7.752111
2746,50.226936,-7.68426
2747,50.15531,-7.69407
2748,50.16762,-7.6722517
2749,50.191612,-7.678115
2750,50.218746,-7.633661
2751,50.21263,-7.655592
2752,50.14591,-7.708531
2753,50.221237,-7.6558456
2754,50.196503,-7.6447954
2755,50.175827,-7.6650915
2756,50.164272,-7.6835833
2757,50.21629,-7.663203
2758,50.179604,-7.715155
2759,50.238445,-7.7261205
2760,50.211784,-7.6338863
2761,50.233097,-7.645049
2762,50.192562,-7.6980724
2763,50.203075,-7.6837525
2764,50.139866,-7.6632876
2765,50.240593,-7.6225543
2766,50.183765,-7.7701235
2767,50.21334,-7.6973395
2768,50.194916,-7.706135
2769,50.20139,-7.721244
2770,50.18612,-7.7172413
2771,50.17972,-7.702611
2772,50.215565,-7.6447954
2773,50.203953,-7.682738
2774,50.20453,-7.707262
2775,50.2311,-7.6689253
2776,50.227486,-7.663823
2777,50.127438,-7.7869806
2778,50.179543,-7.740807
2779,50.174923,-7.722005
2780,50.234756,-7.6507998
2781,50.213207,-7.7095737
2782,50.218052,-7.692604
2783,50.27509,-7.6315184
2784,50.244015,-7.6132236
2785,50.19576,-7.6915894
2786,50.21888,-7.644175
2787,50.18181,-7.675324
2788,50.24997,-7.657847
2789,50.194885,-7.7243166
2790,50.24628,-7.6631465
2791,50.23005,-7.6644998
2792,50.21463,-7.714422
2793,50.189407,-7.718679
2794,50.25776,-7.642287
2795,50.175735,-7.7262616
2796,50.201195,-7.673351
2797,50.222374,-7.700046
2798,50.240993,-7.664528
2799,50.214687,-7.699454
2800,50.19877,-7.7151833
2801,50.162464,-7.7152114
2802,50.23938,-7.7195525
2803,50.2549,-7.585091
2804,50.201344,-7.6786222
2805,50.210526,-7.7465296
2806,50.241528,-7.6686153
2807,50.208855,-7.715465
2808,50.16189,-7.74357
2809,50.23098,-7.664274
2810,50.18095,-7.767756
2811,50.252396,-7.6980724
2812,50.246857,-7.6928577
2813,50.229218,-7.6897006
2814,50.267906,-7.698129
2815,50.27436,-7.660215
2816,50.20721,-7.7325196
2817,50.292004,-7.581652
2818,50.20598,-7.714789
2819,50.215668,-7.7172413
2820,50.209164,-7.714986
2821,50.284847,-7.6638513
2822,50.2368,-7.7287984
2823,50.22131,-7.6521244
2824,50.27491,-7.6308417
2825,50.261803,-7.6036677
2826,50.17827,-7.82388
2827,50.246384,-7.666501
2828,50.280968,-7.662583
2829,50.20164,-7.692604
2830,50.240253,-7.6802573
2831,50.22565,-7.6946898
2832,50.289883,-7.6425405
2833,50.23079,-7.6864867
2834,50.263165,-7.6756907
2835,50.23356,-7.697255
2836,50.235115,-7.7056556
2837,50.227886,-7.7336187
2838,50.241913,-7.683104
2839,50.215874,-7.7490945
2840,50.20404,-7.750476
2841,50.234283,-7.6876426
2842,50.229084,-7.7089534
2843,50.19265,-7.7596655
2844,50.242016,-7.7184815
2845,50.255047,-7.6468534
2846,50.271976,-7.684401
2847,50.196354,-7.799609
2848,50.22239,-7.739003
2849,50.24748,-7.7356486
2850,50.266098,-7.6762824
2851,50.194206,-7.7958603
2852,50.29778,-7.665345
2853,50.299614,-7.626529
2854,50.288345,-7.6539288
2855,50.203506,-7.6199327
2856,50.23895,-7.6847672
2857,50.274067,-7.6694326
2858,50.278244,-7.698016
2859,50.20349,-7.760173
2860,50.246517,-7.6361694
2861,50.20946,-7.767333
2862,50.30948,-7.6122656
2863,50.269787,-7.696945
2864,50.28147,-7.6920686
2865,50.3004,-7.6347036
2866,50.262913,-7.7070365
2867,50.25591,-7.7118287
2868,50.319298,-7.6589465
2869,50.272007,-7.693027
2870,50.32885,-7.6024556
2871,50.246014,-7.7164516
2872,50.238815,-7.715155
2873,50.261063,-7.7090945
2874,50.265816,-7.6533084
2875,50.224392,-7.7150426
2876,50.264053,-7.712026
2877,50.279133,-7.6971426
2878,50.246548,-7.7280655
2879,50.282658,-7.6880937
2880,50.2907,-7.6793833
2881,50.2202,-7.7500815
2882,50.24378,-7.712872
2883,50.289513,-7.692435
2884,50.25123,-7.7329144
2885,50.224125,-7.753013
2886,50.29018,-7.6929703
2887,50.27848,-7.677748
2888,50.21097,-7.7520266
2889,50.268734,-7.670701
2890,50.27229,-7.694436
2891,50.303154,-7.698862
2892,50.30474,-7.680032
2893,50.284996,-7.6643023
2894,50.276585,-7.7083616
2895,50.28938,-7.704077
2896,50.26623,-7.7128434
2897,50.307907,-7.6904054
2898,50.283413,-7.6985803
2899,50.28288,-7.6899543
2900,50.295807,-7.6759725
2901,50.275074,-7.704584
2902,50.280243,-7.685134
2903,50.235573,-7.709771
2904,50.210793,-7.7577767
2905,50.24089,-7.809419
2906,50.293514,-7.6845703
2907,50.226566,-7.8248105
2908,50.370457,-7.624443
2909,50.258945,-7.839722
2910,50.196262,-7.9157763
2911,50.337917,-7.541793
2912,50.37909,-7.5172687
2913,50.30354,-7.7052326
2914,50.252,-7.796114
2915,50.338966,-7.6451902
2916,50.260086,-7.7213
2917,50.3492,-7.643048
2918,50.25336,-7.752111
2919,50.218895,-7.7558317
2920,50.303318,-7.68784
2921,50.365982,-7.6055846
2922,50.30163,-7.720652
2923,50.27867,-7.7297854
2924,50.345943,-7.652068
2925,50.377018,-7.604429
2926,50.272614,-7.723725
2927,50.34824,-7.611194
2928,50.254414,-7.7571006
2929,50.287735,-7.722287
2930,50.325356,-7.708587
2931,50.290226,-7.6993694
2932,50.23116,-7.7907863
2933,50.345707,-7.6467123
2934,50.33565,-7.64457
2935,50.419968,-7.562117
2936,50.34784,-7.6659937
2937,50.292667,-7.728686
2938,50.29849,-7.7219205
2939,50.268497,-7.70901
2940,50.324097,-7.6857824
2941,50.269283,-7.726177
2942,50.294224,-7.7233863
2943,50.367004,-7.657565
2944,50.280464,-7.75555
2945,50.296043,-7.730039
2946,50.311863,-7.729532
2947,50.33073,-7.6373534
2948,50.310738,-7.7047253
2949,50.29369,-7.723048
2950,50.29757,-7.7067547
2951,50.362072,-7.6659656
2952,50.300194,-7.6962404
2953,50.299824,-7.698101
2954,50.329712,-7.672731
2955,50.35098,-7.666332
2956,50.340523,-7.6865153
2957,50.33642,-7.688235
2958,50.32894,-7.7111807
2959,50.295113,-7.683555
2960,50.327072,-7.62013
2961,50.316795,-7.726459
2962,50.28494,-7.718707
2963,50.293514,-7.722738
2964,50.317345,-7.689785
2965,50.336716,-7.6892776
2966,50.289734,-7.732604
2967,50.309998,-7.704979
2968,50.3,-7.747657
2969,50.343098,-7.671096
2970,50.336685,-7.6877275
2971,50.34957,-7.683527
2972,50.293037,-7.7218924
2973,50.3834,-7.660102
2974,50.303688,-7.701089
2975,50.309937,-7.743936
2976,50.327072,-7.722541
2977,50.29948,-7.7498274
2978,50.329964,-7.6940417
2979,50.341576,-7.688601
2980,50.33759,-7.7043586
2981,50.402462,-7.661314
2982,50.352283,-7.6984673
2983,50.35618,-7.6993976
2984,50.375004,-7.637607
2985,50.304977,-7.7262053
2986,50.35846,-7.675155
2987,50.340996,-7.723922
2988,50.350414,-7.6798344
2989,50.353096,-7.638425
2990,50.34326,-7.699538
2991,50.34704,-7.6594257
2992,50.389812,-7.558932
2993,50.315624,-7.7573256
2994,50.352386,-7.6896443
2995,50.346878,-7.6946335
2996,50.31059,-7.7748594
2997,50.34929,-7.6576214
2998,50.337723,-7.705007
2999,50.34713,-7.688686
3000,50.313923,-7.736156
3001,50.40169,-7.645049
3002,50.352207,-7.7163672
3003,50.366203,-7.6752114
3004,50.357227,-7.6658244
3005,50.256634,-7.811195
3006,50.28698,-7.7954373
3007,50.41683,-7.562117
3008,50.419464,-7.646628
3009,50.35009,-7.7055144
3010,50.400787,-7.5509543
3011,50.45396,-7.5772266
3012,50.301556,-7.7662616
3013,50.308796,-7.7413425
3014,50.30591,-7.745261
3015,50.393917,-7.6424274
3016,50.380795,-7.6915045
3017,50.394375,-7.6634
3018,50.263134,-7.8100677
3019,50.424587,-7.6761417
3020,50.391903,-7.7111807
3021,50.308025,-7.7839646
3022,50.42626,-7.6328716
3023,50.294003,-7.7717023
3024,50.357998,-7.7211876
3025,50.4228,-7.634732
3026,50.364147,-7.679186
3027,50.32324,-7.796537
3028,50.39171,-7.7054863
3029,50.328213,-7.732322
3030,50.35243,-7.7218924
3031,50.410564,-7.674591
3032,50.365776,-7.716621
3033,50.345337,-7.7511244
3034,50.35766,-7.739313
3035,50.42117,-7.6379175
3036,50.356354,-7.754422
3037,50.36444,-7.6653733
3038,50.303955,-7.7736473
3039,50.400566,-7.6934776
3040,50.328705,-7.7280655
3041,50.32165,-7.7441053
3042,50.376232,-7.7362123
3043,50.367287,-7.7301517
3044,50.39849,-7.687953
3045,50.335426,-7.7526183
3046,50.39328,-7.666952
3047,50.381073,-7.690264
3048,50.45227,-7.656381
3049,50.33291,-7.728009
3050,50.42148,-7.6665573
3051,50.353497,-7.7192144
3052,50.353348,-7.7238092
3053,50.356533,-7.7360716
3054,50.41646,-7.6896157
3055,50.362236,-7.745881
3056,50.402653,-7.659848
3057,50.39033,-7.7356205
3058,50.370617,-7.6970296
3059,50.371063,-7.641018
3060,50.360577,-7.7693906
3061,50.395187,-7.690067
3062,50.3879,-7.7363534
3063,50.345337,-7.7138867
3064,50.355053,-7.6915894
3065,50.332497,-7.7669663
3066,50.37789,-7.710814
3067,50.37337,-7.715916
3068,50.385,-7.731533
3069,50.368706,-7.721385
3070,50.38562,-7.7597218
3071,50.39181,-7.719863
3072,50.412785,-7.689419
3073,50.36093,-7.7527027
3074,50.41403,-7.6958456
3075,50.359673,-7.751322
3076,50.423626,-7.6959867
3077,50.346046,-7.7379317
3078,50.388348,-7.7605677
3079,50.47049,-7.6476707
3080,50.389236,-7.688235
3081,50.388775,-7.701568
3082,50.383816,-7.729588
3083,50.404163,-7.670701
3084,50.38244,-7.742583
3085,50.34892,-7.7459373
3086,50.38208,-7.7169876
3087,50.42465,-7.665007
3088,50.36148,-7.694887
3089,50.37503,-7.7032876
3090,50.380836,-7.724401
3091,50.433537,-7.674591
3092,50.41314,-7.721723
3093,50.384007,-7.7145066
3094,50.402744,-7.737678
3095,50.39319,-7.759102
3096,50.39005,-7.724486
3097,50.413776,-7.6510534
3098,50.44494,-7.6520963
3099,50.353184,-7.8203845
3100,50.423477,-7.669602
3101,50.4301,-7.718228
3102,50.405823,-7.7497993
3103,50.41055,-7.6829915
3104,50.43592,-7.6436677
3105,50.419376,-7.6864586
3106,50.459736,-7.6300244
3107,50.36237,-7.7868114
3108,50.363583,-7.8160152
3109,50.452507,-7.652886
3110,50.394257,-7.752562
3111,50.488304,-7.626698
3112,50.393295,-7.734239
3113,50.418472,-7.704669
3114,50.351883,-7.8045707
3115,50.402164,-7.775987
3116,50.4269,-7.6828504
3117,50.391575,-7.7499123
3118,50.428677,-7.68395
3119,50.461334,-7.7037387
3120,50.41638,-7.7572975
3121,50.419094,-7.6780305
3122,50.345394,-7.8036966
3123,50.398106,-7.7623153
3124,50.42081,-7.69111
3125,50.383266,-7.7694187
3126,50.435253,-7.7174387
3127,50.4591,-7.699623
3128,50.393322,-7.718707
3129,50.438187,-7.716029
3130,50.417538,-7.7199755
3131,50.455513,-7.7144785
3132,50.42087,-7.748587
3133,50.427433,-7.760229
3134,50.395027,-7.752731
3135,50.429047,-7.742752
3136,50.41878,-7.7079387
3137,50.413082,-7.742414
3138,50.421833,-7.7167053
3139,50.430527,-7.6966066
3140,50.395813,-7.735761
3141,50.4406,-7.7019625
3142,50.422825,-7.714704
3143,50.423626,-7.7392006
3144,50.411022,-7.745261
3145,50.40886,-7.741202
3146,50.419125,-7.7117724
3147,50.391293,-7.764627
3148,50.4349,-7.721751
3149,50.409897,-7.7352257
3150,50.437756,-7.719863
3151,50.45852,-7.6798906
3152,50.46058,-7.709912
3153,50.406757,-7.747516
3154,50.43269,-7.724683
3155,50.46043,-7.7436824
3156,50.41132,-7.7600884
3157,50.459927,-7.7281504
3158,50.42546,-7.74092
3159,50.450848,-7.6966066
3160,50.443752,-7.7472906
3161,50.439976,-7.7070932
3162,50.42896,-7.7393975
3163,50.422146,-7.764655
3164,50.452713,-7.7012014
3165,50.454063,-7.7009196
3166,50.40981,-7.774803
3167,50.44663,-7.754197
3168,50.41779,-7.768235
3169,50.46345,-7.6875863
3170,50.425224,-7.754958
3171,50.46588,-7.724937
3172,50.403053,-7.7336473
3173,50.474842,-7.6964097
3174,50.437458,-7.725867
3175,50.389503,-7.766149
3176,50.446095,-7.6705604
3177,50.468563,-7.710476
3178,50.41505,-7.7462196
3179,50.428085,-7.746699
3180,50.467926,-7.710814
3181,50.44088,-7.754845
3182,50.44383,-7.72598
3183,50.408047,-7.7293906
3184,50.441444,-7.718961
3185,50.44845,-7.7887
3186,50.433342,-7.7292776
3187,50.453175,-7.703485
3188,50.470886,-7.7013707
3189,50.458385,-7.7483053
3190,50.447575,-7.7290807
3191,50.448967,-7.7141967
3192,50.48167,-7.6849365
3193,50.474102,-7.7005816
3194,50.45538,-7.7339854
3195,50.45664,-7.6904054
3196,50.471245,-7.700638
3197,50.43232,-7.724091
3198,50.478443,-7.711716
3199,50.443356,-7.740469
3200,50.438007,-7.717523
3201,50.46658,-7.723781
3202,50.517914,-7.7492075
3203,50.4881,-7.706501
3204,50.488186,-7.7593274
3205,50.507175,-7.7351413
3206,50.42826,-7.7401304
3207,50.417095,-7.7609625
3208,50.467392,-7.735
3209,50.458164,-7.7717023
3210,50.445545,-7.71741
3211,50.44793,-7.796875
3212,50.47514,-7.6970296
3213,50.46002,-7.7546196
3214,50.482914,-7.664443
3215,50.477062,-7.7147603
3216,50.46763,-7.7362685
3217,50.45994,-7.7832036
3218,50.515884,-7.7304053
3219,50.487785,-7.7132382
3220,50.49343,-7.7040486
3221,50.473804,-7.7297287
3222,50.492645,-7.7129564
3223,50.466076,-7.7453456
3224,50.456997,-7.7120824
3225,50.470577,-7.7523084
3226,50.509987,-7.740356
3227,50.474842,-7.761526
3228,50.51723,-7.668784
3229,50.455143,-7.762992
3230,50.452507,-7.738806
3231,50.472813,-7.754507
3232,50.467438,-7.721667
3233,50.501472,-7.717354
3234,50.46477,-7.764909
3235,50.462994,-7.753943
3236,50.471775,-7.794507
3237,50.495193,-7.73734
3238,50.466087,-7.7483616
3239,50.482426,-7.6989183
3240,50.452965,-7.7556343
3241,50.43294,-7.7099967
3242,50.487595,-7.715578
3243,50.468563,-7.69765
3244,50.517246,-7.733055
3245,50.418858,-7.799609
3246,50.544792,-7.621201
3247,50.51806,-7.6775513
3248,50.48691,-7.7699265
3249,50.4253,-7.8153386
3250,50.48669,-7.740018
3251,50.478886,-7.785261
3252,50.509766,-7.707826
3253,50.475746,-7.7317305
3254,50.460476,-7.76457
3255,50.496704,-7.7102504
3256,50.523926,-7.7351694
3257,50.46591,-7.7736473
3258,50.500008,-7.7375937
3259,50.49632,-7.679919
3260,50.538128,-7.7264028
3261,50.49069,-7.7165365
3262,50.468296,-7.660666
3263,50.49968,-7.7593274
3264,50.484203,-7.7652187
3265,50.506435,-7.725867
3266,50.51092,-7.7417936
3267,50.51948,-7.7068114
3268,50.452938,-7.7724915
3269,50.487106,-7.7721534
3270,50.53025,-7.684852
3271,50.512638,-7.7316456
3272,50.490734,-7.781709
3273,50.47201,-7.744331
3274,50.51908,-7.729926
3275,50.507767,-7.746727
3276,50.47693,-7.7739573
3277,50.509827,-7.734239
3278,50.498096,-7.7393694
3279,50.520992,-7.737791
3280,50.514076,-7.7198343
3281,50.505573,-7.7244577
3282,50.51421,-7.7538586
3283,50.589195,-7.7029777
3284,50.514256,-7.724119
3285,50.485107,-7.742837
3286,50.492943,-7.74481
3287,50.5176,-7.7103066
3288,50.5083,-7.757946
3289,50.525215,-7.720229
3290,50.495148,-7.762597
3291,50.511456,-7.7468677
3292,50.502155,-7.7492356
3293,50.47856,-7.7897716
3294,50.55565,-7.6895313
3295,50.543964,-7.707685
3296,50.54959,-7.6931396
3297,50.524296,-7.736945
3298,50.521896,-7.716001
3299,50.517796,-7.703964
3300,50.508923,-7.7504196
3301,50.43675,-7.700779
3302,50.547474,-7.73407
3303,50.517513,-7.750899
3304,50.53324,-7.710532
3305,50.452522,-7.75913
3306,50.54697,-7.7320123
3307,50.547356,-7.6993976
3308,50.485226,-7.773196
3309,50.579216,-7.724514
3310,50.5442,-7.722879
3311,50.526917,-7.7490945
3312,50.543297,-7.699144
3313,50.526043,-7.748954
3314,50.483536,-7.768827
3315,50.53148,-7.7437954
3316,50.55232,-7.722569
3317,50.551888,-7.6941543
3318,50.49654,-7.7647395
3319,50.562035,-7.7232738
3320,50.570683,-7.71321
3321,50.53327,-7.741653
3322,50.543785,-7.737819
3323,50.52181,-7.7875443
3324,50.545876,-7.7160854
3325,50.550705,-7.7312512
3326,50.53302,-7.750166
3327,50.49525,-7.877862
3328,50.533062,-7.750617
3329,50.487564,-7.826502
3330,50.583954,-7.7169595
3331,50.50664,-7.7812867
3332,50.509277,-7.8180733
3333,50.509174,-7.798031
3334,50.579334,-7.7149014
3335,50.59939,-7.691815
3336,50.62624,-7.6655707
3337,50.52477,-7.756762
3338,50.55531,-7.718989
3339,50.515556,-7.802259
3340,50.50775,-7.817594
3341,50.518177,-7.828503
3342,50.54903,-7.7362404
3343,50.616257,-7.700243
3344,50.62085,-7.6592283
3345,50.573807,-7.745064
3346,50.52739,-7.738101
3347,50.555798,-7.782583
3348,50.5414,-7.7655287
3349,50.58061,-7.695282
3350,50.513855,-7.7859097
3351,50.5381,-7.6826253
3352,50.604008,-7.6927447
3353,50.59213,-7.692773
3354,50.545624,-7.747009
3355,50.531643,-7.7695317
3356,50.568077,-7.7082486
3357,50.53693,-7.7277274
3358,50.6037,-7.6668673
3359,50.509365,-7.7751412
3360,50.5494,-7.738552
3361,50.556763,-7.71975
3362,50.560078,-7.738383
3363,50.53219,-7.770772
3364,50.56664,-7.7402997
3365,50.57858,-7.708108
3366,50.55937,-7.7324915
3367,50.520992,-7.764655
3368,50.55974,-7.771561
3369,50.60149,-7.741991
3370,50.543816,-7.754845
3371,50.52936,-7.7526464
3372,50.592648,-7.719919
3373,50.54081,-7.762738
3374,50.546616,-7.776551
3375,50.50802,-7.780441
3376,50.54066,-7.7796516
3377,50.51409,-7.7702646
3378,50.551296,-7.705148
3379,50.553238,-7.6844573
3380,50.53195,-7.7753386
3381,50.571632,-7.7607083
3382,50.60189,-7.7184815
3383,50.620953,-7.6948028
3384,50.567394,-7.68364
3385,50.557266,-7.751378
3386,50.572727,-7.750053
3387,50.573807,-7.798792
3388,50.573067,-7.763358
3389,50.55648,-7.8166356
3390,50.619576,-7.644429
3391,50.58585,-7.80209
3392,50.56113,-7.755155
3393,50.599564,-7.7059937
3394,50.575943,-7.791068
3395,50.54376,-7.7750006
3396,50.604794,-7.7325196
3397,50.539936,-7.810744
3398,50.563026,-7.7188478
3399,50.633896,-7.708728
3400,50.64028,-7.655535
3401,50.58068,-7.728376
3402,50.563217,-7.7632174
3403,50.578194,-7.767925
3404,50.621796,-7.665712
3405,50.637585,-7.710363
3406,50.58785,-7.7292776
3407,50.621353,-7.704697
3408,50.561573,-7.768827
3409,50.653492,-7.665204
3410,50.587524,-7.7660365
3411,50.590263,-7.7274175
3412,50.57323,-7.7732244
3413,50.583984,-7.7884183
3414,50.580727,-7.783006
3415,50.56033,-7.7642603
3416,50.5659,-7.7523084
3417,50.55291,-7.808996
3418,50.642944,-7.6986647
3419,50.625084,-7.650997
3420,50.635006,-7.737255
3421,50.57086,-7.768968
3422,50.605194,-7.710335
3423,50.603134,-7.70777
3424,50.6054,-7.7437387
3425,50.642014,-7.668728
3426,50.569855,-7.7814555
3427,50.589405,-7.761526
3428,50.582844,-7.772294
3429,50.57597,-7.7679815
3430,50.620358,-7.7771144
3431,50.6231,-7.7530694
3432,50.62627,-7.719412
3433,50.54087,-7.7962832
3434,50.593624,-7.7120824
3435,50.61867,-7.71975
3436,50.58563,-7.7292776
3437,50.547623,-7.8606105
3438,50.587807,-7.7841616
3439,50.59792,-7.764542
3440,50.531864,-7.7927313
3441,50.635124,-7.730321
3442,50.642857,-7.691448
3443,50.601757,-7.7843027
3444,50.632668,-7.7022166
3445,50.615337,-7.728263
3446,50.6154,-7.7596374
3447,50.60552,-7.773478
3448,50.645832,-7.700835
3449,50.60552,-7.780469
3450,50.606556,-7.7254443
3451,50.618996,-7.7678123
3452,50.58582,-7.795663
3453,50.58068,-7.757072
3454,50.60013,-7.7615824
3455,50.618065,-7.711124
3456,50.61418,-7.7655287
3457,50.635303,-7.7389183
3458,50.634014,-7.74357
3459,50.621292,-7.735282
3460,50.602215,-7.7866426
3461,50.611946,-7.769898
3462,50.627083,-7.7503915
3463,50.548584,-7.8135066
3464,50.579067,-7.8003707
3465,50.66867,-7.693957
3466,50.63926,-7.731138
3467,50.59392,-7.799609
3468,50.590916,-7.7127028
3469,50.574696,-7.761103
3470,50.631332,-7.7013707
3471,50.597446,-7.7802434
3472,50.620743,-7.7507577
3473,50.59197,-7.7958603
3474,50.617233,-7.78746
3475,50.675396,-7.724683
3476,50.602646,-7.7664027
3477,50.640205,-7.754028
3478,50.60297,-7.757918
3479,50.66959,-7.7081923
3480,50.614227,-7.754422
3481,50.64533,-7.697988
3482,50.6199,-7.7278686
3483,50.573128,-7.7986794
3484,50.612526,-7.7438235
3485,50.70481,-7.656719
3486,50.57194,-7.8063745
3487,50.716927,-7.6241894
3488,50.68218,-7.6814413
3489,50.60352,-7.7811737
3490,50.62061,-7.794648
3491,50.66885,-7.7174387
3492,50.6828,-7.6952257
3493,50.63336,-7.7476854
3494,50.610405,-7.7689114
3495,50.68387,-7.6904616
3496,50.614628,-7.81703
3497,50.62338,-7.7592144
3498,50.58404,-7.8267274
3499,50.714127,-7.670335
3500,50.684357,-7.6897006
3501,50.599285,-7.7900534
3502,50.657978,-7.758679
3503,50.654675,-7.7297287
3504,50.69644,-7.662921
3505,50.621975,-7.7967625
3506,50.703907,-7.6774664
3507,50.642414,-7.7566495
3508,50.652645,-7.73376
3509,50.655075,-7.7573543
3510,50.61038,-7.800004
3511,50.64256,-7.7518573
3512,50.603,-7.819116
3513,50.626682,-7.7720685
3514,50.640324,-7.75758
3515,50.63782,-7.76178
3516,50.62661,-7.8095884
3517,50.682995,-7.6997924
3518,50.65881,-7.7453456
3519,50.76872,-7.59118
3520,50.737114,-7.638312
3521,50.65579,-7.6871634
3522,50.697376,-7.697706
3523,50.629185,-7.7814555
3524,50.700336,-7.654859
3525,50.67624,-7.6867123
3526,50.685703,-7.7592993
3527,50.678627,-7.7132945
3528,50.77885,-7.6330404
3529,50.637215,-7.74777
3530,50.683186,-7.7101374
3531,50.67331,-7.739764
3532,50.706898,-7.7413707
3533,50.600216,-7.8239927
3534,50.673233,-7.7845
3535,50.63037,-7.8102365
3536,50.656868,-7.7854304
3537,50.61898,-7.8164945
3538,50.635242,-7.7788906
3539,50.633038,-7.808517
3540,50.686935,-7.761977
3541,50.680534,-7.747939
3542,50.658928,-7.7535768
3543,50.705402,-7.7012296
3544,50.65549,-7.806713
3545,50.646812,-7.7830906
3546,50.67338,-7.7398486
3547,50.669636,-7.792393
3548,50.65527,-7.785994
3549,50.64293,-7.7789187
3550,50.678535,-7.758538
3551,50.71032,-7.6865153
3552,50.653343,-7.791378
3553,50.661873,-7.783767
3554,50.695614,-7.744331
3555,50.696945,-7.735677
3556,50.693554,-7.7208776
3557,50.697685,-7.7331114
3558,50.698574,-7.725106
3559,50.652824,-7.796142
3560,50.70047,-7.7444715
3561,50.698975,-7.7117724
3562,50.69154,-7.749405
3563,50.697567,-7.7526464
3564,50.672226,-7.781625
3565,50.680714,-7.727812
3566,50.663013,-7.7740703
3567,50.692028,-7.7807508
3568,50.658096,-7.7894897
3569,50.712498,-7.717072
3570,50.669678,-7.7666564
3571,50.678032,-7.7604547
3572,50.675842,-7.78123
3573,50.687706,-7.7355924
3574,50.68427,-7.7620335
3575,50.681454,-7.775959
3576,50.694412,-7.7611594
3577,50.687126,-7.7941127
3578,50.722095,-7.751716
3579,50.667576,-7.805388
3580,50.686577,-7.7915754
3581,50.766663,-7.635719
3582,50.67254,-7.826248
3583,50.69302,-7.730659
3584,50.726894,-7.7001867
3585,50.691006,-7.811956
3586,50.64129,-7.8639364
3587,50.668407,-7.7883058
3588,50.682404,-7.7306027
3589,50.711697,-7.740187
3590,50.675735,-7.811364
3591,50.672848,-7.794338
3592,50.65844,-7.8281646
3593,50.724583,-7.7138586
3594,50.739544,-7.7129564
3595,50.72267,-7.773591
3596,50.68443,-7.8122663
3597,50.694088,-7.778073
3598,50.710674,-7.824049
3599,50.705254,-7.752731
3600,50.756428,-7.676339
3601,50.69043,-7.7804127
3602,50.741512,-7.7067266
3603,50.727352,-7.8024
3604,50.61679,-7.8745637
3605,50.7904,-7.631434
3606,50.667545,-7.8515897
3607,50.743305,-7.723696
3608,50.711357,-7.8086863
3609,50.672688,-7.748531
3610,50.75554,-7.683668
3611,50.738045,-7.74808
3612,50.765076,-7.671998
3613,50.68994,-7.743119
3614,50.70841,-7.7909837
3615,50.722126,-7.7453175
3616,50.713947,-7.801667
3617,50.767193,-7.713492
3618,50.745586,-7.7484465
3619,50.76783,-7.696522
3620,50.69958,-7.8061776
3621,50.687763,-7.802259
3622,50.74834,-7.747911
3623,50.748238,-7.7590456
3624,50.72445,-7.748531
3625,50.701836,-7.8262763
3626,50.839813,-7.550475
3627,50.761982,-7.7282066
3628,50.743305,-7.7350564
3629,50.694725,-7.792647
3630,50.693554,-7.788249
3631,50.742874,-7.6871634
3632,50.801495,-7.6181006
3633,50.75979,-7.7395387
3634,50.69514,-7.7650213
3635,50.767654,-7.7320685
3636,50.764793,-7.7520547
3637,50.79874,-7.6771564
3638,50.744816,-7.7496305
3639,50.80837,-7.705881
3640,50.814884,-7.726149
3641,50.697895,-7.8211174
3642,50.75831,-7.7858815
3643,50.749733,-7.757523
3644,50.773132,-7.7398767
3645,50.755287,-7.781681
3646,50.730877,-7.804204
3647,50.754753,-7.705458
3648,50.66866,-7.7549863
3649,50.71075,-7.7450075
3650,50.72377,-7.7290807
3651,50.725533,-7.713943
3652,50.760204,-7.7020755
3653,50.722404,-7.729475
3654,50.73264,-7.801188
3655,50.793514,-7.6779175
3656,50.710144,-7.7410326
3657,50.800014,-7.73407
3658,50.736164,-7.7678123
3659,50.73993,-7.7830906
3660,50.77186,-7.761075
3661,50.728996,-7.7584534
3662,50.870354,-7.648545
3663,50.74775,-7.7262616
3664,50.76432,-7.719158
3665,50.704884,-7.7634993
3666,50.76281,-7.742696
3667,50.722553,-7.814352
3668,50.717354,-7.8063745
3669,50.769993,-7.7475443
3670,50.74415,-7.778665
3671,50.67815,-7.7012014
3672,50.78531,-7.7332244
3673,50.74267,-7.804768
3674,50.736004,-7.767643
3675,50.769535,-7.758369
3676,50.76561,-7.722851
3677,50.748238,-7.7642884
3678,50.750607,-7.7681785
3679,50.72356,-7.8044863
3680,50.84584,-7.666106
3681,50.86631,-7.6928577
3682,50.822098,-7.745571
3683,50.858295,-7.6327868
3684,50.93419,-7.44891
3685,50.957794,-7.5174375
3686,50.78383,-7.8631473
3687,50.82327,-7.680398
3688,50.765728,-7.823767
3689,50.817493,-7.6896157
3690,50.74274,-7.7548733
3691,50.787205,-7.8094754
3692,50.731026,-7.6887703
3693,50.68446,-7.812971
3694,50.803837,-7.7451763
3695,50.86185,-7.6557326
3696,50.806725,-7.724486
3697,50.770824,-7.759553
3698,50.75776,-7.7541404
3699,50.7569,-7.8251767
3700,50.794804,-7.7238936
3701,50.722214,-7.7654724
3702,50.80696,-7.717382
3703,50.757595,-7.754535
3704,50.821297,-7.719412
3705,50.85031,-7.628728
3706,50.898582,-7.618044
3707,50.73033,-7.8009906
3708,50.852074,-7.6087418
3709,50.721012,-7.8048525
3710,50.808163,-7.770011
3711,50.762486,-7.8418083
3712,50.79178,-7.7122235
3713,50.814693,-7.6916175
3714,50.73858,-7.807051
3715,50.80357,-7.762879
3716,50.82158,-7.7464447
3717,50.834984,-7.692519
3718,50.829918,-7.7144504
3719,50.772186,-7.845952
3720,50.761597,-7.8329005
3721,50.76675,-7.800793
3722,50.79258,-7.7495174
3723,50.84347,-7.7398767
3724,50.739555,-7.745825
3725,50.81302,-7.7699547
3726,50.810974,-7.70512
3727,50.748074,-7.815677
3728,50.755833,-7.8157334
3729,50.799896,-7.780018
3730,50.81099,-7.7940845
3731,50.83227,-7.710476
3732,50.789158,-7.788785
3733,50.722153,-7.854493
3734,50.79067,-7.800765
3735,50.8205,-7.706163
3736,50.75391,-7.804768
3737,50.75598,-7.767756
3738,50.809036,-7.7332244
3739,50.82651,-7.7789187
3740,50.8145,-7.7709694
3741,50.81751,-7.7387214
3742,50.81324,-7.7550426
3743,50.745155,-7.7635837
3744,50.839146,-7.6861486
3745,50.800873,-7.7528157
3746,50.8411,-7.7281785
3747,50.915127,-7.695705
3748,50.90227,-7.713492
3749,50.83555,-7.7207646
3750,50.763077,-7.811759
3751,50.876545,-7.7184253
3752,50.924473,-7.644316
3753,50.740623,-7.9699554
3754,50.889797,-7.6355214
3755,50.804874,-7.8495884
3756,50.80212,-7.8203845
3757,50.85422,-7.687361
3758,50.844402,-7.724119
3759,50.89627,-7.6554227
3760,50.779755,-7.7643166
3761,50.866295,-7.666332
3762,51.14,-7.5633855
3763,50.853363,-7.74123
3764,50.829105,-7.724373
3765,50.961514,-7.68519
3766,50.70869,-7.8511105
3767,50.77543,-7.7947607
3768,50.837917,-7.6089954
3769,50.847187,-7.7885876
3770,50.84245,-7.7793417
3771,50.834835,-7.720483
3772,50.797676,-7.817425
3773,50.874588,-7.6883755
3774,50.836227,-7.6619062
3775,50.79664,-7.762682
3776,50.60127,-7.908898
3777,50.822586,-7.616973
3778,50.84772,-7.703513
3779,50.848297,-7.729926
3780,50.749096,-7.822555
3781,50.855927,-7.7647676
3782,50.954613,-7.6907153
3783,50.846313,-7.8024845
3784,50.77626,-7.768855
3785,50.87351,-7.7674456
3786,50.735912,-7.852605
3787,50.926693,-7.68426
3788,50.915924,-7.5932097
3789,50.823696,-7.7152114
3790,50.826187,-7.7330832
3791,50.76127,-7.790138
3792,50.825623,-7.7530694
3793,50.782806,-7.7386365
3794,50.789646,-7.7960577
3795,50.795437,-7.773901
3796,50.867596,-7.809729
3797,50.831768,-7.7698135
3798,50.81272,-7.740046
3799,50.828854,-7.7490945
3800,50.848003,-7.7562265
3801,50.807922,-7.7896304
3802,50.889534,-7.7608495
3803,50.82777,-7.8242745
3804,50.790462,-7.7974105
3805,50.83377,-7.8088555
3806,50.85769,-7.7326603
3807,50.826717,-7.7907863
3808,50.889915,-7.747657
3809,50.849766,-7.7963114
3810,50.81549,-7.804176
3811,50.83728,-7.7399616
3812,50.819477,-7.6943235
3813,50.774303,-7.7819066
3814,50.867596,-7.7655287
3815,50.91261,-7.676649
3816,50.873566,-7.7795105
3817,50.758263,-7.81314
3818,50.756577,-7.805501
3819,50.84513,-7.737819
3820,50.91585,-7.707713
3821,50.832882,-7.7591863
3822,50.81216,-7.793351
3823,50.8668,-7.713577
3824,50.832363,-7.74543
3825,50.866074,-7.6632876
3826,50.848877,-7.7674737
3827,50.738922,-7.781681
3828,50.878914,-7.797354
3829,50.762352,-7.7592425
3830,50.8858,-7.782555
3831,50.757996,-7.840568
3832,50.86838,-7.775451
3833,50.876453,-7.7793417
3834,50.91579,-7.7332525
3835,50.77753,-7.7811737
3836,50.831177,-7.765275
3837,50.88999,-7.767925
3838,50.967644,-7.7297006
3839,50.919968,-7.77548
3840,50.855778,-7.7044716
3841,50.836952,-7.8236547
3842,50.94069,-7.714986
3843,50.790627,-7.8262196
3844,50.810413,-7.7923646
3845,50.869373,-7.8055854
3846,50.86569,-7.734098
3847,50.89473,-7.7708282
3848,50.917168,-7.729898
3849,50.846107,-7.8126607
3850,50.835857,-7.8442044
3851,50.846832,-7.834733
3852,50.91548,-7.7335625
3853,50.912148,-7.7592144
3854,50.894924,-7.7788906
3855,50.832985,-7.6970015
3856,50.83731,-7.8203
3857,50.81789,-7.7559166
3858,50.756634,-7.819567
3859,50.91209,-7.724993
3860,50.762085,-7.8154798
3861,50.763416,-7.8123507
3862,50.838642,-7.780779
3863,50.907127,-7.6753807
3864,50.8319,-7.7231045
3865,50.819447,-7.8179884
3866,50.902966,-7.7285733
3867,50.8665,-7.7623434
3868,50.829357,-7.784641
3869,50.890644,-7.7999477
3870,50.8789,-7.766121
3871,50.80604,-7.7955503
3872,50.874886,-7.7873755
3873,50.921997,-7.771561
3874,50.921894,-7.7789187
3875,50.87007,-7.8018646
3876,50.801483,-7.7611594
3877,50.829636,-7.779567
3878,50.822113,-7.8030767
3879,50.882378,-7.753351
3880,50.84876,-7.72567
3881,50.95519,-7.7655854
3882,50.90015,-7.7833724
3883,50.932556,-7.7892356
3884,50.90895,-7.782414
3885,50.90735,-7.7811174
3886,50.829784,-7.8674603
3887,50.926975,-7.752985
3888,50.870396,-7.836847
3889,50.90181,-7.813309
3890,50.94441,-7.7441053
3891,50.799347,-7.844881
3892,50.948673,-7.759468
3893,50.910076,-7.7718997
3894,50.870544,-7.8068256
3895,50.90476,-7.7912655
3896,50.91908,-7.778524
3897,50.93666,-7.762738
3898,50.868366,-7.7936053
3899,50.8935,-7.7748876
3900,50.927345,-7.775451
3901,50.92161,-7.7550144
3902,50.936676,-7.700779
3903,50.872234,-7.854014
3904,50.9357,-7.784923
3905,50.94504,-7.7187915
3906,50.941727,-7.79493
3907,51.06843,-7.635719
3908,50.95525,-7.5593266
3909,50.955307,-7.865318
3910,50.980057,-7.6864586
3911,51.068226,-7.829997
3912,50.56356,-8.050915
3913,51.03659,-7.579961
3914,51.088116,-7.714986
3915,50.89741,-7.743175
3916,50.870544,-7.8472486
3917,50.909927,-7.730293
3918,50.77414,-7.8597083
3919,50.919006,-7.781709
3920,50.912476,-7.752534
3921,50.884422,-7.795719
3922,50.848713,-7.9021893
3923,50.942245,-7.769278
3924,50.95526,-7.744274
3925,50.89707,-7.776692
3926,50.83971,-7.8152823
3927,50.966816,-7.6880655
3928,50.958107,-7.7971287
3929,50.898167,-7.808348
3930,50.91443,-7.7832317
3931,50.869358,-7.8274884
3932,50.83205,-7.847446
3933,50.945457,-7.755522
3934,50.854164,-7.85937
3935,50.84753,-7.8312654
3936,50.97994,-7.747657
3937,50.836464,-7.8975945
3938,50.934246,-7.7613006
3939,50.857807,-7.837749
3940,50.897247,-7.820582
3941,50.791187,-7.8703637
3942,50.961174,-7.775987
3943,51.011425,-7.688122
3944,50.911865,-7.808179
3945,50.87986,-7.724486
3946,50.85563,-7.8460364
3947,51.040203,-7.6910815
3948,50.95994,-7.792252
3949,50.896225,-7.799976
3950,50.93309,-7.7896585
3951,50.901543,-7.799609
3952,50.97034,-7.7422447
3953,50.852566,-7.8271217
3954,50.956802,-7.7332525
3955,50.895264,-7.844402
3956,50.923256,-7.7802153
3957,50.915836,-7.7911806
3958,50.93444,-7.7740703
3959,50.941963,-7.7705183
3960,50.879845,-7.8489966
3961,50.918575,-7.8115616
3962,50.9599,-7.788644
3963,50.935135,-7.7888694
3964,50.81592,-7.905177
3965,50.890865,-7.8084607
3966,50.83768,-7.8527737
3967,50.973377,-7.7737885
3968,50.92284,-7.8095317
3969,51.008686,-7.7113776
3970,50.91483,-7.825064
3971,51.008003,-7.7149296
3972,50.87053,-7.8629217
3973,50.90966,-7.831942
3974,50.89889,-7.842344
3975,50.90701,-7.845952
3976,51.017735,-7.7441616
3977,50.896805,-7.837326
3978,50.911896,-7.8067975
3979,51.004642,-7.76271
3980,50.935654,-7.8029637
3981,50.97089,-7.758228
3982,50.97148,-7.7834573
3983,50.905514,-7.8415265
3984,50.89694,-7.7981153
3985,51.024624,-7.6268954
3986,50.91837,-7.764909
3987,50.96418,-7.801498
3988,50.940407,-7.795691
3989,50.931297,-7.8140984
3990,50.894463,-7.7918572
3991,50.969246,-7.8065157
3992,50.925774,-7.812492
3993,50.90421,-7.8228936
3994,50.940704,-7.7997785
3995,50.89546,-7.8542113
3996,50.99934,-7.7655573
3997,50.93241,-7.814042
3998,51.032887,-7.7367196
3999,50.900047,-7.851618
4000,50.917244,-7.8450217
4001,50.879578,-7.874846
4002,51.012802,-7.741089
4003,50.98909,-7.7639503
4004,50.936054,-7.7928157
4005,50.962193,-7.7994685
4006,50.967484,-7.7799335
4007,50.99687,-7.7233863
4008,50.990143,-7.781766
4009,50.943977,-7.822978
4010,50.972057,-7.754394
4011,51.059322,-7.769109
4012,50.870914,-7.944416
4013,50.890553,-7.8897014
4014,50.99968,-7.7943664
4015,51.029716,-7.7581997
4016,50.99857,-7.7726045
4017,50.921494,-7.8044863
4018,50.96886,-7.8370724
4019,50.946037,-7.813986
4020,50.982693,-7.7821603
4021,50.983078,-7.790025
4022,51.02575,-7.7611876
4023,51.02917,-7.8153386
4024,50.90682,-7.8528585
4025,51.06685,-7.741963
4026,51.0159,-7.8062057
4027,50.924427,-7.843725
4028,50.936733,-7.847446
4029,51.007843,-7.772858
4030,50.949203,-7.832365
4031,51.002834,-7.792252
4032,51.02628,-7.7171283
4033,50.96794,-7.7644296
4034,50.966,-7.771505
4035,51.35624,-7.399664
4036,51.073765,-7.745458
4037,50.90597,-7.927644
4038,50.881786,-7.8504624
4039,50.894436,-7.848292
4040,51.009117,-7.8114486
4041,51.038322,-7.6794677
4042,51.087627,-7.8005958
4043,50.967186,-7.8827105
4044,51.014034,-7.780892
4045,50.96618,-7.809983
4046,50.939503,-7.846854
4047,50.992706,-7.831209
4048,50.986572,-7.7908425
4049,50.95802,-7.764993
4050,51.01797,-7.7721815
4051,50.89168,-7.7534075
4052,50.913925,-7.829574
4053,50.926765,-7.8664174
4054,50.90855,-7.923359
4055,50.999268,-7.693196
4056,50.847054,-7.7411737
4057,51.021763,-7.7499404
4058,51.05238,-7.878595
4059,50.940617,-7.674112
4060,50.96588,-7.851731
4061,50.980988,-7.9076295
4062,51.170036,-7.5958877
4063,50.988663,-7.8480663
4064,50.801243,-7.99899
4065,51.108154,-7.5718703
4066,50.89067,-7.998962
4067,51.026665,-7.734662
4068,50.988556,-7.7814837
4069,50.888245,-7.8889685
4070,50.90061,-7.7925057
4071,51.080223,-7.764599
4072,51.07267,-7.7292776
4073,50.955765,-7.790702
4074,51.052868,-7.803922
4075,51.04339,-7.761836
4076,50.94485,-7.8513927
4077,50.91563,-7.874338
4078,50.968384,-7.9009204
4079,50.93398,-7.921555
4080,50.93053,-7.9103074
4081,50.99134,-7.877862
4082,51.005074,-7.6758313
4083,51.070446,-7.7242036
4084,50.962105,-7.8466005
4085,50.968845,-7.839271
4086,51.01141,-7.6719413
4087,51.00812,-7.840117
4088,51.073914,-7.6996794
4089,50.993355,-7.7526183
4090,51.01735,-7.780441
4091,51.03539,-7.852943
4092,50.974903,-7.8351555
4093,51.008892,-7.75493
4094,51.001606,-7.815113
4095,51.024475,-7.814888
4096,51.023273,-7.7641196
4097,51.00845,-7.7833443
4098,51.030975,-7.8259096
4099,51.033123,-7.8142676
4100,51.051,-7.7480516
4101,50.930454,-7.858806
4102,51.006924,-7.831576
4103,50.95938,-7.900695
4104,51.015915,-7.8286724
4105,50.940376,-7.9021893
4106,50.9709,-7.803105
4107,51.02683,-7.770349
4108,50.987404,-7.823288
4109,50.96526,-7.8765373
4110,51.08391,-7.7604833
4111,50.896717,-7.899793
4112,51.076565,-7.7343235
4113,50.91074,-7.9347754
4114,51.024696,-7.747488
4115,51.04804,-7.800342
4116,50.946377,-7.94109
4117,51.04281,-7.7207646
4118,51.001503,-7.875889
4119,51.063694,-7.756339
4120,51.12627,-7.672364
4121,51.06168,-7.7354794
4122,51.040604,-7.757918
4123,51.0546,-7.8196797
4124,50.97899,-7.826079
4125,50.98376,-7.8861775
4126,51.079643,-7.756311
4127,51.093506,-7.728742
4128,50.979122,-7.872506
4129,51.043476,-7.744077
4130,51.003857,-7.840399
4131,51.088604,-7.767615
4132,51.0498,-7.7741547
4133,51.017307,-7.852605
4134,51.00971,-7.8219914
4135,51.06648,-7.764063
4136,50.963127,-7.8874745
4137,51.10312,-7.750617
4138,51.031464,-7.8262196
4139,51.091984,-7.747178
4140,51.06633,-7.7170157
4141,51.017097,-7.803274
4142,51.054527,-7.788277
4143,51.013885,-7.842344
4144,51.02181,-7.7903633
4145,51.01944,-7.821766
4146,51.052067,-7.7939715
4147,51.037598,-7.831519
4148,51.11547,-7.7846127
4149,51.011723,-7.69142
4150,50.979908,-7.846854
4151,50.979923,-7.8697433
4152,51.050365,-7.7943096
4153,51.212097,-7.7165647
4154,51.021008,-7.829659
4155,51.066685,-7.843866
4156,51.110867,-7.720793
4157,51.026638,-7.855367
4158,51.048943,-7.800314
4159,50.96858,-7.9467278
4160,51.1013,-7.725613
4161,51.007233,-7.8768754
4162,51.03948,-7.7881365
4163,51.130253,-7.681159
4164,51.078728,-7.815367
4165,51.07095,-7.829631
4166,51.140015,-7.7664027
4167,51.22934,-7.639045
4168,51.08853,-7.826812
4169,51.029243,-7.879046
4170,51.066345,-7.8792996
4171,51.09724,-7.7609625
4172,51.065662,-7.803612
4173,51.131363,-7.759919
4174,51.089436,-7.7658954
4175,51.053726,-7.7718434
4176,51.082355,-7.831576
4177,51.01932,-7.8438377
4178,51.1227,-7.7238092
4179,51.06833,-7.850998
4180,51.213165,-7.6614833
4181,51.16645,-7.676085
4182,51.032013,-7.8039784
4183,51.043682,-7.8649797
4184,51.123604,-7.803105
4185,51.076817,-7.789264
4186,51.093033,-7.7908144
4187,51.001575,-7.8834434
4188,51.111164,-7.7659235
4189,51.030872,-7.8645005
4190,51.102127,-7.7903633
4191,51.0159,-7.845163
4192,51.07329,-7.796452
4193,51.099342,-7.8032174
4194,51.034443,-7.8390174
4195,51.151093,-7.7655005
4196,51.065975,-7.8345637
4197,51.11953,-7.766854
4198,51.066093,-7.846403
4199,51.071335,-7.855226
4200,51.07375,-7.827573
4201,51.07794,-7.843105
4202,51.1066,-7.8052473
4203,51.166542,-7.7445564
4204,51.027393,-7.825712
4205,51.117798,-7.774972
4206,51.010952,-7.909039
4207,51.029213,-7.8441763
4208,51.026207,-7.8746767
4209,51.144737,-7.748249
4210,51.0905,-7.82357
4211,51.068462,-7.8273473
4212,51.06119,-7.853084
4213,51.144592,-7.7974386
4214,51.108154,-7.8196797
4215,51.059784,-7.8370724
4216,51.085835,-7.753182
4217,51.15269,-7.766459
4218,51.062347,-7.8328724
4219,51.077602,-7.82092
4220,51.075306,-7.81999
4221,51.10488,-7.7849793
4222,51.157047,-7.8078403
4223,51.070137,-7.8275447
4224,51.06162,-7.835494
4225,51.09629,-7.831153
4226,51.07824,-7.781315
4227,51.03597,-7.8644443
4228,51.006805,-7.9014277
4229,51.125557,-7.7542534
4230,50.976383,-7.7930694
4231,51.048897,-7.878736
4232,51.130756,-7.7888412
4233,51.089878,-7.808912
4234,50.943443,-7.957721
4235,51.137657,-7.7935767
4236,51.13775,-7.7726326
4237,51.00694,-7.8147187
4238,51.11904,-7.772717
4239,51.111946,-7.7902226
4240,51.15921,-7.762118
4241,51.093536,-7.8374953
4242,51.07242,-7.875579
4243,51.159,-7.7305183
4244,51.084282,-7.829236
4245,51.170982,-7.753605
4246,51.04102,-7.8338027
4247,51.07714,-7.8041477
4248,51.072624,-7.81906
4249,51.061207,-7.796086
4250,51.089523,-7.8837814
4251,51.08591,-7.8064313
4252,51.06925,-7.7687426
4253,51.058094,-7.932887
4254,51.14736,-7.7226534
4255,51.030266,-7.934747
4256,51.061058,-7.8952546
4257,51.167324,-7.7666
4258,51.062107,-7.827291
4259,51.141464,-7.797298
4260,51.09382,-7.8192573
4261,51.120598,-7.8138165
4262,51.13015,-7.79727
4263,51.13665,-7.7885594
4264,51.0324,-7.891731
4265,51.108246,-7.8402014
4266,51.116035,-7.827714
4267,51.049343,-7.8837533
4268,51.121677,-7.8779464
4269,51.155388,-7.76068
4270,51.150826,-7.7783833
4271,51.097713,-7.854465
4272,51.157196,-7.7901096
4273,51.12683,-7.817199
4274,51.12433,-7.7650495
4275,51.131794,-7.815818
4276,51.102734,-7.8243027
4277,51.123337,-7.833915
4278,51.09253,-7.8507442
4279,51.137512,-7.8411036
4280,51.12569,-7.8033867
4281,51.111977,-7.824923
4282,51.090427,-7.82357
4283,51.084118,-7.8749304
4284,51.151817,-7.7979746
4285,51.151478,-7.818806
4286,51.148754,-7.7854023
4287,51.053875,-7.872196
4288,51.10795,-7.8274603
4289,51.10586,-7.857115
4290,51.133053,-7.8200464
4291,51.113297,-7.8127737
4292,51.093315,-7.8330417
4293,51.125412,-7.8210893
4294,51.14776,-7.8197646
4295,51.160217,-7.757664
4296,51.140324,-7.811308
4297,51.141376,-7.807869
4298,51.11624,-7.8457265
4299,51.107994,-7.8943524
4300,51.090946,-7.858412
4301,51.06799,-7.90357
4302,51.066685,-7.8771853
4303,51.185852,-7.7896023
4304,51.181545,-7.808094
4305,51.11445,-7.8579326
4306,51.16155,-7.805022
4307,51.092175,-7.8695745
4308,51.159874,-7.804599
4309,51.0941,-7.8577633
4310,51.077053,-7.896608
4311,51.170597,-7.830335
4312,51.17242,-7.794169
4313,51.127098,-7.8259096
4314,51.130165,-7.8177347
4315,51.09592,-7.909377
4316,51.148026,-7.833267
4317,51.11731,-7.851815
4318,51.068935,-7.8830485
4319,51.191288,-7.769898
4320,51.12107,-7.8063745
4321,51.042988,-7.9574394
4322,51.169502,-7.784754
4323,51.064198,-7.883979
4324,51.09484,-7.8783975
4325,51.15884,-7.819821
4326,51.087124,-7.7917166
4327,51.202206,-7.747657
4328,51.184654,-7.7710257
4329,51.181767,-7.774352
4330,51.167873,-7.797721
4331,51.072075,-7.905572
4332,51.143375,-7.812689
4333,51.08142,-7.934099
4334,51.173515,-7.772717
4335,51.100693,-7.865825
4336,51.175236,-7.789095
4337,51.081867,-7.891844
4338,51.210735,-7.762146
4339,51.18615,-7.7795954
4340,51.213623,-7.7736754
4341,51.1369,-7.833915
4342,51.17368,-7.8001165
4343,51.135006,-7.858327
4344,51.178123,-7.776297
4345,51.252472,-7.7192144
4346,51.115013,-7.926601
4347,51.210217,-7.75944
4348,51.08545,-7.8166637
4349,51.096336,-7.9098845
4350,51.149967,-7.863401
4351,51.14428,-7.844796
4352,51.176758,-7.8558745
4353,51.145065,-7.946389
4354,51.23842,-7.6630054
4355,51.165504,-7.803556
4356,51.279533,-7.7082205
4357,51.268513,-7.714253
4358,51.1932,-7.7171
4359,51.14816,-7.886516
4360,51.155064,-7.8130836
4361,51.246994,-7.704274
4362,51.24252,-7.7425265
4363,51.098335,-7.8824005
4364,51.279354,-7.7398205
4365,51.167786,-7.8243313
4366,51.11971,-7.876058
4367,51.168808,-7.8371854
4368,51.04173,-7.968151
4369,51.13745,-7.846685
4370,51.1162,-7.988814
4371,51.232388,-7.74388
4372,51.103104,-7.9220343
4373,51.244595,-7.7542253
4374,51.19101,-7.8145494
4375,51.144352,-7.873577
4376,51.240757,-7.727671
4377,51.130978,-7.769278
4378,51.17627,-7.852041
4379,51.110466,-7.893112
4380,51.152367,-7.8797226
4381,51.246357,-7.7847257
4382,51.17627,-7.8117023
4383,51.258102,-7.741568
4384,51.166332,-7.8519
4385,51.227192,-7.8423157
4386,51.096783,-7.9513507
4387,51.11783,-7.889589
4388,51.209507,-7.8274603
4389,51.292553,-7.734972
4390,51.174835,-7.8356066
4391,51.23812,-7.771561
4392,51.19659,-7.8885174
4393,51.263714,-7.7496023
4394,51.1456,-7.9052052
4395,51.186356,-7.89159
4396,51.218483,-7.7776217
4397,51.271343,-7.7547045
4398,51.206024,-7.839412
4399,51.266365,-7.7390313
4400,51.199776,-7.821371
4401,51.14671,-7.8694615
4402,51.18633,-7.8172274
4403,51.173664,-7.861484
4404,51.1755,-7.7860785
4405,51.198902,-7.881301
4406,51.193913,-7.835353
4407,51.183987,-7.833098
4408,51.168556,-7.8815265
4409,51.14822,-7.8695464
4410,51.249496,-7.8055573
4411,51.221947,-7.7893486
4412,51.211964,-7.829941
4413,51.179676,-7.8312936
4414,51.17162,-7.876368
4415,51.170967,-7.84894
4416,51.221443,-7.8371572
4417,51.219696,-7.835494
4418,51.197094,-7.8460646
4419,51.172108,-7.866953
4420,51.275414,-7.7814837
4421,51.131172,-7.923021
4422,51.21823,-7.863852
4423,51.18741,-7.8897014
4424,51.14822,-7.923021
4425,51.19268,-7.841921
4426,51.20053,-7.81999
4427,51.260826,-7.764655
4428,51.264187,-7.8250074
4429,51.23643,-7.854606
4430,51.261833,-7.7809763
4431,51.226303,-7.8391023
4432,51.160854,-7.86233
4433,51.228996,-7.82061
4434,51.27466,-7.8146625
4435,51.20087,-7.785543
4436,51.15238,-7.887136
4437,51.210247,-7.8612866
4438,51.223785,-7.806121
4439,51.204647,-7.8199334
4440,51.18649,-7.879948
4441,51.216972,-7.836537
4442,51.168777,-7.8637676
4443,51.271107,-7.782527
4444,51.191586,-7.8713503
4445,51.250874,-7.7797923
4446,51.29313,-7.7777348
4447,51.166023,-7.931985
4448,51.254696,-7.7803845
4449,51.093346,-7.9828377
4450,51.272274,-7.788954
4451,51.311893,-7.714084
4452,51.18575,-7.9091234
4453,51.23562,-7.789546
4454,51.23159,-7.801977
4455,51.1964,-7.833549
4456,51.157623,-7.9336762
4457,51.182343,-7.8557334
4458,51.285248,-7.787037
4459,51.20582,-7.8411036
4460,51.255627,-7.7947607
4461,51.163876,-7.910251
4462,51.154484,-7.881329
4463,51.25357,-7.7943945
4464,51.193157,-7.885642
4465,51.23504,-7.853366
4466,51.242535,-7.8582425
4467,51.222095,-7.825712
4468,51.25878,-7.851336
4469,51.243855,-7.825994
4470,51.255672,-7.788813
4471,51.187603,-7.8716884
4472,51.203773,-7.8758607
4473,51.148308,-7.8659663
4474,51.223606,-7.7245984
4475,51.256104,-7.8033586
4476,51.207657,-7.9161425
4477,51.287086,-7.8029356
4478,51.176064,-7.8913364
4479,51.186314,-7.9014564
4480,51.231544,-7.8491373
4481,51.23402,-7.8565793
4482,51.23981,-7.800483
4483,51.29246,-7.774324
4484,51.243736,-7.858299
4485,51.23144,-7.863965
4486,51.20293,-7.869772
4487,51.27915,-7.803612
4488,51.157017,-7.932323
4489,51.246933,-7.856044
4490,51.274467,-7.7885027
4491,51.135704,-7.9218087
4492,51.270187,-7.8157053
4493,51.222748,-7.832816
4494,51.223785,-7.859821
4495,51.20031,-7.8788204
4496,51.384155,-7.704105
4497,51.278423,-7.7955217
4498,51.222717,-7.843161
4499,51.20265,-7.870984
4500,51.258293,-7.8157616
4501,51.315006,-7.7915473
4502,51.264175,-7.7981153
4503,51.262398,-7.842344
4504,51.29461,-7.7958884
4505,51.296104,-7.8274035
4506,51.224464,-7.84863
4507,51.20853,-7.8606386
4508,51.252636,-7.850124
4509,51.23529,-7.8715477
4510,51.24159,-7.875466
4511,51.345367,-7.773619
4512,51.213165,-7.891421
4513,51.285843,-7.8061776
4514,51.241142,-7.831322
4515,51.23731,-7.809081
4516,51.29039,-7.840399
4517,51.20382,-7.920991
4518,51.25579,-7.8500113
4519,51.269848,-7.882964
4520,51.29837,-7.811759
4521,51.241096,-7.8641057
4522,51.214645,-7.8805118
4523,51.24304,-7.8917875
4524,51.234314,-7.917975
4525,51.307438,-7.831576
4526,51.25379,-7.8569174
4527,51.308754,-7.811195
4528,51.27553,-7.8546624
4529,51.22651,-7.912534
4530,51.283176,-7.84209
4531,51.263165,-7.891872
4532,51.242165,-7.8535066
4533,51.3402,-7.7974105
4534,51.257347,-7.859934
4535,51.253582,-7.882626
4536,51.311096,-7.8196235
4537,51.27534,-7.8644156
4538,51.230953,-7.8709555
4539,51.30117,-7.812548
4540,51.21432,-7.899934
4541,51.26527,-7.917975
4542,51.27395,-7.8628373
4543,51.336704,-7.786332
4544,51.32617,-7.8216815
4545,51.27466,-7.8460083
4546,51.321804,-7.824951
4547,51.270054,-7.863457
4548,51.272896,-7.849983
4549,51.284554,-7.857679
4550,51.24495,-7.9101667
4551,51.277946,-7.862386
4552,51.268085,-7.88677
4553,51.271667,-7.9144793
4554,51.303215,-7.8310966
4555,51.33278,-7.808658
4556,51.299484,-7.7926183
4557,51.308857,-7.8680806
4558,51.227398,-7.898102
4559,51.32382,-7.78839
4560,51.304,-7.82653
4561,51.27035,-7.8900676
4562,51.219414,-7.899765
4563,51.315006,-7.820244
4564,51.26077,-7.8605824
4565,51.291557,-7.8372416
4566,51.259285,-7.872365
4567,51.2722,-7.8889403
4568,51.312946,-7.8049655
4569,51.328453,-7.8261633
4570,51.36591,-7.751688
4571,51.27543,-7.862978
4572,51.27516,-7.8982706
4573,51.2722,-7.8554516
4574,51.307064,-7.8453884
4575,51.18501,-7.9558325
4576,51.242237,-7.8738875
4577,51.343456,-7.8095036
4578,51.28999,-7.8528585
4579,51.33005,-7.813253
4580,51.331535,-7.8358603
4581,51.28497,-7.8679395
4582,51.30305,-7.8483763
4583,51.30557,-7.8108287
4584,51.32709,-7.864303
4585,51.276882,-7.866671
4586,51.36945,-7.7954655
4587,51.26893,-7.890998
4588,51.315952,-7.8710403
4589,51.304043,-7.873267
4590,51.342167,-7.807023
4591,51.320187,-7.845557
4592,51.27423,-7.873521
4593,51.292328,-7.8772416
4594,51.321445,-7.833859
4595,51.322647,-7.8561
4596,51.24815,-7.897228
4597,51.371834,-7.802231
4598,51.299824,-7.8674884
4599,51.329163,-7.8305326
4600,51.299496,-7.8566074
4601,51.35738,-7.828475
4602,51.323994,-7.8547187
4603,51.358696,-7.838031
4604,51.357525,-7.8234572
4605,51.326557,-7.8511386
4606,51.383297,-7.8118997
4607,51.291294,-7.869208
4608,51.311333,-7.9033446
4609,51.31191,-7.858806
4610,51.30117,-7.8679957
4611,51.34753,-7.822696
4612,51.316425,-7.8434715
4613,51.32743,-7.8695464
4614,51.394554,-7.770321
4615,51.372234,-7.844881
4616,51.393753,-7.8294053
4617,51.302532,-7.896044
4618,51.33999,-7.842344
4619,51.358696,-7.831153
4620,51.284374,-7.8772416
4621,51.288982,-7.9014277
4622,51.347233,-7.855762
4623,51.351692,-7.8343663
4624,51.257034,-7.901569
4625,51.334305,-7.8527737
4626,51.36009,-7.844289
4627,51.329697,-7.8573403
4628,51.333237,-7.8619633
4629,51.301926,-7.888602
4630,51.32235,-7.870505
4631,51.313835,-7.885727
4632,51.385548,-7.820131
4633,51.32909,-7.868785
4634,51.37462,-7.829856
4635,51.321938,-7.8744793
4636,51.337902,-7.8566356
4637,51.386765,-7.7356205
4638,51.377758,-7.7930694
4639,51.31641,-7.905882
4640,51.363865,-7.8052473
4641,51.423374,-7.7208495
4642,51.371284,-7.8433867
4643,51.384617,-7.890096
4644,51.40132,-7.8142676
4645,51.412357,-7.818975
4646,51.429996,-7.832393
4647,51.34381,-7.88832
4648,51.335487,-7.859539
4649,51.33636,-7.8375235
4650,51.368206,-7.800145
4651,51.331844,-7.8645287
4652,51.27881,-7.926065
4653,51.304176,-7.873098
4654,51.20308,-8.027405
4655,51.253006,-7.971647
4656,51.404774,-7.728009
4657,51.323715,-7.875325
4658,51.31068,-7.8749304
4659,51.369377,-7.835917
4660,51.309746,-7.8893065
4661,51.243614,-7.946333
4662,51.299854,-7.958567
4663,51.32746,-7.880878
4664,51.4148,-7.773929
4665,51.431522,-7.770913
4666,51.359142,-7.852548
4667,51.410995,-7.8020053
4668,51.398907,-7.8215685
4669,51.352104,-7.834338
4670,51.295025,-7.942556
4671,51.304813,-7.9034014
4672,51.491653,-7.6446543
4673,51.407646,-7.804176
4674,51.4845,-7.7025547
4675,51.303066,-7.9165654
4676,51.431564,-7.8030486
4677,51.433033,-7.847446
4678,51.516064,-7.677833
4679,51.30828,-7.8568892
4680,51.25413,-7.9953256
4681,51.288536,-7.970209
4682,51.339767,-7.9067273
4683,51.318974,-7.9163117
4684,51.357555,-7.8527174
4685,51.33226,-7.8758607
4686,51.363556,-7.8460083
4687,51.266293,-7.9983134
4688,51.451916,-7.7572412
4689,51.358593,-7.9072347
4690,51.34821,-7.8979325
4691,51.284996,-7.9780173
4692,51.397293,-7.8484607
4693,51.303925,-7.9442472
4694,51.368843,-7.8870797
4695,51.469185,-7.8048244
4696,51.286182,-7.9477425
4697,51.35359,-7.8597646
4698,51.29267,-7.9132957
4699,51.402775,-7.851759
4700,51.329697,-7.919328
4701,51.42542,-7.755212
4702,51.309704,-7.8555365
4703,51.430115,-7.832788
4704,51.300728,-7.9672494
4705,51.29837,-7.9373126
4706,51.301422,-7.936636
4707,51.532845,-7.718679
4708,51.41908,-7.7970443
4709,51.441532,-7.773196
4710,51.36465,-7.864134
4711,51.384155,-7.8834996
4712,51.389652,-7.8371005
4713,51.339474,-7.938299
4714,51.38595,-7.7943096
4715,51.34769,-7.8457828
4716,51.43807,-7.815226
4717,51.398197,-7.8476434
4718,51.338123,-7.9205117
4719,51.328896,-7.9193563
4720,51.438557,-7.807418
4721,51.376427,-7.8732953
4722,51.374203,-7.857284
4723,51.35372,-7.8795815
4724,51.436455,-7.828475
4725,51.4249,-7.837298
4726,51.35797,-7.8913083
4727,51.320915,-7.954959
4728,51.4003,-7.8605824
4729,51.355007,-7.924994
4730,51.362667,-7.8274884
4731,51.37539,-7.9003005
4732,51.433834,-7.7974954
4733,51.544083,-7.695254
4734,51.424458,-7.813563
4735,51.386616,-7.845219
4736,51.405632,-7.8628936
4737,51.463985,-7.78684
4738,51.46636,-7.746276
4739,51.443268,-7.7930975
4740,51.337414,-7.9216394
4741,51.461205,-7.781371
4742,51.35289,-7.870448
4743,51.31071,-7.9325204
4744,51.541775,-7.7238374
4745,51.36757,-7.8959875
4746,51.53043,-7.751237
4747,51.405704,-7.8944654
4748,51.461395,-7.8190036
4749,51.382736,-7.8616533
4750,51.387207,-7.8494473
4751,51.382008,-7.8843455
4752,51.36717,-7.910815
4753,51.4139,-7.863486
4754,51.361435,-7.9147897
4755,51.418564,-7.8461776
4756,51.406475,-7.8664737
4757,51.50848,-7.7371426
4758,51.391857,-7.830758
4759,51.390408,-7.9100537
4760,51.482914,-7.773196
4761,51.35547,-7.949631
4762,51.38303,-7.852802
4763,51.41443,-7.8795815
4764,51.34716,-7.9696455
4765,51.482754,-7.7951555
4766,51.45227,-7.810603
4767,51.36092,-7.895339
4768,51.359333,-7.9310827
4769,51.440853,-7.8224144
4770,51.40781,-7.848292
4771,51.445755,-7.8351836
4772,51.405483,-7.9201174
4773,51.46237,-7.8336053
4774,51.42323,-7.887164
4775,51.51612,-7.769673
4776,51.38192,-7.928912
4777,51.422726,-7.826558
4778,51.39242,-7.918708
4779,51.469734,-7.8304763
4780,51.469704,-7.806995
4781,51.52394,-7.7775373
4782,51.456818,-7.848771
4783,51.569485,-7.790025
4784,51.46393,-7.864698
4785,51.392525,-7.9073195
4786,51.420414,-7.8952265
4787,51.391754,-7.9107304
4788,51.4337,-7.8360014
4789,51.34599,-7.954677
4790,51.455753,-7.8589473
4791,51.41335,-7.928546
4792,51.439342,-7.876058
4793,51.4692,-7.83696
4794,51.50978,-7.7727733
4795,51.47554,-7.843105
4796,51.413483,-7.8829923
4797,51.381832,-7.9227953
4798,51.408344,-7.8862906
4799,51.37863,-7.9457693
4800,51.42736,-7.93906
4801,51.43863,-7.859821
4802,51.431152,-7.879807
4803,51.438335,-7.8324494
4804,51.410965,-7.911294
4805,51.372738,-7.969786
4806,51.414757,-7.8928304
4807,51.4083,-7.8855295
4808,51.425613,-7.8648105
4809,51.503296,-7.807474
4810,51.44805,-7.8567204
4811,51.45045,-7.8826823
4812,51.41437,-7.8760295
4813,51.46569,-7.8657126
4814,51.406876,-7.9003286
4815,51.439194,-7.8886585
4816,51.424515,-7.874846
4817,51.442142,-7.8944087
4818,51.43426,-7.9070096
4819,51.397663,-7.9057407
4820,51.48074,-7.8392997
4821,51.497547,-7.8286157
4822,51.429478,-7.913267
4823,51.426754,-7.904726
4824,51.385918,-7.906671
4825,51.404877,-7.8745356
4826,51.466045,-7.832816
4827,51.39996,-7.9064174
4828,51.465958,-7.8548317
4829,51.396034,-7.9543386
4830,51.47668,-7.8396096
4831,51.440792,-7.8668685
4832,51.481834,-7.8160434
4833,51.49565,-7.8508286
4834,51.41526,-7.94171
4835,51.497135,-7.8145213
4836,51.50165,-7.8146625
4837,51.473557,-7.8643312
4838,51.4837,-7.8375797
4839,51.399944,-7.9348884
4840,51.432602,-7.865402
4841,51.492676,-7.848038
4842,51.415955,-7.918144
4843,51.585464,-7.6879244
4844,51.46507,-7.868926
4845,51.489315,-7.850998
4846,51.483536,-7.8769035
4847,51.462463,-7.8668685
4848,51.334583,-7.991238
4849,51.44931,-7.8835564
4850,51.373684,-7.9650507
4851,51.5474,-7.747347
4852,51.548973,-7.777763
4853,51.48493,-7.8488836
4854,51.5345,-7.740779
4855,51.45233,-7.9608784
4856,51.480293,-7.8515615
4857,51.48669,-7.85906
4858,51.51048,-7.8345356
4859,51.4454,-7.9656706
4860,51.44534,-7.9056563
4861,51.5034,-7.8357196
4862,51.475212,-7.8502088
4863,51.42268,-7.9520836
4864,51.43814,-7.880399
4865,51.496925,-7.838961
4866,51.507027,-7.8384256
4867,51.501976,-7.8348737
4868,51.50488,-7.8538733
4869,51.41917,-7.9462485
4870,51.50476,-7.861428
4871,51.52298,-7.8491373
4872,51.43352,-7.9660935
4873,51.485226,-7.875607
4874,51.49026,-7.8636546
4875,51.522934,-7.839356
4876,51.436573,-7.910223
4877,51.50827,-7.862696
4878,51.41212,-7.953803
4879,51.45396,-7.8998213
4880,51.490543,-7.8668118
4881,51.578014,-7.8126326
4882,51.49278,-7.8504057
4883,51.559208,-7.837129
4884,51.502186,-7.8336616
4885,51.53911,-7.838933
4886,51.47071,-7.911689
4887,51.47329,-7.836678
4888,51.456566,-7.909067
4889,51.606987,-7.708164
4890,51.413673,-7.937059
4891,51.498528,-7.85486
4892,51.53364,-7.8106875
4893,51.473347,-7.9049234
4894,51.49164,-7.868926
4895,51.437313,-7.9170446
4896,51.555637,-7.7702084
4897,51.48924,-7.8601313
4898,51.470222,-7.9274745
4899,51.4277,-7.9665446
4900,51.41231,-7.9940286
4901,51.449413,-7.9231896
4902,51.492306,-7.9077706
4903,51.51642,-7.8169737
4904,51.404537,-7.9455156
4905,51.471466,-7.884543
4906,51.4502,-7.891167
4907,51.514538,-7.9053464
4908,51.486942,-7.878285
4909,51.47797,-7.9423866
4910,51.528324,-7.863852
4911,51.542397,-7.8424
4912,51.457306,-7.919018
4913,51.49186,-7.8419776
4914,51.48616,-7.8990035
4915,51.566273,-7.8302507
4916,51.560257,-7.846544
4917,51.46797,-7.8779464
4918,51.48278,-7.8939013
4919,51.47388,-7.9012027
4920,51.57335,-7.7912655
4921,51.47905,-7.9454875
4922,51.476177,-7.8990602
4923,51.47822,-7.943768
4924,51.508404,-7.8701663
4925,51.605194,-7.7139993
4926,51.490974,-7.865402
4927,51.531776,-7.855311
4928,51.4913,-7.8923793
4929,51.54518,-7.7950144
4930,51.671783,-7.5890374
4931,51.543137,-7.9228234
4932,51.536827,-7.836396
4933,51.476192,-7.848743
4934,51.515575,-7.8540707
4935,51.53563,-7.847756
4936,51.54863,-7.8683624
4937,51.649155,-7.7315893
4938,51.41656,-7.981823
4939,51.513664,-7.9080806
4940,51.171562,-8.340979
4941,51.569916,-7.869969
4942,51.50451,-7.8505187
4943,51.564983,-7.7806664
4944,51.483093,-7.9376507
4945,51.65487,-7.6998205
4946,51.483093,-7.9747195
4947,51.50642,-7.866699
4948,51.551163,-7.8539014
4949,51.674583,-7.6820893
4950,51.581837,-7.771364
4951,51.45968,-7.9543953
4952,51.535255,-7.8940706
4953,51.478355,-7.93004
4954,51.5336,-7.834902
4955,51.55614,-7.862217
4956,51.477863,-7.9586797
4957,51.565086,-7.809419
4958,51.513634,-7.8888273
4959,51.51679,-7.9064174
4960,51.60124,-7.8088837
4961,51.51885,-7.8212304
4962,51.59012,-7.9171576
4963,51.580563,-7.781709
4964,51.663223,-7.75228
4965,51.545223,-7.9154377
4966,51.518135,-7.891844
4967,51.569057,-7.794958
4968,51.5498,-7.9355083
4969,51.518623,-7.951999
4970,51.674866,-7.755296
4971,51.580326,-7.8675447
4972,51.548378,-7.9449515
4973,51.497177,-7.9819922
4974,51.556572,-7.874451
4975,51.543907,-7.85097
4976,51.580223,-7.8057547
4977,51.504673,-7.8598776
4978,51.569336,-7.896805
4979,51.526237,-7.897002
4980,51.59388,-7.8079815
4981,51.617752,-7.771815
4982,51.61355,-7.7643166
4983,51.51646,-7.9458537
4984,51.55851,-7.874
4985,51.619324,-7.83665
4986,51.50731,-7.9289403
4987,51.502453,-7.91992
4988,51.616493,-7.850265
4989,51.515957,-7.9096026
4990,51.465557,-8.014691
4991,51.55633,-7.8694615
4992,51.49967,-7.926911
4993,51.56965,-7.8694053
4994,51.529556,-7.942556
4995,51.63313,-7.8378053
4996,51.546677,-7.934747
4997,51.65773,-7.7998915
4998,51.578667,-7.8418927
4999,51.577896,-7.8912516
5000,51.56094,-7.9033165
5001,51.592102,-7.9022737
5002,51.5502,-7.8853602
5003,51.600986,-7.843218
5004,51.589523,-7.8313503
5005,51.524296,-7.9034576
5006,51.57913,-7.862302
5007,51.53262,-7.9283767
5008,51.576965,-7.843866
5009,51.52409,-7.8873334
5010,51.53265,-7.9198637
5011,51.53465,-7.8935914
5012,51.524666,-7.9342117
5013,51.611237,-7.826248
5014,51.550926,-7.8495603
5015,51.51904,-7.9277844
5016,51.609356,-7.7983127
5017,51.598175,-7.8854446
5018,51.601875,-7.855367
5019,51.49817,-7.984191
5020,51.603046,-7.8426538
5021,51.549194,-7.9106174
5022,51.518536,-7.9551845
5023,51.62424,-7.895057
5024,51.620804,-7.7814555
5025,51.608955,-7.912534
5026,51.57135,-7.898158
5027,51.594086,-7.8715477
5028,51.60463,-7.8710685
5029,51.597713,-7.8064594
5030,51.49786,-7.940498
5031,51.639496,-7.832083
5032,51.48709,-7.9508433
5033,51.6086,-7.84598
5034,51.521793,-7.9522247
5035,51.592396,-7.8785386
5036,51.644695,-7.827883
5037,51.56861,-7.887164
5038,51.5413,-7.9365797
5039,51.58585,-7.916368
5040,51.60521,-7.838482
5041,51.57061,-7.883669
5042,51.56836,-7.90436
5043,51.592678,-7.8944936
5044,51.53736,-7.8774953
5045,51.50823,-7.9933524
5046,51.549934,-7.9108996
5047,51.635113,-7.852999
5048,51.561768,-7.946756
5049,51.582237,-7.8840356
5050,51.555904,-7.8788486
5051,51.543953,-7.910561
5052,51.556126,-7.952168
5053,51.63553,-7.8569174
5054,51.570446,-7.9198637
5055,51.64148,-7.8346763
5056,51.596306,-7.8935633
5057,51.635555,-7.8789616
5058,51.52671,-7.947094
5059,51.640327,-7.8391304
5060,51.605297,-7.8866005
5061,51.639763,-7.8778057
5062,51.599686,-7.845501
5063,51.69988,-7.835212
5064,51.552143,-7.949434
5065,51.58908,-7.906248
5066,51.653004,-7.877524
5067,51.636387,-7.919497
5068,51.655003,-7.8688135
5069,51.61565,-7.8714347
5070,51.60352,-7.860272
5071,51.547535,-7.579594
5072,51.67445,-7.8204694
5073,51.647717,-7.950984
5074,51.580666,-7.9072065
5075,51.6372,-7.883218
5076,51.587154,-7.9217806
5077,51.615887,-7.8736053
5078,51.603817,-7.890406
5079,51.58825,-7.9428096
5080,51.583897,-7.961865
5081,51.541462,-7.950702
5082,51.611267,-7.823767
5083,51.6449,-7.8951983
5084,51.511456,-7.946474
5085,51.617783,-7.842936
5086,51.63532,-7.861005
5087,51.508213,-7.9474044
5088,51.593376,-7.8880944
5089,51.64634,-7.8924074
5090,51.589123,-7.9171576
5091,51.68009,-7.8134217
5092,51.666676,-7.8774953
5093,51.584755,-7.912055
5094,51.58625,-7.9185386
5095,51.700294,-7.8339715
5096,51.648636,-7.8537884
5097,51.70065,-7.818383
5098,51.62867,-7.8871927
5099,51.65995,-7.8493066
5100,51.624847,-7.8765373
5101,51.641895,-7.8786793
5102,51.657047,-7.866502
5103,51.52489,-7.983373
5104,51.6505,-7.880145
5105,51.621872,-7.8913083
5106,51.62119,-7.8993983
5107,51.57046,-7.9256706
5108,51.59185,-7.919976
5109,51.53954,-7.9805827
5110,51.389164,-8.088942
5111,51.53579,-8.022839
5112,51.70268,-7.738806
5113,51.69551,-7.7975516
5114,51.609695,-7.91634
5115,51.64785,-7.906502
5116,51.70314,-7.8033023
5117,51.752327,-7.7832036
5118,51.715965,-7.74481
5119,51.660587,-7.840455
5120,51.62741,-7.963782
5121,51.725533,-7.8441763
5122,51.642044,-7.825712
5123,51.60746,-7.9866714
5124,51.654797,-7.8415546
5125,51.654766,-7.857707
5126,51.53585,-8.034395
5127,51.635868,-7.936749
5128,51.736256,-7.8179603
5129,51.552673,-7.9629364
5130,51.71192,-7.7854023
5131,51.686787,-7.8109975
5132,51.65336,-7.8457265
5133,51.556393,-8.007475
5134,51.67799,-7.870871
5135,51.603714,-7.951492
5136,51.621708,-7.940554
5137,51.60367,-7.917862
5138,51.585823,-7.942133
5139,51.701138,-7.8114204
5140,51.59139,-7.9489264
5141,51.645718,-7.889899
5142,51.608673,-7.968095
5143,51.560555,-7.961583
5144,51.678226,-7.8519845
5145,51.611694,-7.9708576
5146,51.622036,-7.939455
5147,51.664585,-7.869236
5148,51.663326,-7.8609767
5149,51.63366,-7.890857
5150,51.623413,-7.947489
5151,51.697227,-7.84987
5152,51.59884,-7.9493213
5153,51.57205,-7.974466
5154,51.626713,-7.9632745
5155,51.631897,-7.900385
5156,51.604557,-7.9778767
5157,51.610527,-7.9749165
5158,51.68421,-7.85844
5159,51.70511,-7.8508286
5160,51.60694,-7.941682
5161,51.708115,-7.848799
5162,51.613903,-7.961217
5163,51.689396,-7.831942
5164,51.716618,-7.8577914
5165,51.64434,-7.9263473
5166,51.606247,-7.934099
5167,51.68233,-7.8576503
5168,51.687943,-7.8706455
5169,51.684418,-7.882231
5170,51.637867,-7.9142256
5171,51.697453,-7.840596
5172,51.677887,-7.8441195
5173,51.60691,-7.9454875
5174,51.676834,-7.8667555
5175,51.6267,-7.903542
5176,51.701687,-7.8730416
5177,51.653713,-7.8885455
5178,51.68788,-7.897735
5179,51.618496,-7.9384685
5180,51.666214,-7.9045854
5181,51.64102,-7.9388065
5182,51.674553,-7.8913083
5183,51.656986,-7.906784
5184,51.64723,-7.9206247
5185,51.655388,-7.9512663
5186,51.684715,-7.891139
5187,51.699287,-7.8531966
5188,51.68335,-7.8861494
5189,51.59758,-7.9641485
5190,51.651894,-7.977059
5191,51.681396,-7.857228
5192,51.63855,-7.911379
5193,51.7186,-7.866981
5194,51.70231,-7.849391
5195,51.666466,-7.91572
5196,51.713654,-7.8705893
5197,51.66977,-7.9233027
5198,51.647583,-7.9276156
5199,51.65737,-7.9017663
5200,51.695614,-7.8503494
5201,51.749317,-7.7891793
5202,51.7133,-7.8636546
5203,51.694565,-7.881019
5204,51.685616,-7.8866005
5205,51.641006,-7.9391165
5206,51.663357,-7.9085035
5207,51.643852,-7.964064
5208,51.682064,-7.909039
5209,51.659,-7.9188204
5210,51.68522,-7.913775
5211,51.640312,-7.9251065
5212,51.70613,-7.8765655
5213,51.64065,-7.952704
5214,51.664185,-7.943965
5215,51.709522,-7.865374
5216,51.659344,-7.9198637
5217,51.713715,-7.8701663
5218,51.703377,-7.878313
5219,51.70819,-7.8764806
5220,51.64006,-7.963585
5221,51.65053,-7.9228797
5222,51.704544,-7.897284
5223,51.6436,-7.9601455
5224,51.705566,-7.8971996
5225,51.719105,-7.8846555
5226,51.720646,-7.8717732
5227,51.742786,-7.872083
5228,51.6747,-7.9525065
5229,51.710457,-7.9050927
5230,51.67039,-7.9232183
5231,51.74012,-7.871914
5232,51.68095,-7.924289
5233,51.665,-7.934296
5234,51.656483,-7.9371996
5235,51.714085,-7.901597
5236,51.68581,-7.907573
5237,51.727238,-7.9134083
5238,51.71694,-7.8956776
5239,51.726006,-7.913324
5240,51.70558,-7.9225698
5241,51.691216,-7.919187
5242,51.689304,-7.9305754
5243,51.666363,-7.9329433
5244,51.677425,-7.956566
5245,51.71915,-7.886854
5246,51.708057,-7.897989
5247,51.684906,-7.94918
5248,51.660305,-7.950815
5249,51.67002,-7.9636693
5250,51.681767,-7.94529
5251,51.715744,-7.9301243
5252,51.70973,-7.910956
5253,51.66032,-7.978666
5254,51.71229,-7.9038525
5255,51.72432,-7.876706
5256,51.69911,-7.891928
5257,51.578903,-8.06202
5258,51.69486,-7.92147
5259,51.68612,-7.943373
5260,51.773476,-7.7814837
5261,51.728657,-7.8943524
5262,51.66586,-7.9850364
5263,51.696964,-7.9364953
5264,51.79073,-7.8434997
5265,51.69419,-7.9343247
5266,51.76896,-7.8515897
5267,51.767834,-7.861597
5268,51.725117,-7.9141974
5269,51.727695,-7.8856983
5270,51.69773,-7.9371996
5271,51.692017,-7.9704065
5272,51.728615,-7.903993
5273,51.758755,-7.8683906
5274,51.754265,-7.8791585
5275,51.68799,-7.9404416
5276,51.720764,-7.9243455
5277,51.71281,-7.9399905
5278,51.74782,-7.8894477
5279,51.688847,-7.9500823
5280,51.72285,-7.921076
5281,51.71429,-7.935029
5282,51.719208,-7.9212446
5283,51.67316,-7.9774537
5284,51.7355,-8.003726
5285,51.733013,-7.9095464
5286,51.72672,-7.9052896
5287,51.667194,-7.9747477
5288,51.69732,-7.924148
5289,51.731842,-7.9440217
5290,51.700222,-7.9629927
5291,51.72451,-7.877073
5292,51.76472,-7.887728
5293,51.70025,-7.9699273
5294,51.773506,-7.8412447
5295,51.72672,-7.901625
5296,51.713684,-7.947686
5297,51.737442,-7.8947473
5298,51.682804,-7.965868
5299,51.767136,-7.8635983
5300,51.725075,-7.8819494
5301,51.700962,-7.937228
5302,51.78239,-7.884402
5303,51.71247,-7.893394
5304,51.76847,-7.887869
5305,51.739986,-7.92116
5306,51.755287,-7.885586
5307,51.68636,-7.956453
5308,51.77995,-7.8579326
5309,51.736183,-7.8923793
5310,51.69825,-7.94109
5311,51.728718,-7.923444
5312,51.73827,-7.901625
5313,51.68504,-8.040964
5314,51.75726,-7.8679957
5315,51.708885,-7.950956
5316,51.6504,-7.974973
5317,51.774395,-7.8245
5318,51.73276,-7.947489
5319,51.71327,-7.928828
5320,51.68886,-7.975706
5321,51.80304,-7.8154235
5322,51.756073,-7.913521
5323,51.767357,-7.8833027
5324,51.758842,-7.913662
5325,51.72457,-7.939399
5326,51.76521,-7.8982706
5327,51.754845,-7.903937
5328,51.78454,-7.8695464
5329,51.726124,-7.9539723
5330,51.76117,-7.920991
5331,51.760708,-7.8977633
5332,51.77099,-7.8856983
5333,51.76102,-7.9130135
5334,51.77121,-7.904444
5335,51.706013,-7.9602585
5336,51.766647,-7.912619
5337,51.76361,-7.897087
5338,51.729637,-7.9361567
5339,51.79054,-7.8676295
5340,51.69526,-8.015594
5341,51.747395,-7.930688
5342,51.75413,-7.919525
5343,51.888393,-7.728263
5344,51.78796,-7.894127
5345,51.827892,-7.8399196
5346,51.83134,-7.803922
5347,51.746372,-7.981372
5348,51.71706,-7.976016
5349,51.851128,-7.8389893
5350,51.77611,-7.90047
5351,51.753273,-7.9430914
5352,51.774113,-7.9440217
5353,51.86874,-7.805783
5354,51.833416,-7.8397503
5355,51.725857,-7.9639792
5356,51.761448,-7.914902
5357,51.830467,-7.858637
5358,51.756,-7.9525065
5359,51.7746,-7.9267135
5360,51.772884,-7.927334
5361,51.727444,-7.970181
5362,51.759377,-7.901174
5363,51.783443,-7.9325767
5364,51.850018,-7.840089
5365,51.79128,-7.899624
5366,51.765343,-7.925868
5367,51.77438,-7.940244
5368,51.79649,-7.910928
5369,51.743275,-7.901259
5370,51.771046,-7.9371996
5371,51.76856,-7.943627
5372,51.80902,-7.892689
5373,51.751762,-7.914423
5374,51.807007,-7.9277
5375,51.784893,-7.9397087
5376,51.790314,-7.895621
5377,51.76527,-7.9714212
5378,51.81397,-7.8267274
5379,51.78614,-7.9173265
5380,51.76059,-7.929194
5381,51.801395,-7.893112
5382,51.800667,-7.9055433
5383,51.745705,-7.953352
5384,51.77143,-7.9571295
5385,51.748978,-7.9547334
5386,51.788982,-7.9377637
5387,51.82219,-7.888771
5388,51.790806,-7.9222317
5389,51.737206,-7.971224
5390,51.770855,-7.918595
5391,51.802578,-7.915212
5392,51.810562,-7.895903
5393,51.77833,-7.9356775
5394,51.765743,-7.9678974
5395,51.786022,-7.9247966
5396,51.789234,-7.9161143
5397,51.805023,-7.900526
5398,51.781563,-7.9194407
5399,51.757034,-7.9477706
5400,51.793827,-7.914987
5401,51.813316,-7.92801
5402,51.83355,-7.8882356
5403,51.774616,-7.9509277
5404,51.797543,-7.915297
5405,51.81592,-7.924233
5406,51.71816,-7.9964247
5407,51.846657,-7.8668118
5408,51.742504,-7.933197
5409,51.753925,-7.9346066
5410,51.806934,-7.89548
5411,51.781326,-7.93782
5412,51.85298,-7.8542395
5413,51.83531,-7.8990602
5414,51.79917,-7.9211884
5415,51.805332,-7.9246273
5416,51.686684,-8.079047
5417,51.845814,-7.877862
5418,51.76989,-7.9610476
5419,51.81496,-7.9196663
5420,51.757095,-7.9535494
5421,51.773712,-7.9700117
5422,51.790035,-7.941823
5423,51.853424,-7.893873
5424,51.826424,-7.914818
5425,51.782482,-7.9344373
5426,51.768898,-7.97782
5427,51.813866,-7.927249
5428,51.80736,-7.914057
5429,51.794537,-7.9481373
5430,51.819744,-7.915325
5431,51.85532,-7.9014845
5432,51.806458,-7.944078
5433,51.87432,-7.8777494
5434,51.84719,-7.8921537
5435,51.769077,-7.984811
5436,51.821953,-7.941231
5437,51.807762,-7.9568477
5438,51.827564,-7.8939013
5439,51.860313,-7.859116
5440,51.772675,-7.986756
5441,51.80674,-7.9456
5442,51.79239,-7.9816537
5443,51.81711,-7.907404
5444,51.80954,-7.9528165
5445,51.840363,-7.8994265
5446,51.826706,-7.902809
5447,51.85372,-7.9147334
5448,51.790195,-7.974691
5449,51.79036,-7.9722953
5450,51.802876,-7.957327
5451,51.739174,-8.031577
5452,51.779667,-7.9771156
5453,51.81603,-7.933535
5454,51.851498,-7.911407
5455,51.84904,-7.9233027
5456,51.884884,-7.874028
5457,51.82047,-7.946305
5458,51.798744,-7.979765
5459,51.914684,-7.8009343
5460,51.81899,-7.9493494
5461,51.841915,-7.908701
5462,51.8081,-7.951125
5463,51.857513,-7.927277
5464,51.843533,-7.9103074
5465,51.817062,-7.929166
5466,51.825283,-7.9959173
5467,51.836082,-7.9499974
5468,51.798817,-7.983289
5469,51.8725,-7.8995676
5470,51.87779,-7.900836
5471,51.925274,-7.8495603
5472,51.830807,-7.9386654
5473,51.878693,-7.887982
5474,51.749023,-8.046545
5475,51.89183,-7.875043
5476,51.842094,-7.915579
5477,51.89183,-7.858355
5478,51.836155,-7.91665
5479,51.89088,-7.878708
5480,51.86785,-7.9173546
5481,51.818752,-7.9583135
5482,51.853973,-7.9157763
5483,51.832497,-7.9180875
5484,51.820854,-7.98887
5485,51.857925,-7.916481
5486,51.891502,-7.886826
5487,51.830822,-7.9377356
5488,51.847706,-7.9309134
5489,51.844685,-7.957383
5490,51.83734,-7.922767
5491,51.815834,-7.947235
5492,51.869347,-7.922654
5493,51.87696,-7.9333096
5494,51.85668,-7.928546
5495,51.81994,-7.9241767
5496,51.91711,-7.893789
5497,51.79722,-8.006404
5498,51.897663,-7.904106
5499,51.92994,-7.747375
5500,51.94697,-7.8742537
5501,51.810383,-7.972013
5502,51.801083,-7.98529
5503,51.877136,-7.839722
5504,51.769756,-8.044854
5505,51.877773,-7.904726
5506,51.8519,-7.976918
5507,51.8959,-7.896805
5508,51.87139,-7.888376
5509,51.90279,-7.875579
5510,51.898582,-7.906333
5511,51.84507,-7.9411182
5512,51.869762,-7.944698
5513,51.917942,-7.8590035
5514,51.80895,-7.973761
5515,51.88143,-7.9219213
5516,51.855423,-7.9434857
5517,51.906063,-7.8823156
5518,51.824722,-7.946502
5519,51.86859,-7.9509277
5520,51.871048,-7.967362
5521,51.83238,-7.9605403
5522,51.87413,-7.9508433
5523,51.87456,-7.9384966
5524,51.846714,-7.96553
5525,51.870056,-7.8978763
5526,51.838985,-7.962034
5527,51.884617,-7.9481654
5528,51.89845,-7.9259243
5529,51.84196,-7.9677005
5530,51.875805,-7.9473195
5531,51.913483,-7.9088416
5532,51.769684,-8.072084
5533,51.826336,-7.9707165
5534,51.892612,-7.9336762
5535,51.85018,-7.963641
5536,51.893784,-7.9200044
5537,51.890865,-7.917101
5538,51.86788,-7.935086
5539,51.885296,-7.935762
5540,51.841057,-7.9843316
5541,51.89993,-7.9157763
5542,51.874752,-7.9582286
5543,51.833874,-8.004121
5544,51.946053,-7.871153
5545,51.88441,-7.9551563
5546,51.931137,-7.9061637
5547,51.84799,-7.996989
5548,51.836525,-7.968236
5549,51.89402,-7.937848
5550,51.822544,-7.9930706
5551,51.90264,-7.9566784
5552,51.84547,-7.9766645
5553,51.935715,-7.877439
5554,51.88958,-7.9816256
5555,51.945473,-7.910674
5556,51.849144,-7.971703
5557,51.949146,-7.907714
5558,51.87911,-7.924599
5559,51.86973,-7.975988
5560,51.848137,-7.9681797
5561,51.95732,-7.859511
5562,51.878544,-7.949631
5563,51.86055,-7.9714212
5564,51.896347,-7.925022
5565,51.886837,-7.936974
5566,51.882572,-7.934973
5567,51.858017,-8.030675
5568,51.910904,-7.9055433
5569,51.887936,-7.9618936
5570,51.884037,-7.955438
5571,51.93407,-7.9014277
5572,51.8922,-7.952704
5573,51.940884,-7.9174676
5574,51.852654,-7.9785247
5575,51.87638,-7.9440217
5576,51.932323,-7.8990035
5577,51.936485,-7.9025273
5578,51.88038,-7.941344
5579,51.847664,-7.993634
5580,51.88663,-7.98856
5581,51.916447,-7.8893914
5582,51.887253,-7.94326
5583,51.876263,-7.9607377
5584,51.90541,-7.934973
5585,51.934486,-7.9236407
5586,51.943134,-7.914141
5587,51.92736,-7.9460793
5588,51.880188,-7.9699273
5589,51.949383,-7.915635
5590,51.933136,-7.9136057
5591,51.89867,-7.9259806
5592,51.96178,-7.892182
5593,51.942898,-7.9138594
5594,51.849632,-7.9804134
5595,51.884335,-7.947855
5596,51.877922,-7.9505897
5597,51.863186,-7.975621
5598,51.870323,-8.0404
5599,51.8604,-7.961076
5600,51.954937,-7.908306
5601,51.86384,-8.003867
5602,51.88069,-7.9728026
5603,51.84168,-7.987348
5604,51.98129,-7.8853884
5605,51.96332,-7.9072914
5606,51.861866,-8.004431
5607,51.94611,-7.8987217
5608,51.97289,-7.8974533
5609,51.912655,-7.9773693
5610,51.972977,-7.907094
5611,51.982826,-7.8711247
5612,51.887314,-7.970914
5613,51.869244,-7.9996104
5614,51.952717,-7.8988347
5615,51.93807,-7.891026
5616,51.869778,-8.014354
5617,51.947712,-7.9034576
5618,51.84605,-8.007701
5619,51.990204,-7.8898425
5620,51.87262,-7.9983416
5621,51.874146,-8.0396385
5622,51.95362,-7.969392
5623,51.914356,-7.908701
5624,51.96969,-7.8967485
5625,51.96236,-7.9061637
5626,51.966934,-7.9372845
5627,51.91409,-7.946305
5628,51.952568,-7.9404697
5629,51.951134,-7.9090953
5630,51.938633,-7.946389
5631,51.874947,-8.00195
5632,51.92588,-7.967362
5633,51.93906,-7.9368896
5634,51.957115,-7.9261217
5635,52.013412,-7.8433304
5636,52.00879,-7.9110403
5637,51.941948,-7.953042
5638,51.929745,-7.9706883
5639,51.90408,-7.98405
5640,52.00786,-7.816241
5641,51.905426,-7.9509277
5642,52.04241,-7.808066
5643,51.89279,-7.99479
5644,51.894333,-7.9602585
5645,51.936707,-7.914902
5646,51.975895,-7.932746
5647,51.898716,-7.9975243
5648,52.02138,-7.8943524
5649,52.021854,-7.9071784
5650,51.983463,-7.8550854
5651,51.92887,-8.015762
5652,51.956642,-7.957355
5653,51.883415,-7.986615
5654,51.96846,-7.943317
5655,51.905277,-7.9925346
5656,51.931507,-7.9601736
5657,51.85008,-8.047616
5658,51.979656,-7.9002724
5659,51.930454,-7.9486446
5660,51.96541,-7.926037
5661,52.000244,-7.9271927
5662,51.93626,-7.977059
5663,51.964493,-7.933225
5664,51.98527,-7.9107304
5665,51.938972,-7.964684
5666,51.94537,-7.939793
5667,51.95695,-7.947066
5668,51.98727,-7.9435143
5669,51.92327,-7.9796243
5670,51.932323,-7.965389
5671,51.974327,-7.927813
5672,51.964226,-7.9080806
5673,51.941948,-7.9287996
5674,51.982117,-7.8933096
5675,51.947845,-7.94591
5676,51.947754,-7.963895
5677,51.957855,-7.9677567
5678,51.98299,-7.9323792
5679,51.933834,-7.9735355
5680,51.934498,-7.9659524
5681,51.97421,-7.9384685
5682,51.997356,-7.920709
5683,51.966106,-7.9263754
5684,51.97591,-7.9501667
5685,51.949947,-7.9657836
5686,51.969646,-7.938581
5687,51.924976,-7.9847264
5688,51.95947,-7.9440217
5689,51.887608,-8.014804
5690,51.986217,-7.93906
5691,51.99878,-7.915748
5692,51.92425,-7.9880247
5693,51.871407,-8.084008
5694,51.994602,-7.941287
5695,51.957176,-7.9992156
5696,51.930706,-8.012606
5697,52.0405,-7.896946
5698,52.043137,-7.8500113
5699,51.956375,-7.9843035
5700,51.990055,-7.949124
5701,51.92382,-8.012437
5702,51.952065,-8.002514
5703,51.99438,-7.976805
5704,51.94319,-7.9671926
5705,51.957573,-7.9548745
5706,51.955086,-7.9589615
5707,51.991108,-7.946784
5708,51.96237,-7.960822
5709,51.956463,-8.0315485
5710,52.00731,-7.9022174
5711,52.040516,-7.905487
5712,51.939045,-7.9932675
5713,51.93511,-8.011111
5714,51.952183,-8.017793
5715,51.94823,-8.007898
5716,52.020123,-7.8939295
5717,51.97394,-7.99152
5718,51.997387,-7.936326
5719,51.998867,-7.891026
5720,52.00358,-7.9082217
5721,51.946156,-7.9941416
5722,52.01818,-7.8975377
5723,51.995403,-7.9186797
5724,51.969543,-7.99183
5725,52.02427,-7.899793
5726,52.015633,-7.9303217
5727,51.97409,-7.9889545
5728,51.95731,-7.9850645
5729,51.980057,-7.9959173
5730,51.9579,-8.001471
5731,51.98767,-7.944557
5732,51.935093,-8.008828
5733,51.975494,-7.963049
5734,51.920105,-7.9656425
5735,52.032562,-7.869067
5736,51.975674,-7.950646
5737,51.918667,-7.998567
5738,51.822723,-8.185545
5739,52.1267,-7.759919
5740,52.041702,-7.884543
5741,51.974384,-7.9329433
5742,51.979496,-8.001302
5743,52.026447,-7.866925
5744,52.042114,-7.9224567
5745,52.01473,-7.9098563
5746,51.955338,-7.979737
5747,52.018787,-7.9395957
5748,52.022934,-7.919807
5749,51.984337,-7.9668546
5750,52.00199,-7.9812026
5751,51.952393,-7.9761004
5752,52.008537,-7.9527884
5753,52.011086,-7.9402723
5754,51.996426,-7.9154377
5755,51.9942,-7.957806
5756,52.03212,-7.947094
5757,52.02775,-7.968574
5758,52.018803,-7.9944515
5759,51.96141,-7.9843035
5760,51.97086,-7.996256
5761,52.015247,-7.996002
5762,51.99955,-7.9824996
5763,52.033985,-8.000343
5764,52.084015,-7.909011
5765,51.967484,-8.043811
5766,51.963276,-7.985093
5767,52.01125,-7.950195
5768,52.06845,-7.9151278
5769,52.033867,-7.9281793
5770,52.01233,-7.967447
5771,52.059044,-7.985318
5772,52.003193,-7.9227953
5773,51.95328,-8.017003
5774,52.12568,-7.8173122
5775,51.951458,-8.034311
5776,52.077557,-7.8616533
5777,52.0063,-7.94498
5778,52.044323,-7.90746
5779,52.001976,-7.96195
5780,51.99327,-7.9605403
5781,52.01824,-7.9610195
5782,52.063103,-7.933648
5783,51.914623,-8.097539
5784,52.05836,-7.90233
5785,52.10192,-7.8631754
5786,51.99955,-8.011816
5787,51.976383,-7.9717593
5788,52.03884,-7.9691944
5789,52.06913,-7.9173265
5790,51.948257,-8.070421
5791,52.05888,-7.92646
5792,52.00236,-8.040653
5793,52.104366,-7.8795533
5794,52.01036,-7.9929857
5795,52.039597,-7.887277
5796,52.07122,-7.9194126
5797,52.016937,-8.002289
5798,52.02667,-7.997806
5799,52.037926,-8.000879
5800,51.917496,-8.10298
5801,51.97717,-7.9244018
5802,52.008022,-8.037384
5803,52.074165,-7.888376
5804,52.051563,-7.983289
5805,52.02751,-7.917524
5806,52.06919,-7.9368052
5807,52.08169,-7.900244
5808,52.15413,-7.8197927
5809,52.04521,-7.9671645
5810,52.04444,-7.91665
5811,52.03477,-7.970096
5812,52.060883,-7.9652476
5813,52.041775,-7.999131
5814,52.057297,-7.967926
5815,51.997814,-8.016327
5816,52.018597,-7.9696174
5817,52.104527,-7.910561
5818,51.980915,-8.010097
5819,52.109074,-7.925783
5820,52.046425,-7.959244
5821,51.97748,-8.009477
5822,52.0453,-7.973169
5823,52.075974,-7.9556355
5824,51.96436,-8.01582
5825,51.937668,-8.073944
5826,52.007072,-8.00756
5827,52.102722,-7.9417944
5828,52.024254,-7.978694
5829,52.05931,-7.9489264
5830,52.068996,-7.9361005
5831,52.063087,-7.9965096
5832,51.951756,-7.9414845
5833,52.170155,-7.8321114
5834,51.982265,-8.06171
5835,52.07363,-7.9142823
5836,51.992336,-8.032987
5837,52.017883,-7.919215
5838,52.024178,-8.025573
5839,52.142666,-7.8534784
5840,52.04814,-7.988814
5841,52.0412,-8.01534
5842,52.02098,-8.048603
5843,52.075542,-7.9664316
5844,52.127056,-7.899765
5845,52.093597,-7.932408
5846,52.119354,-7.9392858
5847,52.014137,-7.9933805
5848,52.12147,-7.891562
5849,52.10669,-7.971647
5850,52.074196,-7.9249096
5851,52.02203,-7.990392
5852,52.057076,-7.975565
5853,52.08573,-7.940216
5854,52.00568,-8.035495
5855,52.101936,-7.9353676
5856,52.102306,-7.939455
5857,52.117176,-7.9182568
5858,52.035583,-7.9900823
5859,52.065266,-8.02608
5860,52.092487,-7.963895
5861,52.072372,-7.958088
5862,52.02929,-7.941231
5863,52.054096,-7.9951844
5864,52.07661,-7.9396524
5865,52.038857,-8.010971
5866,52.101654,-7.9306316
5867,52.063797,-7.9700117
5868,52.036663,-8.032592
5869,52.07698,-7.9625416
5870,52.084415,-7.9699836
5871,52.13431,-7.9513507
5872,52.031807,-7.9956355
5873,52.03286,-8.017567
5874,52.129707,-7.939173
5875,52.0329,-8.000456
5876,52.111103,-7.9543667
5877,52.110718,-7.958905
5878,52.074566,-7.973197
5879,52.176228,-7.8590317
5880,52.053074,-7.9913507
5881,52.14662,-7.945262
5882,52.16158,-7.909913
5883,52.15284,-7.9321256
5884,52.05281,-7.9874606
5885,52.08031,-7.9635563
5886,52.087807,-7.9690533
5887,52.168125,-7.877524
5888,52.08658,-7.9868407
5889,52.08772,-7.946784
5890,52.104618,-7.9462485
5891,52.07107,-7.9632745
5892,52.137424,-7.896241
5893,52.02667,-8.035946
5894,52.08812,-7.971647
5895,52.105194,-7.931675
5896,52.125515,-7.9468684
5897,52.063015,-8.021964
5898,52.11826,-7.9352546
5899,52.08686,-7.9603148
5900,52.052956,-7.972013
5901,52.11337,-7.9776793
5902,52.040974,-8.01083
5903,52.134506,-7.9263473
5904,52.100616,-7.96677
5905,52.076935,-7.9972143
5906,52.120583,-7.9641485
5907,52.132374,-7.8975377
5908,52.143036,-7.95541
5909,52.10835,-7.978299
5910,52.096916,-7.981541
5911,52.071114,-8.009759
5912,52.12464,-7.9481654
5913,52.10573,-7.966319
5914,52.128345,-7.959272
5915,52.08717,-7.9814563
5916,52.13929,-7.951407
5917,52.124302,-7.9687433
5918,52.090946,-7.970209
5919,52.088757,-7.987038
5920,52.091213,-8.010774
5921,52.11941,-7.9937186
5922,52.09019,-8.01441
5923,52.128773,-7.9357057
5924,52.07159,-8.006263
5925,52.10743,-7.9959173
5926,52.09949,-7.986418
5927,52.083557,-8.0085745
5928,52.085793,-8.007475
5929,52.175858,-7.9555225
5930,52.1062,-7.9722667
5931,52.138653,-7.9648814
5932,52.10706,-8.003444
5933,52.06725,-8.037243
5934,52.110985,-8.000682
5935,52.067917,-8.037384
5936,52.164364,-7.9141974
5937,52.1432,-7.9640074
5938,52.123573,-7.9966784
5939,52.09933,-8.0239935
5940,52.11337,-7.9641767
5941,52.152798,-7.928574
5942,52.14237,-7.9407516
5943,52.14126,-7.9742684
5944,52.130966,-7.9534082
5945,52.160454,-7.9298987
5946,52.10262,-7.9895186
5947,52.126507,-7.9510407
5948,52.086994,-7.9977217
5949,52.14095,-7.997947
5950,52.119205,-7.9831195
5951,52.107815,-8.041245
5952,52.125782,-7.984106
5953,52.124035,-7.975283
5954,52.112095,-8.004092
5955,52.137054,-7.9869814
5956,52.13113,-7.976439
5957,52.109818,-7.998116
5958,52.138355,-7.9754524
5959,52.114586,-8.007672
5960,52.12981,-7.996256
5961,52.15262,-7.9645433
5962,52.114956,-7.9622035
5963,52.12885,-8.01985
5964,52.117844,-8.038568
5965,52.10564,-8.018046
5966,52.181458,-7.9667134
5967,52.166096,-7.9692225
5968,52.118553,-7.98109
5969,52.132744,-8.016693
5970,52.17238,-7.940836
5971,52.145657,-7.9952693
5972,52.173637,-7.930829
5973,52.174023,-7.9617524
5974,52.130833,-8.00615
5975,52.171356,-7.971703
5976,52.096203,-8.024388
5977,52.102974,-8.023176
5978,52.158516,-7.9689407
5979,52.182907,-7.91245
5980,52.13221,-7.9908714
5981,52.188698,-7.933056
5982,52.131557,-8.002175
5983,52.20277,-7.9201736
5984,52.21986,-7.910505
5985,52.144207,-7.9855156
5986,52.124092,-8.009251
5987,52.114777,-8.001189
5988,52.234226,-7.900554
5989,52.134003,-7.986897
5990,52.137173,-7.980019
5991,52.235916,-7.850124
5992,52.15336,-7.955579
5993,52.194103,-7.92801
5994,52.09382,-8.027912
5995,52.1477,-7.967362
5996,52.179665,-7.9761004
5997,52.14754,-7.985713
5998,52.15022,-7.9625416
5999,52.131603,-8.010294
6000,52.09856,-8.060329
6001,52.10075,-8.065854
6002,52.258087,-7.8448524
6003,52.167564,-7.9754524
6004,52.19089,-7.9387503
6005,52.165016,-7.971647
6006,52.17174,-7.9485884
6007,52.127647,-8.021683
6008,52.19825,-7.936213
6009,52.204296,-7.951689
6010,52.118126,-8.053339
6011,52.195053,-7.932013
6012,52.159447,-7.9672775
6013,52.193707,-7.9481373
6014,52.1895,-7.9594693
6015,52.21225,-7.92226
6016,52.120613,-8.044826
6017,52.16102,-7.9887295
6018,52.21081,-7.9680667
6019,52.19197,-7.893535
6020,52.13572,-8.018779
6021,52.184418,-7.995382
6022,52.171074,-7.974381
6023,52.14468,-7.9917455
6024,52.190506,-8.030562
6025,52.199837,-7.951407
6026,52.171844,-8.018244
6027,52.240772,-7.9089546
6028,52.15527,-8.028927
6029,52.15077,-8.027968
6030,52.17448,-7.989265
6031,52.12063,-8.022839
6032,52.19326,-7.9677286
6033,52.17257,-7.9848957
6034,52.136433,-8.060245
6035,52.128952,-8.055932
6036,52.203407,-7.978666
6037,52.18639,-7.9603148
6038,52.13781,-8.024078
6039,52.20665,-7.9579186
6040,52.19027,-7.9941134
6041,52.170704,-7.9801598
6042,52.131115,-8.020301
6043,52.232227,-7.935734
6044,52.164112,-8.017652
6045,52.14705,-8.0409355
6046,52.234524,-7.943204
6047,52.163593,-8.010576
6048,52.215878,-7.9517736
6049,52.18279,-7.879356
6050,52.169743,-7.9964814
6051,52.24018,-7.9431477
6052,52.14837,-7.9819922
6053,52.19116,-7.950646
6054,52.172405,-8.013057
6055,52.195526,-7.9626265
6056,52.235085,-7.91307
6057,52.09271,-8.076904
6058,52.20419,-8.024698
6059,52.133514,-8.083698
6060,52.182095,-7.9859667
6061,52.17128,-8.010463
6062,52.203552,-7.9962277
6063,52.24055,-7.955692
6064,52.16066,-8.0422325
6065,52.20308,-7.9999485
6066,52.203804,-7.967813
6067,52.232967,-7.9890113
6068,52.1863,-8.001584
6069,52.168125,-8.044121
6070,52.20444,-7.9792576
6071,52.224068,-7.9763823
6072,52.217773,-7.9772563
6073,52.241013,-7.9250503
6074,52.205746,-7.9863896
6075,52.184982,-8.005192
6076,52.199512,-8.005728
6077,52.214973,-7.933084
6078,52.13431,-8.088857
6079,52.274693,-7.9107585
6080,52.279106,-7.8931966
6081,52.188477,-8.008716
6082,52.183323,-8.023627
6083,52.20967,-7.981823
6084,52.225372,-7.9387784
6085,52.210396,-7.9704065
6086,52.201008,-7.9734507
6087,52.18156,-8.038229
6088,52.19132,-8.017652
6089,52.21152,-7.9768615
6090,52.259686,-7.9268546
6091,52.161964,-8.021175
6092,52.269936,-7.910928
6093,52.19138,-8.0401745
6094,52.250904,-7.9360723
6095,52.22214,-7.988447
6096,52.26062,-7.9210196
6097,52.164055,-8.040316
6098,52.1916,-8.018835
6099,52.14877,-8.030449
6100,52.24809,-7.959751
6101,52.18541,-8.047025
6102,52.28737,-7.909067
6103,52.317375,-7.8597646
6104,52.208218,-8.003106
6105,52.231945,-8.000936
6106,52.24818,-7.9850082
6107,52.303364,-7.934296
6108,52.18492,-8.033043
6109,52.21702,-7.997947
6110,52.29094,-7.928489
6111,52.261673,-7.913831
6112,52.286686,-7.88209
6113,52.18809,-8.060329
6114,52.239487,-7.962006
6115,52.21742,-7.9665165
6116,52.26841,-7.957355
6117,52.245365,-7.968546
6118,52.19274,-7.9874606
6119,52.29799,-7.91307
6120,52.264694,-7.9866433
6121,52.276867,-7.9357057
6122,52.254475,-7.97954
6123,52.260563,-7.9836555
6124,52.317776,-7.89844
6125,52.293278,-8.001781
6126,52.294167,-7.9297013
6127,52.22436,-8.018525
6128,52.183056,-8.037524
6129,52.24292,-7.9843884
6130,52.172585,-8.077102
6131,52.180775,-8.062585
6132,52.25449,-7.992676
6133,52.24941,-7.975142
6134,52.243366,-7.9859104
6135,52.203644,-8.031239
6136,52.232525,-8.000794
6137,52.223133,-8.00725
6138,52.227978,-8.013479
6139,52.275047,-7.935734
6140,52.225845,-8.018159
6141,52.269493,-7.97097
6142,52.278854,-7.9599767
6143,52.22623,-8.010886
6144,52.218452,-8.034001
6145,52.268723,-7.9856567
6146,52.28168,-7.944557
6147,52.24634,-8.020808
6148,52.196487,-8.01472
6149,52.28922,-7.9777355
6150,52.223267,-8.023543
6151,52.19902,-8.044628
6152,52.239487,-8.018864
6153,52.240463,-7.9844728
6154,52.279713,-7.954508
6155,52.22808,-7.9980597
6156,52.215935,-8.015452
6157,52.323376,-7.9262905
6158,52.25742,-8.000428
6159,52.319435,-7.954564
6160,52.253925,-7.996763
6161,52.263878,-7.9871225
6162,52.26951,-7.9881654
6163,52.255733,-7.979737
6164,52.2266,-8.016073
6165,52.23396,-8.009054
6166,52.243454,-7.9843316
6167,52.30791,-7.982246
6168,52.22645,-7.9854875
6169,52.255127,-8.005868
6170,52.251865,-7.9780173
6171,52.292183,-7.9755087
6172,52.296494,-7.98109
6173,52.2718,-7.9659524
6174,52.239662,-8.041499
6175,52.224777,-8.056778
6176,52.371716,-7.832675
6177,52.319138,-7.874113
6178,52.325832,-7.878764
6179,52.217327,-8.017905
6180,52.274837,-7.9098
6181,52.235115,-7.987799
6182,52.22753,-8.0247555
6183,52.275196,-8.039329
6184,52.213375,-8.03558
6185,52.296135,-7.9971576
6186,52.217358,-8.084882
6187,52.30335,-7.9733944
6188,52.32786,-7.9395394
6189,52.208515,-8.046489
6190,52.29766,-7.9953537
6191,52.211758,-8.06949
6192,52.266026,-7.984642
6193,52.297367,-7.9517455
6194,52.279106,-8.001077
6195,52.286777,-7.9695044
6196,52.30224,-7.9448953
6197,52.24442,-8.026671
6198,52.254623,-8.006433
6199,52.251305,-8.085389
6200,52.15256,-8.115692
6201,52.324913,-7.921555
6202,52.266914,-8.019399
6203,52.226852,-8.022359
6204,52.27564,-7.9863334
6205,52.23694,-8.048321
6206,52.2439,-8.035213
6207,52.303307,-7.903655
6208,52.30024,-7.9543953
6209,52.32207,-7.9854875
6210,52.28109,-8.029097
6211,52.296005,-7.9881372
6212,52.242226,-8.052888
6213,52.27758,-8.0388775
6214,52.286865,-7.998229
6215,52.289116,-8.009899
6216,52.27983,-8.010774
6217,52.25683,-8.016496
6218,52.340023,-7.924515
6219,52.35215,-7.919215
6220,52.317287,-7.9827814
6221,52.29762,-8.006968
6222,52.27309,-7.9925065
6223,52.30551,-7.9450364
6224,52.27216,-8.036933
6225,52.27928,-8.0409355
6226,52.282467,-8.010886
6227,52.35288,-7.935875
6228,52.313553,-8.00663
6229,52.29661,-7.9993
6230,52.27331,-8.020245
6231,52.335697,-7.988814
6232,52.29729,-7.9871507
6233,52.272217,-8.0388775
6234,52.292316,-8.014635
6235,52.31034,-7.9868126
6236,52.244034,-8.04164
6237,52.33561,-7.997834
6238,52.286583,-8.010745
6239,52.297173,-8.01813
6240,52.284733,-8.005502
6241,52.350254,-7.9814563
6242,52.277462,-8.031802
6243,52.272438,-8.000428
6244,52.28784,-8.01582
6245,52.291603,-8.006601
6246,52.31388,-7.9907026
6247,52.320812,-7.985854
6248,52.306118,-7.971083
6249,52.303703,-8.015876
6250,52.252327,-7.999328
6251,52.29876,-8.017088
6252,52.285694,-7.9940286
6253,52.329075,-7.9582853
6254,52.346317,-7.975565
6255,52.30895,-7.9566784
6256,52.259613,-8.058779
6257,52.302002,-7.9995537
6258,52.301617,-8.032536
6259,52.307747,-8.008631
6260,52.244003,-8.069378
6261,52.29627,-8.048547
6262,52.287945,-8.028053
6263,52.344925,-7.984191
6264,52.218452,-8.025488
6265,52.123413,-7.7795954
6266,52.296463,-7.9616113
6267,52.308903,-8.028307
6268,52.300045,-7.9769745
6269,52.376026,-7.960005
6270,52.26718,-8.068758
6271,52.278942,-8.055256
6272,52.33435,-7.966629
6273,52.337845,-7.9765797
6274,52.40673,-7.9162836
6275,52.311184,-7.9920835
6276,52.383965,-7.9319286
6277,52.335075,-7.9956636
6278,52.31034,-8.036904
6279,52.296284,-8.019568
6280,52.295914,-8.030168
6281,52.370888,-7.963472
6282,52.321953,-7.9699554
6283,52.31628,-8.037553
6284,52.26342,-8.065375
6285,52.28448,-8.016073
6286,52.35911,-8.00911
6287,52.363956,-8.008321
6288,52.34944,-7.989547
6289,52.32629,-8.036397
6290,52.289368,-8.053085
6291,52.35972,-8.041189
6292,52.346806,-8.010971
6293,52.347813,-7.973648
6294,52.284527,-8.055425
6295,52.299263,-8.056581
6296,52.315567,-8.002739
6297,52.358,-8.007334
6298,52.309586,-8.016581
6299,52.374115,-7.9563403
6300,52.332172,-8.004938
6301,52.403294,-7.935452
6302,52.356003,-7.992704
6303,52.30584,-8.01596
6304,52.313023,-8.046066
6305,52.385254,-7.9860797
6306,52.319862,-8.040569
6307,52.33411,-8.028278
6308,52.333817,-8.018018
6309,52.36117,-7.98529
6310,52.30067,-8.026193
6311,52.340317,-7.996002
6312,52.370102,-7.9881935
6313,52.36486,-7.9817104
6314,52.355145,-7.9960585
6315,52.355824,-7.9856286
6316,52.29467,-8.027912
6317,52.33285,-8.038145
6318,52.34005,-8.02639
6319,52.404995,-7.946023
6320,52.306698,-8.029604
6321,52.40873,-7.9383554
6322,52.32567,-8.052888
6323,52.351887,-8.008631
6324,52.359276,-8.027941
6325,52.366962,-7.990787
6326,52.35439,-7.9942827
6327,52.345455,-7.9810057
6328,52.36831,-8.01145
6329,52.37133,-7.9909
6330,52.35966,-8.010689
6331,52.36754,-8.030309
6332,52.377922,-7.9832606
6333,52.348804,-8.04243
6334,52.419483,-7.966263
6335,52.351677,-8.017567
6336,52.37712,-7.983007
6337,52.301956,-8.09145
6338,52.364445,-8.006263
6339,52.375553,-7.9804416
6340,52.424873,-7.986164
6341,52.324306,-8.04164
6342,52.364014,-8.015509
6343,52.35895,-7.987263
6344,52.36461,-8.00367
6345,52.346214,-8.016045
6346,52.335934,-7.9733663
6347,52.3991,-7.98109
6348,52.37416,-8.00973
6349,52.395058,-7.9908433
6350,52.36569,-8.0001745
6351,52.360874,-8.026249
6352,52.30806,-8.055791
6353,52.32607,-8.029688
6354,52.392246,-8.001527
6355,52.32841,-8.028194
6356,52.403633,-7.975565
6357,52.39106,-8.009928
6358,52.38583,-7.996143
6359,52.43293,-7.930829
6360,52.450954,-7.9359875
6361,52.372486,-7.990477
6362,52.40682,-7.967672
6363,52.41193,-7.9777355
6364,52.376366,-8.024361
6365,52.291767,-8.088687
6366,52.257538,-8.1688
6367,52.396214,-8.04102
6368,52.405487,-7.9730563
6369,52.4675,-7.9116607
6370,52.428265,-7.9831195
6371,52.333935,-8.081161
6372,52.455666,-7.890857
6373,52.379047,-8.042458
6374,52.34568,-8.071041
6375,52.35532,-8.067856
6376,52.341873,-8.1279545
6377,52.374264,-8.070365
6378,52.371567,-8.1078
6379,52.44968,-7.976749
6380,52.399723,-7.999723
6381,52.374767,-8.059991
6382,52.39995,-8.041669
6383,52.302773,-8.129533
6384,52.453873,-7.871181
6385,52.36803,-8.079216
6386,52.387592,-8.013508
6387,52.29892,-8.131703
6388,52.378277,-7.989716
6389,52.44145,-7.991576
6390,52.354683,-8.056327
6391,52.36619,-8.102669
6392,52.353558,-8.029885
6393,52.296314,-8.196595
6394,52.332054,-8.054241
6395,52.428413,-7.9543667
6396,52.467884,-7.87245
6397,52.52461,-7.8573685
6398,52.383656,-8.01844
6399,52.351707,-8.149914
6400,52.45845,-7.9692225
6401,52.437656,-7.946361
6402,52.40245,-8.00725
6403,52.449104,-7.9875174
6404,52.42868,-7.9801035
6405,52.331223,-8.07775
6406,52.380634,-8.021795
6407,52.41433,-8.058385
6408,52.45355,-7.977651
6409,52.459618,-7.9459667
6410,52.43607,-7.9832044
6411,52.39383,-8.032394
6412,52.386482,-8.028983
6413,52.4136,-8.001189
6414,52.394924,-8.0197935
6415,52.41116,-8.027039
6416,52.398125,-8.0673485
6417,52.49247,-7.9601455
6418,52.46255,-7.9384966
6419,52.38977,-8.04071
6420,52.41997,-7.9726896
6421,52.4724,-7.9859667
6422,52.40722,-7.9812593
6423,52.436028,-8.019484
6424,52.386055,-8.01751
6425,52.46723,-7.9743247
6426,52.422844,-8.024671
6427,52.418148,-8.009589
6428,52.363335,-8.070731
6429,52.448406,-7.987292
6430,52.43484,-8.020781
6431,52.447697,-7.980611
6432,52.38884,-8.052944
6433,52.398376,-8.03775
6434,52.47954,-8.00677
6435,52.436737,-8.00257
6436,52.41338,-7.986869
6437,52.37028,-8.07744
6438,52.407646,-8.0148325
6439,52.43425,-7.9757624
6440,52.44472,-8.01799
6441,52.425777,-8.002965
6442,52.407276,-8.021908
6443,52.46178,-7.9953256
6444,52.418873,-8.022528
6445,52.443787,-8.004826
6446,52.395016,-8.037891
6447,52.496677,-7.9602304
6448,52.4115,-8.029124
6449,52.42228,-8.044149
6450,52.44691,-8.008941
6451,52.416965,-7.9927883
6452,52.458317,-8.004346
6453,52.4796,-8.015678
6454,52.427288,-8.017905
6455,52.44525,-7.986587
6456,52.483925,-8.026334
6457,52.443462,-7.9808364
6458,52.444958,-8.013705
6459,52.506393,-7.9259524
6460,52.422207,-8.040428
6461,52.488503,-7.926967
6462,52.39125,-8.081865
6463,52.454437,-7.965558
6464,52.48336,-7.9859667
6465,52.479362,-7.991858
6466,52.39438,-8.009955
6467,52.475113,-7.9452057
6468,52.372856,-8.113099
6469,52.426178,-8.066221
6470,52.487316,-7.9287148
6471,52.42089,-8.040907
6472,52.455784,-8.024981
6473,52.406403,-8.0681095
6474,52.419155,-8.068363
6475,52.425156,-8.076848
6476,52.42108,-8.029407
6477,52.452393,-8.031013
6478,52.48739,-7.9372845
6479,52.388615,-8.072845
6480,52.393578,-8.059146
6481,52.461662,-8.00071
6482,52.432693,-8.0420065
6483,52.467957,-7.997045
6484,52.39297,-8.076989
6485,52.463825,-8.008997
6486,52.433228,-8.053959
6487,52.506393,-7.9992437
6488,52.44552,-8.022415
6489,52.455902,-7.9839373
6490,52.392437,-8.065234
6491,52.47049,-8.068222
6492,52.473495,-8.034452
6493,52.49949,-7.97689
6494,52.420105,-8.050069
6495,52.42089,-8.069378
6496,52.466522,-8.011027
6497,52.42628,-8.045897
6498,52.49309,-7.998849
6499,52.436913,-8.097708
6500,52.497726,-8.004402
6501,52.446556,-8.031492
6502,52.43681,-8.04491
6503,52.457397,-8.092437
6504,52.487152,-8.0001745
6505,52.541878,-7.9855156
6506,52.501358,-7.9695606
6507,52.4804,-8.041443
6508,52.410477,-8.072028
6509,52.454952,-8.029519
6510,52.47492,-8.017059
6511,52.491863,-8.042204
6512,52.488262,-8.007306
6513,52.468594,-8.020583
6514,52.503193,-8.004628
6515,52.518448,-7.985713
6516,52.46794,-8.025234
6517,52.49509,-8.003501
6518,52.490353,-8.014776
6519,52.456406,-8.080682
6520,52.47034,-8.020273
6521,52.50928,-8.019456
6522,52.47468,-8.009308
6523,52.499447,-8.008828
6524,52.493168,-8.0309
6525,52.499195,-7.9786377
6526,52.488605,-8.030562
6527,52.482975,-8.041894
6528,52.443756,-8.034424
6529,52.493107,-7.9759316
6530,52.594933,-7.9173265
6531,52.423363,-8.099963
6532,52.53837,-8.001584
6533,52.493122,-8.02935
6534,52.48034,-8.04818
6535,52.473484,-8.051252
6536,52.500393,-8.014635
6537,52.486607,-8.062444
6538,52.469616,-8.056608
6539,52.486828,-7.998088
6540,52.48206,-8.020498
6541,52.4466,-8.077694
6542,52.479897,-8.021542
6543,52.51836,-8.001838
6544,52.522194,-7.9920273
6545,52.46427,-8.0656
6546,52.497772,-8.012859
6547,52.492027,-8.040851
6548,52.4993,-8.009984
6549,52.47122,-8.052296
6550,52.466003,-8.045418
6551,52.47846,-8.003501
6552,52.532444,-8.016637
6553,52.5392,-7.9657555
6554,52.481464,-8.070054
6555,52.49896,-8.027095
6556,52.49838,-8.029068
6557,52.522182,-7.9952974
6558,52.470417,-8.056411
6559,52.483463,-8.038624
6560,52.48311,-8.061147
6561,52.540043,-8.015086
6562,52.48388,-8.063346
6563,52.473484,-8.051703
6564,52.507042,-8.010294
6565,52.45522,-8.04336
6566,52.538338,-8.011309
6567,52.526653,-8.014043
6568,52.439938,-8.064361
6569,52.506527,-8.051225
6570,52.478386,-8.061936
6571,52.52501,-7.996453
6572,52.50999,-8.040767
6573,52.475616,-8.063458
6574,52.480175,-8.068983
6575,52.53769,-7.9769464
6576,52.52415,-8.0088005
6577,52.46609,-8.075467
6578,52.51787,-8.033212
6579,52.527172,-8.007842
6580,52.530476,-8.013226
6581,52.47446,-8.069632
6582,52.50491,-8.037524
6583,52.544205,-8.005502
6584,52.5063,-8.032056
6585,52.497105,-8.062049
6586,52.527275,-8.019005
6587,52.514866,-8.036594
6588,52.526463,-8.034565
6589,52.515293,-8.017257
6590,52.49583,-8.056722
6591,52.511635,-8.060188
6592,52.528164,-8.031295
6593,52.53791,-8.019061
6594,52.50549,-8.057539
6595,52.471897,-8.077299
6596,52.51328,-8.04615
6597,52.48779,-8.066954
6598,52.539955,-8.041612
6599,52.489567,-8.08336
6600,52.52846,-8.040879
6601,52.51272,-8.046348
6602,52.531525,-8.03868
6603,52.550648,-8.036538
6604,52.520775,-8.049477
6605,52.569458,-7.9913793
6606,52.534386,-8.020668
6607,52.506866,-8.090294
6608,52.527203,-8.037919
6609,52.551327,-8.025939
6610,52.486233,-8.066446
6611,52.522625,-8.047532
6612,52.531586,-8.046094
6613,52.537052,-8.009702
6614,52.51663,-8.050464
6615,52.530743,-8.050013
6616,52.550854,-8.029744
6617,52.544277,-8.005728
6618,52.55155,-8.040992
6619,52.50829,-8.066897
6620,52.54816,-8.01052
6621,52.479733,-8.05954
6622,52.531128,-8.0636
6623,52.514214,-7.986023
6624,52.529083,-8.038173
6625,52.528862,-8.051816
6626,52.52409,-8.078285
6627,52.52187,-8.014438
6628,52.534,-8.064868
6629,52.501133,-8.060837
6630,52.505104,-8.03899
6631,52.54788,-8.029434
6632,52.525795,-8.056327
6633,52.540977,-8.034339
6634,52.52914,-8.0537615
6635,52.504898,-8.061795
6636,52.52689,-8.074846
6637,52.53726,-8.030759
6638,52.548916,-8.038568
6639,52.515263,-8.073944
6640,52.55654,-8.027151
6641,52.613636,-7.974691
6642,52.53837,-8.05441
6643,52.558006,-8.020357
6644,52.572063,-8.004431
6645,52.547523,-8.023937
6646,52.52501,-8.009815
6647,52.530743,-8.00663
6648,52.529705,-8.076369
6649,52.50836,-8.058441
6650,52.57879,-8.012126
6651,52.533512,-8.051027
6652,52.52529,-8.018723
6653,52.604263,-7.981062
6654,52.521187,-8.131507
6655,52.591938,-8.023656
6656,52.584564,-8.043416
6657,52.56845,-8.030026
6658,52.541065,-8.017595
6659,52.573322,-7.989603
6660,52.547714,-8.054325
6661,52.559875,-8.044431
6662,52.533184,-8.056665
6663,52.61349,-7.991689
6664,52.57242,-8.041753
6665,52.593437,-8.024022
6666,52.567074,-8.030646
6667,52.588444,-8.017482
6668,52.590576,-8.019371
6669,52.52917,-8.018413
6670,52.525097,-8.061683
6671,52.610733,-7.9792013
6672,52.573517,-8.043529
6673,52.55447,-8.019991
6674,52.573013,-8.029688
6675,52.563725,-8.013733
6676,52.549538,-8.044657
6677,52.55278,-8.067095
6678,52.605286,-8.015396
6679,52.56473,-8.044206
6680,52.553448,-8.041387
6681,52.544205,-8.046066
6682,52.546707,-8.067687
6683,52.594337,-8.030054
6684,52.559475,-8.024727
6685,52.584476,-8.043416
6686,52.602943,-8.05052
6687,52.50546,-8.12212
6688,52.56996,-8.042204
6689,52.562748,-8.065995
6690,52.53902,-8.080287
6691,52.557384,-8.066221
6692,52.581173,-8.047419
6693,52.56971,-8.04615
6694,52.56919,-8.030449
6695,52.580387,-8.056608
6696,52.59231,-8.033522
6697,52.591717,-8.027743
6698,52.556793,-8.046404
6699,52.56488,-8.084854
6700,52.620422,-8.035523
6701,52.55761,-8.083726
6702,52.550972,-8.074424
6703,52.61734,-8.005981
6704,52.567947,-8.0583
6705,52.537212,-8.081274
6706,52.58963,-8.04632
6707,52.57433,-8.085304
6708,52.588474,-8.045784
6709,52.586727,-8.022669
6710,52.627766,-8.016778
6711,52.600662,-8.057708
6712,52.556393,-8.059822
6713,52.58701,-8.070195
6714,52.579098,-8.084459
6715,52.5719,-8.053339
6716,52.57005,-8.050407
6717,52.576744,-8.068448
6718,52.5775,-8.055425
6719,52.59314,-8.043472
6720,52.622776,-8.016327
6721,52.60053,-8.0359745
6722,52.629707,-8.010942
6723,52.560703,-8.089223
6724,52.597466,-8.070026
6725,52.63991,-8.032141
6726,52.58526,-8.035157
6727,52.601715,-8.03916
6728,52.566406,-8.068814
6729,52.644962,-7.978722
6730,52.6315,-7.9972425
6731,52.607906,-8.04429
6732,52.629013,-7.9936624
6733,52.729015,-7.9110403
6734,52.58378,-8.037553
6735,52.691986,-7.908898
6736,52.621456,-8.016411
6737,52.607075,-8.017595
6738,52.632153,-8.038258
6739,52.663506,-7.993127
6740,52.6231,-8.02391
6741,52.6549,-7.971337
6742,52.564423,-8.051252
6743,52.57399,-8.1057415
6744,52.576847,-8.006376
6745,52.654545,-7.9672213
6746,52.594604,-8.062387
6747,52.526684,-8.024586
6748,52.5735,-8.076707
6749,52.553223,-8.032451
6750,52.578445,-8.11448
6751,52.67242,-7.951548
6752,52.62519,-8.014889
6753,52.628983,-7.9608784
6754,52.58717,-8.101654
6755,52.707924,-7.9645715
6756,52.61796,-8.029688
6757,52.5916,-8.093085
6758,52.5976,-8.051027
6759,52.65176,-8.004684
6760,52.67242,-7.990759
6761,52.621193,-8.032929
6762,52.558643,-8.118286
6763,52.678806,-7.9127035
6764,52.622375,-8.027095
6765,52.61882,-8.062725
6766,52.65714,-8.056214
6767,52.63098,-8.018554
6768,52.62811,-8.039047
6769,52.614407,-8.063712
6770,52.634327,-8.013367
6771,52.6061,-8.040006
6772,52.626892,-8.029407
6773,52.58982,-8.097736
6774,52.657818,-8.019625
6775,52.62113,-8.058751
6776,52.664867,-7.9944234
6777,52.641895,-8.053846
6778,52.619205,-8.041077
6779,52.758816,-7.949124
6780,52.82219,-7.7771993
6781,52.54927,-8.164798
6782,52.6762,-8.022585
6783,52.631397,-8.047532
6784,52.697052,-7.9646277
6785,52.60542,-8.037158
6786,52.6484,-8.054128
6787,52.59702,-8.0941
6788,52.656055,-8.039526
6789,52.742657,-7.9613576
6790,52.626034,-8.047165
6791,52.61491,-8.098244
6792,52.724483,-7.9522247
6793,52.608852,-8.104135
6794,52.60567,-8.077948
6795,52.645496,-8.090774
6796,52.65711,-8.035157
6797,52.65022,-8.047955
6798,52.613876,-8.063768
6799,52.594578,-8.093818
6800,52.628685,-8.053028
6801,52.639008,-8.054156
6802,52.63218,-8.05362
6803,52.61574,-8.109294
6804,52.63803,-8.045784
6805,52.646416,-8.068476
6806,52.66964,-8.0464325
6807,52.634285,-8.089505
6808,52.639896,-8.064501
6809,52.64123,-8.0297165
6810,52.672333,-8.049956
6811,52.647186,-8.061372
6812,52.596916,-8.087475
6813,52.66484,-8.071436
6814,52.65271,-8.0717745
6815,52.613518,-8.105488
6816,52.70927,-7.99245
6817,52.660885,-8.020781
6818,52.64766,-8.065375
6819,52.625175,-8.088293
6820,52.69058,-8.016806
6821,52.608795,-8.121105
6822,52.67999,-8.050745
6823,52.66106,-8.057173
6824,52.635693,-8.083952
6825,52.665966,-8.042599
6826,52.63125,-8.111802
6827,52.683174,-8.032987
6828,52.665848,-8.032929
6829,52.69027,-8.037975
6830,52.67691,-7.9913225
6831,52.699883,-8.061232
6832,52.640934,-8.070251
6833,52.58399,-8.110421
6834,52.694134,-8.032536
6835,52.681812,-8.034931
6836,52.784466,-7.9159737
6837,52.764767,-7.960343
6838,52.680122,-8.077581
6839,52.641705,-8.077497
6840,52.696625,-8.021373
6841,52.723816,-7.9875455
6842,52.678005,-7.9628234
6843,52.68639,-8.031492
6844,52.628048,-8.084206
6845,52.54536,-8.208519
6846,52.703213,-7.9699836
6847,52.67648,-8.102669
6848,52.60644,-8.112874
6849,52.591896,-8.108955
6850,52.682182,-8.048096
6851,52.770824,-7.9353957
6852,52.651375,-8.054805
6853,52.613132,-8.118681
6854,52.7234,-7.978271
6855,52.703037,-8.016157
6856,52.667164,-8.088433
6857,52.602737,-8.064671
6858,52.632492,-8.076933
6859,52.72996,-7.9804983
6860,52.657803,-8.077722
6861,52.680775,-8.070111
6862,52.631783,-8.058695
6863,52.676674,-8.071266
6864,52.71127,-8.018018
6865,52.728497,-8.01751
6866,53.008453,-7.744838
6867,52.764057,-7.9708576
6868,52.714085,-7.960399
6869,52.721165,-8.019963
6870,52.657345,-8.116087
6871,52.63147,-8.086771
6872,52.69702,-7.9877424
6873,52.71819,-8.005474
6874,52.76025,-7.959272
6875,52.65225,-8.087278
6876,52.690403,-8.042796
6877,52.681458,-8.044543
6878,52.682064,-8.051647
6879,52.743263,-7.9850364
6880,52.71838,-8.057454
6881,52.6653,-8.115636
6882,52.735104,-8.041443
6883,52.650917,-8.066475
6884,52.713078,-8.034029
6885,52.764767,-7.9984264
6886,52.742477,-8.0600195
6887,52.689262,-8.087306
6888,52.654514,-8.108025
6889,52.684998,-8.056749
6890,52.718945,-8.074311
6891,52.6452,-8.064642
6892,52.68932,-8.088321
6893,52.696712,-8.056186
6894,52.72986,-8.0723095
6895,52.76819,-7.9796524
6896,52.67423,-8.098666
6897,52.678585,-8.061372
6898,52.73639,-8.049167
6899,52.78001,-7.985375
6900,52.746685,-8.023515
6901,52.72432,-8.060724
6902,52.718708,-8.039948
6903,52.67035,-8.103543
6904,52.703793,-8.056073
6905,52.719936,-8.075692
6906,52.719387,-8.067405
6907,52.673443,-8.076792
6908,52.753986,-8.038511
6909,52.679695,-8.098159
6910,52.711166,-8.061175
6911,52.780407,-8.023937
6912,52.731606,-8.065149
6913,52.664795,-8.067658
6914,52.736835,-8.026982
6915,52.85369,-8.094889
6916,52.75209,-8.078455
6917,52.7177,-8.059202
6918,52.722973,-8.082006
6919,52.69197,-8.040513
6920,52.64224,-8.072704
6921,52.741768,-8.061542
6922,52.681576,-8.075918
6923,52.730038,-8.072112
6924,52.769627,-8.035861
6925,52.6827,-8.10918
6926,52.68606,-8.072902
6927,52.67042,-8.038089
6928,52.746033,-8.075861
6929,52.700844,-8.067095
6930,52.72312,-8.043388
6931,52.72996,-8.080907
6932,52.700798,-8.068137
6933,52.67602,-8.078229
6934,52.73202,-8.04102
6935,52.747173,-8.036989
6936,52.709717,-8.095312
6937,52.942142,-7.825994
6938,52.748135,-8.075777
6939,52.72085,-8.082148
6940,52.75936,-8.005051
6941,52.68156,-8.0678835
6942,52.72595,-8.079948
6943,52.789635,-7.977172
6944,52.83724,-7.970632
6945,52.71398,-8.05393
6946,52.706963,-8.082486
6947,52.676273,-8.113916
6948,52.780483,-8.050774
6949,52.752625,-8.042599
6950,52.792774,-8.034085
6951,52.698917,-8.127757
6952,52.773594,-8.019512
6953,52.742077,-8.099512
6954,52.734184,-8.086235
6955,52.706844,-8.054749
6956,52.76379,-8.04102
6957,52.658737,-8.15792
6958,52.68415,-8.141824
6959,52.69092,-8.090266
6960,52.775238,-8.073409
6961,52.768158,-8.0080385
6962,52.70591,-8.090013
6963,52.758015,-8.068983
6964,52.762146,-8.05176
6965,52.7456,-8.114452
6966,52.72915,-8.075016
6967,52.730644,-7.9729433
6968,52.77844,-8.048377
6969,52.75649,-8.059427
6970,52.707745,-8.075551
6971,52.80658,-7.9941416
6972,52.661995,-8.153212
6973,52.667282,-8.0983
6974,52.67186,-8.12102
6975,52.826115,-8.003811
6976,52.683487,-8.141175
6977,52.762726,-8.060132
6978,52.765865,-8.040767
6979,52.760815,-8.0453615
6980,52.791027,-8.026531
6981,52.76114,-8.054381
6982,52.74476,-8.07885
6983,52.757675,-8.066587
6984,52.72626,-8.100949
6985,52.790348,-8.025629
6986,52.74384,-8.061739
6987,52.741856,-8.10281
6988,52.72056,-8.102021
6989,52.74129,-7.9890113
6990,52.76973,-8.031295
6991,52.76262,-8.0388775
6992,52.70252,-8.082655
6993,52.75631,-8.1130705
6994,52.762398,-8.073268
6995,52.76714,-8.079526
6996,52.694477,-8.16601
6997,52.799767,-8.018554
6998,52.72081,-8.115523
6999,52.7601,-8.089195
7000,52.754845,-8.080033
7001,52.71647,-8.09083
7002,52.802505,-8.016693
7003,52.71807,-8.091252
7004,52.80692,-8.014748
7005,52.706844,-8.119385
7006,52.794655,-8.049279
7007,52.74833,-8.088574
7008,52.74645,-8.051647
7009,52.807632,-8.029773
7010,52.721344,-8.099512
7011,52.79279,-8.083726
7012,52.709877,-8.123445
7013,52.759274,-8.072817
7014,52.708813,-8.054466
7015,52.794746,-8.00367
7016,52.70425,-7.9880247
7017,52.790436,-8.029181
7018,52.79337,-8.059061
7019,52.750504,-8.084938
7020,52.788586,-8.073775
7021,52.801365,-8.050915
7022,52.788303,-8.097313
7023,52.72638,-8.111972
7024,52.765434,-8.094213
7025,52.79027,-8.085079
7026,52.785503,-8.058581
7027,52.733013,-8.091478
7028,52.74519,-8.157553
7029,52.800552,-8.0469675
7030,52.760815,-8.122542
7031,52.779785,-8.079216
7032,52.819122,-8.040569
7033,52.879124,-7.9613013
7034,52.74661,-8.16274
7035,52.825123,-8.048857
7036,52.73719,-8.1182575
7037,52.81631,-7.9805827
7038,52.784245,-8.087335
7039,52.856953,-7.977087
7040,52.815273,-8.074226
7041,52.785694,-8.052578
7042,52.778217,-8.076369
7043,52.78232,-8.092747
7044,52.714424,-8.175002
7045,52.80104,-8.036933
7046,52.717594,-8.151492
7047,52.85036,-7.9835424
7048,52.8503,-7.97517
7049,52.787605,-8.086235
7050,52.8016,-8.057426
7051,52.82647,-8.046884
7052,52.84395,-8.001414
7053,52.85359,-8.026278
7054,52.761524,-8.0772705
7055,52.73944,-8.142077
7056,52.72811,-8.134805
7057,52.751526,-8.128913
7058,52.814117,-8.060668
7059,52.806652,-8.042768
7060,52.808002,-8.080428
7061,52.726215,-8.1459675
7062,52.739872,-8.238342
7063,52.774616,-8.125954
7064,52.849648,-7.9811745
7065,52.656857,-8.246828
7066,52.783726,-8.050181
7067,52.785206,-8.030449
7068,52.898212,-7.990759
7069,52.749825,-8.137398
7070,52.749603,-8.13737
7071,52.841415,-8.003247
7072,52.779903,-8.152479
7073,52.77792,-8.092832
7074,52.810593,-8.037102
7075,52.77518,-8.08646
7076,52.857143,-8.004769
7077,52.784702,-8.081894
7078,52.783577,-8.172493
7079,52.635113,-8.342614
7080,52.76287,-8.198399
7081,52.807453,-7.9167347
7082,52.834644,-8.02966
7083,52.68393,-8.282036
7084,52.837,-7.9223723
7085,52.896214,-7.9428096
7086,52.84091,-8.024868
7087,52.786762,-8.112028
7088,52.830338,-8.044769
7089,52.75566,-8.175594
7090,52.910152,-7.9161425
7091,52.84879,-7.924994
7092,52.885403,-8.018271
7093,52.853886,-8.051027
7094,52.872265,-7.986108
7095,52.777622,-8.172212
7096,52.874577,-8.052747
7097,52.863335,-7.9708295
7098,52.80975,-8.10498
7099,52.8261,-8.101034
7100,52.803944,-8.066475
7101,52.83383,-8.092662
7102,52.829582,-8.105798
7103,52.83078,-8.086009
7104,52.80258,-8.141795
7105,52.89013,-8.02002
7106,52.944557,-7.871604
7107,52.801617,-8.11417
7108,52.867126,-7.985318
7109,52.82004,-8.052747
7110,52.845325,-8.039667
7111,52.92286,-7.9108715
7112,52.800076,-8.130154
7113,52.757584,-8.141344
7114,52.83235,-8.107687
7115,52.8483,-8.074846
7116,52.82783,-8.0691805
7117,52.81779,-8.098976
7118,52.87083,-8.040907
7119,52.764767,-8.03324
7120,52.815228,-8.096749
7121,52.874012,-8.037665
7122,52.87884,-8.028392
7123,52.838215,-8.082401
7124,52.79843,-8.115298
7125,52.87656,-8.026954
7126,52.874752,-8.038765
7127,52.867096,-8.035665
7128,52.83303,-8.098385
7129,52.782528,-8.124206
7130,52.838394,-8.093367
7131,52.852997,-8.092606
7132,52.83709,-8.075495
7133,52.946808,-7.967841
7134,52.785873,-8.193353
7135,52.830826,-8.102866
7136,52.803513,-8.158399
7137,52.94118,-7.9496875
7138,52.89069,-8.000118
7139,52.94078,-7.9696174
7140,52.88533,-8.026249
7141,52.879063,-8.067122
7142,52.800713,-8.127193
7143,52.965633,-7.9633026
7144,52.809673,-8.106897
7145,52.8075,-8.123501
7146,52.89168,-8.033804
7147,52.78349,-8.177116
7148,52.840363,-8.142472
7149,52.87816,-8.072902
7150,52.9119,-8.0234585
7151,52.778927,-8.174861
7152,52.82758,-8.097961
7153,52.78038,-8.09799
7154,52.89657,-7.9756494
7155,52.880424,-8.055312
7156,52.80541,-8.129393
7157,52.855335,-8.080569
7158,52.893208,-8.06608
7159,52.91489,-8.023402
7160,52.86468,-8.0772705
7161,52.957382,-7.995382
7162,52.866165,-8.090689
7163,52.84627,-8.100865
7164,52.887314,-8.045502
7165,52.87752,-8.072
7166,52.847324,-8.094889
7167,52.879375,-8.050689
7168,52.85476,-8.1109
7169,52.884884,-8.09799
7170,52.8857,-8.04632
7171,52.861618,-8.086066
7172,52.88872,-8.051676
7173,52.88404,-8.033437
7174,52.880295,-8.08522
7175,52.83426,-8.113606
7176,52.858757,-8.107546
7177,52.882797,-8.052578
7178,52.85039,-8.125305
7179,52.80683,-8.165587
7180,52.86692,-8.079977
7181,52.877064,-8.086291
7182,52.822723,-8.116172
7183,52.868725,-8.081922
7184,52.86424,-8.10718
7185,52.873894,-8.115355
7186,52.89648,-8.073014
7187,52.887623,-8.093564
7188,52.89512,-8.059512
7189,52.866653,-8.096862
7190,52.86144,-8.115213
7191,52.879833,-8.076679
7192,52.91282,-8.101626
7193,52.89364,-8.102246
7194,52.86215,-8.087362
7195,52.850048,-8.113775
7196,52.895206,-8.096496
7197,52.90359,-8.077187
7198,52.86969,-8.092832
7199,52.85852,-8.111916
7200,52.87413,-8.115495
7201,52.885742,-8.080964
7202,52.86495,-8.112845
7203,52.82989,-8.109153
7204,52.92477,-8.069716
7205,52.906197,-8.046038
7206,52.87388,-8.114311
7207,52.84269,-8.14749
7208,52.89266,-8.049984
7209,52.87486,-8.06997
7210,52.89411,-8.092267
7211,52.894127,-8.120457
7212,52.864105,-8.10343
7213,52.888203,-8.104417
7214,52.874977,-8.112084
7215,52.920757,-8.064783
7216,52.89697,-8.081104
7217,52.90331,-8.094044
7218,52.88053,-8.096073
7219,52.895695,-8.097483
7220,52.912968,-8.085108
7221,52.87428,-8.11496
7222,52.928013,-8.072451
7223,52.874947,-8.124149
7224,52.872578,-8.112479
7225,52.88918,-8.113804
7226,52.94487,-8.032929
7227,52.92385,-8.09861
7228,52.873863,-8.106305
7229,52.871807,-8.0934515
7230,52.93382,-8.080287
7231,52.878635,-8.071858
7232,52.890083,-8.086996
7233,52.858345,-8.098779
7234,52.90408,-8.088574
7235,52.89728,-8.099653
7236,52.896065,-8.102444
7237,52.86892,-8.119921
7238,52.96439,-8.047447
7239,52.91301,-8.092211
7240,52.89131,-8.143064
7241,52.89352,-8.1237545
7242,52.917408,-8.155496
7243,52.95038,-8.047926
7244,52.961723,-8.062359
7245,52.892868,-8.144587
7246,52.940468,-8.0625
7247,52.94053,-8.027292
7248,52.8394,-8.200062
7249,52.89238,-8.13472
7250,52.973854,-7.9866433
7251,52.919407,-8.071464
7252,52.912804,-8.111211
7253,52.9147,-8.084938
7254,52.868267,-8.177398
7255,52.86357,-8.188025
7256,52.949387,-8.0236
7257,52.94669,-8.032789
7258,52.917587,-8.098074
7259,52.950348,-8.070675
7260,52.963398,-8.032958
7261,52.91729,-8.083811
7262,52.962746,-8.055876
7263,52.941757,-8.068278
7264,52.93016,-8.100893
7265,52.883076,-8.141965
7266,52.94912,-8.063542
7267,52.920815,-8.084938
7268,52.915497,-8.113155
7269,52.950836,-8.066164
7270,52.90057,-8.115777
7271,52.939434,-8.079216
7272,52.93798,-8.091196
7273,52.941387,-8.090491
7274,52.953857,-8.0600195
7275,52.92699,-8.113663
7276,52.882946,-8.132211
7277,52.91754,-8.08288
7278,52.91969,-8.112535
7279,52.976536,-8.047503
7280,52.940662,-8.089167
7281,52.9046,-8.115833
7282,52.925392,-8.118484
7283,52.941475,-8.087786
7284,52.938293,-8.087362
7285,52.941566,-8.102303
7286,52.925674,-8.116594
7287,52.94536,-8.085389
7288,52.94007,-8.098074
7289,52.943092,-8.082401
7290,52.947994,-8.090125
7291,52.9043,-8.113775
7292,52.97338,-8.117891
7293,53.004898,-8.043867
7294,53.021202,-8.015594
7295,52.926445,-8.148984
7296,52.918564,-8.151041
7297,52.931168,-8.104614
7298,52.90824,-8.113748
7299,52.926605,-8.103176
7300,52.92769,-8.145094
7301,52.941402,-8.101626
7302,52.945297,-8.08632
7303,52.91624,-8.151972
7304,52.954155,-8.114509
7305,52.939907,-8.102556
7306,52.93831,-8.105404
7307,52.910744,-8.151352
7308,52.95786,-8.107292
7309,52.965694,-8.101034
7310,52.920906,-8.129928
7311,53.019234,-8.028927
7312,52.929317,-8.128349
7313,53.00398,-8.067207
7314,52.95682,-8.085699
7315,52.957695,-8.099793
7316,52.93536,-8.135453
7317,52.957767,-8.117328
7318,52.995285,-8.073775
7319,52.970284,-8.061063
7320,52.942867,-8.126517
7321,52.9655,-8.094128
7322,53.040962,-8.042091
7323,52.947533,-8.0754385
7324,52.963055,-8.091591
7325,53.006332,-8.0583
7326,53.02704,-8.077468
7327,52.983997,-8.103797
7328,52.95839,-8.097708
7329,52.99453,-8.051422
7330,53.183872,-7.9481654
7331,52.998486,-8.099597
7332,52.98564,-8.079611
7333,52.988087,-8.112507
7334,52.92145,-8.129815
7335,52.963753,-8.110449
7336,52.958614,-8.103571
7337,53.045094,-8.048659
7338,52.967663,-8.0861225
7339,52.93379,-8.119723
7340,52.99173,-8.072817
7341,53.0025,-8.035185
7342,52.97313,-8.112592
7343,52.957382,-8.130041
7344,52.965603,-8.106221
7345,52.974106,-8.10298
7346,52.998558,-8.088969
7347,53.001564,-8.076594
7348,52.972878,-8.118201
7349,52.916862,-8.185799
7350,53.004955,-8.070929
7351,52.946674,-8.173085
7352,52.935062,-8.145714
7353,52.929733,-8.1741
7354,52.997433,-8.086489
7355,52.949417,-8.140922
7356,53.051167,-8.009082
7357,52.964966,-8.145263
7358,53.03751,-8.060922
7359,53.055298,-8.010914
7360,53.028816,-8.092464
7361,52.98034,-8.084459
7362,52.994736,-8.089195
7363,52.95978,-8.104727
7364,53.0344,-8.072422
7365,53.02412,-8.061683
7366,52.99154,-8.095142
7367,52.980015,-8.12756
7368,52.975113,-8.097229
7369,52.98468,-8.092183
7370,52.984516,-8.122148
7371,52.940056,-8.1962
7372,53.032696,-8.1015415
7373,53.1629,-7.9306035
7374,53.160336,-7.940977
7375,53.04508,-8.025122
7376,52.991035,-8.131253
7377,53.004303,-8.091901
7378,52.988857,-8.123106
7379,53.00165,-8.081358
7380,53.002884,-8.09035
7381,52.989937,-8.12071
7382,52.988945,-8.120823
7383,53.03961,-8.065263
7384,53.02482,-8.0495615
7385,53.005444,-8.09362
7386,53.00327,-8.101429
7387,52.984177,-8.117158
7388,53.065605,-8.023176
7389,52.99509,-8.137116
7390,53.014095,-8.103317
7391,53.01765,-8.108729
7392,52.989746,-8.105009
7393,53.00066,-8.109885
7394,52.9997,-8.123642
7395,53.040977,-8.069604
7396,52.98564,-8.0751
7397,53.001163,-8.050774
7398,52.985287,-8.117045
7399,52.990665,-8.109999
7400,52.98262,-8.148589
7401,53.042637,-8.077299
7402,53.01599,-8.087419
7403,52.987762,-8.152592
7404,53.02421,-8.121471
7405,53.00503,-8.0879545
7406,53.006184,-8.121245
7407,53.033215,-8.068927
7408,53.013813,-8.116341
7409,52.95639,-8.136975
7410,53.00232,-8.1187935
7411,52.94657,-8.11837
7412,53.008675,-8.127278
7413,53.080906,-7.999582
7414,53.034386,-8.070139
7415,52.95322,-8.123276
7416,53.00792,-8.149519
7417,53.04499,-8.115382
7418,53.02735,-8.1257
7419,52.96886,-8.109237
7420,53.07119,-8.109237
7421,53.064598,-8.070054
7422,53.07812,-8.000005
7423,53.03274,-8.118116
7424,53.058395,-8.006855
7425,53.00109,-8.036679
7426,52.994057,-8.156313
7427,53.032326,-8.085559
7428,53.053993,-8.133029
7429,52.998497,-8.079187
7430,52.98425,-8.143515
7431,53.043613,-8.018949
7432,53.051105,-8.140668
7433,53.02725,-8.101795
7434,53.007355,-8.093142
7435,53.02141,-8.114847
7436,53.05447,-8.096975
7437,53.064793,-8.108082
7438,53.01208,-8.144276
7439,53.04237,-8.067968
7440,53.06174,-8.072732
7441,52.984413,-8.120231
7442,53.057667,-8.078285
7443,53.05044,-8.054269
7444,53.05854,-8.077468
7445,52.96593,-8.168068
7446,53.032623,-8.084431
7447,53.01981,-8.140104
7448,53.06257,-8.12133
7449,53.062927,-8.089449
7450,53.008747,-8.110872
7451,53.02193,-8.165784
7452,53.04286,-8.101119
7453,53.01479,-8.15465
7454,53.033733,-8.125361
7455,53.026016,-8.053903
7456,53.048428,-8.145601
7457,52.844215,-8.404771
7458,53.075115,-8.015566
7459,53.107803,-8.0537615
7460,52.994576,-8.175904
7461,52.99247,-8.207758
7462,52.97948,-8.194001
7463,52.957546,-8.23014
7464,53.258667,-7.923951
7465,53.032978,-8.145009
7466,53.206783,-7.9345217
7467,53.03581,-8.168293
7468,53.014748,-8.132098
7469,53.055904,-8.086404
7470,53.045567,-8.087813
7471,53.062557,-8.138892
7472,53.00506,-8.186391
7473,53.097984,-8.060471
7474,53.175327,-7.9367204
7475,53.080402,-8.086799
7476,53.027706,-8.160935
7477,53.0533,-8.09269
7478,53.071472,-8.102218
7479,53.05118,-8.111407
7480,53.044827,-8.152507
7481,53.028667,-8.15792
7482,53.062275,-8.099427
7483,53.056767,-8.124121
7484,53.056084,-8.125671
7485,53.06919,-8.116369
7486,53.056187,-8.128998
7487,53.078358,-8.076256
7488,53.033306,-8.157074
7489,53.01876,-8.152451
7490,53.0707,-8.124008
7491,53.041553,-8.13909
7492,53.01777,-8.166066
7493,53.089066,-8.089195
7494,53.05438,-8.079047
7495,53.073162,-8.114114
7496,53.06257,-8.123811
7497,52.96439,-8.177483
7498,53.08289,-8.108109
7499,53.050144,-8.119864
7500,53.059387,-8.113014
7501,53.06805,-8.145883
7502,53.06146,-8.130858
7503,53.047565,-8.156708
7504,53.0848,-8.103374
7505,53.00663,-8.176834
7506,53.112186,-8.046658
7507,53.017887,-8.180358
7508,53.05275,-8.154565
7509,53.073425,-8.124318
7510,53.095467,-8.088039
7511,53.098797,-8.064952
7512,53.02661,-8.153494
7513,53.068985,-8.085023
7514,53.01796,-8.1900835
7515,53.085526,-8.099907
7516,53.09498,-8.075607
7517,53.01214,-8.188307
7518,53.058277,-8.088293
7519,53.171207,-8.02577
7520,53.049862,-8.191013
7521,53.018776,-8.177651
7522,53.037407,-8.170407
7523,53.08021,-8.144192
7524,53.053345,-8.222501
7525,53.111877,-8.03837
7526,53.064556,-8.176693
7527,53.050114,-8.060922
7528,53.0803,-8.156482
7529,53.08178,-8.134946
7530,53.016064,-8.225911
7531,53.096916,-8.077073
7532,53.16968,-8.014974
7533,53.066006,-8.129279
7534,53.07547,-8.14749
7535,53.072124,-8.078794
7536,53.040768,-8.17489
7537,53.147526,-8.021542
7538,53.173637,-8.009167
7539,53.154858,-8.011675
7540,53.135143,-8.003275
7541,53.066925,-8.164064
7542,53.083633,-8.158089
7543,53.07984,-8.13503
7544,53.112247,-8.123867
7545,53.07418,-8.130915
7546,53.07322,-8.168885
7547,53.059696,-8.131619
7548,53.11672,-8.085869
7549,53.174347,-8.067264
7550,53.06355,-8.172747
7551,53.101612,-8.09751
7552,53.07731,-8.154481
7553,53.08387,-8.140555
7554,53.04893,-8.203529
7555,53.14394,-8.058836
7556,53.13504,-8.071717
7557,53.135128,-8.089505
7558,53.06263,-8.166376
7559,53.11007,-8.108645
7560,53.056885,-8.1775675
7561,53.193882,-8.01813
7562,53.104145,-8.085333
7563,53.136864,-8.087757
7564,53.08329,-8.162542
7565,53.11848,-8.119301
7566,53.0859,-8.150591
7567,53.107834,-8.109153
7568,53.142445,-8.063261
7569,53.06174,-8.163754
7570,53.106884,-8.137821
7571,53.126896,-8.090294
7572,53.113415,-8.11448
7573,53.131485,-8.067912
7574,53.092934,-8.143515
7575,53.13833,-8.100161
7576,53.093807,-8.142021
7577,53.131382,-8.078426
7578,53.11786,-8.114142
7579,53.10564,-8.126461
7580,53.12962,-8.115213
7581,53.125397,-8.122655
7582,53.092102,-8.159132
7583,53.111626,-8.12305
7584,53.105583,-8.1490965
7585,53.08886,-8.177934
7586,53.11866,-8.15231
7587,53.121475,-8.153804
7588,53.125637,-8.106559
7589,53.125874,-8.112704
7590,53.11349,-8.0976515
7591,53.126244,-8.068532
7592,53.093376,-8.1762705
7593,53.085705,-8.191323
7594,53.15009,-8.094438
7595,53.123356,-8.104417
7596,53.094444,-8.146419
7597,53.09751,-8.178441
7598,53.13778,-8.14498
7599,53.08901,-8.13021
7600,53.087303,-8.173
7601,53.10324,-8.150647
7602,53.05943,-8.140978
7603,53.17521,-8.048208
7604,53.132713,-8.136439
7605,53.15758,-8.082316
7606,53.155243,-8.081414
7607,53.113045,-8.123332
7608,53.08938,-8.154284
7609,53.08012,-8.170971
7610,53.098385,-8.109745
7611,53.051434,-8.195552
7612,53.07824,-8.139597
7613,53.203274,-7.978835
7614,53.184048,-8.045445
7615,53.26367,-7.9466147
7616,53.13938,-8.085135
7617,53.11746,-8.120147
7618,53.08307,-8.246602
7619,53.12017,-8.149716
7620,53.187057,-8.053028
7621,53.141586,-8.09768
7622,53.14101,-8.133508
7623,53.100338,-8.151606
7624,53.066154,-8.171083
7625,53.15807,-8.071577
7626,53.149155,-8.147716
7627,53.097034,-8.149745
7628,53.128433,-8.137229
7629,53.191856,-8.033719
7630,53.138832,-8.081245
7631,53.141674,-8.091845
7632,53.117565,-8.133
7633,53.201187,-8.058018
7634,53.00869,-8.31169
7635,53.27866,-7.933592
7636,53.09594,-8.223318
7637,53.2,-8.034846
7638,53.100132,-8.21706
7639,53.140415,-8.115608
7640,53.20067,-8.021993
7641,53.235073,-7.9992437
7642,53.209522,-8.057088
7643,53.08418,-8.2122965
7644,53.196297,-8.05909
7645,53.146564,-8.107405
7646,53.210903,-8.071605
7647,53.14655,-8.153438
7648,53.171654,-8.1099415
7649,53.110558,-8.144727
7650,53.13932,-8.137934
7651,53.14298,-8.095707
7652,53.101196,-8.1480255
7653,53.1037,-8.172239
7654,53.207893,-8.075354
7655,53.116467,-8.155213
7656,53.251648,-8.028899
7657,53.173325,-8.082626
7658,53.09634,-8.17861
7659,53.067947,-8.214551
7660,53.20366,-8.067292
7661,53.111256,-8.171902
7662,53.155937,-8.112338
7663,53.155228,-8.110731
7664,53.16367,-8.103346
7665,53.214367,-8.035185
7666,53.113075,-8.187264
7667,53.18381,-8.098328
7668,53.2032,-8.079385
7669,53.17282,-8.128688
7670,53.175755,-8.093339
7671,53.1222,-8.131986
7672,53.132954,-8.170154
7673,53.190582,-8.106672
7674,53.19227,-8.086516
7675,53.16247,-8.127335
7676,53.192017,-8.125474
7677,53.15105,-8.141514
7678,53.165493,-8.121415
7679,53.1388,-8.112056
7680,53.194004,-8.152845
7681,53.17094,-8.108307
7682,53.175934,-8.1355095
7683,53.179916,-8.080259
7684,53.158028,-8.142331
7685,53.1831,-8.124516
7686,53.14939,-8.149209
7687,53.210236,-8.068899
7688,53.18679,-8.118906
7689,53.15869,-8.120457
7690,53.12679,-8.165023
7691,53.180035,-8.1151285
7692,53.23279,-8.069575
7693,53.1456,-8.131703
7694,53.205734,-8.103881
7695,53.176258,-8.135256
7696,53.20123,-8.101457
7697,53.167652,-8.149632
7698,53.161465,-8.146052
7699,53.158146,-8.155186
7700,53.185368,-8.15355
7701,53.1685,-8.149801
7702,53.206963,-8.135058
7703,53.20067,-8.089364
7704,53.157894,-8.132042
7705,53.175503,-8.1775675
7706,53.21373,-8.117384
7707,53.19116,-8.16274
7708,53.198402,-8.088039
7709,53.12002,-8.187631
7710,53.152664,-8.183374
7711,53.203556,-8.082514
7712,53.22324,-8.094974
7713,53.142506,-8.185799
7714,53.139736,-8.137624
7715,53.235237,-8.0508585
7716,53.185635,-8.143121
7717,53.161568,-8.140639
7718,53.174644,-8.153043
7719,53.18482,-8.041838
7720,53.210873,-8.108419
7721,53.162544,-8.141288
7722,53.122288,-8.147574
7723,53.22204,-8.100104
7724,53.198563,-8.120935
7725,53.305885,-7.94918
7726,53.19621,-8.159103
7727,53.274323,-8.07558
7728,53.19258,-8.167503
7729,53.177917,-8.150365
7730,53.22038,-8.130464
7731,53.230305,-8.129703
7732,53.173843,-8.152253
7733,53.177208,-8.16336
7734,53.219772,-8.113324
7735,53.227222,-8.114086
7736,53.20289,-8.13799
7737,53.167446,-8.192057
7738,53.230423,-8.110675
7739,53.236763,-8.1375675
7740,53.201645,-8.122937
7741,53.21155,-8.126432
7742,53.20668,-8.143909
7743,53.277653,-8.075805
7744,53.20886,-8.130407
7745,53.243027,-8.081358
7746,53.18091,-8.152451
7747,53.232822,-8.106587
7748,53.182465,-8.161556
7749,53.242863,-8.104868
7750,53.212353,-8.152338
7751,53.2511,-8.106334
7752,53.16385,-8.178526
7753,53.24898,-8.11355
7754,53.215714,-8.13441
7755,53.173416,-8.166883
7756,53.20314,-8.188843
7757,53.251247,-8.096608
7758,53.25972,-8.094466
7759,53.18525,-8.16243
7760,53.19566,-8.15262
7761,53.18263,-8.171986
7762,53.228024,-8.127419
7763,53.206295,-8.145404
7764,53.249825,-8.124657
7765,53.196594,-8.160569
7766,53.208134,-8.139935
7767,53.21927,-8.156961
7768,53.14957,-8.127081
7769,53.201496,-8.1702385
7770,53.212204,-8.154988
7771,53.22996,-8.094945
7772,53.227135,-8.154988
7773,53.24652,-8.057116
7774,53.225994,-8.107743
7775,53.20357,-8.122148
7776,53.228275,-8.129279
7777,53.235874,-8.113268
7778,53.222023,-8.150196
7779,53.24799,-8.134185
7780,53.30452,-8.026278
7781,53.279785,-8.061908
7782,53.281254,-8.053452
7783,53.289696,-8.031154
7784,53.22524,-8.113635
7785,53.18205,-8.2477865
7786,53.25467,-8.110224
7787,53.26123,-8.113353
7788,53.20086,-8.18546
7789,53.223137,-8.107292
7790,53.213257,-8.132803
7791,53.240314,-8.124064
7792,53.25704,-8.117102
7793,53.287754,-8.106362
7794,53.249485,-8.16897
7795,53.24612,-8.152169
7796,53.235104,-8.147236
7797,53.260235,-8.1336775
7798,53.249382,-8.149632
7799,53.272278,-8.139681
7800,53.230495,-8.152394
7801,53.23756,-8.129815
7802,53.24504,-8.15527
7803,53.246803,-8.117863
7804,53.261005,-8.15682
7805,53.20963,-8.172663
7806,53.235043,-8.189774
7807,53.238937,-8.180809
7808,53.22774,-8.188364
7809,53.18341,-8.226306
7810,53.199142,-8.343769
7811,53.283165,-8.048772
7812,53.23386,-8.123135
7813,53.291695,-8.057257
7814,53.20982,-8.214523
7815,53.235146,-8.173734
7816,53.23232,-8.127983
7817,53.259186,-8.178019
7818,53.243576,-8.151662
7819,53.249157,-8.181626
7820,53.094902,-8.087926
7821,53.347042,-8.046574
7822,53.37142,-7.9930987
7823,53.298462,-8.092549
7824,53.248047,-8.148955
7825,53.286705,-8.114875
7826,53.259243,-8.141598
7827,53.20446,-8.202317
7828,53.306713,-8.115946
7829,53.30775,-8.09004
7830,53.30794,-8.119808
7831,53.31665,-8.052747
7832,53.28971,-8.122401
7833,53.302803,-8.137144
7834,53.264072,-8.153916
7835,53.244625,-8.181936
7836,53.240982,-8.169985
7837,53.294197,-8.116143
7838,53.229267,-8.177483
7839,53.216145,-8.210012
7840,53.252445,-8.180245
7841,53.27244,-8.147912
7842,53.29688,-8.163811
7843,53.24424,-8.1613865
7844,53.301086,-8.094438
7845,53.31661,-8.105065
7846,53.2753,-8.140217
7847,53.25172,-8.176468
7848,53.315807,-8.090491
7849,53.272278,-8.149378
7850,53.243988,-8.166517
7851,53.284557,-8.138329
7852,53.305172,-8.135283
7853,53.288853,-8.099005
7854,53.27293,-8.143826
7855,53.231976,-8.176158
7856,53.271286,-8.163219
7857,53.302788,-8.123896
7858,53.279655,-8.150619
7859,53.30221,-8.132578
7860,53.30941,-8.109097
7861,53.317497,-8.144135
7862,53.278233,-8.180612
7863,53.272663,-8.174692
7864,53.266056,-8.1566515
7865,53.28872,-8.165051
7866,53.27949,-8.164037
7867,53.317955,-8.155552
7868,53.319378,-8.100809
7869,53.27133,-8.170436
7870,53.309868,-8.13706
7871,53.285934,-8.148589
7872,53.312447,-8.140893
7873,53.28512,-8.158596
7874,53.305897,-8.144868
7875,53.241043,-8.204149
7876,53.303486,-8.125784
7877,53.303795,-8.145178
7878,53.28574,-8.1386385
7879,53.308357,-8.1562
7880,53.26995,-8.154086
7881,53.34879,-8.120964
7882,53.355812,-8.093085
7883,53.250164,-8.176129
7884,53.32052,-8.147433
7885,53.316963,-8.128293
7886,53.31625,-8.136778
7887,53.326736,-8.10529
7888,53.305927,-8.134917
7889,53.269108,-8.1522255
7890,53.32465,-8.157102
7891,53.289726,-8.125418
7892,53.299458,-8.144051
7893,53.29839,-8.135791
7894,53.28186,-8.15947
7895,53.30119,-8.139681
7896,53.280674,-8.169815
7897,53.290287,-8.164685
7898,53.28805,-8.161669
7899,53.315823,-8.13909
7900,53.28854,-8.143712
7901,53.23408,-8.212212
7902,53.295666,-8.1992445
7903,53.289516,-8.152592
7904,53.275745,-8.176834
7905,53.366432,-8.064529
7906,53.28657,-8.171478
7907,53.325745,-8.125333
7908,53.258415,-8.220696
7909,53.33675,-8.133593
7910,53.354553,-8.116651
7911,53.323288,-8.154903
7912,53.33296,-8.117045
7913,53.26274,-8.213311
7914,53.34491,-8.146503
7915,53.346703,-8.130999
7916,53.27761,-8.211817
7917,53.285297,-8.186362
7918,53.315613,-8.165474
7919,53.343147,-8.096129
7920,53.31329,-8.173283
7921,53.324013,-8.151436
7922,53.241383,-8.273832
7923,53.310432,-8.140245
7924,53.334114,-8.154537
7925,53.308594,-8.15262
7926,53.274944,-8.196369
7927,53.38459,-8.088264
7928,53.317616,-8.164883
7929,53.364166,-8.083388
7930,53.33185,-8.12133
7931,53.27884,-8.238625
7932,53.200474,-8.28835
7933,53.25268,-8.073634
7934,53.257126,-8.25458
7935,53.454586,-8.00367
7936,53.343357,-8.133339
7937,53.3176,-8.218667
7938,53.37379,-8.11682
7939,53.27918,-8.16164
7940,53.32816,-8.191606
7941,53.29817,-8.205136
7942,53.51386,-7.81018
7943,53.345562,-8.171083
7944,53.416668,-8.0104065
7945,53.39666,-8.032648
7946,53.323124,-8.157496
7947,53.34691,-8.159188
7948,53.275402,-8.237356
7949,53.34719,-8.169139
7950,53.28112,-8.213001
7951,53.34925,-8.135678
7952,53.29857,-8.227433
7953,53.331905,-8.110224
7954,53.367096,-8.125728
7955,53.34251,-8.133339
7956,53.292244,-8.22095
7957,53.37579,-8.123276
7958,53.38228,-8.119103
7959,53.38552,-8.0317745
7960,53.348778,-8.187716
7961,53.33918,-8.187123
7962,53.380783,-8.126348
7963,53.365868,-8.110787
7964,53.35261,-8.141485
7965,53.320858,-8.206122
7966,53.394512,-8.101259
7967,53.39497,-8.142359
7968,53.318977,-8.193522
7969,53.348896,-8.176045
7970,53.37874,-8.156313
7971,53.333744,-8.200118
7972,53.34977,-8.161669
7973,53.279697,-8.221711
7974,53.378,-8.161443
7975,53.361958,-8.163135
7976,53.386395,-8.137032
7977,53.347992,-8.149068
7978,53.347458,-8.148758
7979,53.37209,-8.181739
7980,53.28371,-8.247702
7981,53.388676,-8.144558
7982,53.27145,-8.240964
7983,53.42606,-8.110985
7984,53.36874,-8.151464
7985,53.400627,-8.115523
7986,53.314713,-8.181599
7987,53.397594,-8.117948
7988,53.376812,-8.163163
7989,53.340393,-8.178385
7990,53.383316,-8.138497
7991,53.396423,-8.163839
7992,53.32484,-8.202542
7993,53.348125,-8.185375
7994,53.411842,-8.098695
7995,53.25951,-8.299259
7996,53.06204,-8.388646
7997,53.412357,-8.274651
7998,53.500736,-8.015791
7999,53.328663,-8.228308
8000,53.337685,-8.362543
8001,53.483334,-8.182416
8002,53.55518,-7.960033
8003,53.275684,-8.176919
8004,53.29787,-8.206546
8005,53.39075,-8.169449
8006,53.337963,-8.245756
8007,53.36806,-8.145094
8008,53.323658,-8.182585
8009,53.41901,-8.116623
8010,53.434784,-8.01441
8011,53.47144,-8.048857
8012,53.262207,-8.288885
8013,53.414936,-8.107405
8014,53.40356,-8.175256
8015,53.352894,-8.188702
8016,53.379345,-8.106136
8017,53.385624,-8.15107
8018,53.316223,-8.240993
8019,53.3571,-8.233551
8020,53.354225,-8.173846
8021,53.356316,-8.171788
8022,53.36785,-8.183516
8023,53.15684,-8.257906
8024,53.24852,-7.961076
8025,53.437138,-7.7558317
8026,53.42698,-8.026559
8027,53.442543,-8.17689
8028,53.244198,-8.221767
8029,53.383625,-8.082119
8030,53.35667,-8.222077
8031,53.596592,-7.8453884
8032,53.337563,-8.140922
8033,53.554085,-7.9535494
8034,53.390038,-8.118342
8035,53.347427,-8.194847
8036,53.435257,-8.089308
8037,53.370594,-8.207758
8038,53.382114,-8.135848
8039,53.39663,-8.197722
8040,53.412834,-8.097059
8041,53.488888,-8.027405
8042,53.31631,-8.226532
8043,53.388958,-8.183346
8044,53.33635,-8.221824
8045,53.433926,-8.100612
8046,53.47052,-8.073748
8047,53.37991,-8.18687
8048,53.426563,-8.111548
8049,53.383907,-8.180387
8050,53.399223,-8.144727
8051,53.396645,-8.15947
8052,53.387936,-8.213114
8053,53.379745,-8.189153
8054,53.43034,-8.143684
8055,53.39617,-8.186672
8056,53.46922,-8.089589
8057,53.373734,-8.195552
8058,53.39337,-8.160118
8059,53.47442,-8.113014
8060,53.409664,-8.149491
8061,53.414627,-8.169139
8062,53.466686,-8.067715
8063,53.420788,-8.126658
8064,53.381554,-8.207194
8065,53.42012,-8.17816
8066,53.409695,-8.112874
8067,53.406063,-8.16009
8068,53.350155,-8.169505
8069,53.402287,-8.157948
8070,53.42803,-8.152987
8071,53.444588,-8.144022
8072,53.372814,-8.194001
8073,53.37496,-8.21052
8074,53.426147,-8.143431
8075,53.38869,-8.221316
8076,53.384323,-8.223967
8077,53.471115,-8.164318
8078,53.415886,-8.149265
8079,53.393135,-8.195242
8080,53.383095,-8.204939
8081,53.396275,-8.214297
8082,53.446587,-8.108419
8083,53.39983,-8.191098
8084,53.3978,-8.215989
8085,53.447742,-8.150957
8086,53.43579,-8.151943
8087,53.425896,-8.189379
8088,53.41846,-8.167222
8089,53.516243,-8.086799
8090,53.49247,-8.085925
8091,53.37533,-8.27558
8092,53.401325,-8.2091675
8093,53.6484,-7.84116
8094,53.51202,-8.036623
8095,53.495228,-8.15324
8096,53.339195,-8.292438
8097,53.421482,-8.170605
8098,53.38927,-8.226447
8099,53.50675,-8.069688
8100,53.314564,-8.298244
8101,53.408463,-8.1749735
8102,53.39685,-8.1992445
8103,53.351738,-8.240851
8104,53.3342,-8.297765
8105,53.528164,-8.045728
8106,53.430134,-8.11059
8107,53.55327,-7.9839654
8108,53.647484,-7.8875027
8109,53.52412,-8.067827
8110,53.455105,-8.145375
8111,53.622704,-7.9805546
8112,53.39854,-8.195298
8113,53.481125,-8.056778
8114,53.422638,-8.198455
8115,53.464523,-8.132042
8116,53.454704,-8.201584
8117,53.438206,-8.183346
8118,53.53307,-8.050379
8119,53.504097,-8.080231
8120,53.553226,-7.9937186
8121,53.43373,-8.146193
8122,53.389877,-8.211648
8123,53.412033,-8.132296
8124,53.431168,-8.187969
8125,53.464848,-8.170548
8126,53.395683,-8.143571
8127,53.78875,-7.6336045
8128,53.532593,-7.9231896
8129,53.34328,-8.314087
8130,53.465057,-8.011337
8131,53.410465,-8.207927
8132,53.47748,-8.1279545
8133,53.454437,-8.151548
8134,53.437065,-8.177229
8135,53.432415,-8.175678
8136,53.434044,-8.217089
8137,53.436043,-8.163106
8138,53.46642,-8.189012
8139,53.476536,-8.169815
8140,53.477528,-8.152818
8141,53.411915,-8.200795
8142,53.48323,-8.102444
8143,53.405014,-8.286799
8144,53.442204,-8.155806
8145,53.458035,-8.163671
8146,53.41603,-8.233607
8147,53.44099,-8.134071
8148,53.50611,-8.140922
8149,53.42914,-8.198681
8150,53.46424,-8.15417
8151,53.426105,-8.203698
8152,53.450542,-8.153804
8153,53.456852,-8.1948185
8154,53.48258,-8.163332
8155,53.51023,-8.116284
8156,53.510406,-8.129139
8157,53.502483,-8.0963545
8158,53.502987,-8.1435995
8159,53.506557,-8.208406
8160,53.522743,-8.156341
8161,53.504795,-8.112338
8162,53.45328,-8.183516
8163,53.44466,-8.215453
8164,53.461945,-8.150872
8165,53.383434,-8.262416
8166,53.43782,-8.270252
8167,53.480267,-8.194086
8168,53.51223,-8.11885
8169,53.446556,-8.196567
8170,53.476845,-8.179512
8171,53.47468,-8.159386
8172,53.569088,-8.074029
8173,53.419113,-8.221204
8174,53.462093,-8.206038
8175,53.452126,-8.179512
8176,53.503654,-8.185038
8177,53.48526,-8.171761
8178,53.492336,-8.162881
8179,53.453846,-8.210717
8180,53.534966,-8.122064
8181,53.45432,-8.22126
8182,53.498425,-8.15355
8183,53.52378,-8.174269
8184,53.450584,-8.226588
8185,53.519634,-8.155242
8186,53.451637,-8.165277
8187,53.5081,-8.18236
8188,53.47052,-8.210097
8189,53.489197,-8.181063
8190,53.513695,-8.170576
8191,53.505905,-8.12243
8192,53.561905,-8.127419
8193,53.538727,-8.119188
8194,53.4368,-8.210633
8195,53.46424,-8.159611
8196,53.484398,-8.169054
8197,53.44856,-8.272676
8198,53.5118,-8.149124
8199,53.485332,-8.187462
8200,53.581738,-8.1329155
8201,53.57233,-8.072112
8202,53.559578,-8.044374
8203,53.398735,-8.26859
8204,53.434635,-8.238709
8205,53.539616,-8.087813
8206,53.471485,-8.176412
8207,53.441017,-8.22749
8208,53.499817,-8.161189
8209,53.479748,-8.217906
8210,53.491447,-8.226786
8211,53.465885,-8.215566
8212,53.492382,-8.16632
8213,53.49468,-8.192874
8214,53.502808,-8.132747
8215,53.501934,-8.226137
8216,53.541126,-8.099371
8217,53.529705,-8.168124
8218,53.552307,-8.1025
8219,53.436604,-8.23262
8220,53.54896,-8.1571865
8221,53.511593,-8.196679
8222,53.519043,-8.155016
8223,53.47203,-8.216891
8224,53.50309,-8.18577
8225,53.51494,-8.185516
8226,53.522137,-8.164262
8227,53.4434,-8.220471
8228,53.508244,-8.175284
8229,53.53252,-8.13689
8230,53.55185,-8.135566
8231,53.535942,-8.109097
8232,53.469692,-8.251648
8233,53.458954,-8.235129
8234,53.578167,-8.06171
8235,53.481304,-8.1874895
8236,53.460007,-8.240824
8237,53.577366,-8.1099415
8238,53.49825,-8.211592
8239,53.61804,-8.098751
8240,53.480606,-8.224869
8241,53.517147,-8.197694
8242,53.51297,-8.199837
8243,53.5239,-8.17458
8244,53.50367,-8.187603
8245,53.506573,-8.209308
8246,53.48434,-8.195834
8247,53.49718,-8.203107
8248,53.532063,-8.161189
8249,53.47834,-8.239161
8250,53.53563,-8.161077
8251,53.526802,-8.188674
8252,53.498234,-8.190421
8253,53.519382,-8.164234
8254,53.51124,-8.196144
8255,53.54385,-8.189435
8256,53.553165,-8.131703
8257,53.560883,-8.174269
8258,53.52159,-8.186391
8259,53.53079,-8.206348
8260,53.626316,-8.094354
8261,53.505962,-8.182923
8262,53.502052,-8.201415
8263,53.54422,-8.187997
8264,53.44093,-8.231042
8265,53.47849,-8.2099
8266,53.583675,-8.125503
8267,53.565727,-8.151464
8268,53.5589,-8.174748
8269,53.427616,-8.287758
8270,53.560394,-8.141598
8271,53.526817,-8.170154
8272,53.58624,-8.093649
8273,53.488308,-8.220189
8274,53.54835,-8.157074
8275,53.511475,-8.22983
8276,53.56546,-8.17847
8277,53.57291,-8.124347
8278,53.553997,-8.188504
8279,53.50358,-8.239583
8280,53.534283,-8.196003
8281,53.566483,-8.155045
8282,53.57328,-8.150619
8283,53.590683,-8.153973
8284,53.572807,-8.075129
8285,53.5147,-8.184699
8286,53.560112,-8.164093
8287,53.482845,-8.227941
8288,53.47907,-8.267632
8289,53.604977,-8.121781
8290,53.534298,-8.211958
8291,53.486546,-8.208096
8292,53.480194,-8.287279
8293,53.52843,-8.209477
8294,53.580967,-8.170858
8295,53.582848,-8.128942
8296,53.59151,-8.189265
8297,53.49764,-8.245954
8298,53.575115,-8.200034
8299,53.598087,-8.131647
8300,53.574596,-8.17472
8301,53.50836,-8.268928
8302,53.606323,-8.109999
8303,53.56488,-8.172775
8304,53.514168,-8.200993
8305,53.57066,-8.192761
8306,53.540546,-8.204149
8307,53.607536,-8.111267
8308,53.572227,-8.146813
8309,53.5364,-8.2264185
8310,53.55967,-8.160288
8311,53.538383,-8.225038
8312,53.570866,-8.190027
8313,53.53954,-8.201838
8314,53.61164,-8.154593
8315,53.510303,-8.234537
8316,53.542534,-8.215679
8317,53.551346,-8.193099
8318,53.55798,-8.172239
8319,53.537083,-8.232733
8320,53.530018,-8.222867
8321,53.52519,-8.208688
8322,53.566334,-8.194115
8323,53.54089,-8.186221
8324,53.558987,-8.213819
8325,53.580315,-8.170154
8326,53.567207,-8.147095
8327,53.59397,-8.15682
8328,53.551567,-8.204319
8329,53.554054,-8.2034445
8330,53.56712,-8.1869545
8331,53.574406,-8.217342
8332,53.607746,-8.132352
8333,53.624153,-8.137116
8334,53.57488,-8.193635
8335,53.607967,-8.145291
8336,53.55632,-8.213424
8337,53.52418,-8.209224
8338,53.662693,-8.106672
8339,53.633617,-8.149689
8340,53.5521,-8.234932
8341,53.54111,-8.202571
8342,53.560394,-8.1932125
8343,53.481007,-8.154762
8344,53.550472,-8.208012
8345,53.553787,-8.188504
8346,53.609848,-8.177285
8347,53.561844,-8.205925
8348,53.56543,-8.223459
8349,53.567505,-8.2185545
8350,53.59852,-8.167927
8351,53.628925,-8.170802
8352,53.575665,-8.201359
8353,53.605892,-8.19372
8354,53.582256,-8.196313
8355,53.626495,-8.180387
8356,53.59424,-8.144953
8357,53.579456,-8.173875
8358,53.525513,-8.2122965
8359,53.594547,-8.122965
8360,53.539806,-8.24243
8361,53.551136,-8.2073345
8362,53.588757,-8.206038
8363,53.533707,-8.295735
8364,53.593082,-8.172239
8365,53.580757,-8.198427
8366,53.581604,-8.224474
8367,53.620735,-8.186277
8368,53.5775,-8.208603
8369,53.576466,-8.210126
8370,53.61084,-8.196623
8371,53.58409,-8.203529
8372,53.5731,-8.233466
8373,53.567932,-8.181119
8374,53.627415,-8.177736
8375,53.585663,-8.222811
8376,53.609997,-8.203361
8377,53.625072,-8.183599
8378,53.539776,-8.242994
8379,53.59021,-8.225657
8380,53.609745,-8.185094
8381,53.6415,-8.174522
8382,53.562794,-8.293001
8383,53.642063,-8.189238
8384,53.655422,-8.137539
8385,53.67916,-8.115467
8386,53.603508,-8.253903
8387,53.61537,-8.229406
8388,53.53849,-8.286799
8389,53.639988,-8.168519
8390,53.654175,-8.10515
8391,53.58347,-8.234706
8392,53.612263,-8.18546
8393,53.596756,-8.21379
8394,53.590343,-8.203388
8395,53.587868,-8.200625
8396,53.599777,-8.153296
8397,53.609653,-8.213029
8398,53.57193,-8.221316
8399,53.662247,-8.102275
8400,53.56882,-8.264079
8401,53.61611,-8.187095
8402,53.617165,-8.193269
8403,53.623474,-8.201303
8404,53.65846,-8.178019
8405,53.659863,-8.159386
8406,53.60487,-8.22811
8407,53.640965,-8.185404
8408,53.62626,-8.181514
8409,53.692905,-8.091055
8410,53.592487,-8.265489
8411,53.542015,-8.30236
8412,53.61146,-8.223233
8413,53.560394,-8.264474
8414,53.636745,-8.160964
8415,53.59268,-8.216638
8416,53.63965,-8.177173
8417,53.59166,-8.259006
8418,53.631428,-8.200625
8419,53.609833,-8.231577
8420,53.643616,-8.158427
8421,53.605213,-8.212465
8422,53.62393,-8.205729
8423,53.631073,-8.195834
8424,53.65009,-8.172663
8425,53.61004,-8.270761
8426,53.613712,-8.241866
8427,53.747692,-8.083642
8428,53.67026,-8.16071
8429,53.68636,-8.167814
8430,53.626686,-8.214833
8431,53.656754,-8.166771
8432,53.64024,-8.20508
8433,53.643127,-8.1801605
8434,53.666515,-8.197018
8435,53.62002,-8.2216835
8436,53.673103,-8.15775
8437,53.63526,-8.176919
8438,53.620052,-8.215397
8439,53.615284,-8.219907
8440,53.61841,-8.15651
8441,53.630154,-8.178807
8442,53.634254,-8.19262
8443,53.66607,-8.185179
8444,53.565044,-8.252889
8445,53.587467,-8.1950445
8446,53.588104,-8.189745
8447,53.605774,-8.145629
8448,53.62574,-8.195608
8449,53.676525,-8.173677
8450,53.620747,-8.207758
8451,53.685028,-8.155467
8452,53.607864,-8.249619
8453,53.5828,-8.291958
8454,53.632435,-8.219823
8455,53.663418,-8.163557
8456,53.650608,-8.2350445
8457,53.690746,-8.156284
8458,53.68836,-8.138497
8459,53.603092,-8.250774
8460,53.654533,-8.207842
8461,53.66773,-8.153776
8462,53.656204,-8.191662
8463,53.615032,-8.232254
8464,53.66108,-8.201612
8465,53.639397,-8.200767
8466,53.65148,-8.2122965
8467,53.676216,-8.2026
8468,53.622128,-8.243473
8469,53.678616,-8.183431
8470,53.65502,-8.204939
8471,53.662277,-8.2004
8472,53.68562,-8.158032
8473,53.615536,-8.320429
8474,53.629826,-8.234312
8475,53.708607,-8.150421
8476,53.631546,-8.230478
8477,53.680733,-8.143374
8478,53.703617,-8.195523
8479,53.665226,-8.221316
8480,53.625694,-8.261486
8481,53.667522,-8.187038
8482,53.67278,-8.226757
8483,53.681427,-8.197525
8484,53.69575,-8.150196
8485,53.72078,-8.093959
8486,53.670097,-8.171112
8487,53.638535,-8.2297735
8488,53.70514,-8.154735
8489,53.740715,-8.145291
8490,53.661137,-8.211451
8491,53.607372,-8.278202
8492,53.642063,-8.261881
8493,53.621014,-8.261881
8494,53.67075,-8.155862
8495,53.640594,-8.223064
8496,53.61909,-8.222528
8497,53.63803,-8.242683
8498,53.66087,-8.18047
8499,53.7117,-8.151295
8500,53.666573,-8.219851
8501,53.681503,-8.191239
8502,53.7069,-8.2010765
8503,53.690002,-8.13878
8504,53.669804,-8.200683
8505,53.69612,-8.19014
8506,53.69981,-8.202683
8507,53.667477,-8.195354
8508,53.670425,-8.170492
8509,53.68199,-8.2499
8510,53.683205,-8.211056
8511,53.681355,-8.177736
8512,53.69036,-8.195157
8513,53.67491,-8.222021
8514,53.677845,-8.213001
8515,53.6657,-8.217765
8516,53.65009,-8.243388
8517,53.675682,-8.214072
8518,53.69335,-8.196228
8519,53.654045,-8.260838
8520,53.715923,-8.1590185
8521,53.679146,-8.190591
8522,53.6726,-8.22391
8523,53.680466,-8.243163
8524,53.671936,-8.221993
8525,53.714043,-8.16195
8526,53.716766,-8.162007
8527,53.694523,-8.211958
8528,53.706295,-8.171873
8529,53.70689,-8.223092
8530,53.665848,-8.2381735
8531,53.665314,-8.216102
8532,53.7072,-8.191944
8533,53.67953,-8.204657
8534,53.701748,-8.199667
8535,53.674778,-8.229435
8536,53.687664,-8.204685
8537,53.69424,-8.227349
8538,53.677902,-8.21238
8539,53.7394,-8.178356
8540,53.667656,-8.225263
8541,53.7217,-8.188984
8542,53.682064,-8.210831
8543,53.72558,-8.187969
8544,53.689026,-8.207644
8545,53.68722,-8.230901
8546,53.71539,-8.197835
8547,53.699898,-8.211394
8548,53.72158,-8.1962
8549,53.741753,-8.199978
8550,53.79636,-8.168322
8551,53.73531,-8.209646
8552,53.72228,-8.202232
8553,53.68978,-8.227067
8554,53.711983,-8.210407
8555,53.6851,-8.240964
8556,53.728306,-8.196679
8557,53.76378,-8.188335
8558,53.7394,-8.18811
8559,53.717228,-8.206602
8560,53.73242,-8.202064
8561,53.711212,-8.231549
8562,53.69516,-8.212239
8563,53.73876,-8.209956
8564,53.76625,-8.174015
8565,53.71428,-8.21427
8566,53.69908,-8.210661
8567,53.70351,-8.218582
8568,53.69624,-8.240739
8569,53.713184,-8.219541
8570,53.7197,-8.218808
8571,53.731533,-8.213114
8572,53.678333,-8.2420635
8573,53.712456,-8.214974
8574,53.692627,-8.226982
8575,53.73269,-8.193945
8576,53.746433,-8.187603
8577,53.730274,-8.22811
8578,53.701454,-8.207786
8579,53.737637,-8.208575
8580,53.69378,-8.222275
8581,53.74729,-8.179766
8582,53.805782,-8.143966
8583,53.834263,-8.146785
8584,53.74664,-8.213649
8585,53.730217,-8.223994
8586,53.719124,-8.221655
8587,53.77216,-8.192903
8588,53.718174,-8.22811
8589,53.80245,-8.160231
8590,53.851074,-8.12195
8591,53.683178,-8.243614
8592,53.723892,-8.235947
8593,53.74159,-8.228759
8594,53.76606,-8.179851
8595,53.74513,-8.227772
8596,53.759792,-8.196539
8597,53.71748,-8.233044
8598,53.709007,-8.2337475
8599,53.716915,-8.219767
8600,53.73799,-8.207109
8601,53.7218,-8.235073
8602,53.713108,-8.22484
8603,53.72848,-8.21286
8604,53.741604,-8.188251
8605,53.73531,-8.2216835
8606,53.78171,-8.1843605
8607,53.72232,-8.241077
8608,53.742924,-8.205729
8609,53.753365,-8.192903
8610,53.71933,-8.238681
8611,53.726913,-8.211845
8612,53.718025,-8.230252
8613,53.73944,-8.230281
8614,53.737103,-8.190562
8615,53.744923,-8.222952
8616,53.754074,-8.177821
8617,53.71419,-8.23341
8618,53.771183,-8.2088
8619,53.729416,-8.236088
8620,53.74793,-8.206122
8621,53.72367,-8.238568
8622,53.737858,-8.22921
8623,53.736126,-8.243248
8624,53.725994,-8.21847
8625,53.77071,-8.183684
8626,53.75064,-8.215848
8627,53.74559,-8.232705
8628,53.75886,-8.213931
8629,53.724766,-8.250464
8630,53.74599,-8.221767
8631,53.782867,-8.21238
8632,53.760563,-8.237159
8633,53.762947,-8.221852
8634,53.761925,-8.220189
8635,53.749912,-8.224925
8636,53.73885,-8.232339
8637,53.757557,-8.213565
8638,53.78706,-8.21847
8639,53.783386,-8.214241
8640,53.770603,-8.219823
8641,53.766724,-8.225291
8642,53.763924,-8.219146
8643,53.7564,-8.218019
8644,53.756832,-8.225545
8645,53.76132,-8.22532
8646,53.79928,-8.2055025
8647,53.766815,-8.2130575
8648,53.752182,-8.219456
8649,53.78629,-8.163754
8650,53.769688,-8.223713
8651,53.76591,-8.210492
8652,53.77576,-8.203219
8653,53.80646,-8.191662
8654,53.74913,-8.240485
8655,53.79396,-8.166405
8656,53.77311,-8.228871
8657,53.7398,-8.251282
8658,53.79381,-8.196764
8659,53.745426,-8.245165
8660,53.775494,-8.204037
8661,53.773495,-8.2117605
8662,53.805264,-8.168265
8663,53.738155,-8.290182
8664,53.78275,-8.215819
8665,53.756386,-8.254241
8666,53.819614,-8.171902
8667,53.75323,-8.233071
8668,53.77536,-8.232451
8669,53.76865,-8.215707
8670,53.79722,-8.235862
8671,53.837017,-8.172465
8672,53.767673,-8.246941
8673,53.713585,-8.268449
8674,53.78894,-8.219118
8675,53.801235,-8.210858
8676,53.776573,-8.246433
8677,53.786243,-8.227264
8678,53.771656,-8.269605
8679,53.776943,-8.23014
8680,53.76939,-8.262388
8681,53.76945,-8.231183
8682,53.832485,-8.202458
8683,53.79205,-8.215933
8684,53.789948,-8.258864
8685,53.745247,-8.232028
8686,53.857765,-8.172916
8687,53.773403,-8.242994
8688,53.808994,-8.180978
8689,53.79854,-8.217004
8690,53.789978,-8.222191
8691,53.789177,-8.2519865
8692,53.798553,-8.22002
8693,53.757973,-8.266476
8694,53.782055,-8.216017
8695,53.783386,-8.224277
8696,53.79531,-8.216948
8697,53.774456,-8.24429
8698,53.76862,-8.247392
8699,53.78903,-8.211141
8700,53.8176,-8.1916895
8701,53.833862,-8.191521
8702,53.800552,-8.2486315
8703,53.902763,-8.151211
8704,53.955624,-8.02188
8705,53.83746,-8.179907
8706,53.842644,-8.202064
8707,53.824974,-8.229745
8708,53.852257,-8.148279
8709,53.744034,-8.258892
8710,53.815735,-8.198483
8711,53.82151,-8.196793
8712,53.831272,-8.177201
8713,53.775017,-8.212099
8714,53.821583,-8.233579
8715,53.761868,-8.276116
8716,53.78761,-8.19293
8717,53.822266,-8.200372
8718,53.774143,-8.293086
8719,53.84186,-8.199696
8720,53.772884,-8.23761
8721,53.796436,-8.212775
8722,53.78241,-8.272169
8723,53.81185,-8.229435
8724,53.760357,-8.239668
8725,53.832203,-8.199639
8726,53.80319,-8.232649
8727,53.809734,-8.227828
8728,53.78256,-8.252804
8729,53.772263,-8.250718
8730,53.798656,-8.23341
8731,53.798435,-8.206122
8732,53.79156,-8.261035
8733,53.827152,-8.225376
8734,53.839462,-8.202571
8735,53.816933,-8.239583
8736,53.810196,-8.246123
8737,53.77687,-8.312734
8738,53.797916,-8.2741995
8739,53.843666,-8.224784
8740,53.840393,-8.198822
8741,53.80997,-8.240936
8742,53.811882,-8.230647
8743,53.782246,-8.244347
8744,53.79248,-8.231944
8745,53.807068,-8.275327
8746,53.7986,-8.22157
8747,53.877926,-8.201274
8748,53.814564,-8.233945
8749,53.788704,-8.267857
8750,53.832146,-8.2477865
8751,53.822563,-8.231437
8752,53.833595,-8.208547
8753,53.836514,-8.214044
8754,53.801765,-8.218075
8755,53.83262,-8.213226
8756,53.875687,-8.173
8757,53.822323,-8.240936
8758,53.80642,-8.254326
8759,53.832203,-8.226672
8760,53.795162,-8.229971
8761,53.836853,-8.255397
8762,53.800285,-8.235778
8763,53.852924,-8.201866
8764,53.89152,-8.154255
8765,53.7983,-8.301401
8766,53.823437,-8.252635
8767,53.840454,-8.235439
8768,53.83484,-8.247307
8769,53.895596,-8.198878
8770,53.773388,-8.321613
8771,53.846466,-8.213424
8772,54.06598,-7.9719567
8773,54.069164,-8.036566
8774,54.02322,-8.010858
8775,53.88641,-8.166066
8776,53.845726,-8.27995
8777,53.83432,-8.172606
8778,53.863216,-8.203839
8779,53.87957,-8.216355
8780,53.83832,-8.200259
8781,53.83465,-8.223262
8782,53.80421,-8.294128
8783,53.788216,-8.243586
8784,53.842274,-8.231859
8785,53.804848,-8.247645
8786,53.827152,-8.228082
8787,53.88644,-8.170012
8788,53.83376,-8.175622
8789,53.902554,-8.251535
8790,53.82271,-8.154819
8791,53.84848,-8.301289
8792,53.853367,-8.24866
8793,53.830605,-8.256891
8794,53.79978,-8.214326
8795,53.856537,-8.262783
8796,53.860447,-8.276341
8797,53.867615,-8.221091
8798,53.78192,-8.290831
8799,53.857765,-8.241105
8800,53.883804,-8.218131
8801,53.853516,-8.2185545
8802,53.84678,-8.287223
8803,53.92092,-8.220753
8804,53.83881,-8.26842
8805,53.84343,-8.253085
8806,53.83804,-8.227744
8807,53.88287,-8.185206
8808,53.805943,-8.287984
8809,53.90267,-8.201134
8810,53.874813,-8.212127
8811,53.879967,-8.198681
8812,53.853664,-8.253199
8813,53.84749,-8.26033
8814,53.836693,-8.268364
8815,53.85257,-8.238117
8816,53.8861,-8.223741
8817,53.86387,-8.266278
8818,53.833508,-8.283107
8819,53.859573,-8.23792
8820,53.88437,-8.209646
8821,53.855278,-8.24057
8822,53.86612,-8.225206
8823,53.842926,-8.25193
8824,53.808445,-8.25878
8825,53.850124,-8.239922
8826,53.812965,-8.261993
8827,53.858715,-8.263572
8828,53.862877,-8.25785
8829,53.886856,-8.198906
8830,53.90725,-8.220189
8831,53.850494,-8.276313
8832,53.875214,-8.2352705
8833,53.903427,-8.214156
8834,53.850094,-8.22594
8835,53.862804,-8.23713
8836,53.91661,-8.215453
8837,53.87813,-8.226335
8838,53.896988,-8.187123
8839,53.849857,-8.303883
8840,53.876606,-8.224248
8841,53.863335,-8.280851
8842,53.88816,-8.243586
8843,53.886173,-8.23076
8844,53.869705,-8.229801
8845,53.885227,-8.272874
8846,53.91273,-8.216891
8847,53.882027,-8.251084
8848,53.85143,-8.237948
8849,53.88592,-8.251028
8850,53.894676,-8.211535
8851,53.86747,-8.289731
8852,53.920403,-8.198427
8853,53.900955,-8.2321415
8854,53.865322,-8.228759
8855,53.889297,-8.24835
8856,53.93185,-8.291564
8857,53.916195,-8.259879
8858,53.887077,-8.225404
8859,53.857872,-8.257652
8860,53.930725,-8.196369
8861,53.899414,-8.288519
8862,53.97935,-8.139484
8863,53.941418,-8.151182
8864,53.825005,-8.382839
8865,53.889744,-8.335735
8866,53.915424,-8.23589
8867,53.871185,-8.288857
8868,53.901726,-8.176214
8869,53.842617,-8.235129
8870,53.91288,-8.235214
8871,53.957977,-8.17472
8872,53.91045,-8.26391
8873,53.891388,-8.253339
8874,53.882694,-8.23107
8875,53.928043,-8.263854
8876,53.905266,-8.235101
8877,53.920197,-8.239244
8878,53.899136,-8.242458
8879,53.886173,-8.279639
8880,53.827995,-8.307688
8881,53.91701,-8.239837
8882,53.872105,-8.279499
8883,53.944736,-8.212324
8884,53.885136,-8.231352
8885,53.88902,-8.304728
8886,53.881477,-8.272057
8887,53.90146,-8.200429
8888,53.95059,-8.167561
8889,53.9095,-8.217821
8890,53.892677,-8.211197
8891,53.87289,-8.250831
8892,53.94367,-8.207729
8893,53.89789,-8.273241
8894,53.9075,-8.259794
8895,53.90885,-8.239019
8896,53.894764,-8.271268
8897,53.942677,-8.219202
8898,53.866165,-8.28835
8899,53.865025,-8.288631
8900,53.943565,-8.219907
8901,53.928177,-8.239386
8902,53.930237,-8.217962
8903,53.902794,-8.2227545
8904,53.93572,-8.253875
8905,53.911026,-8.258075
8906,53.869762,-8.29816
8907,53.90094,-8.249731
8908,53.98036,-8.163557
8909,53.93859,-8.202346
8910,53.9071,-8.248322
8911,53.90507,-8.283755
8912,53.961533,-8.209985
8913,53.89995,-8.240683
8914,53.94475,-8.200908
8915,53.97181,-8.2099
8916,53.95992,-8.220696
8917,53.898006,-8.237187
8918,53.910908,-8.2383995
8919,53.896824,-8.246856
8920,53.963398,-8.247251
8921,53.950054,-8.245361
8922,53.95608,-8.223657
8923,53.904053,-8.272451
8924,53.934162,-8.228194
8925,53.94041,-8.220302
8926,53.94567,-8.234735
8927,53.929764,-8.21627
8928,53.896603,-8.268871
8929,53.981365,-8.189406
8930,53.916256,-8.202937
8931,53.904316,-8.287392
8932,53.90211,-8.259343
8933,53.941017,-8.1962
8934,53.89703,-8.247307
8935,53.917915,-8.178807
8936,53.968063,-8.198512
8937,53.921173,-8.239809
8938,53.92403,-8.245502
8939,53.93185,-8.260245
8940,53.93163,-8.2729025
8941,53.95528,-8.238822
8942,53.90654,-8.255989
8943,53.93336,-8.247419
8944,53.977306,-8.234509
8945,53.969574,-8.224728
8946,53.946632,-8.240513
8947,53.938694,-8.250802
8948,53.92982,-8.275412
8949,53.927288,-8.296355
8950,53.92837,-8.265827
8951,53.93271,-8.283529
8952,53.94715,-8.265404
8953,53.91916,-8.279188
8954,53.962437,-8.211027
8955,54.04474,-8.159583
8956,53.92957,-8.289901
8957,54.019444,-8.175481
8958,53.975395,-8.234847
8959,53.991642,-8.215509
8960,54.012615,-8.242768
8961,53.900867,-8.270056
8962,54.02957,-8.1522255
8963,54.01783,-8.143431
8964,53.925735,-8.232761
8965,53.962227,-8.1874895
8966,54.012497,-8.168688
8967,54.129723,-8.04615
8968,53.930546,-8.137764
8969,53.994205,-8.1764965
8970,54.049953,-8.259231
8971,53.939953,-8.209139
8972,53.9582,-8.236454
8973,53.823524,-8.26687
8974,53.99902,-8.237554
8975,53.9808,-8.225516
8976,53.983395,-8.191296
8977,53.958023,-8.228335
8978,53.97261,-8.206179
8979,53.936485,-8.269294
8980,53.99656,-8.206827
8981,53.909233,-8.281134
8982,54.00709,-8.170943
8983,54.001286,-8.2653475
8984,53.974697,-8.216496
8985,53.923897,-8.258696
8986,53.932858,-8.307547
8987,54.00755,-8.214918
8988,53.944336,-8.269012
8989,54.01417,-8.227659
8990,53.977734,-8.209956
8991,53.974552,-8.278061
8992,53.972893,-8.245051
8993,53.960304,-8.26126
8994,53.950363,-8.272254
8995,53.947018,-8.271549
8996,53.941998,-8.308477
8997,53.909798,-8.305066
8998,53.997375,-8.228674
8999,53.998306,-8.226813
9000,53.961708,-8.296609
9001,54.01235,-8.190111
9002,53.94536,-8.2883215
9003,53.956955,-8.257455
9004,54.020508,-8.215453
9005,53.966255,-8.27341
9006,53.982784,-8.237638
9007,53.95226,-8.285502
9008,53.926147,-8.307773
9009,53.979614,-8.273297
9010,54.029278,-8.20119
9011,53.972076,-8.265517
9012,54.01953,-8.211309
9013,53.976967,-8.235693
9014,53.946796,-8.294382
9015,54.01534,-8.211478
9016,53.99533,-8.23589
9017,53.954823,-8.260894
9018,54.021145,-8.27651
9019,54.057922,-8.167166
9020,54.06811,-8.236144
9021,54.055996,-8.22515
9022,53.98375,-8.231972
9023,53.96405,-8.262952
9024,54.02175,-8.206517
9025,53.999035,-8.240936
9026,53.97815,-8.255904
9027,53.97535,-8.297511
9028,54.031765,-8.24618
9029,53.970272,-8.230422
9030,54.00075,-8.248914
9031,53.95715,-8.235664
9032,53.956837,-8.195947
9033,54.024773,-8.268871
9034,53.94078,-8.290548
9035,54.05635,-8.190309
9036,53.985302,-8.205446
9037,54.020123,-8.187067
9038,53.95183,-8.312705
9039,53.98015,-8.257314
9040,53.92705,-8.290774
9041,53.972816,-8.246348
9042,54.00241,-8.248096
9043,53.96103,-8.301712
9044,53.98501,-8.27978
9045,53.980225,-8.241049
9046,54.001034,-8.275693
9047,54.006603,-8.248519
9048,54.00829,-8.23713
9049,53.954422,-8.400796
9050,54.069046,-8.198061
9051,54.03396,-8.217399
9052,53.94327,-8.223233
9053,54.127518,-8.020837
9054,54.01879,-8.140217
9055,53.911633,-8.290521
9056,53.99644,-8.274622
9057,54.001537,-8.248688
9058,54.00678,-8.28556
9059,53.997566,-8.324657
9060,53.976357,-8.227264
9061,53.975323,-8.288773
9062,53.982162,-8.304276
9063,54.06121,-8.1911545
9064,54.000233,-8.30859
9065,54.042206,-8.204685
9066,54.010647,-8.26453
9067,54.065624,-8.179231
9068,54.005848,-8.292973
9069,54.026005,-8.224248
9070,54.02879,-8.261965
9071,53.979275,-8.267096
9072,54.05413,-8.222472
9073,54.01001,-8.255623
9074,53.997463,-8.239639
9075,54.03369,-8.242853
9076,54.050545,-8.239217
9077,54.016438,-8.275778
9078,54.025826,-8.271944
9079,54.02288,-8.239498
9080,54.03563,-8.244178
9081,54.03652,-8.253255
9082,54.029766,-8.248153
9083,54.011562,-8.270901
9084,54.01758,-8.263769
9085,53.9998,-8.255679
9086,54.042133,-8.249336
9087,54.026005,-8.26718
9088,54.014053,-8.2747345
9089,54.040073,-8.267237
9090,54.030003,-8.2574835
9091,53.998028,-8.288857
9092,54.02541,-8.291648
9093,54.02599,-8.269971
9094,54.040222,-8.252465
9095,54.043835,-8.245419
9096,53.99013,-8.297455
9097,54.066082,-8.224108
9098,54.024982,-8.3047
9099,54.08624,-8.241161
9100,54.03212,-8.249787
9101,54.00102,-8.291423
9102,54.038757,-8.28088
9103,54.023457,-8.293931
9104,54.037334,-8.227969
9105,53.95697,-8.322036
9106,54.045376,-8.248434
9107,54.063564,-8.246941
9108,54.055508,-8.22718
9109,54.034092,-8.275101
9110,54.01919,-8.292719
9111,54.077103,-8.255763
9112,54.03049,-8.2851925
9113,53.992233,-8.272423
9114,54.005253,-8.2835865
9115,54.096386,-8.210717
9116,54.081516,-8.248463
9117,54.05782,-8.2661085
9118,54.030003,-8.2773
9119,53.992607,-8.346644
9120,54.046577,-8.248688
9121,54.079174,-8.246461
9122,54.055683,-8.249055
9123,53.98264,-8.305517
9124,54.04037,-8.30594
9125,54.034077,-8.23262
9126,54.020584,-8.277469
9127,53.99853,-8.29785
9128,54.094906,-8.188645
9129,54.08775,-8.20663
9130,54.016273,-8.2909155
9131,54.074123,-8.222811
9132,54.0735,-8.228364
9133,54.047375,-8.260894
9134,54.051716,-8.276624
9135,54.054916,-8.2762
9136,54.02762,-8.281246
9137,54.035793,-8.275355
9138,54.04714,-8.262811
9139,54.077488,-8.236003
9140,54.068703,-8.2350445
9141,54.046295,-8.280429
9142,54.02519,-8.276595
9143,54.070927,-8.264586
9144,54.06694,-8.255933
9145,54.004173,-8.288068
9146,54.079636,-8.268674
9147,54.02781,-8.282036
9148,54.05816,-8.272395
9149,54.02883,-8.309717
9150,54.020332,-8.341373
9151,54.039288,-8.26515
9152,54.098534,-8.174241
9153,54.061504,-8.284799
9154,54.03252,-8.304644
9155,54.03141,-8.303178
9156,54.04483,-8.231549
9157,54.067562,-8.279245
9158,54.046207,-8.281528
9159,54.072052,-8.306166
9160,54.04348,-8.231154
9161,54.043953,-8.230252
9162,54.08763,-8.223262
9163,54.051804,-8.236454
9164,54.062008,-8.241049
9165,54.100857,-8.228984
9166,54.08362,-8.2420635
9167,54.042015,-8.307152
9168,54.06885,-8.303515
9169,54.102844,-8.248941
9170,54.095097,-8.324319
9171,54.09615,-8.243107
9172,54.009014,-8.339598
9173,54.1266,-8.214241
9174,54.059505,-8.275242
9175,54.13965,-8.226221
9176,54.079754,-8.220725
9177,53.902542,-8.151521
9178,54.100338,-8.284094
9179,54.03772,-8.2710705
9180,54.11102,-8.236905
9181,54.08458,-8.270788
9182,54.117565,-8.243219
9183,54.115463,-8.244967
9184,54.105804,-8.242994
9185,54.114277,-8.236144
9186,54.087513,-8.25675
9187,54.055996,-8.288153
9188,54.075428,-8.288378
9189,54.06312,-8.305545
9190,54.115757,-8.265715
9191,54.14375,-8.238709
9192,54.108738,-8.255397
9193,54.092815,-8.259033
9194,54.077248,-8.261683
9195,54.067104,-8.2977085
9196,54.06817,-8.311465
9197,54.087677,-8.255904
9198,54.103035,-8.264728
9199,54.074154,-8.296412
9200,54.057655,-8.3005
9201,54.124096,-8.239583
9202,54.09668,-8.243502
9203,54.106323,-8.262726
9204,54.10671,-8.245672
9205,54.06549,-8.300189
9206,54.08901,-8.264249
9207,54.088,-8.294185
9208,54.1339,-8.203558
9209,54.045673,-8.313269
9210,54.07254,-8.289336
9211,54.082893,-8.275947
9212,54.119743,-8.273607
9213,54.102856,-8.295341
9214,54.138077,-8.245756
9215,54.092476,-8.279753
9216,54.132404,-8.226306
9217,54.122765,-8.278541
9218,54.13048,-8.252804
9219,54.08972,-8.298611
9220,54.13146,-8.279724
9221,54.10191,-8.317272
9222,54.09501,-8.267293
9223,54.135754,-8.263347
9224,54.099094,-8.303628
9225,54.102665,-8.313185
9226,54.111004,-8.255143
9227,54.088802,-8.301542
9228,54.098118,-8.275609
9229,54.10739,-8.26174
9230,54.164825,-8.216243
9231,54.11921,-8.276144
9232,54.114307,-8.261599
9233,54.10678,-8.275412
9234,54.09597,-8.297991
9235,54.135796,-8.261091
9236,54.122704,-8.256355
9237,54.126984,-8.272536
9238,54.08421,-8.295848
9239,54.091824,-8.287533
9240,54.11681,-8.280541
9241,54.122673,-8.2556505
9242,54.142105,-8.256665
9243,54.097183,-8.280739
9244,54.14994,-8.2506895
9245,54.108456,-8.295257
9246,54.100178,-8.294298
9247,54.111374,-8.278343
9248,54.12405,-8.266927
9249,54.098118,-8.285277
9250,54.14255,-8.262162
9251,54.107803,-8.266588
9252,54.08922,-8.298188
9253,54.11416,-8.288435
9254,54.11737,-8.288406
9255,54.114098,-8.249026
9256,54.124805,-8.296328
9257,54.096176,-8.279893
9258,54.193634,-8.219709
9259,54.133766,-8.297652
9260,54.117966,-8.283643
9261,54.146847,-8.257624
9262,54.130775,-8.270732
9263,54.093273,-8.301035
9264,54.113224,-8.288463
9265,54.13673,-8.261514
9266,54.119358,-8.284037
9267,54.134434,-8.307744
9268,54.17694,-8.247053
9269,54.17063,-8.265855
9270,54.125443,-8.266729
9271,54.116795,-8.293255
9272,54.124676,-8.294918
9273,54.180435,-8.259879
9274,54.150032,-8.265094
9275,54.123104,-8.295369
9276,54.14738,-8.267547
9277,54.135086,-8.26594
9278,54.13599,-8.28508
9279,54.132244,-8.294213
9280,54.14566,-8.277469
9281,54.162678,-8.266813
9282,54.16123,-8.272283
9283,54.146637,-8.266532
9284,54.1161,-8.294833
9285,54.146194,-8.280514
9286,54.15219,-8.290408
9287,54.13953,-8.306673
9288,54.160633,-8.26515
9289,54.14477,-8.273635
9290,54.1399,-8.28587
9291,54.136658,-8.300528
9292,54.129353,-8.303121
9293,54.17004,-8.269435
9294,54.153423,-8.269858
9295,54.151497,-8.269802
9296,54.135204,-8.312734
9297,54.1383,-8.286631
9298,54.13183,-8.3052635
9299,54.1827,-8.269435
9300,54.138092,-8.295143
9301,54.16801,-8.271973
9302,54.135796,-8.271493
9303,54.185223,-8.261993
9304,54.135323,-8.313551
9305,54.1629,-8.282543
9306,54.147644,-8.294072
9307,54.15135,-8.291084
9308,54.14713,-8.277385
9309,54.137707,-8.284516
9310,54.14732,-8.279302
9311,54.206562,-8.232761
9312,54.169003,-8.270703
9313,54.187695,-8.266137
9314,54.162857,-8.288209
9315,54.186184,-8.285136
9316,54.180687,-8.279273
9317,54.1443,-8.3094635
9318,54.154236,-8.287082
9319,54.154842,-8.290943
9320,54.130272,-8.301486
9321,54.172604,-8.253847
9322,54.159744,-8.28181
9323,54.158768,-8.269548
9324,54.16813,-8.28914
9325,54.15674,-8.280936
9326,54.11798,-8.338273
9327,54.16564,-8.267293
9328,54.163525,-8.255087
9329,54.181694,-8.256553
9330,54.166176,-8.316821
9331,54.19439,-8.322233
9332,54.181458,-8.278738
9333,54.183975,-8.275524
9334,54.233326,-8.281838
9335,54.147793,-8.284601
9336,54.166454,-8.262162
9337,54.234615,-8.25847
9338,54.236645,-8.249534
9339,54.16705,-8.283614
9340,54.24744,-8.206207
9341,54.385376,-8.129956
9342,54.287727,-8.298611
9343,54.202374,-8.299879
9344,54.207645,-8.244149
9345,54.145054,-8.312987
9346,54.2483,-8.231183
9347,54.19335,-8.270901
9348,54.18196,-8.306476
9349,54.176586,-8.288096
9350,54.190212,-8.219794
9351,54.179623,-8.286095
9352,54.23205,-8.254495
9353,54.242374,-8.264192
9354,54.282352,-8.207504
9355,54.165745,-8.312536
9356,54.22998,-8.246743
9357,54.213097,-8.2729025
9358,54.17595,-8.299569
9359,54.19128,-8.315439
9360,54.14433,-8.330972
9361,54.163536,-8.31248
9362,54.22444,-8.283924
9363,54.216057,-8.267659
9364,54.17817,-8.307265
9365,54.152874,-8.314227
9366,54.222202,-8.232903
9367,54.25141,-8.225376
9368,54.17949,-8.310309
9369,54.11943,-8.181683
9370,54.152283,-8.295848
9371,54.268784,-8.223657
9372,54.23718,-8.207504
9373,54.27875,-8.227828
9374,54.146786,-8.345715
9375,54.274,-8.220189
9376,54.191116,-8.273269
9377,54.1834,-8.317385
9378,54.178925,-8.308308
9379,54.165226,-8.286631
9380,54.16881,-8.32556
9381,54.22305,-8.257004
9382,54.207214,-8.282487
9383,54.212887,-8.281556
9384,54.172615,-8.354284
9385,54.184227,-8.32446
9386,54.2325,-8.281021
9387,54.18414,-8.321838
9388,54.231773,-8.250802
9389,54.225464,-8.264474
9390,54.225506,-8.285785
9391,54.263245,-8.195072
9392,54.238304,-8.287053
9393,54.256386,-8.275439
9394,54.170086,-8.339936
9395,54.238583,-8.293086
9396,54.293903,-8.270591
9397,54.17934,-8.310507
9398,54.21877,-8.342812
9399,54.232986,-8.3081665
9400,54.20896,-8.311212
9401,54.196327,-8.302388
9402,54.20049,-8.301486
9403,54.214367,-8.2945795
9404,54.20276,-8.297371
9405,54.226734,-8.272029
9406,54.197838,-8.311268
9407,54.226456,-8.300161
9408,54.23291,-8.291423
9409,54.17299,-8.36026
9410,54.238674,-8.299964
9411,54.24242,-8.256468
9412,54.2152,-8.287166
9413,54.25341,-8.283755
9414,54.255825,-8.253931
9415,54.22774,-8.323389
9416,54.240097,-8.284826
9417,54.24297,-8.260979
9418,54.219997,-8.294552
9419,54.20489,-8.318992
9420,54.19741,-8.310619
9421,54.21431,-8.2736635
9422,54.20403,-8.311155
9423,54.201485,-8.301261
9424,54.227993,-8.316144
9425,54.22647,-8.271014
9426,54.22025,-8.325334
9427,54.2209,-8.282684
9428,54.29328,-8.261063
9429,54.240437,-8.290887
9430,54.198654,-8.320965
9431,54.19981,-8.339344
9432,54.22305,-8.325587
9433,54.255306,-8.276849
9434,54.21877,-8.331169
9435,54.24082,-8.301147
9436,54.27342,-8.249365
9437,54.215317,-8.346363
9438,54.24097,-8.167532
9439,54.176735,-8.400852
9440,54.22312,-8.288829
9441,54.241592,-8.315439
9442,54.223167,-8.304193
9443,54.251602,-8.233466
9444,54.224987,-8.28539
9445,54.221893,-8.327335
9446,54.214382,-8.340161
9447,54.210976,-8.286461
9448,54.254803,-8.3368635
9449,54.29082,-8.272564
9450,54.19726,-8.370267
9451,54.271732,-8.264445
9452,54.265705,-8.292889
9453,54.229195,-8.317187
9454,54.259144,-8.314904
9455,54.245693,-8.271775
9456,54.19494,-8.419598
9457,54.282127,-8.234481
9458,54.277184,-8.23761
9459,54.275864,-8.2666445
9460,54.276054,-8.2692375
9461,54.211037,-8.34174
9462,54.267082,-8.297455
9463,54.224262,-8.339203
9464,54.29094,-8.287533
9465,54.257023,-8.283783
9466,54.240334,-8.327814
9467,54.25526,-8.266335
9468,54.184746,-8.3280115
9469,54.315926,-8.223854
9470,54.276558,-8.253085
9471,54.256134,-8.327674
9472,54.2209,-8.319838
9473,54.300747,-8.258977
9474,54.254,-8.307885
9475,54.296837,-8.255707
9476,54.259274,-8.306166
9477,54.27139,-8.293452
9478,54.293236,-8.282882
9479,54.290676,-8.284741
9480,54.30657,-8.263064
9481,54.28278,-8.2828245
9482,54.19956,-8.346109
9483,54.254623,-8.322036
9484,54.237133,-8.326997
9485,54.245487,-8.331282
9486,54.248775,-8.327843
9487,54.26348,-8.318568
9488,54.312107,-8.251282
9489,54.21705,-8.353128
9490,54.25935,-8.297737
9491,54.318962,-8.284009
9492,54.305176,-8.267039
9493,54.26846,-8.283953
9494,54.26206,-8.307519
9495,54.236465,-8.313692
9496,54.2797,-8.292212
9497,54.296658,-8.261627
9498,54.27706,-8.29286
9499,54.260403,-8.319217
9500,54.293446,-8.2674055
9501,54.281433,-8.290887
9502,54.318905,-8.302332
9503,54.2672,-8.281866
9504,54.264935,-8.323445
9505,54.29968,-8.268167
9506,54.28118,-8.319273
9507,54.27946,-8.337483
9508,54.270634,-8.275975
9509,54.299385,-8.293537
9510,54.30704,-8.270056
9511,54.305634,-8.282515
9512,54.258476,-8.317075
9513,54.23592,-8.315496
9514,54.296997,-8.302444
9515,54.314075,-8.278907
9516,54.289505,-8.283135
9517,54.29599,-8.275863
9518,54.269745,-8.308083
9519,54.289017,-8.262754
9520,54.338512,-8.285785
9521,54.318905,-8.215989
9522,54.30458,-8.307265
9523,54.33638,-8.273325
9524,54.31141,-8.297652
9525,54.29395,-8.281302
9526,54.291843,-8.333791
9527,54.342453,-8.273607
9528,54.25895,-8.319555
9529,54.32388,-8.276088
9530,54.3687,-8.250464
9531,54.285786,-8.327899
9532,54.295666,-8.289506
9533,54.326885,-8.2661085
9534,54.314507,-8.292635
9535,54.252033,-8.379034
9536,54.26717,-8.323728
9537,54.342808,-8.25816
9538,54.25433,-8.383967
9539,54.28023,-8.281697
9540,54.280544,-8.349238
9541,54.311085,-8.299315
9542,54.27462,-8.308223
9543,54.308475,-8.293086
9544,54.41396,-8.218723
9545,54.307205,-8.319865
9546,54.32779,-8.284178
9547,54.41713,-8.187208
9548,54.321125,-8.25582
9549,54.29922,-8.312818
9550,54.340645,-8.246292
9551,54.318443,-8.273128
9552,54.288765,-8.30532
9553,54.322754,-8.296074
9554,54.348244,-8.270393
9555,54.253708,-8.333678
9556,54.2951,-8.294889
9557,54.26606,-8.344981
9558,54.311115,-8.290436
9559,54.311394,-8.33909
9560,54.357,-8.26236
9561,54.308994,-8.3324375
9562,54.2781,-8.351099
9563,54.381317,-8.252719
9564,54.33441,-8.303995
9565,54.336483,-8.24787
9566,54.338085,-8.291874
9567,54.31141,-8.313382
9568,54.31803,-8.301571
9569,54.350376,-8.290211
9570,54.313957,-8.291282
9571,54.324043,-8.2916765
9572,54.294083,-8.333903
9573,54.348927,-8.276116
9574,54.304108,-8.307237
9575,54.30963,-8.331705
9576,54.321377,-8.314678
9577,54.337624,-8.287279
9578,54.323612,-8.293114
9579,54.34343,-8.26064
9580,54.24187,-8.367251
9581,54.327614,-8.321106
9582,54.33309,-8.293114
9583,54.33635,-8.286067
9584,54.321495,-8.332212
9585,54.341164,-8.299569
9586,54.33003,-8.353523
9587,54.321068,-8.341035
9588,54.34749,-8.311098
9589,54.303722,-8.329252
9590,54.31338,-8.312029
9591,54.330204,-8.319019
9592,54.339745,-8.302388
9593,54.369987,-8.271324
9594,54.324886,-8.277356
9595,54.3256,-8.301571
9596,54.332485,-8.321951
9597,54.546562,-8.132437
9598,54.33675,-8.314002
9599,54.31461,-8.314143
9600,54.342186,-8.314481
9601,54.33099,-8.316398
9602,54.37905,-8.275975
9603,54.325615,-8.33365
9604,54.355236,-8.289026
9605,54.318993,-8.337878
9606,54.352364,-8.291253
9607,54.33142,-8.299513
9608,54.328396,-8.305856
9609,54.33062,-8.310591
9610,54.348495,-8.33675
9611,54.341625,-8.340274
9612,54.367603,-8.30002
9613,54.343178,-8.291789
9614,54.333076,-8.29971
9615,54.320282,-8.293875
9616,54.36661,-8.31668
9617,54.378326,-8.269605
9618,54.321823,-8.296806
9619,54.36283,-8.289901
9620,54.311497,-8.307715
9621,54.338203,-8.294438
9622,54.368744,-8.291902
9623,54.39798,-8.234593
9624,54.39087,-8.293057
9625,54.333595,-8.307378
9626,54.356583,-8.354707
9627,54.395786,-8.208773
9628,54.338528,-8.339879
9629,54.366447,-8.3261795
9630,54.338573,-8.367364
9631,54.406155,-8.290999
9632,54.33774,-8.337737
9633,54.318058,-8.341571
9634,54.372444,-8.233945
9635,54.337105,-8.32897
9636,54.385998,-8.265715
9637,54.345356,-8.319217
9638,54.36664,-8.2697735
9639,54.40565,-8.284009
9640,54.382236,-8.307462
9641,54.376015,-8.283502
9642,54.37551,-8.287702
9643,54.35131,-8.357018
9644,54.32062,-8.338583
9645,54.323242,-8.295482
9646,54.314003,-8.245221
9647,54.454556,-8.19138
9648,54.37935,-8.2809925
9649,54.346542,-8.34563
9650,54.42215,-8.323248
9651,54.390057,-8.295848
9652,54.445953,-8.16663
9653,54.470257,-8.097032
9654,54.44173,-8.192282
9655,54.35097,-8.376244
9656,54.330677,-8.37458
9657,54.586937,-8.371986
9658,54.342793,-8.373706
9659,54.453045,-8.212127
9660,54.35402,-8.248378
9661,54.337788,-8.337117
9662,54.35873,-8.34811
9663,54.451786,-8.188279
9664,54.35334,-8.360796
9665,54.386353,-8.276595
9666,54.39577,-8.295228
9667,54.341194,-8.332606
9668,54.355976,-8.30453
9669,54.36427,-8.326574
9670,54.362846,-8.34501
9671,54.393196,-8.297371
9672,54.342407,-8.359104
9673,54.355827,-8.339062
9674,54.35802,-8.333537
9675,54.40993,-8.28167
9676,54.412685,-8.286264
9677,54.397163,-8.277159
9678,54.368507,-8.29348
9679,54.46131,-8.240936
9680,54.3978,-8.328689
9681,54.38093,-8.345122
9682,54.41178,-8.295567
9683,54.363262,-8.339344
9684,54.38677,-8.329477
9685,54.381214,-8.345207
9686,54.40029,-8.315158
9687,54.361233,-8.359528
9688,54.403683,-8.28508
9689,54.40241,-8.280936
9690,54.41189,-8.316736
9691,54.366787,-8.35747
9692,54.399208,-8.310958
9693,54.358967,-8.332155
9694,54.39971,-8.291818
9695,54.384827,-8.3162
9696,54.415234,-8.27978
9697,54.371513,-8.353692
9698,54.436516,-8.275129
9699,54.44354,-8.234847
9700,54.341785,-8.299513
9701,54.374786,-8.317102
9702,54.408836,-8.337201
9703,54.399506,-8.320936
9704,54.393906,-8.2729025
9705,54.43899,-8.285052
9706,54.406258,-8.349577
9707,54.385048,-8.340415
9708,54.368267,-8.299062
9709,54.41063,-8.345348
9710,54.39367,-8.333762
9711,54.382145,-8.350394
9712,54.393936,-8.316765
9713,54.438663,-8.312198
9714,54.412834,-8.290238
9715,54.34457,-8.323981
9716,54.417442,-8.297314
9717,54.371674,-8.321162
9718,54.383522,-8.32773
9719,54.404556,-8.376695
9720,54.382442,-8.2339735
9721,54.369083,-8.335313
9722,54.442486,-8.300443
9723,54.417248,-8.30002
9724,54.482414,-8.278851
9725,54.368652,-8.337766
9726,54.389137,-8.314848
9727,54.41584,-8.259682
9728,54.35774,-8.361218
9729,54.43218,-8.27169
9730,54.440323,-8.277018
9731,54.376194,-8.372212
9732,54.428444,-8.227208
9733,54.351532,-8.344981
9734,54.432564,-8.267152
9735,54.425823,-8.314368
9736,54.56177,-8.098469
9737,54.526894,-8.242571
9738,54.405533,-8.302896
9739,54.510452,-8.12973
9740,54.38404,-8.283078
9741,54.43594,-8.271859
9742,54.52691,-8.238878
9743,54.39632,-8.376525
9744,54.36116,-8.345883
9745,54.409504,-8.353213
9746,54.486637,-8.212212
9747,54.45318,-8.246687
9748,54.39561,-8.385151
9749,54.372875,-8.297371
9750,54.439747,-8.308308
9751,54.456585,-8.279922
9752,54.439583,-8.322994
9753,54.468197,-8.295538
9754,54.42399,-8.3363
9755,54.477127,-8.273438
9756,54.587543,-7.850688
9757,54.500397,-8.152169
9758,54.46614,-8.247419
9759,54.440502,-8.322966
9760,54.462734,-8.311944
9761,54.475796,-8.300218
9762,54.453712,-8.280175
9763,54.474583,-8.324573
9764,54.41233,-8.38329
9765,54.403046,-8.324065
9766,54.49176,-8.242487
9767,54.402927,-8.36322
9768,54.31668,-8.387575
9769,54.453445,-8.307378
9770,54.48415,-8.28026
9771,54.46737,-8.268646
9772,54.5134,-8.235664
9773,54.455044,-8.317582
9774,54.441154,-8.31169
9775,54.448483,-8.303854
9776,54.482906,-8.26267
9777,54.4514,-8.289928
9778,54.441048,-8.279865
9779,54.41559,-8.375313
9780,54.480194,-8.32167
9781,54.4538,-8.314651
9782,54.456913,-8.266786
9783,54.420967,-8.386081
9784,54.461636,-8.32415
9785,54.47806,-8.285362
9786,54.439125,-8.228561
9787,54.515118,-8.262021
9788,54.45885,-8.276341
9789,54.51001,-8.209985
9790,54.423187,-8.33365
9791,54.461235,-8.258892
9792,54.451046,-8.294326
9793,54.35442,-8.354228
9794,54.382977,-8.351043
9795,54.38844,-8.355919
9796,54.516956,-8.2078705
9797,54.403755,-8.270647
9798,54.35374,-8.400599
9799,54.419796,-8.254072
9800,54.49478,-8.287025
9801,54.47843,-8.303515
9802,54.48394,-8.32945
9803,54.460186,-8.305348
9804,54.51426,-8.279978
9805,54.464287,-8.251789
9806,54.430355,-8.314115
9807,54.40473,-8.364009
9808,54.467724,-8.279893
9809,54.396423,-8.354566
9810,54.40555,-8.313241
9811,54.396618,-8.373481
9812,54.535927,-8.360006
9813,54.482742,-8.319527
9814,54.38862,-8.288716
9815,54.49545,-8.240541
9816,54.41168,-8.442121
9817,54.51383,-8.326377
9818,54.459103,-8.223092
9819,54.62525,-8.349773
9820,54.43767,-8.346814
9821,54.391064,-8.346532
9822,54.51396,-8.148674
9823,54.505802,-8.359921
9824,54.577755,-8.277554
9825,54.52153,-8.289167
9826,54.39958,-8.356004
9827,54.36766,-8.363445
9828,54.43221,-8.259118
9829,54.534016,-8.476737
9830,54.48403,-8.575765
9831,54.60388,-8.374524
9832,54.52805,-8.223064
9833,54.521843,-8.364179
9834,54.57435,-8.304728
9835,54.484432,-8.314734
9836,54.653793,-8.330859
9837,54.48991,-8.380669
9838,54.52282,-8.270732
9839,54.476566,-8.32866
9840,54.432312,-8.407223
9841,54.525692,-8.265264
9842,54.469975,-8.31527
9843,54.513935,-8.37272
9844,54.494442,-8.304136
9845,54.46725,-8.342303
9846,54.51592,-8.263854
9847,54.47704,-8.3836
9848,54.482178,-8.350197
9849,54.47313,-8.408547
9850,54.462627,-8.399809
9851,54.485275,-8.352367
9852,54.506824,-8.2687025
9853,54.384354,-8.454214
9854,54.504883,-8.253339
9855,54.4259,-8.373678
9856,54.4054,-8.3889
9857,54.57974,-8.27341
9858,54.52137,-8.252099
9859,54.519947,-8.27403
9860,54.507225,-8.325024
9861,54.484562,-8.336159
9862,54.486298,-8.320401
9863,54.49936,-8.323135
9864,54.49733,-8.335933
9865,54.42901,-8.41909
9866,54.55952,-8.254213
9867,54.506737,-8.21799
9868,54.442486,-8.298583
9869,54.50641,-8.354707
9870,54.486073,-8.323219
9871,54.547523,-8.331733
9872,54.541584,-8.328716
9873,54.46663,-8.35169
9874,54.470673,-8.3768635
9875,54.511135,-8.286772
9876,54.526833,-8.333199
9877,54.519623,-8.368801
9878,54.54717,-8.329224
9879,54.489407,-8.315524
9880,54.54874,-8.335764
9881,54.277744,-8.251845
9882,54.486816,-8.353607
9883,54.4892,-8.372296
9884,54.54714,-8.283558
9885,54.517902,-8.332184
9886,54.52787,-8.320824
9887,54.51913,-8.358709
9888,54.565666,-8.290577
9889,54.561684,-8.305856
9890,54.497093,-8.351804
9891,54.53621,-8.302754
9892,54.48147,-8.336243
9893,54.487644,-8.393495
9894,54.523426,-8.328491
9895,54.517963,-8.322318
9896,54.45623,-8.333283
9897,54.519264,-8.34422
9898,54.470818,-8.304756
9899,54.518364,-8.350027
9900,54.48581,-8.305883
9901,54.54902,-8.298864
9902,54.485245,-8.313326
9903,54.505016,-8.376018
9904,54.511505,-8.320767
9905,54.520405,-8.304305
9906,54.51152,-8.339598
9907,54.479527,-8.365701
9908,54.55154,-8.338413
9909,54.501476,-8.42845
9910,54.50921,-8.311127
9911,54.52436,-8.351916
9912,54.471485,-8.354284
9913,54.481247,-8.372635
9914,54.535526,-8.295257
9915,54.490635,-8.352931
9916,54.47913,-8.388392
9917,54.52196,-8.315017
9918,54.61669,-8.272564
9919,54.582523,-8.27248
9920,54.546963,-8.329618
9921,54.489956,-8.391719
9922,54.497566,-8.382022
9923,54.589455,-8.383234
9924,54.502205,-8.36074
9925,54.464348,-8.400176
9926,54.53643,-8.286518
9927,54.58365,-8.246828
9928,54.538742,-8.323784
9929,54.54686,-8.338076
9930,54.49961,-8.37069
9931,54.585323,-8.292719
9932,54.577057,-8.29551
9933,54.56099,-8.333565
9934,54.55151,-8.328069
9935,54.50924,-8.343205
9936,54.53024,-8.351663
9937,54.557316,-8.34563
9938,54.552162,-8.319414
9939,54.515965,-8.326292
9940,54.541748,-8.399386
9941,54.57122,-8.30952
9942,54.537437,-8.342078
9943,54.507904,-8.386645
9944,54.520615,-8.351014
9945,54.52676,-8.382107
9946,54.492725,-8.432255
9947,54.536907,-8.313354
9948,54.602177,-8.282938
9949,54.58119,-8.285165
9950,54.54859,-8.351578
9951,54.500397,-8.359189
9952,54.570038,-8.3363
9953,54.55062,-8.350817
9954,54.54299,-8.333057
9955,54.534267,-8.378442
9956,54.54923,-8.320992
9957,54.545807,-8.353467
9958,54.574215,-8.288914
9959,54.52587,-8.364235
9960,54.612766,-8.283953
9961,54.567947,-8.347998
9962,54.512096,-8.378188
9963,54.572006,-8.337568
9964,54.55576,-8.330521
9965,54.568733,-8.299767
9966,54.53495,-8.32508
9967,54.536697,-8.367251
9968,54.52433,-8.363023
9969,54.59667,-8.318146
9970,54.562885,-8.311634
9971,54.533157,-8.370774
9972,54.5819,-8.310732
9973,54.54625,-8.338639
9974,54.59092,-8.357751
9975,54.570778,-8.337512
9976,54.55782,-8.333171
9977,54.578583,-8.325221
9978,54.596684,-8.328322
9979,54.53812,-8.343657
9980,54.563667,-8.351775
9981,54.55395,-8.347519
9982,54.561386,-8.368604
9983,54.57048,-8.317807
9984,54.538166,-8.309351
9985,54.58999,-8.326264
9986,54.565845,-8.386532
9987,54.593304,-8.334523
9988,54.619225,-8.338893
9989,54.619907,-8.3478
9990,54.595127,-8.316257
9991,54.518673,-8.329083
9992,54.57845,-8.373988
9993,54.54985,-8.372325
9994,54.60995,-8.346898
9995,54.58091,-8.363615
9996,54.580433,-8.366377
9997,54.567696,-8.383065
9998,54.576347,-8.363304
9999,54.59785,-8.324404
10000,54.581337,-8.364347
10001,54.581604,-8.365418
10002,54.58827,-8.354031
10003,54.60881,-8.290436
10004,54.58836,-8.331789
10005,54.552338,-8.36976
10006,54.61312,-8.32897
10007,54.515636,-8.342276
10008,54.65662,-8.31217
10009,54.559135,-8.344812
10010,54.632183,-8.286405
10011,54.578125,-8.427745
10012,54.576523,-8.316483
10013,54.644123,-8.290859
10014,54.53082,-8.335961
10015,54.60317,-8.333537
10016,54.650654,-8.19761
10017,54.521843,-8.454073
10018,54.584846,-8.362403
10019,54.64042,-8.288604
10020,54.604813,-8.377483
10021,54.547924,-8.444715
10022,54.55465,-8.32866
10023,54.642403,-8.336891
10024,54.616188,-8.338554
10025,54.56881,-8.358992
10026,54.546593,-8.416836
10027,54.602207,-8.315073
10028,54.620304,-8.3078
10029,54.633827,-8.312254
10030,54.58719,-8.342727
10031,54.603657,-8.344981
10032,54.645157,-8.284939
10033,54.55102,-8.350676
10034,54.632553,-8.342642
10035,54.61127,-8.344305
10036,54.61053,-8.299372
10037,54.56447,-8.391691
10038,54.589676,-8.379429
10039,54.59994,-8.353523
10040,54.64116,-8.291733
10041,54.58729,-8.38876
10042,54.604412,-8.350084
10043,54.592995,-8.402882
10044,54.575428,-8.325926
10045,54.549168,-8.4196825
10046,54.58818,-8.35186
10047,54.600754,-8.385038
10048,54.587616,-8.358062
10049,54.67543,-8.256665
10050,54.566025,-8.391268
10051,54.58018,-8.333452
10052,54.61287,-8.346927
10053,54.62041,-8.323417
10054,54.67022,-8.276285
10055,54.609894,-8.32976
10056,54.65462,-8.338076
10057,54.67801,-8.311127
10058,54.536224,-8.40914
10059,54.59603,-8.355891
10060,54.573162,-8.335059
10061,54.688034,-8.311973
10062,54.660637,-8.365786
10063,54.640003,-8.310309
10064,54.721878,-8.214297
10065,54.669373,-8.361811
10066,54.65397,-8.329477
10067,54.655556,-8.26064
10068,54.697395,-8.313156
10069,54.77151,-8.086376
10070,54.624466,-8.404855
10071,54.671597,-8.302642
10072,54.650166,-8.325672
10073,54.678467,-8.300979
10074,54.660664,-8.331845
10075,54.66533,-8.341881
10076,54.670486,-8.17689
10077,54.48135,-8.384165
10078,54.62327,-8.343798
10079,54.59252,-8.433128
10080,54.66942,-8.2822895
10081,54.59957,-8.408435
10082,54.6105,-8.351578
10083,54.653008,-8.298216
10084,54.604397,-8.323389
10085,54.673313,-8.246066
10086,54.659584,-8.3392315
10087,54.584137,-8.431014
10088,54.561935,-8.337258
10089,54.62592,-8.281416
10090,54.676544,-8.353156
10091,54.617477,-8.411254
10092,54.618233,-8.37334
10093,54.619404,-8.313185
10094,54.617905,-8.410211
10095,54.633015,-8.399753
10096,54.667538,-8.325362
10097,54.649555,-8.331254
10098,54.625328,-8.350309
10099,54.618824,-8.392226
10100,54.60699,-8.37847
10101,54.656933,-8.331705
10102,54.60009,-8.396426
10103,54.67768,-8.288999
10104,54.629696,-8.391438
10105,54.659702,-8.351324
10106,54.62383,-8.349605
10107,54.648045,-8.347829
10108,54.566498,-8.377878
10109,54.61296,-8.328716
10110,54.69793,-8.339823
10111,54.689384,-8.314256
10112,54.545494,-8.417061
10113,54.600636,-8.469521
10114,54.668427,-8.290521
10115,54.62223,-8.470592
10116,54.631638,-8.397131
10117,54.646194,-8.419034
10118,54.563313,-8.4027405
10119,54.59972,-8.461346
10120,54.74362,-8.180076
10121,54.613388,-8.357385
10122,54.69294,-8.258385
10123,54.648285,-8.34687
10124,54.612217,-8.412832
10125,54.667152,-8.420021
10126,54.673832,-8.337201
10127,54.60397,-8.375425
10128,54.659687,-8.29909
10129,54.629265,-8.394031
10130,54.601955,-8.426138
10131,54.641663,-8.310393
10132,54.69498,-8.343488
10133,54.67503,-8.352339
10134,54.667343,-8.308646
10135,54.602947,-8.454834
10136,54.692833,-8.297793
10137,54.69984,-8.294833
10138,54.631577,-8.366715
10139,54.656994,-8.408435
10140,54.642387,-8.311465
10141,54.66505,-8.349407
10142,54.66086,-8.345461
10143,54.643276,-8.328886
10144,54.708668,-8.342501
10145,54.655186,-8.375257
10146,54.64178,-8.371198
10147,54.647217,-8.378554
10148,54.659184,-8.399781
10149,54.683918,-8.335792
10150,54.677074,-8.361754
10151,54.673534,-8.425461
10152,54.723343,-8.273325
10153,54.58679,-8.472903
10154,54.6544,-8.357385
10155,54.650623,-8.430084
10156,54.648357,-8.372296
10157,54.71154,-8.273635
10158,54.587337,-8.520909
10159,54.67952,-8.406857
10160,54.621845,-8.4784
10161,54.753143,-8.249787
10162,54.674526,-8.363643
10163,54.5791,-8.511832
10164,54.676483,-8.368999
10165,54.658073,-8.371902
10166,54.635887,-8.364883
10167,54.65779,-8.366433
10168,54.73294,-8.285728
10169,54.68512,-8.3272505
10170,54.676025,-8.357075
10171,54.695206,-8.313861
10172,54.68885,-8.393354
10173,54.65723,-8.436004
10174,54.697662,-8.332889
10175,54.711494,-8.383573
10176,54.667595,-8.377342
10177,54.692093,-8.3724375
10178,54.701527,-8.354594
10179,54.670708,-8.380105
10180,54.703423,-8.368153
10181,54.63334,-8.409281
10182,54.675373,-8.373283
10183,54.679447,-8.37303
10184,54.691235,-8.342078
10185,54.688583,-8.350563
10186,54.662323,-8.3836565
10187,54.70384,-8.282402
10188,54.647987,-8.382953
10189,54.65111,-8.384249
10190,54.69014,-8.404715
10191,54.70572,-8.359499
10192,54.68014,-8.295143
10193,54.73685,-8.360091
10194,54.69029,-8.389351
10195,54.679104,-8.389267
10196,54.675312,-8.442713
10197,54.71009,-8.3217535
10198,54.76449,-8.26594
10199,54.675507,-8.384165
10200,54.675625,-8.3851795
10201,54.70849,-8.419429
10202,54.768875,-8.198145
10203,54.820786,-8.176045
10204,54.69907,-8.4272375
10205,54.719807,-8.274368
10206,54.747917,-8.353805
10207,54.771362,-8.284741
10208,54.658962,-8.500557
10209,54.609287,-8.514792
10210,54.605007,-8.541093
10211,54.76215,-8.302106
10212,54.754227,-8.330577
10213,54.7772,-8.322487
10214,54.770607,-8.307744
10215,54.755558,-8.23293
10216,54.709023,-8.368886
10217,54.799206,-8.203783
10218,54.632774,-8.455821
10219,54.73038,-8.339005
10220,54.791565,-8.286941
10221,54.749737,-8.339851
10222,54.7491,-8.335425
10223,54.6794,-8.369591
10224,54.694775,-8.343122
10225,54.64049,-8.429126
10226,54.751915,-8.281302
10227,54.798702,-8.265179
10228,54.689606,-8.418893
10229,54.59843,-8.452607
10230,54.691086,-8.377117
10231,54.760475,-8.295735
10232,54.704815,-8.358569
10233,54.719864,-8.348224
10234,54.714058,-8.393495
10235,54.819202,-8.246207
10236,54.710117,-8.322684
10237,54.788677,-8.2773285
10238,54.73195,-8.341656
10239,54.678867,-8.375961
10240,54.720486,-8.346673
10241,54.73924,-8.320401
10242,54.74217,-8.339062
10243,54.849014,-8.31107
10244,54.745117,-8.402036
10245,54.730366,-8.314171
10246,54.722782,-8.370267
10247,54.69002,-8.430958
10248,54.789875,-8.29551
10249,54.82671,-8.275383
10250,54.732555,-8.345179
10251,54.70107,-8.401726
10252,54.724396,-8.407618
10253,54.725655,-8.381543
10254,54.728752,-8.350902
10255,54.682865,-8.410211
10256,54.642254,-8.405616
10257,54.713955,-8.421628
10258,54.76418,-8.301768
10259,54.721107,-8.383798
10260,54.753204,-8.336496
10261,54.76646,-8.339485
10262,54.737698,-8.389943
10263,54.671505,-8.431128
10264,54.796585,-8.299428
10265,54.720917,-8.357385
10266,54.75898,-8.366828
10267,54.792244,-8.279837
10268,54.701393,-8.38656
10269,54.778263,-8.336666
10270,54.736717,-8.398597
10271,54.681164,-8.387321
10272,54.80359,-8.30081
10273,54.76914,-8.3162
10274,54.78946,-8.365165
10275,54.731033,-8.40446
10276,54.773567,-8.324263
10277,54.77665,-8.333565
10278,54.722042,-8.367815
10279,54.753025,-8.387998
10280,54.74057,-8.333057
10281,54.77167,-8.251282
10282,54.73383,-8.346786
10283,54.869736,-8.283192
10284,54.8111,-8.298696
10285,54.71859,-8.403812
10286,54.81578,-8.280063
10287,54.75138,-8.362599
10288,54.763985,-8.389097
10289,54.762314,-8.428224
10290,54.724354,-8.374411
10291,54.805428,-8.315383
10292,54.754654,-8.360063
10293,54.759647,-8.366349
10294,54.782368,-8.388562
10295,54.77801,-8.341993
10296,54.7809,-8.346673
10297,54.759586,-8.348505
10298,54.663006,-8.397047
10299,54.781998,-8.334016
10300,54.720768,-8.338611
10301,54.698093,-8.454553
10302,54.852688,-8.301261
10303,54.719967,-8.434369
10304,54.823483,-8.321811
10305,54.86957,-8.27138
10306,54.80575,-8.190111
10307,54.797222,-8.364319
10308,54.763172,-8.309379
10309,54.711304,-8.442403
10310,54.867588,-8.266193
10311,54.927334,-8.277131
10312,54.939007,-8.206856
10313,54.794674,-8.360204
10314,54.854393,-8.278794
10315,54.763866,-8.354735
10316,54.759113,-8.283924
10317,54.803204,-8.413312
10318,54.83721,-8.307208
10319,54.836456,-8.287899
10320,54.80768,-8.356031
10321,54.779404,-8.276116
10322,54.716133,-8.413593
10323,54.749176,-8.432847
10324,54.782677,-8.324657
10325,54.7761,-8.410493
10326,54.799118,-8.3045025
10327,54.810905,-8.305573
10328,54.813145,-8.305151
10329,54.839268,-8.3096895
10330,54.783463,-8.38797
10331,54.83644,-8.358343
10332,54.941807,-8.349943
10333,54.712727,-8.506251
10334,54.797874,-8.371902
10335,54.81646,-8.315468
10336,54.724113,-8.409337
10337,54.803825,-8.420866
10338,54.74984,-8.457907
10339,54.746197,-8.390507
10340,54.793354,-8.356314
10341,54.81504,-8.334298
10342,54.76535,-8.410972
10343,54.83065,-8.348561
10344,54.865738,-8.3392315
10345,54.789444,-8.320429
10346,54.708447,-8.456328
10347,54.820282,-8.312959
10348,54.738644,-8.417456
10349,54.731003,-8.453397
10350,54.80833,-8.365982
10351,54.798523,-8.307659
10352,54.836113,-8.342444
10353,54.773792,-8.408773
10354,54.79251,-8.3596115
10355,54.722027,-8.466984
10356,54.743828,-8.432903
10357,54.823555,-8.360824
10358,54.825497,-8.317328
10359,54.83508,-8.332747
10360,54.80701,-8.353663
10361,54.81458,-8.355524
10362,54.81332,-8.340781
10363,54.730618,-8.442939
10364,54.7688,-8.28804
10365,54.819588,-8.349266
10366,54.81073,-8.367589
10367,54.73331,-8.385066
10368,54.976063,-8.313438
10369,54.751827,-8.348477
10370,54.83847,-8.351099
10371,54.701115,-8.469436
10372,54.776085,-8.397667
10373,54.91131,-8.240288
10374,54.80328,-8.384644
10375,54.83422,-8.42718
10376,54.733936,-8.347293
10377,54.764652,-8.35186
10378,54.7579,-8.341317
10379,54.87507,-8.302276
10380,54.815617,-8.227237
10381,54.90549,-8.341909
10382,54.862568,-8.410578
10383,54.707897,-8.388055
10384,54.816357,-8.393072
10385,54.775303,-8.417541
10386,54.801903,-8.337766
10387,54.819008,-8.392677
10388,54.835922,-8.429689
10389,54.845844,-8.404855
10390,54.83601,-8.413566
10391,54.867054,-8.443023
10392,54.782352,-8.467491
10393,54.97932,-8.231042
10394,54.829094,-8.39138
10395,54.801132,-8.410493
10396,54.8418,-8.398146
10397,54.702374,-8.464334
10398,54.888084,-8.223121
10399,54.82332,-8.311747
10400,54.846424,-8.341402
10401,54.79931,-8.383234
10402,54.83478,-8.3280115
10403,54.729668,-8.481191
10404,54.838352,-8.324545
10405,54.871914,-8.249534
10406,54.782486,-8.42081
10407,54.77148,-8.445447
10408,54.755276,-8.391014
10409,54.882797,-8.383263
10410,54.81914,-8.3316765
10411,54.857414,-8.316285
10412,54.799843,-8.415398
10413,54.854332,-8.403756
10414,54.86504,-8.214354
10415,54.742363,-8.374862
10416,54.913532,-8.308871
10417,54.781998,-8.387716
10418,54.812775,-8.357864
10419,54.858078,-8.348731
10420,54.76286,-8.3789215
10421,54.776974,-8.428111
10422,54.7636,-8.555327
10423,54.779465,-8.383544
10424,54.862717,-8.3232765
10425,54.864048,-8.325362
10426,54.83613,-8.3439665
10427,54.914894,-8.194142
10428,54.88668,-8.219287
10429,54.808655,-8.437893
10430,54.78189,-8.427745
10431,54.978893,-8.342557
10432,54.841312,-8.488407
10433,54.85134,-8.348364
10434,54.853962,-8.438823
10435,54.797623,-8.366884
10436,54.92295,-8.345405
10437,54.84955,-8.446152
10438,54.831318,-8.455905
10439,54.778843,-8.39685
10440,54.888737,-8.230422
10441,55.01543,-8.288575
10442,54.83502,-8.339993
10443,55.07198,-8.268139
10444,54.919308,-8.471184
10445,54.932327,-8.388562
10446,54.926373,-8.352846
10447,54.78761,-8.44914
10448,54.84746,-8.342586
10449,54.819393,-8.382107
10450,54.867573,-8.393918
10451,54.874683,-8.366236
10452,54.831196,-8.39217
10453,54.98372,-8.345151
10454,54.872192,-8.418048
10455,54.83613,-8.452241
10456,54.94074,-8.301317
10457,54.87951,-8.296102
10458,54.911472,-8.337315
10459,55.05321,-8.161838
10460,54.907238,-8.356792
10461,54.89503,-8.410437
10462,54.98929,-8.305207
10463,54.881496,-8.42329
10464,54.80325,-8.444996
10465,54.915337,-8.345658
10466,54.871216,-8.409986
10467,54.87449,-8.427265
10468,54.904957,-8.454439
10469,54.828133,-8.375003
10470,54.83764,-8.54253
10471,54.824192,-8.360063
10472,54.894382,-8.373115
10473,54.682865,-8.535286
10474,54.865738,-8.309379
10475,54.872818,-8.3125925
10476,54.796005,-8.429633
10477,54.87012,-8.346419
10478,54.932446,-8.350534
10479,54.824768,-8.427406
10480,54.824978,-8.373368
10481,54.87378,-8.364179
10482,54.939674,-8.30236
10483,54.812893,-8.464475
10484,54.789536,-8.40057
10485,54.87665,-8.297878
10486,54.88687,-8.373847
10487,54.88407,-8.36463
10488,54.852734,-8.363333
10489,54.989956,-8.355891
10490,54.978996,-8.382529
10491,54.798702,-8.439556
10492,54.927452,-8.403728
10493,54.951447,-8.403699
10494,54.854126,-8.351296
10495,54.983646,-8.380528
10496,54.71819,-8.673862
10497,54.91519,-8.40804
10498,54.915176,-8.312677
10499,54.82022,-8.530324
10500,54.892677,-8.444432
10501,54.866997,-8.395947
10502,54.954437,-8.3180895
10503,54.831833,-8.400091
10504,54.957714,-8.330718
10505,54.94231,-8.287984
10506,54.805084,-8.432734
10507,54.8567,-8.398653
10508,54.939377,-8.288689
10509,54.870552,-8.479218
10510,54.895256,-8.39076
10511,54.815735,-8.454495
10512,54.883717,-8.277187
10513,54.84814,-8.417737
10514,54.853546,-8.445363
10515,54.84287,-8.432537
10516,54.93397,-8.264925
10517,54.847473,-8.485955
10518,54.905994,-8.414778
10519,54.853977,-8.461882
10520,54.787224,-8.482093
10521,54.89543,-8.30859
10522,54.999836,-8.317977
10523,55.01146,-8.280063
10524,54.881184,-8.384869
10525,54.903355,-8.364432
10526,54.87939,-8.451198
10527,54.852406,-8.417681
10528,55.00038,-8.302247
10529,54.862034,-8.423404
10530,54.848022,-8.413481
10531,54.91451,-8.40804
10532,54.94108,-8.32897
10533,54.92233,-8.37365
10534,54.92698,-8.369308
10535,54.8785,-8.389097
10536,54.950054,-8.407533
10537,54.861828,-8.439274
10538,54.816166,-8.473298
10539,54.900616,-8.368322
10540,55.003567,-8.336356
10541,54.917027,-8.384926
10542,54.93166,-8.405842
10543,54.88086,-8.403361
10544,54.892395,-8.408435
10545,54.96654,-8.330182
10546,54.94549,-8.390282
10547,54.985527,-8.392029
10548,54.95478,-8.409844
10549,54.948513,-8.390789
10550,54.957504,-8.412015
10551,55.025192,-8.404206
10552,54.871468,-8.448097
10553,54.91448,-8.421487
10554,54.97427,-8.4334955
10555,54.918507,-8.449704
10556,54.972374,-8.38687
10557,54.954426,-8.382134
10558,54.883984,-8.414073
10559,54.910362,-8.407054
10560,54.90808,-8.478936
10561,54.954765,-8.404883
10562,54.913044,-8.37396
10563,54.967678,-8.378244
10564,54.91162,-8.378273
10565,54.88123,-8.431296
10566,54.93055,-8.411564
10567,54.858658,-8.443361
10568,54.948765,-8.40463
10569,54.928993,-8.419344
10570,54.935585,-8.39248
10571,54.914078,-8.3998375
10572,54.943745,-8.382134
10573,54.912434,-8.358343
10574,54.900703,-8.416356
10575,54.941463,-8.424982
10576,54.973057,-8.384728
10577,55.0089,-8.371254
10578,54.888577,-8.431775
10579,54.863102,-8.466109
10580,55.00699,-8.374778
10581,54.926594,-8.438964
10582,54.91137,-8.466645
10583,54.91587,-8.452663
10584,54.960037,-8.375398
10585,54.915115,-8.399218
10586,54.986847,-8.367815
10587,54.942562,-8.397103
10588,54.910526,-8.397187
10589,54.952515,-8.39995
10590,54.904762,-8.424446
10591,54.919426,-8.448379
10592,54.902348,-8.434989
10593,54.959667,-8.423516
10594,54.8945,-8.464672
10595,54.969696,-8.342276
10596,54.999477,-8.305968
10597,54.98732,-8.366067
10598,54.931305,-8.437413
10599,54.91325,-8.437188
10600,55.02661,-8.332635
10601,54.948486,-8.396962
10602,54.90983,-8.421063
10603,54.91328,-8.423714
10604,54.917988,-8.409929
10605,54.937527,-8.437611
10606,54.969666,-8.411705
10607,55.00567,-8.3470955
10608,54.98209,-8.403896
10609,54.891537,-8.388872
10610,54.960274,-8.436483
10611,54.945137,-8.427209
10612,54.98831,-8.342303
10613,55.082035,-8.320485
10614,54.91735,-8.414608
10615,54.937923,-8.361811
10616,54.942265,-8.397187
10617,55.020924,-8.37988
10618,54.927216,-8.415877
10619,54.786217,-8.413988
10620,54.959236,-8.343629
10621,54.945374,-8.438174
10622,55.03052,-8.3199215
10623,54.962925,-8.3862505
10624,54.95155,-8.401754
10625,54.94736,-8.363502
10626,54.971767,-8.406885
10627,54.986786,-8.379147
10628,54.940933,-8.416159
10629,54.996117,-8.379259
10630,54.97759,-8.39668
10631,54.922787,-8.43296
10632,54.9808,-8.415285
10633,55.026524,-8.413396
10634,55.01097,-8.3575535
10635,55.12875,-8.337455
10636,55.0697,-8.39327
10637,55.0375,-8.377005
10638,54.951405,-8.43544
10639,54.999065,-8.439837
10640,54.94077,-8.454045
10641,55.00604,-8.395609
10642,54.94336,-8.390112
10643,54.994415,-8.429238
10644,55.003906,-8.41179
10645,54.971325,-8.366518
10646,54.95604,-8.429436
10647,54.952854,-8.43296
10648,55.003284,-8.360626
10649,54.9227,-8.466786
10650,54.976017,-8.38828
10651,54.965797,-8.434284
10652,54.97298,-8.4544115
10653,55.02503,-8.386589
10654,54.99455,-8.396286
10655,54.956734,-8.43809
10656,55.008648,-8.406969
10657,54.948826,-8.393354
10658,54.967827,-8.4152565
10659,54.989525,-8.377286
10660,55.003773,-8.343515
10661,54.991924,-8.368435
10662,54.9417,-8.453707
10663,55.019325,-8.354453
10664,55.011196,-8.387857
10665,55.02639,-8.379598
10666,54.999584,-8.361754
10667,54.94191,-8.440401
10668,55.006927,-8.451
10669,55.02454,-8.374693
10670,54.95416,-8.433805
10671,54.95294,-8.374186
10672,55.02134,-8.39248
10673,54.95549,-8.413791
10674,54.945805,-8.423319
10675,55.01839,-8.4047985
10676,55.0085,-8.391127
10677,55.01706,-8.379513
10678,54.989822,-8.37582
10679,54.98606,-8.408745
10680,55.00413,-8.416863
10681,54.993023,-8.3880825
10682,55.073784,-8.3405
10683,55.029827,-8.357667
10684,54.968197,-8.421148
10685,55.047497,-8.326602
10686,55.0335,-8.324855
10687,54.93412,-8.385038
10688,54.969902,-8.389097
10689,55.000427,-8.406293
10690,54.95013,-8.397723
10691,55.055477,-8.356455
10692,55.020348,-8.402177
10693,54.97953,-8.396173
10694,55.020554,-8.311549
10695,55.222027,-8.460472
10696,55.056606,-8.402544
10697,55.08402,-8.400599
10698,54.956394,-8.467576
10699,54.970303,-8.460838
10700,55.00213,-8.386589
10701,55.018585,-8.437047
10702,54.96894,-8.461431
10703,55.002354,-8.36322
10704,54.994755,-8.386081
10705,55.04018,-8.397272
10706,55.16483,-8.416666
10707,55.127445,-8.391353
10708,54.976864,-8.424672
10709,55.04255,-8.471409
10710,55.02152,-8.4334955
10711,54.96364,-8.459401
10712,55.035706,-8.414158
10713,55.00758,-8.36556
10714,54.992664,-8.44852
10715,54.995834,-8.4494505
10716,55.063908,-8.370464
10717,55.001553,-8.417568
10718,55.07799,-8.371028
10719,54.875557,-8.672763
10720,55.121906,-8.298526
10721,55.107983,-8.326857
10722,55.049065,-8.46845
10723,55.02713,-8.445729
10724,54.99714,-8.427491
10725,55.06653,-8.377286
10726,55.04292,-8.426589
10727,54.9642,-8.565843
10728,55.019962,-8.429859
10729,55.014748,-8.408915
10730,55.124897,-8.31916
10731,54.945774,-8.475215
10732,55.032906,-8.426138
10733,54.99991,-8.4382305
10734,55.06558,-8.336271
10735,55.05305,-8.291113
10736,55.12053,-8.362403
10737,55.078983,-8.440147
10738,55.13011,-8.249139
10739,55.17265,-8.256102
10740,55.072807,-8.377737
10741,55.021667,-8.416131
10742,55.112087,-8.364883
10743,54.99012,-8.354876
10744,55.002308,-8.364996
10745,55.05893,-8.392621
10746,54.973232,-8.456272
10747,55.006264,-8.408266
10748,55.024822,-8.427942
10749,55.096165,-8.328632
10750,55.147854,-8.329224
10751,55.088863,-8.423995
10752,55.063225,-8.311916
10753,55.035038,-8.422304
10754,55.072468,-8.358287
10755,55.069817,-8.362487
10756,55.038994,-8.344559
10757,55.017193,-8.437723
10758,55.077694,-8.378442
10759,55.085426,-8.401698
10760,55.061745,-8.373142
10761,55.078316,-8.442488
10762,55.036682,-8.411395
10763,55.047985,-8.446208
10764,55.032078,-8.454665
10765,55.060677,-8.430648
10766,55.099022,-8.355355
10767,55.08667,-8.375144
10768,55.00367,-8.431014
10769,55.10172,-8.388787
10770,55.089085,-8.341853
10771,55.08692,-8.363784
10772,55.138584,-8.353607
10773,54.999374,-8.461402
10774,55.047657,-8.44291
10775,55.047287,-8.404742
10776,55.10951,-8.343629
10777,55.026806,-8.451
10778,55.050755,-8.414044
10779,54.983425,-8.458302
10780,55.14498,-8.337483
10781,55.132614,-8.319583
10782,55.136703,-8.334242
10783,55.014126,-8.416271
10784,55.230175,-8.37272
10785,55.2358,-8.382558
10786,55.013817,-8.372945
10787,55.28111,-8.311155
10788,55.1137,-8.405222
10789,54.999344,-8.418188
10790,55.22942,-8.414863
10791,55.03298,-8.520571
10792,55.049747,-8.320599
10793,55.130066,-8.404376
10794,55.04495,-8.41303
10795,55.124203,-8.372691
10796,55.044712,-8.439105
10797,55.015594,-8.460134
10798,55.16539,-8.302332
10799,55.132435,-8.387265
10800,55.069134,-8.39902
10801,54.998234,-8.541403
10802,55.007698,-8.4837
10803,55.1378,-8.30983
10804,54.97633,-8.510282
10805,55.078777,-8.442882
10806,55.128674,-8.397977
10807,55.160046,-8.327279
10808,55.074497,-8.379203
10809,55.048,-8.388195
10810,55.008293,-8.481501
10811,55.1444,-8.393748
10812,55.134968,-8.349999
10813,55.093216,-8.364799
10814,55.0673,-8.424897
10815,55.11274,-8.383178
10816,55.048252,-8.407702
10817,55.12863,-8.359189
10818,55.057774,-8.458386
10819,55.062305,-8.451113
10820,55.093704,-8.414412
10821,55.06848,-8.420641
10822,55.064293,-8.416779
10823,55.15418,-8.385236
10824,55.1887,-8.329281
10825,55.002605,-8.527646
10826,55.09055,-8.402713
10827,54.951534,-8.496977
10828,55.353428,-8.152197
10829,55.299015,-8.179597
10830,55.19851,-8.303657
10831,55.147247,-8.364235
10832,55.133415,-8.365588
10833,55.08353,-8.440908
10834,55.04221,-8.4784
10835,55.17222,-8.381176
10836,55.06376,-8.39496
10837,55.04237,-8.4586115
10838,55.203144,-8.27138
10839,55.059284,-8.413593
10840,55.042503,-8.414129
10841,55.107006,-8.441219
10842,55.04797,-8.479471
10843,55.282383,-8.108983
10844,55.098682,-8.357103
10845,55.069992,-8.460923
10846,55.145927,-8.367476
10847,55.16844,-8.313072
10848,55.189323,-8.335144
10849,55.057995,-8.446462
10850,55.11724,-8.369957
10851,55.16662,-8.298386
10852,55.209053,-8.34718
10853,55.037453,-8.508393
10854,55.04566,-8.47654
10855,55.02583,-8.511127
10856,55.082596,-8.414242
10857,55.210815,-8.287392
10858,55.08913,-8.318231
10859,55.00459,-8.45117
10860,55.133266,-8.3285475
10861,55.17657,-8.276567
10862,55.10034,-8.414214
10863,55.13017,-8.408547
10864,55.13396,-8.399753
10865,55.140614,-8.361811
10866,55.156902,-8.373481
10867,55.076183,-8.432818
10868,55.13263,-8.385687
10869,55.10194,-8.41909
10870,55.173523,-8.347463
10871,55.096268,-8.38797
10872,55.135338,-8.418414
10873,55.158237,-8.363304
10874,55.235847,-8.366603
10875,55.1971,-8.366039
10876,55.09002,-8.47451
10877,55.19833,-8.327307
10878,55.019146,-8.623968
10879,55.200447,-8.322121
10880,55.12195,-8.41272
10881,55.16801,-8.352677
10882,55.24842,-8.286602
10883,55.27403,-8.267941
10884,55.08371,-8.391521
10885,55.019947,-8.362403
10886,55.03723,-8.326799
10887,55.239388,-8.2684765
10888,55.12078,-8.441811
10889,55.108013,-8.397977
10890,55.12441,-8.452269
10891,55.02661,-8.469323
10892,55.129147,-8.382924
10893,55.131355,-8.314058
10894,55.136154,-8.42377
10895,55.137325,-8.3831215
10896,55.12552,-8.405813
10897,55.138718,-8.46377
10898,55.231445,-8.290662
10899,55.104473,-8.404432
10900,55.093704,-8.446039
10901,55.03473,-8.505236
10902,55.11733,-8.482008
10903,55.206448,-8.313241
10904,55.171272,-8.382248
10905,55.114204,-8.407505
10906,55.149174,-8.432057
10907,55.143276,-8.440345
10908,55.147823,-8.42704
10909,55.129444,-8.43186
10910,55.223255,-8.394904
10911,55.11438,-8.377005
10912,55.156414,-8.388646
10913,55.164413,-8.382783
10914,55.107983,-8.461712
10915,55.20264,-8.322909
10916,55.178246,-8.363953
10917,55.21582,-8.371339
10918,55.197308,-8.393072
10919,55.071873,-8.438203
10920,55.09566,-8.411
10921,55.143517,-8.33785
10922,55.080185,-8.465433
10923,55.07907,-8.47623
10924,55.18136,-8.397977
10925,55.175327,-8.392818
10926,55.13057,-8.450212
10927,55.11478,-8.50005
10928,55.17992,-8.391521
10929,55.068527,-8.489817
10930,55.18564,-8.374862
10931,55.141724,-8.456892
10932,55.15782,-8.429379
10933,55.14027,-8.444602
10934,55.133755,-8.458724
10935,55.188984,-8.411959
10936,55.19054,-8.399358
10937,55.14248,-8.421346
10938,55.150208,-8.396032
10939,55.12549,-8.458132
10940,55.134777,-8.469549
10941,55.15421,-8.440711
10942,55.16841,-8.438118
10943,55.1447,-8.442798
10944,55.10779,-8.421063
10945,55.093513,-8.476766
10946,55.19069,-8.40463
10947,55.153233,-8.4152
10948,55.186615,-8.404235
10949,55.07482,-8.477978
10950,55.185947,-8.44229
10951,55.16536,-8.362543
10952,55.13303,-8.467181
10953,55.109493,-8.462135
10954,55.19362,-8.385997
10955,55.049362,-8.453341
10956,55.099483,-8.471494
10957,55.158443,-8.386927
10958,55.153038,-8.439725
10959,55.08885,-8.490183
10960,55.257366,-8.302332
10961,55.167465,-8.404827
10962,55.184334,-8.397977
10963,55.099705,-8.486237
10964,55.221333,-8.315947
10965,55.160652,-8.425292
10966,55.15311,-8.434003
10967,55.18173,-8.413058
10968,55.12586,-8.458978
10969,55.083855,-8.5218115
10970,55.18343,-8.533707
10971,55.20243,-8.373988
10972,55.21151,-8.395299
10973,55.04726,-8.569563
10974,55.24894,-8.293931
10975,55.24599,-8.227321
10976,55.06531,-7.953747
10977,55.128555,-8.465659
10978,55.22983,-8.356173
10979,55.09711,-8.554792
10980,55.212727,-8.343149
10981,55.208103,-8.337427
10982,55.20784,-8.369506
10983,55.094326,-8.583432
10984,55.176914,-8.426645
10985,55.11197,-8.462924
10986,55.126244,-8.448266
10987,55.15215,-8.433862
10988,55.17026,-8.376159
10989,55.23632,-8.343544
10990,55.215347,-8.366179
10991,55.228306,-8.40043
10992,55.20482,-8.408237
10993,55.204994,-8.43248
10994,55.217407,-8.380161
10995,55.14208,-8.465152
10996,55.165405,-8.449281
10997,55.195885,-8.465123
10998,55.17786,-8.441529
10999,55.219185,-8.395299
11000,55.11687,-8.558175
11001,55.15554,-8.431691
11002,55.229877,-8.399979
11003,55.20846,-8.390366
11004,55.12768,-8.5737915
11005,55.31113,-8.289111
11006,55.249176,-8.344305
11007,55.244053,-8.381656
11008,55.224945,-8.347603
11009,55.187164,-8.429295
11010,55.153202,-8.456977
11011,55.206684,-8.366489
11012,55.151794,-8.449844
11013,55.17093,-8.461036
11014,55.1874,-8.415764
11015,55.172516,-8.453341
11016,55.28114,-8.319978
11017,55.246304,-8.439443
11018,55.239742,-8.419429
11019,55.15074,-8.463263
11020,55.198418,-8.437188
11021,55.19143,-8.43296
11022,55.279953,-8.368632
11023,55.202682,-8.485024
11024,55.17435,-8.489422
11025,55.24571,-8.377342
11026,55.20393,-8.464475
11027,55.19205,-8.446095
11028,55.245888,-8.370521
11029,55.151024,-8.4922695
11030,55.142834,-8.5589075
11031,55.23456,-8.422219
11032,55.1137,-8.547661
11033,55.10939,-8.564799
11034,55.19575,-8.436483
11035,55.143353,-8.532495
11036,55.20874,-8.449844
11037,55.27613,-8.332409
11038,55.03187,-8.499852
11039,55.328667,-8.310902
11040,55.203796,-8.384559
11041,55.054337,-8.604067
11042,55.264076,-8.356567
11043,55.30864,-8.250351
11044,55.265305,-8.330296
11045,55.273125,-8.450014
11046,55.22896,-8.37878
11047,55.21656,-8.23558
11048,55.157703,-8.441444
11049,55.217197,-8.347039
11050,55.199516,-8.343403
11051,55.189045,-8.43062
11052,55.162235,-8.383516
11053,55.195915,-8.358512
11054,55.063168,-8.366123
11055,55.184303,-8.421458
11056,55.171566,-8.523249
11057,55.22909,-8.42876
11058,55.269764,-8.348449
11059,55.278515,-8.350141
11060,55.211617,-8.422022
11061,55.23924,-8.411959
11062,55.17829,-8.442488
11063,55.177326,-8.446603
11064,55.30978,-8.445476
11065,55.134422,-8.505433
11066,55.2607,-8.368632
11067,55.255146,-8.4165535
11068,55.235504,-8.407533
11069,55.24146,-8.462107
11070,55.15646,-8.540669
11071,55.1955,-8.488773
11072,55.316845,-8.358625
11073,55.374016,-8.238258
11074,55.38757,-8.260725
11075,55.335922,-8.286264
11076,55.197693,-8.510113
11077,55.19094,-8.453763
11078,55.27059,-8.395919
11079,55.18833,-8.492777
11080,55.1492,-8.49926
11081,55.18032,-8.471804
11082,55.27225,-8.344644
11083,55.355236,-8.297765
11084,55.295444,-8.382332
11085,55.271553,-8.38907
11086,55.24731,-8.436455
11087,55.289505,-8.376018
11088,55.280766,-8.435045
11089,55.19741,-8.500895
11090,55.269672,-8.420895
11091,55.310627,-8.391043
11092,55.209366,-8.475469
11093,55.199024,-8.496723
11094,55.23736,-8.450014
11095,55.25289,-8.432057
11096,55.258255,-8.428618
11097,55.236526,-8.451621
11098,55.248344,-8.422135
11099,55.191917,-8.4951725
11100,55.215393,-8.471437
11101,55.256508,-8.439133
11102,55.213245,-8.479133
11103,55.201485,-8.458217
11104,55.325157,-8.3776245
11105,55.267704,-8.429774
11106,55.20409,-8.4870825
11107,55.21896,-8.472057
11108,55.2627,-8.437837
11109,55.266697,-8.4384
11110,55.26064,-8.41692
11111,55.19211,-8.471015
11112,55.23762,-8.446998
11113,55.24149,-8.469689
11114,55.22302,-8.46828
11115,55.257736,-8.450437
11116,55.25399,-8.448041
11117,55.289284,-8.401754
11118,55.280678,-8.425856
11119,55.25289,-8.470676
11120,55.250656,-8.469521
11121,55.155098,-8.591917
11122,55.20006,-8.482515
11123,55.27687,-8.4121275
11124,55.219288,-8.494496
11125,55.185623,-8.517695
11126,55.31338,-8.400063
11127,55.180172,-8.495145
11128,55.27683,-8.372184
11129,55.344543,-8.340669
11130,55.355236,-8.328689
11131,55.19029,-8.608069
11132,55.324932,-8.373171
11133,55.246674,-8.472142
11134,55.25048,-8.480373
11135,55.25953,-8.4902115
11136,55.243057,-8.47389
11137,55.3305,-8.391296
11138,55.249603,-8.478823
11139,55.30276,-8.403192
11140,55.25415,-8.432283
11141,55.214,-8.526463
11142,55.299385,-8.373622
11143,55.3349,-8.380669
11144,55.336544,-8.394172
11145,55.169907,-8.591241
11146,55.300747,-8.375539
11147,55.299088,-8.417287
11148,55.366005,-8.294974
11149,55.296467,-8.468928
11150,55.36984,-8.310619
11151,55.30694,-8.408858
11152,55.238895,-8.4878435
11153,55.338055,-8.364235
11154,55.265274,-8.44649
11155,55.294247,-8.398597
11156,55.315617,-8.378019
11157,55.23736,-8.492128
11158,55.30538,-8.436145
11159,55.3115,-8.412692
11160,55.239326,-8.534355
11161,55.338753,-8.380838
11162,55.230484,-8.508083
11163,55.277687,-8.457878
11164,55.271393,-8.439696
11165,55.223717,-8.548759
11166,55.378742,-8.331874
11167,55.24971,-8.617654
11168,55.238926,-8.485532
11169,55.184036,-8.559387
11170,55.305885,-8.469859
11171,55.35836,-8.338132
11172,55.306095,-8.418048
11173,55.233833,-8.507576
11174,55.382977,-8.348928
11175,55.331066,-8.41007
11176,55.274,-8.470733
11177,55.330605,-8.416018
11178,55.36492,-8.352029
11179,55.328102,-8.395806
11180,55.285934,-8.46797
11181,55.310314,-8.412015
11182,55.251102,-8.4742565
11183,55.373913,-8.367786
11184,55.333805,-8.47124
11185,55.367603,-8.425377
11186,55.281654,-8.463319
11187,55.302437,-8.409478
11188,55.268,-8.475807
11189,55.352673,-8.355073
11190,55.28638,-8.524207
11191,55.297535,-8.453453
11192,55.362034,-8.369027
11193,55.3748,-8.349773
11194,55.30082,-8.488295
11195,55.360374,-8.379513
11196,55.315704,-8.442347
11197,55.268948,-8.50377
11198,55.34386,-8.408661
11199,55.327896,-8.447561
11200,55.324593,-8.4437275
11201,55.328117,-8.424446
11202,55.31581,-8.453199
11203,55.28675,-8.476991
11204,55.32443,-8.429859
11205,55.313633,-8.417568
11206,55.352734,-8.397131
11207,55.286602,-8.511156
11208,55.311737,-8.416159
11209,55.282055,-8.47451
11210,55.318504,-8.458076
11211,55.3191,-8.430282
11212,55.291504,-8.498245
11213,55.300983,-8.507266
11214,55.283894,-8.478315
11215,55.343166,-8.393382
11216,55.412895,-8.37957
11217,55.303265,-8.455651
11218,55.314167,-8.447646
11219,55.333584,-8.460782
11220,55.293625,-8.477611
11221,55.331287,-8.442121
11222,55.323616,-8.446603
11223,55.341743,-8.450944
11224,55.300762,-8.470874
11225,55.314285,-8.452269
11226,55.319023,-8.468421
11227,55.30716,-8.47981
11228,55.345608,-8.410578
11229,55.321484,-8.462333
11230,55.315544,-8.465152
11231,55.31347,-8.47451
11232,55.328934,-8.463347
11233,55.331184,-8.450212
11234,55.332546,-8.46704
11235,55.361977,-8.436145
11236,55.31581,-8.462163
11237,55.334087,-8.464221
11238,55.304035,-8.467435
11239,55.344364,-8.453087
11240,55.344852,-8.399669
11241,55.276043,-8.437779
11242,55.34881,-8.420782
11243,55.351784,-8.430789
11244,55.311188,-8.475863
11245,55.35857,-8.430423
11246,55.35035,-8.446659
11247,55.347935,-8.423741
11248,55.345463,-8.452522
11249,55.355946,-8.3862505
11250,55.29432,-8.517639
11251,55.370388,-8.439386
11252,55.301697,-8.49974
11253,55.317795,-8.479359
11254,55.36138,-8.440063
11255,55.31169,-8.449168
11256,55.368107,-8.416046
11257,55.346542,-8.463516
11258,55.33693,-8.457512
11259,55.36485,-8.434538
11260,55.33323,-8.46876
11261,55.368935,-8.412522
11262,55.329823,-8.487731
11263,55.352554,-8.448858
11264,55.34093,-8.494721
11265,55.336796,-8.440908
11266,55.340054,-8.4690695
11267,55.3284,-8.48167
11268,55.361843,-8.442966
11269,55.407757,-8.462811
11270,55.373127,-8.413988
11271,55.29383,-8.474708
11272,55.34607,-8.425377
11273,55.352024,-8.491141
11274,55.343594,-8.466138
11275,55.350483,-8.493848
11276,55.352066,-8.454721
11277,55.32939,-8.486659
11278,55.36581,-8.44649
11279,55.374268,-8.452212
11280,55.38329,-8.468562
11281,55.402603,-8.463826
11282,55.38031,-8.444151
11283,55.37458,-8.457597
11284,55.326103,-8.449366
11285,55.373985,-8.441501
11286,55.38431,-8.437667
11287,55.334396,-8.49864
11288,55.336826,-8.500867
11289,55.36975,-8.428647
11290,55.340767,-8.46656
11291,55.33785,-8.484546
11292,55.383274,-8.437893
11293,55.346127,-8.447364
11294,55.37908,-8.431804
11295,55.344795,-8.420359
11296,55.331093,-8.4907465
11297,55.355724,-8.460923
11298,55.348618,-8.48432
11299,55.34749,-8.464108
11300,55.360138,-8.455341
11301,55.360302,-8.470676
11302,55.364803,-8.467886
11303,55.363262,-8.461289
11304,55.368195,-8.45489
11305,55.357903,-8.4703665
11306,55.392487,-8.446969
11307,55.3993,-8.420415
11308,55.384857,-8.450437
11309,55.391613,-8.461205
11310,55.365307,-8.493566
11311,55.401417,-8.454355
11312,55.349003,-8.481754
11313,55.401596,-8.4549465
11314,55.40955,-8.430225
11315,55.343773,-8.505828
11316,55.382473,-8.448012
11317,55.38428,-8.438428
11318,55.371216,-8.483305
11319,55.36565,-8.461825
11320,55.38779,-8.451451
11321,55.391388,-8.460782
11322,55.39653,-8.47186
11323,55.37224,-8.463347
11324,55.414066,-8.439584
11325,55.35854,-8.460302
11326,55.403786,-8.479444
11327,55.362923,-8.487308
11328,55.383568,-8.47919
11329,55.398308,-8.448886
11330,55.357605,-8.502671
11331,55.391434,-8.485447
11332,55.409355,-8.464982
11333,55.392174,-8.467942
11334,55.36935,-8.495004
11335,55.385452,-8.477301
11336,55.383198,-8.512198
11337,55.388058,-8.459204
11338,55.371662,-8.482037
11339,55.37991,-8.45661
11340,55.367958,-8.462727
11341,55.39675,-8.484179
11342,55.400646,-8.477329
11343,55.43505,-8.427265
11344,55.384785,-8.452269
11345,55.43036,-8.418019
11346,55.388264,-8.4431925
11347,55.40764,-8.442713
11348,55.406067,-8.466223
11349,55.35374,-8.496216
11350,55.383865,-8.497963
11351,55.41202,-8.44198
11352,55.362373,-8.515412
11353,55.38979,-8.480993
11354,55.450737,-8.396089
11355,55.40872,-8.449422
11356,55.397774,-8.466928
11357,55.418495,-8.508421
11358,55.41919,-8.478598
11359,55.420258,-8.448351
11360,55.412865,-8.438315
11361,55.391346,-8.503206
11362,55.39856,-8.44587
11363,55.387775,-8.502107
11364,55.41823,-8.439922
11365,55.417633,-8.457371
11366,55.440075,-8.375454
11367,55.464275,-8.32556
11368,55.46312,-8.391747
11369,55.42544,-8.458302
11370,55.354362,-8.505659
11371,55.39567,-8.477244
11372,55.437748,-8.4247
11373,55.424908,-8.47654
11374,55.428047,-8.432199
11375,55.470745,-8.441669
11376,55.407413,-8.469154
11377,55.375526,-8.507209
11378,55.43517,-8.459231
11379,55.400795,-8.483474
11380,55.402973,-8.495624
11381,55.398514,-8.456723
11382,55.40589,-8.474454
11383,55.437023,-8.422417
11384,55.40177,-8.476427
11385,55.39782,-8.517893
11386,55.3969,-8.485983
11387,55.38222,-8.483671
11388,55.467487,-8.405193
11389,55.425766,-8.468816
11390,55.48255,-8.382812
11391,55.53144,-8.297455
11392,55.43302,-8.481529
11393,55.440014,-8.46236
11394,55.385494,-8.5374565
11395,55.364613,-8.527082
11396,55.458824,-8.407618
11397,55.430996,-8.465489
11398,55.445984,-8.445644
11399,55.43375,-8.440035
11400,55.47489,-8.348872
11401,55.37015,-8.556822
11402,55.415844,-8.482375
11403,55.39247,-8.465518
11404,55.45133,-8.454158
11405,55.37027,-8.547632
11406,55.3969,-8.407139
11407,55.444546,-8.413396
11408,55.547764,-8.381486
11409,55.508217,-8.437808
11410,55.44874,-8.516145
11411,55.44877,-8.492889
11412,55.442844,-8.472508
11413,55.475,-8.433157
11414,55.47146,-8.445166
11415,55.430195,-8.475243
11416,55.478035,-8.491424
11417,55.449745,-8.422643
11418,55.43431,-8.473637
11419,55.44394,-8.441698
11420,55.47553,-8.439669
11421,55.45268,-8.404404
11422,55.46383,-8.438682
11423,55.453506,-8.448746
11424,55.439716,-8.495849
11425,55.472866,-8.478766
11426,55.47008,-8.466871
11427,55.35559,-8.610945
11428,55.461388,-8.407054
11429,55.429276,-8.5153
11430,55.445152,-8.45957
11431,55.43963,-8.489817
11432,55.45423,-8.448012
11433,55.41802,-8.513524
11434,55.478523,-8.427378
11435,55.466568,-8.523249
11436,55.452335,-8.466758
11437,55.436237,-8.508055
11438,55.491955,-8.414298
11439,55.38363,-8.504024
11440,55.464245,-8.432114
11441,55.438,-8.567477
11442,55.472866,-8.448802
11443,55.405815,-8.503855
11444,55.434784,-8.502135
11445,55.42935,-8.396483
11446,55.45961,-8.426927
11447,55.45244,-8.465602
11448,55.48868,-8.449873
11449,55.487408,-8.43482
11450,55.429928,-8.522375
11451,55.408466,-8.54518
11452,55.428314,-8.499711
11453,55.48526,-8.442008
11454,55.41543,-8.518541
11455,55.44792,-8.473777
11456,55.43397,-8.564743
11457,55.52476,-8.407308
11458,55.44382,-8.543545
11459,55.451626,-8.344334
11460,55.486164,-8.390845
11461,55.389122,-8.518429
11462,55.427322,-8.468928
11463,55.430668,-8.4857855
11464,55.49739,-8.399189
11465,55.500072,-8.431296
11466,55.411324,-8.53413
11467,55.453033,-8.520543
11468,55.51222,-8.413142
11469,55.42645,-8.5405855
11470,55.463608,-8.503009
11471,55.48307,-8.443023
11472,55.40734,-8.515779
11473,55.490017,-8.399979
11474,55.47969,-8.472847
11475,55.52066,-8.375144
11476,55.466064,-8.476201
11477,55.378136,-8.568887
11478,55.545868,-8.373255
11479,55.437065,-8.562065
11480,55.40299,-8.525334
11481,55.51672,-8.387265
11482,55.501137,-8.432931
11483,55.48184,-8.450239
11484,55.43206,-8.467321
11485,55.56228,-8.383149
11486,55.41479,-8.534947
11487,55.481705,-8.463911
11488,55.457047,-8.485644
11489,55.435528,-8.524912
11490,55.5198,-8.459063
11491,55.48599,-8.454045
11492,55.456425,-8.4962435
11493,55.476643,-8.453143
11494,55.498177,-8.452663
11495,55.548607,-8.393185
11496,55.491142,-8.461318
11497,55.36695,-8.586251
11498,55.533295,-8.376469
11499,55.524185,-8.473186
11500,55.54141,-8.435806
11501,55.46623,-8.485758
11502,55.392265,-8.587069
11503,55.505108,-8.439471
11504,55.485706,-8.497287
11505,55.480846,-8.463431
11506,55.498844,-8.457399
11507,55.59242,-8.372494
11508,55.459755,-8.493792
11509,55.544712,-8.422868
11510,55.529385,-8.422332
11511,55.510735,-8.445757
11512,55.46488,-8.523587
11513,55.471752,-8.522882
11514,55.474464,-8.491649
11515,55.5258,-8.460077
11516,55.537735,-8.469633
11517,55.52358,-8.420134
11518,55.543957,-8.463347
11519,55.486996,-8.467576
11520,55.522953,-8.454045
11521,55.52029,-8.456948
11522,55.471695,-8.529366
11523,55.502426,-8.454524
11524,55.47953,-8.485278
11525,55.552353,-8.420895
11526,55.492977,-8.4883795
11527,55.476242,-8.446631
11528,55.455418,-8.526265
11529,55.504887,-8.436934
11530,55.48609,-8.497625
11531,55.466465,-8.5129595
11532,55.53365,-8.431832
11533,55.48744,-8.488069
11534,55.476284,-8.4970045
11535,55.43566,-8.545772
11536,55.529263,-8.464616
11537,55.471844,-8.542727
11538,55.45798,-8.528831
11539,55.557907,-8.438259
11540,55.521072,-8.4413595
11541,55.48464,-8.511325
11542,55.516037,-8.448576
11543,55.494297,-8.50253
11544,55.608856,-8.366321
11545,55.534286,-8.447871
11546,55.48083,-8.534891
11547,55.496933,-8.486744
11548,55.554916,-8.45816
11549,55.475143,-8.524631
11550,55.437008,-8.551973
11551,55.397877,-8.561417
11552,55.58279,-8.427124
11553,55.49551,-8.492466
11554,55.45878,-8.540416
11555,55.535263,-8.462924
11556,55.477665,-8.519471
11557,55.508663,-8.484432
11558,55.5158,-8.469154
11559,55.457237,-8.484602
11560,55.48935,-8.487364
11561,55.50164,-8.431747
11562,55.53682,-8.394172
11563,55.542995,-8.390789
11564,55.53855,-8.453002
11565,55.424374,-8.530606
11566,55.580006,-8.430197
11567,55.498608,-8.518315
11568,55.55268,-8.453988
11569,55.52645,-8.514679
11570,55.50588,-8.503206
11571,55.548756,-8.469521
11572,55.430622,-8.504334
11573,55.548977,-8.44821
11574,55.49341,-8.4883795
11575,55.45574,-8.539598
11576,55.59791,-8.392339
11577,55.479454,-8.555327
11578,55.53307,-8.407533
11579,55.529827,-8.489817
11580,55.529205,-8.486659
11581,55.55169,-8.488012
11582,55.618412,-8.373791
11583,55.475,-8.542418
11584,55.573578,-8.418273
11585,55.543987,-8.486519
11586,55.568558,-8.444798
11587,55.517773,-8.493904
11588,55.557938,-8.465433
11589,55.50123,-8.518485
11590,55.58858,-8.455821
11591,55.49828,-8.498696
11592,55.49647,-8.552424
11593,55.49868,-8.519471
11594,55.57183,-8.435863
11595,55.514957,-8.488069
11596,55.524555,-8.5374565
11597,55.66151,-8.349295
11598,55.547985,-8.479669
11599,55.613228,-8.42859
11600,55.497658,-8.529733
11601,55.564335,-8.460134
11602,55.513596,-8.4921
11603,55.557434,-8.498865
11604,55.567787,-8.455567
11605,55.5569,-8.475779
11606,55.52134,-8.504701
11607,55.573933,-8.471155
11608,55.51121,-8.519641
11609,55.51687,-8.533904
11610,55.52152,-8.501121
11611,55.523117,-8.564433
11612,55.62407,-8.405503
11613,55.54212,-8.503235
11614,55.567062,-8.457089
11615,55.545807,-8.472481
11616,55.558826,-8.4630375
11617,55.560944,-8.455088
11618,55.566734,-8.487421
11619,55.532406,-8.513327
11620,55.588345,-8.45241
11621,55.530315,-8.533453
11622,55.53922,-8.520289
11623,55.486637,-8.517047
11624,55.60132,-8.454863
11625,55.596313,-8.424728
11626,55.531322,-8.51062
11627,55.558205,-8.534665
11628,55.543365,-8.526039
11629,55.516365,-8.511494
11630,55.594105,-8.459034
11631,55.585754,-8.429154
11632,55.580894,-8.490804
11633,55.54597,-8.486209
11634,55.478626,-8.544278
11635,55.589043,-8.453763
11636,55.468037,-8.501797
11637,55.563477,-8.49086
11638,55.554325,-8.481247
11639,55.54945,-8.524687
11640,55.624527,-8.3899145
11641,55.509594,-8.528577
11642,55.60015,-8.443615
11643,55.54074,-8.499119
11644,55.543587,-8.520458
11645,55.61662,-8.424672
11646,55.61721,-8.44773
11647,55.58596,-8.438372
11648,55.600964,-8.477527
11649,55.635532,-8.3980055
11650,55.657734,-8.288209
11651,55.51336,-8.577456
11652,55.52974,-8.508676
11653,55.590107,-8.478288
11654,55.579235,-8.499119
11655,55.59193,-8.508732
11656,55.592995,-8.487815
11657,55.575577,-8.499345
11658,55.5702,-8.492805
11659,55.520645,-8.46377
11660,55.607437,-8.481134
11661,55.63241,-8.472114
11662,55.616028,-8.484771
11663,55.56859,-8.4902115
11664,55.59954,-8.46797
11665,55.511105,-8.569309
11666,55.424435,-8.667604
11667,55.471104,-8.3225155
11668,55.636612,-8.403305
11669,55.666355,-8.3967085
11670,55.672306,-8.39933
11671,55.66807,-8.367335
11672,55.532936,-8.5458
11673,55.56444,-8.504475
11674,55.59504,-8.471043
11675,55.60843,-8.498555
11676,55.526096,-8.546843
11677,55.545467,-8.492241
11678,55.66049,-8.402515
11679,55.59593,-8.485193
11680,55.571194,-8.5268
11681,55.63374,-8.462192
11682,55.626778,-8.475947
11683,55.640568,-8.443586
11684,55.635414,-8.467379
11685,55.637753,-8.445814
11686,55.59279,-8.4828825
11687,55.592064,-8.484235
11688,55.642895,-8.449197
11689,55.66311,-8.409422
11690,55.603127,-8.474172
11691,55.591454,-8.502023
11692,55.617683,-8.500557
11693,55.583828,-8.508027
11694,55.584244,-8.527618
11695,55.609894,-8.475666
11696,55.62256,-8.504362
11697,55.634705,-8.419119
11698,55.609184,-8.49616
11699,55.584152,-8.496187
11700,55.609924,-8.483587
11701,55.60304,-8.489197
11702,55.62709,-8.501882
11703,55.58682,-8.506533
11704,55.595528,-8.521191
11705,55.642536,-8.461458
11706,55.630096,-8.4784
11707,55.610725,-8.524151
11708,55.597942,-8.478964
11709,55.629578,-8.5045595
11710,55.605526,-8.509803
11711,55.597393,-8.519331
11712,55.676308,-8.442064
11713,55.63004,-8.467716
11714,55.634983,-8.449027
11715,55.59729,-8.491565
11716,55.599453,-8.476455
11717,55.608665,-8.522205
11718,55.606457,-8.493114
11719,55.60695,-8.492466
11720,55.649055,-8.483305
11721,55.642834,-8.457682
11722,55.595425,-8.538245
11723,55.618248,-8.50253
11724,55.62644,-8.498528
11725,55.63436,-8.483446
11726,55.65086,-8.474566
11727,55.60631,-8.528914
11728,55.60043,-8.519105
11729,55.632763,-8.465348
11730,55.57885,-8.515497
11731,55.638245,-8.491367
11732,55.586864,-8.53444
11733,55.631046,-8.500726
11734,55.59966,-8.501205
11735,55.614277,-8.518203
11736,55.642937,-8.478541
11737,55.56336,-8.544306
11738,55.636612,-8.451113
11739,55.53719,-8.592904
11740,55.602417,-8.518175
11741,55.646477,-8.437837
11742,55.665924,-8.4121
11743,55.60714,-8.510874
11744,55.539246,-8.564687
11745,55.63343,-8.464108
11746,55.63521,-8.533989
11747,55.683624,-8.466843
11748,55.669434,-8.443135
11749,55.677597,-8.441247
11750,55.624023,-8.479049
11751,55.6592,-8.464475
11752,55.68284,-8.453876
11753,55.712177,-8.419063
11754,55.64011,-8.504757
11755,55.590195,-8.573087
11756,55.580982,-8.580134
11757,55.652714,-8.467068
11758,55.587322,-8.568154
11759,55.56394,-8.552593
11760,55.70618,-8.408915
11761,55.670055,-8.495031
11762,55.636852,-8.54752
11763,55.532818,-8.591522
11764,55.63078,-8.519725
11765,55.651173,-8.538218
11766,55.64904,-8.52167
11767,55.620308,-8.514595
11768,55.641575,-8.442741
11769,55.66634,-8.532862
11770,55.645187,-8.512762
11771,55.616028,-8.515074
11772,55.690155,-8.443249
11773,55.63528,-8.520599
11774,55.591026,-8.515046
11775,55.60705,-8.534158
11776,55.613197,-8.440937
11777,55.609806,-8.530324
11778,55.64292,-8.529338
11779,55.699886,-8.415116
11780,55.58913,-8.573172
11781,55.617596,-8.541825
11782,55.668118,-8.498528
11783,55.63208,-8.551297
11784,55.68254,-8.407646
11785,55.63233,-8.554115
11786,55.70559,-8.346898
11787,55.544136,-8.671128
11788,55.762936,-8.349971
11789,55.67059,-8.43902
11790,55.63355,-8.500895
11791,55.74799,-8.370183
11792,55.64849,-8.492607
11793,55.68051,-8.460697
11794,55.67065,-8.473326
11795,55.667183,-8.560627
11796,55.71526,-8.442205
11797,55.6443,-8.56136
11798,55.621475,-8.558119
11799,55.610012,-8.561192
11800,55.655453,-8.498358
11801,55.675625,-8.481698
11802,55.65957,-8.506308
11803,55.708652,-8.466758
11804,55.62614,-8.57506
11805,55.659866,-8.517132
11806,55.674232,-8.49599
11807,55.638866,-8.559275
11808,55.650936,-8.551888
11809,55.667953,-8.525814
11810,55.74075,-8.429689
11811,55.637398,-8.530324
11812,55.666664,-8.545011
11813,55.710075,-8.493228
11814,55.70449,-8.448605
11815,55.536434,-8.620388
11816,55.676216,-8.528999
11817,55.74238,-8.4152565
11818,55.619507,-8.50019
11819,55.703426,-8.391747
11820,55.695087,-8.423009
11821,55.68648,-8.505743
11822,55.617077,-8.591241
11823,55.714535,-8.41661
11824,55.663982,-8.539514
11825,55.70347,-8.49365
11826,55.658623,-8.5372305
11827,55.674736,-8.471522
11828,55.661957,-8.50425
11829,55.73456,-8.469408
11830,55.723804,-8.443305
11831,55.69999,-8.4575405
11832,55.666027,-8.524348
11833,55.748466,-8.386814
11834,55.636524,-8.551691
11835,55.666515,-8.450634
11836,55.621033,-8.556907
11837,55.585175,-8.649254
11838,55.54997,-8.551381
11839,55.82175,-8.304812
11840,55.81929,-8.297652
11841,55.66612,-8.596738
11842,55.708817,-8.452495
11843,55.6258,-8.62253
11844,55.636288,-8.57771
11845,55.78154,-8.392367
11846,55.696583,-8.504785
11847,55.799133,-8.433749
11848,55.716328,-8.512876
11849,55.618263,-8.5447855
11850,55.58645,-8.613876
11851,55.618443,-8.583235
11852,55.726723,-8.461853
11853,55.66545,-8.528746
11854,55.684437,-8.502784
11855,55.666885,-8.534524
11856,55.684956,-8.432396
11857,55.7136,-8.477413
11858,55.62875,-8.577598
11859,55.730263,-8.52246
11860,55.71412,-8.532297
11861,55.72835,-8.512593
11862,55.74753,-8.473918
11863,55.560146,-8.575737
11864,55.737625,-8.442854
11865,55.682674,-8.5100565
11866,55.782974,-8.414665
11867,55.74691,-8.496751
11868,55.7188,-8.493622
11869,55.702255,-8.528097
11870,55.679535,-8.537062
11871,55.60437,-8.630846
11872,55.555035,-8.473805
11873,55.778515,-8.497709
11874,55.731995,-8.461514
11875,55.7624,-8.415877
11876,55.736526,-8.448379
11877,55.754093,-8.518766
11878,55.69944,-8.520824
11879,55.734142,-8.498358
11880,55.780266,-8.442741
11881,55.72619,-8.487787
11882,55.766388,-8.436625
11883,55.701736,-8.531001
11884,55.67859,-8.568379
11885,55.74746,-8.497258
11886,55.730854,-8.476766
11887,55.730453,-8.490183
11888,55.701885,-8.536752
11889,55.72481,-8.523502
11890,55.720104,-8.501008
11891,55.727684,-8.487731
11892,55.728813,-8.532777
11893,55.73496,-8.514764
11894,55.7253,-8.505969
11895,55.717716,-8.520063
11896,55.740795,-8.467379
11897,55.745903,-8.477469
11898,55.705544,-8.492805
11899,55.685844,-8.5526495
11900,55.75104,-8.482431
11901,55.709114,-8.549605
11902,55.701664,-8.518795
11903,55.690998,-8.555327
11904,55.59717,-8.61492
11905,55.682808,-8.547407
11906,55.744453,-8.463996
11907,55.715748,-8.535624
11908,55.817677,-8.400373
11909,55.754894,-8.480373
11910,55.77804,-8.484461
11911,55.716682,-8.505828
11912,55.707024,-8.552368
11913,55.665924,-8.494383
11914,55.710712,-8.5249405
11915,55.768623,-8.482064
11916,55.707973,-8.558119
11917,55.69245,-8.540528
11918,55.772266,-8.480486
11919,55.69996,-8.564546
11920,55.753384,-8.494411
11921,55.706566,-8.557527
11922,55.778725,-8.476145
11923,55.701603,-8.555356
11924,55.8691,-8.362177
11925,55.74407,-8.540106
11926,55.720146,-8.526321
11927,55.73115,-8.544193
11928,55.75337,-8.538301
11929,55.695427,-8.555102
11930,55.793163,-8.490804
11931,55.713734,-8.57492
11932,55.74001,-8.535567
11933,55.749783,-8.496723
11934,55.75303,-8.476061
11935,55.725716,-8.570099
11936,55.71298,-8.5458
11937,55.714756,-8.586139
11938,55.749027,-8.496921
11939,55.78388,-8.461177
11940,55.775154,-8.530831
11941,55.710564,-8.602347
11942,55.70073,-8.574637
11943,55.76344,-8.524714
11944,55.756847,-8.51062
11945,55.807518,-8.450014
11946,55.75027,-8.512058
11947,55.785255,-8.461966
11948,55.762905,-8.514285
11949,55.673286,-8.60463
11950,55.67656,-8.587688
11951,55.71418,-8.572128
11952,55.77222,-8.572946
11953,55.77237,-8.516427
11954,55.77332,-8.542474
11955,55.80977,-8.547547
11956,55.872654,-8.347039
11957,55.75642,-8.51327
11958,55.70153,-8.648437
11959,55.807102,-8.458527
11960,55.787537,-8.499824
11961,55.73047,-8.537005
11962,55.810448,-8.411
11963,55.727432,-8.568858
11964,55.76221,-8.531565
11965,55.79029,-8.456441
11966,55.774014,-8.518766
11967,55.754227,-8.5160885
11968,55.74146,-8.609648
11969,55.844086,-8.436455
11970,55.78985,-8.502699
11971,55.70784,-8.611367
11972,55.734486,-8.618922
11973,55.8844,-8.391775
11974,55.765675,-8.582079
11975,55.76935,-8.488041
11976,55.721436,-8.633636
11977,55.877956,-8.423657
11978,55.845135,-8.430535
11979,55.784485,-8.509069
11980,55.793785,-8.4847145
11981,55.800957,-8.542276
11982,55.76557,-8.571931
11983,55.812477,-8.440881
11984,55.749397,-8.533172
11985,55.798363,-8.479359
11986,55.78502,-8.507857
11987,55.76754,-8.547012
11988,55.761677,-8.516371
11989,55.78789,-8.468844
11990,55.761723,-8.553834
11991,55.756565,-8.580332
11992,55.820164,-8.498076
11993,55.768444,-8.571282
11994,55.802467,-8.50036
11995,55.78619,-8.515637
11996,55.798096,-8.496948
11997,55.7712,-8.54735
11998,55.80211,-8.51172
11999,55.770164,-8.551269
12000,55.79934,-8.511156
12001,55.78918,-8.531762
12002,55.798187,-8.504306
12003,55.786232,-8.48339
12004,55.789623,-8.506364
12005,55.784737,-8.525363
12006,55.813602,-8.525109
12007,55.799355,-8.492072
12008,55.772087,-8.562882
12009,55.784695,-8.536469
12010,55.81818,-8.498104
12011,55.772163,-8.550874
12012,55.79586,-8.533256
12013,55.808952,-8.523869
12014,55.800495,-8.514539
12015,55.823883,-8.493002
12016,55.787434,-8.537569
12017,55.80534,-8.515666
12018,55.82899,-8.511494
12019,55.88141,-8.417005
12020,55.779167,-8.588083
12021,55.80088,-8.559275
12022,55.790974,-8.551241
12023,55.771393,-8.554482
12024,55.814743,-8.512312
12025,55.84678,-8.4648695
12026,55.801327,-8.525729
12027,55.812256,-8.506533
12028,55.762253,-8.584532
12029,55.786205,-8.520063
12030,55.826447,-8.517611
12031,55.779095,-8.569789
12032,55.74565,-8.513439
12033,55.819218,-8.465743
12034,55.826195,-8.526293
12035,55.796024,-8.525363
12036,55.847015,-8.491424
12037,55.788338,-8.453368
12038,55.81461,-8.51389
12039,55.771465,-8.570606
12040,55.818905,-8.510676
12041,55.84112,-8.481444
12042,55.845535,-8.512537
12043,55.825615,-8.484968
12044,55.78203,-8.57134
12045,55.822044,-8.547096
12046,55.845047,-8.4815855
12047,55.81889,-8.551241
12048,55.850925,-8.484122
12049,55.836014,-8.530916
12050,55.836014,-8.481754
12051,55.814167,-8.545884
12052,55.875942,-8.470338
12053,55.788723,-8.545969
12054,55.80165,-8.541177
12055,55.7994,-8.557865
12056,55.843372,-8.524658
12057,55.83905,-8.486321
12058,55.830177,-8.519387
12059,55.864433,-8.502925
12060,55.84817,-8.520824
12061,55.8042,-8.540501
12062,55.83869,-8.504813
12063,55.78558,-8.570521
12064,55.81682,-8.534919
12065,55.866447,-8.482995
12066,55.831005,-8.518005
12067,55.85857,-8.478288
12068,55.837288,-8.554961
12069,55.79623,-8.54363
12070,55.819336,-8.5296755
12071,55.8413,-8.559218
12072,55.864212,-8.435018
12073,55.898827,-8.441388
12074,55.887775,-8.434792
12075,55.77551,-8.554792
12076,55.843983,-8.516934
12077,55.824505,-8.5602045
12078,55.814716,-8.564236
12079,55.8139,-8.595948
12080,55.86282,-8.462586
12081,55.83043,-8.561332
12082,55.89034,-8.459429
12083,55.8147,-8.565053
12084,55.84109,-8.547407
12085,55.83382,-8.515186
12086,55.819885,-8.561811
12087,55.86214,-8.517019
12088,55.837597,-8.538104
12089,55.78647,-8.586759
12090,55.867203,-8.535821
12091,55.84253,-8.551945
12092,55.84703,-8.559472
12093,55.827496,-8.549098
12094,55.880875,-8.480345
12095,55.840324,-8.576075
12096,55.849995,-8.536244
12097,55.90694,-8.537879
12098,55.89539,-8.53802
12099,55.84392,-8.499457
12100,55.840027,-8.544729
12101,55.87908,-8.486688
12102,55.815647,-8.519697
12103,55.872597,-8.487534
12104,55.82039,-8.575821
12105,55.861458,-8.487251
12106,55.854244,-8.528041
12107,55.866344,-8.540472
12108,55.851166,-8.49816
12109,55.83856,-8.572269
12110,55.842278,-8.583037
12111,55.860405,-8.497033
12112,55.85854,-8.559782
12113,55.85525,-8.539655
12114,55.854378,-8.550225
12115,55.848423,-8.532946
12116,55.85346,-8.526237
12117,55.85072,-8.514059
12118,55.876816,-8.519161
12119,55.891407,-8.519527
12120,55.867176,-8.545434
12121,55.87396,-8.534975
12122,55.896587,-8.499514
12123,55.890293,-8.535426
12124,55.843983,-8.570043
12125,55.94748,-8.344108
12126,55.900116,-8.496131
12127,55.956486,-8.417061
12128,55.894398,-8.480571
12129,55.819958,-8.64542
12130,55.84598,-8.582643
12131,55.907402,-8.471832
12132,55.886517,-8.575032
12133,55.85404,-8.56573
12134,55.892117,-8.502304
12135,55.911667,-8.471606
12136,55.910957,-8.526829
12137,55.92214,-8.472988
12138,55.914997,-8.478118
12139,55.979916,-8.391324
12140,55.816936,-8.569253
12141,55.842514,-8.5818815
12142,55.85275,-8.5553
12143,55.842293,-8.57864
12144,55.876785,-8.486152
12145,55.834812,-8.594031
12146,55.844425,-8.534975
12147,55.851418,-8.545095
12148,55.850082,-8.554651
12149,55.86491,-8.571226
12150,55.89179,-8.531931
12151,55.89314,-8.547858
12152,55.91137,-8.511747
12153,55.979946,-8.429211
12154,55.859577,-8.588704
12155,55.939674,-8.484658
12156,55.899105,-8.523953
12157,55.93181,-8.476568
12158,55.87123,-8.569845
12159,55.91756,-8.500754
12160,55.881157,-8.572128
12161,55.88794,-8.526265
12162,55.92571,-8.4698305
12163,55.90568,-8.522205
12164,55.869114,-8.553721
12165,55.896294,-8.556202
12166,55.88185,-8.557329
12167,55.8748,-8.568267
12168,55.887657,-8.553721
12169,55.901802,-8.514369
12170,55.83545,-8.536301
12171,55.914066,-8.542445
12172,55.896946,-8.544729
12173,55.89708,-8.56167
12174,55.854393,-8.595046
12175,55.890903,-8.549775
12176,55.91085,-8.550846
12177,55.897522,-8.517695
12178,55.938564,-8.507604
12179,55.83899,-8.631607
12180,55.877026,-8.572298
12181,55.887363,-8.5528755
12182,55.879276,-8.548647
12183,55.93092,-8.504672
12184,55.87289,-8.584898
12185,55.86707,-8.54174
12186,55.90066,-8.528267
12187,55.913593,-8.525899
12188,55.913383,-8.534835
12189,55.89884,-8.574101
12190,55.944874,-8.497174
12191,55.899002,-8.51234
12192,55.922077,-8.522205
12193,55.889805,-8.587407
12194,55.849964,-8.593524
12195,55.88425,-8.529168
12196,55.885303,-8.574609
12197,55.821217,-8.575708
12198,55.92331,-8.542418
12199,55.91546,-8.546251
12200,55.96112,-8.446772
12201,55.921886,-8.565984
12202,55.928,-8.541994
12203,55.943256,-8.491254
12204,55.921455,-8.509154
12205,55.980465,-8.479049
12206,55.920258,-8.532128
12207,55.92002,-8.544588
12208,55.99757,-8.435722
12209,55.945034,-8.510479
12210,55.929115,-8.568577
12211,55.944042,-8.546279
12212,55.948204,-8.518795
12213,55.94213,-8.526519
12214,55.89835,-8.578443
12215,55.914036,-8.51234
12216,55.81122,-8.641671
12217,55.830578,-8.667577
12218,55.928864,-8.544616
12219,55.933807,-8.53055
12220,55.95666,-8.502869
12221,55.931038,-8.52432
12222,55.962246,-8.506054
12223,55.827526,-8.677386
12224,55.88071,-8.663658
12225,55.917175,-8.627887
12226,55.939747,-8.476286
12227,55.95268,-8.477949
12228,55.893036,-8.593355
12229,55.87347,-8.568548
12230,55.940147,-8.516061
12231,55.985367,-8.493735
12232,55.953835,-8.519134
12233,55.909534,-8.586759
12234,55.96016,-8.517498
12235,55.938118,-8.531677
12236,55.96832,-8.503094
12237,55.916008,-8.559331
12238,55.97208,-8.468816
12239,55.894753,-8.589888
12240,55.94951,-8.568267
12241,55.912407,-8.5677595
12242,55.95136,-8.487505
12243,55.92165,-8.556343
12244,55.92605,-8.556089
12245,55.926624,-8.57117
12246,55.926624,-8.562431
12247,55.96275,-8.493368
12248,55.98923,-8.498921
12249,55.87972,-8.630761
12250,55.917797,-8.563165
12251,55.95724,-8.547998
12252,55.97134,-8.5025015
12253,55.90401,-8.587548
12254,55.9073,-8.57895
12255,55.96057,-8.490268
12256,55.96968,-8.515666
12257,55.96272,-8.518541
12258,55.96451,-8.542501
12259,55.96143,-8.49895
12260,55.95315,-8.550536
12261,55.962795,-8.529338
12262,55.953506,-8.569423
12263,55.947895,-8.571706
12264,55.92682,-8.556653
12265,55.941658,-8.557048
12266,55.877037,-8.577766
12267,55.96337,-8.548647
12268,55.894085,-8.625152
12269,56.00524,-8.501769
12270,55.98061,-8.531255
12271,55.918938,-8.614271
12272,55.977116,-8.519331
12273,55.96407,-8.548759
12274,55.92568,-8.575173
12275,55.924522,-8.571791
12276,55.92421,-8.599246
12277,55.985706,-8.512537
12278,55.946976,-8.571818
12279,55.913,-8.585011
12280,55.9968,-8.52291
12281,55.96762,-8.560346
12282,55.96017,-8.529789
12283,56.050964,-8.410549
12284,56.013683,-8.55919
12285,56.011433,-8.461064
12286,55.93215,-8.583488
12287,55.93751,-8.603841
12288,55.948307,-8.561022
12289,55.985394,-8.526604
12290,55.979336,-8.551805
12291,55.997524,-8.512227
12292,55.985825,-8.530465
12293,55.93726,-8.5876045
12294,55.963608,-8.534214
12295,55.938087,-8.586336
12296,55.966187,-8.560684
12297,55.92541,-8.626195
12298,55.98572,-8.506505
12299,56.00819,-8.493792
12300,55.982285,-8.549634
12301,55.933067,-8.588309
12302,55.983425,-8.5218115
12303,55.953346,-8.56728
12304,55.9453,-8.581037
12305,55.99421,-8.51902
12306,55.953568,-8.561558
12307,56.007584,-8.522995
12308,56.006767,-8.530804
12309,55.95912,-8.552142
12310,55.96115,-8.574665
12311,55.90635,-8.622812
12312,55.984863,-8.515356
12313,55.97131,-8.542418
12314,55.93843,-8.583912
12315,56.009094,-8.52074
12316,55.9787,-8.555131
12317,56.00111,-8.5014305
12318,56.003864,-8.523926
12319,56.043854,-8.49427
12320,55.95939,-8.581403
12321,56.082584,-8.460218
12322,56.10831,-8.354876
12323,55.965652,-8.573876
12324,55.99776,-8.528463
12325,56.009018,-8.511015
12326,56.0564,-8.469633
12327,55.95511,-8.59437
12328,55.977383,-8.575708
12329,55.963936,-8.603418
12330,56.00745,-8.513439
12331,55.971992,-8.55888
12332,56.04052,-8.491114
12333,55.998222,-8.512115
12334,56.023754,-8.529648
12335,56.038017,-8.4920435
12336,55.93582,-8.634821
12337,55.985588,-8.576526
12338,55.966896,-8.518766
12339,55.980476,-8.551776
12340,56.0065,-8.5557785
12341,55.958275,-8.591043
12342,56.025845,-8.534919
12343,55.975918,-8.57334
12344,55.994713,-8.573566
12345,55.98086,-8.601304
12346,55.999584,-8.558175
12347,56.01438,-8.514623
12348,55.991558,-8.582727
12349,55.95767,-8.600909
12350,56.035217,-8.523982
12351,56.01296,-8.539796
12352,55.999718,-8.562911
12353,55.97725,-8.568323
12354,56.022644,-8.544588
12355,55.96743,-8.555582
12356,55.99723,-8.568408
12357,56.01284,-8.552396
12358,56.004547,-8.569874
12359,55.99465,-8.5612755
12360,56.012115,-8.552537
12361,56.012825,-8.549859
12362,56.00339,-8.565533
12363,56.020393,-8.551127
12364,56.03815,-8.493228
12365,55.99526,-8.585067
12366,55.967697,-8.632848
12367,56.026318,-8.543686
12368,55.999153,-8.576132
12369,55.987587,-8.612579
12370,56.00348,-8.540669
12371,56.014423,-8.58518
12372,56.018837,-8.560261
12373,56.023193,-8.542445
12374,56.00635,-8.57475
12375,56.027756,-8.544532
12376,56.03833,-8.55919
12377,55.98926,-8.5827
12378,55.99963,-8.565307
12379,56.017994,-8.564095
12380,56.03107,-8.517893
12381,56.02004,-8.548844
12382,56.05656,-8.488238
12383,56.05243,-8.471409
12384,55.994595,-8.573313
12385,56.018764,-8.526631
12386,56.02229,-8.542501
12387,56.03833,-8.49427
12388,56.04572,-8.514115
12389,55.989853,-8.562234
12390,56.027916,-8.527421
12391,56.03051,-8.53568
12392,56.0463,-8.521698
12393,56.000385,-8.591015
12394,56.00856,-8.584644
12395,56.03177,-8.584278
12396,56.054947,-8.523615
12397,56.028034,-8.563531
12398,56.006577,-8.526153
12399,56.132095,-8.395017
12400,56.132336,-8.457202
12401,56.111023,-8.386729
12402,56.056015,-8.533848
12403,56.059807,-8.545293
12404,56.066204,-8.483925
12405,56.046535,-8.586449
12406,56.070026,-8.595243
12407,56.021713,-8.580359
12408,56.0697,-8.538358
12409,56.0367,-8.570691
12410,56.052193,-8.523418
12411,56.04944,-8.583912
12412,56.033455,-8.543235
12413,56.090034,-8.504081
12414,56.008736,-8.557358
12415,55.9989,-8.647816
12416,56.056664,-8.543827
12417,56.055435,-8.540247
12418,56.03926,-8.581854
12419,56.008812,-8.559415
12420,56.09393,-8.52074
12421,56.068794,-8.510535
12422,56.025978,-8.566801
12423,56.035175,-8.572269
12424,56.06333,-8.551269
12425,55.967014,-8.694751
12426,56.065624,-8.49926
12427,56.07762,-8.535511
12428,56.04843,-8.556117
12429,56.075325,-8.529648
12430,56.06139,-8.536779
12431,56.018333,-8.621262
12432,56.077534,-8.519105
12433,56.023296,-8.578556
12434,56.10658,-8.501684
12435,56.06102,-8.550029
12436,56.047928,-8.532721
12437,56.12149,-8.486744
12438,56.108887,-8.478766
12439,56.057983,-8.580416
12440,56.10532,-8.513524
12441,56.074615,-8.565082
12442,56.06456,-8.578894
12443,56.055923,-8.537062
12444,56.023605,-8.506955
12445,55.95773,-8.576244
12446,56.063595,-8.559979
12447,56.077785,-8.492128
12448,56.069344,-8.563221
12449,56.062206,-8.571818
12450,56.062798,-8.466928
12451,56.05865,-8.643391
12452,56.022022,-8.549183
12453,56.094433,-8.533876
12454,56.091663,-8.548083
12455,55.996666,-8.533509
12456,56.005806,-8.534947
12457,56.127373,-8.404855
12458,56.02574,-8.62239
12459,56.065983,-8.454806
12460,55.980686,-8.550902
12461,56.069996,-8.5679
12462,56.055984,-8.529338
12463,56.08035,-8.584644
12464,56.026524,-8.588534
12465,56.10433,-8.556032
12466,56.082985,-8.559669
12467,56.05767,-8.530155
12468,56.13802,-8.501599
12469,55.984314,-8.588056
12470,56.05785,-8.569197
12471,56.0839,-8.580191
12472,56.09098,-8.563982
12473,56.065952,-8.562178
12474,56.086243,-8.591071
12475,56.092907,-8.596512
12476,56.078217,-8.572777
12477,56.062073,-8.581008
12478,56.04024,-8.5960045
12479,56.081516,-8.553017
12480,56.096004,-8.54301
12481,56.09809,-8.543827
12482,56.15178,-8.554003
12483,56.076675,-8.592763
12484,56.12398,-8.475469
12485,56.086998,-8.551607
12486,56.170353,-8.504447
12487,56.13146,-8.530634
12488,56.007107,-8.616413
12489,56.070187,-8.587548
12490,56.107258,-8.560627
12491,56.06434,-8.5679
12492,56.086227,-8.587688
12493,56.09957,-8.560712
12494,56.12149,-8.524461
12495,56.084896,-8.557753
12496,56.06767,-8.605645
12497,56.113434,-8.544813
12498,56.117302,-8.553468
12499,56.11382,-8.509718
12500,56.07158,-8.550761
12501,56.141296,-8.549211
12502,56.09975,-8.548534
12503,56.052265,-8.601107
12504,56.108665,-8.571818
12505,56.055244,-8.558992
12506,56.094254,-8.59031
12507,56.097885,-8.556399
12508,56.129475,-8.509859
12509,56.150253,-8.528914
12510,56.236736,-8.42797
12511,56.04018,-8.57165
12512,56.132393,-8.568323
12513,56.068707,-8.663687
12514,56.138718,-8.55437
12515,56.03698,-8.646998
12516,56.141533,-8.569901
12517,56.035854,-8.675075
12518,56.168858,-8.490239
12519,56.122513,-8.555131
12520,56.119583,-8.569676
12521,56.114265,-8.559331
12522,56.13229,-8.541487
12523,56.14599,-8.512819
12524,56.134823,-8.562347
12525,56.18075,-8.489224
12526,56.188084,-8.454975
12527,56.15461,-8.5484495
12528,56.089397,-8.592594
12529,56.106728,-8.603333
12530,56.1016,-8.544391
12531,56.119877,-8.554031
12532,56.121983,-8.567985
12533,56.09987,-8.574553
12534,56.10252,-8.444432
12535,56.093975,-8.616723
12536,56.090122,-8.558654
12537,56.142895,-8.532043
12538,56.145576,-8.54332
12539,56.091217,-8.581769
12540,56.104088,-8.594736
12541,56.143486,-8.546364
12542,56.118324,-8.572411
12543,56.145798,-8.559331
12544,56.124645,-8.552396
12545,56.133343,-8.590366
12546,56.134037,-8.589521
12547,56.12521,-8.57444
12548,56.11976,-8.605504
12549,56.07204,-8.6134815
12550,56.13066,-8.58222
12551,56.139015,-8.551888
12552,56.130306,-8.585829
12553,56.111645,-8.605589
12554,56.117966,-8.578471
12555,56.145767,-8.568379
12556,56.11942,-8.589465
12557,56.17068,-8.517442
12558,56.167126,-8.571029
12559,56.124393,-8.596568
12560,56.105778,-8.552142
12561,56.09698,-8.578922
12562,56.126453,-8.590451
12563,56.1293,-8.563024
12564,56.14306,-8.56759
12565,56.140213,-8.601614
12566,56.12838,-8.591156
12567,56.153988,-8.538104
12568,56.1342,-8.59
12569,56.150772,-8.54284
12570,56.172916,-8.540191
12571,56.270195,-8.431719
12572,56.261723,-8.437132
12573,56.128704,-8.574806
12574,56.161156,-8.595582
12575,56.147087,-8.6171465
12576,56.159943,-8.5589075
12577,56.128216,-8.5701275
12578,56.133446,-8.561558
12579,56.196182,-8.542869
12580,56.162266,-8.540923
12581,56.125668,-8.576413
12582,56.14793,-8.571903
12583,56.154774,-8.578584
12584,56.158447,-8.533679
12585,56.199783,-8.519725
12586,56.09359,-8.576413
12587,56.219807,-8.510479
12588,56.120514,-8.604687
12589,56.144344,-8.571029
12590,56.157097,-8.517554
12591,56.20984,-8.489366
12592,56.142063,-8.583601
12593,56.16089,-8.630902
12594,56.12894,-8.579373
12595,56.14196,-8.626617
12596,56.194035,-8.560881
12597,56.15018,-8.594398
12598,56.152935,-8.6053915
12599,56.186584,-8.512481
12600,56.215706,-8.5466175
12601,56.13177,-8.609508
12602,56.183105,-8.536752
12603,56.101025,-8.654271
12604,56.20249,-8.55482
12605,56.124794,-8.598739
12606,56.122128,-8.5837145
12607,56.19571,-8.532946
12608,56.164593,-8.571621
12609,56.13897,-8.599556
12610,56.20236,-8.549437
12611,56.156757,-8.590451
12612,56.154564,-8.624278
12613,56.18481,-8.586251
12614,56.173847,-8.5782175
12615,56.17841,-8.529282
12616,56.175552,-8.6035595
12617,56.154892,-8.592932
12618,56.143486,-8.616159
12619,56.21877,-8.53785
12620,56.17684,-8.563165
12621,56.214252,-8.602206
12622,56.193073,-8.589127
12623,56.163586,-8.588958
12624,56.20433,-8.563418
12625,56.17007,-8.60105
12626,56.2092,-8.565617
12627,56.18247,-8.554849
12628,56.158253,-8.611114
12629,56.179314,-8.599556
12630,56.1777,-8.592453
12631,56.17077,-8.583347
12632,56.220074,-8.527082
12633,56.23038,-8.534214
12634,56.17502,-8.594849
12635,56.16874,-8.588901
12636,56.10101,-8.676738
12637,56.162815,-8.580078
12638,56.221214,-8.562206
12639,56.18466,-8.563502
12640,56.222607,-8.533087
12641,56.14067,-8.643869
12642,56.15085,-8.58876
12643,56.16412,-8.583488
12644,56.205975,-8.586505
12645,56.217926,-8.552593
12646,56.18925,-8.588112
12647,56.220623,-8.539204
12648,56.187817,-8.566124
12649,56.252037,-8.542051
12650,56.215733,-8.539542
12651,56.14344,-8.623122
12652,56.222607,-8.55172
12653,56.25916,-8.486039
12654,56.17829,-8.544081
12655,56.1998,-8.554566
12656,56.198524,-8.530296
12657,56.17087,-8.571537
12658,56.188587,-8.529112
12659,56.232246,-8.456638
12660,56.307163,-8.435976
12661,56.18891,-8.592678
12662,56.206715,-8.548478
12663,56.211647,-8.534947
12664,56.249977,-8.554003
12665,56.164207,-8.611932
12666,56.152374,-8.556878
12667,56.179077,-8.641474
12668,56.167244,-8.658527
12669,56.25442,-8.501994
12670,56.177227,-8.651791
12671,56.17844,-8.59048
12672,56.168102,-8.618386
12673,56.23971,-8.539767
12674,56.177284,-8.567703
12675,56.23804,-8.56697
12676,56.179493,-8.628281
12677,56.1342,-8.704165
12678,56.20172,-8.500698
12679,56.18047,-8.498696
12680,56.25202,-8.497879
12681,56.24063,-8.56246
12682,56.219482,-8.542671
12683,56.20526,-8.594482
12684,56.217068,-8.583686
12685,56.19947,-8.59654
12686,56.21806,-8.542108
12687,56.178173,-8.619768
12688,56.190838,-8.597385
12689,56.221317,-8.550479
12690,56.19765,-8.630902
12691,56.2071,-8.595526
12692,56.252037,-8.51623
12693,56.224426,-8.521107
12694,56.187355,-8.589859
12695,56.202198,-8.562995
12696,56.223034,-8.570945
12697,56.241386,-8.547181
12698,56.214222,-8.610437
12699,56.231316,-8.557639
12700,56.22145,-8.5724945
12701,56.181534,-8.61444
12702,56.181255,-8.631382
12703,56.27542,-8.532157
12704,56.287598,-8.508901
12705,56.26569,-8.516456
12706,56.214817,-8.590424
12707,56.262432,-8.559697
12708,56.22816,-8.620049
12709,56.211617,-8.586392
12710,56.244614,-8.625293
12711,56.218147,-8.57382
12712,56.22976,-8.572692
12713,56.23407,-8.5708885
12714,56.228218,-8.598231
12715,56.21234,-8.6064625
12716,56.18423,-8.596963
12717,56.230766,-8.560317
12718,56.192364,-8.565843
12719,56.262093,-8.559302
12720,56.194183,-8.600346
12721,56.25565,-8.562375
12722,56.239048,-8.569394
12723,56.242588,-8.56573
12724,56.235596,-8.605363
12725,56.22145,-8.559528
12726,56.2147,-8.592791
12727,56.19879,-8.648379
12728,56.20464,-8.581825
12729,56.29481,-8.494778
12730,56.21824,-8.651481
12731,56.24879,-8.59857
12732,56.262432,-8.587435
12733,56.21606,-8.578527
12734,56.28228,-8.499626
12735,56.228382,-8.56012
12736,56.241535,-8.59747
12737,56.267796,-8.55871
12738,56.25226,-8.56914
12739,56.22761,-8.62611
12740,56.225212,-8.586815
12741,56.25956,-8.540895
12742,56.18906,-8.537794
12743,56.205723,-8.615568
12744,56.29029,-8.515356
12745,56.189816,-8.630311
12746,56.20846,-8.625321
12747,56.28671,-8.566011
12748,56.29888,-8.554003
12749,56.30651,-8.48728
12750,56.22046,-8.554398
12751,56.324593,-8.347152
12752,56.284264,-8.528182
12753,56.257885,-8.520346
12754,56.307827,-8.559866
12755,56.234425,-8.564433
12756,56.219822,-8.636682
12757,56.220192,-8.633383
12758,56.3026,-8.542981
12759,56.309856,-8.555638
12760,56.29191,-8.5918045
12761,56.243683,-8.600458
12762,56.26141,-8.547858
12763,56.29309,-8.525166
12764,56.240276,-8.663658
12765,56.241978,-8.561163
12766,56.254658,-8.559951
12767,56.253517,-8.592424
12768,56.242706,-8.584024
12769,56.219215,-8.565194
12770,56.250954,-8.567224
12771,56.240395,-8.631156
12772,56.185,-8.61475
12773,56.248985,-8.621459
12774,56.21403,-8.673496
12775,56.25433,-8.563051
12776,56.222843,-8.538837
12777,56.286766,-8.600684
12778,56.282337,-8.599416
12779,56.22976,-8.621515
12780,56.256344,-8.639951
12781,56.25698,-8.585434
12782,56.24703,-8.6145525
12783,56.233063,-8.626251
12784,56.269245,-8.559387
12785,56.215008,-8.63234
12786,56.248127,-8.586505
12787,56.206596,-8.64043
12788,56.154934,-8.682996
12789,56.307858,-8.514003
12790,56.23924,-8.632312
12791,56.235817,-8.629295
12792,56.263794,-8.589408
12793,56.233715,-8.684179
12794,56.307102,-8.556991
12795,56.20396,-8.640064
12796,56.24333,-8.579796
12797,56.41962,-8.385912
12798,56.30438,-8.601784
12799,56.277065,-8.589605
12800,56.26966,-8.588901
12801,56.31636,-8.545688
12802,56.276253,-8.608379
12803,56.254864,-8.628507
12804,56.304615,-8.591071
12805,56.35272,-8.50983
12806,56.29143,-8.583122
12807,56.354557,-8.482347
12808,56.248363,-8.627125
12809,56.165405,-8.732129
12810,56.31328,-8.547998
12811,56.26335,-8.5960045
12812,56.260227,-8.595385
12813,56.287136,-8.641981
12814,56.258434,-8.643728
12815,56.20522,-8.494214
12816,56.30999,-8.564095
12817,56.26215,-8.591015
12818,56.331318,-8.544306
12819,56.268356,-8.651114
12820,56.29238,-8.6174
12821,56.22006,-8.669211
12822,56.29608,-8.630226
12823,56.237743,-8.659063
12824,56.305237,-8.562516
12825,56.320713,-8.5708885
12826,56.286915,-8.625293
12827,56.32289,-8.56198
12828,56.258835,-8.625321
12829,56.245117,-8.667971
12830,56.283493,-8.582135
12831,56.22761,-8.626759
12832,56.280785,-8.619768
12833,56.347862,-8.545913
12834,56.310463,-8.565533
12835,56.32101,-8.588958
12836,56.28213,-8.633299
12837,56.31538,-8.554003
12838,56.261574,-8.630677
12839,56.31777,-8.572721
12840,56.336163,-8.564602
12841,56.290543,-8.62814
12842,56.349552,-8.526941
12843,56.26516,-8.616864
12844,56.32837,-8.567139
12845,56.317635,-8.592171
12846,56.290382,-8.625124
12847,56.300438,-8.600007
12848,56.343628,-8.564743
12849,56.330593,-8.58969
12850,56.28973,-8.63716
12851,56.28619,-8.635216
12852,56.283848,-8.612749
12853,56.287876,-8.612495
12854,56.293922,-8.620163
12855,56.31999,-8.5695915
12856,56.323452,-8.572128
12857,56.34161,-8.590705
12858,56.315205,-8.607506
12859,56.25162,-8.653679
12860,56.273438,-8.671804
12861,56.288765,-8.640036
12862,56.351757,-8.522375
12863,56.264713,-8.63716
12864,56.378876,-8.511466
12865,56.299446,-8.594256
12866,56.28373,-8.634511
12867,56.389038,-8.520627
12868,56.31479,-8.566321
12869,56.303265,-8.631692
12870,56.32683,-8.602375
12871,56.285107,-8.615286
12872,56.289818,-8.6202755
12873,56.362213,-8.53537
12874,56.252686,-8.664194
12875,56.272964,-8.668394
12876,56.38683,-8.539401
12877,56.33139,-8.637048
12878,56.269836,-8.629521
12879,56.324,-8.667436
12880,56.36661,-8.546533
12881,56.30183,-8.634314
12882,56.33142,-8.597696
12883,56.258198,-8.654751
12884,56.34783,-8.533509
12885,56.32803,-8.613228
12886,56.360806,-8.550479
12887,56.301666,-8.645927
12888,56.385406,-8.548252
12889,56.563137,-8.303515
12890,56.348587,-8.541459
12891,56.31944,-8.630311
12892,56.35429,-8.521642
12893,56.29955,-8.660078
12894,56.325527,-8.5521145
12895,56.384815,-8.498019
12896,56.40632,-8.5774
12897,56.347893,-8.582192
12898,56.372787,-8.50611
12899,56.38576,-8.605109
12900,56.4778,-8.432057
12901,56.369114,-8.614215
12902,56.42165,-8.518823
12903,56.28893,-8.595582
12904,56.453655,-8.555356
12905,56.531975,-8.452748
12906,56.388798,-8.439979
12907,56.387585,-8.449281
12908,56.333168,-8.585631
12909,56.351223,-8.553862
12910,56.340843,-8.60714
12911,56.46706,-8.440711
12912,56.39896,-8.54005
12913,56.304955,-8.593553
12914,56.305103,-8.612354
12915,56.350395,-8.540642
12916,56.428864,-8.536948
12917,56.376537,-8.605504
12918,56.36728,-8.550479
12919,56.37015,-8.587858
12920,56.398766,-8.561839
12921,56.365974,-8.560684
12922,56.40173,-8.567139
12923,56.38859,-8.628985
12924,56.37221,-8.592904
12925,56.455433,-8.555722
12926,56.283524,-8.608464
12927,56.387394,-8.6127205
12928,56.391346,-8.5637
12929,56.37384,-8.626336
12930,56.368004,-8.565673
12931,56.33404,-8.594624
12932,56.380936,-8.572269
12933,56.39176,-8.572157
12934,56.343403,-8.644038
12935,56.387897,-8.576808
12936,56.3655,-8.62301
12937,56.446415,-8.5257015
12938,56.35786,-8.653905
12939,56.31725,-8.705294
12940,56.471947,-8.487054
12941,56.265736,-8.616977
12942,56.40505,-8.565504
12943,56.31953,-8.652213
12944,56.451317,-8.539908
12945,56.55028,-8.441783
12946,56.490772,-8.540444
12947,56.44412,-8.57895
12948,56.43489,-8.537089
12949,56.45499,-8.564461
12950,56.34068,-8.627097
12951,56.443302,-8.528746
12952,56.44342,-8.612298
12953,56.374107,-8.63919
12954,56.403297,-8.596314
12955,56.366493,-8.614806
12956,56.36731,-8.579881
12957,56.367294,-8.676935
12958,56.353016,-8.626505
12959,56.40974,-8.562544
12960,56.344513,-8.642826
12961,56.36765,-8.611706
12962,56.418583,-8.546674
12963,56.410763,-8.547407
12964,56.430714,-8.599416
12965,56.41836,-8.626928
12966,56.50705,-8.567562
12967,56.469666,-8.615878
12968,56.366066,-8.60697
12969,56.35654,-8.563221
12970,56.354897,-8.562826
12971,56.4867,-8.545913
12972,56.46694,-8.615427
12973,56.45025,-8.597639
12974,56.474007,-8.5058565
12975,56.41577,-8.573228
12976,56.387405,-8.572298
12977,56.380535,-8.559134
12978,56.351727,-8.588422
12979,56.417946,-8.600599
12980,56.35337,-8.603757
12981,56.414436,-8.593806
12982,56.359695,-8.6145525
12983,56.40795,-8.619993
12984,56.45161,-8.560824
12985,56.377052,-8.602685
12986,56.343166,-8.662446
12987,56.474052,-8.541543
12988,56.45508,-8.495792
12989,56.342663,-8.633524
12990,56.492237,-8.31341
12991,56.372196,-8.588563
12992,56.365532,-8.586025
12993,56.47436,-8.5800495
12994,56.286545,-8.757189
12995,56.42501,-8.500979
12996,56.35219,-8.624983
12997,56.458305,-8.382078
12998,56.355934,-8.672397
12999,56.46352,-8.500162
13000,56.473415,-8.505547
13001,56.334354,-8.679838
13002,56.41678,-8.587125
13003,56.433186,-8.555074
13004,56.46124,-8.544418
13005,56.33964,-8.65024
13006,56.413757,-8.570353
13007,56.44191,-8.555863
13008,56.318935,-8.69103
13009,56.38978,-8.612157
13010,56.412838,-8.555638
13011,56.410572,-8.568633
13012,56.49547,-8.515327
13013,56.391243,-8.599641
13014,56.508663,-8.527055
13015,56.37753,-8.624334
13016,56.36931,-8.656019
13017,56.44305,-8.578556
13018,56.37421,-8.616273
13019,56.44529,-8.60573
13020,56.393288,-8.609169
13021,56.387733,-8.658951
13022,56.44942,-8.595131
13023,56.42039,-8.558119
13024,56.417503,-8.617428
13025,56.479736,-8.489704
13026,56.334282,-8.6871395
13027,56.414658,-8.577344
13028,56.473858,-8.565645
13029,56.468082,-8.576808
13030,56.398056,-8.670282
13031,56.433765,-8.508421
13032,56.53494,-8.549239
13033,56.314686,-8.698021
13034,56.369057,-8.578048
13035,56.471134,-8.659346
13036,56.51232,-8.553749
13037,56.494816,-8.558824
13038,56.36229,-8.674201
13039,56.438446,-8.596907
13040,56.42257,-8.626815
13041,56.540062,-8.486659
13042,56.61754,-8.373988
13043,56.445213,-8.597048
13044,56.468735,-8.576723
13045,56.48156,-8.621544
13046,56.44252,-8.622587
13047,56.38923,-8.657146
13048,56.527252,-8.521755
13049,56.47451,-8.626364
13050,56.444828,-8.680825
13051,56.422123,-8.589662
13052,56.503807,-8.67265
13053,56.390785,-8.6406555
13054,56.40133,-8.649479
13055,56.477783,-8.695793
13056,56.401108,-8.60993
13057,56.551792,-8.518034
13058,56.445866,-8.599275
13059,56.398323,-8.681896
13060,56.48322,-8.641135
13061,56.467194,-8.578161
13062,56.47362,-8.653905
13063,56.383244,-8.622587
13064,56.496742,-8.60198
13065,56.443214,-8.676991
13066,56.49557,-8.601276
13067,56.507805,-8.5445595
13068,56.488285,-8.616216
13069,56.44437,-8.6840105
13070,56.517284,-8.569225
13071,56.40644,-8.674342
13072,56.477337,-8.622981
13073,56.430286,-8.731594
13074,56.534954,-8.633553
13075,56.48849,-8.614976
13076,56.467888,-8.600882
13077,56.492977,-8.63437
13078,56.504265,-8.597555
13079,56.473755,-8.586139
13080,56.522392,-8.567646
13081,56.257736,-8.460106
13082,56.39686,-8.750649
13083,56.678486,-8.231183
13084,56.400517,-8.7964
13085,56.59079,-8.54191
13086,56.53593,-8.530211
13087,56.43427,-8.693849
13088,56.60723,-8.380951
13089,56.515934,-8.548252
13090,56.54578,-8.642065
13091,56.47805,-8.673637
13092,56.487278,-8.690861
13093,56.437588,-8.60962
13094,56.44126,-8.595412
13095,56.389866,-8.754117
13096,56.49027,-8.600514
13097,56.521,-8.599585
13098,56.49314,-8.555751
13099,56.477634,-8.670367
13100,56.569508,-8.435496
13101,56.449093,-8.7343
13102,56.44733,-8.572467
13103,56.446415,-8.719416
13104,56.509228,-8.548901
13105,56.526333,-8.548027
13106,56.46481,-8.651255
13107,56.46657,-8.614666
13108,56.498413,-8.555159
13109,56.454914,-8.609084
13110,56.421013,-8.734863
13111,56.406734,-8.658076
13112,56.489113,-8.54549
13113,56.45373,-8.684405
13114,56.479458,-8.642686
13115,56.46928,-8.594144
13116,56.394917,-8.773906
13117,56.546654,-8.688605
13118,56.50964,-8.518795
13119,56.525223,-8.602094
13120,56.50514,-8.560797
13121,56.43843,-8.602629
13122,56.50166,-8.59141
13123,56.537277,-8.628534
13124,56.56659,-8.611255
13125,56.544388,-8.683672
13126,56.463715,-8.654102
13127,56.48528,-8.5416565
13128,56.484848,-8.727422
13129,56.482124,-8.550169
13130,56.50203,-8.697824
13131,56.54024,-8.67733
13132,56.53919,-8.549239
13133,56.518585,-8.557724
13134,56.524513,-8.613651
13135,56.48085,-8.604772
13136,56.44197,-8.587886
13137,56.491825,-8.634877
13138,56.45299,-8.6406555
13139,56.515877,-8.572438
13140,56.489735,-8.582953
13141,56.553364,-8.61692
13142,56.540684,-8.632622
13143,56.558147,-8.61413
13144,56.469254,-8.61413
13145,56.445583,-8.654863
13146,56.489468,-8.662897
13147,56.45961,-8.655934
13148,56.50665,-8.596371
13149,56.521107,-8.63017
13150,56.53273,-8.5296755
13151,56.569168,-8.601135
13152,56.502205,-8.556202
13153,56.493675,-8.596061
13154,56.4875,-8.647534
13155,56.46887,-8.664222
13156,56.49483,-8.625519
13157,56.4714,-8.653228
13158,56.479977,-8.589127
13159,56.481915,-8.638035
13160,56.5338,-8.584222
13161,56.491467,-8.608098
13162,56.48883,-8.716738
13163,56.50628,-8.609845
13164,56.46204,-8.701431
13165,56.490845,-8.601953
13166,56.45093,-8.62628
13167,56.52719,-8.592312
13168,56.509773,-8.546561
13169,56.515343,-8.640289
13170,56.44637,-8.641389
13171,56.510765,-8.578471
13172,56.461506,-8.655963
13173,56.52269,-8.596709
13174,56.4883,-8.642996
13175,56.521313,-8.603982
13176,56.48744,-8.734441
13177,56.55345,-8.477498
13178,56.45197,-8.627717
13179,56.477917,-8.664758
13180,56.543175,-8.628675
13181,56.456234,-8.750311
13182,56.488686,-8.6586685
13183,56.523594,-8.528097
13184,56.506012,-8.6840105
13185,56.4549,-8.650466
13186,56.49255,-8.673947
13187,56.56068,-8.598288
13188,56.426506,-8.685025
13189,56.470512,-8.636963
13190,56.59356,-8.460753
13191,56.501064,-8.671664
13192,56.582394,-8.595779
13193,56.56828,-8.567139
13194,56.54172,-8.579627
13195,56.50422,-8.684405
13196,56.583443,-8.465828
13197,56.50181,-8.541572
13198,56.509567,-8.674511
13199,56.460335,-8.655032
13200,56.52756,-8.652073
13201,56.5017,-8.63234
13202,56.494534,-8.629831
13203,56.56967,-8.556766
13204,56.49135,-8.692298
13205,56.48403,-8.632143
13206,56.50945,-8.64277
13207,56.57669,-8.576018
13208,56.524895,-8.610437
13209,56.532093,-8.616554
13210,56.59624,-8.607985
13211,56.544224,-8.683081
13212,56.56943,-8.608238
13213,56.556282,-8.640289
13214,56.580837,-8.619598
13215,56.461136,-8.618584
13216,56.55625,-8.606519
13217,56.55095,-8.592678
13218,56.630203,-8.537682
13219,56.463875,-8.752144
13220,56.54874,-8.663968
13221,56.536465,-8.652467
13222,56.567165,-8.585462
13223,56.560265,-8.570043
13224,56.523373,-8.657062
13225,56.64273,-8.565475
13226,56.5963,-8.642037
13227,56.541855,-8.638401
13228,56.50838,-8.657231
13229,56.59488,-8.611255
13230,56.584023,-8.64074
13231,56.50206,-8.643701
13232,56.501198,-8.64246
13233,56.55942,-8.6704235
13234,56.522602,-8.642686
13235,56.567123,-8.595102
13236,56.56637,-8.627407
13237,56.540447,-8.677104
13238,56.53445,-8.675752
13239,56.542934,-8.634088
13240,56.621998,-8.573482
13241,56.5391,-8.663714
13242,56.5544,-8.606321
13243,56.53242,-8.661375
13244,56.53122,-8.701516
13245,56.545868,-8.6704235
13246,56.538494,-8.644518
13247,56.50508,-8.644405
13248,56.583874,-8.619514
13249,56.517773,-8.642883
13250,56.607483,-8.62783
13251,56.621643,-8.621939
13252,56.558548,-8.611452
13253,56.60153,-8.5980625
13254,56.562485,-8.640092
13255,56.580082,-8.677104
13256,56.507626,-8.635836
13257,56.572796,-8.61943
13258,56.561954,-8.652467
13259,56.59202,-8.64883
13260,56.607437,-8.6574
13261,56.568707,-8.640909
13262,56.6422,-8.824561
13263,56.617493,-8.621488
13264,56.66003,-8.68294
13265,56.558296,-8.659683
13266,56.596523,-8.6448
13267,56.61939,-8.611198
13268,56.561626,-8.670959
13269,56.52731,-8.681643
13270,56.534863,-8.670902
13271,56.53325,-8.616695
13272,56.627388,-8.638175
13273,56.578156,-8.616385
13274,56.610176,-8.616893
13275,56.634674,-8.606829
13276,56.598713,-8.633101
13277,56.554546,-8.678232
13278,56.556416,-8.663799
13279,56.59171,-8.637358
13280,56.623447,-8.5858
13281,56.576866,-8.661009
13282,56.61668,-8.61444
13283,56.638615,-8.648887
13284,56.611702,-8.625913
13285,56.56275,-8.664081
13286,56.560028,-8.635611
13287,56.59738,-8.615708
13288,56.56761,-8.670141
13289,56.58857,-8.679162
13290,56.563686,-8.645025
13291,56.53882,-8.666449
13292,56.58925,-8.644687
13293,56.57863,-8.663122
13294,56.592003,-8.630818
13295,56.603855,-8.633299
13296,56.5367,-8.660585
13297,56.562634,-8.654356
13298,56.552666,-8.60136
13299,56.584156,-8.640994
13300,56.599277,-8.622587
13301,56.583282,-8.6258
13302,56.571434,-8.675948
13303,56.59233,-8.643306
13304,56.579712,-8.641868
13305,56.578777,-8.634144
13306,56.597233,-8.635356
13307,56.569847,-8.690212
13308,56.59116,-8.622164
13309,56.57183,-8.673581
13310,56.565002,-8.653735
13311,56.586895,-8.655202
13312,56.61059,-8.635836
13313,56.60905,-8.624842
13314,56.593,-8.647365
13315,56.57081,-8.654694
13316,56.539944,-8.674229
13317,56.6144,-8.64246
13318,56.622322,-8.616977
13319,56.581547,-8.671326
13320,56.580036,-8.654751
13321,56.609154,-8.64931
13322,56.562813,-8.636738
13323,56.59122,-8.658161
13324,56.59643,-8.647759
13325,56.60978,-8.61055
13326,56.606327,-8.630114
13327,56.577713,-8.664475
13328,56.6604,-8.600233
13329,56.673122,-8.603418
13330,56.62432,-8.612805
13331,56.569107,-8.657175
13332,56.55468,-8.6463785
13333,56.66261,-8.5949335
13334,56.606148,-8.661939
13335,56.603912,-8.593017
13336,56.61838,-8.623348
13337,56.642242,-8.66301
13338,56.671585,-8.557753
13339,56.628853,-8.638993
13340,56.584644,-8.655088
13341,56.588627,-8.655032
13342,56.577904,-8.665941
13343,56.665806,-8.626871
13344,56.584614,-8.646012
13345,56.604637,-8.672115
13346,56.605186,-8.668253
13347,56.61569,-8.607731
13348,56.59485,-8.663602
13349,56.624557,-8.632312
13350,56.614697,-8.665321
13351,56.650833,-8.677837
13352,56.633904,-8.636258
13353,56.62721,-8.624588
13354,56.6967,-8.550339
13355,56.618427,-8.660247
13356,56.57829,-8.606575
13357,56.58356,-8.655963
13358,56.58463,-8.597611
13359,56.600937,-8.66955
13360,56.66415,-8.676823
13361,56.641,-8.598626
13362,56.685448,-8.622051
13363,56.585945,-8.669183
13364,56.649025,-8.634877
13365,56.633106,-8.636428
13366,56.631092,-8.627971
13367,56.589634,-8.6566105
13368,56.601143,-8.666618
13369,56.610504,-8.649254
13370,56.593662,-8.661939
13371,56.590153,-8.671946
13372,56.667984,-8.647027
13373,56.65726,-8.606379
13374,56.62413,-8.6269
13375,56.6431,-8.674201
13376,56.617626,-8.65881
13377,56.740173,-8.632199
13378,56.63971,-8.677555
13379,56.668934,-8.626787
13380,56.698494,-8.656864
13381,56.674397,-8.585856
13382,56.70796,-8.649817
13383,56.61849,-8.6803465
13384,56.58251,-8.66067
13385,56.576275,-8.592763
13386,56.56437,-8.672819
13387,56.59664,-8.65771
13388,56.632526,-8.630141
13389,56.647293,-8.641107
13390,56.656757,-8.669634
13391,56.644924,-8.660022
13392,56.59174,-8.675018
13393,56.61797,-8.644856
13394,56.638126,-8.704533
13395,56.662163,-8.60883
13396,56.62807,-8.64246
13397,56.572098,-8.702333
13398,56.65618,-8.661009
13399,56.634926,-8.619571
13400,56.655796,-8.649338
13401,56.696377,-8.609197
13402,56.587368,-8.68962
13403,56.662296,-8.617851
13404,56.617523,-8.65289
13405,56.670162,-8.632058
13406,56.60809,-8.656583
13407,56.691963,-8.618161
13408,56.685993,-8.650663
13409,56.68345,-8.598965
13410,56.60347,-8.6461525
13411,56.5758,-8.688662
13412,56.614296,-8.682432
13413,56.64399,-8.639501
13414,56.601055,-8.701939
13415,56.666073,-8.620191
13416,56.588154,-8.742813
13417,56.63568,-8.593327
13418,56.68518,-8.616808
13419,56.60544,-8.663376
13420,56.550133,-8.787098
13421,56.63568,-8.6753845
13422,56.63789,-8.683842
13423,56.65756,-8.663602
13424,56.625477,-8.697119
13425,56.680916,-8.564714
13426,56.528896,-8.723306
13427,56.664207,-8.607421
13428,56.5826,-8.68043
13429,56.65276,-8.675611
13430,56.703205,-8.587886
13431,56.65344,-8.651086
13432,56.70187,-8.60945
13433,56.64833,-8.639106
13434,56.689636,-8.631212
13435,56.69278,-8.59685
13436,56.623226,-8.703263
13437,56.61908,-8.745688
13438,56.74275,-8.526209
13439,56.607185,-8.736583
13440,56.59289,-8.679726
13441,56.640305,-8.684208
13442,56.704567,-8.590734
13443,56.65874,-8.643165
13444,56.660313,-8.638485
13445,56.696583,-8.645308
13446,56.635696,-8.670677
13447,56.637623,-8.667914
13448,56.749874,-8.580416
13449,56.63922,-8.685505
13450,56.630276,-8.6753845
13451,56.645176,-8.697795
13452,56.666756,-8.687281
13453,56.737255,-8.498865
13454,56.680294,-8.64914
13455,56.637222,-8.640487
13456,56.66594,-8.664363
13457,56.725967,-8.56105
13458,56.619198,-8.666646
13459,56.64571,-8.616018
13460,56.67194,-8.657062
13461,56.701843,-8.6296625
13462,56.79995,-8.678767
13463,56.789196,-8.628224
13464,56.656876,-8.648972
13465,56.734055,-8.62191
13466,56.73216,-8.585631
13467,56.601837,-8.651762
13468,56.70787,-8.615652
13469,56.617584,-8.728972
13470,56.64642,-8.784138
13471,56.747562,-8.55654
13472,56.694096,-8.615681
13473,56.651943,-8.714877
13474,56.75229,-8.5405855
13475,56.628113,-8.709099
13476,56.67585,-8.643277
13477,56.716076,-8.602206
13478,56.746483,-8.578048
13479,56.726856,-8.675497
13480,56.660965,-8.686914
13481,56.681923,-8.685251
13482,56.671318,-8.690015
13483,56.73151,-8.588281
13484,56.72776,-8.569423
13485,56.715855,-8.615455
13486,56.659542,-8.691875
13487,56.68426,-8.728042
13488,56.748688,-8.652157
13489,56.725494,-8.637611
13490,56.720905,-8.637358
13491,56.625774,-8.686886
13492,56.71341,-8.631973
13493,56.679802,-8.698951
13494,56.681374,-8.627717
13495,56.730724,-8.639613
13496,56.701042,-8.668704
13497,56.621315,-8.737908
13498,56.71809,-8.598316
13499,56.73687,-8.621713
13500,56.701694,-8.644011
13501,56.680676,-8.726717
13502,56.74697,-8.608549
13503,56.760376,-8.59
13504,56.72188,-8.64294
13505,56.66548,-8.687675
13506,56.65664,-8.72621
13507,56.69386,-8.662051
13508,56.697697,-8.695709
13509,56.660015,-8.722996
13510,56.709602,-8.659261
13511,56.74817,-8.658585
13512,56.650345,-8.771424
13513,56.731907,-8.593299
13514,56.839657,-8.513242
13515,56.677094,-8.677386
13516,56.66766,-8.7137785
13517,56.695976,-8.735343
13518,56.659378,-8.691396
13519,56.752674,-8.6858425
13520,56.721764,-8.670902
13521,56.683197,-8.643277
13522,56.68681,-8.673862
13523,56.68312,-8.684123
13524,56.700733,-8.743799
13525,56.64242,-8.718288
13526,56.736546,-8.676738
13527,56.67902,-8.627351
13528,56.75996,-8.638345
13529,56.812004,-8.542699
13530,56.729507,-8.614835
13531,56.632854,-8.670846
13532,56.730072,-8.609282
13533,56.688854,-8.699797
13534,56.68106,-8.710282
13535,56.715706,-8.661459
13536,56.74059,-8.642121
13537,56.7559,-8.69351
13538,56.698776,-8.661882
13539,56.716015,-8.70363
13540,56.67625,-8.710818
13541,56.78055,-8.661431
13542,56.76969,-8.619261
13543,56.70753,-8.663066
13544,56.753193,-8.67203
13545,56.73222,-8.667689
13546,56.771927,-8.603108
13547,56.794144,-8.601417
13548,56.809013,-8.652044
13549,56.71005,-8.66721
13550,56.71566,-8.679923
13551,56.754524,-8.664081
13552,56.74952,-8.637978
13553,56.761707,-8.693229
13554,56.793137,-8.714201
13555,56.77834,-8.650325
13556,56.763027,-8.653792
13557,56.73274,-8.6974
13558,56.81571,-8.648323
13559,56.719067,-8.682432
13560,56.706715,-8.680289
13561,56.745625,-8.68184
13562,56.764076,-8.666139
13563,56.73712,-8.713243
13564,56.81537,-8.601276
13565,56.640408,-8.801615
13566,56.79619,-8.610184
13567,56.733448,-8.741629
13568,56.63805,-8.860727
13569,56.760967,-8.707887
13570,56.79176,-8.708874
13571,56.725555,-8.664109
13572,56.86152,-8.520317
13573,56.76756,-8.706816
13574,56.860363,-8.829015
13575,56.817677,-8.707041
13576,56.773273,-8.689536
13577,56.7458,-8.647083
13578,56.71369,-8.709916
13579,56.764286,-8.607703
13580,56.80131,-8.636118
13581,56.743046,-8.674314
13582,56.802185,-8.65647
13583,56.81393,-8.7069845
13584,56.769733,-8.707604
13585,56.66046,-8.73072
13586,56.74909,-8.644546
13587,56.69094,-8.694497
13588,56.885143,-8.500387
13589,56.758434,-8.672538
13590,56.694332,-8.757753
13591,56.682945,-8.706928
13592,56.856083,-8.589521
13593,56.775276,-8.635977
13594,56.804897,-8.629578
13595,56.77427,-8.673496
13596,56.743935,-8.682404
13597,56.740456,-8.670902
13598,56.788708,-8.680572
13599,56.69913,-8.73616
13600,56.80401,-8.628056
13601,56.749977,-8.663602
13602,56.741222,-8.676089
13603,56.726578,-8.709747
13604,56.75436,-8.7333975
13605,56.747623,-8.674257
13606,56.723408,-8.732129
13607,56.824135,-8.611283
13608,56.7293,-8.685759
13609,56.855328,-8.587153
13610,56.773617,-8.685335
13611,56.731804,-8.657626
13612,56.73767,-8.70456
13613,56.73554,-8.722432
13614,56.920067,-8.557724
13615,56.829556,-8.611537
13616,56.759323,-8.645589
13617,56.798794,-8.658161
13618,56.78933,-8.686012
13619,56.744156,-8.693115
13620,56.862953,-8.601558
13621,56.746986,-8.705462
13622,56.788383,-8.682206
13623,56.85247,-8.666731
13624,56.80623,-8.66191
13625,56.767693,-8.711608
13626,56.793655,-8.663687
13627,56.775585,-8.722686
13628,56.811695,-8.66659
13629,56.814495,-8.675413
13630,56.820965,-8.659656
13631,56.749,-8.751072
13632,56.80743,-8.675526
13633,56.829334,-8.674567
13634,56.8058,-8.717217
13635,56.820152,-8.665124
13636,56.78121,-8.688774
13637,56.80112,-8.722432
13638,56.781334,-8.722122
13639,56.800674,-8.64277
13640,56.814213,-8.617118
13641,56.779778,-8.617034
13642,56.819054,-8.668929
13643,56.84388,-8.703912
13644,56.807518,-8.713074
13645,56.823986,-8.667548
13646,56.77332,-8.735371
13647,56.76298,-8.669521
13648,56.778282,-8.691002
13649,56.792736,-8.631269
13650,56.769352,-8.669155
13651,56.787865,-8.7409525
13652,56.770195,-8.709888
13653,56.74336,-8.765702
13654,56.893925,-8.5341015
13655,56.80645,-8.602545
13656,56.78653,-8.700501
13657,56.853462,-8.606772
13658,56.802113,-8.70924
13659,56.72496,-8.779599
13660,56.822834,-8.635553
13661,56.80987,-8.733849
13662,56.748882,-8.766492
13663,56.810303,-8.670141
13664,56.893955,-8.532974
13665,56.88203,-8.483051
13666,56.80374,-8.667914
13667,56.920628,-8.48852
13668,56.89884,-8.566124
13669,56.771378,-8.748817
13670,56.76221,-8.784561
13671,56.87532,-8.591692
13672,56.91091,-8.548759
13673,56.768196,-8.728127
13674,56.789894,-8.700275
13675,56.84219,-8.671241
13676,56.802956,-8.700275
13677,56.91084,-8.52167
13678,56.808956,-8.672143
13679,56.73428,-8.786478
13680,56.80072,-8.724039
13681,56.865932,-8.593185
13682,56.83868,-8.67888
13683,56.84207,-8.54814
13684,56.85475,-8.604236
13685,56.823143,-8.669634
13686,56.868687,-8.572185
13687,56.81614,-8.726802
13688,56.833393,-8.676484
13689,56.825054,-8.642798
13690,56.827248,-8.653115
13691,56.812893,-8.656752
13692,56.76107,-8.759952
13693,56.870583,-8.586674
13694,56.80401,-8.692749
13695,56.822536,-8.687112
13696,56.824314,-8.670311
13697,56.825928,-8.661572
13698,56.823097,-8.662305
13699,56.77843,-8.733314
13700,56.81667,-8.7106495
13701,56.86269,-8.647365
13702,56.84456,-8.700839
13703,56.792603,-8.69819
13704,56.84644,-8.690776
13705,56.876507,-8.589239
13706,56.82242,-8.709662
13707,56.80091,-8.713271
13708,56.803905,-8.702305
13709,56.87796,-8.633947
13710,56.961624,-8.555046
13711,56.76778,-8.811002
13712,56.80774,-8.7114105
13713,56.829853,-8.700585
13714,56.88215,-8.644715
13715,56.992016,-8.50814
13716,56.823483,-8.732609
13717,56.821957,-8.672538
13718,56.81916,-8.736836
13719,56.822105,-8.718711
13720,56.85503,-8.685674
13721,56.897198,-8.663122
13722,56.85481,-8.70425
13723,56.78918,-8.717612
13724,56.842888,-8.678711
13725,56.883392,-8.650888
13726,56.861576,-8.653595
13727,56.77055,-8.773144
13728,56.82082,-8.697146
13729,56.85943,-8.628337
13730,56.788677,-8.694892
13731,56.834072,-8.723983
13732,56.852085,-8.703799
13733,56.88489,-8.646294
13734,56.847137,-8.672087
13735,56.82205,-8.674511
13736,56.789314,-8.747464
13737,56.850292,-8.67375
13738,56.802155,-8.7336235
13739,56.79164,-8.71671
13740,56.841213,-8.677781
13741,56.857372,-8.59172
13742,56.824535,-8.738753
13743,56.84466,-8.676174
13744,56.84074,-8.678204
13745,56.883217,-8.689705
13746,56.841522,-8.704729
13747,56.842087,-8.631185
13748,56.85189,-8.689254
13749,56.83157,-8.719416
13750,56.846043,-8.725843
13751,56.838665,-8.697429
13752,56.848278,-8.669831
13753,56.857918,-8.660783
13754,56.838474,-8.724405
13755,56.88289,-8.656639
13756,56.890133,-8.640543
13757,56.911533,-8.617513
13758,56.84142,-8.756315
13759,56.95595,-8.584588
13760,56.882477,-8.662953
13761,56.804672,-8.837641
13762,56.859253,-8.6592045
13763,56.755768,-8.819036
13764,56.917873,-8.6066885
13765,56.88723,-8.680374
13766,56.794144,-8.75344
13767,56.885277,-8.637499
13768,56.84847,-8.702953
13769,56.820004,-8.697485
13770,56.848663,-8.752425
13771,56.859577,-8.697682
13772,56.875145,-8.667633
13773,56.903522,-8.62208
13774,56.881763,-8.699092
13775,56.835957,-8.6895075
13776,56.91506,-8.643221
13777,56.843346,-8.737626
13778,56.919518,-8.614976
13779,56.87553,-8.688295
13780,56.8094,-8.771989
13781,56.849773,-8.751354
13782,56.860348,-8.676146
13783,56.859295,-8.659402
13784,56.887585,-8.668704
13785,56.890266,-8.69227
13786,56.901108,-8.651903
13787,56.892044,-8.675131
13788,56.89089,-8.676991
13789,56.859756,-8.711833
13790,56.874256,-8.654807
13791,56.89853,-8.6717205
13792,56.872803,-8.689395
13793,56.868687,-8.737851
13794,56.893925,-8.669353
13795,56.842293,-8.757556
13796,56.890827,-8.663912
13797,56.808453,-8.751693
13798,56.905624,-8.642826
13799,56.923176,-8.636372
13800,56.90453,-8.685956
13801,56.899464,-8.68122
13802,56.846546,-8.719952
13803,56.847107,-8.75812
13804,56.94618,-8.596089
13805,56.919533,-8.652693
13806,56.885185,-8.6871395
13807,56.946503,-8.593073
13808,56.906204,-8.597443
13809,56.87704,-8.752623
13810,56.88566,-8.724659
13811,56.9198,-8.641614
13812,56.854378,-8.747408
13813,56.870865,-8.744166
13814,56.880165,-8.711833
13815,56.944252,-8.632171
13816,56.88394,-8.6759205
13817,56.88738,-8.675752
13818,56.873055,-8.733764
13819,56.9166,-8.65289
13820,56.87255,-8.711213
13821,56.90635,-8.667999
13822,56.923058,-8.66597
13823,56.926804,-8.685364
13824,56.892235,-8.699684
13825,56.82658,-8.752764
13826,56.919964,-8.667463
13827,56.94754,-8.640543
13828,56.91383,-8.665885
13829,56.899567,-8.702136
13830,56.908855,-8.710282
13831,56.91774,-8.624927
13832,56.919712,-8.690578
13833,56.90028,-8.728183
13834,56.867397,-8.722432
13835,56.89157,-8.718796
13836,56.91478,-8.669916
13837,56.88782,-8.722686
13838,56.92106,-8.658443
13839,56.86661,-8.768719
13840,56.90346,-8.714455
13841,56.872597,-8.724208
13842,56.917416,-8.698979
13843,56.83517,-8.746252
13844,56.883617,-8.688013
13845,56.939556,-8.706872
13846,56.89468,-8.693736
13847,56.879173,-8.739684
13848,56.872124,-8.690635
13849,56.926403,-8.597104
13850,56.95086,-8.659317
13851,56.863445,-8.672397
13852,56.821335,-8.585856
13853,57.04575,-8.595948
13854,56.925205,-8.69103
13855,57.624855,-7.6160707
13856,57.169674,-8.508647
13857,57.121777,-8.482008
13858,57.029266,-8.637301
13859,57.052296,-8.481811
13860,57.077682,-8.645645
13861,57.03223,-8.5827
13862,56.850883,-8.744448
13863,57.223717,-8.44074
13864,56.920925,-8.699176
13865,56.96013,-8.649084
13866,56.891956,-8.707097
13867,57.075653,-8.472734
13868,56.94329,-8.553919
13869,56.901035,-8.716005
13870,56.913845,-8.617005
13871,56.979473,-8.621488
13872,56.863087,-8.755893
13873,56.950237,-8.647506
13874,56.9178,-8.721333
13875,56.93532,-8.646435
13876,56.946148,-8.679247
13877,56.935707,-8.681727
13878,56.98266,-8.654525
13879,56.92227,-8.63919
13880,56.943954,-8.654159
13881,56.93729,-8.694385
13882,56.986256,-8.668084
13883,57.06761,-8.607506
13884,57.016205,-8.604377
13885,56.944473,-8.666928
13886,56.886017,-8.645054
13887,56.891212,-8.722235
13888,56.9298,-8.70425
13889,56.946842,-8.670311
13890,56.958797,-8.66876
13891,56.926777,-8.711523
13892,56.98587,-8.663263
13893,56.948517,-8.667802
13894,56.95942,-8.655906
13895,56.869648,-8.735624
13896,56.967358,-8.630451
13897,56.877853,-8.722827
13898,56.955776,-8.701714
13899,56.93812,-8.702333
13900,56.890446,-8.7294235
13901,56.91614,-8.737485
13902,57.03109,-8.617935
13903,56.93283,-8.742616
13904,56.865013,-8.804039
13905,56.990314,-8.70783
13906,56.99024,-8.663658
13907,56.953804,-8.675582
13908,56.968067,-8.740135
13909,56.898426,-8.755442
13910,56.97263,-8.666562
13911,57.01995,-8.634962
13912,57.012558,-8.687252
13913,57.214462,-8.502586
13914,57.087074,-8.608323
13915,57.111423,-8.608042
13916,57.04455,-8.59919
13917,56.99329,-8.633355
13918,57.058,-8.6850815
13919,56.918495,-8.699543
13920,56.98547,-8.67437
13921,56.976242,-8.659317
13922,56.970097,-8.673806
13923,56.991646,-8.651988
13924,56.9271,-8.745772
13925,57.002415,-8.636597
13926,56.94923,-8.711467
13927,56.98913,-8.671918
13928,56.973133,-8.740219
13929,57.072456,-8.572918
13930,56.984848,-8.687308
13931,56.966217,-8.719895
13932,56.94471,-8.704504
13933,57.01727,-8.653735
13934,56.96127,-8.667548
13935,56.936832,-8.74487
13936,56.94936,-8.710847
13937,56.92774,-8.710987
13938,56.979576,-8.71795
13939,57.007923,-8.66177
13940,56.93661,-8.709184
13941,56.951984,-8.713158
13942,56.95105,-8.715357
13943,57.02623,-8.666702
13944,56.977325,-8.712397
13945,57.000935,-8.683362
13946,56.931767,-8.750086
13947,56.985664,-8.70814
13948,56.921516,-8.720346
13949,56.95274,-8.705491
13950,56.970303,-8.678119
13951,56.986195,-8.694863
13952,57.030083,-8.642291
13953,56.974037,-8.768324
13954,56.992504,-8.713411
13955,57.02989,-8.64883
13956,56.98329,-8.651368
13957,56.963432,-8.714172
13958,56.979782,-8.719501
13959,56.96219,-8.711523
13960,57.01327,-8.695061
13961,56.95884,-8.710733
13962,56.984047,-8.647591
13963,57.01428,-8.686463
13964,56.949642,-8.748591
13965,56.99554,-8.658049
13966,56.9855,-8.705575
13967,57.010265,-8.680684
13968,56.985054,-8.711523
13969,56.993557,-8.676513
13970,56.995586,-8.714116
13971,56.992905,-8.683221
13972,56.977207,-8.684546
13973,57.0069,-8.669634
13974,56.999912,-8.655709
13975,56.919872,-8.676202
13976,56.969845,-8.673384
13977,56.88923,-8.662756
13978,57.00625,-8.650184
13979,56.942356,-8.738556
13980,56.962852,-8.725476
13981,56.99868,-8.698753
13982,56.986153,-8.713919
13983,57.000816,-8.656527
13984,56.97072,-8.710452
13985,56.991764,-8.684941
13986,57.014336,-8.675948
13987,57.004192,-8.687534
13988,56.971905,-8.681559
13989,56.98882,-8.704363
13990,57.00018,-8.686998
13991,57.024555,-8.679726
13992,57.019802,-8.672228
13993,57.054935,-8.650156
13994,56.973045,-8.737429
13995,56.953064,-8.657569
13996,56.995037,-8.703799
13997,57.045143,-8.626731
13998,57.043114,-8.656244
13999,57.064014,-8.627773
14000,57.161648,-8.591297
14001,56.97506,-8.750959
14002,56.995422,-8.746308
14003,57.003822,-8.711608
14004,57.009922,-8.695681
14005,57.008118,-8.678542
14006,57.048832,-8.669747
14007,57.022438,-8.661459
14008,57.040154,-8.688944
14009,56.96327,-8.729029
14010,57.093872,-8.629014
14011,56.996075,-8.698726
14012,56.99701,-8.71437
14013,57.004814,-8.701404
14014,56.994625,-8.699938
14015,57.01696,-8.727112
14016,56.984818,-8.676428
14017,57.021698,-8.698021
14018,56.96377,-8.733482
14019,57.059437,-8.65819
14020,57.02571,-8.68263
14021,56.998104,-8.722122
14022,56.996136,-8.730663
14023,57.0584,-8.666336
14024,57.01364,-8.715752
14025,57.034584,-8.7216425
14026,57.014767,-8.685533
14027,57.011093,-8.74442
14028,57.059273,-8.670762
14029,57.02657,-8.681417
14030,57.001038,-8.750903
14031,56.983795,-8.729282
14032,57.001038,-8.724631
14033,57.050713,-8.654581
14034,57.02192,-8.716174
14035,56.922436,-8.60215
14036,57.0576,-8.719783
14037,57.00967,-8.709099
14038,57.076485,-8.67685
14039,57.043915,-8.685589
14040,57.00511,-8.735427
14041,57.02678,-8.714793
14042,57.043648,-8.692495
14043,57.04898,-8.689479
14044,57.053837,-8.698415
14045,57.02088,-8.710452
14046,56.998135,-8.7217
14047,57.02201,-8.739346
14048,57.10396,-8.664617
14049,57.037056,-8.720346
14050,57.091637,-8.657766
14051,57.14734,-8.598401
14052,57.06576,-8.649705
14053,57.010174,-8.698387
14054,57.010174,-8.767844
14055,57.071938,-8.63079
14056,57.00348,-8.730212
14057,57.09064,-8.686153
14058,57.024765,-8.718457
14059,57.12955,-8.6009655
14060,56.99289,-8.737429
14061,57.17139,-8.598006
14062,57.053303,-8.735287
14063,57.151825,-8.61554
14064,57.076942,-8.615934
14065,57.149,-8.559979
14066,57.040894,-8.722207
14067,57.061703,-8.72418
14068,57.038273,-8.664419
14069,56.963078,-8.777119
14070,56.999054,-8.685195
14071,56.966763,-8.724913
14072,57.260006,-8.521614
14073,57.17212,-8.6492815
14074,56.942993,-8.765251
14075,57.089073,-8.702502
14076,57.05289,-8.638175
14077,57.071476,-8.647421
14078,57.042328,-8.689141
14079,57.06271,-8.701346
14080,56.966022,-8.815455
14081,57.170918,-8.543206
14082,57.12407,-8.64635
14083,57.11634,-8.682037
14084,57.101913,-8.659092
14085,57.07672,-8.714962
14086,57.041767,-8.742165
14087,57.170326,-8.665604
14088,57.03608,-8.817175
14089,56.89483,-8.869578
14090,57.137947,-8.62549
14091,57.073,-8.648098
14092,57.257027,-8.596427
14093,56.990227,-8.78005
14094,57.091267,-8.615906
14095,57.227245,-8.568013
14096,57.191875,-8.577964
14097,57.12733,-8.672115
14098,57.117985,-8.671579
14099,57.030598,-8.7409525
14100,57.06191,-8.72449
14101,57.086216,-8.695963
14102,57.015476,-8.795273
14103,57.007034,-8.72029
14104,57.08909,-8.691114
14105,57.068012,-8.706533
14106,57.075504,-8.70504
14107,57.010914,-8.713552
14108,57.07038,-8.671016
14109,57.0927,-8.736414
14110,57.05794,-8.752425
14111,57.136543,-8.723532
14112,57.072914,-8.70301
14113,57.010693,-8.72511
14114,57.052402,-8.7185135
14115,57.224472,-8.610747
14116,57.03525,-8.767985
14117,57.05803,-8.680966
14118,57.000416,-8.704194
14119,57.08534,-8.611452
14120,57.12521,-8.678514
14121,57.08919,-8.729
14122,57.10295,-8.720403
14123,57.089237,-8.702333
14124,57.037,-8.701826
14125,57.124813,-8.620388
14126,57.098152,-8.674765
14127,57.016113,-8.743884
14128,57.046833,-8.759417
14129,57.063244,-8.709691
14130,57.117687,-8.724744
14131,57.082954,-8.669606
14132,57.082096,-8.700332
14133,57.145027,-8.668873
14134,57.149426,-8.639387
14135,57.09719,-8.688295
14136,57.1257,-8.595863
14137,57.076824,-8.711298
14138,57.12952,-8.695117
14139,57.050045,-8.746675
14140,57.168472,-8.692327
14141,57.06869,-8.873553
14142,57.16926,-8.538189
14143,57.207855,-8.599867
14144,57.080765,-8.693905
14145,57.054237,-8.690184
14146,57.13841,-8.633214
14147,57.04695,-8.793778
14148,57.15122,-8.613594
14149,57.080868,-8.735399
14150,57.04301,-8.764011
14151,57.157497,-8.605758
14152,57.063686,-8.698838
14153,57.13395,-8.68542
14154,57.052727,-8.797753
14155,57.068306,-8.716513
14156,57.13672,-8.654017
14157,57.060547,-8.774863
14158,57.070335,-8.6999655
14159,57.14974,-8.686237
14160,57.08063,-8.694412
14161,57.060963,-8.773792
14162,57.087738,-8.699402
14163,57.074112,-8.781262
14164,57.11791,-8.701093
14165,57.045677,-8.8101
14166,57.0906,-8.8065195
14167,57.03236,-8.737541
14168,57.143486,-8.620388
14169,57.007908,-8.70783
14170,57.006783,-8.805223
14171,57.07524,-8.596399
14172,57.075638,-8.668478
14173,57.12564,-8.585434
14174,57.105247,-8.74239
14175,57.142437,-8.673581
14176,57.156284,-8.580247
14177,57.165348,-8.619007
14178,57.04612,-8.821488
14179,57.089222,-8.731622
14180,57.112858,-8.727985
14181,57.15264,-8.654751
14182,57.131107,-8.724829
14183,57.11351,-8.746787
14184,57.136333,-8.71592
14185,57.074245,-8.823039
14186,57.12564,-8.724631
14187,57.15913,-8.621431
14188,57.18983,-8.595441
14189,57.13949,-8.718711
14190,57.20879,-8.640064
14191,57.203323,-8.649254
14192,57.10181,-8.750931
14193,57.09836,-8.77726
14194,57.14162,-8.71282
14195,57.09978,-8.761953
14196,57.15461,-8.666956
14197,57.163544,-8.691875
14198,57.101883,-8.741939
14199,57.19537,-8.643559
14200,57.1108,-8.724856
14201,57.138584,-8.720995
14202,57.123257,-8.709578
14203,57.157795,-8.682235
14204,57.14959,-8.744166
14205,57.149338,-8.671664
14206,57.093384,-8.764659
14207,57.172264,-8.684913
14208,57.067036,-8.795244
14209,57.109364,-8.71843
14210,57.119537,-8.725984
14211,57.106773,-8.754483
14212,57.156254,-8.691256
14213,57.240913,-8.619232
14214,57.14826,-8.732101
14215,57.16963,-8.697456
14216,57.080025,-8.77399
14217,57.164104,-8.686604
14218,57.127373,-8.744955
14219,57.161793,-8.691932
14220,57.152863,-8.692946
14221,57.076008,-8.795724
14222,57.165558,-8.695061
14223,57.195087,-8.6821785
14224,57.11274,-8.733707
14225,57.16246,-8.7001915
14226,57.135757,-8.751523
14227,57.109837,-8.742643
14228,57.11259,-8.784899
14229,57.13971,-8.756569
14230,57.182056,-8.678147
14231,57.11144,-8.802066
14232,57.17441,-8.698217
14233,57.34336,-8.453424
14234,57.17102,-8.735399
14235,57.100773,-8.754511
14236,57.150494,-8.778613
14237,57.205917,-8.674765
14238,57.17311,-8.652918
14239,57.11594,-8.756484
14240,57.2442,-8.598372
14241,57.190437,-8.670565
14242,57.204258,-8.6759205
14243,57.131092,-8.747323
14244,57.171364,-8.7409525
14245,57.08183,-8.813116
14246,57.16622,-8.694187
14247,57.14442,-8.751101
14248,57.209026,-8.6474495
14249,57.21363,-8.677076
14250,57.219498,-8.627182
14251,57.164696,-8.76776
14252,57.154877,-8.721784
14253,57.102966,-8.785125
14254,57.22237,-8.639726
14255,57.18681,-8.71296
14256,57.201397,-8.648126
14257,57.198467,-8.644264
14258,57.167202,-8.755075
14259,57.173954,-8.727056
14260,57.246647,-8.607196
14261,57.093857,-8.768324
14262,57.202152,-8.60914
14263,57.21101,-8.720262
14264,57.196346,-8.718317
14265,57.116238,-8.767788
14266,57.11274,-8.6722555
14267,57.1503,-8.783349
14268,57.16212,-8.708591
14269,57.18552,-8.721051
14270,57.215572,-8.64714
14271,57.16268,-8.686294
14272,57.168976,-8.759924
14273,57.156094,-8.740163
14274,57.210773,-8.655709
14275,57.22064,-8.62222
14276,57.13217,-8.822813
14277,57.15162,-8.745632
14278,57.150078,-8.768014
14279,57.172993,-8.76029
14280,57.170414,-8.741714
14281,57.176323,-8.7398815
14282,57.14273,-8.790508
14283,57.162712,-8.713074
14284,57.192158,-8.7391205
14285,57.163277,-8.746647
14286,57.252377,-8.675694
14287,57.16058,-8.766858
14288,57.30312,-8.633806
14289,57.26963,-8.677104
14290,57.147396,-8.781065
14291,57.157574,-8.755329
14292,57.179714,-8.762968
14293,57.228043,-8.667633
14294,57.424984,-8.6108885
14295,57.376213,-8.58332
14296,57.20833,-8.670282
14297,57.253933,-8.667238
14298,57.235447,-8.712679
14299,57.198822,-8.726491
14300,57.151917,-8.775512
14301,57.199577,-8.719979
14302,57.19762,-8.740558
14303,57.217216,-8.741404
14304,57.217365,-8.710311
14305,57.180485,-8.73819
14306,57.202213,-8.764631
14307,57.17906,-8.706816
14308,57.18112,-8.765336
14309,57.220535,-8.724856
14310,57.20189,-8.681333
14311,57.19223,-8.728127
14312,57.188484,-8.748817
14313,57.18607,-8.734412
14314,57.252335,-8.637781
14315,57.237892,-8.682967
14316,57.234573,-8.6889715
14317,57.187668,-8.738275
14318,57.192303,-8.749945
14319,57.244778,-8.664278
14320,57.228058,-8.7396555
14321,57.18721,-8.739063
14322,57.231762,-8.742616
14323,57.246304,-8.660275
14324,57.184113,-8.759529
14325,57.20319,-8.712425
14326,57.23542,-8.703687
14327,57.200333,-8.726999
14328,57.17237,-8.774836
14329,57.192734,-8.746196
14330,57.265812,-8.644292
14331,57.19888,-8.7793455
14332,57.220192,-8.70518
14333,57.263958,-8.602291
14334,57.206966,-8.744984
14335,57.231804,-8.683672
14336,57.281734,-8.582502
14337,57.332726,-8.69912
14338,57.213573,-8.730889
14339,57.34151,-8.621854
14340,57.19134,-8.762348
14341,57.233288,-8.686153
14342,57.266018,-8.660022
14343,57.19411,-8.746308
14344,57.212654,-8.731622
14345,57.249504,-8.719106
14346,57.25482,-8.665406
14347,57.203503,-8.750931
14348,57.29752,-8.635638
14349,57.29271,-8.700473
14350,57.21997,-8.718852
14351,57.281776,-8.685025
14352,57.27184,-8.677443
14353,57.235966,-8.762658
14354,57.15409,-8.811679
14355,57.16781,-8.761812
14356,57.28619,-8.639359
14357,57.23406,-8.70129
14358,57.222282,-8.74628
14359,57.259575,-8.720346
14360,57.510517,-8.457794
14361,57.38461,-8.58098
14362,57.27283,-8.702785
14363,57.20618,-8.796118
14364,57.194572,-8.798204
14365,57.24244,-8.764434
14366,57.192543,-8.776894
14367,57.170918,-8.817091
14368,57.247047,-8.697682
14369,57.31442,-8.638852
14370,57.20045,-8.805956
14371,57.222576,-8.737006
14372,57.228725,-8.735709
14373,57.17394,-8.8072815
14374,57.2462,-8.703461
14375,57.309044,-8.6574
14376,57.18632,-8.818698
14377,57.278637,-8.703292
14378,57.31263,-8.705294
14379,57.275852,-8.687337
14380,57.263706,-8.7291975
14381,57.282784,-8.685138
14382,57.256924,-8.711833
14383,57.23582,-8.764293
14384,57.32587,-8.680656
14385,57.204376,-8.769931
14386,57.2268,-8.75406
14387,57.2981,-8.636568
14388,57.239418,-8.724039
14389,57.262463,-8.725674
14390,57.267128,-8.7075205
14391,57.289062,-8.691649
14392,57.264774,-8.703348
14393,57.31193,-8.61709
14394,57.373413,-8.525109
14395,57.307343,-8.721023
14396,57.245106,-8.694497
14397,57.235344,-8.735004
14398,57.31374,-8.689113
14399,57.214878,-8.754257
14400,57.299225,-8.673158
14401,57.254257,-8.721981
14402,57.28302,-8.701488
14403,57.263012,-8.706957
14404,57.24164,-8.770973
14405,57.252422,-8.74783
14406,57.312763,-8.681896
14407,57.506947,-8.544926
14408,57.20707,-8.640713
14409,57.233982,-8.568858
14410,57.213142,-8.644856
14411,57.200554,-8.735371
14412,57.268654,-8.717752
14413,57.234783,-8.74504
14414,57.254112,-8.721446
14415,57.32079,-8.680572
14416,57.260258,-8.740163
14417,57.29752,-8.677386
14418,57.29912,-8.717866
14419,57.218285,-8.780784
14420,57.28616,-8.720459
14421,57.219677,-8.745209
14422,57.294323,-8.720093
14423,57.243015,-8.7490425
14424,57.261707,-8.743348
14425,57.332325,-8.623856
14426,57.25756,-8.720459
14427,57.285583,-8.733961
14428,57.381603,-8.671382
14429,57.315975,-8.679472
14430,57.25442,-8.745857
14431,57.36904,-8.632904
14432,57.22344,-8.781911
14433,57.351448,-8.619712
14434,57.342857,-8.663771
14435,57.2421,-8.7472105
14436,57.228073,-8.82535
14437,57.2881,-8.726125
14438,57.265575,-8.668619
14439,57.34998,-8.627717
14440,57.31156,-8.693003
14441,57.23945,-8.769592
14442,57.092968,-8.828564
14443,57.367237,-8.648803
14444,57.32913,-8.642572
14445,57.236084,-8.660585
14446,57.276993,-8.76418
14447,57.246838,-8.748507
14448,57.34767,-8.636202
14449,57.267574,-8.770494
14450,57.287643,-8.764941
14451,57.282265,-8.710762
14452,57.256363,-8.749269
14453,57.19555,-8.81492
14454,57.26445,-8.778951
14455,57.316315,-8.643531
14456,57.339672,-8.716991
14457,57.319588,-8.742531
14458,57.29191,-8.757584
14459,57.30968,-8.692524
14460,57.26507,-8.774441
14461,57.308186,-8.748901
14462,57.314598,-8.706421
14463,57.334724,-8.679444
14464,57.32889,-8.694243
14465,57.298958,-8.709945
14466,57.292458,-8.749465
14467,57.244793,-8.696865
14468,57.285496,-8.730212
14469,57.307076,-8.711438
14470,57.31593,-8.739825
14471,57.311916,-8.722517
14472,57.401806,-8.635272
14473,57.235878,-8.81743
14474,57.3292,-8.748056
14475,57.245743,-8.80325
14476,57.28668,-8.82084
14477,57.370037,-8.657005
14478,57.27825,-8.796146
14479,57.42214,-8.634736
14480,57.366585,-8.723813
14481,57.26996,-8.750959
14482,57.29909,-8.752425
14483,57.281334,-8.727732
14484,57.35977,-8.700304
14485,57.328373,-8.699148
14486,57.331734,-8.7398815
14487,57.29056,-8.757527
14488,57.395405,-8.686745
14489,57.326786,-8.742165
14490,57.294662,-8.753045
14491,57.265617,-8.777119
14492,57.303593,-8.765787
14493,57.31217,-8.708563
14494,57.31186,-8.710677
14495,57.24047,-8.809987
14496,57.300793,-8.756146
14497,57.404324,-8.561529
14498,57.204006,-8.591128
14499,57.145145,-8.859374
14500,57.348293,-8.764575
14501,57.33218,-8.719444
14502,57.297047,-8.740473
14503,57.27708,-8.712397
14504,57.35638,-8.722798
14505,57.323128,-8.734272
14506,57.284946,-8.796625
14507,57.346428,-8.706703
14508,57.400562,-8.653059
14509,57.297596,-8.744843
14510,57.350677,-8.710367
14511,57.34687,-8.676625
14512,57.360645,-8.706872
14513,57.297016,-8.753835
14514,57.31156,-8.752425
14515,57.398796,-8.65647
14516,57.27723,-8.747548
14517,57.27852,-8.781826
14518,57.34403,-8.696583
14519,57.34739,-8.673496
14520,57.325897,-8.685025
14521,57.57152,-8.521107
14522,57.374493,-8.664194
14523,57.304348,-8.747267
14524,57.31297,-8.785011
14525,57.271706,-8.858078
14526,57.31507,-8.814864
14527,57.337852,-8.702165
14528,57.373814,-8.701009
14529,57.19648,-8.605504
14530,57.19198,-8.679726
14531,57.383026,-8.693229
14532,57.37211,-8.692383
14533,57.31581,-8.718993
14534,57.26147,-8.757753
14535,57.458042,-8.611086
14536,57.35509,-8.773567
14537,57.329987,-8.6858425
14538,57.32433,-8.743377
14539,57.25725,-8.850494
14540,57.38735,-8.703348
14541,57.378983,-8.709916
14542,57.282635,-8.76917
14543,57.35112,-8.748958
14544,57.31223,-8.795217
14545,57.33905,-8.708169
14546,57.32916,-8.748394
14547,57.396057,-8.673496
14548,57.4033,-8.662502
14549,57.324062,-8.763588
14550,57.312687,-8.821713
14551,57.26018,-8.818782
14552,57.365993,-8.757217
14553,57.335865,-8.761981
14554,57.29386,-8.704589
14555,57.374004,-8.7043915
14556,57.358913,-8.709465
14557,57.441734,-8.616132
14558,57.36793,-8.76232
14559,57.279747,-8.814272
14560,57.38384,-8.717105
14561,57.314953,-8.773962
14562,57.350307,-8.727478
14563,57.38209,-8.721953
14564,57.3646,-8.715752
14565,57.36565,-8.722771
14566,57.355667,-8.778387
14567,57.32384,-8.78814
14568,57.360943,-8.744984
14569,57.311916,-8.7965975
14570,57.391216,-8.694581
14571,57.36217,-8.752115
14572,57.34019,-8.804293
14573,57.345554,-8.758542
14574,57.317043,-8.880206
14575,57.466263,-8.594651
14576,57.368168,-8.734836
14577,57.413002,-8.697175
14578,57.360897,-8.785576
14579,57.431396,-8.672819
14580,57.442387,-8.674765
14581,57.35684,-8.71795
14582,57.375988,-8.736978
14583,57.329468,-8.739514
14584,57.33027,-8.708648
14585,57.38354,-8.807901
14586,57.334267,-8.780727
14587,57.35093,-8.766351
14588,57.365223,-8.7522
14589,57.44098,-8.67685
14590,57.34949,-8.758035
14591,57.35256,-8.7605715
14592,57.35731,-8.75592
14593,57.3771,-8.72542
14594,57.322773,-8.757471
14595,57.387142,-8.761249
14596,57.357964,-8.77103
14597,57.3928,-8.70907
14598,57.377144,-8.757527
14599,57.374374,-8.744645
14600,57.356453,-8.746252
14601,57.3565,-8.784364
14602,57.323174,-8.792228
14603,57.383232,-8.779909
14604,57.379395,-8.748507
14605,57.359947,-8.76979
14606,57.384922,-8.743772
14607,57.416275,-8.732495
14608,57.369457,-8.732073
14609,57.364674,-8.811397
14610,57.389187,-8.76029
14611,57.38332,-8.744448
14612,57.358246,-8.769677
14613,57.36657,-8.760178
14614,57.400574,-8.737514
14615,57.363327,-8.797584
14616,57.380966,-8.805758
14617,57.43787,-8.761502
14618,57.41315,-8.702812
14619,57.32892,-8.807929
14620,57.410023,-8.69461
14621,57.380997,-8.764011
14622,57.439854,-8.715723
14623,57.357166,-8.792369
14624,57.405804,-8.729085
14625,57.391068,-8.706026
14626,57.40795,-8.709916
14627,57.38052,-8.770128
14628,57.40866,-8.710086
14629,57.434345,-8.703968
14630,57.38227,-8.772975
14631,57.321632,-8.808494
14632,57.37892,-8.739487
14633,57.41604,-8.735287
14634,57.365993,-8.767563
14635,57.44101,-8.724518
14636,57.388474,-8.78332
14637,57.36269,-8.800178
14638,57.417786,-8.746872
14639,57.39028,-8.736048
14640,57.37328,-8.766632
14641,57.384758,-8.765674
14642,57.397537,-8.757274
14643,57.38822,-8.769254
14644,57.420822,-8.74332
14645,57.41066,-8.748648
14646,57.388447,-8.766689
14647,57.356647,-8.798373
14648,57.405552,-8.753525
14649,57.36989,-8.78862
14650,57.408054,-8.723842
14651,57.397778,-8.738302
14652,57.375484,-8.784758
14653,57.40287,-8.77275
14654,57.391228,-8.753581
14655,57.379425,-8.792961
14656,57.443954,-8.73461
14657,57.399094,-8.760149
14658,57.414986,-8.760149
14659,57.4182,-8.725956
14660,57.445244,-8.718993
14661,57.407078,-8.748535
14662,57.401093,-8.762968
14663,57.442284,-8.741657
14664,57.421593,-8.742277
14665,57.46924,-8.668197
14666,57.474052,-8.652495
14667,57.3614,-8.816245
14668,57.467285,-8.720825
14669,57.461388,-8.697739
14670,57.423386,-8.733229
14671,57.40441,-8.784701
14672,57.410202,-8.772073
14673,57.389336,-8.796344
14674,57.40407,-8.759839
14675,57.409534,-8.751157
14676,57.405506,-8.767901
14677,57.438908,-8.742192
14678,57.40407,-8.764095
14679,57.374256,-8.797443
14680,57.374226,-8.8041525
14681,57.396873,-8.776386
14682,57.42359,-8.726971
14683,57.35641,-8.717105
14684,57.37251,-8.779008
14685,57.45111,-8.724067
14686,57.434875,-8.76201
14687,57.40998,-8.763842
14688,57.37535,-8.804378
14689,57.425903,-8.719275
14690,57.42965,-8.76201
14691,57.435677,-8.718176
14692,57.419712,-8.784815
14693,57.423294,-8.761305
14694,57.423916,-8.782813
14695,57.468277,-8.738782
14696,57.453922,-8.74597
14697,57.453526,-8.741601
14698,57.449005,-8.736865
14699,57.408142,-8.767083
14700,57.412987,-8.7835455
14701,57.43381,-8.79158
14702,57.363117,-8.787154
14703,57.42851,-8.781516
14704,57.417534,-8.7575
14705,57.411415,-8.790339
14706,57.417103,-8.67375
14707,57.433205,-8.779458
14708,57.44914,-8.74831
14709,57.410275,-8.802602
14710,57.466633,-8.758852
14711,57.409492,-8.796513
14712,57.426037,-8.764378
14713,57.465004,-8.743855
14714,57.470615,-8.759444
14715,57.390327,-8.7879715
14716,57.445126,-8.749747
14717,57.42956,-8.765702
14718,57.43387,-8.77616
14719,57.41783,-8.7921715
14720,57.457344,-8.749719
14721,57.479,-8.737711
14722,57.4568,-8.748761
14723,57.45721,-8.747972
14724,57.43972,-8.748733
14725,57.472572,-8.729564
14726,57.46229,-8.751579
14727,57.44434,-8.774948
14728,57.429295,-8.792849
14729,57.482555,-8.719332
14730,57.42959,-8.762151
14731,57.441364,-8.770579
14732,57.46727,-8.742503
14733,57.45884,-8.769141
14734,57.451763,-8.777626
14735,57.45788,-8.766943
14736,57.442608,-8.762404
14737,57.44252,-8.736611
14738,57.44042,-8.71454
14739,57.41438,-8.807648
14740,57.424984,-8.76449
14741,57.4572,-8.743264
14742,57.418274,-8.820248
14743,57.432568,-8.702418
14744,57.44548,-8.769846
14745,57.41891,-8.770382
14746,57.44809,-8.753552
14747,57.45517,-8.782249
14748,57.461315,-8.76621
14749,57.50126,-8.756315
14750,57.44403,-8.784984
14751,57.444622,-8.776978
14752,57.46789,-8.745237
14753,57.34551,-8.844687
14754,57.46632,-8.761812
14755,57.45093,-8.820642
14756,57.433884,-8.821009
14757,57.456947,-8.779684
14758,57.496357,-8.754708
14759,57.470512,-8.819769
14760,57.438137,-8.809536
14761,57.530273,-8.6727915
14762,57.49193,-8.750791
14763,57.46303,-8.773229
14764,57.515877,-8.711523
14765,57.495483,-8.755554
14766,57.432995,-8.819318
14767,57.4202,-8.795808
14768,57.44548,-8.78955
14769,57.46721,-8.804434
14770,57.466335,-8.727449
14771,57.443913,-8.781996
14772,57.4855,-8.744701
14773,57.47912,-8.749832
14774,57.480183,-8.751128
14775,57.485695,-8.778669
14776,57.431324,-8.826027
14777,57.468765,-8.820389
14778,57.514145,-8.758937
14779,57.47399,-8.805477
14780,57.52349,-8.698049
14781,57.51459,-8.699627
14782,57.46617,-8.800375
14783,57.48091,-8.779628
14784,57.52269,-8.730043
14785,57.515835,-8.718767
14786,57.45622,-8.792539
14787,57.43652,-8.788113
14788,57.568336,-8.601896
14789,57.54411,-8.662305
14790,57.707603,-8.567392
14791,57.491306,-8.702531
14792,57.44031,-8.7850685
14793,57.52786,-8.699317
14794,57.51099,-8.730917
14795,57.5277,-8.655456
14796,57.420616,-8.78115
14797,57.459686,-8.748789
14798,57.45031,-8.83299
14799,57.456352,-8.8046875
14800,57.385704,-8.846718
14801,57.463478,-8.866393
14802,57.514828,-8.702643
14803,57.4714,-8.771284
14804,57.510944,-8.768042
14805,57.468025,-8.830058
14806,57.53235,-8.715864
14807,57.54766,-8.757753
14808,57.515285,-8.762573
14809,57.477474,-8.776358
14810,57.496876,-8.746591
14811,57.464558,-8.738218
14812,57.534317,-8.6884365
14813,57.42544,-8.828225
14814,57.505867,-8.791269
14815,57.517834,-8.681755
14816,57.466156,-8.793102
14817,57.501053,-8.777288
14818,57.5278,-8.73227
14819,57.488773,-8.774892
14820,57.450874,-8.848888
14821,57.46629,-8.78566
14822,57.507645,-8.764152
14823,57.539043,-8.7216425
14824,57.503494,-8.78831
14825,57.504932,-8.792454
14826,57.507717,-8.797387
14827,57.476273,-8.82941
14828,57.503643,-8.772862
14829,57.52965,-8.737146
14830,57.534096,-8.761417
14831,57.548492,-8.733539
14832,57.508785,-8.764659
14833,57.49818,-8.772834
14834,57.503098,-8.761502
14835,57.514114,-8.764039
14836,57.480286,-8.799247
14837,57.54452,-8.738951
14838,57.521667,-8.7806425
14839,57.492508,-8.82535
14840,57.49406,-8.788648
14841,57.35882,-8.969932
14842,57.585358,-8.5800495
14843,57.47524,-8.851538
14844,57.491352,-8.829466
14845,57.469593,-8.884181
14846,57.531624,-8.704701
14847,57.527103,-8.76621
14848,57.52315,-8.7522
14849,57.509674,-8.790142
14850,57.58934,-8.673694
14851,57.586067,-8.713552
14852,57.533756,-8.780445
14853,57.54184,-8.71733
14854,57.55009,-8.735089
14855,57.490047,-8.806887
14856,57.540123,-8.789747
14857,57.49908,-8.811594
14858,57.540627,-8.730381
14859,57.54433,-8.748986
14860,57.53796,-8.75203
14861,57.59904,-8.6946945
14862,57.526558,-8.814159
14863,57.551437,-8.773116
14864,57.549423,-8.74146
14865,57.549603,-8.744138
14866,57.6523,-8.613398
14867,57.582394,-8.7414875
14868,57.51527,-8.807253
14869,57.50317,-8.734468
14870,57.530853,-8.778894
14871,57.552135,-8.780389
14872,57.532555,-8.766746
14873,57.54485,-8.781686
14874,57.55123,-8.764434
14875,57.5157,-8.806717
14876,57.511036,-8.7837715
14877,57.52321,-8.789127
14878,57.558132,-8.753525
14879,57.59799,-8.718965
14880,57.54953,-8.774075
14881,57.546432,-8.766999
14882,57.537678,-8.788423
14883,57.486954,-8.821657
14884,57.518543,-8.749606
14885,57.544567,-8.791439
14886,57.517536,-8.794286
14887,57.5339,-8.800459
14888,57.56345,-8.715328
14889,57.568634,-8.763137
14890,57.531223,-8.816837
14891,57.592644,-8.729029
14892,57.526127,-8.8276615
14893,57.58848,-8.7675905
14894,57.54972,-8.776978
14895,57.524174,-8.786732
14896,57.534008,-8.833187
14897,57.540226,-8.767563
14898,57.543365,-8.782221
14899,57.507687,-8.83609
14900,57.525623,-8.8214035
14901,57.56028,-8.774836
14902,57.49932,-8.827154
14903,57.508545,-8.880601
14904,57.58078,-8.76356
14905,57.46595,-8.932046
14906,57.526897,-8.789691
14907,57.65787,-8.693849
14908,57.61498,-8.731397
14909,57.736485,-8.497682
14910,57.681686,-8.574384
14911,57.55369,-8.779402
14912,57.64482,-8.666307
14913,57.56,-8.769367
14914,57.55831,-8.795639
14915,57.54079,-8.784645
14916,57.558132,-8.813257
14917,57.49402,-8.862588
14918,57.52389,-8.835836
14919,57.629387,-8.721079
14920,57.52029,-8.908818
14921,57.622337,-8.743348
14922,57.596138,-8.746647
14923,57.59337,-8.792144
14924,57.640244,-8.707323
14925,57.60359,-8.74597
14926,57.56219,-8.751636
14927,57.533012,-8.848916
14928,57.55132,-8.800713
14929,57.564606,-8.782728
14930,57.654137,-8.701009
14931,57.541515,-8.792764
14932,57.5523,-8.789888
14933,57.56034,-8.751805
14934,57.57721,-8.751298
14935,57.620693,-8.706562
14936,57.634113,-8.731594
14937,57.62025,-8.767253
14938,57.56323,-8.783518
14939,57.62927,-8.73709
14940,57.547768,-8.845195
14941,57.64128,-8.760769
14942,57.54236,-8.826591
14943,57.580616,-8.7848425
14944,57.551113,-8.80948
14945,57.640602,-8.729677
14946,57.59787,-8.7166815
14947,57.61963,-8.7644615
14948,57.58423,-8.803701
14949,57.594078,-8.77258
14950,57.61391,-8.748535
14951,57.633698,-8.70783
14952,57.590527,-8.766802
14953,57.584362,-8.837641
14954,57.60495,-8.800939
14955,57.571213,-8.818979
14956,57.57469,-8.832256
14957,57.597813,-8.777231
14958,57.746914,-8.650804
14959,57.603455,-8.784561
14960,57.64448,-8.737795
14961,57.578648,-8.796344
14962,57.630825,-8.769141
14963,57.57736,-8.858247
14964,57.584866,-8.810494
14965,57.57604,-8.811312
14966,57.623642,-8.76153
14967,57.577374,-8.819459
14968,57.60036,-8.774469
14969,57.58208,-8.779262
14970,57.601913,-8.786365
14971,57.58032,-8.817542
14972,57.55271,-8.825914
14973,57.587563,-8.768719
14974,57.604965,-8.814977
14975,57.64463,-8.769367
14976,57.622116,-8.771114
14977,57.602077,-8.80139
14978,57.596626,-8.800205
14979,57.61246,-8.790649
14980,57.598404,-8.788817
14981,57.629387,-8.752256
14982,57.61825,-8.767083
14983,57.627567,-8.732355
14984,57.596436,-8.812975
14985,57.593575,-8.791805
14986,57.588985,-8.809931
14987,57.563126,-8.828056
14988,57.62428,-8.738782
14989,57.634514,-8.766971
14990,57.62597,-8.759359
14991,57.602627,-8.796288
14992,57.650154,-8.7459135
14993,57.60252,-8.791523
14994,57.593307,-8.815259
14995,57.634335,-8.738613
14996,57.599857,-8.817062
14997,57.60716,-8.7762165
14998,57.583965,-8.823179
14999,57.660297,-8.740079
15000,57.601574,-8.806463
15001,57.57056,-8.858557
15002,57.620785,-8.8140745
15003,57.699547,-8.708901
15004,57.605305,-8.802602
15005,57.72357,-8.667126
15006,57.58386,-8.712256
15007,57.630276,-8.810382
15008,57.65741,-8.719275
15009,57.709606,-8.553354
15010,57.609543,-8.842489
15011,57.637314,-8.808521
15012,57.59365,-8.841192
15013,57.651695,-8.687478
15014,57.576927,-8.813257
15015,57.61218,-8.796429
15016,57.5685,-8.845533
15017,57.59023,-8.842066
15018,57.64251,-8.769875
15019,57.682976,-8.683983
15020,57.633907,-8.78783
15021,57.598064,-8.836767
15022,57.62899,-8.793356
15023,57.63265,-8.776245
15024,57.58629,-8.857598
15025,57.61258,-8.863659
15026,57.65562,-8.773482
15027,57.616386,-8.827944
15028,57.628204,-8.781065
15029,57.622013,-8.813426
15030,57.66292,-8.727196
15031,57.63801,-8.834539
15032,57.60492,-8.828028
15033,57.641994,-8.78783
15034,57.623318,-8.792623
15035,57.602833,-8.808747
15036,57.638157,-8.810016
15037,57.611645,-8.844687
15038,57.637566,-8.774187
15039,57.65153,-8.778838
15040,57.61274,-8.821347
15041,57.636322,-8.803334
15042,57.64648,-8.785378
15043,57.6128,-8.821206
15044,57.654716,-8.792088
15045,57.59978,-8.839839
15046,57.664593,-8.767197
15047,57.673363,-8.7626295
15048,57.62622,-8.748056
15049,57.631565,-8.796766
15050,57.654182,-8.800656
15051,57.603146,-8.892835
15052,57.630913,-8.78583
15053,57.680946,-8.773511
15054,57.64066,-8.794483
15055,57.615406,-8.830875
15056,57.596123,-8.870593
15057,57.652847,-8.747577
15058,57.638824,-8.833892
15059,57.641106,-8.802687
15060,57.608047,-8.824307
15061,57.634678,-8.814159
15062,57.63629,-8.815935
15063,57.63487,-8.781404
15064,57.621376,-8.82394
15065,57.645027,-8.79609
15066,57.62601,-8.8449135
15067,57.625034,-8.835132
15068,57.63955,-8.791044
15069,57.62585,-8.836739
15070,57.676903,-8.776526
15071,57.65264,-8.794822
15072,57.65892,-8.829776
15073,57.643948,-8.829663
15074,57.629818,-8.829607
15075,57.69589,-8.754257
15076,57.636482,-8.834146
15077,57.637833,-8.819318
15078,57.681065,-8.786223
15079,57.680603,-8.75609
15080,57.65168,-8.759754
15081,57.637016,-8.828761
15082,57.63789,-8.840065
15083,57.666267,-8.747548
15084,57.632248,-8.810579
15085,57.65836,-8.8046875
15086,57.674385,-8.791383
15087,57.703857,-8.760488
15088,57.64457,-8.828592
15089,57.69035,-8.794371
15090,57.624115,-8.865237
15091,57.716137,-8.731565
15092,57.63888,-8.828649
15093,57.659454,-8.781432
15094,57.641014,-8.851764
15095,57.707737,-8.756259
15096,57.676605,-8.826788
15097,57.6321,-8.860812
15098,57.72159,-8.721417
15099,57.64891,-8.849903
15100,57.69374,-8.797049
15101,57.657234,-8.846379
15102,57.66541,-8.822278
15103,57.596138,-8.901461
15104,57.721527,-8.7365265
15105,57.695667,-8.766492
15106,57.631493,-8.863659
15107,57.63121,-8.885393
15108,57.700394,-8.802432
15109,57.67071,-8.8146105
15110,57.691135,-8.7898035
15111,57.68662,-8.760036
15112,57.67098,-8.860051
15113,57.70938,-8.789466
15114,57.689373,-8.796259
15115,57.686634,-8.759642
15116,57.69725,-8.7712555
15117,57.624367,-8.864336
15118,57.683254,-8.778443
15119,57.709843,-8.752087
15120,57.625183,-8.85991
15121,57.696495,-8.76356
15122,57.678974,-8.829973
15123,57.70319,-8.769902
15124,57.666595,-8.82924
15125,57.640484,-8.847169
15126,57.683464,-8.821855
15127,57.733612,-8.718486
15128,57.730015,-8.750621
15129,57.67231,-8.825801
15130,57.68598,-8.791862
15131,57.694824,-8.809902
15132,57.691402,-8.808465
15133,57.715218,-8.781826
15134,57.69485,-8.791298
15135,57.689907,-8.810156
15136,57.72708,-8.749465
15137,57.660667,-8.83251
15138,57.76383,-8.65616
15139,57.68293,-8.816668
15140,57.66231,-8.863603
15141,57.6587,-8.882997
15142,57.66923,-8.852327
15143,57.720787,-8.808634
15144,57.71378,-8.803334
15145,57.685165,-8.815484
15146,57.675465,-8.8723135
15147,57.724594,-8.776386
15148,57.723587,-8.748479
15149,57.76125,-8.745772
15150,57.704227,-8.799924
15151,57.697475,-8.781996
15152,57.6909,-8.813623
15153,57.69657,-8.79688
15154,57.713367,-8.798007
15155,57.659943,-8.862757
15156,57.68585,-8.838797
15157,57.7038,-8.793412
15158,57.73268,-8.774667
15159,57.672413,-8.850608
15160,57.71273,-8.7973585
15161,57.7147,-8.774863
15162,57.73077,-8.787126
15163,57.71255,-8.781601
15164,57.73742,-8.809452
15165,57.726208,-8.784166
15166,57.716312,-8.824645
15167,57.712612,-8.80387
15168,57.68385,-8.822869
15169,57.732517,-8.779572
15170,57.729332,-8.760403
15171,57.76405,-8.714737
15172,57.79641,-8.694102
15173,57.774742,-8.7668295
15174,57.760612,-8.76917
15175,57.70559,-8.837556
15176,57.7123,-8.811453
15177,57.710064,-8.816978
15178,57.720787,-8.824927
15179,57.72591,-8.82521
15180,57.664104,-8.884068
15181,57.74383,-8.760741
15182,57.74001,-8.80714
15183,57.72498,-8.821713
15184,57.729614,-8.807901
15185,57.71181,-8.805026
15186,57.71344,-8.837725
15187,57.72421,-8.808436
15188,57.747757,-8.7733135
15189,57.725407,-8.81103
15190,57.716743,-8.820333
15191,57.7377,-8.818669
15192,57.78434,-8.738218
15193,57.79632,-8.679191
15194,57.860985,-8.668507
15195,57.72049,-8.830649
15196,57.739033,-8.816696
15197,57.778786,-8.784504
15198,57.70904,-8.78411
15199,57.626057,-8.960545
15200,57.594288,-9.001306
15201,57.74506,-8.828564
15202,57.7425,-8.843729
15203,57.784916,-8.767083
15204,57.82279,-8.733961
15205,57.779366,-8.768549
15206,57.687935,-8.874794
15207,57.76362,-8.791016
15208,57.73339,-8.838937
15209,57.773735,-8.767253
15210,57.720963,-8.821206
15211,57.72514,-8.838881
15212,57.73724,-8.821657
15213,57.69709,-8.843701
15214,57.7437,-8.766238
15215,57.688572,-8.789042
15216,57.78868,-8.742757
15217,57.758213,-8.757556
15218,57.76113,-8.800008
15219,57.747578,-8.803109
15220,57.773293,-8.761671
15221,57.719425,-8.836316
15222,57.758244,-8.760375
15223,57.69395,-8.798768
15224,57.756897,-8.837979
15225,57.78132,-8.786393
15226,57.783096,-8.813736
15227,57.735954,-8.892242
15228,57.676296,-8.8302555
15229,57.74561,-8.831157
15230,57.702065,-8.888832
15231,57.738575,-8.817486
15232,57.75004,-8.812665
15233,57.81134,-8.760966
15234,57.75408,-8.840967
15235,57.74872,-8.835442
15236,57.742825,-8.84029
15237,57.737183,-8.827295
15238,57.74228,-8.849452
15239,57.765278,-8.805872
15240,57.76239,-8.810043
15241,57.75331,-8.801587
15242,57.744366,-8.8101
15243,57.748734,-8.81103
15244,57.75309,-8.832256
15245,57.78911,-8.803758
15246,57.763115,-8.813765
15247,57.72058,-8.796288
15248,57.749714,-8.821235
15249,57.756363,-8.788
15250,57.79607,-8.748113
15251,57.755814,-8.842997
15252,57.789925,-8.790001
15253,57.735138,-8.831073
15254,57.74093,-8.8127775
15255,57.68438,-8.8195715
15256,57.756096,-8.824702
15257,57.748497,-8.837697
15258,57.76183,-8.815004
15259,57.763798,-8.827408
15260,57.737923,-8.831778
15261,57.766537,-8.819628
15262,57.757637,-8.824195
15263,57.778446,-8.804265
15264,57.771988,-8.811058
15265,57.767056,-8.819769
15266,57.76005,-8.824956
15267,57.78077,-8.808436
15268,57.76433,-8.821235
15269,57.756805,-8.809733
15270,57.75774,-8.817993
15271,57.753296,-8.834342
15272,57.77618,-8.821037
15273,57.78477,-8.794456
15274,57.770416,-8.815287
15275,57.74619,-8.875132
15276,57.763725,-8.815823
15277,57.798264,-8.804293
15278,57.74808,-8.856274
15279,57.774063,-8.81523
15280,57.76642,-8.818867
15281,57.8122,-8.806661
15282,57.781643,-8.816245
15283,57.775307,-8.830847
15284,57.768063,-8.834286
15285,57.77301,-8.807394
15286,57.78914,-8.812835
15287,57.782696,-8.795808
15288,57.78431,-8.838853
15289,57.75712,-8.826562
15290,57.76722,-8.830481
15291,57.776432,-8.813398
15292,57.788204,-8.839783
15293,57.779602,-8.821686
15294,57.809593,-8.793947
15295,57.795746,-8.834483
15296,57.811176,-8.814554
15297,57.78803,-8.82115
15298,57.75956,-8.842602
15299,57.748425,-8.857542
15300,57.82048,-8.806661
15301,57.76796,-8.864139
15302,57.758675,-8.869494
15303,57.78114,-8.825096
15304,57.811474,-8.824251
15305,57.80032,-8.82504
15306,57.811905,-8.8151455
15307,57.77242,-8.8313265
15308,57.777348,-8.848381
15309,57.775455,-8.841192
15310,57.812378,-8.787746
15311,57.817177,-8.802151
15312,57.787556,-8.833187
15313,57.76873,-8.860164
15314,57.824078,-8.787182
15315,57.79407,-8.84325
15316,57.80358,-8.834202
15317,57.772907,-8.847309
15318,57.803356,-8.831721
15319,57.817074,-8.814301
15320,57.808052,-8.826055
15321,57.821087,-8.81306
15322,57.82852,-8.818162
15323,57.781525,-8.833271
15324,57.817337,-8.829437
15325,57.824936,-8.821178
15326,57.801285,-8.830227
15327,57.816746,-8.846238
15328,57.803978,-8.842348
15329,57.785526,-8.8423195
15330,57.813755,-8.816471
15331,57.814674,-8.830227
15332,57.8355,-8.809255
15333,57.798885,-8.837105
15334,57.784798,-8.842687
15335,57.829082,-8.796739
15336,57.807903,-8.835442
15337,57.832314,-8.805872
15338,57.810318,-8.825068
15339,57.844337,-8.7984295
15340,57.828182,-8.788789
15341,57.832535,-8.816584
15342,57.817738,-8.813257
15343,57.78394,-8.825378
15344,57.8227,-8.828113
15345,57.819397,-8.8291
15346,57.843376,-8.782193
15347,57.803135,-8.847112
15348,57.804733,-8.793159
15349,57.79493,-8.843222
15350,57.82024,-8.833722
15351,57.798367,-8.865181
15352,57.825455,-8.832003
15353,57.820774,-8.832031
15354,57.838562,-8.814272
15355,57.820286,-8.815625
15356,57.831173,-8.818782
15357,57.81174,-8.835414
15358,57.83363,-8.832792
15359,57.80632,-8.845055
15360,57.81525,-8.839952
15361,57.822495,-8.838261
15362,57.809994,-8.833666
15363,57.825054,-8.820445
15364,57.833454,-8.805111
15365,57.851448,-8.80356
15366,57.80407,-8.838712
15367,57.83702,-8.803081
15368,57.86512,-8.758401
15369,57.82208,-8.847873
15370,57.838207,-8.849621
15371,57.836254,-8.810692
15372,57.818405,-8.841165
15373,57.799255,-8.869917
15374,57.845863,-8.800403
15375,57.841183,-8.819713
15376,57.820835,-8.867803
15377,57.845093,-8.795978
15378,57.83827,-8.828564
15379,57.83009,-8.826422
15380,57.82507,-8.841531
15381,57.85712,-8.826703
15382,57.864407,-8.819318
15383,57.843822,-8.831495
15384,57.826298,-8.749352
15385,57.86516,-8.794088
15386,57.85207,-8.79733
15387,57.84499,-8.715667
15388,57.739212,-8.760882
15389,57.850086,-8.766576
15390,57.840416,-8.677809
15391,57.68222,-8.757359
15392,57.7857,-8.811904
15393,57.91044,-8.849733
15394,57.82691,-8.861911
15395,57.8098,-8.798317
15396,57.79918,-8.712594
15397,57.87066,-8.773004
15398,57.807327,-8.773792
15399,57.87498,-8.829551
15400,57.838074,-8.836316
15401,57.83705,-8.8127775
15402,57.826508,-8.848831
15403,57.831615,-8.852214
15404,57.84292,-8.848465
15405,57.877277,-8.769987
15406,57.816746,-8.852327
15407,57.865387,-8.815202
15408,57.855537,-8.820671
15409,57.836742,-8.816781
15410,57.859463,-8.796795
15411,57.854633,-8.830537
15412,57.88526,-8.816527
15413,57.879204,-8.760488
15414,57.855846,-8.825547
15415,57.835556,-8.854357
15416,57.85299,-8.8127775
15417,57.86534,-8.833187
15418,57.92023,-8.766604
15419,57.874508,-8.837331
15420,57.84893,-8.827239
15421,57.889763,-8.843475
15422,57.871517,-8.852947
15423,57.89538,-8.805026
15424,57.889423,-8.786732
15425,57.9049,-8.838402
15426,57.95705,-8.771087
15427,57.86078,-8.815935
15428,57.90382,-8.7501135
15429,57.90847,-8.841531
15430,57.864216,-8.883814
15431,57.8948,-8.830988
15432,57.878124,-8.7564
15433,57.8887,-8.830114
15434,57.820805,-8.91299
15435,57.898502,-8.813201
15436,57.854588,-8.848211
15437,57.911846,-8.797415
15438,57.887512,-8.824815
15439,57.873383,-8.822532
15440,57.868008,-8.851059
15441,57.941914,-8.727422
15442,57.89212,-8.783799
15443,57.931366,-8.844801
15444,57.850677,-8.843814
15445,57.924007,-8.787098
15446,57.8766,-8.852694
15447,57.853596,-8.827774
15448,57.873398,-8.776978
15449,57.8686,-8.842151
15450,57.88877,-8.8462105
15451,57.926598,-8.822334
15452,57.86516,-8.835668
15453,57.854248,-8.855287
15454,57.91706,-8.812468
15455,57.82448,-8.840404
15456,57.906647,-8.783913
15457,57.861046,-8.834146
15458,57.874138,-8.860135
15459,57.87627,-8.727281
15460,57.911743,-8.774131
15461,57.87811,-8.834709
15462,57.87122,-8.865745
15463,57.886433,-8.848747
15464,57.94418,-8.737457
15465,57.932373,-8.798965
15466,57.843628,-8.826562
15467,57.93344,-8.77585
15468,57.9302,-8.825322
15469,57.92919,-8.812609
15470,57.949924,-8.740219
15471,57.966217,-8.741685
15472,58.02293,-8.70504
15473,57.95308,-8.791044
15474,57.976036,-8.775372
15475,57.859238,-8.855654
15476,57.943085,-8.839585
15477,57.91521,-8.805787
15478,57.941113,-8.789015
15479,57.915314,-8.820981
15480,57.87294,-8.806887
15481,57.918777,-8.777204
15482,57.91777,-8.858106
15483,58.040745,-8.732524
15484,57.86346,-8.872539
15485,57.899673,-8.820699
15486,57.86475,-8.867295
15487,57.982925,-8.765477
15488,57.9391,-8.800544
15489,57.942684,-8.739825
15490,57.91423,-8.805449
15491,57.900383,-8.764152
15492,58.032734,-8.716343
15493,57.90961,-8.852074
15494,57.897305,-8.822644
15495,57.89954,-8.884913
15496,57.99634,-8.76652
15497,57.875057,-8.866985
15498,57.915356,-8.850579
15499,57.875607,-8.852525
15500,58.06108,-8.706477
15501,57.86642,-8.914202
15502,57.91161,-8.830706
15503,57.91826,-8.826281
15504,57.942772,-8.815287
15505,57.894993,-8.849677
15506,57.980583,-8.758908
15507,57.902485,-8.874033
15508,57.94126,-8.828423
15509,57.899776,-8.851904
15510,57.946373,-8.797387
15511,57.922806,-8.859656
15512,57.904915,-8.866873
15513,57.898605,-8.867436
15514,57.96712,-8.816809
15515,57.994656,-8.820558
15516,57.991825,-8.821037
15517,57.932953,-8.827154
15518,57.928715,-8.818838
15519,57.942062,-8.819684
15520,57.89419,-8.863603
15521,57.950356,-8.846238
15522,57.89077,-8.879416
15523,57.913937,-8.813004
15524,57.887337,-8.877443
15525,57.94129,-8.860361
15526,57.923042,-8.835273
15527,57.947304,-8.823095
15528,57.90739,-8.9334545
15529,57.927162,-8.885703
15530,57.935013,-8.811425
15531,57.90785,-8.837866
15532,57.895718,-8.882151
15533,57.97974,-8.775146
15534,57.906487,-8.861347
15535,57.89951,-8.874512
15536,57.96998,-8.815174
15537,57.9572,-8.824871
15538,57.932255,-8.852327
15539,57.93282,-8.7743845
15540,57.956074,-8.806773
15541,57.970142,-8.809621
15542,57.980316,-8.791664
15543,57.91392,-8.85554
15544,58.01111,-8.7730875
15545,57.948772,-8.834709
15546,57.949184,-8.812468
15547,57.91164,-8.883053
15548,57.956043,-8.830312
15549,57.944195,-8.840797
15550,57.988064,-8.792228
15551,58.030586,-8.697682
15552,58.042347,-8.759698
15553,58.047752,-8.751439
15554,57.932907,-8.805139
15555,57.990746,-8.798148
15556,57.875977,-8.678457
15557,57.90887,-8.9099455
15558,57.96764,-8.777965
15559,57.973934,-8.831524
15560,57.947258,-8.821573
15561,57.953968,-8.827605
15562,57.935913,-8.84979
15563,57.94396,-8.866309
15564,57.939796,-8.800008
15565,57.97595,-8.868958
15566,57.970276,-8.833638
15567,57.979652,-8.838373
15568,57.91777,-8.9130745
15569,58.012295,-8.810861
15570,57.930096,-8.847479
15571,57.96776,-8.841841
15572,57.928658,-8.822728
15573,57.94898,-8.85337
15574,57.93196,-8.8817
15575,58.049824,-8.7933
15576,58.02909,-8.877528
15577,57.9302,-8.928606
15578,57.963047,-8.820276
15579,57.98848,-8.817965
15580,57.999573,-8.846351
15581,58.038345,-8.821206
15582,57.965195,-8.842123
15583,58.004387,-8.829691
15584,57.936123,-8.891623
15585,57.859196,-8.883955
15586,58.03571,-8.757442
15587,57.91749,-8.904026
15588,58.004562,-8.80077
15589,57.93017,-8.927986
15590,58.04602,-8.769902
15591,57.97962,-8.777345
15592,57.92257,-8.861037
15593,58.00406,-8.80807
15594,57.96388,-8.848155
15595,58.050846,-8.799642
15596,57.925858,-8.895456
15597,57.99849,-8.81788
15598,57.97524,-8.864843
15599,57.981354,-8.840262
15600,58.126514,-8.747098
15601,57.95573,-8.872623
15602,58.005985,-8.834286
15603,57.99495,-8.830142
15604,58.016487,-8.834202
15605,57.97247,-8.854159
15606,57.977074,-8.847676
15607,57.951553,-8.887479
15608,57.95215,-8.873666
15609,58.011124,-8.83282
15610,58.0366,-8.778416
15611,57.960472,-8.796823
15612,57.920883,-8.927874
15613,57.992893,-8.8349905
15614,57.934063,-8.877753
15615,58.01859,-8.804378
15616,57.9939,-8.849057
15617,58.03555,-8.8059845
15618,58.043873,-8.8238
15619,57.994804,-8.849423
15620,57.962307,-8.863434
15621,57.99166,-8.829043
15622,57.99344,-8.836851
15623,57.960308,-8.86676
15624,57.926895,-8.862249
15625,58.013805,-8.817796
15626,57.948666,-8.920967
15627,58.01413,-8.815823
15628,58.03559,-8.861347
15629,57.98901,-8.822842
15630,57.948074,-8.830988
15631,58.07758,-8.733088
15632,57.98476,-8.727619
15633,58.029743,-8.788676
15634,58.01065,-8.868169
15635,57.989944,-8.834371
15636,57.94692,-8.878599
15637,58.033623,-8.829691
15638,58.012592,-8.828366
15639,57.950638,-8.85929
15640,58.0112,-8.849733
15641,57.953316,-8.888606
15642,58.02324,-8.8352165
15643,57.953598,-8.82132
15644,57.9686,-8.809875
15645,58.01856,-8.824645
15646,57.961285,-8.856612
15647,58.003216,-8.871862
15648,58.049603,-8.794032
15649,58.022083,-8.825745
15650,57.983753,-8.867126
15651,58.04208,-8.810467
15652,58.13367,-8.7206
15653,58.07336,-8.793215
15654,58.02382,-8.769536
15655,58.030453,-8.806661
15656,57.954,-8.855597
15657,58.000328,-8.887084
15658,58.0105,-8.8697195
15659,58.00387,-8.870537
15660,58.029163,-8.822418
15661,58.009422,-8.8710165
15662,58.04316,-8.845421
15663,58.012383,-8.829353
15664,58.008694,-8.824702
15665,57.994965,-8.796795
15666,57.945618,-8.820952
15667,58.015316,-8.817006
15668,58.011864,-8.849057
15669,57.983784,-8.872764
15670,58.064934,-8.820699
15671,58.01136,-8.833187
15672,58.052803,-8.801164
15673,58.301582,-8.531367
15674,58.020218,-8.780445
15675,58.064857,-8.698049
15676,58.020557,-8.851876
15677,58.063778,-8.762488
15678,58.044464,-8.765702
15679,57.986626,-8.824025
15680,57.989574,-8.8511715
15681,58.073402,-8.832792
15682,58.003616,-8.87812
15683,58.08201,-8.794934
15684,57.998714,-8.890946
15685,58.044167,-8.819543
15686,58.01083,-8.867634
15687,57.99002,-8.871862
15688,58.04479,-8.842263
15689,58.04587,-8.860191
15690,58.12911,-8.838881
15691,57.99689,-8.8049135
15692,57.9544,-8.966126
15693,58.073566,-8.804293
15694,58.031193,-8.837668
15695,58.037148,-8.843645
15696,57.9673,-8.927169
15697,58.068012,-8.812694
15698,58.06886,-8.818416
15699,57.98266,-8.912172
15700,58.017906,-8.886548
15701,58.061096,-8.859515
15702,58.029297,-8.854357
15703,58.06865,-8.830396
15704,58.064472,-8.848945
15705,58.03802,-8.856978
15706,58.02998,-8.879135
15707,58.12354,-8.877302
15708,58.0358,-8.858952
15709,58.04704,-8.839811
15710,58.049397,-8.848184
15711,58.08269,-8.824899
15712,58.01533,-8.82752
15713,58.01327,-8.889677
15714,58.073032,-8.819713
15715,58.061954,-8.850664
15716,57.9859,-8.859064
15717,58.0637,-8.858247
15718,58.043575,-8.813145
15719,58.015717,-8.865548
15720,58.086525,-8.840572
15721,58.038242,-8.862644
15722,58.10033,-8.818979
15723,58.06259,-8.798514
15724,58.0153,-8.870086
15725,58.050358,-8.85695
15726,58.03512,-8.868451
15727,58.08075,-8.829691
15728,57.983963,-8.891059
15729,58.02586,-8.81943
15730,58.016975,-8.879022
15731,58.070396,-8.827746
15732,58.182888,-8.857796
15733,58.063778,-8.875611
15734,58.078796,-8.840911
15735,58.026024,-8.921954
15736,58.081684,-8.865632
15737,58.07277,-8.85912
15738,58.04565,-8.874089
15739,58.022648,-8.871214
15740,58.044952,-8.877162
15741,58.075848,-8.837471
15742,58.06606,-8.860615
15743,58.06043,-8.881643
15744,58.09374,-8.83189
15745,58.075493,-8.831946
15746,58.05898,-8.868141
15747,58.025803,-8.906393
15748,58.05849,-8.876372
15749,58.089237,-8.825745
15750,58.063316,-8.875414
15751,58.053898,-8.855287
15752,58.043945,-8.865237
15753,58.075375,-8.852017
15754,58.048595,-8.858726
15755,58.080338,-8.8616295
15756,58.034378,-8.785576
15757,58.067257,-8.864984
15758,58.053024,-8.844236
15759,58.111942,-8.823208
15760,58.065643,-8.873158
15761,58.09867,-8.8281975
15762,58.072308,-8.825576
15763,58.07909,-8.868141
15764,58.06385,-8.908254
15765,58.080498,-8.858613
15766,58.076572,-8.866422
15767,58.233776,-8.655766
15768,58.130203,-8.814892
15769,58.096153,-8.832229
15770,58.101383,-8.834004
15771,58.02647,-8.976161
15772,58.182144,-8.786816
15773,58.207207,-8.780107
15774,58.168636,-8.723222
15775,57.98322,-8.945633
15776,58.072308,-8.8678875
15777,58.162018,-8.761474
15778,58.097263,-8.884998
15779,58.031963,-8.873468
15780,58.078648,-8.889649
15781,58.093338,-8.886267
15782,58.08112,-8.869212
15783,58.164474,-8.8059
15784,58.068398,-8.881784
15785,58.113186,-8.800121
15786,58.065865,-8.883955
15787,58.09848,-8.840797
15788,58.094925,-8.861714
15789,58.134335,-8.841643
15790,58.06622,-8.857091
15791,58.05861,-8.906168
15792,58.09294,-8.899656
15793,58.091103,-8.864505
15794,58.087044,-8.85943
15795,58.109825,-8.864956
15796,58.13253,-8.842855
15797,58.10609,-8.851481
15798,58.070797,-8.847338
15799,58.051144,-8.900249
15800,58.10587,-8.869353
15801,58.094807,-8.85134
15802,58.083755,-8.859318
15803,58.103397,-8.807591
15804,58.086838,-8.855259
15805,58.13792,-8.84948
15806,58.09808,-8.875836
15807,58.16193,-8.845816
15808,58.156433,-8.75671
15809,58.104137,-8.869127
15810,58.106434,-8.866619
15811,58.12283,-8.778443
15812,58.08946,-8.882518
15813,58.112625,-8.843109
15814,58.094704,-8.835865
15815,58.080143,-8.871242
15816,58.18548,-8.779713
15817,58.347836,-8.731875
15818,58.21181,-8.853821
15819,58.100464,-8.852778
15820,58.115097,-8.88232
15821,58.10886,-8.897852
15822,58.097576,-8.919276
15823,58.1491,-8.836316
15824,58.115734,-8.860305
15825,58.11674,-8.873356
15826,58.06049,-8.87657
15827,58.09488,-8.889339
15828,58.1156,-8.863744
15829,58.14943,-8.842517
15830,58.178932,-8.826252
15831,58.13232,-8.843475
15832,58.20879,-8.7978945
15833,58.157055,-8.794061
15834,58.15143,-8.842461
15835,58.176193,-8.832229
15836,58.205696,-8.805561
15837,58.19115,-8.837922
15838,58.116875,-8.8459
15839,58.133537,-8.89664
15840,58.12376,-8.872877
15841,58.14386,-8.864786
15842,58.1285,-8.87065
15843,58.148094,-8.841953
15844,58.102154,-8.890833
15845,58.08623,-8.866252
15846,58.098377,-8.878063
15847,58.122665,-8.882545
15848,58.139965,-8.842461
15849,58.119038,-8.894752
15850,58.130413,-8.879586
15851,58.153694,-8.845562
15852,58.08915,-8.87719
15853,58.104862,-8.877979
15854,58.158627,-8.835724
15855,58.118504,-8.901432
15856,58.139416,-8.863969
15857,58.14546,-8.870199
15858,58.156998,-8.860191
15859,58.137104,-8.875583
15860,58.155872,-8.834371
15861,58.10867,-8.899205
15862,58.13087,-8.885055
15863,58.063393,-8.835554
15864,58.17979,-8.811255
15865,58.1639,-8.878402
15866,58.211872,-8.822926
15867,58.164387,-8.88294
15868,58.174416,-8.874089
15869,58.146065,-8.865548
15870,58.18635,-8.807422
15871,58.216476,-8.815033
15872,58.19524,-8.81103
15873,58.09627,-8.959445
15874,58.202316,-8.792256
15875,58.136276,-8.916711
15876,58.136395,-8.866873
15877,58.118237,-8.840065
15878,58.198406,-8.899261
15879,58.187595,-8.865125
15880,58.220833,-8.900079
15881,58.13795,-8.902954
15882,58.155354,-8.839755
15883,58.168133,-8.853849
15884,58.19967,-8.809565
15885,58.21156,-8.814694
15886,58.127922,-8.877162
15887,58.163513,-8.825886
15888,58.180397,-8.79609
15889,58.175068,-8.811284
15890,58.14035,-8.836823
15891,58.106224,-8.912031
15892,58.1474,-8.828705
15893,58.164833,-8.865351
15894,58.156464,-8.835809
15895,58.08629,-8.922799
15896,58.111485,-8.884716
15897,58.185062,-8.831468
15898,58.121094,-8.856725
15899,58.15932,-8.903856
15900,58.210804,-8.870988
15901,58.129997,-8.89912
15902,58.18502,-8.8759775
15903,58.24478,-8.795188
15904,58.263115,-8.750649
15905,58.152096,-8.93461
15906,58.177334,-8.878712
15907,58.135475,-8.909607
15908,58.226536,-8.82862
15909,58.183685,-8.8493395
15910,58.15611,-8.895315
15911,58.186485,-8.864505
15912,58.191387,-8.891087
15913,58.19731,-8.840036
15914,58.22391,-8.861601
15915,58.24394,-8.903744
15916,58.110447,-8.902983
15917,58.18915,-8.9044485
15918,58.143444,-8.93633
15919,58.22225,-8.82005
15920,58.178177,-8.862954
15921,58.19583,-8.890242
15922,58.177925,-8.877105
15923,58.17563,-8.883533
15924,58.177288,-8.870227
15925,58.18952,-8.855597
15926,58.21538,-8.835809
15927,58.184856,-8.914145
15928,58.166595,-8.888352
15929,58.236607,-8.8678875
15930,58.19256,-8.927197
15931,58.12884,-8.860135
15932,58.186012,-8.872707
15933,58.189476,-8.880234
15934,58.198246,-8.878824
15935,58.240307,-8.775399
15936,58.118443,-8.835188
15937,58.14087,-8.852806
15938,58.165943,-8.851679
15939,58.15341,-8.849706
15940,58.213604,-8.878909
15941,58.193386,-8.848324
15942,58.125877,-8.874399
15943,58.206688,-8.860191
15944,58.216923,-8.846126
15945,58.160076,-8.818444
15946,58.197296,-8.867014
15947,58.169792,-8.887253
15948,58.24616,-8.918853
15949,58.223602,-8.905012
15950,58.273216,-8.88714
15951,58.20547,-8.898022
15952,58.21599,-8.898754
15953,58.2227,-8.874117
15954,58.211975,-8.880601
15955,58.086807,-8.867719
15956,58.233288,-8.848888
15957,58.22086,-8.85196
15958,58.187405,-8.868197
15959,58.11822,-8.854779
15960,58.19934,-8.890495
15961,58.25195,-8.837668
15962,58.18616,-8.843673
15963,58.22532,-8.900107
15964,58.236576,-8.900276
15965,58.182026,-8.93681
15966,58.17234,-8.896302
15967,58.20189,-8.86349
15968,58.27674,-8.804293
15969,58.158005,-8.892976
15970,58.163456,-8.876597
15971,58.280727,-8.897627
15972,58.182648,-8.908846
15973,58.1724,-8.912933
15974,58.21288,-8.883589
15975,58.21365,-8.916372
15976,58.219204,-8.913158
15977,58.13878,-8.879079
15978,58.169113,-8.928917
15979,58.1724,-8.995668
15980,58.287376,-8.820304
15981,58.262806,-8.84652
15982,58.21491,-8.882377
15983,58.19201,-8.891679
15984,58.24973,-8.875414
15985,58.20322,-8.900136
15986,58.195934,-8.883984
15987,58.206303,-8.889283
15988,58.203014,-8.89041
15989,58.218906,-8.867944
15990,58.208584,-8.882292
15991,58.284992,-8.849311
15992,58.18595,-8.896217
15993,58.211277,-8.894667
15994,58.234116,-8.878938
15995,58.25543,-8.88824
15996,58.264866,-8.875526
