id,Y1,Y2
1,0.33645758,-0.27652007
2,-0.18910606,-0.3120265
3,-0.24055122,-0.19433078
4,-0.3587539,-0.033485454
5,-0.6793097,-0.12134297
6,0.19799675,-0.15107687
7,0.82691526,-0.15117615
8,-0.2088173,-0.25328237
9,-0.5423195,-0.19185905
10,-0.92103046,-0.17869015
11,-0.8081305,0.20254098
12,0.18833481,-0.18525405
13,-0.6244973,0.019082107
14,-0.1772602,-0.072108984
15,-0.21666834,-0.011420965
16,1.0194072,-0.19652066
17,0.6595532,-0.30456662
18,0.77297086,-0.0971637
19,-0.42428994,-0.2091942
20,-0.6272554,-0.22886722
21,0.63102657,-0.29149455
22,0.61965096,-0.13027465
23,-0.61718535,-0.2833696
24,0.56254804,-0.3495407
25,0.9061348,0.36564422
26,0.85571355,0.9811231
27,-0.5395694,0.37735474
28,-0.30479103,-0.12845188
29,-1.9986123,0.46355993
30,1.4770256,0.64130455
31,2.0179865,0.23022844
32,-0.9415252,0.18097457
33,1.0162344,0.24148612
34,0.7733867,0.09436086
35,-0.18726087,0.17095666
36,0.641149,0.0055302083
37,-0.35530683,-0.06687887
38,-0.25459287,-0.1757393
39,-0.35110068,-0.12675774
40,0.9163039,-0.3419246
41,-0.52550465,-0.2363298
42,-0.32125133,-0.20655973
43,0.7275185,-0.3230195
44,-0.35737884,-0.11381623
45,-1.7798357,0.022040792
46,0.19099587,0.029844575
47,0.9809959,-0.17600533
48,0.49862197,-0.28092477
49,0.3898229,-0.17907083
50,-0.2698502,-0.2427964
51,0.31771618,-0.35180175
52,-0.8611786,-0.30631816
53,-0.15381263,-0.38048244
54,-0.85774314,-0.14937302
55,0.6026893,-0.3859983
56,0.2982928,-0.40359694
57,-0.1148154,-0.45096147
58,-0.88448834,-0.26923347
59,0.7083293,-0.4058181
60,-0.19468649,-0.38734835
61,0.1362789,-0.3740132
62,-0.2980548,-0.4307642
63,-0.5692807,-0.081438966
64,-0.17848904,-0.17656815
65,0.10574404,-0.3716653
66,0.333565,-0.38899612
67,0.45087618,-0.23818591
68,-0.5282144,-0.23831427
69,0.26359147,-0.29196572
70,-0.052027512,-0.08838889
71,0.13493057,-0.06754837
72,0.51819885,-0.2985826
73,0.041975535,-0.32559013
74,-0.21781504,-0.11923015
75,-0.48403448,-0.19978413
76,0.42816392,-0.286084
77,-0.5585348,-0.29403454
78,0.27458876,-0.39684778
79,0.6694448,-0.39149755
80,0.1662472,-0.2740547
81,0.29205814,-0.39756298
82,0.58206296,-0.2928838
83,0.31102374,-0.24638401
84,-0.3911356,-0.18547478
85,-0.20085873,-0.29865026
86,0.033658065,-0.38130683
87,-0.16069576,-0.36269885
88,0.18163835,-0.43339854
89,0.36112496,-0.32690603
90,0.026814945,-0.39061546
91,0.40066993,-0.38966298
92,0.4226916,-0.23518507
93,-0.5205956,-0.33998615
94,-0.56622684,-0.32534677
95,0.12159537,-0.24540296
96,0.38874972,-0.3433956
97,0.66848695,-0.20257697
98,0.06756928,-0.30127823
99,-0.043347437,-0.25541365
100,-0.19918719,-0.28823462
101,0.21902204,-0.30413502
102,-0.30704105,-0.27214688
103,0.98928815,-0.19318955
104,1.3743671,0.17369485
105,-0.011180486,0.35333616
106,0.7303323,0.092763335
107,-0.09727398,0.16558757
108,0.1307694,-0.051009092
109,0.3165218,-0.20428404
110,0.03548098,-0.31033757
111,-0.57678366,-0.13931045
112,0.059003558,-0.24644418
113,-0.8460075,0.11508109
114,-0.4114407,-0.07911262
115,-0.39550197,0.08606641
116,-0.065559246,-0.1451979
117,-0.50775975,-0.05051203
118,0.13968204,-0.29115158
119,0.9381086,-0.06756264
120,-0.3114463,-0.22788641
121,-0.7858352,-0.07198651
122,0.23625444,-0.20158982
123,0.43177497,-0.29867887
124,0.14353672,-0.2873559
125,0.08634996,-0.01093936
126,-0.09324959,-0.018174581
127,-2.178783,1.1757494
128,0.43484178,0.41460192
129,1.2881037,0.2543875
130,1.0393503,0.42376244
131,1.7444248,0.34626943
132,-0.29664293,1.4416742
133,0.75535214,0.7351362
134,0.017444445,0.35205692
135,-0.6752452,0.44734722
136,-0.5660785,0.04670746
137,-0.1416659,-0.055473655
138,0.1851377,0.1547511
139,-0.21341662,0.5455881
140,-0.22565614,0.03545934
141,-0.12237601,-0.20865244
142,-0.07433835,-0.20048276
143,-0.81878066,-0.114412054
144,-0.01730901,-0.2102058
145,0.4088953,-0.35377628
146,-0.15992376,-0.2714547
147,0.005770806,-0.33298534
148,-0.5609777,-0.31803346
149,0.23049738,-0.3183828
150,0.14456779,-0.30188033
151,-0.050366133,-0.333722
152,-0.5663702,-0.26389116
153,0.29623407,-0.3763426
154,0.7391737,-0.32574952
155,0.35812303,-0.38129663
156,-0.20911169,-0.42935127
157,0.18314373,-0.37935477
158,-0.37446073,-0.43679452
159,0.3777748,-0.3776043
160,0.06092421,-0.37508297
161,0.06972182,-0.20578878
162,-0.3264314,-0.34984314
163,-0.487296,-0.29710847
164,0.8371102,-0.42806327
165,-0.067370705,-0.26129523
166,-0.3290837,-0.38195127
167,-0.5003826,-0.2742081
168,-0.26633015,-0.3096071
169,-0.07612226,-0.29279384
170,-0.33961058,-0.24035184
171,-0.5140386,-0.18203485
172,0.034600463,-0.29767913
173,0.6361887,-0.30360448
174,-0.30751872,-0.3104843
175,-1.5158309,0.09213439
176,0.28544766,-0.12737633
177,-0.28277633,-0.25427264
178,0.019525114,-0.27365288
179,0.7464028,-0.34796137
180,-0.1283455,-0.35243875
181,-0.20933162,-0.26646966
182,-0.25748146,-0.31559741
183,0.40003532,-0.35437155
184,-0.04770617,-0.38364846
185,-0.58873093,-0.30471683
186,0.4290691,-0.3542984
187,-0.93661827,-0.19146574
188,-0.6410203,-0.09924507
189,0.064057685,-0.30527902
190,-0.5440006,-0.17289275
191,0.17629361,-0.27712864
192,0.39914614,-0.2779755
193,0.38372213,-0.31190634
194,-0.90425295,-0.20925681
195,0.19292241,-0.3718269
196,0.18742919,-0.32458144
197,0.55564183,-0.043784603
198,0.44983065,-0.18297376
199,-0.08233961,-0.2444737
200,0.94422024,-0.09676281
201,0.05685378,-0.24981602
202,-0.20728038,-0.30625272
203,1.7397672,-0.14487979
204,-0.67282975,-0.16241997
205,-0.32110444,-0.25296557
206,0.16317137,-0.34265602
207,0.10867266,-0.25970134
208,0.0077600237,-0.30028707
209,-0.35528997,-0.2902444
210,-0.3602015,-0.3336504
211,0.20811453,-0.27651238
212,-0.099091604,-0.36729735
213,-0.21868192,-0.3636182
214,-0.4513876,-0.38935238
215,0.22250834,-0.20299983
216,-0.6256291,-0.23020281
217,1.0996412,-0.24753165
218,0.5710989,-0.24413346
219,-0.87022614,-0.22071153
220,-0.568728,-0.248667
221,1.8513513,0.00498984
222,-0.39372224,0.5410757
223,0.09457636,0.18718484
224,0.8212798,-0.13463788
225,-0.3092227,-0.20496227
226,0.6115083,-0.09651233
227,1.0083209,0.45586193
228,0.44473538,0.29885966
229,2.2157648,2.6416733
230,-1.2027653,3.1573367
231,0.4198122,0.59394675
232,-0.04775361,-0.008990381
233,-0.37340957,0.1604596
234,-0.11668566,0.036035314
235,0.4174396,0.31811184
236,-1.4866954,0.1468537
237,-0.54704946,0.25656062
238,0.10399338,-0.123288944
239,-0.07115612,-0.2557631
240,-0.25815603,-0.31576598
241,0.9159884,-0.32788998
242,-0.5449918,-0.31331444
243,0.13906223,-0.29758194
244,0.003567964,-0.30002442
245,0.10319535,-0.3704974
246,0.939867,-0.25243324
247,2.1040373,1.6868739
248,-4.287317,4.425763
249,-1.573798,1.5025917
250,1.1729602,0.21615846
251,-2.7133114,0.63291085
252,-0.2943192,0.23878254
253,0.723492,-0.21061492
254,0.25996524,-0.2523396
255,-3.484236,1.1667769
256,-1.1651345,0.6731982
257,-2.954131,1.271235
258,0.5749964,0.538406
259,0.38517407,0.717616
260,0.5340801,0.42510986
261,0.12727849,0.14239849
262,-0.9483643,0.36583793
263,0.9194375,0.49350572
264,0.51887834,0.4610393
265,0.9217848,0.28710657
266,0.3051524,-0.19512975
267,0.33926886,-0.06212729
268,0.1203703,0.21800588
269,0.248989,-0.020906627
270,0.1968458,0.33055115
271,-0.06392944,-0.096133865
272,-0.2478435,-0.0416623
273,0.64440906,0.22335707
274,0.2576909,-0.14978316
275,-0.95342076,-0.050508507
276,0.27945137,-0.13790724
277,-0.73898697,-0.059918202
278,0.4640182,-0.23475616
279,0.02962473,-0.26964328
280,-0.28822815,-0.31989902
281,1.2498636,-0.19103834
282,-0.3033267,-0.36759347
283,0.26057366,-0.06614054
284,-0.23369616,-0.21577828
285,0.038491804,-0.27342066
286,-0.6664838,-0.16607083
287,0.017809372,-0.21822569
288,-0.21849716,-0.13691086
289,-0.63047945,-0.004893411
290,-0.47721437,0.25211328
291,-0.048235636,-0.03785516
292,0.6457397,0.20944162
293,-0.8417415,0.1393758
294,0.53808993,-0.033284537
295,0.42058435,0.11938739
296,-0.48891196,0.03964092
297,0.30594775,0.0812608
298,0.06417693,0.24331515
299,-0.23708276,0.009902447
300,-0.06571646,-0.20177205
301,0.46819982,-0.32422906
302,-0.93543726,-0.13374054
303,0.065337546,-0.15096956
304,-1.0776703,0.080638796
305,-0.10382707,0.60254246
306,-0.7106276,0.005787365
307,0.66816604,0.111880526
308,-0.7617069,-0.15681243
309,0.304567,-0.25122166
310,-0.3055252,-0.18282223
311,0.024773195,-0.049981546
312,-1.29684,0.22561248
313,-1.4677432,0.6472486
314,-1.2797927,1.4221772
315,0.12684552,0.31574768
316,0.59258837,0.07593073
317,1.0733804,0.62236345
318,0.27954656,0.086278275
319,-2.1651835,0.6637693
320,1.2356663,0.037876338
321,-1.4141959,0.17585865
322,-1.0063598,0.5630738
323,1.1081165,0.12944105
324,0.6184873,-0.042617597
325,0.9771821,-0.07689686
326,-0.045981698,-0.07089638
327,0.3716032,0.00853271
328,0.42789763,-0.2059259
329,-0.7425146,-0.16181058
330,-0.51544315,-0.18477339
331,0.36694133,-0.30781054
332,-0.09414784,-0.28386542
333,0.94013304,-0.2398943
334,-0.57044226,-0.26971433
335,-0.5003941,-0.15824124
336,0.44336644,-0.1247591
337,1.4172007,0.024507359
338,-0.1579038,0.15534426
339,0.527915,-0.25388274
340,-0.8425118,-0.16340029
341,0.6177753,-0.3321045
342,-0.41207486,-0.27095586
343,0.251925,-0.19879805
344,-0.68324995,-0.26044047
345,0.6189382,-0.33642727
346,0.731299,-0.21304247
347,0.11133089,-0.2387549
348,0.16256337,-0.37604845
349,0.08510712,-0.38867277
350,0.8326587,-0.35715353
351,-0.22394915,-0.26407477
352,-0.06689271,-0.32510018
353,0.13443367,-0.3164146
354,0.005828116,-0.3982343
355,-0.667354,-0.2533117
356,0.471725,-0.42319292
357,0.25185305,-0.35332066
358,0.70210385,-0.22817102
359,-0.4220422,-0.085091375
360,0.7410253,-0.28111476
361,-0.2587495,-0.2382624
362,-0.89390916,-0.23964223
363,0.37885234,-0.33781374
364,-0.18010177,-0.32848597
365,-0.4277464,-0.3158735
366,-0.96284765,-0.120492116
367,1.4661661,-0.32492614
368,-0.35529646,-0.22059403
369,0.16335955,-0.3787427
370,-0.12568317,-0.28271425
371,-0.23725668,-0.29806158
372,0.28141317,-0.3678249
373,-0.31552494,-0.36503512
374,0.28012428,-0.3800552
375,-0.41728052,-0.33850294
376,0.30684403,-0.42680955
377,-0.320393,-0.28267458
378,-0.11577025,-0.38435888
379,0.38035488,-0.29121584
380,0.75632524,-0.37255102
381,0.5849991,-0.2953955
382,0.06813633,3.7431717e-05
383,0.12381627,0.0006329082
384,0.024043163,-0.24223857
385,-0.55741876,-0.3343755
386,-0.2803436,-0.30713916
387,1.45575,-0.09421334
388,0.24958427,-0.053098835
389,0.27505314,-0.14853111
390,0.60898733,-0.0029758178
391,0.48176488,0.0845398
392,0.050022826,-0.10304254
393,0.29717088,-0.2360646
394,-0.25971013,-0.06362412
395,-0.019218218,-0.18078837
396,-0.15276197,-0.2536789
397,0.42770153,-0.18687049
398,0.024958389,-0.25756294
399,-1.9142282,0.23935692
400,-1.8599616,0.79750806
401,-0.53260267,0.13565136
402,-0.7450598,0.41851717
403,-0.76813716,0.113658965
404,-1.5387552,0.2784769
405,0.28242534,0.12622005
406,1.9166229,-0.1062908
407,-0.36121866,-0.031418122
408,-0.0041577006,-0.12549284
409,1.1397632,1.1982381
410,0.4939217,-0.084101096
411,-0.014626468,0.13541263
412,-0.90804386,-0.05744001
413,-0.6005601,0.042647354
414,3.0075848,0.3468269
415,-0.6555285,0.27876127
416,-0.10491532,0.14855811
417,-0.64534456,0.053816155
418,1.0575091,0.32540256
419,2.6341255,1.0711205
420,-0.55403584,0.9384892
421,-1.4180561,0.7239469
422,-0.07117946,0.2968691
423,1.075879,0.5219213
424,-1.2153329,0.016673997
425,0.12112612,-0.09312959
426,1.1348184,0.36622947
427,-0.82382965,0.07601938
428,0.87962025,-0.03616012
429,1.2868774,0.46198344
430,0.93752384,0.26758498
431,-1.0126489,-0.07340194
432,-0.09258543,-0.13834953
433,-0.24354005,-0.1282445
434,-0.13865753,-0.24580027
435,0.82545555,-0.27760607
436,-0.303839,-0.26385212
437,0.06828015,-0.23849444
438,-0.33106104,-0.2757213
439,-0.21479373,-0.26963872
440,-0.116014324,-0.29437333
441,0.77695435,-0.24699037
442,0.14930992,-0.30711383
443,0.33239067,-0.29776457
444,-0.23073621,-0.33323026
445,0.5709963,-0.32089192
446,-0.5111864,-0.30603236
447,0.076631844,-0.364913
448,0.11150385,-0.38361615
449,-0.23989543,-0.39901185
450,-0.12299246,-0.4170035
451,-0.6127021,-0.28297508
452,-0.2555517,-0.25714076
453,0.105865,-0.36106348
454,0.32176438,-0.40955126
455,-0.38621938,-0.33975154
456,-0.030659402,-0.3892479
457,-0.5375797,-0.30761492
458,0.85311866,-0.39688677
459,0.23530526,-0.31424272
460,0.42240846,-0.40215313
461,-0.2856474,-0.4346184
462,-0.3199655,-0.4178083
463,-0.33146012,-0.3601845
464,-0.29729593,-0.34341323
465,0.6260692,-0.35982996
466,-0.3512567,-0.42675322
467,-0.3226252,-0.3997501
468,-0.30677474,-0.39188117
469,0.096601985,-0.42502803
470,-0.18420394,-0.4043867
471,0.4208928,-0.3533169
472,0.07637201,-0.45267206
473,-0.4090746,-0.38048786
474,-0.24760026,-0.34872526
475,0.22697714,-0.4186008
476,0.34257177,-0.4579656
477,-0.346071,-0.42682582
478,-0.17932962,-0.43255752
479,0.0986839,-0.44682902
480,-0.09734526,-0.44239736
481,-0.66537154,-0.2997753
482,0.28883767,-0.37657237
483,-0.19025172,-0.34486014
484,0.5460871,-0.4152848
485,-0.05218741,-0.36266136
486,0.11542084,-0.3916468
487,-0.10243938,-0.40901667
488,-0.22916588,-0.39018536
489,0.41690835,-0.4173137
490,-0.06204022,-0.42457163
491,0.58994323,-0.38611698
492,-0.077251725,-0.35373878
493,0.1153522,-0.38553345
494,0.16326362,-0.42857462
495,0.20095247,-0.40829492
496,-0.25338352,-0.40326107
497,-0.4171312,-0.36385065
498,0.05701056,-0.43461186
499,-0.44358426,-0.2286447
500,0.32069728,-0.33309263
501,-0.1871404,-0.30796272
502,0.037791602,-0.404589
503,-0.052833423,-0.40428638
504,-0.10795884,-0.31907648
505,-0.84345794,-0.09801099
506,0.17032154,-0.20673089
507,-0.6478316,-0.29448956
508,-0.6055244,-0.03768216
509,-0.50412786,-0.22834748
510,0.030723136,-0.19670627
511,0.24328943,-0.19602782
512,0.25280735,-0.12693936
513,0.0674463,-0.271865
514,-0.16634895,-0.36411208
515,-0.5792611,-0.3137086
516,-0.12008185,-0.34990954
517,-0.7145693,-0.21016407
518,0.6074432,-0.35503662
519,0.31032577,-0.36317384
520,-0.06543221,-0.380908
521,0.27475092,-0.36562902
522,-0.16081755,-0.3996014
523,-0.0060531776,-0.43398172
524,0.48344198,-0.4137872
525,0.070853375,-0.42272925
526,-0.29599944,-0.44572127
527,0.6178132,-0.46169055
528,-0.24486203,-0.39330238
529,0.12687445,-0.45646393
530,0.1471047,-0.4785601
531,-0.064554825,-0.3970574
532,-0.25311,-0.4000302
533,-0.2446412,-0.4040628
534,-0.3111331,-0.39871025
535,0.34013128,-0.43613958
536,0.23936647,-0.45752972
537,-0.03335178,-0.3225668
538,0.011589437,-0.3709287
539,0.17757098,-0.3681705
540,0.15554418,-0.43427527
541,-0.43284917,-0.41714358
542,-0.3086853,-0.43217736
543,0.38015047,-0.44007134
544,-0.17497641,-0.46563315
545,0.31018358,-0.35142338
546,0.23160821,-0.40543777
547,0.07438566,-0.3822626
548,-0.021196028,-0.42390883
549,0.2692393,-0.44194508
550,0.44205865,-0.34748644
551,-0.32687366,-0.3458233
552,0.32101658,-0.48038918
553,0.12027983,-0.3910916
554,-0.17673123,-0.36547834
555,-0.019719463,-0.40040773
556,0.2945935,-0.412867
557,-0.53996825,-0.3451439
558,-0.16284136,-0.38755018
559,-0.24740662,-0.3524531
560,-0.14467002,-0.34695667
561,-0.042038314,-0.4263097
562,-0.25717276,-0.43715566
563,0.05645961,-0.37262648
564,-0.29083502,-0.37428403
565,0.07305577,-0.35858995
566,0.28144085,-0.40250576
567,-0.3169097,-0.32821488
568,0.18382542,-0.3460914
569,0.03955545,-0.4300654
570,0.21380562,-0.43693972
571,-0.16509017,-0.35361683
572,0.32165313,-0.43803376
573,-0.21496376,-0.39998233
574,0.30766302,-0.46710658
575,-0.25590044,-0.4256038
576,0.0044453572,-0.42590934
577,-0.52656287,-0.33493054
578,-0.46320286,-0.3039338
579,0.057612948,-0.30056357
580,-0.3549576,-0.31088573
581,-0.12449879,-0.24446933
582,-0.0870885,-0.23560275
583,-0.50635666,-0.26492995
584,-0.19637755,-0.21067029
585,0.65073365,-0.3585807
586,0.22843945,-0.43847877
587,-0.30652764,-0.4205649
588,0.5243802,-0.41875345
589,-0.1551846,-0.37337077
590,-0.14074278,-0.44867438
591,-0.31884217,-0.41274565
592,-0.2785677,-0.33825254
593,-0.085520566,-0.40026027
594,0.35628188,-0.42614543
595,-0.5243336,-0.30098918
596,0.1937256,-0.34141374
597,0.10522461,-0.33977383
598,0.16563886,-0.41259307
599,-0.11261138,-0.3903212
600,-0.1077795,-0.36367702
601,-0.57297164,-0.224534
602,-0.535954,-0.21131253
603,-0.018012844,-0.13513967
604,-1.0210247,0.3080815
605,-0.59343964,-0.013699662
606,-0.697811,0.42312747
607,1.4407169,-0.034076788
608,-0.9733187,-0.08692273
609,0.77587026,-0.2178264
610,0.6724729,-0.17629728
611,-0.59032995,-0.08502464
612,-0.5212619,-0.29098797
613,0.6928403,-0.32955402
614,-0.3331965,-0.3069778
615,-0.487613,-0.21944557
616,0.14818001,-0.20618871
617,-0.86495274,-0.18880552
618,-0.52357477,0.15296526
619,-0.71722496,0.06515205
620,-0.5398274,0.29194403
621,-1.6235951,1.0014942
622,-0.7944262,0.68788004
623,-1.0760846,0.7499508
624,-2.6584408,2.1266994
625,-0.81223285,0.8684117
626,-0.40298173,1.2950593
627,0.32952932,1.0444856
628,0.259341,0.53284824
629,-0.03200897,0.18209264
630,0.49114257,0.21283813
631,-0.504932,0.109565124
632,-0.24023516,-0.115487054
633,-0.6245386,1.9813149
634,-1.8469489,0.33391923
635,1.5844005,0.30051142
636,0.014567795,0.10555358
637,-0.24384405,-0.05022835
638,-0.57561755,-0.23794608
639,0.7484332,1.244403
640,-0.26358202,0.3204109
641,-2.4080114,0.23619823
642,-0.24347898,0.4417925
643,-0.79976845,0.932922
644,-1.5829432,1.1078427
645,3.2855716,0.3948863
646,0.03389518,0.229667
647,-2.3130138,0.709743
648,2.0074246,0.20062552
649,-1.3173316,0.3523143
650,0.7284,0.27923346
651,1.9550955,0.19341065
652,0.96321267,0.8318115
653,-1.3070114,0.30363256
654,1.1921787,-0.054318078
655,-0.4613336,-0.044388935
656,-1.4285057,0.4218492
657,-0.6552099,-0.023196418
658,-0.10447577,-0.025543842
659,-1.4065046,0.12398076
660,0.32169712,0.47264898
661,-4.996154,2.088329
662,1.6718357,0.6385129
663,-0.46021527,0.45158064
664,0.7130469,0.24253772
665,-2.0220466,0.37938994
666,0.6929241,0.4202628
667,0.23338462,0.34747678
668,-0.032038882,0.26706475
669,-1.3272405,0.5627097
670,-0.36130765,0.37713695
671,-0.35652333,0.2393706
672,-4.507454,3.1250181
673,-2.7020748,3.2933152
674,-1.8706526,6.395435
675,2.0650644,2.198361
676,-0.0336539,1.1529689
677,0.8934712,0.81187075
678,-1.4939626,0.71441716
679,1.0763643,1.0323175
680,3.7414496,1.4706383
681,1.8452401,2.3405416
682,-1.278736,0.9408194
683,-0.73962396,0.3127982
684,0.6090765,0.3727203
685,1.3440678,0.23741738
686,-1.4396592,0.45008582
687,2.4458096,0.1991664
688,0.6292857,0.903176
689,0.10089279,0.500975
690,-1.5057563,0.24495588
691,0.5588579,0.0764464
692,-0.3969434,0.12865037
693,-1.7269202,0.34837723
694,0.38565904,-0.10095709
695,0.20670646,0.122373074
696,2.908536,0.47930914
697,-1.7267442,0.8865721
698,1.7690117,0.6949017
699,-0.5193407,0.7431485
700,-0.99361706,0.522044
701,-2.1452982,1.4978442
702,8.27156,4.391003
703,3.8862438,4.5407634
704,-4.2381444,8.867591
705,0.9522041,3.7323027
706,1.3840151,1.6716653
707,-2.775519,1.7310725
708,-0.3757911,2.189285
709,2.8589504,0.6882283
710,-1.3124163,0.16995105
711,-0.6357569,0.1643665
712,-0.18881892,0.40374893
713,-1.0094224,0.29548013
714,-1.5421758,0.2960902
715,2.9498122,0.6644191
716,1.0272342,0.106240556
717,1.3796132,0.19480513
718,-0.058344383,0.45297694
719,-0.90089834,0.06404571
720,-0.4953652,0.17677015
721,0.9386018,-0.015928466
722,-1.4030293,-0.018623143
723,-0.3975987,0.044513963
724,-0.1156317,0.04110662
725,0.21903996,-0.042788647
726,-0.22132303,-0.090249255
727,0.67951995,-0.2639926
728,1.4544811,-0.24239494
729,1.4474686,-0.1761221
730,-0.769016,-0.15338781
731,0.022727126,-0.16499212
732,-0.7385552,-0.15690832
733,-0.016039185,-0.32656085
734,0.82486266,-0.10671769
735,1.029018,-0.2358815
736,0.70117575,-0.1223187
737,-0.040309835,-0.19049919
738,-0.34298986,-0.1335586
739,-0.60574704,-0.07839701
740,-0.35137397,-0.13165501
741,-1.1339389,-0.05857167
742,-0.049651038,-0.2019112
743,0.97727674,-0.14745197
744,-0.674409,-0.21467036
745,-0.1919021,-0.1682897
746,-1.0162836,-0.1560804
747,0.7550777,-0.2020055
748,1.7564857,-0.026255876
749,1.9531277,0.19028537
750,0.30672666,0.04850231
751,0.8283376,0.06568527
752,-0.49341545,-0.018657457
753,-0.5551047,0.029576734
754,-0.5060235,-0.08631027
755,0.12001374,-0.26320028
756,0.35222608,-0.09593032
757,-1.0728369,-0.16996509
758,0.20081988,-0.24442962
759,0.51100695,-0.3275087
760,0.6424459,-0.26953104
761,-0.2408775,-0.14319889
762,0.28466678,-0.18097562
763,-1.3588133,-0.12478804
764,-0.81067437,-0.11453885
765,0.32423022,-0.3322233
766,0.29780823,-0.2831695
767,-1.2462077,0.1307976
768,-0.20669617,-0.17805365
769,0.15163814,-0.18086243
770,-0.60529304,-0.22366418
771,-0.029709151,-0.19507387
772,0.463932,-0.21525545
773,-0.110715225,-0.137152
774,0.3010488,-0.11984883
775,-1.2629647,-0.071380354
776,-0.22929162,-0.045709208
777,0.9066636,-0.16239733
778,0.0068229632,-0.27954218
779,0.06598274,-0.112301916
780,-0.6747303,-0.15320446
781,1.0931504,-0.21805811
782,-0.7547904,-0.19330975
783,0.10948181,-0.32223135
784,0.28600606,-0.36401314
785,0.38963345,-0.22839685
786,-0.27449837,-0.31141955
787,0.53233075,-0.18476117
788,1.0561106,-0.23996693
789,1.0570891,0.2963277
790,1.3586063,0.35068506
791,-0.2385311,0.5205183
792,-0.52280605,0.4312119
793,-0.80948323,0.21228953
794,0.530985,0.38150692
795,0.55079883,0.835473
796,0.79479843,0.20862572
797,-1.0404332,0.9153469
798,0.20661731,0.24827592
799,0.42671776,0.30100226
800,-1.4863966,0.15795837
801,-1.2375593,0.28875673
802,-1.616666,0.5852148
803,-0.17736964,0.30889785
804,-0.15331559,0.3433646
805,0.8139323,-0.057065822
806,-0.47468382,-0.13882263
807,-0.8186643,0.011049025
808,-0.1970309,0.2989121
809,-2.4699056,0.5087436
810,-0.6634413,0.69409513
811,-1.2084812,0.72643363
812,-1.4615018,0.67988384
813,2.3191588,0.86054325
814,0.39820877,0.2607078
815,-0.7143619,0.0865818
816,0.9438013,0.021967702
817,-0.18480194,0.61551607
818,-0.39377758,0.08959395
819,-1.3904344,0.2688601
820,0.3683542,0.21548836
821,-1.8097606,0.3624125
822,0.61525136,0.53811467
823,0.30265367,-0.09475831
824,-0.441289,-0.17342514
825,1.8389529,-0.05347087
826,-0.23952474,-0.15648621
827,-0.6138829,-0.1674059
828,-0.64052707,0.016097888
829,1.0359558,-0.24450251
830,0.17673524,-0.41811514
831,-1.0939609,-0.14630587
832,-0.27017087,-0.038645938
833,-0.6254436,-0.018194996
834,0.7304688,-0.25019628
835,-1.0675021,-0.051589377
836,-0.27117753,-0.06868464
837,0.124612376,-0.2668513
838,0.2115701,-0.17613718
839,0.64279133,0.22679152
840,-0.029555568,0.13314037
841,-0.670383,0.038255982
842,-0.46965414,-0.015363131
843,-4.0335536,0.96118975
844,-2.2308717,1.7667041
845,3.3571377,0.8065286
846,2.0155654,0.31189346
847,0.8474615,0.26801986
848,-1.2053436,0.058264554
849,-0.63554156,-0.05101273
850,-0.13822311,0.010007083
851,0.16150743,-0.07873069
852,-1.0805712,-0.052271307
853,-0.2850501,0.07543935
854,-0.22678775,0.07474762
855,1.9315952,0.59922636
856,-0.37062177,0.13759263
857,2.4263613,0.4713577
858,-0.5374218,0.409575
859,0.4258761,-0.081075765
860,0.77664435,-0.109390855
861,-0.27860603,-0.084824905
862,0.24195048,-0.27854657
863,1.9306407,0.014408559
864,-1.3202851,-0.021556765
865,0.662178,-0.09431853
866,-0.78434604,-0.06473152
867,2.4193137,0.95655894
868,0.16598606,0.023395516
869,0.60790706,0.05567249
870,-0.62388605,-0.1996926
871,-0.75942963,-0.009783074
872,0.21131498,-0.12661904
873,-0.31293315,-0.09459537
874,0.4162832,-0.14921416
875,0.06854241,-0.26792252
876,-0.58756226,-0.24002513
877,0.29530215,-0.20830536
878,0.03401149,-0.13450201
879,0.20239048,-0.05102217
880,-0.69985765,-0.27989218
881,-0.35065216,-0.13432625
882,0.69921184,-0.01111722
883,-2.0812216,1.7713181
884,-0.18947108,0.1256054
885,-2.2139595,0.5009534
886,0.61087453,0.4537105
887,0.8263623,-0.038374744
888,-1.0169232,0.10416263
889,0.70192564,-0.023090847
890,0.93896675,0.25218546
891,0.33424273,0.21922259
892,-0.53412306,-0.09746671
893,1.9765896,1.2769147
894,0.5916768,0.34920597
895,-0.8747682,0.5648643
896,0.9865576,0.16740832
897,-0.34809938,0.33692044
898,-1.5827458,0.33127433
899,1.3159424,0.0056833103
900,0.13762715,-0.0837708
901,-0.86313105,-0.096569076
902,0.38544565,-0.105819605
903,1.4912653,-0.15443127
904,-0.526662,-0.11939731
905,0.8727072,-0.04461039
906,1.1150486,0.3254031
907,0.312464,0.6926583
908,7.189854,8.015829
909,1.3829417,5.2966366
910,4.045111,2.669758
911,-0.031056805,2.1969075
912,0.07729509,2.2818139
913,-1.282397,1.3735367
914,-0.9263846,0.94810116
915,1.4366231,0.5388026
916,0.235204,0.26414937
917,-0.3067331,0.020493343
918,-0.024334919,0.1846864
919,0.024793986,0.12511922
920,-0.2839832,0.010738291
921,1.1992928,0.22941072
922,1.1307228,0.23012601
923,0.6115043,0.33069777
924,-0.45173016,0.3399822
925,-0.8991588,0.23189901
926,0.8620255,-0.05537004
927,-0.36533067,0.0021750554
928,0.3480948,-0.11789709
929,-0.917323,-0.031443223
930,0.041727398,-0.13594255
931,-0.5577509,0.044331565
932,-0.19082597,0.08816244
933,-0.0725038,-0.14591065
934,-0.35504106,-0.15352267
935,-0.75549096,0.076163515
936,-0.4352834,-0.083457164
937,-1.2853775,0.2951349
938,1.0047988,-0.15164742
939,0.0181287,0.010347523
940,-0.5828919,-0.17688891
941,-0.16802908,-0.06227462
942,0.061988734,-0.14381236
943,0.6534849,-0.23650186
944,-0.13588937,-0.029942974
945,-0.39960983,-0.29111677
946,-0.41609117,-0.08832997
947,-1.8377532,0.23897775
948,-0.5229903,0.22069196
949,0.5412183,-0.10981719
950,0.33087823,-0.30066735
951,-0.22794707,-0.054107666
952,-0.50306195,-0.08233673
953,0.62058306,-0.1033783
954,0.6521376,-0.23722556
955,0.41337863,-0.16815528
956,0.60935533,-0.16810465
957,0.0005201455,-0.15065017
958,-0.13512994,-0.20679395
959,0.5004702,-0.17160606
960,-0.29995105,0.06254986
961,-0.6203292,0.039840266
962,0.47995645,0.14961283
963,0.083987966,-0.096200906
964,-0.5053204,-0.24522275
965,-1.1025751,0.44828618
966,0.19844232,-0.18176462
967,0.2756755,0.042686306
968,-0.15218884,-0.060627926
969,-0.3806565,0.016363598
970,-0.14035419,-0.21464422
971,-0.06054693,-0.23478132
972,0.4830949,-0.120510526
973,-0.14425665,-0.08870061
974,0.5413707,-0.21722683
975,-0.17825034,-0.10636595
976,-0.77289855,0.5154901
977,-0.54409033,0.31069314
978,0.6350484,0.23541643
979,-1.0717247,0.14310613
980,0.12296869,-0.106367126
981,0.5394919,0.22397463
982,0.15401953,-0.17391068
983,-0.23517707,0.765277
984,1.594763,0.41438103
985,-0.7344836,1.4043798
986,-0.7203096,0.2369393
987,-0.28830516,0.0041978955
988,0.73736006,-0.088312484
989,-2.4899273,0.98052967
990,0.45550856,0.09969264
991,0.28003982,0.17891459
992,0.80969346,-0.04369916
993,0.79753494,0.015808463
994,-1.1349722,-0.06080802
995,-1.381963,0.115976185
996,-1.8283454,0.74965984
997,-2.174122,1.3745294
998,-0.696346,0.7429314
999,0.6609084,0.5271277
1000,-0.87866706,0.46357787
1001,1.1032201,0.19492139
1002,0.6177306,-0.008826669
1003,-1.2301615,0.45961934
1004,0.83039767,-0.03336334
1005,0.25526482,-0.055660132
1006,0.037803598,-0.11130288
1007,-0.045602746,-0.10557693
1008,1.2839178,-0.22256783
1009,0.24470595,-0.12469504
1010,-0.24469182,-0.1870372
1011,0.042978853,-0.23958515
1012,-0.5908506,-0.15975428
1013,0.0625728,-0.2827001
1014,0.7338339,-0.17403626
1015,0.7873093,-0.23611352
1016,-0.5724663,-0.25032777
1017,0.84626853,-0.28822637
1018,0.1969295,-0.2609026
1019,-0.12380815,-0.29492086
1020,-0.39243346,-0.27248675
1021,0.18752365,-0.30496788
1022,-0.35866702,-0.37764972
1023,0.28446504,-0.23111202
1024,0.079738475,-0.3068235
1025,0.57470584,-0.25777298
1026,-0.507448,-0.36516237
1027,-0.3724071,-0.3532281
1028,-0.1413871,-0.31348652
1029,0.58340776,-0.36632466
1030,-0.15819514,-0.2911257
1031,0.60388577,-0.19571204
1032,-0.63075817,-0.28943086
1033,-0.05380309,-0.26143625
1034,-0.8474776,-0.09478983
1035,1.220439,-0.25005317
1036,0.28727457,-0.2445052
1037,0.4524044,-0.002578944
1038,1.4071025,-0.09010398
1039,-0.51771915,-0.26037022
1040,1.2314687,-0.21614464
1041,-0.76660573,-0.09958251
1042,-0.31841847,-0.26374906
1043,0.45318246,-0.25504035
1044,0.45170707,-0.2521153
1045,0.24314637,-0.16708869
1046,-0.048383642,-0.3095845
1047,0.4490713,-0.23657994
1048,-0.048359618,-0.30172813
1049,-0.45004696,-0.28903794
1050,0.16558677,-0.39730942
1051,-0.7306695,0.29506588
1052,0.33671975,0.1750067
1053,-0.15321311,-0.2704097
1054,0.37227118,-0.27451116
1055,0.8930225,0.015850484
1056,-0.4203268,-0.22743815
1057,0.16957366,-0.14676844
1058,-0.1223933,-0.1617864
1059,-0.24956061,-0.25872597
1060,-0.40441647,-0.27257162
1061,0.9804341,-0.2709548
1062,-0.31788018,-0.3126315
1063,0.12111394,0.68200356
1064,-0.34696952,-0.014581326
1065,0.4825826,-0.18649726
1066,0.026532857,-0.030516816
1067,-0.3700871,-0.19066215
1068,1.1677611,-0.14742681
1069,0.39545226,0.0461628
1070,0.4780265,-0.114995584
1071,-0.4404472,-0.114977896
1072,0.8871272,0.52898246
1073,-0.052911595,0.2481303
1074,0.01199713,-0.101265155
1075,-0.45343035,-0.034409855
1076,-0.5127159,0.1437457
1077,-0.13143253,0.11465283
1078,-0.27123243,-0.18270868
1079,-0.3115966,-0.14921229
1080,0.51609206,-0.2523897
1081,0.1586354,0.18847612
1082,-0.49227545,-0.12572154
1083,-0.3220552,0.05463148
1084,0.27795875,-0.028403923
1085,1.845018,0.7984519
1086,0.0039778976,0.19858788
1087,-0.5887177,0.74810964
1088,-2.1816952,0.43572837
1089,1.2268913,-0.13626242
1090,-0.1814398,-0.09682995
1091,-0.27096164,0.13346407
1092,0.5318964,-0.1270238
1093,0.7010779,-0.092799276
1094,0.016594859,-0.25927365
1095,-0.64549327,-0.26572812
1096,0.07561701,-0.26150203
1097,1.4368134,-0.07894529
1098,-0.4102118,-0.14041847
1099,0.3398508,-0.23132579
1100,-0.122329116,-0.10287438
1101,2.1689641,0.36555725
1102,-0.13502236,0.17767048
1103,0.2362864,0.024746895
1104,0.16212533,-0.10033937
1105,-0.44656157,-0.23751974
1106,-0.8946041,-0.107301876
1107,0.6731532,-0.2371483
1108,-0.36369747,-0.22603673
1109,0.07313047,-0.401815
1110,-0.016978646,-0.31573635
1111,-0.1993335,-0.3741269
1112,0.55471075,-0.3213907
1113,0.22217217,-0.20459041
1114,-0.19904979,-0.36477715
1115,0.2652727,-0.2920375
1116,-0.12732771,-0.226256
1117,-0.51797473,-0.18343216
1118,-0.023458762,-0.37634337
1119,-0.11682501,-0.30832207
1120,0.04440375,-0.3397504
1121,-0.3178516,-0.33414435
1122,-0.056293104,-0.35270357
1123,-0.5782052,-0.3179841
1124,-0.3613692,-0.35205573
1125,0.5707162,-0.3547017
1126,0.045294154,-0.33751464
1127,-0.48209992,-0.24014325
1128,0.3595793,-0.31702405
1129,0.3555626,-0.30549052
1130,-0.48687232,-0.35233366
1131,0.046330422,-0.25482625
1132,-0.5093582,-0.28082484
1133,0.35770425,-0.4158855
1134,-0.116748996,-0.40403813
1135,-0.296516,-0.35549378
1136,0.202135,-0.39817625
1137,-0.047012754,-0.34313864
1138,-1.0032421,-0.16046783
1139,0.3861954,-0.3457638
1140,0.20839418,-0.40730828
1141,0.30461186,-0.36450613
1142,-0.23954798,-0.36462957
1143,-0.080599524,-0.3874997
1144,0.7775859,-0.33544773
1145,0.054210573,0.33257425
1146,0.4885836,-0.27864972
1147,0.29920954,-0.28582644
1148,0.17214131,-0.2638681
1149,-0.03640982,-0.2931646
1150,-0.024904761,-0.36906767
1151,0.6123655,-0.19015875
1152,0.08851512,-0.24399106
1153,0.4280528,-0.21569926
1154,-0.5461276,-0.13860281
1155,0.25077382,-0.3076274
1156,-0.18917447,-0.25379294
1157,0.4076253,-0.15210614
1158,0.041118756,0.043008402
1159,1.1228626,0.06615731
1160,-1.1499141,-0.07804078
1161,0.063101195,-0.20651461
1162,-0.13540517,-0.27979565
1163,-0.21509926,-0.328054
1164,0.16413732,-0.33916575
1165,0.40870705,-0.410492
1166,-0.09706089,-0.32351387
1167,-0.09950461,-0.32656616
1168,-0.029418796,-0.26189905
1169,-0.60193706,-0.2513225
1170,0.37288955,-0.37697893
1171,0.40615058,-0.33284676
1172,0.13331652,-0.2793182
1173,-0.2588254,-0.3090039
1174,-0.0057308925,-0.41375077
1175,0.38491592,-0.30421317
1176,0.11602914,-0.3430053
1177,0.34602076,0.068481356
1178,0.19348305,-0.30624413
1179,0.81297916,-0.059117172
1180,-0.1440584,0.031336382
1181,1.0040015,0.112920046
1182,0.9521328,0.79436356
1183,0.42709196,0.55544806
1184,0.9691858,0.7450491
1185,0.12670314,0.6542782
1186,-0.111245774,0.104628146
1187,-0.5269894,0.16406465
1188,1.4175053,0.4240759
1189,0.22414295,0.07097016
1190,-0.83845663,-0.024419215
1191,-0.33117798,0.07151839
1192,0.23404525,-0.16605376
1193,-1.0012239,0.04344391
1194,-0.05343111,0.17636266
1195,-0.99152803,0.115572125
1196,0.28718972,-0.15403202
1197,0.5707517,-0.21237259
1198,-0.4207873,-0.31697375
1199,0.34173426,-0.34548277
1200,0.60848343,-0.27852184
1201,0.18470453,-0.34653652
1202,0.34869888,-0.25710228
1203,-0.1405988,-0.19312988
1204,-0.41690156,0.13944085
1205,-0.16958635,-0.2401315
1206,0.09028167,-0.33981264
1207,0.4046288,-0.27634108
1208,0.32596105,-0.39798194
1209,1.2354153,0.09812477
1210,-0.6101269,-0.121107385
1211,-0.20708199,-0.108667545
1212,0.009553549,-0.25920963
1213,0.2451316,-0.28589857
1214,-0.2029039,-0.2681979
1215,0.522388,-0.27225256
1216,-0.12333011,-0.30497712
1217,0.28766796,-0.29515323
1218,-0.63197535,-0.32572317
1219,-0.35438877,-0.16849151
1220,-0.01506033,-0.27986634
1221,0.047144733,-0.32292938
1222,0.006447126,-0.27619165
1223,0.40875074,-0.3695463
1224,-0.83870476,-0.20065458
1225,0.30043164,-0.23272264
1226,0.4691536,-0.26647156
1227,0.4104744,-0.20810895
1228,-0.032080587,-0.29231638
1229,-0.45646358,-0.06354281
1230,-1.3128003,0.046194226
1231,-0.17495836,-0.19792639
1232,-0.567506,-0.12408176
1233,0.76056576,-0.24931261
1234,0.32178912,-0.18345973
1235,-0.010381109,-0.24944846
1236,-0.44491023,-0.2322422
1237,0.4627242,-0.32050717
1238,0.10070506,-0.27253842
1239,-0.672216,-0.2982304
1240,-0.090547696,-0.298813
1241,-0.56716627,-0.10455271
1242,-0.61372006,0.15905896
1243,-0.66699064,0.027463742
1244,0.6549425,-0.19821467
1245,0.3013331,-0.23720826
1246,-0.48651078,-0.28143245
1247,0.3220669,-0.30743903
1248,0.04617888,-0.31354034
1249,0.11196266,-0.33229256
1250,-0.34985757,-0.29604995
1251,0.4326351,-0.37309444
1252,-0.28069448,-0.34200096
1253,-0.635773,-0.20621447
1254,0.07342449,-0.35978818
1255,-0.4463756,-0.2030436
1256,0.89747065,-0.25536448
1257,0.14866993,-0.20675504
1258,0.49296224,-0.23575187
1259,-0.15234473,-0.2647242
1260,0.754099,-0.23764789
1261,0.2499579,-0.26954502
1262,1.1136086,0.03260676
1263,-0.78990793,0.008439399
1264,-0.713061,0.07903588
1265,0.1514136,-0.1410847
1266,0.4870976,-0.097482786
1267,-0.09460421,-0.078489974
1268,-0.8636183,0.11609252
1269,-0.44865504,-0.13066804
1270,0.17694938,-0.109272525
1271,0.2729023,-0.21441711
1272,-1.1096375,-0.03496042
1273,0.16040204,-0.30541617
1274,0.29531434,-0.35168308
1275,0.32925737,-0.33019477
1276,-1.4198228,0.0633253
1277,-0.94594646,0.105788976
1278,-0.6722239,0.53773564
1279,0.43184635,0.05726646
1280,0.12445736,-0.21861124
1281,0.45419773,-0.14333186
1282,0.14339481,-0.25555566
1283,-0.6524912,-0.08837126
1284,-0.04000944,-0.19979568
1285,-0.10946418,-0.17494541
1286,0.4766566,-0.3531403
1287,0.50212884,-0.13784282
1288,0.5922958,-0.18110612
1289,-0.42789602,-0.18651585
1290,0.24344686,-0.36374313
1291,0.7541129,-0.30019164
1292,0.7131802,0.38471192
1293,0.509134,-0.14525224
1294,0.10596726,-0.08387294
1295,0.23042095,-0.17105359
1296,-0.56760514,-0.2271456
1297,0.72716635,-0.2308341
1298,-0.4985421,-0.3092122
1299,-0.87161595,-0.07499802
1300,-0.2804894,-0.29449862
1301,-3.2686012,1.0746814
1302,1.0997523,0.18992762
1303,1.1430457,-0.0010513403
1304,-0.3709343,-0.20937102
1305,-1.7996966,0.10721029
1306,0.08553916,-0.1612624
1307,-0.29895777,0.14086889
1308,0.4888093,-0.27886915
1309,-1.1246886,-0.009462848
1310,0.9908275,-0.23839815
1311,-0.5834616,-0.16241753
1312,0.18903948,-0.15021178
1313,-0.57865006,-0.23045745
1314,-0.014088626,-0.32753694
1315,0.69875807,-0.23308292
1316,0.39306742,-0.38994414
1317,-0.5240961,-0.29482692
1318,0.7797551,0.27275294
1319,1.0599605,-0.20148374
1320,1.8180631,0.224277
1321,-0.20995411,-0.04516109
1322,-1.0928855,-0.13507846
1323,0.20166652,-0.19940987
1324,0.28770253,-0.31607717
1325,-0.23734547,-0.23995505
1326,-0.5798523,-0.08093916
1327,0.3287745,-0.2958554
1328,1.9771243,-0.02807134
1329,0.33119518,0.9282304
1330,-0.35897377,0.13111508
1331,-0.77572924,0.08010031
1332,-0.12601098,-0.09561814
1333,-0.12385063,-0.16427317
1334,-0.38356233,-0.16369027
1335,-0.02788534,-0.026345272
1336,0.9737191,-0.16929755
1337,0.44719407,-0.2172098
1338,-0.053294674,-0.2505064
1339,-0.25880867,-0.1947155
1340,-0.088451475,-0.35149586
1341,-1.2381678,-0.17063794
1342,0.4602271,-0.3092125
1343,-0.48848554,-0.17494038
1344,-0.24925424,-0.34056896
1345,0.422074,-0.35140842
1346,-0.2996608,-0.2937913
1347,-0.95307314,0.02378223
1348,0.6172504,-0.15845215
1349,0.01501947,-0.27602437
1350,0.55563873,-0.3543818
1351,-0.3296975,-0.16599634
1352,0.38289398,-0.3242306
1353,0.5482433,-0.30738366
1354,-0.23691753,-0.30843437
1355,0.3148488,-0.29304922
1356,-1.063088,-0.2474565
1357,-0.4542378,-0.26141155
1358,0.24691162,-0.24719174
1359,0.25639075,-0.17627499
1360,0.79959065,-0.048255257
1361,0.7478472,-0.082303666
1362,-0.06904991,-0.13615483
1363,0.32633564,-0.09929636
1364,-0.24768336,-0.07898767
1365,0.0124005675,-0.20869587
1366,0.41775286,-0.33146763
1367,-0.47686943,-0.09229911
1368,0.52270865,-0.25160265
1369,0.08624888,-0.24070174
1370,0.08394384,-0.22780235
1371,-0.12167536,-0.12850812
1372,-0.48017064,-0.17770371
1373,-1.7192955,0.5827274
1374,-0.12149292,0.057738267
1375,0.50448924,0.06685215
1376,0.9480052,-0.2475066
1377,0.9659778,0.09906261
1378,-0.03853368,0.2091497
1379,-2.017483,0.44377422
1380,-0.46434617,0.051697336
1381,-0.8103912,0.61315966
1382,-0.83370286,0.30238986
1383,-0.17827363,0.15850921
1384,-0.13785872,0.07644375
1385,1.324162,0.013931446
1386,-1.0049,-0.17660742
1387,0.5309752,0.08704859
1388,0.55499357,-0.23779142
1389,-0.24046297,-0.28730273
1390,0.6676389,-0.31704533
1391,0.17212857,-0.25435483
1392,-0.21828422,-0.29270875
1393,-0.033156283,-0.3636335
1394,0.25881466,-0.3169849
1395,0.445523,-0.20449658
1396,-0.22067901,-0.27891868
1397,0.09330996,-0.26490515
1398,-0.385186,-0.20055427
1399,-0.21183981,-0.25894272
1400,-0.7650952,-0.21801183
1401,0.011383263,-0.35700715
1402,0.42565477,-0.36846405
1403,0.10513614,-0.34927833
1404,-0.48661157,-0.34356397
1405,-0.63914555,-0.19052531
1406,0.6172634,-0.4082306
1407,-0.34777626,-0.3509373
1408,-0.23881668,-0.34497666
1409,0.43264988,-0.41226184
1410,-0.31590447,-0.38965553
1411,0.18325453,-0.3450318
1412,-0.07837675,-0.33992082
1413,-0.5236518,-0.35661685
1414,0.25942189,-0.37153006
1415,-0.6630511,-0.15225884
1416,0.6245879,-0.26730567
1417,0.49932238,-0.36293113
1418,0.037153367,-0.32485992
1419,-1.0501158,-0.21088658
1420,1.0906346,-0.3309244
1421,0.1316124,-0.28692082
1422,0.23478755,-0.29847807
1423,0.27917266,-0.2864255
1424,-1.1521124,-0.19392249
1425,-0.10053312,-0.24527495
1426,0.7932534,-0.31103665
1427,-0.14732379,-0.13399523
1428,0.45643538,-0.19209729
1429,0.30696782,-0.2576963
1430,0.40016204,-0.14366114
1431,-0.581858,-0.23974207
1432,-0.3449965,-0.29688704
1433,0.4815367,-0.37693036
1434,0.52838343,-0.21575397
1435,0.25967214,-0.2896429
1436,-0.26464593,-0.24942379
1437,0.5407362,-0.027454305
1438,-0.5897726,-0.3011431
1439,-0.29243264,-0.22094609
1440,0.086987585,-0.36174077
1441,-0.034352213,-0.40403444
1442,-0.3865268,-0.3560353
1443,0.632998,-0.38235003
1444,0.4431853,-0.36050683
1445,-0.029708045,-0.32571024
1446,0.030051902,-0.40514827
1447,0.36656988,-0.12895805
1448,-0.21521679,-0.25108853
1449,-0.15061699,-0.24112384
1450,-0.026413944,-0.2867666
1451,0.66481996,-0.17661934
1452,-0.0459554,-0.18129784
1453,-0.37915146,-0.22011198
1454,0.51656365,-0.105994396
1455,-0.7541874,0.028858148
1456,-0.2501519,-0.008430444
1457,-0.76119995,-0.0024006814
1458,0.4120012,-0.25326192
1459,-0.17626117,-0.25133073
1460,-0.05803666,-0.27184293
1461,-0.015583039,-0.3142475
1462,0.031194549,-0.26943108
1463,0.42448485,-0.28095984
1464,-0.8316735,-0.1939474
1465,0.14965375,-0.34906536
1466,0.65461355,-0.31900603
1467,0.07263556,-0.28925902
1468,0.16524833,-0.30300224
1469,0.63313353,0.33958417
1470,-1.1508685,0.7120211
1471,0.19508609,0.059280567
1472,-2.2228923,0.9606503
1473,0.8760638,0.007156357
1474,-0.5267408,-0.03707234
1475,0.26330397,0.6211455
1476,-0.046244517,-0.20840037
1477,-1.03324,0.025213636
1478,-0.12711214,0.057418942
1479,0.23530123,-0.14755338
1480,0.30126762,-0.26923352
1481,-0.22440898,-0.34531564
1482,-0.48290643,-0.31087965
1483,0.4279497,-0.33368385
1484,-1.0795954,-0.10205324
1485,0.41585714,-0.24588855
1486,-0.69893545,-0.04179278
1487,0.019092806,-0.20915847
1488,-0.51003236,0.063346006
1489,0.70888966,-0.33433306
1490,-0.42443362,-0.29247737
1491,0.16742872,-0.24577159
1492,-0.40639895,-0.18286079
1493,0.087591305,-0.36305678
1494,-0.15955427,-0.26906854
1495,0.40131763,-0.36389565
1496,-0.31836075,-0.255762
1497,0.061133184,-0.38403445
1498,-0.48538348,0.14768498
1499,0.04594195,-0.333556
1500,0.3165481,-0.22547784
1501,0.20026731,-0.30260164
1502,-0.043245494,-0.3724298
1503,-0.8495955,-0.17466888
1504,-0.26963338,-0.21084271
1505,-0.08293975,-0.28385743
1506,-0.308567,-0.07609673
1507,-0.031276993,-0.318655
1508,-0.0838413,-0.30239415
1509,-0.5271003,-0.034496434
1510,-0.05561209,-0.17881931
1511,-0.7770309,0.06865658
1512,1.0939714,-0.009101637
1513,-0.5861389,-0.21180952
1514,-0.6833291,-0.20663112
1515,0.64206433,-0.14050475
1516,0.8371615,-0.19135621
1517,-0.17234606,-0.27066532
1518,0.48003486,-0.33497965
1519,0.38190582,-0.26850635
1520,0.015720408,-0.20602271
1521,-0.56748897,-0.31831253
1522,0.61466783,-0.33585674
1523,0.2934894,-0.31466955
1524,-0.3286779,-0.37745732
1525,-0.17094158,-0.3863526
1526,-0.18053202,-0.3851573
1527,-0.11509323,-0.32062632
1528,-0.463032,-0.25382364
1529,-0.35906008,-0.24109578
1530,0.6220337,-0.34767032
1531,0.4046993,-0.34828496
1532,-1.3012112,0.16700082
1533,0.15556043,-0.2259531
1534,-0.22153063,-0.21720076
1535,0.38006082,-0.26499927
1536,-0.12150863,-0.3126235
1537,0.20195477,-0.33149362
1538,0.058959626,-0.30635074
1539,-0.42145434,-0.31435126
1540,-0.6421386,-0.23425978
1541,0.07236087,-0.29595053
1542,-0.22988611,-0.272507
1543,-0.8669478,0.14171188
1544,1.2266788,-0.12994978
1545,0.9990881,-0.06380978
1546,-0.3875894,-0.22418967
1547,0.11756905,-0.24126475
1548,-0.29711244,-0.24271026
1549,-0.198814,-0.3405521
1550,-0.73193276,-0.21866713
1551,0.57452923,-0.32358974
1552,0.51414484,-0.28296703
1553,-0.10270718,-0.3615017
1554,0.22901434,-0.38444036
1555,0.06988837,-0.32281536
1556,-0.51645184,-0.3174888
1557,0.4651688,-0.3055579
1558,0.4186092,-0.06905612
1559,-0.29031178,-0.30208415
1560,0.69637525,-0.28640878
1561,-0.84540707,-0.21921493
1562,-0.51484704,-0.1949271
1563,0.041242,-0.24964611
1564,-0.29713002,-0.17514771
1565,0.9872278,0.08649513
1566,-1.0556879,-0.021372586
1567,0.7099009,-0.18737042
1568,1.2597924,-0.043159768
1569,0.91739976,0.14207077
1570,-0.28316596,0.030000791
1571,0.41143516,0.30947077
1572,0.9602846,0.3830694
1573,-0.52327615,0.01221294
1574,-0.58402294,-0.1959023
1575,0.39490953,-0.2915616
1576,-0.70527005,-0.18168254
1577,-0.26936117,-0.10175934
1578,0.9067021,-0.16498213
1579,0.36399052,-0.2459306
1580,0.7436113,-0.0018370152
1581,-2.7339206,0.9863665
1582,-2.8897226,1.2660413
1583,2.8629267,0.8770864
1584,0.7529821,0.10659228
1585,-1.5148388,0.085339576
1586,0.6858266,-0.085090846
1587,0.43914264,-0.02000286
1588,-0.98599964,0.1359224
1589,1.0454775,-0.15849268
1590,1.4493908,0.8561407
1591,0.45493513,-0.01638849
1592,0.4441665,-0.03809335
1593,-0.7792382,-0.13620944
1594,-0.6274827,-0.15620738
1595,0.7154223,0.014003336
1596,0.40765736,-0.25706655
1597,-0.29674697,-0.29127526
1598,0.17414121,-0.33798152
1599,-0.43558446,-0.27719003
1600,-0.1646782,-0.3452769
1601,0.43183807,-0.44495815
1602,-0.17815043,-0.43824595
1603,-0.60947937,-0.32134205
1604,-0.3707181,-0.38902688
1605,-0.40200424,-0.26221114
1606,0.120668255,-0.31577152
1607,0.06572276,-0.21273544
1608,0.003516813,-0.23776239
1609,-0.08003461,-0.2879218
1610,0.3932935,-0.37067682
1611,0.37824526,-0.37952876
1612,0.3060266,-0.34139454
1613,-0.28773814,-0.31923634
1614,0.19370168,-0.39178437
1615,-0.72142386,-0.31776392
1616,0.14787945,-0.28033578
1617,-0.34821537,-0.37413967
1618,0.44537666,-0.30946028
1619,-0.21112865,-0.35272908
1620,-1.0754704,-0.22861536
1621,0.23262595,-0.3967572
1622,0.38068956,-0.38444614
1623,-0.25492173,-0.34568852
1624,0.32216826,-0.3917386
1625,0.19497298,-0.3705778
1626,0.5021045,-0.36371005
1627,0.30272534,-0.3372187
1628,0.11431451,-0.2770953
1629,0.7313104,-0.20414202
1630,-0.20084715,-0.23714009
1631,0.07002645,-0.26063848
1632,0.89140874,-0.08462419
1633,0.19180582,0.06665146
1634,-0.030921966,-0.13062444
1635,-0.20701796,-0.2745073
1636,0.51416785,-0.10470614
1637,-0.5128841,-0.13559934
1638,-0.20140593,-0.34659326
1639,0.21092336,-0.24814261
1640,-0.3789328,-0.32308584
1641,-0.090979084,-0.30220792
1642,-0.4349191,-0.2762984
1643,0.14963329,-0.14160839
1644,-0.10539769,-0.21407516
1645,0.57970554,-0.20981203
1646,-0.19184421,-0.3416416
1647,-0.7036914,-0.34498215
1648,0.46064326,-0.35365534
1649,-0.2337501,-0.41054726
1650,0.28477666,-0.4538433
1651,-0.15888396,-0.21364592
1652,0.46916413,-0.4103191
1653,0.3728874,-0.39403975
1654,-0.2916532,-0.30452502
1655,0.11114853,0.003766179
1656,0.45324454,-0.27563927
1657,-0.08961187,-0.22308554
1658,0.07086505,-0.3280064
1659,-0.42937666,-0.2042097
1660,0.040017385,-0.34200245
1661,-0.12620977,-0.2164168
1662,-0.21468231,-0.11585809
1663,-0.854392,0.207345
1664,-0.61889476,-0.1367871
1665,0.29434013,0.14070828
1666,-0.35061288,-0.15898654
1667,1.5084984,-0.02915952
1668,-0.6080699,-0.13542274
1669,0.528487,-0.23403017
1670,0.13224846,-0.26201478
1671,0.36787704,0.2192754
1672,1.123116,0.024972253
1673,-0.6483276,0.18528399
1674,0.4734498,-0.23100248
1675,0.23856716,-0.21246831
1676,-0.0067669563,-0.27695477
1677,0.18286997,-0.14230591
1678,0.107634425,-0.25649408
1679,0.23702979,-0.24198212
1680,-0.026368508,-0.24659076
1681,0.11207994,-0.38675916
1682,-1.1815959,-0.07407541
1683,-0.21752429,-0.26676545
1684,-1.0259926,0.03289844
1685,0.26519725,-0.15185879
1686,0.29634047,-0.2042732
1687,0.7575645,-0.34381616
1688,0.02548109,-0.38426644
1689,-0.18698338,-0.29636174
1690,0.20563073,-0.30392534
1691,-0.18189742,-0.21574956
1692,-0.3499665,-0.32728654
1693,0.1560644,-0.3866127
1694,0.15337345,-0.46263576
1695,0.18289082,-0.4180491
1696,-0.22721995,-0.37299043
1697,-0.3014654,-0.3882975
1698,-0.74328905,-0.29008597
1699,0.64251834,-0.37792766
1700,0.28326675,-0.4436943
1701,-0.3530245,-0.41319484
1702,0.16651948,-0.4066323
1703,-0.20415352,-0.32889295
1704,-0.024676286,-0.34224486
1705,-0.36469257,-0.3734802
1706,-0.29802456,-0.2563811
1707,0.8920425,-0.29320347
1708,0.19399917,-0.28741646
1709,-0.6879413,-0.23969652
1710,0.010955892,-0.28728038
1711,-0.36510852,-0.2692074
1712,0.52594703,-0.4070049
1713,0.02600767,-0.38212806
1714,0.00014177733,-0.271743
1715,-0.34970844,-0.33929133
1716,-0.19971183,-0.33339268
1717,0.5318075,-0.4123674
1718,-0.0709493,-0.41543514
1719,-0.57735115,-0.29720023
1720,0.43878824,-0.39306456
1721,0.0002273051,-0.38022166
1722,0.0010301049,-0.33477926
1723,-0.2670948,-0.3380397
1724,-0.2540977,-0.36082435
1725,0.34361744,-0.42600697
1726,0.34260082,-0.4098978
1727,-0.0121354,-0.36479926
1728,-0.12889479,-0.3401633
1729,-0.195704,-0.35468245
1730,0.2452982,-0.29691893
1731,-0.5128218,-0.31758124
1732,0.20984143,-0.27107972
1733,0.4005243,-0.3407151
1734,-0.010585167,-0.36483634
1735,0.2919044,-0.27962193
1736,0.12433547,-0.31346214
1737,0.15897255,-0.10980771
1738,-0.4145916,-0.29874307
1739,-0.20336379,-0.31910294
1740,0.14465752,-0.31659156
1741,0.24096496,-0.337929
1742,-0.1914864,-0.29820445
1743,-0.08976392,-0.30524987
1744,0.07307807,-0.33183563
1745,-0.25185013,-0.3807975
1746,-0.09509943,-0.2910967
1747,0.27535084,-0.14168094
1748,-0.2491989,-0.2582162
1749,0.21008766,-0.36970055
1750,0.3780188,-0.3970045
1751,-0.08910147,-0.369915
1752,0.09754914,-0.3995372
1753,0.417236,-0.26007742
1754,-0.20920868,0.11578825
1755,-0.41151705,0.055173814
1756,0.124999285,-0.33603293
1757,-0.19300798,-0.3220185
1758,0.3745933,-0.4292835
1759,-0.15060546,-0.3189836
1760,-0.16613916,-0.29232824
1761,0.17978221,-0.1059099
1762,-0.03680613,-0.24043605
1763,-0.5143331,0.07402071
1764,-0.23721857,-0.2960131
1765,0.12805822,-0.3627144
1766,0.18021007,-0.40136576
1767,0.30920255,-0.3759305
1768,0.05605709,-0.29999027
1769,0.05706056,-0.32599133
1770,0.12449019,-0.43444246
1771,0.14522016,-0.3763947
1772,-0.16740724,-0.32326704
1773,0.4639219,-0.33029228
1774,0.13440874,-0.3181079
1775,0.10679017,-0.30381536
1776,0.17409684,-0.34148133
1777,-0.034474686,-0.33415735
1778,-0.18935603,-0.41046375
1779,0.012722411,-0.4080392
1780,-0.11592312,-0.34103554
1781,-0.2775896,-0.32861203
1782,0.09247714,-0.44590664
1783,-0.0017883477,-0.3501684
1784,-0.025421534,-0.43896025
1785,-0.2206193,-0.4373908
1786,0.21416771,-0.38085693
1787,0.03313805,-0.37344778
1788,-0.029996833,-0.41663694
1789,0.5568087,-0.23221928
1790,-0.06539359,-0.38608932
1791,-0.22521143,-0.30278015
1792,-0.1910552,-0.4000485
1793,0.019877635,-0.40694308
1794,-0.19211501,-0.42127252
1795,-0.41200668,-0.26260245
1796,-0.07647611,-0.34531677
1797,0.22462732,-0.4726748
1798,-0.19702855,-0.34629327
1799,-0.041239727,-0.348359
1800,-0.20152824,-0.4112953
1801,0.23579223,-0.4269271
1802,-0.13634399,-0.32008106
1803,0.40984836,-0.2860793
1804,0.28153712,-0.3776899
1805,-0.2012283,-0.3310026
1806,0.11187256,-0.37352115
1807,0.6085031,0.20000531
1808,0.26990658,0.019619033
1809,-0.28673494,-0.33546615
1810,0.31509876,-0.35228205
1811,0.18848617,-0.3084101
1812,0.18319169,-0.15337749
1813,-0.28239846,-0.11929956
1814,0.3735436,-0.31672907
1815,0.10282181,-0.29492754
1816,0.43850037,-0.27661666
1817,0.038482755,-0.23031916
1818,-0.46692806,-0.25199533
1819,-0.023796152,-0.35546428
1820,0.38047537,-0.31952482
1821,-0.26127034,-0.40810913
1822,-0.13877118,-0.40133452
1823,-0.30488485,-0.2993841
1824,0.070497945,-0.44338274
1825,-0.27105612,-0.33097
1826,0.020657979,-0.39012843
1827,0.15411012,-0.4209969
1828,0.3471828,-0.36856425
1829,0.19757666,-0.34604907
1830,-0.09452718,-0.3530147
1831,-0.30055234,-0.33867115
1832,0.2639612,-0.3965993
1833,0.109533206,-0.34717035
1834,-0.030723792,-0.38573027
1835,0.1323732,-0.30994123
1836,-0.15719178,-0.34180766
1837,-0.0018805035,-0.32150805
1838,-0.14263971,-0.35110712
1839,-0.18569478,-0.32779688
1840,-0.16039997,-0.26774174
1841,0.0054378184,-0.36013454
1842,0.001610371,-0.3603636
1843,-0.010228115,-0.41528344
1844,-0.08354891,-0.40821356
1845,0.013995289,-0.34529012
1846,0.048940193,-0.39743376
1847,0.054569166,-0.3720495
1848,-0.027456274,-0.36239237
1849,-0.20698643,-0.33701056
1850,0.04694624,-0.41285098
1851,0.17220898,-0.3572868
1852,0.11679544,-0.3712911
1853,-0.15516648,-0.43255514
1854,0.2361235,-0.32530463
1855,-0.24327698,-0.3260373
1856,0.015393087,-0.19736226
1857,-0.34263465,-0.40530324
1858,0.19221936,-0.39198554
1859,0.14605278,-0.3916778
1860,0.34813312,-0.06864377
1861,-0.7162766,-0.12526077
1862,-0.16647696,-0.26607752
1863,0.11191828,-0.3374837
1864,-0.36300728,-0.0068636425
1865,-0.28262353,-0.25922775
1866,-0.34384915,-0.24185407
1867,0.31379977,-0.32326508
1868,0.27761334,-0.2190477
1869,0.48204082,-0.28356296
1870,0.1809351,-0.27046433
1871,0.30954704,-0.31563866
1872,-0.13084394,-0.37304455
1873,-0.20740467,-0.34998024
1874,-0.12604514,-0.4004264
1875,0.032136533,-0.38104558
1876,-0.0053566573,-0.42444408
1877,0.018331002,-0.4187168
1878,0.018965596,-0.42820293
1879,-0.040692817,-0.34283316
1880,0.17764819,-0.4506206
1881,0.21658255,-0.43440402
1882,-0.07915589,-0.4077142
1883,0.41558748,-0.30989516
1884,0.0684831,-0.3798477
1885,0.039587855,-0.36594296
1886,0.11529956,-0.4523461
1887,0.09805697,-0.38762927
1888,-0.081868514,-0.39013237
1889,0.21492122,-0.38241208
1890,0.0039623473,-0.39659333
1891,-0.19788668,-0.33751708
1892,-0.15655203,-0.40280747
1893,0.12870552,-0.43414766
1894,-0.025887936,-0.43444866
1895,0.6818282,-0.08988255
1896,-0.09979519,-0.09578061
1897,-0.36843935,-0.327573
1898,-0.015870607,-0.35320437
1899,0.48775935,-0.36076123
1900,-0.16126113,-0.37505686
1901,0.21017691,-0.3419801
1902,0.24067621,-0.34134442
1903,-0.25246987,-0.3036765
1904,-0.20315205,-0.23347275
1905,0.35577664,-0.37896723
1906,-0.25501257,-0.36875653
1907,0.020444466,-0.41988117
1908,-0.16338955,-0.37480205
1909,-0.12416448,-0.39671564
1910,0.28004903,-0.41669345
1911,0.0002939268,-0.33700192
1912,0.25348607,-0.40409023
1913,0.24050869,-0.3353336
1914,-0.07634116,-0.37709886
1915,-0.114906594,-0.3216746
1916,-0.0045125564,-0.37215203
1917,-0.018722374,-0.30989385
1918,-0.1361094,-0.3619358
1919,0.1670071,-0.33249342
1920,-0.35194635,-0.3430022
1921,-0.23135936,-0.31940454
1922,-0.22928528,-0.11088754
1923,-0.41060045,-0.029970324
1924,-0.37073144,0.005183436
1925,0.055949904,-0.2604295
1926,0.2354409,-0.4117288
1927,-0.09585207,-0.18112549
1928,-0.12920164,-0.37144905
1929,0.0014940191,-0.3188386
1930,-0.41035005,-0.26388568
1931,0.041290578,-0.37326127
1932,-0.085484475,-0.37032247
1933,-0.4662865,-0.2373388
1934,0.20555411,-0.26964116
1935,-0.08797018,-0.31300467
1936,-0.16092563,-0.31170583
1937,-0.4954362,-0.05266181
1938,-0.655393,0.22255073
1939,0.2337215,0.04737626
1940,-0.67315453,0.7715862
1941,-0.047518205,0.28351563
1942,0.15077405,0.3744617
1943,0.51679134,-0.103328645
1944,0.13929923,-0.31387115
1945,-0.05834175,-0.30067775
1946,-0.033764336,-0.392177
1947,-0.49940142,-0.2523111
1948,0.42968515,-0.26077572
1949,0.27628708,-0.2868832
1950,-0.16062896,-0.3891554
1951,0.52418333,-0.27110544
1952,-0.11088732,-0.25926894
1953,0.04832729,-0.34364688
1954,0.14082605,-0.40640867
1955,-0.32949308,-0.2666238
1956,-0.5984005,-0.26925296
1957,0.3543096,-0.3463788
1958,-0.50665325,-0.11496165
1959,0.37908295,-0.2350025
1960,0.23202847,-0.26103047
1961,0.16183783,-0.35438824
1962,0.34412828,-0.36782253
1963,-0.6105414,-0.29926014
1964,0.123948514,-0.45779604
1965,0.16396275,-0.42032915
1966,0.04355258,-0.4356709
1967,0.051163457,-0.43498725
1968,-0.08803626,-0.41595465
1969,-0.16256696,-0.363563
1970,0.21033849,-0.4612441
1971,-0.15197809,-0.41576833
1972,0.0049671065,-0.40786785
1973,0.21121491,-0.41960722
1974,0.46319753,-0.3563248
1975,0.74933416,-0.26090014
1976,0.32872403,-0.15059978
1977,-0.13173173,-0.2500323
1978,-0.21805973,-0.35687304
1979,-0.25076976,-0.32435042
1980,0.020107951,-0.4044369
1981,0.2590529,-0.3929276
1982,-0.13627268,-0.4239847
1983,-0.46193963,-0.3140092
1984,-0.59807384,-0.30674595
1985,0.3516666,-0.40718102
1986,0.06429978,-0.4252702
1987,0.713171,-0.40461618
1988,-0.18180335,-0.33063346
1989,0.123095214,-0.40445316
1990,0.08048862,-0.42119366
1991,0.4960039,-0.12959003
1992,2.25983,0.48166484
1993,0.87930036,0.9225614
1994,-0.33759254,0.29365617
1995,0.38162205,0.18694133
1996,0.2682981,-0.14433599
1997,0.5137892,-0.036860343
1998,0.09529311,0.06754963
1999,-0.118427925,0.027978882
2000,0.18586177,-0.08299929
2001,-0.8293536,0.0339543
2002,0.42975426,-0.27390644
2003,0.09037748,-0.20463239
2004,-0.26502195,-0.19168983
2005,-0.051641233,-0.22315624
2006,0.028112534,-0.117780045
2007,0.22873804,-0.20113006
2008,-0.17226076,-0.2418162
2009,0.11067842,-0.27754176
2010,0.501483,-0.17978382
2011,-0.061283395,-0.1781612
2012,0.36654177,-0.3322264
2013,-0.028410997,-0.29639345
2014,0.44658205,-0.030546919
2015,0.2736709,-0.25577247
2016,0.054381385,-0.12100349
2017,-0.36016893,-0.20628025
2018,-0.032961853,-0.31720984
2019,0.099164665,-0.25834745
2020,-0.26662302,-0.20547834
2021,0.3509614,-0.32411528
2022,-0.27204973,-0.34352016
2023,0.3265193,-0.10701889
2024,0.13549054,-0.29252255
2025,-0.16241674,-0.3062922
2026,0.15961982,-0.3486306
2027,-0.26437378,-0.17544222
2028,-0.31047106,-0.20522965
2029,-0.040427197,-0.25556493
2030,0.2245456,-0.23850499
2031,-0.25353694,-0.30907327
2032,-0.36947253,-0.34465247
2033,-0.01679232,-0.28914133
2034,0.18528035,-0.13669458
2035,-0.5646783,-0.35972124
2036,-0.7231412,0.3098457
2037,0.24898444,-0.28063148
2038,-0.055138312,-0.3159681
2039,0.7128882,-0.14488429
2040,-0.13981692,-0.20414336
2041,-0.3547199,-0.23767202
2042,-0.3343258,-0.27738285
2043,-0.20084473,-0.057110034
2044,0.65296215,-0.261864
2045,0.1708194,-0.038284134
2046,-0.9886552,-0.076073736
2047,1.1814806,0.1663234
2048,1.5870405,0.59377944
2049,-0.6742407,0.39686012
2050,0.07484935,-0.0622876
2051,-0.96361667,0.089104876
2052,0.5782026,-0.20288704
2053,-0.44413793,-0.16835234
2054,-0.2654741,-0.10849433
2055,0.12835886,0.1674844
2056,-1.0038646,0.08893965
2057,-0.4461148,0.25057638
2058,-1.3588147,0.7595169
2059,-0.77329314,0.7630534
2060,0.5024255,0.08744748
2061,-0.58507276,-0.0885242
2062,0.0070806174,-0.20084047
2063,0.0037530407,-0.14738959
2064,-0.19416933,-0.26853573
2065,0.20611271,-0.174167
2066,-0.2560854,-0.3042512
2067,0.5943008,-0.27782518
2068,0.65506166,-0.15480968
2069,-0.020864692,-0.18031508
2070,0.21985245,-0.12566414
2071,-0.72544664,-0.30044043
2072,-0.08101584,-0.3188483
2073,0.5019234,-0.38749874
2074,0.13812071,-0.41666144
2075,-0.40706298,-0.36999202
2076,-0.19531266,-0.33613354
2077,0.16519842,-0.29314226
2078,0.11610957,-0.39741737
2079,-0.4102393,-0.3149104
2080,-0.25229958,-0.36753207
2081,0.2801068,-0.35363644
2082,0.071539044,-0.38336593
2083,-0.11832355,-0.268069
2084,0.35670763,-0.40288717
2085,-0.2835774,-0.36721063
2086,0.6205113,-0.16058609
2087,-0.2655145,-0.29543433
2088,0.29493597,-0.35590196
2089,-0.6190059,0.2519868
2090,0.7160973,-0.2762915
2091,0.3311322,-0.20046201
2092,1.1233233,0.4115728
2093,0.4454627,-0.13741708
2094,-0.1218578,-0.2798314
2095,-0.380338,-0.19452932
2096,-0.65557563,-0.19117752
2097,-0.4267174,-0.23445283
2098,0.48297763,-0.29762965
2099,-0.55538297,-0.16704255
2100,0.3000022,-0.2707879
2101,0.27810112,-0.3066467
2102,-0.008534879,-0.35516363
2103,0.13181609,-0.2025726
2104,-0.074036084,-0.30680478
2105,-0.075476184,-0.3494563
2106,-0.5215388,-0.3192305
2107,-0.06115033,-0.13939351
2108,0.31896004,-0.3969304
2109,0.34732747,-0.32566077
2110,0.10576561,-0.3099768
2111,-0.08830377,-0.19358674
2112,-0.6598285,-0.12786242
2113,-0.027025113,-0.12908679
2114,0.5992339,-0.3423429
2115,-0.15718819,-0.20781927
2116,0.69967884,-0.10718158
2117,0.84098685,0.23316865
2118,0.038332768,-0.15976793
2119,0.49980775,-0.0952896
2120,-0.5207851,-0.053154953
2121,-0.10331184,-0.30483705
2122,0.18271291,-0.15792179
2123,-0.17212133,-0.13008866
2124,0.55790794,-0.13614023
2125,-0.18387878,-0.2778959
2126,-0.16085221,-0.26440373
2127,0.29053247,-0.24979568
2128,-0.5430208,-0.22851323
2129,0.53118116,-0.30349708
2130,0.08423116,-0.3261448
2131,-0.06494294,-0.15449616
2132,0.40852138,-0.24899594
2133,-0.4601647,-0.07893516
2134,0.23757906,-0.23559728
2135,-0.08385463,-0.30946156
2136,0.34338853,0.091917664
2137,-0.30083853,-0.029686451
2138,0.48149228,0.007178426
2139,1.3441662,0.3811124
2140,-0.52365017,0.5128017
2141,1.1606077,0.5747227
2142,0.48220015,1.0214963
2143,0.626118,0.6283654
2144,-0.40280673,0.41136652
2145,1.2867733,0.521277
2146,0.23332246,0.63952893
2147,1.3793375,1.4153532
2148,-0.8618379,0.7678607
2149,-1.6136059,1.1261806
2150,1.1638387,0.20205794
2151,-0.22456726,0.4516679
2152,-0.25784564,-0.03009811
2153,0.10994021,0.3359614
2154,-0.26167443,0.004045218
2155,0.2755296,-0.11173217
2156,0.100680776,-0.007113818
2157,0.46721226,-0.07518984
2158,0.21900836,-0.2377139
2159,-0.2854792,-0.048326667
2160,0.11366024,-0.21572447
2161,0.40851328,-0.30598617
2162,0.016845966,-0.2598806
2163,-0.11791886,-0.25023592
2164,0.010582596,-0.21025564
2165,-0.8303864,-0.0510903
2166,0.5531967,-0.29145136
2167,-0.31033793,-0.2919669
2168,0.06689885,-0.31257892
2169,0.15991715,-0.32832724
2170,-0.05360885,-0.35428005
2171,-0.05042576,-0.30675596
2172,0.7521111,0.07704316
2173,1.0886712,0.018387288
2174,2.7033796,1.8021805
2175,-0.35458255,0.609012
2176,0.0042112507,0.09716533
2177,-0.22847497,0.17237839
2178,0.33888552,0.4208182
2179,0.900861,0.49091405
2180,0.16361797,0.38467515
2181,-0.01739725,0.19647332
2182,-0.0027511944,0.055932604
2183,0.2131269,0.044324473
2184,0.55465317,0.42009342
2185,-0.96045786,0.020462543
2186,-0.4759132,0.071646616
2187,0.73213935,0.1714161
2188,0.44110724,-0.091113985
2189,-0.74881715,-0.09825639
2190,-0.9827584,0.16565107
2191,0.5814453,-0.068821326
2192,0.63880515,-0.0710376
2193,0.12558371,-0.09381005
2194,0.068681985,-0.04582792
2195,-0.5927082,-0.17862749
2196,0.57797515,-0.26491353
2197,0.46785042,-0.16674268
2198,0.35072127,-0.20755097
2199,-0.12486442,-0.17239779
2200,-0.3599971,-0.21094014
2201,0.61024594,-0.09804882
2202,1.4846224,0.30321246
2203,-0.7256517,0.18317714
2204,-0.43920144,-0.075995505
2205,0.15349829,-0.23096205
2206,-0.43741658,-0.018714812
2207,0.68678874,-0.13843593
2208,0.028006345,-0.062096614
2209,-0.033332773,-0.22320785
2210,-0.22276416,-0.09360729
2211,-0.4242714,0.11866774
2212,0.31929868,-0.18329138
2213,-0.019813517,-0.13137853
2214,1.0020821,-0.13998601
2215,0.43717775,0.026666328
2216,-0.3116571,0.38234103
2217,0.5187339,0.076513946
2218,0.056240216,-0.013337735
2219,0.37532184,0.16681659
2220,-0.5750008,0.036806054
2221,-0.30013874,-0.09506413
2222,-0.50868046,-0.0022492781
2223,-1.2910843,0.5529866
2224,0.7158779,-0.07346666
2225,-0.14809223,-0.1700333
2226,0.64377075,-0.16675863
2227,0.011763013,-0.13279423
2228,0.16827422,-0.16182567
2229,-0.5607221,-0.16716918
2230,-0.22024094,-0.1854971
2231,0.81670946,0.06253403
2232,-0.16564783,-0.1746276
2233,-0.20934604,0.20057406
2234,0.40840143,-0.26229382
2235,0.5686827,-0.099055715
2236,0.085804194,-0.03557141
2237,-1.8430363,2.379575
2238,-1.1801792,1.0418752
2239,0.7608616,0.44759166
2240,-0.33846095,0.7192787
2241,0.4168787,0.20692177
2242,-0.97432244,-0.032550417
2243,-0.9040745,0.57258785
2244,-1.4261091,1.8310882
2245,1.0654329,0.3564657
2246,1.2111144,0.0069556236
2247,-0.3108419,0.0011161938
2248,0.15839806,0.008253202
2249,0.6637456,0.34001952
2250,0.075239025,-0.15738833
2251,0.75346166,0.16805284
2252,-0.53386885,-0.18161407
2253,-0.11644962,-0.2061761
2254,0.4707197,-0.27755326
2255,0.62165594,-0.070951216
2256,-0.26848575,-0.17234634
2257,-0.662276,-0.2924813
2258,-0.1489489,-0.3320732
2259,-1.1605208,-0.1370211
2260,-0.5842714,-0.13301787
2261,0.9597833,-0.31445402
2262,-0.17753145,-0.15079355
2263,0.13803446,-0.31428844
2264,0.556669,-0.29426184
2265,-0.06352991,-0.36229593
2266,-0.0128763495,-0.3373546
2267,0.03111964,-0.40094942
2268,-0.006058298,-0.3719045
2269,-0.478402,-0.20159368
2270,0.1994936,-0.38903004
2271,-0.44066557,-0.29920515
2272,0.29821756,-0.38173538
2273,0.65788585,-0.36763656
2274,0.24394758,-0.36645275
2275,-0.02854307,-0.35666192
2276,-0.21933316,-0.3844977
2277,-0.38869637,-0.3745532
2278,0.098726206,-0.33137834
2279,-0.38023055,-0.24806167
2280,-0.6835988,-0.17380577
2281,0.7434328,-0.25666988
2282,-0.70670825,-0.22532567
2283,-0.49833143,-0.065742716
2284,-0.08218181,-0.15119185
2285,0.4942081,-0.36718667
2286,0.25346112,-0.2626689
2287,0.41647086,-0.259456
2288,0.03637678,-0.37201464
2289,-0.98116785,-0.23193987
2290,-0.7771373,-0.015553858
2291,0.18875208,-0.16138515
2292,0.6919949,-0.24206178
2293,-1.4513402,0.025168642
2294,-0.61890906,0.028755575
2295,0.23755342,0.12076892
2296,0.10284558,-0.123372406
2297,-0.34311366,-0.24443613
2298,0.41019115,-0.31042057
2299,0.6138054,-0.32594627
2300,-0.8368771,-0.28026116
2301,0.1774642,-0.325324
2302,-0.13453631,-0.33044392
2303,0.07909149,-0.30007994
2304,0.62288064,-0.24106017
2305,-0.6338396,-0.2801453
2306,-0.35424158,-0.30151534
2307,0.83084446,-0.15057221
2308,-0.8069874,-0.1634207
2309,-0.6727046,-0.08794385
2310,-0.18188149,-0.15577963
2311,-0.23956998,-0.09870765
2312,-0.5688571,0.2128943
2313,-0.7671487,0.69389266
2314,0.099297576,0.42231154
2315,0.828537,-0.08272895
2316,0.031976562,-0.21089686
2317,0.19590358,-0.20773894
2318,0.31287262,-0.2734624
2319,0.053073723,-0.2858854
2320,0.4375383,-0.2723102
2321,0.19826002,-0.31150508
2322,0.03969874,-0.23279715
2323,-0.59463,-0.13988075
2324,0.20663406,-0.3790244
2325,-0.2657139,-0.026598588
2326,0.5370236,-0.2747692
2327,-0.1458991,-0.2929185
2328,0.23338605,-0.14592648
2329,0.18336236,-0.24972631
2330,0.45469326,-0.2677641
2331,-0.17099479,-0.2096822
2332,0.34054136,-0.34191316
2333,0.04876071,0.99213994
2334,-0.14333346,-0.10974859
2335,0.5307291,0.44425052
2336,-0.08659446,0.34358436
2337,1.0366803,0.12643744
2338,0.120472215,0.21674441
2339,1.7642533,0.93456125
2340,-0.60962296,0.5641939
2341,-0.008059597,0.1382801
2342,-0.42169237,0.496809
2343,0.76463217,-0.08210093
2344,0.5991878,0.16526626
2345,0.011219693,0.085369915
2346,-0.19824553,0.34892893
2347,-1.3012413,0.20232634
2348,0.15128869,0.15517846
2349,-0.7940446,-0.13998118
2350,0.7411136,-0.03504569
2351,0.90088075,-0.18187878
2352,-0.44537938,-0.109322466
2353,0.27535027,-0.18489207
2354,0.16737145,-0.2592303
2355,-0.6164749,-0.20453492
2356,0.65616256,-0.31004697
2357,0.079133116,-0.3720948
2358,0.041413363,-0.24611095
2359,-0.113765515,-0.12723412
2360,0.06860313,-0.34872288
2361,-0.06916803,-0.3484401
2362,-0.04914033,-0.32055408
2363,0.16100325,-0.27036077
2364,-0.9951285,-0.14346147
2365,0.19478592,-0.29311502
2366,0.43559796,-0.41823822
2367,0.28338742,-0.34707415
2368,0.059989117,-0.39035094
2369,-0.13265584,-0.36982483
2370,-0.35787007,-0.2554025
2371,0.25045425,-0.35117412
2372,0.62993157,-0.12645349
2373,0.44092605,0.012332037
2374,0.11957731,-0.20700958
2375,-0.4406136,-0.023767136
2376,0.13059965,-0.12668365
2377,0.47241932,-0.27550825
2378,-0.17397708,-0.28064057
2379,0.86779225,0.23145251
2380,-1.1131792,0.046729676
2381,0.52621853,-0.1626999
2382,-0.71155727,-0.1113984
2383,-0.37307847,-0.11696692
2384,-0.86075705,0.33135223
2385,-0.38298652,-0.058418542
2386,-0.54919386,0.124835685
2387,0.37114543,-0.19448364
2388,0.10237996,-0.25691798
2389,0.5828004,-0.31289345
2390,0.053483404,-0.3300178
2391,0.567129,-0.29442942
2392,-0.61230975,-0.19543168
2393,0.24412063,-0.16004011
2394,-0.4270158,-0.28165042
2395,0.71566063,-0.3148086
2396,0.34800026,-0.30484372
2397,-0.4362265,-0.22674732
2398,0.040407762,-0.3134737
2399,0.5743354,-0.17945221
2400,0.28712323,-0.20719162
2401,0.26076266,-0.18659554
2402,0.16526107,-0.14239568
2403,-0.022038216,0.0031366646
2404,-0.3385673,-0.13347049
2405,0.3218992,-0.1353875
2406,0.27809313,0.22640766
2407,-0.26956546,0.024169281
2408,0.36035204,-0.17135857
2409,-0.091296546,-0.19766162
2410,0.23699066,-0.14377503
2411,-0.3229884,0.008151554
2412,-0.22878948,-0.1888775
2413,-0.120879576,-0.22043169
2414,0.5948896,-0.17607434
2415,-0.6101664,0.08711144
2416,-0.36089242,0.07957505
2417,-0.38036394,-0.048333768
2418,-0.09120471,-0.18149537
2419,0.9912428,-0.16888867
2420,-0.033076353,0.009944499
2421,-0.15190956,-0.1380057
2422,0.82646644,-0.05431951
2423,0.7028214,0.6164582
2424,-1.1638691,0.55516124
2425,0.5419394,-0.109038785
2426,-1.2937891,0.35787934
2427,-0.10944564,-0.024423536
2428,-0.6041931,-0.060473133
2429,0.5094371,0.4995734
2430,-0.20954111,-0.06046177
2431,2.1613607,0.5363495
2432,-1.3478079,0.4863639
2433,1.1984534,0.051882774
2434,0.69879633,0.83536065
2435,-0.022794059,0.342373
2436,-0.39730257,0.13821217
2437,-0.95537984,0.34316617
2438,0.19014232,-0.08053018
2439,-0.7545141,0.16415618
2440,0.3955994,-0.04748156
2441,0.8718783,-0.041255854
2442,-0.15070051,-0.16680595
2443,0.40715653,-0.1398544
2444,-0.19334486,-0.25110734
2445,-1.4169497,0.2303838
2446,-0.5331528,0.06746003
2447,0.29167476,-0.2840502
2448,0.4873385,-0.36651057
2449,0.43321118,0.3272161
2450,-0.6770477,-0.2943861
2451,-0.30341277,-0.21867645
2452,0.19614626,-0.23992282
2453,0.129382,-0.28453687
2454,0.37129462,-0.26092237
2455,-0.40376532,-0.34339023
2456,-0.10932425,-0.30572742
2457,-0.16958183,-0.22127663
2458,0.09672765,-0.3842066
2459,0.38482475,-0.3547867
2460,-0.79459035,-0.3127454
2461,-0.018295188,-0.3447771
2462,-0.582291,0.0015036166
2463,0.5046047,-0.37502867
2464,0.1925898,-0.3318687
2465,0.47342733,-0.37175912
2466,-0.093607634,-0.31982583
2467,-0.25127023,-0.26176053
2468,-0.19801848,-0.33656055
2469,0.046881896,-0.42227423
2470,-0.20752989,-0.2003082
2471,0.69169927,-0.29042324
2472,0.12860125,-0.2233713
2473,-0.27561852,-0.2892842
2474,0.7420782,-0.07414223
2475,-0.41761303,-0.16311257
2476,0.57745713,-0.16550577
2477,0.87735933,0.28730643
2478,0.40983245,0.17817841
2479,-0.8724601,0.26397747
2480,0.15018705,-0.26050314
2481,0.427378,-0.26681197
2482,-0.3181913,-0.24317019
2483,-0.15381446,-0.026677527
2484,-0.85345984,-0.16915801
2485,0.0066982154,-0.15409075
2486,-0.04277415,-0.26333487
2487,0.18874797,-0.20801209
2488,-0.55414134,-0.29442245
2489,-0.11378866,-0.28553244
2490,-0.43805343,-0.30443686
2491,-0.009148038,-0.24072383
2492,0.35455137,-0.32649273
2493,0.22882031,-0.33309597
2494,0.035276882,-0.4041034
2495,0.31461787,-0.4250325
2496,-0.050071318,-0.42509192
2497,0.39554802,-0.12962437
2498,0.11614958,-0.282705
2499,0.5186017,-0.2672332
2500,-0.021195376,-0.29269302
2501,-0.036323987,-0.22166471
2502,-0.7314733,-0.20854276
2503,0.093003966,-0.24893443
2504,0.5960181,-0.2290638
2505,-1.0869818,0.21294008
2506,-0.39738247,-0.056945436
2507,0.072913304,-0.2075681
2508,-0.43297946,-0.19381557
2509,-0.48644224,-0.043301582
2510,0.41859567,-0.2689368
2511,-0.07214864,-0.26732516
2512,0.2844064,-0.31918466
2513,0.35429615,-0.36867648
2514,-0.5580789,-0.2741176
2515,-0.30570403,-0.14812583
2516,-0.2672851,-0.2704813
2517,-0.45750624,-0.029737625
2518,-0.031402837,0.0027133897
2519,0.45787403,-0.15080729
2520,0.0578526,-0.14125654
2521,-0.2525922,-0.31663942
2522,-0.16235642,-0.3051857
2523,0.13106422,-0.3693961
2524,-0.5776972,-0.18422255
2525,-0.26049733,-0.1192141
2526,0.5069597,-0.15030214
2527,-0.11553824,-0.21273665
2528,0.14489856,-0.25309688
2529,0.456951,-0.2893173
2530,-0.15182038,-0.19701976
2531,0.4986507,-0.27530622
2532,0.32696947,-0.2914863
2533,-0.29478133,-0.30355176
2534,0.1857255,-0.34011012
2535,-0.28400782,-0.32062775
2536,0.31584972,-0.4024529
2537,-0.6792828,-0.23894845
2538,0.364851,-0.37342626
2539,-0.229326,-0.3572691
2540,0.39939728,-0.38364828
2541,0.011852682,-0.39300442
2542,-0.124901816,-0.40748787
2543,-0.24628752,-0.37790447
2544,0.24352114,-0.45068318
2545,-0.16015388,-0.43695664
2546,-0.29129025,-0.3686862
2547,-0.022712361,-0.39542592
2548,0.25865138,-0.43750596
2549,0.047703642,-0.44458485
2550,0.1868162,-0.42553657
2551,-0.16796999,-0.40919542
2552,-0.15688568,-0.4672323
2553,-0.13374427,-0.38415045
2554,-0.3672513,-0.4037879
2555,0.71970767,-0.4208268
2556,-0.07924733,-0.40683872
2557,-0.0031451818,-0.25397944
2558,-0.095958754,-0.38942868
2559,0.6396247,-0.3621691
2560,-0.015268687,-0.33274698
2561,0.24941374,-0.41666585
2562,-0.25054437,-0.27018777
2563,-0.3340404,-0.35003877
2564,0.17536412,-0.39950997
2565,-0.09000514,-0.3958376
2566,0.00026594684,-0.39234698
2567,0.33331314,-0.33213878
2568,0.57610756,-0.023469005
2569,-0.032428212,-0.329709
2570,-0.28754824,-0.39530045
2571,0.18470871,-0.15882781
2572,-1.5015944,0.5312293
2573,-0.5745184,0.33921897
2574,-1.3393815,-0.00019042194
2575,0.9991676,-0.15517794
2576,-0.101050355,-0.3429327
2577,-0.31099594,-0.34154683
2578,0.1495856,-0.29242766
2579,0.10146368,-0.37148267
2580,-0.23461299,-0.3878827
2581,0.32874137,-0.40440494
2582,-0.06294858,-0.37375665
2583,0.16958687,-0.43567002
2584,-0.31145498,-0.40194046
2585,-0.68797857,-0.19831966
2586,-0.24472691,-0.27369404
2587,0.17394651,-0.32284778
2588,-0.927549,0.14937854
2589,0.4914667,-0.2379683
2590,0.08637552,-0.36959517
2591,0.3588865,-0.391801
2592,0.12518653,-0.36930066
2593,-0.20146754,-0.3864516
2594,0.1581846,-0.33020562
2595,-0.12936014,-0.32467508
2596,0.33464804,-0.45900816
2597,0.09675353,-0.37598485
2598,-0.0023833883,-0.34443152
2599,0.07149306,-0.3335455
2600,0.23197499,-0.33310902
2601,0.25538784,-0.33644068
2602,-0.03530735,-0.33046162
2603,-0.3951149,-0.37089968
2604,0.13695902,-0.4119429
2605,0.40589032,-0.4141193
2606,-0.22863914,-0.33903092
2607,-0.19115834,-0.37584984
2608,-0.22524302,-0.38864338
2609,0.059092987,-0.28705037
2610,0.08253692,-0.3883685
2611,-0.23956367,-0.3895945
2612,-0.027153522,-0.34161037
2613,-0.109478995,-0.41273105
2614,-0.08998731,-0.39352417
2615,-0.43405443,-0.17858684
2616,-0.11786538,-0.32247412
2617,0.65958804,-0.07235079
2618,-0.2917422,0.38537377
2619,0.19616169,-0.03409759
2620,-0.20947571,-0.07025194
2621,0.6497264,-0.13443795
2622,0.1569869,-0.23039386
2623,-0.35738412,-0.21196856
2624,0.45392248,-0.23772033
2625,0.077743486,-0.3397941
2626,-0.21700276,-0.3410356
2627,-0.5764116,-0.30373836
2628,-0.46221069,-0.24463221
2629,0.1956357,-0.31033552
2630,0.18087247,-0.39988995
2631,0.06597602,-0.26809308
2632,-0.6179476,-0.09522309
2633,0.22543275,0.1791298
2634,-0.08478664,-0.29196316
2635,0.57044643,-0.24313335
2636,-0.14296032,-0.2830916
2637,0.044194575,-0.3385076
2638,0.10680715,-0.3742134
2639,0.46932238,-0.24953577
2640,0.20208777,-0.28470245
2641,0.4575797,-0.3088433
2642,-0.25668344,-0.21030961
2643,0.32990214,-0.31600195
2644,0.49273968,-0.29273546
2645,-0.14339921,-0.2924403
2646,0.48370776,-0.35449225
2647,-0.20692113,-0.24719058
2648,-0.53900206,-0.27323586
2649,0.31526616,-0.25998485
2650,-0.24785444,-0.3380009
2651,-0.28093484,-0.28247264
2652,0.60539865,-0.4034775
2653,0.2019975,-0.27422172
2654,-0.24041362,-0.28759956
2655,-0.8725988,-0.10662228
2656,-0.18296102,-0.19962071
2657,0.28256285,0.03863982
2658,-0.2153458,-0.22320378
2659,-0.5965481,-0.26786113
2660,0.1712987,-0.37072355
2661,-0.20757487,-0.40406042
2662,-0.06235304,-0.36991692
2663,-0.94381875,0.21331082
2664,0.54999465,-0.17789935
2665,0.2592625,-0.18927649
2666,-0.56656486,-0.3508165
2667,-0.33202386,-0.12773257
2668,-0.90190816,0.015015759
2669,-1.1013918,0.38641608
2670,0.15730649,-0.14341524
2671,0.4199159,-0.11890666
2672,0.6967334,-0.19282402
2673,0.23173517,-0.24631391
2674,0.4710783,-0.33927977
2675,-0.22300623,-0.35707283
2676,0.9523748,-0.15418452
2677,0.74606615,-0.054477192
2678,-0.09338051,-0.38244754
2679,0.42690498,-0.27602753
2680,0.6485637,-0.13635138
2681,-0.50899655,-0.18913792
2682,-0.109551646,-0.3370636
2683,0.2705712,-0.32633287
2684,-0.07362886,-0.27913338
2685,-0.01931339,-0.29428178
2686,0.22297439,-0.2866083
2687,0.45212388,-0.3499387
2688,0.17178479,-0.11363852
2689,0.8147801,-0.15163225
2690,-0.19211471,-0.18621504
2691,-0.27590457,-0.27405196
2692,0.8425286,-0.12122354
2693,0.031500213,-0.081346914
2694,0.07211169,-0.19289564
2695,0.43266863,-0.08431065
2696,-0.075241946,-0.20438586
2697,-0.27975827,-0.16082457
2698,-0.17088039,-0.20225178
2699,0.06714431,-0.0038461275
2700,0.11510144,-0.2820232
2701,0.22414815,-0.274305
2702,-0.48465753,-0.1970667
2703,-0.2488268,0.6047081
2704,-0.40577525,0.45383632
2705,1.6254942,0.3034801
2706,-0.53251404,-0.14290367
2707,0.04541868,-0.07837802
2708,0.69734466,-0.22727758
2709,-0.13234033,-0.060762055
2710,-0.3387103,-0.17287034
2711,-0.7721112,-0.09496617
2712,0.26913807,-0.30877933
2713,0.42114326,-0.20398517
2714,-0.59776455,-0.13423896
2715,-0.077514276,-0.11495009
2716,-0.622888,-0.25323725
2717,-0.40704286,0.24034269
2718,-1.7724221,0.55867535
2719,1.1120634,-0.076185256
2720,0.09999715,-0.023023471
2721,-0.22391015,-0.14565963
2722,-0.7002033,0.03866625
2723,-0.84500873,0.21949361
2724,-1.1693432,0.26329392
2725,-0.08140351,0.218691
2726,0.50994414,0.18454978
2727,-0.7323374,0.12163125
2728,0.4958024,0.20209841
2729,0.93961746,-0.08763532
2730,-0.75747657,-0.038872592
2731,-0.14401793,-0.086577564
2732,-0.07124896,-0.27606517
2733,0.81095046,-0.2984894
2734,0.6479551,-0.29273108
2735,-0.7826696,-0.20582674
2736,0.27718797,-0.3540814
2737,0.2762199,-0.38388324
2738,0.34324118,-0.28754175
2739,0.70527464,-0.045667626
2740,0.71926785,-0.182233
2741,0.49242482,-0.29232845
2742,-0.32694826,-0.30715144
2743,-0.6752025,-0.25767988
2744,0.33945727,-0.39639866
2745,-0.64695567,-0.33810925
2746,0.051215798,-0.35654342
2747,-0.21038269,-0.29107285
2748,0.17949831,-0.39793116
2749,-0.034403503,-0.37804806
2750,0.5042577,-0.35903704
2751,0.15191123,-0.22783755
2752,-0.3462786,-0.28405488
2753,0.32946217,-0.43521887
2754,0.28568888,-0.34790164
2755,-0.0015996842,-0.31962675
2756,-0.013137717,-0.31577975
2757,0.37555784,-0.3357604
2758,-0.1335593,-0.37111723
2759,-0.14419654,-0.3347646
2760,0.35369548,-0.31867087
2761,0.49686924,-0.3253529
2762,-0.103584394,-0.24457932
2763,-0.25369027,-0.06386363
2764,-0.027017368,-0.17288804
2765,0.370365,-0.23487039
2766,-0.5988205,-0.18452647
2767,-0.30395275,-0.14002489
2768,-0.15822347,-0.29349378
2769,-0.15962285,-0.32044512
2770,-0.25703034,-0.21664074
2771,0.044935424,-0.2869479
2772,0.4432995,-0.40283662
2773,0.027313396,-0.38873792
2774,-0.011168625,-0.4024617
2775,0.296737,-0.3400911
2776,0.12122472,-0.37324262
2777,-0.98571736,-0.24098377
2778,-0.5158479,-0.123690516
2779,-0.10688925,-0.21628079
2780,0.4218964,-0.30041334
2781,-0.041493095,-0.27228707
2782,-0.0655906,-0.2649606
2783,0.75595534,-0.26678848
2784,0.6343837,-0.085898384
2785,-0.13819945,-0.16365682
2786,0.37686354,-0.23543335
2787,-0.14143054,-0.17870262
2788,0.34117332,-0.26381046
2789,-0.3528819,-0.24547373
2790,0.25042185,-0.29721093
2791,0.15169375,-0.15981525
2792,-0.2514483,-0.1611225
2793,-0.30000317,-0.1418939
2794,0.40195993,-0.22316398
2795,-0.40936452,-0.21833679
2796,0.122867346,-0.2914368
2797,-0.11383156,-0.22278495
2798,0.3183227,-0.26174587
2799,-0.044314828,-0.05122614
2800,-0.36285052,-0.19625528
2801,-0.44953206,-0.21142338
2802,-0.29484293,-0.15228307
2803,0.97715116,-0.23213392
2804,-0.20304063,-0.13588853
2805,-0.3336497,-0.26555902
2806,0.2549593,-0.33247995
2807,-0.22601825,-0.21359125
2808,-0.588495,-0.19440389
2809,0.28806117,-0.16764697
2810,-0.70230913,-0.212148
2811,0.10409536,-0.22649617
2812,0.012115496,-0.06648815
2813,0.1435735,-0.14976248
2814,0.054156,-0.19634552
2815,0.3756581,0.14382622
2816,-0.3189173,-0.09352862
2817,0.83959645,-0.13203385
2818,-0.25493115,-0.2472707
2819,-0.32605323,-0.25391862
2820,-0.26835302,-0.24350494
2821,0.33949444,-0.28109288
2822,-0.28927013,-0.28670532
2823,0.15087822,-0.19097716
2824,0.43102065,-0.21073118
2825,0.7357566,-0.0029836223
2826,-1.0560735,0.010575071
2827,-0.03003438,-0.059231766
2828,0.18302609,-0.31584948
2829,-0.004261876,-0.26966563
2830,0.1373316,-0.21843614
2831,-0.26844245,-0.16758811
2832,0.5281616,-0.24394396
2833,0.036362156,-0.3334607
2834,0.020556875,-0.20162849
2835,-0.15152487,-0.19385082
2836,-0.11728948,-0.2895456
2837,-0.32223466,-0.3365066
2838,0.002899824,-0.3478313
2839,-0.5131476,-0.31153756
2840,-0.45025256,-0.2807511
2841,-0.016271124,-0.17199847
2842,-0.1274856,-0.37435347
2843,-0.8378673,0.03241829
2844,-0.3598263,0.20293336
2845,0.24026717,-0.09617244
2846,0.20155607,-0.27421275
2847,-0.82655334,-0.115044095
2848,-0.34577754,-0.11439466
2849,-0.3709068,-0.116569474
2850,0.23883413,-0.38132513
2851,-0.99169654,0.163982
2852,0.24589007,-0.1335564
2853,0.73657125,-0.22536674
2854,0.38340735,-0.1518125
2855,0.3281688,-0.042957366
2856,-0.13188878,-0.11104595
2857,0.26273525,-0.20987931
2858,-0.047312673,-0.39154053
2859,-0.6856489,-0.28222394
2860,0.49429083,-0.342021
2861,-0.76789594,-0.27945563
2862,0.6090591,-0.21531728
2863,0.13037705,-0.31787956
2864,0.10290332,-0.27563888
2865,0.49039948,-0.36280704
2866,-0.13229604,-0.32331628
2867,-0.08623619,-0.30991843
2868,0.20837529,-0.26377663
2869,0.03616442,-0.3556369
2870,0.68896794,-0.24059266
2871,-0.21803929,-0.27447122
2872,-0.1799282,-0.37058526
2873,0.026659483,-0.42670888
2874,0.30413952,-0.36489064
2875,-0.3871291,-0.36691856
2876,-0.03846975,-0.37536675
2877,0.04319946,-0.4127134
2878,-0.22946773,-0.32165986
2879,0.09730652,-0.34531742
2880,0.23012558,-0.38575572
2881,-0.4717467,-0.3254404
2882,-0.15807426,-0.35689306
2883,0.046482902,-0.3188849
2884,-0.2712081,-0.3187037
2885,-0.5739637,-0.14837454
2886,0.19719468,-0.19028462
2887,0.21234497,-0.24985522
2888,-0.5115267,-0.25174162
2889,0.20853353,-0.38023895
2890,0.050699584,-0.3478117
2891,0.16814488,-0.3540842
2892,0.35910568,-0.38835543
2893,0.28378758,-0.26478812
2894,-0.13318919,-0.35740542
2895,-0.038574815,-0.16389403
2896,-0.09991889,-0.3748517
2897,0.22867273,-0.4058063
2898,0.1049836,-0.35439384
2899,0.08220288,-0.35032648
2900,0.22468577,-0.39734632
2901,0.005896954,-0.32552922
2902,0.10395964,-0.35594308
2903,-0.27389574,-0.29205447
2904,-0.7781444,-0.16692986
2905,-1.3624005,0.781172
2906,-0.021954663,0.34119344
2907,-1.5766093,0.31720805
2908,0.8190075,0.28274757
2909,-1.4257697,0.89636177
2910,-2.0031347,0.8749783
2911,1.4299115,0.593167
2912,1.4221015,0.37263364
2913,-0.14248252,0.2590937
2914,-0.6310605,-0.10200826
2915,0.40147316,-0.25418398
2916,-0.09901289,-0.09408469
2917,0.6038647,-0.20936528
2918,-0.6392924,-0.24671128
2919,-0.65453327,-0.07230173
2920,0.10088083,-0.20684385
2921,0.7921501,-0.28248334
2922,-0.024514595,-0.32733393
2923,-0.5016894,-0.2186304
2924,0.56644154,-0.3956278
2925,0.8871651,-0.2254458
2926,-0.11066888,-0.21484818
2927,0.64565116,-0.004821811
2928,-0.421624,-0.19155096
2929,-0.19633223,-0.34903318
2930,-0.08129937,-0.33333516
2931,-0.028487466,-0.3444944
2932,-0.8140707,-0.29816985
2933,0.5899707,-0.41177422
2934,0.49970487,-0.3359037
2935,1.3047748,-0.071212985
2936,0.22696285,-0.110213414
2937,-0.27139622,-0.3257271
2938,-0.31460205,-0.33259398
2939,-0.096843876,-0.31299376
2940,0.23147282,-0.45345223
2941,-0.32633922,-0.3015632
2942,-0.28939167,-0.31908596
2943,0.41856703,-0.39932382
2944,-0.3952981,-0.35610133
2945,-0.218171,-0.32540244
2946,-0.12965986,-0.36224306
2947,0.40534863,-0.26429036
2948,-0.097400315,-0.37086147
2949,-0.19886601,-0.41512364
2950,-0.10718191,-0.39319575
2951,0.43155092,-0.36107445
2952,0.060775183,-0.37299544
2953,-0.045448042,-0.2957767
2954,0.22421439,-0.3275246
2955,0.44888845,-0.31144905
2956,0.04468836,-0.3146363
2957,0.18144901,-0.27617347
2958,0.05951169,-0.35241842
2959,0.06264299,-0.2391113
2960,0.486903,-0.22487716
2961,-0.19167921,-0.29204515
2962,-0.443771,-0.17516983
2963,0.060509317,-0.2314079
2964,0.08992795,-0.3701586
2965,0.053169735,-0.21494624
2966,-0.3149008,-0.36775035
2967,0.028354047,-0.36397606
2968,-0.4344993,-0.38628018
2969,0.281895,-0.36211526
2970,0.26454672,-0.4244541
2971,0.25716844,-0.4052326
2972,0.019319845,-0.40982318
2973,0.3902931,-0.3091031
2974,-0.034301195,-0.35202026
2975,-0.30907798,-0.3785541
2976,-0.057747304,-0.39277387
2977,-0.35890788,-0.3950944
2978,0.14091349,-0.34171253
2979,0.20764785,-0.41666812
2980,0.06007742,-0.40551645
2981,0.28305656,-0.2282854
2982,-0.08230381,-0.10942477
2983,0.14000285,-0.3773529
2984,0.577207,-0.20979947
2985,-0.14080651,-0.2516626
2986,0.3716057,-0.36038023
2987,-0.12994398,-0.28925508
2988,0.18992688,-0.33411014
2989,0.45242837,-0.07072581
2990,0.06905809,-0.08639598
2991,0.3117902,-0.25978523
2992,1.2677864,0.19041581
2993,-0.45759168,-0.08718696
2994,0.15187949,-0.2373406
2995,0.13345398,-0.096483484
2996,-0.6036986,-0.22261997
2997,0.3454007,-0.23885658
2998,0.1682676,-0.30480933
2999,0.13431956,-0.24760444
3000,-0.36154246,-0.2568891
3001,0.44551566,-0.20034726
3002,-0.20165731,-0.29277074
3003,0.29153764,-0.2723109
3004,0.10838323,-0.039504904
3005,-1.1431175,0.25540835
3006,-1.0351596,0.14192033
3007,1.042968,0.22199576
3008,0.49400687,0.09364793
3009,-0.112607084,0.05309411
3010,1.1201559,0.14397897
3011,0.9648671,0.27183813
3012,-0.55868435,0.23137604
3013,-0.5722488,-0.077993006
3014,-0.52104867,-0.04918621
3015,0.63863456,-0.19010249
3016,0.104858786,-0.27722842
3017,0.5827308,-0.24732286
3018,-0.8840967,-0.1959946
3019,0.2820973,-0.12698197
3020,-0.32547188,0.111586034
3021,-0.76125246,-0.08922856
3022,0.34104398,-0.009208076
3023,-0.70482635,-0.21315931
3024,-0.08210195,-0.23940866
3025,0.626887,-0.27384543
3026,0.29976657,-0.26261634
3027,-0.60164404,-0.3104759
3028,0.31972048,-0.33808547
3029,-0.3080921,-0.3527317
3030,-0.11877306,-0.29391915
3031,0.4348214,-0.27910984
3032,-0.044748235,-0.33782595
3033,-0.29239106,-0.3094474
3034,-0.085692145,-0.3746541
3035,0.6914429,-0.36110508
3036,-0.19609326,-0.3437435
3037,0.33632612,-0.33798826
3038,-0.4459465,-0.28163204
3039,0.2510989,-0.3444143
3040,-0.18560812,-0.41458094
3041,-0.33444822,-0.3171109
3042,-0.07565307,-0.3754651
3043,-0.24624829,-0.29638982
3044,0.25156194,-0.35226816
3045,-0.48764583,-0.3117413
3046,0.35322303,-0.3726701
3047,-0.038925115,-0.25170517
3048,0.83811015,-0.2363561
3049,-0.16630283,-0.21076217
3050,0.49494562,-0.3607949
3051,0.008422609,-0.2017551
3052,-0.18324141,-0.30863896
3053,-0.44732937,-0.07472798
3054,0.2876882,-0.40157968
3055,0.010415086,-0.27642986
3056,0.62333053,-0.2319207
3057,-0.009516502,-0.2405859
3058,0.39434204,-0.14088807
3059,0.5660973,-0.041186087
3060,-0.80237883,-0.20572227
3061,0.13446376,-0.31511784
3062,-0.28980514,-0.34561533
3063,-0.09252859,-0.252749
3064,-0.2152826,-0.20710965
3065,-0.5870489,-0.22943121
3066,0.12743874,-0.3486932
3067,0.038539037,-0.38461655
3068,-0.3320178,-0.1810512
3069,-0.09562601,-0.29047468
3070,-0.23261933,-0.20823321
3071,0.028483216,-0.3168494
3072,0.33846414,-0.2862608
3073,-0.58303034,-0.116644025
3074,0.3002541,-0.37299043
3075,-0.5232955,-0.12611304
3076,0.107424214,-0.3091706
3077,-0.43197277,-0.114359654
3078,-0.28062895,-0.3201701
3079,0.72934747,-0.34816527
3080,0.2370768,-0.3102228
3081,0.09246372,-0.3781746
3082,-0.07237792,-0.3974362
3083,0.35419956,-0.3364312
3084,-0.15623523,-0.39076972
3085,-0.42972955,-0.39346784
3086,0.0643026,-0.39810753
3087,0.37249747,-0.3639382
3088,-0.06644643,-0.30817285
3089,0.07503817,-0.3043628
3090,-0.12990816,-0.36641783
3091,0.50972575,-0.15988404
3092,-0.054280493,-0.28493407
3093,-0.034999184,-0.34423506
3094,-0.30807695,-0.34541744
3095,-0.21503744,-0.32976377
3096,-0.10533727,-0.30543154
3097,0.38934258,0.22952147
3098,0.7232894,-0.25809586
3099,-0.7196666,-0.18003914
3100,0.23838803,-0.30260056
3101,-0.06795171,-0.15078124
3102,-0.2638662,-0.27544367
3103,0.28240287,-0.14406918
3104,0.62478924,-0.2553859
3105,0.14995398,0.011386372
3106,0.6000396,-0.13461044
3107,-0.6656865,-0.15413097
3108,-0.9200357,-0.14891353
3109,0.6742025,-0.30791986
3110,-0.28029877,-0.2893135
3111,1.0564774,-0.0639412
3112,-0.14499655,-0.20650493
3113,0.14344084,-0.34772992
3114,-0.725619,-0.30517125
3115,-0.48655978,-0.18904832
3116,0.12640281,-0.28311598
3117,-0.30259606,-0.3838908
3118,0.16843717,-0.32546985
3119,0.27240038,-0.3635615
3120,-0.38939148,-0.29116988
3121,0.27564698,-0.3614691
3122,-0.61075133,-0.2936836
3123,-0.5022715,-0.1175315
3124,0.10417242,-0.25465333
3125,-0.4588894,-0.24794513
3126,-0.056615792,-0.22092098
3127,0.26703024,-0.28751796
3128,0.069894664,-0.3671946
3129,0.17008473,-0.4069237
3130,0.07417561,-0.36206847
3131,0.34214365,-0.40126985
3132,-0.19478533,-0.42625815
3133,-0.303589,-0.38900757
3134,-0.37652066,-0.3291703
3135,-0.048603103,-0.33887762
3136,0.15331809,-0.36005396
3137,-0.14611435,-0.39591587
3138,0.05793549,-0.4312443
3139,0.21061796,-0.4026068
3140,-0.087039016,-0.40970975
3141,0.23565523,-0.46554923
3142,0.06619479,-0.34054053
3143,-0.104345895,-0.28516454
3144,-0.19796233,-0.36564153
3145,-0.26979238,-0.4083504
3146,-0.014579533,-0.29801068
3147,-0.40349028,-0.35927057
3148,0.0009926583,-0.22580723
3149,-0.15392007,-0.3151127
3150,0.0660682,-0.40213513
3151,0.42805585,-0.40308517
3152,0.26712373,-0.41790986
3153,-0.19219713,-0.45275682
3154,0.107962735,-0.45324206
3155,0.009274377,-0.37643844
3156,-0.27900037,-0.3238154
3157,0.10331113,-0.36678725
3158,-0.11030027,-0.4120996
3159,0.23626897,-0.4338616
3160,0.006490254,-0.27075455
3161,0.26155686,-0.4391144
3162,-0.042358294,-0.4286183
3163,-0.29982015,-0.36907172
3164,0.17850508,-0.37085974
3165,0.25614628,-0.40231878
3166,-0.3680825,-0.39777493
3167,-0.3319671,-0.31337357
3168,-0.3948649,-0.30381542
3169,0.34957948,-0.39393485
3170,-0.1771862,-0.38116485
3171,0.068384334,-0.39800912
3172,-0.25017145,-0.3308198
3173,0.3178449,-0.40814763
3174,-0.016201017,-0.38600814
3175,-0.48974356,-0.2800578
3176,0.42990398,-0.29662845
3177,0.22563614,-0.30594605
3178,-0.18915145,-0.37968057
3179,-0.23079753,-0.33918953
3180,0.12471242,-0.41990912
3181,-0.17234465,-0.38230026
3182,-0.00653247,-0.3361019
3183,-0.2858967,-0.2687515
3184,0.008163835,-0.36881858
3185,-0.46218425,-0.21628071
3186,-0.31008643,-0.061271295
3187,0.3180851,-0.32925183
3188,0.229271,-0.33976382
3189,-0.16793533,-0.38318723
3190,-0.027810622,-0.36543727
3191,0.19906792,-0.33990157
3192,0.4191892,-0.3622229
3193,0.19783229,-0.35639477
3194,-0.12840188,-0.3962366
3195,0.3160869,-0.33912957
3196,0.2687112,-0.27600142
3197,-0.14835939,-0.20028262
3198,0.14316489,-0.33301204
3199,-0.078797154,-0.2478275
3200,0.091345005,-0.28747052
3201,0.30386928,-0.16424626
3202,0.010477795,-0.050129
3203,0.4418217,0.058282092
3204,-0.18148495,-0.041360807
3205,-0.11499122,-0.22351849
3206,-0.13555878,-0.07050994
3207,-0.33244243,-0.18201622
3208,-0.14238875,-0.23484422
3209,-0.5721832,0.057755828
3210,0.1579024,-0.28475994
3211,-0.8869144,0.25733936
3212,0.19458316,-0.09118536
3213,-0.32662025,-0.34095764
3214,0.6997725,-0.32724315
3215,0.19702601,-0.34014195
3216,-0.08992766,-0.37236732
3217,-0.6655517,-0.38768023
3218,0.05207798,-0.36832362
3219,0.20610143,-0.37507218
3220,0.39176956,-0.41242665
3221,0.015349512,-0.4104308
3222,0.25603133,-0.41589546
3223,-0.18634798,-0.38316625
3224,0.11631516,-0.37814558
3225,-0.30890983,-0.3851338
3226,-0.04522739,-0.4322213
3227,-0.38550127,-0.289053
3228,0.71655756,-0.400769
3229,-0.4289905,-0.37037522
3230,-0.15475449,-0.37535983
3231,-0.21755533,-0.28571498
3232,0.094960526,-0.4381988
3233,0.37825462,-0.42057317
3234,-0.2829552,-0.43697602
3235,-0.17866689,-0.35982764
3236,-0.499764,-0.33675694
3237,0.16756928,-0.340546
3238,-0.24212618,-0.3634224
3239,0.30503735,-0.2738486
3240,-0.36282158,-0.35400736
3241,-0.34302184,0.13663433
3242,0.14752421,-0.2276066
3243,0.4549668,-0.3671109
3244,0.13929218,-0.37488776
3245,-0.6258705,-0.3004736
3246,0.80795467,-0.24490936
3247,0.69014263,-0.27555642
3248,-0.24888045,-0.40646833
3249,-0.81606275,-0.30542898
3250,-0.051418398,-0.43508172
3251,-0.61181843,-0.29875344
3252,0.2711047,-0.32200378
3253,0.16431567,-0.41021878
3254,-0.4257129,-0.3278187
3255,0.20400152,-0.20734124
3256,-0.01699003,-0.3361131
3257,-0.4981095,-0.23048316
3258,-0.01393211,-0.292076
3259,0.4890156,-0.2939136
3260,0.14241639,-0.29652196
3261,0.19109614,-0.36597204
3262,0.036650825,-0.020902306
3263,-0.2804104,-0.31512547
3264,-0.34319788,-0.32619792
3265,0.2674073,-0.34690678
3266,0.03364404,-0.40002072
3267,0.15387793,-0.38182914
3268,-0.37888962,-0.33650023
3269,-0.32824492,-0.29079342
3270,0.33287618,-0.24751367
3271,-0.14301646,-0.36889017
3272,-0.31235865,-0.32462883
3273,-0.57705843,-0.050738767
3274,0.04725526,-0.32805443
3275,-0.24105479,-0.13389726
3276,-0.33688307,-0.26618683
3277,-0.0027031929,-0.33901685
3278,-0.062518775,-0.36844474
3279,-0.07258216,-0.3624332
3280,0.2976796,-0.26472318
3281,0.2098496,-0.3302086
3282,-0.19012359,-0.3416096
3283,0.08801446,-0.18862309
3284,0.16443947,-0.28490233
3285,-0.14952858,-0.32674515
3286,-0.19128314,-0.3676414
3287,0.18634638,-0.3683173
3288,-0.22917826,-0.3718322
3289,0.15565668,-0.44262516
3290,-0.24456216,-0.38947302
3291,-0.041413654,-0.42155772
3292,-0.39408556,-0.039299376
3293,-0.52143055,-0.2831015
3294,0.40676275,-0.30416083
3295,0.32970172,-0.29440764
3296,0.39225522,-0.31881154
3297,-0.040312275,-0.29717952
3298,0.13196954,-0.30297583
3299,0.19383582,-0.22031112
3300,-0.25821775,-0.22661662
3301,-0.5500804,0.09131466
3302,0.23478618,-0.27561733
3303,-0.23512197,-0.1424267
3304,0.037516233,-0.21501395
3305,-0.7137287,-0.098414786
3306,0.053933397,-0.3067565
3307,0.29136467,-0.32601786
3308,-0.5426516,-0.30818477
3309,0.0652741,-0.072614275
3310,0.20689644,-0.27074766
3311,-0.16967504,-0.29595053
3312,0.38358337,-0.36818558
3313,-0.080175936,-0.40101397
3314,-0.3543696,-0.32070446
3315,-0.082777515,-0.36590773
3316,0.2917704,-0.35208404
3317,0.46351764,-0.39322627
3318,-0.26037782,-0.41364074
3319,0.1705637,-0.38061702
3320,0.4451445,-0.39968824
3321,-0.093863584,-0.4041071
3322,0.09244514,-0.44313055
3323,-0.5893696,-0.3530122
3324,0.35313654,-0.42406482
3325,0.2419977,-0.42812532
3326,-0.024156928,-0.46494663
3327,-1.2272686,0.12102711
3328,-0.14983566,-0.29109216
3329,-0.6380268,-0.08879227
3330,0.25793636,-0.34050983
3331,-0.36252052,-0.20549071
3332,-0.70218027,-0.07215356
3333,-0.2422845,-0.13496381
3334,0.32051077,-0.1977786
3335,0.37510327,-0.17442857
3336,0.7276578,-0.20052233
3337,-0.16058381,-0.26503968
3338,0.27779838,-0.39238673
3339,-0.42330587,-0.3573233
3340,-0.68841845,-0.18233281
3341,-0.7438995,0.29668868
3342,0.02910975,-0.28602132
3343,0.41473812,0.091916665
3344,0.80150545,-0.19408016
3345,0.13446386,-0.26448774
3346,-0.05880091,-0.32130677
3347,-0.32269168,-0.3466705
3348,-0.13643119,-0.3287853
3349,0.39682952,-0.4012249
3350,-0.43535674,-0.40411824
3351,0.3058196,-0.15392789
3352,0.49576843,-0.35051835
3353,0.3454255,-0.26353198
3354,0.06456327,-0.3673542
3355,-0.20025484,-0.22565883
3356,0.36926866,-0.40528482
3357,0.033334464,-0.35612273
3358,0.8494659,-0.2601226
3359,-0.38587487,-0.2361494
3360,-0.067128636,-0.30817783
3361,0.07378593,-0.374269
3362,0.025038796,-0.3969416
3363,-0.29890028,-0.26012838
3364,0.055935547,-0.36976242
3365,0.30783656,-0.34634233
3366,0.045470756,-0.37952465
3367,-0.07065415,-0.27764094
3368,-0.12968218,-0.3188709
3369,0.060183473,-0.3338046
3370,-0.1085232,-0.35272527
3371,-0.06084965,-0.33805352
3372,0.36550942,-0.38306195
3373,-0.25704256,-0.33478993
3374,-0.24680367,-0.3493082
3375,-0.4830411,-0.10792376
3376,-0.5970101,-0.14078435
3377,-0.33750683,0.06613387
3378,-0.09259511,0.12944193
3379,0.25267997,-0.11169745
3380,-0.733547,0.047592744
3381,-0.32366687,0.14601605
3382,0.2041827,-0.29099917
3383,0.47436017,0.028468087
3384,0.2156458,0.12433115
3385,-0.06795024,-0.29953986
3386,-0.0021771335,-0.29636705
3387,-0.44526452,-0.101416215
3388,-0.13403991,-0.2843446
3389,-0.6189188,0.08131224
3390,0.91016704,-0.11517918
3391,-0.37137106,0.0004790686
3392,0.016288519,-0.13799751
3393,0.22297052,-0.12737608
3394,-0.30454025,-0.26969153
3395,-0.1633496,-0.25526062
3396,0.0030989733,-0.3314581
3397,-0.6132131,-0.1866719
3398,0.14061163,-0.09542177
3399,0.37262362,-0.19538805
3400,0.7601134,-0.20535184
3401,0.1446239,-0.30287838
3402,-0.19866872,-0.32565767
3403,-0.28862017,-0.203749
3404,0.74568063,-0.40416694
3405,0.3671596,-0.22269274
3406,0.13292646,-0.3876918
3407,0.34431568,-0.34971207
3408,-0.12957905,-0.3496821
3409,0.703841,-0.21702316
3410,-0.16759695,-0.31597
3411,0.15123206,-0.35333854
3412,-0.38813692,-0.26258078
3413,-0.46576086,-0.32078314
3414,-0.28437904,-0.33892846
3415,-0.48019648,-0.20134313
3416,-0.11555477,-0.3535167
3417,-0.71820265,-0.19050762
3418,0.5294805,-0.3972572
3419,0.663165,-0.3396495
3420,0.1393088,-0.42558128
3421,-0.36075297,-0.37038368
3422,0.41019782,-0.43057847
3423,0.29216608,-0.38144296
3424,0.12443021,-0.35460615
3425,0.6983382,-0.33867425
3426,-0.3086766,-0.37336254
3427,-0.20114839,-0.38286328
3428,-0.3214283,-0.30499053
3429,-0.20003054,-0.38985956
3430,-0.31049958,-0.22823432
3431,-0.078371145,0.08480963
3432,0.3684143,-0.293922
3433,-0.709447,-0.18582615
3434,0.25466484,-0.39519334
3435,0.22508822,-0.3797301
3436,0.14944217,-0.37340063
3437,-1.012189,-0.25643685
3438,-0.25648427,-0.31554723
3439,-0.30043003,-0.18917902
3440,-0.59321475,-0.034017507
3441,0.3343342,-0.30002156
3442,0.63418,-0.28442448
3443,-0.3706198,-0.32824308
3444,0.53364766,-0.394875
3445,0.39891803,-0.32640326
3446,-0.07185922,-0.34460235
3447,-0.1693766,-0.42497402
3448,0.47489253,-0.40537614
3449,-0.14805643,-0.38616621
3450,0.15301356,-0.39123547
3451,-0.10617602,-0.3820398
3452,-0.418822,-0.3322205
3453,-0.1880232,-0.387397
3454,-0.25227162,-0.2658924
3455,0.40882215,-0.39910346
3456,-0.11689457,-0.37398577
3457,0.23205787,-0.39713985
3458,0.1633208,-0.3639642
3459,0.17854726,-0.20185433
3460,-0.4366194,-0.28322792
3461,-0.03952622,-0.3071789
3462,-0.009244941,-0.2929693
3463,-0.674275,-0.21511
3464,-0.6542231,0.03199862
3465,0.703372,-0.28394717
3466,0.25072217,-0.38881052
3467,-0.43880764,-0.30720437
3468,0.041819736,-0.14400375
3469,-0.43753904,-0.13798316
3470,0.4323046,-0.29256308
3471,-0.36864483,-0.1357034
3472,-0.017634217,-0.22576243
3473,-0.5048295,-0.20155895
3474,-0.3119094,-0.0073187947
3475,0.28978494,-0.28890783
3476,-0.364034,-0.14834368
3477,-0.19569714,-0.11600523
3478,-0.29380757,-0.03834767
3479,0.3153904,-0.13018939
3480,-0.25984284,-0.21405384
3481,0.54399663,-0.30672067
3482,0.11726831,-0.21002239
3483,-0.7268922,-0.10242157
3484,-0.30255175,-0.12192984
3485,0.8210352,-0.10024884
3486,-0.73587775,0.21564911
3487,1.1782519,-0.19714893
3488,0.71585,0.02030772
3489,-0.2920135,-0.22582832
3490,-0.34104595,-0.29382765
3491,0.32154688,-0.32701474
3492,0.59506226,-0.32918918
3493,-0.121693894,-0.24433075
3494,-0.19587062,-0.30543977
3495,0.4890657,-0.22898819
3496,-0.56311965,-0.27574268
3497,-0.16592674,-0.24616633
3498,-0.669283,-0.3257504
3499,0.95967317,-0.30867165
3500,0.57904345,-0.33908147
3501,-0.45401755,-0.25681916
3502,0.030830208,-0.3930313
3503,0.36263123,-0.4210341
3504,0.81234807,-0.31845826
3505,-0.33244914,-0.3305006
3506,0.8899145,-0.2706766
3507,-0.14746192,-0.149714
3508,0.14936475,-0.3594517
3509,0.010660047,-0.3953796
3510,-0.43228304,-0.31605077
3511,0.19348,-0.35836387
3512,-0.7596274,-0.3150416
3513,-0.29455432,-0.32537603
3514,0.04039538,-0.38946867
3515,-0.1085314,-0.30217987
3516,-0.7294124,-0.32053387
3517,0.4577802,-0.28858876
3518,0.14670984,-0.3188203
3519,1.604726,0.13072534
3520,0.85792035,-0.17366372
3521,0.26811928,-0.15352455
3522,0.30825502,-0.060685776
3523,-0.4149136,-0.1183106
3524,0.78427726,-0.18481427
3525,0.58060914,-0.26140144
3526,-0.025894344,-0.007505644
3527,0.33878538,-0.09343924
3528,0.93933785,0.2410299
3529,-0.18723036,-0.111506745
3530,0.17679109,-0.22548541
3531,0.15447636,-0.11761789
3532,0.26895145,-0.30141315
3533,-0.60260767,-0.28025615
3534,-0.21973297,-0.31120557
3535,-0.50792444,0.12388687
3536,-0.18838304,-0.18706279
3537,-0.518698,-0.3008001
3538,-0.17547207,-0.24707375
3539,-0.4591552,-0.276911
3540,0.15151379,-0.23303568
3541,0.16438082,-0.33886367
3542,0.08341514,-0.39557678
3543,0.55097693,-0.36386484
3544,-0.28879797,-0.2937171
3545,-0.08313873,-0.35420525
3546,0.15062171,-0.33726853
3547,-0.24191822,-0.39538205
3548,-0.19097635,-0.35520607
3549,-0.18241355,-0.29935902
3550,-0.064697154,-0.32752568
3551,0.6540941,-0.31984347
3552,-0.43149722,-0.31653422
3553,-0.13687468,-0.35613447
3554,0.36217406,-0.3463456
3555,0.28689423,-0.3521886
3556,0.35570097,-0.31614
3557,0.23473161,-0.3463776
3558,0.19919899,-0.293962
3559,-0.46036783,-0.2810802
3560,0.24544644,-0.3942682
3561,0.30928627,-0.21026514
3562,0.065298624,-0.3142721
3563,0.02272469,-0.20030357
3564,-0.19850007,-0.33668596
3565,0.27102193,-0.3584783
3566,-0.0908018,-0.389642
3567,-0.17354034,-0.33362037
3568,-0.40098572,-0.29606462
3569,0.4068773,-0.42454374
3570,-0.045920927,-0.403803
3571,-0.0797325,-0.3136757
3572,-0.175656,-0.33482718
3573,0.28310037,-0.43660116
3574,-0.0072921934,-0.35743964
3575,-0.16600156,-0.15318076
3576,-0.06584774,-0.14158884
3577,-0.30639043,-0.2726354
3578,0.07965427,-0.33742076
3579,-0.55207837,-0.2240341
3580,-0.25264746,-0.30199608
3581,1.0746237,-0.2355118
3582,-0.5716311,-0.23432273
3583,0.19829449,-0.25987467
3584,0.49717686,-0.32567656
3585,-0.42687136,-0.30045915
3586,-0.8313681,-0.17648368
3587,-0.32195535,-0.21963099
3588,-0.009731072,-0.23853676
3589,0.1525282,-0.20175806
3590,-0.43714285,-0.3186021
3591,-0.28226626,-0.23287699
3592,-0.78833526,-0.15067019
3593,0.34363824,-0.26548803
3594,0.6419498,-0.31326962
3595,-0.23461668,-0.3085993
3596,-0.29802024,-0.41124654
3597,0.022916295,-0.36014557
3598,-0.33159015,-0.22387508
3599,-0.17323536,0.46537644
3600,0.9163392,-0.18922856
3601,-0.3226368,-0.08304465
3602,0.4300966,-0.15478283
3603,-0.38392994,-0.19613694
3604,-1.0184351,-0.2548101
3605,1.1217504,-0.22639377
3606,-0.75624985,-0.22243403
3607,0.3163796,-0.39093262
3608,-0.32017574,-0.4048441
3609,-0.04305419,-0.37576872
3610,0.7526317,-0.36074245
3611,0.28648266,-0.3966539
3612,0.79808444,-0.34735984
3613,-0.014392123,-0.2979723
3614,-0.14102826,-0.35743123
3615,0.4125142,-0.29915518
3616,-0.22329883,-0.40608168
3617,0.4496031,-0.32094878
3618,-0.06176167,-0.23215461
3619,0.5195822,-0.1135508
3620,-0.40807366,-0.33467734
3621,-0.24324386,-0.31054613
3622,-0.011653132,-0.17094137
3623,0.089808665,-0.34371668
3624,0.18693693,-0.36333805
3625,-0.5566981,-0.34719568
3626,1.6605709,-0.10525307
3627,0.3410613,0.45870888
3628,0.34800252,-0.12457004
3629,-0.36142597,-0.16497478
3630,-0.27584097,-0.17953052
3631,0.6244601,-0.26145166
3632,1.3966663,-0.009627372
3633,0.39815867,0.5044911
3634,0.17147881,0.057563215
3635,0.51879925,0.07772726
3636,0.20130928,-0.13505277
3637,0.7814056,0.04284271
3638,0.21972844,0.09825647
3639,0.63266087,0.56814253
3640,0.44128728,0.2556768
3641,-0.78938186,0.06891625
3642,-0.4722292,0.5138116
3643,0.17603599,0.019991212
3644,-0.027621038,0.08056158
3645,-0.07319197,-0.1839267
3646,-0.20794933,-0.23249759
3647,0.5963941,-0.10570633
3648,-0.20818979,-0.20014971
3649,0.07143167,-0.100576416
3650,0.14508684,-0.16469935
3651,0.34672287,0.003544055
3652,0.46311072,-0.120775245
3653,0.13568573,0.09969923
3654,-0.45864034,-0.033102386
3655,0.75389093,0.1100954
3656,0.23459668,-0.1339832
3657,0.3393245,-0.13304901
3658,-0.14802113,-0.079999566
3659,0.09159697,-0.15000644
3660,0.038020413,-0.20058605
3661,0.01620986,-0.21519214
3662,0.74314415,0.06907569
3663,-0.021202317,0.4748724
3664,0.21270981,-0.08531272
3665,-0.36944512,0.0049237907
3666,0.43267477,-0.01087537
3667,-0.49557036,-0.11612442
3668,-0.514438,0.054191306
3669,-0.02346077,-0.07285792
3670,-0.0014332968,-0.18736483
3671,0.023014214,0.18014619
3672,0.4408118,-0.13704388
3673,-0.49877658,0.13526115
3674,-0.110281214,-0.14393768
3675,0.2258491,-0.18477194
3676,0.28584868,-0.16846284
3677,-0.2345534,0.090345114
3678,0.002468793,0.021110818
3679,-0.4268133,-0.08352682
3680,0.8375973,0.008095175
3681,0.41471606,0.26629573
3682,-0.07710336,0.7923497
3683,0.96246594,0.10883042
3684,1.509365,1.9000798
3685,1.310081,1.597818
3686,-1.195226,1.3847632
3687,0.47872368,0.5595896
3688,-0.39671633,0.23712756
3689,0.6194592,0.026755787
3690,0.065340206,-0.15555003
3691,-0.41331244,-0.019365333
3692,0.5570949,0.30119383
3693,-1.1315646,0.5816763
3694,-0.1488207,0.41328627
3695,0.4561808,0.21679853
3696,-0.0001551439,-0.01591678
3697,0.22300269,-0.17915997
3698,0.031335067,-0.22450268
3699,-0.3903505,-0.1726754
3700,0.40141714,0.0015031174
3701,-0.25056678,-0.21740016
3702,0.7538084,0.048934847
3703,-0.23190583,0.1510336
3704,0.7031464,-0.2666415
3705,1.1966118,0.4652351
3706,1.753477,1.0955603
3707,-0.49130413,0.27364606
3708,0.8838207,1.0156258
3709,-1.0953908,0.7165831
3710,0.096420735,0.12202118
3711,-0.64531046,0.1661552
3712,0.341285,-0.10248682
3713,0.7236517,-0.15374789
3714,-0.2202792,-0.20593353
3715,0.11453939,-0.18287386
3716,0.35646597,0.0036001578
3717,0.81363463,-0.018191539
3718,0.5619026,0.07227448
3719,-0.9637187,0.24374996
3720,-0.44903737,-0.005935084
3721,0.07827913,-0.0059053823
3722,0.23902692,-0.19101955
3723,0.42271045,0.06143868
3724,-0.12402775,0.1321304
3725,-0.20374629,-0.07345189
3726,0.7357858,-0.1182642
3727,-0.3788178,-0.004233312
3728,-0.46535558,-0.0007859692
3729,-0.12997743,0.027684756
3730,0.14286925,0.00081937015
3731,0.75075096,-0.068715304
3732,0.05221618,-0.16914743
3733,-1.1415075,0.1071945
3734,-0.6912155,0.15577923
3735,0.69688755,-0.15513358
3736,-0.30632567,-0.14801133
3737,-0.24086092,-0.15046126
3738,0.2802005,-0.2941509
3739,0.26163864,-0.17049068
3740,-0.023954514,-0.26751277
3741,0.36468062,-0.27791512
3742,0.14603789,-0.31001505
3743,0.03648563,-0.16890645
3744,0.7221104,-0.017053023
3745,-0.014067971,0.12945294
3746,0.45188153,-0.20953701
3747,1.2793267,0.5886111
3748,1.2986299,0.7053104
3749,0.19832,0.9265774
3750,-0.4113724,1.0807139
3751,0.37698495,0.600572
3752,1.9982206,1.3522261
3753,-3.6242363,3.437115
3754,1.14482,0.95234084
3755,-1.0105566,1.1240206
3756,-0.60955423,0.7112194
3757,0.7740994,0.081393704
3758,0.17478204,0.061557576
3759,0.9666725,0.29750192
3760,-0.10485876,0.21158229
3761,0.9453216,0.15533489
3762,1.0065709,1.1106727
3763,0.22204964,0.6889814
3764,-0.8601401,2.1089094
3765,0.7948756,0.31462044
3766,-0.91811824,0.008792035
3767,-0.7061575,0.41175306
3768,0.71043235,0.47153068
3769,-0.26915464,-0.04188375
3770,-0.0076507647,-0.104598366
3771,0.51065594,-0.028823204
3772,-0.52170354,0.019301012
3773,0.8647478,0.18876249
3774,0.5689908,0.42012465
3775,-0.3743908,0.40487593
3776,-2.8211954,1.2867478
3777,0.37496072,1.2546974
3778,0.30646777,0.30946994
3779,0.37271196,0.075813994
3780,-0.8905803,0.24046965
3781,0.13049068,0.06028956
3782,0.5754998,0.4160685
3783,-0.32633993,0.27114117
3784,-0.22402991,-0.08545622
3785,0.33941382,-0.14535317
3786,-1.1847445,0.093831405
3787,1.0358789,-0.048455402
3788,1.0031793,0.42285323
3789,0.15944062,0.11027627
3790,0.43012068,-0.1563222
3791,-0.5701639,-0.07153343
3792,0.04484736,-0.21110427
3793,-0.009086108,-0.25960046
3794,-0.23693728,-0.23985772
3795,-0.2967784,-0.22833714
3796,0.0016156503,-0.2056684
3797,0.08972992,-0.38585317
3798,0.12522559,-0.25405908
3799,0.14488848,-0.19990312
3800,0.27066088,-0.3287087
3801,-0.22540241,-0.2587651
3802,0.46480015,-0.3185073
3803,-0.12630838,-0.32409167
3804,-0.5808272,-0.08994231
3805,-0.1516265,-0.31210703
3806,0.3606287,-0.3742869
3807,-0.12070032,-0.36844957
3808,0.445619,-0.37450236
3809,0.03761092,-0.31544733
3810,-0.4714991,-0.25323695
3811,0.47147772,-0.108513236
3812,1.2185999,0.4218704
3813,-0.10071742,0.10359293
3814,0.31294262,-0.2977906
3815,1.503496,0.35010016
3816,0.10042834,0.46190798
3817,-0.8449104,0.11782043
3818,-1.1225693,0.2913521
3819,0.5700542,-0.025683146
3820,0.97753525,-0.12273918
3821,-0.23115623,-0.05617522
3822,-0.27748543,-0.16132623
3823,0.438377,-0.095526434
3824,0.12284322,-0.12061336
3825,0.72028387,0.38257426
3826,-0.06759255,-0.08038367
3827,-0.9625316,0.16911918
3828,0.16825874,-0.24827462
3829,-0.4039869,-0.12546492
3830,0.3496323,-0.07982536
3831,-0.9707621,0.14349352
3832,0.23363948,-0.17962962
3833,0.0533927,-0.29946572
3834,0.51542354,-0.1502589
3835,-0.4446817,-0.17995468
3836,0.1322405,-0.21021162
3837,0.24035704,-0.29445934
3838,1.2484288,0.060742594
3839,0.6618139,0.5303454
3840,0.44776082,0.110999435
3841,-0.2400911,0.035843983
3842,1.2644688,0.121277094
3843,-0.68915737,0.32730156
3844,-0.25069174,-0.009960134
3845,0.10544985,0.027377777
3846,0.42664245,0.08581406
3847,0.15472052,0.37449747
3848,0.5660537,-0.06917064
3849,-0.53083396,-0.016595874
3850,-0.7185776,0.37721866
3851,-0.5316433,0.1942697
3852,0.47636822,-0.15900812
3853,0.6953167,0.049961828
3854,0.3939817,-0.110838965
3855,0.37662923,0.61823595
3856,-0.5304665,0.031032912
3857,-0.026884323,-0.0055262074
3858,-1.1317817,0.26145202
3859,0.79480475,-0.00439563
3860,-0.9421485,0.0067933276
3861,-1.0623665,0.3479759
3862,-0.29223695,0.08272351
3863,1.0874019,0.080683574
3864,0.26340875,-0.048755735
3865,-0.75085974,-0.075229876
3866,0.5892959,-0.21516709
3867,0.28722516,-0.10753518
3868,-0.06744498,-0.17616825
3869,0.20599426,-0.112567075
3870,0.11943619,-0.058704212
3871,-0.2695614,-0.009328775
3872,-0.30677155,0.034985922
3873,0.27167806,-0.32655984
3874,0.334059,-0.24347305
3875,-0.40355137,-0.041349784
3876,-0.12522027,-0.03667355
3877,-0.4623268,0.11514951
3878,-0.15688168,-0.025210213
3879,0.36490148,-0.10910423
3880,0.6111338,0.088950574
3881,0.29636344,-0.07069163
3882,0.4681581,-0.094711185
3883,0.6722121,0.36569226
3884,0.6879375,0.42223465
3885,-0.08149617,0.35504234
3886,-1.4375501,0.5902704
3887,0.45668858,-0.1380333
3888,-0.5876901,-0.21713024
3889,-0.15122333,-0.1441132
3890,0.5297069,-0.13653266
3891,-0.917114,-0.17507999
3892,0.4556709,-0.24595523
3893,0.48095468,-0.25955984
3894,-0.25090727,-0.2781669
3895,-0.21421833,-0.09790112
3896,0.22462122,-0.23074856
3897,0.45439318,-0.29677337
3898,0.08813037,-0.2497519
3899,0.1195715,-0.23778267
3900,0.24926065,-0.22295934
3901,0.40768078,-0.25147223
3902,0.6057983,-0.052780967
3903,-0.63886017,-0.011828579
3904,0.30301577,-0.23915465
3905,0.9084596,0.11765385
3906,0.2110566,0.073081195
3907,1.2425387,0.5456166
3908,0.9840785,1.2530682
3909,-0.22309054,0.41242325
3910,0.95740664,0.20411919
3911,0.74650794,1.1925853
3912,-4.578621,1.9282466
3913,1.9105828,0.58677906
3914,0.5675741,0.5461864
3915,0.043026414,0.28234023
3916,-0.7560403,0.59226793
3917,-0.16930869,0.47308433
3918,-1.3133733,0.82279485
3919,0.3014268,0.1024953
3920,0.3563705,-0.11566364
3921,-0.20985083,0.019421652
3922,-1.0531743,0.5054598
3923,0.49584723,-0.012864564
3924,0.65674096,-0.22080113
3925,0.17168465,-0.16027689
3926,-0.654114,-0.055390608
3927,0.8193785,-0.0662793
3928,0.31049165,-0.1684495
3929,-0.22360456,-0.07465522
3930,0.24645461,-0.34509248
3931,-0.17750643,0.0054263324
3932,-0.62311596,-0.14107771
3933,0.35555917,-0.3122663
3934,-0.8683764,-0.16074222
3935,-0.77215546,0.15886837
3936,0.6871883,-0.2162014
3937,-1.3265423,0.21903737
3938,0.12738062,0.07142246
3939,-0.8673736,0.6288794
3940,-0.44773185,0.0731259
3941,-1.4826772,0.6483597
3942,0.7987248,0.024566554
3943,1.0967124,-0.17054513
3944,-0.4034921,-0.12931356
3945,0.013790299,0.15228413
3946,-0.6239387,-0.16811958
3947,1.3836184,-0.06855097
3948,0.3812643,-0.037285037
3949,-0.131489,-0.24134476
3950,0.04777596,-0.26389968
3951,-0.17156246,-0.09744632
3952,0.7067346,-0.21760276
3953,-0.5089029,-0.17342874
3954,0.49886617,-0.2610495
3955,-0.24480304,-0.20565528
3956,0.15552662,-0.2820698
3957,0.1721917,-0.320687
3958,0.18262222,-0.29775828
3959,0.25480384,-0.010340575
3960,-0.7050172,-0.068964966
3961,-0.12135397,-0.12307486
3962,0.24329637,-0.32930493
3963,0.26512504,-0.23006546
3964,-1.3447812,0.06907283
3965,-0.5123601,0.4748605
3966,-1.1835216,0.4274549
3967,0.5271427,-0.053569667
3968,-0.0027020809,-0.03606224
3969,0.7753882,-0.12729043
3970,-0.16949344,-0.26376742
3971,1.0278977,-0.13589928
3972,-0.7542268,-0.20579614
3973,-0.36845475,-0.24840558
3974,-0.7373649,0.3709833
3975,-0.65857065,0.38071007
3976,0.96047264,-0.11709062
3977,-0.33406126,-0.24765944
3978,-0.17171596,-0.22202392
3979,0.4855612,-0.15833697
3980,0.07102542,-0.10711927
3981,0.6615009,-0.20449951
3982,0.23262885,-0.12097588
3983,-0.4009133,-0.24969901
3984,-0.0564653,-0.29111922
3985,1.2985766,0.050916046
3986,0.19014001,0.027939528
3987,-0.03875575,-0.27016503
3988,0.18084142,-0.3134253
3989,-0.26886654,-0.22136576
3990,-0.29340425,-0.2125015
3991,0.008964474,-0.30557942
3992,-0.15896554,-0.36242294
3993,-0.31169155,-0.3094613
3994,-0.03753537,-0.36273247
3995,-0.5239618,-0.25933397
3996,0.5255862,-0.38454837
3997,-0.06575529,-0.35212278
3998,0.74461424,-0.3804568
3999,-0.511216,0.0012925565
4000,-0.41368312,-0.28186405
4001,-0.8798872,-0.1809685
4002,0.8114792,-0.3998525
4003,0.39297238,-0.2973126
4004,-0.10983525,-0.32318437
4005,-0.03781236,-0.34774268
4006,0.107506245,-0.33826303
4007,0.87062335,-0.13436486
4008,0.2975714,-0.14935967
4009,-0.08074701,0.2347732
4010,0.5699272,-0.1627742
4011,0.63421047,0.40612936
4012,-1.5344058,0.08852409
4013,-0.89820266,0.33745307
4014,0.27026132,-0.1629927
4015,0.41512665,-0.057289444
4016,0.21620646,-0.046335146
4017,0.11911683,-0.060288142
4018,-0.14518946,0.015353464
4019,-0.22323768,-0.092390396
4020,0.50747424,-0.051045444
4021,0.06658535,-0.1528205
4022,0.6122419,-0.2168873
4023,0.3099756,-0.069508255
4024,-0.65480185,0.09911956
4025,0.89790756,-0.10384555
4026,0.06327608,-0.034129836
4027,-0.49590957,-0.123665065
4028,-0.78690183,0.008107312
4029,0.376176,-0.06733752
4030,-0.28168064,-0.22313046
4031,0.3441767,-0.16415986
4032,0.69522303,-0.11574954
4033,0.11458722,-0.15209457
4034,0.21388385,-0.1457169
4035,3.0729444,2.6051555
4036,0.71063685,1.3654689
4037,-1.4749491,1.6871862
4038,-1.2303164,1.2532961
4039,-0.9891592,0.6644954
4040,0.088302344,0.31107122
4041,1.6366968,0.49395937
4042,0.4939062,0.5704036
4043,-0.24911371,0.27432173
4044,0.39651284,0.21443729
4045,-0.033834748,0.047807068
4046,-0.79179907,-0.047181007
4047,0.036244754,0.20959897
4048,0.14880757,-0.006343536
4049,0.32051468,0.0066717267
4050,0.4795119,-0.22955424
4051,0.8465645,0.35541993
4052,-0.34499025,0.47014296
4053,-0.6294475,0.23544
4054,-1.2817699,0.7336285
4055,1.6662784,0.32130253
4056,0.33055058,0.65130115
4057,1.2224903,0.6874825
4058,-0.5395315,0.48867154
4059,1.1143315,0.46204132
4060,-0.78494203,0.69065017
4061,-1.707262,1.5224309
4062,1.0862739,1.1358697
4063,-0.994499,0.74500674
4064,-3.1774542,2.33986
4065,1.8425323,1.4213171
4066,-2.244231,0.70015585
4067,0.15193093,1.5828336
4068,0.28003103,0.28023183
4069,-0.97981936,0.3006608
4070,-0.009754445,0.29548115
4071,0.28474104,0.48989046
4072,0.8091846,0.025591917
4073,0.09743423,-0.058724575
4074,0.08106512,0.021671653
4075,0.42500138,-0.14950147
4076,-0.6618164,0.01098416
4077,-1.0689462,-0.061708074
4078,-0.95859635,0.60482
4079,-1.3956089,0.8618387
4080,-1.3524579,0.44545716
4081,-0.7019306,0.89336437
4082,0.14559776,1.9936085
4083,1.0124042,0.52343965
4084,-0.33517742,0.0009330511
4085,-0.26088178,-0.20875035
4086,1.2591611,-0.2028138
4087,-0.5388983,-0.17595127
4088,1.0768373,-0.25819615
4089,0.55900955,-0.12151553
4090,0.20715074,-0.12299082
4091,-0.30355814,-0.23414111
4092,-0.1477271,-0.21476312
4093,0.6502957,-0.2988692
4094,0.0021284644,-0.22860251
4095,-0.1789779,-0.19462396
4096,0.28471768,-0.3330717
4097,0.4171359,-0.21301004
4098,-0.1724684,-0.22160935
4099,-0.09137078,-0.23638944
4100,0.713246,-0.28346127
4101,-0.75708467,-0.2655538
4102,-0.14308092,-0.3178715
4103,-1.1362634,0.04142364
4104,-0.16086891,-0.10855307
4105,-0.99081206,-0.10505839
4106,-0.11814106,-0.025669493
4107,-0.06615855,0.013845503
4108,-0.37845698,-0.080626346
4109,-0.9069442,0.2850759
4110,0.5271885,-0.16687508
4111,-1.5881342,0.79096437
4112,0.6614295,0.61522114
4113,-1.3951644,0.06613594
4114,0.46306607,-0.0013523363
4115,0.33039212,-0.15650266
4116,-1.7858683,0.25103247
4117,0.71060413,0.06003063
4118,-0.7720437,0.06561491
4119,0.3939,0.062031254
4120,1.4556143,0.024038315
4121,0.7765945,-0.04855697
4122,0.42220202,-0.14309153
4123,-0.06057763,-0.11684511
4124,-0.2138188,-0.17549074
4125,-0.70150864,-0.16817129
4126,0.65224636,-0.352018
4127,0.93547595,-0.15273833
4128,-0.7380846,-0.14903334
4129,0.62481874,-0.3398171
4130,-0.3765582,-0.30574805
4131,0.5938286,-0.27461308
4132,0.20489493,-0.007289931
4133,-0.39367914,-0.23434587
4134,-0.11258863,-0.29029846
4135,0.37509108,-0.27692267
4136,-0.900612,-0.16748315
4137,0.61426324,-0.30230725
4138,-0.17011987,-0.22757512
4139,0.6998175,-0.2437328
4140,1.0612212,-0.10521689
4141,-0.08480757,-0.0307634
4142,0.4131051,-0.09477927
4143,-0.44195518,-0.14490494
4144,0.102362536,-0.20789658
4145,7.415726e-05,-0.20916791
4146,0.10324876,-0.23524573
4147,-0.2062458,-0.23713514
4148,0.4962767,-0.25094157
4149,0.42695504,0.4200961
4150,-0.5262523,-0.092139855
4151,-0.7531932,-0.032092795
4152,0.12709057,-0.025981363
4153,1.2450445,1.6614811
4154,-0.21423557,-0.098135844
4155,-0.27161354,-0.022089891
4156,0.872882,0.020771734
4157,-0.42426255,0.27236724
4158,0.045686245,-0.03473042
4159,-1.4111184,0.28799635
4160,0.55855864,0.30481297
4161,-0.6664487,-0.13490863
4162,-0.018725934,-0.024525419
4163,1.2681795,-0.031116176
4164,0.185619,-0.18962784
4165,0.14071715,-0.084625125
4166,0.3983913,0.061564155
4167,2.2679355,0.40116775
4168,-0.037568115,0.69254315
4169,-0.5674578,0.36572266
4170,-0.55416536,0.008983538
4171,0.45694917,-0.0143142305
4172,0.20760228,0.17147139
4173,0.2778609,0.018874623
4174,0.14852028,-0.07648679
4175,0.36855197,-0.13965726
4176,0.064749986,-0.17811373
4177,-0.48445046,0.05747199
4178,1.0998518,-0.11777779
4179,-0.2952801,0.0062545985
4180,1.283871,0.2997234
4181,0.81235325,0.5541693
4182,-0.9375095,1.2034988
4183,-0.7266164,0.28256035
4184,0.37044835,-0.10864689
4185,-0.049270596,-0.07399732
4186,0.23135209,-0.17618215
4187,-0.8134484,-0.14668652
4188,0.5256008,-0.21395928
4189,-0.53954977,-0.2171888
4190,0.3973327,-0.3821599
4191,-0.42104447,-0.15800628
4192,0.20062,-0.23986648
4193,0.32425675,-0.23797917
4194,-0.31926343,-0.21038851
4195,0.35239443,0.07448143
4196,-0.26364416,-0.059381787
4197,0.5400964,-0.29820734
4198,-0.39141265,-0.16093704
4199,-0.24326043,0.010257572
4200,-0.26574856,-0.047603786
4201,-0.31699064,-0.19381261
4202,0.13825694,-0.13739564
4203,0.74431115,-0.026875537
4204,-0.24785687,-0.021116849
4205,0.5645906,0.13341917
4206,-1.3328971,0.23902123
4207,-0.8246461,0.5223149
4208,-0.6041953,-0.024105735
4209,0.8902512,-0.24614717
4210,-0.15513259,-0.12599495
4211,-0.106983274,-0.07776799
4212,-0.44537246,-0.17419562
4213,0.5056803,-0.07612152
4214,0.1499844,-0.299292
4215,-0.39745882,-0.26443303
4216,0.5051425,-0.21324274
4217,0.8709041,-0.17446388
4218,0.013080879,-0.25576633
4219,-0.21350305,0.008568689
4220,0.07030728,-0.3268506
4221,0.390009,-0.24763368
4222,0.4535454,-0.015025318
4223,-0.1902161,-0.14974049
4224,-0.14038672,-0.13428435
4225,-0.2596345,-0.18229684
4226,0.2137856,-0.17448677
4227,-0.55920804,-0.15172008
4228,-1.12247,0.025989726
4229,0.4581738,0.013546191
4230,0.053309303,-0.038503863
4231,-0.6433685,0.39028758
4232,0.29026675,-0.13456497
4233,-0.08907281,0.07222691
4234,-2.4289277,1.1469307
4235,0.53536135,0.42503095
4236,0.5278161,0.33708733
4237,0.061173417,-0.14834644
4238,0.4789573,-0.07247706
4239,0.28798774,-0.13635689
4240,0.3804055,-0.05775115
4241,-0.19634637,-0.14560786
4242,-0.5287026,-0.18623307
4243,0.8260793,-0.26171997
4244,0.0053401934,-0.3588006
4245,0.7809213,-0.11831259
4246,-0.39174145,-0.12281568
4247,-0.123927854,-0.10361627
4248,-0.03270032,-0.13077271
4249,-0.012920207,-0.18514408
4250,-0.77993757,-0.046739865
4251,0.1261884,-0.025553584
4252,0.013562364,0.072265044
4253,-1.2623703,0.409065
4254,0.62299585,0.40803546
4255,-1.1695709,0.12146674
4256,-0.7807127,0.45318615
4257,0.7416901,-0.05453851
4258,-0.33653656,-0.104300745
4259,0.2830068,0.11303875
4260,-0.37587714,-0.048234034
4261,0.1025694,-0.06360063
4262,0.24724601,-0.061285403
4263,0.36236486,-0.21282639
4264,-0.8158225,-0.23559353
4265,-0.14894591,-0.16877103
4266,-0.05193651,-0.06814816
4267,-0.9196091,-0.078463815
4268,-0.22773357,0.06956291
4269,0.6443539,-0.26599044
4270,0.39589596,-0.35066217
4271,-0.13034813,-0.31428677
4272,0.23735216,-0.21039332
4273,0.09851287,-0.34152925
4274,0.46866572,-0.36652845
4275,0.056856904,-0.29067945
4276,-0.15843855,-0.28104615
4277,-0.05872657,-0.37655056
4278,-0.01629792,-0.35135096
4279,-0.14553678,-0.3493083
4280,0.18444017,-0.3686756
4281,-0.0707468,-0.38240302
4282,-0.070103824,-0.31988657
4283,-0.6658421,-0.28474844
4284,0.4608029,-0.4180683
4285,0.14065678,-0.3738122
4286,0.43027768,-0.43496758
4287,-0.45381448,-0.36111814
4288,-0.051439885,-0.3481331
4289,-0.3400308,-0.36540437
4290,-0.024280496,-0.32913405
4291,0.035791047,-0.3365509
4292,-0.08835425,-0.29666784
4293,0.20576446,-0.41401744
4294,0.059718207,-0.37352967
4295,0.6750147,-0.34878188
4296,0.25656864,-0.2149883
4297,0.19280511,-0.27420682
4298,-0.06809015,-0.33050698
4299,-0.80633914,-0.1970699
4300,-0.46902364,-0.19319582
4301,-1.1304322,-0.031141337
4302,-0.7848051,0.36410815
4303,0.54958266,-0.053287487
4304,0.37394348,-0.24255483
4305,-0.3537934,-0.27876148
4306,0.521337,-0.3240282
4307,-0.19885908,-0.23387712
4308,0.3787568,-0.2506571
4309,-0.2874258,-0.2865234
4310,-0.8026677,-0.17501292
4311,0.110013634,-0.08696269
4312,0.4545526,-0.377747
4313,0.012126571,-0.32588518
4314,0.16295199,-0.38458675
4315,-0.8222235,-0.23084168
4316,0.075007506,-0.24658787
4317,-0.28818733,-0.113924116
4318,-0.94146276,0.03894788
4319,0.6727124,-0.056661665
4320,-0.0031280748,-0.22505485
4321,-1.4615495,-0.043684773
4322,0.6757175,-0.21544287
4323,-1.033741,0.028270066
4324,-0.8257543,0.25331175
4325,-0.040136546,0.30099225
4326,-0.51907414,0.4686759
4327,0.8876564,-0.055383217
4328,0.79217356,0.01041954
4329,0.39652315,0.12076509
4330,0.48283425,-0.23991306
4331,-1.0583662,-0.05690136
4332,0.099528,-0.26694033
4333,-1.2565119,0.21627687
4334,0.50970906,-0.010720108
4335,-0.64271796,0.0024529696
4336,0.37740254,-0.2482451
4337,-0.85276186,-0.012189157
4338,0.6000665,-0.04063837
4339,0.4049459,-0.1678996
4340,0.594209,-0.24801074
4341,-0.021277076,-0.19453834
4342,0.31222215,-0.2565067
4343,-0.40091354,-0.07239559
4344,0.32920003,-0.13529855
4345,1.0091367,0.51363623
4346,-0.8883504,-0.00047966093
4347,0.5917091,-0.21352255
4348,-0.5164804,-0.0016116947
4349,-1.1992788,0.44188517
4350,-0.5087092,0.35581827
4351,-0.5906111,0.31170005
4352,-0.29872274,0.28028733
4353,-1.3225702,0.558629
4354,1.0278449,0.5306575
4355,0.21041979,0.09725016
4356,1.2969389,-0.0770143
4357,1.1670796,0.1592031
4358,0.8692009,0.33715153
4359,-0.6943896,0.048014753
4360,0.12302084,-0.11502776
4361,1.2997377,-0.018959496
4362,1.0562437,0.19268318
4363,-0.5806156,-0.09164432
4364,1.0560145,-0.07519364
4365,-0.031409863,-0.13178928
4366,-0.8214462,0.061948918
4367,-0.038034897,-0.078856036
4368,-1.5699483,-0.029669989
4369,-0.7503064,0.37244415
4370,-1.41467,0.22014485
4371,1.152352,-0.26103848
4372,-1.0678947,0.016334645
4373,0.8578498,-0.22380368
4374,0.19697955,-0.18654215
4375,-0.79438484,0.30101687
4376,1.1965743,-0.09959026
4377,-0.4370363,0.23973475
4378,-0.14936754,-0.35354733
4379,-0.6415306,-0.16281307
4380,-0.76608187,0.022512808
4381,0.6935467,-0.2520678
4382,0.3403817,-0.3367871
4383,0.7666522,-0.22478847
4384,-0.1142828,-0.2801513
4385,0.112338625,-0.34468114
4386,-1.4555075,-0.08257988
4387,-0.93221194,0.08159463
4388,-0.047551796,0.3470589
4389,1.3219993,-0.24504583
4390,0.1829966,-0.31598818
4391,0.7402247,-0.11282432
4392,-0.52694327,-0.17136544
4393,0.9466194,-0.22570592
4394,-0.8120258,-0.1371713
4395,-0.6386226,-0.06603531
4396,0.4811439,-0.0248328
4397,1.0070508,-0.17319298
4398,0.050047275,-0.18288416
4399,1.0992882,0.14511086
4400,0.039311994,0.290671
4401,-0.35127994,-0.20266314
4402,0.25059918,-0.34027046
4403,0.04225609,-0.24207358
4404,0.40279824,-0.15715344
4405,-0.37076,-0.26826936
4406,0.106094554,-0.30104202
4407,-0.024012823,-0.22284481
4408,-0.4932715,-0.25469527
4409,-0.553428,-0.11720564
4410,0.5527697,-0.3932433
4411,0.556904,-0.34785414
4412,0.2650198,-0.33539307
4413,0.014667225,-0.28521216
4414,-0.32187432,-0.30651703
4415,-0.13244258,-0.28221416
4416,0.109225534,-0.34951246
4417,0.0821906,-0.33171588
4418,0.0820836,-0.26674092
4419,-0.56497425,-0.15516117
4420,0.8259735,-0.14363997
4421,-0.9907512,-0.21391173
4422,-0.04232176,-0.34603828
4423,-0.32896623,-0.23948792
4424,-0.96287066,0.08439241
4425,-0.2529118,-0.013408799
4426,0.23874867,-0.2624818
4427,0.8061136,-0.109707996
4428,0.3497982,-0.36857146
4429,0.18228918,-0.19963937
4430,0.6067739,-0.24870339
4431,0.05313316,-0.15210792
4432,-0.37324834,-0.26561797
4433,0.36928615,-0.29575694
4434,0.32463723,-0.19562933
4435,0.0107593,0.10319394
4436,-0.72166646,-0.12144447
4437,-0.2585512,-0.2639588
4438,0.27175832,-0.33549553
4439,0.12375297,-0.31668222
4440,-0.5247875,-0.22616188
4441,0.04132671,-0.36481166
4442,-0.30621272,-0.3099153
4443,0.7025739,-0.36390924
4444,-0.39222616,-0.26199555
4445,0.49970934,-0.15794846
4446,0.5900145,-0.13235503
4447,-1.0234634,0.11207895
4448,0.36076376,-0.10468033
4449,-1.5837173,-0.00033480674
4450,0.521878,-0.21695358
4451,1.1582139,-0.17386943
4452,-0.6803357,-0.16549751
4453,0.33190072,-0.06865488
4454,0.3734329,-0.2898856
4455,0.01641029,-0.10482169
4456,-0.89001316,-0.15900348
4457,-0.46319798,-0.18094549
4458,0.86226076,-0.35100454
4459,-0.23745084,-0.2751302
4460,0.41396597,-0.37230438
4461,-0.8457185,-0.27640483
4462,-0.4495225,-0.2371114
4463,0.45021543,-0.33355874
4464,-0.5483997,-0.2874133
4465,-0.02408299,-0.36177468
4466,-0.040896192,-0.2664268
4467,0.12063794,-0.31592476
4468,0.13222355,-0.35876852
4469,0.059633028,-0.36861777
4470,0.45270035,-0.39488965
4471,-0.3131787,-0.34681684
4472,-0.45538178,-0.39378005
4473,-1.1378447,0.4122613
4474,0.58582234,0.117124975
4475,0.5162421,-0.319273
4476,-0.66353613,-0.40837628
4477,0.44336268,-0.31087202
4478,-0.5334488,-0.37146217
4479,-0.8293331,-0.15911852
4480,-0.15813679,-0.21605588
4481,-0.20374419,-0.31550634
4482,-0.10733102,0.23574539
4483,0.8591023,-0.2661047
4484,-0.040759847,-0.3811285
4485,-0.14994676,-0.36130458
4486,-0.424972,-0.2815746
4487,0.31749663,-0.16262886
4488,-1.386131,0.046708673
4489,-0.3835518,0.32040018
4490,0.27748996,-0.17512639
4491,-1.1483997,0.2011755
4492,0.11742045,0.19588526
4493,-0.36515862,-0.011766858
4494,-0.49605757,0.4084497
4495,-0.8005532,0.1419929
4496,1.5787618,-0.18442088
4497,0.4267881,-0.18224616
4498,-0.100585185,-0.22747576
4499,-0.39705092,-0.3110415
4500,0.29768762,-0.2758346
4501,0.6666973,-0.322025
4502,0.47794265,-0.2902788
4503,-0.035607807,-0.2908435
4504,0.6474117,-0.28719127
4505,0.3999237,-0.3483405
4506,-0.24045715,-0.31061825
4507,-0.16045736,-0.277767
4508,-0.096503586,-0.34689522
4509,-0.38142973,-0.3643841
4510,-0.4997788,-0.19474797
4511,0.95278525,-0.34778965
4512,-0.6313315,-0.2983482
4513,0.46727282,-0.35846734
4514,0.23813011,-0.3204999
4515,0.5789021,-0.18706971
4516,0.19797558,-0.28624937
4517,-0.9819267,-0.19746903
4518,0.22919069,-0.26149118
4519,-0.3096638,-0.26663852
4520,0.36210063,-0.13822587
4521,-0.2973151,-0.32117754
4522,-0.46793482,-0.27374905
4523,-0.29799655,-0.18404567
4524,-0.5090267,-0.13387796
4525,0.26450494,-0.22422092
4526,-0.07012427,-0.28004813
4527,0.47212666,-0.32858306
4528,0.14825301,-0.37577385
4529,-0.75836563,-0.29439825
4530,0.19990139,-0.3530144
4531,-0.4794375,-0.28435197
4532,-0.2765696,-0.27711898
4533,0.7827372,-0.40692002
4534,-0.19376847,-0.3832248
4535,-0.29088086,-0.3430047
4536,0.3131949,-0.35623276
4537,-0.11377114,-0.38616496
4538,-0.38065958,-0.31729382
4539,0.42894736,-0.28278023
4540,-0.65815526,-0.27372974
4541,-0.79645556,-0.08496671
4542,-0.040862788,-0.17384881
4543,0.8243086,-0.29286498
4544,0.5291892,-0.2529755
4545,-0.12785698,-0.29856002
4546,0.4337352,-0.34599954
4547,-0.15937284,-0.30609143
4548,0.054130577,-0.3688711
4549,-0.011553776,-0.37595385
4550,-0.7000106,-0.31982625
4551,-0.09137043,-0.34385192
4552,-0.42979348,-0.05980809
4553,-1.0742407,0.21544029
4554,0.4189105,0.04731925
4555,0.5068732,-0.29804218
4556,0.57350725,-0.21140637
4557,-0.03457424,-0.28648543
4558,-0.73559505,-0.3287642
4559,0.6104281,-0.05305834
4560,0.47472546,-0.17405742
4561,-0.66903806,-0.19481343
4562,-0.6936389,-0.3162843
4563,0.42711148,-0.3831542
4564,-0.08297453,-0.3737443
4565,0.051563982,-0.37272733
4566,-0.3151252,-0.3731315
4567,-0.36643374,-0.3329783
4568,0.47932422,-0.2657063
4569,0.31784627,-0.34121567
4570,1.130327,-0.07570344
4571,-0.44728234,-0.21904576
4572,-0.17656252,-0.37316978
4573,0.070301056,-0.38823158
4574,0.11682263,-0.42236555
4575,-1.5298592,-0.039231423
4576,-0.55734295,-0.1941018
4577,0.6833936,-0.36971724
4578,-0.07745203,-0.35359085
4579,0.45082045,-0.3307709
4580,0.3775088,-0.4020058
4581,-0.3124127,-0.36079884
4582,0.10685743,-0.40674865
4583,0.261901,-0.302429
4584,-0.11574293,-0.41017896
4585,-0.3632732,-0.30880517
4586,0.8530173,-0.29972523
4587,-0.373212,-0.37427098
4588,-0.03902465,-0.3773576
4589,-0.011896098,-0.42247504
4590,0.57701516,-0.36223912
4591,0.15743747,-0.42609125
4592,-0.31605083,-0.41029674
4593,-0.2616108,-0.3985874
4594,0.2023522,-0.40584767
4595,-0.17551644,-0.17344624
4596,-0.6122001,-0.31636006
4597,0.7777058,-0.33279258
4598,-0.21981844,-0.4039837
4599,0.43411344,-0.45145833
4600,0.024159802,-0.41741347
4601,0.37641928,-0.35766137
4602,-0.046068653,-0.36106497
4603,0.44977677,-0.2605834
4604,0.48176938,-0.20943272
4605,-0.046101213,-0.36020076
4606,0.76657385,-0.19835374
4607,-0.036753,-0.2207171
4608,-0.4886571,-0.3089741
4609,-0.06578434,-0.27463436
4610,-0.16768798,-0.37080002
4611,0.45818433,-0.35248953
4612,0.21996371,-0.35601056
4613,-0.11523555,-0.38988274
4614,0.75222445,-0.2273773
4615,0.35148853,0.0332613
4616,0.49468064,-0.22569248
4617,-0.38781473,-0.22576156
4618,0.12612262,-0.26527315
4619,0.37383768,-0.28721392
4620,-0.44360432,-0.20700696
4621,-0.59990233,-0.3005708
4622,0.11060616,-0.31569207
4623,0.3712769,-0.42918515
4624,-0.5515841,-0.31658697
4625,0.05976466,-0.4139921
4626,0.24537718,-0.42576063
4627,0.078594595,-0.3784811
4628,0.004881949,-0.37284184
4629,-0.37962288,-0.3340885
4630,-0.048948836,-0.40280688
4631,-0.32024598,-0.27382123
4632,0.5190533,-0.40933228
4633,-0.060291298,-0.40754408
4634,0.48790547,-0.4053011
4635,-0.17041257,-0.39402503
4636,0.091427274,-0.3501382
4637,0.8791528,-0.024208263
4638,0.71031106,-0.0504272
4639,-0.519694,-0.09059339
4640,0.56277543,-0.22586852
4641,1.08077,0.3995651
4642,0.30666095,0.4030689
4643,-0.1686233,0.15560696
4644,0.5426658,-0.08859554
4645,0.7176971,-0.061558127
4646,0.41571215,0.18644659
4647,-0.15612921,0.16327849
4648,-0.34107426,0.18587428
4649,-0.09249843,0.07981756
4650,0.50673133,-0.06688599
4651,-0.22329591,-0.2004605
4652,-0.8564617,0.09714416
4653,-0.2792246,0.24050672
4654,-1.9558318,0.3507039
4655,-1.5565109,0.94173133
4656,0.6471188,0.5836987
4657,-0.28553012,-0.0036625527
4658,-0.24756083,-0.2067886
4659,0.26915383,-0.26539457
4660,-0.11975538,-0.30489302
4661,-1.639568,0.35398048
4662,-1.2629151,0.29135758
4663,-1.2731372,1.9295869
4664,0.79923844,0.06117925
4665,1.084315,-0.08808024
4666,0.043156,-0.046274472
4667,0.8427068,-0.22097951
4668,0.49541345,-0.33077496
4669,-0.010415453,-0.18071644
4670,-0.84239787,-0.26276517
4671,-0.61659604,-0.11138755
4672,1.7997758,-0.18021598
4673,0.59463835,-0.07791972
4674,1.4859767,-0.018062472
4675,-0.64019907,-0.010199301
4676,0.8342879,-0.23830615
4677,0.22162925,-0.011178635
4678,1.655223,0.44616938
4679,-0.33343443,0.405491
4680,-1.3985702,0.5227225
4681,-1.1831849,0.34420866
4682,-0.31735417,-0.01675031
4683,-0.7096908,0.047563948
4684,-0.12424896,-0.034406126
4685,-0.32051072,-0.1856852
4686,0.10876165,-0.3222983
4687,-1.4618844,0.09673785
4688,0.96186626,-0.13925874
4689,-0.25462803,-0.19863413
4690,-0.35161418,-0.16680145
4691,-1.1135281,-0.0033432394
4692,0.22698216,-0.2246236
4693,-0.8999178,0.048919074
4694,-0.19956124,0.0063056275
4695,0.72023106,0.25077128
4696,-1.0747408,0.08783667
4697,-0.3978341,0.35667485
4698,-0.89607966,0.38872796
4699,0.10888218,0.21483876
4700,-0.35771364,-0.15934148
4701,0.7081135,0.38014144
4702,-0.1740286,-0.11822781
4703,0.6023758,-0.13012296
4704,-1.1246682,0.030041508
4705,-1.1576072,0.58320194
4706,-1.0693457,0.25630194
4707,1.611083,0.15099429
4708,0.5495958,-0.04942824
4709,0.6355986,-0.10002594
4710,-0.27248153,-0.11598799
4711,-0.25648162,-0.02785907
4712,0.026964372,-0.11865002
4713,-0.63475823,-0.25244224
4714,0.6947914,-0.27095872
4715,-0.24626946,0.36477757
4716,0.5721613,-0.26667267
4717,0.19439067,-0.23347563
4718,-0.5038934,-0.25864044
4719,-0.6336951,-0.16192846
4720,0.702443,-0.19107951
4721,0.12684764,-0.2960987
4722,-0.112945884,-0.2931365
4723,-0.16281119,-0.2621755
4724,0.3723954,-0.3387648
4725,0.41656983,-0.30752575
4726,-0.27361017,-0.34150392
4727,-0.8560199,-0.15528287
4728,0.00091989664,-0.17413804
4729,-0.6645237,-0.07326082
4730,0.0077250013,-0.058390994
4731,-0.14960343,-0.18999587
4732,0.7834316,-0.3462324
4733,1.3060554,0.27662832
4734,0.039785467,0.318416
4735,0.14076938,-0.072258644
4736,0.06417902,-0.14010605
4737,0.6748237,-0.19603638
4738,0.7589091,-0.029291406
4739,0.81466466,-0.069002084
4740,-0.719006,0.020987228
4741,0.8284727,-0.12954807
4742,-0.30138186,-0.15383098
4743,-0.7960453,-0.029243246
4744,1.3202146,-0.18224144
4745,-0.33275592,-0.14237274
4746,1.2054037,0.014095135
4747,-0.28442687,0.297621
4748,0.34643808,-0.06701659
4749,-0.20049237,-0.07741835
4750,0.07530067,-0.2979495
4751,-0.15067884,-0.20611346
4752,-0.4874227,-0.18917933
4753,0.22657064,-0.04976012
4754,-0.4841871,-0.26880944
4755,0.22598146,-0.20968422
4756,0.0748094,-0.24779682
4757,0.76936185,-0.042024337
4758,0.35361123,-0.24265724
4759,-0.48671433,-0.10913242
4760,0.8698288,-0.29757196
4761,-0.60949546,-0.2987854
4762,0.09377744,-0.34108305
4763,-0.11814228,-0.2905255
4764,-0.95088845,-0.28518456
4765,0.6556999,-0.24348287
4766,0.380905,-0.38003463
4767,-0.49573538,-0.22550626
4768,-0.34052652,-0.28498095
4769,0.49310723,-0.26986277
4770,0.0894615,-0.37590057
4771,0.32554176,-0.2783038
4772,-0.32827178,-0.40256888
4773,0.48360223,-0.38158256
4774,-0.07155365,-0.3679456
4775,1.008694,-0.21099168
4776,-0.75367725,0.36361277
4777,0.1886023,-0.14819604
4778,-0.5150528,-0.18565847
4779,0.46209437,-0.2371999
4780,0.58727103,-0.18115199
4781,0.648985,0.062405117
4782,0.1602534,-0.031432256
4783,0.89992696,-0.06542941
4784,-0.37975758,0.3412559
4785,-0.3395008,0.00852818
4786,-0.38636068,0.0066005886
4787,-0.44306603,-0.056444343
4788,0.22820708,-0.15452969
4789,-0.8778369,0.0018067583
4790,0.20287982,-0.3117745
4791,-0.47922227,-0.18103108
4792,-0.096752524,-0.2736575
4793,0.33663678,-0.36163467
4794,0.87718743,-0.22713841
4795,0.29498976,-0.28501612
4796,-0.04577316,-0.30113554
4797,-0.50058955,-0.23363358
4798,-0.14371237,-0.35554606
4799,-0.7232709,-0.21194533
4800,-0.50187767,-0.122742936
4801,0.16083528,-0.27144742
4802,0.05939883,-0.321186
4803,0.0563403,-0.10246926
4804,-0.43433043,-0.27046102
4805,-0.74758303,-0.20716438
4806,-0.18381177,-0.1492782
4807,-0.5849279,0.02921135
4808,0.0068383133,-0.2065924
4809,0.696456,-0.2551294
4810,0.15045878,-0.29287124
4811,0.0488608,-0.2319411
4812,-0.2322866,-0.220304
4813,0.2246465,-0.25420988
4814,-0.2620141,-0.39443773
4815,-0.163114,-0.16895142
4816,-0.24780214,-0.21261236
4817,-0.14980024,-0.26518422
4818,-0.16863732,-0.3021428
4819,-0.56882876,-0.27510947
4820,0.39099693,-0.23577514
4821,0.555618,-0.28901136
4822,-0.32098073,-0.3566382
4823,-0.3921835,-0.21546195
4824,-0.44163403,-0.23088218
4825,-0.24579896,-0.069683716
4826,0.3378318,-0.21117127
4827,-0.40502486,-0.15540665
4828,0.2784685,-0.29207304
4829,-0.6072369,-0.022134297
4830,0.09515679,0.0037879273
4831,-0.08312886,-0.1142601
4832,0.4665253,-0.28031832
4833,0.40510345,-0.2870716
4834,-0.53689134,-0.2299655
4835,0.6123071,-0.32537746
4836,0.6724164,-0.33921784
4837,-0.033734,-0.07308684
4838,0.31975082,-0.28345376
4839,-0.57262206,-0.2088221
4840,-0.01268187,-0.31186545
4841,0.32986522,-0.36107057
4842,-0.42359242,-0.27661207
4843,1.619965,-0.0805964
4844,0.053612627,-0.26504028
4845,0.24769776,-0.32776874
4846,0.048338953,-0.1610448
4847,0.08257995,-0.26772505
4848,-1.3822076,0.0051940307
4849,-0.056949396,-0.1672242
4850,-1.1064517,0.017389007
4851,1.1059449,-0.26645598
4852,0.8918458,-0.2643177
4853,0.33276522,-0.22359279
4854,0.9962536,0.20947792
4855,-0.44691044,0.026529722
4856,0.18164375,-0.23727305
4857,0.22391473,-0.26570928
4858,0.5398006,-0.097582534
4859,-0.5931055,0.0532742
4860,-0.17069536,-0.24185383
4861,0.5261337,-0.285478
4862,0.21780775,-0.3558833
4863,-0.52934575,-0.24224196
4864,-0.1627087,-0.1838573
4865,0.22989541,-0.3273921
4866,0.41950837,-0.3402251
4867,0.49044287,-0.11043441
4868,0.16498652,-0.16717562
4869,-0.67637,-0.2592823
4870,0.25353768,-0.3157159
4871,0.3947549,-0.15967147
4872,-0.73274684,-0.08877443
4873,-0.0018199402,-0.21861207
4874,0.08132284,-0.3136226
4875,0.5125012,-0.23515408
4876,-0.3496807,-0.2652274
4877,0.1431506,-0.2931707
4878,-0.6852843,-0.25281483
4879,-0.38726482,0.061107263
4880,0.20826264,-0.24299437
4881,0.73322153,-0.23150851
4882,0.36591712,-0.29561633
4883,0.6823297,-0.10981341
4884,0.22407623,0.0041642264
4885,0.24493077,0.18214507
4886,-0.28452587,-0.19086978
4887,0.59417814,0.097152084
4888,-0.40409613,-0.15024623
4889,1.3615699,0.30612135
4890,-0.67292005,-0.06441547
4891,0.26600796,-0.08578213
4892,0.5222653,0.17138293
4893,-0.21730748,-0.13502982
4894,0.15335162,-0.19092597
4895,-0.5261734,-0.056502607
4896,0.936622,-0.1677835
4897,0.13958618,-0.045318194
4898,-0.44132596,-0.1531132
4899,-0.9287018,-0.0032558776
4900,-1.1029444,0.35191667
4901,-0.56723654,0.30127794
4902,-0.16609368,-0.21308383
4903,0.6202633,-0.21156667
4904,-0.9050752,-0.16032857
4905,-0.106591105,-0.17197067
4906,-0.3110868,-0.20335345
4907,-0.16339843,-0.177017
4908,-0.0021682382,-0.3064953
4909,-0.41572833,-0.27026382
4910,0.2600746,-0.28947395
4911,0.46676224,-0.24185413
4912,-0.37838605,-0.2785067
4913,0.54035103,-0.32797378
4914,-0.011191171,-0.2976095
4915,0.6821691,-0.14857495
4916,0.34323055,-0.24965765
4917,-0.30080828,-0.20965107
4918,-0.14731671,-0.30910635
4919,-0.2239068,-0.2912765
4920,0.8763363,-0.23386332
4921,-0.52173984,-0.27972737
4922,-0.18862697,-0.33394843
4923,-0.66150826,-0.24503821
4924,0.1929194,-0.2750448
4925,1.3890013,-0.09873368
4926,-0.00093898166,0.05291464
4927,0.2758671,-0.0014614314
4928,-0.11156406,-0.037068784
4929,0.5447022,-0.04124695
4930,2.118484,0.78824335
4931,-0.44180724,1.2593253
4932,0.3009261,0.4406566
4933,-0.13964938,0.9561279
4934,0.41475484,0.32287967
4935,0.3690612,0.10942255
4936,0.522912,0.09611787
4937,1.721053,1.0030075
4938,-0.9697704,0.7098838
4939,-0.5910965,0.61479604
4940,-4.72176,2.3822904
4941,-0.33115047,2.3465505
4942,-0.049442187,0.8744081
4943,1.0795176,0.3733725
4944,-0.5486216,0.011671759
4945,1.6838264,-0.051885486
4946,-1.0816677,0.12733288
4947,0.17203355,-0.17175138
4948,0.13263214,-0.29220033
4949,1.6106596,0.004328504
4950,0.809721,0.0038412362
4951,-0.59193176,-0.1289615
4952,0.07463495,-0.28437918
4953,-0.45543808,-0.26187664
4954,0.39290965,-0.24811167
4955,0.27951685,-0.29111612
4956,-0.64876336,-0.32223707
4957,0.5995341,-0.3747772
4958,-0.11157534,-0.3190258
4959,0.022698997,-0.26477736
4960,0.59521836,-0.2889387
4961,0.44101965,-0.14976048
4962,0.14783669,-0.0054350607
4963,0.5653829,-0.012898203
4964,0.87758005,1.1880673
4965,-0.2967177,0.26152527
4966,-0.29624516,0.05975455
4967,0.68184495,0.22313888
4968,0.024202108,-0.02878885
4969,-0.5889126,0.12555367
4970,1.2960659,-0.09562646
4971,0.42501417,0.27742922
4972,-0.09460338,0.08511545
4973,-0.91190016,0.18871878
4974,0.19835754,-0.14155585
4975,0.42946148,0.15174598
4976,0.61411566,-0.013038158
4977,0.22082491,0.27594048
4978,0.015815465,0.11508161
4979,-0.08293515,-0.10333967
4980,0.68133897,0.028883077
4981,0.925646,0.19776101
4982,0.3093878,0.89576745
4983,-0.30931342,0.22205259
4984,0.04364689,-0.02974952
4985,0.42816642,-0.09864968
4986,-0.3045038,-0.14927474
4987,-0.46409348,0.028952748
4988,0.49875316,-0.1880766
4989,-0.30976313,-0.13050778
4990,-1.1515718,0.1792206
4991,0.21284275,-0.112400725
4992,-0.42129558,0.075461075
4993,0.16658671,-0.14387895
4994,-0.38676757,-0.114110105
4995,0.5999164,-0.23903096
4996,-0.26581737,0.03709227
4997,0.825085,0.070395514
4998,0.36568072,-0.09674887
4999,0.27092147,-0.12949914
5000,0.22237834,0.32928854
5001,-0.24671073,0.18879908
5002,0.051069017,-0.0025584623
5003,0.31529707,0.29488492
5004,0.7712274,0.04685928
5005,-0.71961224,0.13590765
5006,0.038103502,-0.020185195
5007,-0.5453754,0.009050004
5008,0.3746165,-0.19454752
5009,-0.12525746,-0.1745401
5010,-0.31887066,-0.12474228
5011,-0.27399006,0.0011707284
5012,-0.29477867,-0.13538542
5013,0.7524628,-0.26077086
5014,0.24045455,-0.053998776
5015,-0.46998733,-0.17868258
5016,0.8546111,-0.16626501
5017,0.06686582,0.05944866
5018,0.28770807,-0.19198874
5019,-0.9200652,0.01399456
5020,0.45619074,-0.24217883
5021,-0.30201954,0.24592717
5022,-0.63462096,0.04838516
5023,0.22105697,-0.10566917
5024,0.79710704,-0.070091695
5025,-0.15970264,0.17034413
5026,-0.16495983,0.006563358
5027,0.19697878,-0.12725817
5028,0.12571764,-0.08501637
5029,0.41267154,-0.09071756
5030,-0.60037917,-0.06659143
5031,0.56575125,-0.22916096
5032,-0.848273,0.11330883
5033,0.44826394,-0.09286146
5034,-0.6591313,-0.16725087
5035,0.10859771,-0.33835274
5036,0.7216047,-0.19637956
5037,0.068804465,-0.28569824
5038,-0.38026595,-0.27695364
5039,-0.12221608,-0.28311068
5040,0.5564951,-0.27519634
5041,-0.081211895,-0.22681773
5042,-0.09071923,-0.30181894
5043,-0.0312677,-0.27118927
5044,0.0017883221,-0.32645643
5045,-0.82176745,-0.20818147
5046,-0.121641815,-0.07534875
5047,0.42759928,-0.29654938
5048,-0.460409,-0.23691505
5049,0.080441914,-0.21229295
5050,-0.15148659,-0.18810478
5051,-0.1666134,-0.2408577
5052,-0.4094464,-0.28683808
5053,0.514344,-0.4101069
5054,-0.13517419,-0.4138996
5055,0.6699206,-0.19606483
5056,0.043155402,-0.30123496
5057,0.37426004,-0.32996565
5058,-0.60052633,-0.22230808
5059,0.6074749,-0.29560453
5060,0.18589546,-0.3860454
5061,0.40870854,-0.22102532
5062,0.35650378,-0.20707427
5063,0.42408392,0.19317894
5064,-0.6070066,0.19112931
5065,-0.01820936,-0.1769793
5066,0.3587446,-0.17707762
5067,-0.15877785,-0.06749727
5068,0.47215882,-0.013798833
5069,0.2250907,0.011351839
5070,0.18913838,-0.06708929
5071,0.97999895,1.2955474
5072,0.29879153,0.52159375
5073,-0.0058592656,0.5600221
5074,-0.371063,0.21304701
5075,0.1996398,-0.15677795
5076,-0.26025498,-0.10644838
5077,0.32874563,-0.16915035
5078,0.20154577,-0.050200325
5079,-0.7533826,0.1308374
5080,-0.7028114,0.37988627
5081,-0.6995505,0.13269776
5082,0.73527896,-0.1239809
5083,0.17476432,-0.13207065
5084,-0.88710266,-0.020919815
5085,0.2122201,0.114626154
5086,0.24866356,-0.14766975
5087,-0.97783005,0.103118494
5088,-0.34170654,0.23233776
5089,-0.1364831,0.022010662
5090,-0.53741324,0.36238188
5091,0.930681,-0.13828534
5092,0.16589883,-0.23854855
5093,-0.4034371,-0.090115026
5094,-0.39028168,-0.05236028
5095,0.6026899,-0.18494128
5096,0.22032544,-0.13360088
5097,0.47555846,0.08979209
5098,-0.060480826,-0.11866169
5099,0.44646934,-0.11775241
5100,0.16428669,-0.026225895
5101,0.18577679,-0.22535671
5102,0.32768774,-0.25913453
5103,-1.1871822,-0.009414043
5104,0.09294748,-0.15538967
5105,0.022673659,-0.16545336
5106,-0.019153582,-0.3272248
5107,-0.5671243,-0.20951545
5108,-0.374071,0.038117446
5109,-1.1424212,0.30737138
5110,-4.0442996,4.5439715
5111,-2.2220724,3.1000252
5112,0.3861538,2.804176
5113,0.13502844,1.3032786
5114,-0.18732165,0.5677301
5115,-0.079536095,0.7136554
5116,0.8003915,0.15537117
5117,0.9093558,0.8882871
5118,1.2392725,0.38997275
5119,0.29349613,0.34475392
5120,-0.5562625,0.04083161
5121,0.61108065,-0.021145478
5122,-0.019910045,0.27271456
5123,-0.88987005,0.24482079
5124,0.5343173,-0.1344775
5125,0.06529923,-0.11779332
5126,-1.3721695,0.09062405
5127,-0.4328561,0.18998407
5128,0.4973795,0.54482347
5129,-0.7380476,-0.0010657385
5130,0.93063885,-0.28106916
5131,0.71904266,-0.094065025
5132,0.4157036,-0.18824662
5133,-1.0722741,-0.20469731
5134,0.48469985,-0.31376177
5135,-0.3685102,-0.28784066
5136,-0.3695238,-0.16665956
5137,-0.15662913,-0.28739762
5138,-0.6210775,0.21035998
5139,0.76274085,-0.14312555
5140,-0.45595193,-0.32396954
5141,0.13237527,-0.38489395
5142,-0.6557704,-0.22904111
5143,-0.79055536,-0.0908923
5144,0.49042553,-0.3443923
5145,-0.8532861,-0.10983231
5146,-0.28169113,-0.21409075
5147,0.09996467,-0.12600952
5148,0.28116995,-0.023495913
5149,-0.18413554,-0.25171924
5150,-0.36566132,-0.22253212
5151,0.64375645,-0.29649097
5152,-0.46757165,-0.3026408
5153,-0.92765456,-0.08710662
5154,-0.4204584,-0.09093925
5155,-0.23107374,0.09823236
5156,-0.88341814,0.09065695
5157,-0.9965418,0.6143104
5158,0.40041423,0.15625414
5159,0.738393,0.10482547
5160,-0.44235954,0.04223548
5161,0.5330646,-0.18012732
5162,-0.80846876,-0.018509064
5163,0.55976146,-0.14656842
5164,0.59864944,-0.18501961
5165,-0.04037443,-0.25761393
5166,-0.5026042,-0.26585668
5167,0.5953185,-0.22055453
5168,0.2212646,-0.29847944
5169,0.34961298,-0.335804
5170,-0.056684647,-0.38565236
5171,0.5652102,-0.20843963
5172,0.4073515,-0.22322871
5173,-0.5208006,-0.18436514
5174,0.279921,-0.36421382
5175,0.0072055133,-0.30160952
5176,0.36370152,-0.29962334
5177,0.1250258,-0.32157785
5178,0.109966666,-0.31439143
5179,-0.47444096,-0.22899212
5180,-0.088898174,-0.21645436
5181,-0.22402844,-0.32938433
5182,0.17547624,-0.3161599
5183,0.048959587,-0.3020754
5184,-0.14491203,-0.33762538
5185,-0.5354476,-0.08195108
5186,0.23721565,-0.24439104
5187,0.52552,-0.22696875
5188,0.078617975,-0.33226347
5189,-0.6787991,-0.28287366
5190,-0.3536228,-0.27941513
5191,0.3767697,-0.20722805
5192,-0.16682221,-0.2460603
5193,0.3054729,-0.36997086
5194,0.44566682,-0.29622394
5195,-0.18418056,-0.23262843
5196,0.34188572,-0.3761962
5197,-0.162393,-0.31113827
5198,-0.27833208,-0.28096342
5199,0.074723355,-0.28505403
5200,0.56338876,-0.20540743
5201,0.83212316,0.1515241
5202,0.22434334,-0.04482293
5203,0.09379683,-0.0715321
5204,-0.06429287,-0.14377111
5205,-0.39344102,-0.14968719
5206,0.03542857,-0.3663625
5207,-0.42440864,-0.13913795
5208,0.070964985,-0.2526766
5209,-0.07245696,-0.35378933
5210,0.028267806,-0.3028255
5211,-0.4166396,-0.22630396
5212,0.27906594,-0.2935552
5213,-0.31824502,-0.23201172
5214,-0.43005338,-0.21927828
5215,0.40413615,-0.35493064
5216,-0.25843406,-0.3518188
5217,0.42136046,-0.3562426
5218,0.3115888,-0.3589942
5219,0.21091788,-0.2734398
5220,-0.5883591,-0.34048307
5221,-0.20457079,-0.2947771
5222,0.2448785,-0.3936997
5223,-0.61801696,-0.19751231
5224,0.16781871,-0.3384772
5225,0.3118342,-0.38952702
5226,0.3286012,-0.29171395
5227,0.33325297,-0.32264525
5228,-0.32316393,-0.3919605
5229,0.052423116,-0.39445865
5230,-0.09161145,-0.3780905
5231,0.44016734,-0.41390324
5232,-0.058561865,-0.38468838
5233,-0.28208792,-0.41007555
5234,-0.39627865,-0.314223
5235,0.052117426,-0.34510732
5236,0.054300103,-0.358572
5237,0.039330713,-0.37350947
5238,0.22720164,-0.4098299
5239,-0.061533418,-0.34187806
5240,-0.09578296,-0.4604314
5241,-0.0020918353,-0.39192748
5242,-0.18667263,-0.3728493
5243,-0.2649469,-0.29730266
5244,-0.44819555,-0.22316225
5245,0.20998369,-0.3882364
5246,0.18282005,-0.40989888
5247,-0.4057887,-0.3102744
5248,-0.37051058,-0.23085994
5249,-0.27007014,-0.34604192
5250,-0.29100484,-0.29357153
5251,-0.20637359,-0.08750234
5252,0.15722796,-0.23091602
5253,-0.5553636,-0.23298223
5254,0.29667646,-0.26508826
5255,0.054284226,-0.11552418
5256,0.17206174,-0.31131613
5257,-1.9188374,0.40721822
5258,-0.3011373,0.20583515
5259,-0.56413084,0.083284184
5260,0.96735245,0.05307962
5261,0.32212692,-0.2813844
5262,-0.61602074,-0.3215261
5263,-0.25546822,-0.26623037
5264,0.5759998,-0.28961432
5265,-0.07963995,-0.243362
5266,0.59687394,-0.3466416
5267,0.43720686,-0.312827
5268,-0.0020850392,-0.36473
5269,0.23808943,-0.29941
5270,-0.23266727,-0.35126954
5271,-0.54369617,-0.34387618
5272,0.14086428,-0.3644638
5273,0.4197721,-0.39456254
5274,0.34678748,-0.39552176
5275,-0.312879,-0.40843022
5276,-0.10668212,-0.4145578
5277,-0.205408,-0.4261024
5278,0.31778812,-0.42656624
5279,-0.35788354,-0.3765555
5280,0.01737456,-0.4090829
5281,-0.09332316,-0.3999415
5282,-0.012460058,-0.35495543
5283,-0.6987744,-0.28642905
5284,-0.39033175,0.18049255
5285,0.10187138,-0.31794655
5286,0.25025383,-0.30425882
5287,-0.75691384,-0.21876219
5288,-0.2996167,-0.098959506
5289,-0.08337003,-0.28218442
5290,-0.45722657,0.21663965
5291,0.11121833,-0.02015362
5292,0.11471447,-0.041332126
5293,-0.46503338,-0.04481525
5294,0.58032966,-0.14050879
5295,0.053079017,-0.22798824
5296,-0.33929434,-0.31903875
5297,0.27620637,-0.3519597
5298,-0.44958106,-0.111542314
5299,0.57204866,-0.29661375
5300,0.15931135,-0.26934373
5301,-0.31275493,-0.27549145
5302,0.35699478,-0.3632363
5303,0.013172689,-0.2886945
5304,0.49553782,-0.25134844
5305,0.073718876,-0.34144688
5306,0.2635146,-0.3246246
5307,-0.3080495,-0.21890453
5308,0.42669228,-0.18712586
5309,0.23319289,-0.29784462
5310,-0.2429146,-0.15540895
5311,-0.09863456,-0.29339868
5312,0.18670599,-0.35513198
5313,-1.2222898,-0.19290732
5314,0.27663347,-0.2011592
5315,-0.5789891,-0.13216361
5316,-1.156166,0.5467576
5317,1.0551019,0.14501376
5318,-0.10155319,-0.1929798
5319,-0.256419,-0.16515979
5320,-0.63274574,-0.144606
5321,1.0627848,-0.34517676
5322,0.10573227,-0.29271615
5323,0.31916258,-0.3192178
5324,0.03852167,-0.34219635
5325,-0.26960614,-0.31620592
5326,0.20784114,-0.3966592
5327,0.21384865,-0.3657289
5328,0.41208255,-0.32937348
5329,-0.37101755,-0.39259797
5330,0.03681703,-0.3995173
5331,0.07417373,-0.28069437
5332,0.25388464,-0.4211492
5333,0.17926562,-0.38277793
5334,0.124601915,-0.294738
5335,-0.4046205,-0.3112067
5336,0.104921766,-0.3460527
5337,0.22039351,-0.43766373
5338,-0.19668886,-0.3947016
5339,0.5185506,-0.41456205
5340,-0.7964561,-0.3820405
5341,-0.16419913,-0.3566528
5342,-0.024972182,-0.40639657
5343,1.6343857,-0.030501014
5344,0.3257704,-0.043243676
5345,0.7369981,-0.18237108
5346,0.6970857,-0.05334907
5347,-0.37864855,-0.17655772
5348,-0.5148082,-0.18040767
5349,0.86483425,-0.2739057
5350,0.07357762,-0.29841244
5351,-0.33144924,-0.20135902
5352,-0.10696318,-0.19944653
5353,0.9459099,-0.15730205
5354,0.70472056,-0.087322354
5355,-0.5773798,-0.13010103
5356,-0.100966714,-0.10713905
5357,0.5899571,-0.29168558
5358,-0.18232103,-0.18105267
5359,-0.2284993,-0.2619169
5360,0.02000771,-0.32839376
5361,-0.5016873,-0.27621374
5362,0.21261653,-0.28931934
5363,-0.10163636,-0.36845803
5364,0.63388515,-0.27301198
5365,0.26650897,-0.15311825
5366,0.059170086,-0.122626714
5367,-0.086391255,-0.32440853
5368,0.14475872,-0.29813486
5369,-0.10817405,-0.21856607
5370,-0.07329819,-0.3110308
5371,-0.20640807,-0.35561395
5372,0.36491567,-0.29725054
5373,-0.04802048,-0.29503563
5374,0.123800874,-0.3925864
5375,-0.08949126,-0.27898335
5376,0.27544048,-0.22736952
5377,-0.39355534,-0.2920398
5378,0.66389745,-0.18324876
5379,0.06567931,0.025529236
5380,-0.07539019,-0.18736735
5381,0.317403,-0.22677593
5382,0.2523874,-0.30578458
5383,-0.23752135,-0.18563622
5384,-0.30678624,-0.30028224
5385,-0.42246914,-0.20779765
5386,-0.144361,-0.24953449
5387,0.3528331,-0.35658073
5388,-0.04232155,-0.37402242
5389,-0.5691672,-0.20049581
5390,0.017422821,-0.2808838
5391,0.10542203,-0.28051385
5392,0.24743877,-0.35679102
5393,-0.059524436,-0.43077332
5394,-0.43758237,-0.3058083
5395,0.00933259,-0.34220302
5396,0.031452015,-0.3555928
5397,0.12581582,-0.22099812
5398,-0.08942744,-0.28218186
5399,-0.2220767,-0.33412933
5400,0.119493246,-0.3216607
5401,0.14995705,-0.3483594
5402,0.36851332,-0.23783618
5403,-0.25192142,-0.18807831
5404,-0.15165052,-0.12975462
5405,0.0034888529,-0.21294959
5406,-0.9117402,0.20297529
5407,0.4124469,-0.12729585
5408,-0.40301514,-0.14585792
5409,-0.32606456,-0.13163191
5410,0.3845799,-0.25632036
5411,-0.20772623,-0.3166803
5412,0.741131,-0.35616273
5413,0.43685073,0.04735651
5414,0.09397261,-0.16051131
5415,0.057702508,-0.14009857
5416,-1.5176253,0.22210743
5417,0.4075386,-0.21474802
5418,-0.3128473,-0.19330476
5419,-0.009899065,-0.34732002
5420,-0.42772198,-0.17840007
5421,-0.47336376,-0.19460243
5422,-0.17961057,-0.15959656
5423,0.49088335,-0.34207827
5424,0.1415188,-0.3591293
5425,-0.15249568,-0.38075268
5426,-0.4962611,-0.3802539
5427,0.086873636,-0.33050597
5428,0.14073862,-0.37618983
5429,-0.20148577,-0.3856117
5430,0.11659206,-0.40491724
5431,0.3187607,-0.40147388
5432,-0.1689316,-0.40111357
5433,0.5773835,-0.34745187
5434,0.3602848,-0.35521007
5435,-0.4896474,-0.3251539
5436,0.010349059,-0.39133173
5437,-0.18227996,-0.39561278
5438,0.27667508,-0.41934305
5439,0.69038296,-0.3469122
5440,-0.49280667,-0.3418001
5441,-0.13735126,-0.35506392
5442,-0.4674717,-0.34779912
5443,0.11895025,-0.40881532
5444,-0.17617105,-0.38858014
5445,0.35414642,-0.4117583
5446,0.26990944,-0.4021753
5447,0.28086126,-0.4034605
5448,-0.4737335,-0.3183859
5449,-0.45375884,-0.40822273
5450,-0.2054368,-0.3375268
5451,-1.2870444,0.12366103
5452,-0.4204719,0.59324557
5453,-0.12461806,-0.17831033
5454,0.323643,-0.30784202
5455,0.3028815,-0.3144943
5456,0.53260976,-0.29016644
5457,-0.054639384,-0.34871018
5458,-0.3625376,-0.2543078
5459,1.0971375,-0.18535823
5460,-0.18113992,-0.23951647
5461,0.16266057,-0.3536449
5462,-0.19009756,-0.42160767
5463,0.12529886,-0.3795812
5464,0.25349867,-0.40705806
5465,0.022168193,-0.35420722
5466,-0.3200094,-0.08731401
5467,-0.16082802,-0.2909454
5468,-0.4197833,-0.29415366
5469,0.46030274,-0.37294567
5470,0.39631027,-0.40084684
5471,1.0295489,-0.15521371
5472,-0.01947853,-0.1911646
5473,0.4739598,-0.14830016
5474,-1.2385811,-0.019930914
5475,0.675768,-0.3030916
5476,0.0982337,-0.35560924
5477,0.68016535,-0.19750707
5478,0.10893863,-0.19526136
5479,0.5809086,-0.06931693
5480,0.27297947,-0.16281757
5481,-0.3127639,-0.14981382
5482,0.15530391,-0.26866108
5483,0.10817397,-0.20903645
5484,-0.5727501,-0.14042991
5485,0.24445815,-0.28508937
5486,0.3079849,-0.22143291
5487,-0.13092121,-0.21456064
5488,0.108003095,-0.3207268
5489,-0.25515026,-0.27247038
5490,0.10240416,-0.3364281
5491,-0.17924626,-0.2571953
5492,0.14224699,-0.24617946
5493,0.08998283,-0.33165866
5494,0.074805304,-0.2885322
5495,-0.073134676,-0.25905633
5496,0.49989596,-0.3274942
5497,-0.6684427,-0.30216044
5498,0.38685024,-0.31461972
5499,1.3379682,0.37083864
5500,0.151866,0.5334383
5501,-0.5044101,0.32547194
5502,-0.5816891,0.07698691
5503,0.8543378,0.27317017
5504,-1.1022309,0.13784368
5505,-0.062346987,0.5738729
5506,-0.35031405,-0.13621831
5507,0.29352129,-0.07122637
5508,0.41279438,-0.073600926
5509,0.415124,-0.19989304
5510,0.20086604,-0.15466976
5511,0.018406022,-0.16152367
5512,-0.19700043,-0.17755505
5513,0.6901763,-0.23268366
5514,-0.35989976,-0.18948506
5515,0.15293667,-0.14289987
5516,-0.21523501,-0.2752598
5517,0.43041018,-0.25658172
5518,-0.32210305,-0.096637174
5519,-0.1035086,-0.27485883
5520,-0.44270638,-0.26233226
5521,-0.1784521,-0.27711397
5522,-0.10483578,-0.30632097
5523,0.032843646,-0.25756308
5524,-0.16273469,-0.3514588
5525,0.17181742,-0.2743901
5526,-0.25431675,-0.3590371
5527,0.009224451,-0.34894162
5528,0.20652986,-0.42977196
5529,-0.3509092,-0.36969143
5530,-0.06466311,-0.32897127
5531,0.3984492,-0.36134207
5532,-1.1375153,-0.24256092
5533,-0.3415924,-0.19335909
5534,0.12701789,-0.3643037
5535,-0.35974076,-0.2247243
5536,0.019667821,-0.27278444
5537,0.1715091,-0.34723717
5538,0.080783494,-0.38163173
5539,0.020922504,-0.36010903
5540,-0.39628133,-0.38711637
5541,0.21290955,-0.30300623
5542,-0.005547333,-0.3677972
5543,-0.69725776,-0.21254498
5544,0.68153715,-0.3086363
5545,0.0013096894,-0.36056674
5546,0.42900902,-0.33249396
5547,-0.43065923,-0.31718755
5548,-0.40590042,-0.30074477
5549,0.11083082,-0.3090434
5550,-0.60697705,-0.24107505
5551,-0.19964151,-0.1478005
5552,-0.45248696,-0.108543426
5553,0.6374408,-0.28089684
5554,-0.25888187,-0.25488323
5555,0.31040588,-0.32960796
5556,-0.3348757,-0.27895206
5557,0.43676156,-0.35636646
5558,0.10190794,-0.35940814
5559,-0.3657199,-0.38781393
5560,-0.303936,-0.32078153
5561,0.90610665,-0.4033755
5562,-0.08492592,-0.33820498
5563,-0.53085744,-0.27038804
5564,0.119225554,-0.3976264
5565,0.030381702,-0.3264432
5566,-0.07302548,-0.35660875
5567,-0.8839259,-0.07730495
5568,0.3029663,-0.3032483
5569,-0.16276501,-0.31390774
5570,-0.18449745,-0.35038662
5571,0.40867767,-0.3063786
5572,-0.027587492,-0.35654163
5573,0.45482555,-0.34149408
5574,-0.3431936,-0.2672099
5575,-0.2603647,-0.1941074
5576,0.41339156,-0.35363072
5577,0.42789486,-0.2622475
5578,-0.08708198,-0.27368006
5579,-0.5187248,-0.220165
5580,-0.38727993,-0.31566852
5581,0.34338093,-0.23028035
5582,-0.033556245,-0.3292504
5583,-0.10524612,-0.20413235
5584,0.15083218,-0.31474328
5585,0.3184834,-0.2886833
5586,0.31409705,-0.22001249
5587,0.07591271,-0.33418822
5588,-0.30267227,-0.29929867
5589,0.41341335,-0.3208869
5590,0.27425182,-0.25733334
5591,-0.08945245,-0.18670431
5592,0.44529843,-0.1951383
5593,0.18630774,-0.16926602
5594,-0.45547575,-0.16278425
5595,-0.13458773,-0.1994108
5596,-0.26842836,-0.17021969
5597,-0.5646987,-0.019059218
5598,-0.9721402,0.061673082
5599,-0.3536753,0.2866028
5600,0.24215397,0.25434524
5601,-0.6793095,0.11249317
5602,-0.48631945,0.04195997
5603,-0.98727643,0.6571749
5604,0.67474556,-0.052030448
5605,0.21987219,-0.15802811
5606,-0.7046726,-0.17569119
5607,0.3687,-0.13445747
5608,0.61463976,-0.20881864
5609,-0.2425564,-0.3053375
5610,0.2701579,-0.3634717
5611,0.55110455,-0.046361998
5612,-0.25759384,-0.279815
5613,-0.6148011,-0.27161223
5614,0.48582727,-0.38223654
5615,0.45615605,-0.28613603
5616,-0.70239776,-0.2747315
5617,0.2992713,-0.38621873
5618,-0.85069656,-0.2051005
5619,0.5684145,-0.35802716
5620,-0.48757595,-0.31381625
5621,-1.133963,-0.07048716
5622,-0.14742242,-0.019917633
5623,0.39063948,-0.34556818
5624,0.4870954,-0.1996692
5625,0.34804395,-0.35902536
5626,0.2540044,-0.41499764
5627,-0.13977763,-0.36965632
5628,0.08823537,-0.36520064
5629,0.400877,-0.4224751
5630,0.18522097,-0.423783
5631,-0.57378185,-0.3421526
5632,-0.17699899,-0.40624648
5633,0.12891734,-0.38549024
5634,0.299239,-0.4115451
5635,0.8665877,-0.2623163
5636,0.40022755,-0.17574292
5637,-0.033965494,-0.30835682
5638,-0.10801311,-0.3256231
5639,-0.45395768,-0.14484808
5640,1.156709,-0.13892564
5641,-0.22042222,-0.1793975
5642,1.2440202,-0.030763442
5643,-0.6574548,0.04860112
5644,-0.3047466,-0.31698716
5645,0.20453823,-0.2794137
5646,0.17740805,-0.22357592
5647,-0.51901525,-0.32906592
5648,0.68626875,-0.0711593
5649,0.4605416,0.16360173
5650,0.68066216,0.11645293
5651,-0.663028,0.0073944405
5652,0.081782304,-0.18097883
5653,-0.6203697,-0.104031295
5654,-0.0041409554,-0.1957849
5655,-0.46854916,-0.22005375
5656,-0.13138507,-0.21145813
5657,-1.2088135,0.14195102
5658,0.26790375,0.21195854
5659,-0.22668667,-0.20319028
5660,0.2736073,-0.34877783
5661,0.3615075,-0.3866415
5662,-0.33034375,-0.20764095
5663,0.14640844,-0.34494364
5664,0.37729406,-0.35992587
5665,-0.07281616,-0.32227236
5666,0.04604553,-0.4021517
5667,0.025139857,-0.24547385
5668,0.20571558,-0.36041117
5669,-0.27266288,-0.35119367
5670,-0.112682834,-0.34209865
5671,0.21976829,-0.21133995
5672,0.21946874,-0.24062426
5673,0.038522653,-0.23211809
5674,0.43415564,-0.31426042
5675,-0.00847816,-0.2746605
5676,-0.034214623,-0.30756393
5677,-0.111381024,-0.29097018
5678,0.13961864,-0.32434106
5679,-0.29732344,-0.1679183
5680,-0.10612935,-0.36499614
5681,0.20231453,-0.39911395
5682,0.33722273,-0.28756166
5683,0.028443838,-0.29071578
5684,0.10881535,-0.3574018
5685,-0.111762434,-0.32312745
5686,0.103670664,-0.34342688
5687,-0.5078146,-0.18988532
5688,0.022151114,-0.31317055
5689,-0.8199356,-0.13610755
5690,0.21027182,-0.2989589
5691,0.482551,-0.30178815
5692,-0.42963594,-0.21069871
5693,-1.2722849,0.1319538
5694,0.10162534,-0.06827733
5695,-0.55726796,0.07927969
5696,-0.8480285,0.36049742
5697,0.6420487,0.12347914
5698,0.8541617,-0.04085777
5699,-0.36250705,-0.22118562
5700,0.15955429,-0.3643952
5701,-0.6593257,-0.21024248
5702,-0.27483752,-0.25541255
5703,-0.009371622,-0.20481576
5704,-0.1751507,-0.2911587
5705,-0.100402236,-0.2355377
5706,-0.5005094,0.13487393
5707,0.1128782,-0.25723708
5708,-0.14505501,-0.24532305
5709,-0.44231194,-0.2724796
5710,0.58320445,-0.036890887
5711,0.47796398,-0.3018319
5712,-0.54254055,-0.24266045
5713,-0.7379648,-0.12026714
5714,-0.41363084,-0.24416405
5715,-1.10937,0.6092125
5716,0.34560227,-0.00020324811
5717,-0.28987867,-0.19372034
5718,0.32415128,-0.19427246
5719,0.32117602,0.03692343
5720,0.30189186,-0.3422373
5721,-0.43355998,-0.28419185
5722,0.48740712,-0.2414013
5723,0.2405773,-0.16058704
5724,-0.1954799,-0.2935195
5725,0.51727694,-0.37934858
5726,0.38408658,-0.41369426
5727,-0.32962415,-0.3055103
5728,-0.26076245,-0.2528152
5729,-0.30224463,-0.37651944
5730,-0.6218985,-0.24220559
5731,0.10487094,-0.35088456
5732,-0.62190545,-0.14712663
5733,-0.096416615,-0.33273548
5734,-0.6479127,0.28150278
5735,0.7551935,-0.091722175
5736,-0.14276044,-0.25629488
5737,-0.73429215,0.10254796
5738,-4.7987366,5.4081545
5739,1.8686492,1.1605668
5740,0.6455197,0.29836184
5741,-0.0023153112,0.08328526
5742,-0.52390164,-0.058385063
5743,0.75584835,-0.0556289
5744,0.30338186,-0.01719061
5745,0.3161472,-0.14408347
5746,-0.48984376,-0.18442298
5747,0.21275024,-0.20235407
5748,0.2982376,-0.2976728
5749,-0.25431168,-0.21601902
5750,-0.171878,-0.33792788
5751,-0.42755127,-0.058823004
5752,-0.031131305,-0.28106254
5753,0.28508654,-0.28863078
5754,0.25195268,-0.30149174
5755,-0.10038323,-0.18375851
5756,0.1894408,-0.14575484
5757,0.11891934,0.07170044
5758,-0.19898367,-0.23031114
5759,-0.69230074,-0.14277118
5760,-0.54883236,-0.004950203
5761,-0.36866605,-0.06921598
5762,-0.15448307,0.03157135
5763,-0.30915642,0.09376423
5764,0.69588995,-0.19973889
5765,-0.5858081,-0.04467632
5766,-0.43775848,0.079067886
5767,-0.04676054,-0.033639103
5768,0.52094066,-0.20809495
5769,-0.101238705,-0.06859435
5770,-0.058992952,-0.29793066
5771,-0.11377329,-0.22702195
5772,0.22495845,-0.22106953
5773,-0.8638827,0.28756583
5774,1.2771637,-0.06298025
5775,-0.708716,-0.11595751
5776,0.8304013,-0.26597464
5777,-0.050357714,-0.28349394
5778,0.5545144,-0.27122402
5779,-0.15236554,-0.13909873
5780,-0.22820505,-0.26463193
5781,0.040769804,-0.30267125
5782,0.38536137,-0.2839989
5783,-1.4031777,0.07141863
5784,0.358596,-0.11522223
5785,1.010186,-0.23545691
5786,-0.42091277,-0.18354756
5787,-0.348888,-0.16987877
5788,-0.19901852,-0.03731815
5789,0.26743263,-0.08118123
5790,-1.1574948,-0.022944592
5791,0.37577188,0.047602944
5792,-0.6986981,-0.04722098
5793,0.8975507,-0.1794
5794,-0.3238031,-0.14352137
5795,0.68737876,-0.2241971
5796,0.4070833,-0.33349705
5797,-0.5100172,-0.18665268
5798,-0.5245089,-0.18423897
5799,-0.14648366,-0.2768281
5800,-1.698841,0.37438917
5801,-1.102915,2.6369221
5802,-0.5575723,0.3400526
5803,0.6395135,0.13290846
5804,-0.22754999,-0.09928915
5805,0.21963052,-0.027375504
5806,0.2683953,-0.23575012
5807,0.56258935,-0.12924638
5808,1.1269807,0.08889252
5809,-0.05800531,-0.16148607
5810,0.36796823,-0.32706088
5811,-0.07744649,-0.2781322
5812,0.25708756,-0.25922352
5813,-0.20289423,-0.33743745
5814,-0.07539172,-0.2987932
5815,-0.543836,-0.26057258
5816,-0.0846925,-0.32484955
5817,0.60958475,-0.398301
5818,-0.61350065,-0.3046347
5819,0.26889548,-0.38103592
5820,0.025215544,-0.353469
5821,-0.57094014,-0.30563968
5822,-0.070448756,-0.32215637
5823,-0.104213685,-0.11800818
5824,-0.96348625,-0.07075854
5825,-1.4708089,0.06821932
5826,-0.67746466,0.06169045
5827,0.15317197,0.19093393
5828,-0.53114814,0.38841265
5829,0.1919616,-0.11758387
5830,0.19563696,-0.20132074
5831,-0.90510815,0.20364754
5832,-0.7207821,1.0896374
5833,1.5073904,-0.11096473
5834,-1.4210577,-0.12887084
5835,0.3591804,0.19552381
5836,-1.0453234,0.00836996
5837,-0.06630495,1.1494801
5838,-0.5114458,0.17569378
5839,0.8985329,0.02629488
5840,-0.36534068,-0.09910657
5841,-0.5888602,-0.10125345
5842,-0.9627641,-0.03197795
5843,-0.29733205,0.08834036
5844,0.55807173,0.0631891
5845,0.23168401,-0.14417589
5846,0.3753184,-0.2121083
5847,-0.36078218,-0.12532863
5848,0.8890844,-0.11334786
5849,0.037661407,-0.16303432
5850,0.50464404,-0.3217337
5851,-0.3171759,-0.26362902
5852,-0.09513626,-0.22986226
5853,0.37208307,-0.35458672
5854,-0.80727744,-0.2768914
5855,0.44155344,-0.37502068
5856,0.3603675,-0.36257666
5857,0.43385923,-0.33065373
5858,-0.38152432,-0.33544302
5859,-0.49729073,-0.32882464
5860,0.2827867,-0.3696977
5861,-0.024064656,-0.25906694
5862,-0.14207266,-0.19861633
5863,-0.14600492,-0.2735501
5864,0.25561613,-0.23880936
5865,-0.43487012,-0.1657413
5866,0.452373,-0.25073513
5867,0.0035567132,-0.34113342
5868,-0.75083905,-0.29067564
5869,0.19153927,-0.27186176
5870,0.062904015,-0.26964712
5871,0.46907574,-0.15159783
5872,-0.47564602,-0.1968352
5873,-0.61984,-0.22430176
5874,0.40649775,-0.28821668
5875,-0.43811944,-0.3182786
5876,0.090940446,-0.37107867
5877,0.13520232,-0.33960766
5878,0.014194275,-0.33219236
5879,1.1333873,-0.23382314
5880,-0.20461914,-0.19808415
5881,0.3318844,-0.30337918
5882,0.89314806,-0.21269535
5883,0.48745826,0.18226637
5884,-0.27532092,-0.10019665
5885,-0.112099014,-0.24363166
5886,-0.1019251,-0.2817726
5887,0.8166849,-0.031965867
5888,-0.10646291,-0.26341492
5889,0.20405772,-0.3117664
5890,0.19085312,-0.28647086
5891,-0.058437683,-0.26415575
5892,0.7210288,-0.14937949
5893,-0.89872646,-0.060251392
5894,-0.10323959,-0.3123092
5895,0.45252386,-0.23823573
5896,0.39054662,-0.3197859
5897,-0.494798,-0.25485015
5898,0.35156617,-0.34824836
5899,0.04853057,-0.35110712
5900,-0.23486176,-0.22506034
5901,-0.055349365,-0.3826484
5902,-0.6287346,-0.15080383
5903,0.6134259,-0.4435584
5904,0.10908821,-0.40627939
5905,-0.2724124,-0.38625014
5906,0.21072386,-0.46933293
5907,0.6631248,-0.26237786
5908,0.13967404,-0.36313224
5909,-0.0054806042,-0.36894006
5910,-0.099003896,-0.36141652
5911,-0.2719447,-0.3413834
5912,0.26650882,-0.4238075
5913,-0.020086722,-0.39375526
5914,0.26855376,-0.4306081
5915,-0.06565738,-0.15405393
5916,0.23275724,-0.42592502
5917,0.03760989,-0.34731114
5918,-0.060692675,-0.38731867
5919,-0.19274844,-0.33620977
5920,-0.3143897,-0.4033388
5921,-0.06403107,-0.41862702
5922,-0.42706978,-0.36588812
5923,0.4434192,-0.26172864
5924,-0.419494,-0.228474
5925,-0.19713818,-0.38400638
5926,-0.06659648,-0.38173997
5927,-0.45180243,-0.272595
5928,-0.33838633,-0.2830277
5929,0.3293306,-0.43771797
5930,-0.011817454,-0.3789575
5931,0.23173991,-0.39232802
5932,-0.32717755,-0.31395918
5933,-0.58617085,-0.22742364
5934,-0.31366003,-0.22663745
5935,-0.75216806,-0.17965072
5936,0.73228973,-0.38632238
5937,0.26848376,-0.41056818
5938,-0.107290804,-0.3570329
5939,-0.5030636,-0.27604428
5940,0.04099677,-0.29313946
5941,0.48800123,-0.40645552
5942,0.18591695,-0.2942798
5943,-0.003504579,-0.3719449
5944,0.33407626,-0.44170016
5945,0.52474636,-0.37759155
5946,-0.110833384,-0.34858304
5947,-0.006109337,-0.28193575
5948,-0.21434079,-0.38389373
5949,-0.095021844,-0.38775933
5950,-0.07605708,-0.39446902
5951,-0.60667807,-0.30124485
5952,-0.018034942,-0.3442064
5953,0.03725417,-0.4664111
5954,-0.2284356,-0.4033777
5955,-0.07681381,-0.31945223
5956,0.07188255,-0.434977
5957,-0.19781533,-0.3948111
5958,0.061118953,-0.4023071
5959,-0.44672483,-0.31698292
5960,-0.19864877,-0.2875448
5961,0.17525023,-0.3561508
5962,-0.1402349,-0.24541827
5963,-0.42706355,-0.27069694
5964,-0.7111794,0.09726176
5965,-0.49955177,-0.16645965
5966,0.15098687,0.008691698
5967,0.275518,-0.22002369
5968,-0.06344313,-0.2675638
5969,-0.37369734,-0.24304424
5970,0.46300024,-0.36235613
5971,-0.16707054,-0.3179623
5972,0.4868269,-0.33814347
5973,0.34061313,-0.2985301
5974,-0.20332454,-0.37146133
5975,0.10685236,-0.3481176
5976,-0.44179836,-0.2688778
5977,-0.577271,-0.16364828
5978,0.12515154,-0.3447457
5979,0.608865,-0.36316794
5980,-0.07519136,-0.33824962
5981,0.4991863,-0.37047035
5982,-0.2662104,-0.3579108
5983,0.6728236,-0.26565874
5984,0.94740355,-0.14607796
5985,-0.15951213,-0.22889219
5986,-0.35200536,-0.23275486
5987,-0.24433798,-0.31882334
5988,0.79112405,-0.3148623
5989,-0.08827275,-0.32058465
5990,0.054648224,-0.32416165
5991,1.2035807,0.08065525
5992,-0.027403865,-0.09260583
5993,0.46486983,-0.19776072
5994,-0.5846446,-0.15546915
5995,-0.15100025,-0.20188546
5996,0.09911224,-0.41233724
5997,-0.10758623,-0.35434943
5998,-0.000996175,-0.2924502
5999,-0.3652108,-0.21663006
6000,-0.88133836,-0.15750854
6001,-1.0038477,-0.08793378
6002,1.1309192,-0.1583674
6003,0.026149325,-0.22005734
6004,0.30005255,-0.43087387
6005,0.06266697,-0.35238957
6006,0.31952342,-0.40624148
6007,-0.3879164,-0.28770265
6008,0.4628878,-0.41715163
6009,0.3459816,-0.38255352
6010,-0.690819,-0.30730233
6011,0.50225914,-0.34642696
6012,0.2127724,-0.41862023
6013,0.20889561,-0.31737334
6014,0.29446372,-0.43174666
6015,0.6664559,-0.29213452
6016,-0.6688406,-0.25005397
6017,-0.08711986,-0.3540514
6018,0.17469816,-0.44086957
6019,0.87794274,-0.27481312
6020,-0.37825578,-0.3026062
6021,-0.08352392,-0.3937211
6022,0.01847329,-0.35575688
6023,0.076825544,-0.2916916
6024,-0.49917987,-0.2291975
6025,0.4322662,-0.32800066
6026,-0.31937498,-0.253599
6027,0.8433508,-0.297223
6028,-0.50509244,-0.3154031
6029,-0.4317187,-0.31828582
6030,-0.14228827,-0.35440397
6031,-0.33085674,-0.22584288
6032,0.060719214,-0.29146466
6033,0.0031700067,-0.34306425
6034,-0.7250882,-0.26880306
6035,-0.7400026,-0.05253448
6036,0.11367662,-0.21406746
6037,0.35983098,-0.35905248
6038,-0.36721036,-0.3655371
6039,0.3892237,-0.34000975
6040,0.0054370016,-0.39824975
6041,0.09827903,-0.3960626
6042,-0.40357193,-0.33020663
6043,0.53560746,-0.39604104
6044,-0.2092165,-0.39304674
6045,-0.6581021,-0.32638162
6046,0.49454844,-0.3823951
6047,-0.27201065,-0.27316597
6048,0.49260697,-0.3405674
6049,0.4985383,-0.019548919
6050,-0.26086724,-0.34008837
6051,0.502736,-0.2983777
6052,-0.2766708,-0.19609474
6053,0.17110913,-0.29508376
6054,-0.35537297,-0.3239265
6055,0.09599575,-0.29519922
6056,0.54353136,-0.2703336
6057,-1.0611694,-0.18856205
6058,-0.31785548,-0.1901538
6059,-1.0413315,0.046842285
6060,0.08171763,-0.20369782
6061,-0.17826676,-0.29206055
6062,-0.16056985,-0.2990328
6063,0.40240195,-0.13544166
6064,-0.62056726,-0.09887134
6065,-0.1232213,-0.28329098
6066,0.20736414,-0.3598581
6067,0.0048271427,-0.26211488
6068,-0.26536134,-0.24061322
6069,-0.4484778,-0.3162378
6070,0.17114276,-0.30612183
6071,0.0749513,-0.19894928
6072,0.15960154,-0.32005972
6073,0.62269217,-0.23473498
6074,0.031643737,-0.33426452
6075,-0.18749413,-0.2468009
6076,-0.054851733,-0.29714078
6077,0.48673525,-0.07536265
6078,-1.0133598,0.0008446276
6079,0.5152191,-0.043983005
6080,0.8837305,-0.09398618
6081,-0.34051922,-0.24737586
6082,-0.12656099,-0.21053943
6083,-0.06195694,-0.20311886
6084,0.35771173,-0.21031757
6085,0.1522073,-0.32597202
6086,0.031648263,-0.34929246
6087,-0.44904953,-0.2571391
6088,-0.3167046,-0.31233263
6089,0.10545892,-0.35679978
6090,0.6434842,-0.3524158
6091,-0.3588095,-0.24484214
6092,0.6837526,-0.31320173
6093,-0.4423142,-0.25409198
6094,0.47097546,-0.37380672
6095,0.029142391,-0.35672635
6096,0.54075015,-0.28980535
6097,-0.5580556,-0.29216367
6098,-0.27806357,-0.26992047
6099,-0.46345192,-0.26934624
6100,0.31446674,-0.39758915
6101,-0.72676945,-0.26432997
6102,0.7716122,-0.38088095
6103,1.3152511,-0.3199783
6104,-0.010151678,-0.3211102
6105,-0.099956736,-0.35823154
6106,-0.01436616,-0.38897347
6107,0.7243988,-0.22551079
6108,-0.42735234,-0.33998734
6109,-0.04878041,-0.38075995
6110,0.62562376,-0.38748085
6111,0.7272894,-0.10161489
6112,0.8130715,-0.14771333
6113,-0.7071532,-0.21894419
6114,0.24431525,-0.3590365
6115,0.06096074,-0.21977857
6116,0.37326783,-0.26110488
6117,0.17778672,-0.2630374
6118,-0.28632537,-0.17309275
6119,0.83529514,-0.06961246
6120,0.035257004,0.09003322
6121,0.36373594,-0.2169089
6122,0.047625646,-0.29932538
6123,0.08907948,-0.10266806
6124,0.7638626,-0.104265526
6125,0.0768495,-0.14858326
6126,0.48284364,-0.025616858
6127,-0.32130155,-0.0060487054
6128,-0.55315953,0.021171726
6129,-0.02107248,-0.21537207
6130,-0.82883984,-0.014945414
6131,-0.73685944,-0.03913809
6132,-0.056706898,-0.31685877
6133,0.1672335,-0.27978802
6134,-0.02997254,-0.3465919
6135,-0.36757702,-0.34080815
6136,-0.056026183,-0.33282602
6137,-0.15631913,-0.33143556
6138,-0.16169316,-0.36935216
6139,0.5917168,-0.3826484
6140,-0.13892911,-0.4068542
6141,0.24394551,-0.39519936
6142,0.27663174,-0.32535547
6143,-0.22056411,-0.31186748
6144,-0.34770787,-0.36611384
6145,0.24900658,-0.3666013
6146,0.4438265,-0.3191412
6147,-0.22217101,-0.30577725
6148,-0.3639625,-0.24563982
6149,0.13807642,-0.36046064
6150,-0.29876548,-0.26042384
6151,-0.49940482,-0.25194275
6152,-0.14889483,-0.2625772
6153,-0.0829291,-0.25944066
6154,0.38274047,-0.40172076
6155,0.0064329216,-0.43350643
6156,-0.18701008,-0.37905788
6157,0.6760621,-0.32943088
6158,-0.024580406,-0.34338897
6159,0.29092258,-0.25422072
6160,-0.013691097,-0.35973775
6161,-0.069789685,-0.32141453
6162,0.0720122,-0.4060604
6163,0.10989265,-0.28508884
6164,-0.289779,-0.36469585
6165,-0.15585779,-0.3737057
6166,0.058114044,-0.36378586
6167,0.14650437,-0.3005652
6168,-0.08541219,-0.27580488
6169,-0.14835282,-0.30811572
6170,0.08471048,-0.3570333
6171,0.26406407,-0.25886214
6172,0.18919797,-0.2399091
6173,-0.06946325,-0.006385833
6174,-0.3949959,-0.201896
6175,-0.78050584,-0.0140259415
6176,1.3059406,-0.16855566
6177,0.97480977,-0.06149179
6178,0.56594855,0.31309646
6179,-0.5715159,0.10250865
6180,0.6098511,-0.11012073
6181,0.0016759711,-0.2127713
6182,-0.32238063,-0.15062985
6183,-0.28411803,-0.15925723
6184,-0.5093884,-0.14315501
6185,0.3031923,-0.32768047
6186,-0.8703364,-0.14762299
6187,0.27954522,-0.25823188
6188,0.56349725,-0.29586703
6189,-0.5226284,-0.31110007
6190,0.08533165,-0.40091366
6191,-0.5855964,-0.32075334
6192,0.107546724,-0.35313815
6193,0.34251595,-0.34821045
6194,-0.05869123,-0.38140064
6195,0.30900308,-0.36658406
6196,0.52680814,-0.313236
6197,-0.21041068,-0.36780274
6198,-0.022386694,-0.35469264
6199,-0.7328883,-0.30907235
6200,-1.4842837,0.02978947
6201,0.6148329,-0.063169636
6202,-0.295451,-0.2623245
6203,-0.29567614,-0.28642088
6204,-0.0024499055,-0.17400205
6205,-0.60754406,-0.3008799
6206,-0.563041,-0.09969203
6207,0.7305965,-0.18389879
6208,0.40116653,-0.37606442
6209,0.311349,-0.35925347
6210,-0.14500882,-0.33010423
6211,0.06788394,-0.3005553
6212,-0.4741173,-0.371683
6213,-0.24421345,-0.3440479
6214,0.022946384,-0.40195042
6215,-0.016708978,-0.31066215
6216,-0.04294616,-0.27861226
6217,-0.14905374,-0.25834137
6218,0.8477709,-0.3701576
6219,0.70996577,-0.13185659
6220,0.124443695,-0.27214968
6221,-0.0728579,-0.27699494
6222,-0.029134471,-0.2790857
6223,0.43899387,-0.23029819
6224,-0.26622802,-0.3131845
6225,-0.3379581,-0.33082032
6226,-0.20712689,-0.3734265
6227,0.77633166,-0.3170727
6228,0.021377118,-0.28385094
6229,-0.026899412,-0.3454271
6230,-0.26428968,-0.29049966
6231,0.24189442,-0.3535307
6232,0.049141288,-0.32714093
6233,-0.309261,-0.36734313
6234,-0.07590096,-0.37180793
6235,0.051693946,-0.26476932
6236,-0.32463184,-0.31291407
6237,0.14494707,-0.3648587
6238,-0.14973038,-0.35833693
6239,-0.03291592,-0.371113
6240,0.006002859,-0.37293124
6241,0.29738215,-0.38252103
6242,-0.22266622,-0.34944052
6243,-0.028778423,-0.3444106
6244,-0.086752966,-0.3664723
6245,-0.06810095,-0.35447347
6246,0.22694133,-0.3920884
6247,0.22873947,-0.32148558
6248,0.21850407,-0.29206312
6249,-0.08511612,-0.39375484
6250,-0.232047,-0.341524
6251,0.0031754652,-0.3934692
6252,0.004427856,-0.37164885
6253,0.3602347,-0.37729
6254,0.18194239,-0.30689108
6255,0.26300988,-0.2691025
6256,-0.6785818,-0.2856658
6257,0.04820301,-0.34735572
6258,-0.28272906,-0.32246315
6259,0.13130198,-0.34928846
6260,-0.61209625,-0.18041213
6261,-0.32895455,-0.22783898
6262,-0.1914163,-0.21819477
6263,0.17986895,-0.28250384
6264,-0.78776926,0.08945806
6265,-0.18199106,0.90952796
6266,-0.11605564,-0.14193805
6267,-0.27127126,-0.29257435
6268,0.056616735,-0.2900978
6269,0.38703015,-0.23113514
6270,-0.50711256,-0.29604188
6271,-0.6064248,0.2057241
6272,0.17865326,-0.2058491
6273,0.28114352,-0.32814014
6274,0.84531105,-0.22202368
6275,0.087669626,-0.27056712
6276,0.48777,-0.16460872
6277,0.13804539,-0.16346456
6278,-0.2521987,-0.24856621
6279,-0.28067964,-0.25903785
6280,-0.28857368,-0.26209348
6281,0.3647612,-0.41712415
6282,0.16394022,-0.36316353
6283,-0.5328375,-0.2616027
6284,-0.6481573,-0.3142774
6285,-0.20126966,-0.15979302
6286,0.20975967,-0.39566612
6287,-0.025315825,-0.39859223
6288,0.32664776,-0.42482007
6289,-0.1859736,-0.3947882
6290,-0.48714685,-0.34755552
6291,-0.22847517,-0.3544609
6292,-0.044115707,-0.3692639
6293,0.32769746,-0.37680757
6294,-0.54419297,-0.33139694
6295,-0.712166,-0.16457227
6296,0.01633736,-0.057570253
6297,-0.04074714,-0.30831158
6298,-0.33569184,-0.14111036
6299,0.08793355,-0.039824687
6300,0.040284816,-0.27880132
6301,0.6037826,-0.10975513
6302,0.1282113,-0.34259504
6303,-0.3035954,-0.26271737
6304,-0.4819411,-0.33287704
6305,0.32421947,-0.36126173
6306,-0.38662887,-0.3487847
6307,-0.303914,-0.30312207
6308,-0.04712288,-0.2781132
6309,0.36697346,-0.43593007
6310,-0.33485243,-0.28980994
6311,0.0804009,-0.3428203
6312,0.32708058,-0.33456725
6313,0.20795906,-0.32878268
6314,0.14053933,-0.38508832
6315,0.3201612,-0.348867
6316,-0.2635124,-0.31164944
6317,-0.21223027,-0.4149863
6318,-0.15158805,-0.3585437
6319,0.6698298,-0.42443657
6320,-0.42164856,-0.29065433
6321,0.6238061,-0.25153208
6322,-0.51272863,-0.17621246
6323,0.019746432,-0.36436504
6324,-0.10715691,-0.43971097
6325,0.20057184,-0.37387574
6326,0.14256826,-0.3974145
6327,0.26039982,-0.25998336
6328,-0.026965167,-0.43164074
6329,0.2040185,-0.38436168
6330,0.0437638,-0.41413307
6331,-0.3769266,-0.03918362
6332,-0.44954696,0.19973697
6333,-0.39606792,-0.2110926
6334,0.040813368,0.114810646
6335,0.09935008,-0.31350976
6336,0.37300715,-0.28878516
6337,-0.933514,-0.21661137
6338,0.10252425,-0.3387763
6339,0.3765148,-0.3465914
6340,0.48252356,-0.30492875
6341,-0.5811825,-0.21687526
6342,0.023669763,-0.33307207
6343,0.22259383,-0.2744426
6344,0.01919103,-0.31034794
6345,-0.22224563,-0.24165891
6346,0.16019765,-0.28768152
6347,0.40139502,-0.3152926
6348,-0.115654394,-0.30902386
6349,0.25885537,-0.34442478
6350,0.025009226,-0.32131875
6351,-0.18109421,-0.24919944
6352,-0.6351996,-0.24817668
6353,-0.20737714,-0.11915949
6354,0.024889898,-0.2627327
6355,-0.13599059,-0.23814256
6356,0.28288558,-0.35605007
6357,-0.12608415,-0.3896873
6358,0.20942062,-0.37665123
6359,0.71382743,-0.26352948
6360,0.6811091,-0.15127784
6361,0.064100645,-0.18968548
6362,0.13614714,-0.08249215
6363,0.22157012,-0.25335652
6364,-0.073979504,-0.2750703
6365,-0.84115714,-0.06340872
6366,-1.6925176,0.5298215
6367,-0.27392733,0.04042545
6368,-0.39087084,0.45867628
6369,0.7377455,0.0035862252
6370,0.21623103,-0.0625222
6371,-0.5444733,-0.29390305
6372,0.9514661,-0.26626062
6373,-0.21864708,-0.37991995
6374,-0.465057,-0.32790762
6375,-0.7066127,-0.24704812
6376,-1.4223534,0.654092
6377,-0.5208208,0.04528615
6378,-0.4975431,0.31544805
6379,0.39392984,-0.054421447
6380,0.10053386,-0.24047391
6381,-0.27031344,-0.2446122
6382,-0.11428941,-0.24320541
6383,-1.2268767,0.09110172
6384,1.1031395,-0.13371907
6385,-0.40434143,-0.1922696
6386,-0.2058163,-0.26782548
6387,-1.2580642,-0.017513808
6388,-1.4687506,3.7291758
6389,0.005433187,0.14628315
6390,-0.60791546,0.07463895
6391,-1.0551394,0.45019096
6392,-1.0354528,1.6422397
6393,-2.6569605,1.6030606
6394,-0.79050004,1.1330007
6395,0.45018446,0.6993523
6396,1.064447,0.14484864
6397,1.5380807,0.23570575
6398,-0.122449614,0.24572568
6399,-1.4733704,0.13566755
6400,0.5352778,-0.056436863
6401,0.68002653,-0.17100501
6402,0.18763325,-0.13338803
6403,0.18947122,-0.15829006
6404,0.29313463,-0.057706296
6405,-0.58096504,-0.16067891
6406,-0.2684655,-0.14139347
6407,-0.31986982,-0.094867915
6408,0.37742525,-0.07645369
6409,0.54287106,-0.18705472
6410,0.3021016,-0.19341317
6411,-0.18384671,-0.25390905
6412,-0.0559347,-0.29209226
6413,0.22509336,-0.29069656
6414,0.0557262,-0.3330549
6415,-0.066706784,-0.25963834
6416,-0.44777623,-0.24879347
6417,0.6670961,-0.2941513
6418,0.71839213,-0.22850443
6419,-0.18573807,-0.23036394
6420,0.685689,-0.2070681
6421,0.5371935,-0.20843202
6422,0.2994431,-0.20361091
6423,-0.14507332,-0.21626452
6424,-0.030477004,-0.20664565
6425,0.49503288,-0.25677764
6426,-0.08136455,-0.25580853
6427,0.046540964,-0.2142201
6428,-0.5873637,-0.15167709
6429,0.6271561,-0.23360448
6430,-0.07217875,-0.24030562
6431,0.52819115,-0.081390776
6432,-0.45891562,-0.17320561
6433,-0.106653966,-0.3116551
6434,0.12367807,-0.29016012
6435,0.28422698,-0.36640394
6436,0.25258753,-0.22435465
6437,-0.53019494,-0.19942522
6438,-0.05723442,-0.29174262
6439,0.35619828,-0.28785223
6440,0.004569798,-0.36788195
6441,0.056617923,-0.28108013
6442,-0.022874905,-0.35519546
6443,0.4527382,-0.20980158
6444,-0.028202033,-0.13328397
6445,0.09499793,-0.3269475
6446,-0.3096709,-0.28086016
6447,0.711279,-0.24347073
6448,0.03618624,-0.24169703
6449,-0.25397012,-0.28967848
6450,0.2033046,-0.385324
6451,0.3151578,-0.28871685
6452,0.28735337,-0.2100068
6453,0.16676518,-0.22317971
6454,-0.03953302,-0.25426364
6455,0.3859882,-0.15184666
6456,0.032543268,-0.21973401
6457,-0.077659264,0.92099154
6458,0.038575616,-0.2329086
6459,0.89912,-0.076926164
6460,-0.1430616,-0.24924533
6461,0.70481545,-0.005348731
6462,-0.5041766,-0.10960874
6463,0.49856946,-0.19387029
6464,0.28048816,-0.19259873
6465,0.35080573,-0.15244487
6466,0.1210256,-0.043477498
6467,0.55385035,-0.0596003
6468,-0.99409795,-0.024825312
6469,-0.48047337,-0.04396508
6470,0.6660989,-0.21226951
6471,-0.10676608,-0.28257823
6472,0.029482208,-0.22754383
6473,-0.44420543,-0.17965595
6474,-0.37189808,-0.22222821
6475,-0.40347722,-0.10320231
6476,-0.21195604,-0.19645059
6477,-0.07031211,-0.26296973
6478,0.7333561,-0.29080546
6479,-0.5259914,-0.26458186
6480,-0.5479564,-0.23779187
6481,0.16565846,-0.29917067
6482,-0.21705854,-0.35996133
6483,0.3220782,-0.34155148
6484,-0.5602677,-0.3554994
6485,0.26145,-0.36549717
6486,-0.17989543,-0.28381416
6487,0.36091185,-0.3670196
6488,0.03217915,-0.39046758
6489,0.35788694,-0.33510804
6490,-0.3818357,-0.33228797
6491,-0.29581195,-0.38401926
6492,-0.07781369,-0.3776697
6493,0.5102813,-0.38434136
6494,-0.20456696,-0.384327
6495,-0.59804034,-0.25979018
6496,0.17761457,-0.40645707
6497,-0.23076458,-0.38731796
6498,0.30567008,-0.35695451
6499,-0.7689546,-0.3028771
6500,0.4196891,-0.35125262
6501,-0.018654184,-0.38142067
6502,-0.2328827,-0.3800578
6503,-0.56783396,-0.31141114
6504,0.28244263,-0.20923746
6505,0.5945536,-0.30870107
6506,0.7088462,-0.3475775
6507,-0.10750958,-0.34936255
6508,-0.55231005,-0.3274935
6509,0.029471152,-0.39468956
6510,0.12572753,-0.3903578
6511,-0.026478024,-0.38988805
6512,0.37002546,-0.37852812
6513,-0.009105478,-0.34570432
6514,0.38375947,-0.38530368
6515,0.48349184,-0.37329644
6516,0.010911215,-0.3268035
6517,0.24273115,-0.34034306
6518,0.15392967,-0.3199616
6519,-0.5064871,-0.3356563
6520,0.010497071,-0.3883462
6521,0.17957096,-0.39836276
6522,0.036584716,-0.36917025
6523,0.23612863,-0.31046453
6524,0.14936669,-0.39871746
6525,0.40393943,-0.31178552
6526,0.026668645,-0.35447
6527,-0.26549897,-0.32209003
6528,-0.18929063,-0.34287906
6529,0.43703222,-0.36857462
6530,1.0120372,-0.11275768
6531,-0.52804416,-0.27652377
6532,0.29271013,-0.2497141
6533,0.061385185,-0.29889336
6534,-0.15455247,-0.3551256
6535,-0.18628734,-0.3234105
6536,0.11859448,-0.38650388
6537,-0.25749603,-0.36831987
6538,-0.18567574,-0.21701266
6539,0.17722777,-0.38088888
6540,0.054305132,-0.35878992
6541,-0.43917298,-0.37723815
6542,0.08577548,-0.3882259
6543,0.39808562,-0.39365923
6544,0.36919364,-0.34974384
6545,-0.2458378,-0.38864338
6546,0.252196,-0.3849882
6547,-0.016620118,-0.38446373
6548,0.21829323,-0.37629378
6549,-0.21600407,-0.31226438
6550,-0.10267283,-0.36153924
6551,0.2271071,-0.3970889
6552,0.12360743,-0.34128517
6553,0.43080103,-0.15111029
6554,-0.32781985,-0.34361148
6555,0.14959851,-0.30798548
6556,0.02905776,-0.2632634
6557,0.2953244,-0.33989906
6558,-0.23061381,-0.28010696
6559,-0.053748135,-0.36553383
6560,-0.20452634,-0.30367792
6561,0.22380435,-0.37812805
6562,-0.21671648,-0.39945984
6563,-0.17780812,-0.3359096
6564,0.11506416,-0.28428775
6565,-0.33522904,-0.32067573
6566,0.30217233,-0.43115872
6567,0.11065871,-0.28449613
6568,-0.38199463,-0.31493902
6569,-0.20043921,-0.19546682
6570,-0.3722091,-0.33835208
6571,0.3511228,-0.34543657
6572,0.009760619,-0.39909852
6573,-0.36130637,-0.3070839
6574,-0.3144401,-0.359914
6575,0.46625647,-0.3102638
6576,0.31503344,-0.36060798
6577,-0.48225808,-0.36915922
6578,0.08882004,-0.36031246
6579,0.2630093,-0.37721336
6580,0.32602903,-0.40393448
6581,-0.2979978,-0.34301603
6582,-0.027703408,-0.4020524
6583,0.29569945,-0.42768532
6584,0.0921397,-0.39994502
6585,-0.27282795,-0.44594586
6586,0.23268162,-0.41373587
6587,0.12248415,-0.3461594
6588,0.1437148,-0.4176876
6589,0.14839053,-0.44663924
6590,-0.12027775,-0.4265678
6591,-0.15736629,-0.41723293
6592,0.10059499,-0.47512466
6593,0.2261386,-0.36195278
6594,-0.17295285,-0.43860483
6595,-0.5491319,-0.35278505
6596,-0.025152804,-0.44260877
6597,-0.17275925,-0.3604203
6598,0.05347122,-0.41479808
6599,-0.59711105,-0.30432862
6600,0.0285432,-0.35266465
6601,-0.08730887,-0.37603736
6602,-0.03551871,-0.37896764
6603,0.001644802,-0.33718264
6604,-0.106619,-0.40702975
6605,0.4773924,-0.32586926
6606,0.22879873,-0.42871463
6607,-0.4875666,-0.40953207
6608,-0.011315606,-0.40736806
6609,0.28232145,-0.39812952
6610,-0.3066917,-0.3980509
6611,-0.114221156,-0.37013113
6612,-0.03283251,-0.4209966
6613,0.23765934,-0.4111657
6614,-0.10557685,-0.39474285
6615,-0.08149282,-0.39290404
6616,0.15548457,-0.44934577
6617,0.36169907,-0.3809076
6618,0.0940206,-0.46236372
6619,-0.35263965,-0.4098491
6620,0.4055789,-0.43980682
6621,-0.18574649,-0.39917302
6622,-0.19933794,-0.43169683
6623,0.5468847,-0.35760033
6624,0.11839143,-0.34159458
6625,-0.14261276,-0.37467438
6626,-0.278734,-0.38215053
6627,0.25422975,-0.38577223
6628,-0.1979512,-0.38744515
6629,-0.25357023,-0.36527997
6630,-0.09468826,-0.31023276
6631,0.16386157,-0.41407156
6632,-0.11232581,-0.3585075
6633,-0.035946116,-0.3462307
6634,-0.071802914,-0.41456938
6635,-0.44887483,-0.22537594
6636,-0.6152367,0.0043226406
6637,0.12702774,-0.28929293
6638,0.049176533,-0.35424387
6639,-0.2762625,-0.35908026
6640,0.08134968,-0.38684064
6641,0.68381643,-0.3031252
6642,0.041383695,-0.4139083
6643,0.23584436,-0.34410864
6644,0.40170467,-0.25735682
6645,0.22455126,-0.32739246
6646,0.26732984,-0.3176074
6647,0.39645737,-0.21693835
6648,-0.40531316,-0.26307243
6649,-0.19336706,-0.30433866
6650,0.4080742,-0.38026077
6651,-0.08082559,-0.3642016
6652,0.18603922,-0.3594957
6653,0.85470706,-0.028842945
6654,-0.97562486,0.08909133
6655,0.175386,-0.2920165
6656,-0.0021980805,-0.25962412
6657,0.13002631,-0.3520038
6658,0.23296912,-0.30674616
6659,0.495468,-0.27305174
6660,-0.13089207,-0.2908613
6661,0.018037079,-0.41297323
6662,-0.17085095,-0.2995391
6663,0.54252046,-0.26596612
6664,-0.007931908,-0.1788544
6665,0.10912707,-0.31371123
6666,0.11218511,-0.33311725
6667,-0.015284633,-0.24566965
6668,0.07383699,-0.31546873
6669,-0.09795615,-0.21824507
6670,-0.37997743,-0.28044397
6671,0.48013264,-0.2699675
6672,-0.058735397,-0.35541087
6673,0.071670085,-0.30559003
6674,0.056572977,-0.37813258
6675,0.14038892,-0.27886364
6676,0.008315381,-0.30553743
6677,-0.3263594,-0.33659297
6678,0.33589545,-0.4599812
6679,0.046450473,-0.2441233
6680,-0.066389576,-0.3058414
6681,-0.06388441,-0.3999505
6682,-0.30355078,-0.37729132
6683,0.23777461,-0.33466715
6684,0.09974976,-0.40165246
6685,-0.02961364,-0.45263642
6686,-0.021512743,-0.3381396
6687,-0.90064394,-0.18728916
6688,-0.05098137,-0.27496764
6689,-0.19421619,-0.21075301
6690,-0.32864186,-0.2780313
6691,-0.1391968,-0.30334342
6692,-0.010032439,-0.38365263
6693,0.032454904,-0.369605
6694,0.07297632,-0.40471542
6695,-0.14753485,-0.22843187
6696,0.0065611554,-0.2706842
6697,0.020370478,-0.29345232
6698,-0.07191593,-0.29137817
6699,-0.4304719,-0.27344012
6700,0.21195059,-0.34612375
6701,-0.3224764,-0.41215354
6702,-0.24500088,-0.29215944
6703,0.3946976,-0.36426055
6704,-0.06808902,-0.39029074
6705,-0.41999775,-0.29613072
6706,0.0391799,-0.43360806
6707,-0.4036753,-0.24121885
6708,0.03962069,-0.26474974
6709,0.21434222,-0.3549267
6710,0.34325373,-0.40237463
6711,-0.104433976,-0.35958946
6712,-0.24102893,-0.3143124
6713,-0.20678791,-0.35729063
6714,-0.24357936,-0.32555538
6715,-0.09766501,-0.28321102
6716,-0.046306986,-0.38040906
6717,-0.21509638,-0.3815425
6718,-0.10811371,-0.3576787
6719,-0.014430845,-0.27632773
6720,0.34494063,-0.35888088
6721,0.2596058,-0.32389355
6722,0.38026014,-0.34494352
6723,-0.31976044,-0.24895857
6724,-0.2262488,-0.35385847
6725,0.27249965,-0.4231789
6726,-0.03781585,-0.2700052
6727,0.016019523,-0.33203882
6728,-0.22347303,-0.36461467
6729,0.49377176,-0.26997218
6730,0.45219874,-0.28934562
6731,0.024551822,-0.37435472
6732,0.4074017,-0.27652436
6733,1.0581247,-0.02587707
6734,-0.06911797,0.104738414
6735,1.0482689,0.037915915
6736,0.063964605,0.3140133
6737,0.18122956,-0.10221056
6738,-0.10253666,-0.118651524
6739,0.30240875,-0.19821654
6740,0.15485273,-0.1535907
6741,0.43846244,-0.020245865
6742,-0.24106489,-0.13175131
6743,-0.59118736,-0.1956044
6744,-0.09105269,-0.13403375
6745,0.6502117,-0.21513662
6746,-0.11550354,-0.2354837
6747,-0.48498482,0.05074256
6748,-0.29632106,-0.23945513
6749,-0.41883597,0.17151314
6750,-0.70012605,0.0005764626
6751,0.7667401,-0.17889664
6752,0.17585275,-0.28112555
6753,0.420281,-0.11656294
6754,-0.35806894,-0.19728886
6755,0.78222674,-0.15276933
6756,0.105314314,-0.2928838
6757,-0.40125608,-0.23429297
6758,-0.064316645,-0.21681371
6759,0.5211654,-0.3488608
6760,0.6248806,0.014963098
6761,0.19066006,-0.12572223
6762,-0.6483364,-0.14875281
6763,1.1995263,-0.108174086
6764,0.021718461,-0.077597074
6765,-0.22841585,-0.22582845
6766,-0.0018705687,-0.25816214
6767,0.22150894,-0.21216285
6768,0.1415867,-0.35958004
6769,-0.34459212,-0.20833622
6770,0.2854852,-0.27999067
6771,0.015016316,-0.27277738
6772,0.16018374,-0.24421257
6773,-0.64637506,-0.2129337
6774,0.19076118,-0.27127105
6775,0.0625471,-0.24329296
6776,0.5683644,-0.36739594
6777,-0.052135795,-0.39891386
6778,0.098388046,-0.36718196
6779,1.3407812,0.26161724
6780,2.16309,0.4729489
6781,-1.0331999,0.44931954
6782,0.3212282,-0.11157649
6783,0.13571087,0.09717703
6784,0.5990188,-0.070919916
6785,-0.1251952,0.19048281
6786,0.16747954,-0.1583673
6787,-0.6301046,-0.12692538
6788,-0.009571117,-0.12958571
6789,0.8362497,-0.13482298
6790,-0.17720652,-0.17568085
6791,-0.10895172,-0.0708635
6792,0.860764,0.05103925
6793,-0.5155077,-0.0826592
6794,-0.052728772,-0.16514601
6795,-0.3613296,-0.20665063
6796,0.29980722,-0.23159356
6797,0.13613047,-0.22213162
6798,-0.18843535,-0.25618768
6799,-0.5461526,-0.11262496
6800,0.008508289,-0.27048784
6801,0.006364627,-0.31092143
6802,0.0055640023,-0.36080188
6803,-0.6606183,-0.129679
6804,0.011219995,-0.32437623
6805,-0.16061428,-0.28179586
6806,0.084324785,-0.32780528
6807,-0.3046139,-0.28195447
6808,-0.13839129,-0.3199908
6809,0.20298369,-0.32046694
6810,0.06609445,-0.3050916
6811,-0.05255779,-0.3190391
6812,-0.62909824,-0.09779778
6813,-0.1567171,-0.12355496
6814,-0.17907077,-0.2620542
6815,-0.6452582,-0.15502098
6816,0.6679578,-0.323552
6817,0.38429224,-0.2579915
6818,-0.11029895,-0.3096255
6819,-0.34110346,-0.32665038
6820,0.42893988,-0.23780788
6821,-0.6866322,-0.18825042
6822,0.15843537,-0.3106838
6823,-0.10477194,-0.2938586
6824,-0.43365815,-0.30018818
6825,0.15844177,-0.3320375
6826,-0.4659884,-0.12236057
6827,0.27749005,-0.21282285
6828,0.2939639,-0.24850412
6829,0.17304936,-0.24874188
6830,0.51514596,-0.17164773
6831,-0.09420271,-0.1585629
6832,-0.2577464,-0.33692682
6833,-0.7261623,-0.19121647
6834,0.3766758,-0.31236953
6835,0.11079792,-0.18505332
6836,1.308556,0.1994061
6837,0.9910298,0.4953277
6838,-0.27598554,0.3171909
6839,-0.34204242,0.09007165
6840,0.35869837,0.11276223
6841,0.6640788,0.022535749
6842,0.3032365,0.18961655
6843,0.08152327,-0.034379974
6844,-0.7402984,0.022166446
6845,-1.8968269,0.69056034
6846,0.7148695,0.015916966
6847,-0.38652718,-0.09889281
6848,-0.6482703,-0.048249684
6849,-0.8415978,0.046550922
6850,0.11931597,-0.088018395
6851,1.033303,-0.073629536
6852,-0.16325772,-0.1489657
6853,-0.76541877,0.18403487
6854,0.58656424,-0.24139819
6855,0.5336515,-0.23424043
6856,-0.20776205,-0.21082453
6857,-0.2675393,-0.19275938
6858,-0.28800368,-0.21182491
6859,0.7081932,-0.27301067
6860,-0.26514906,-0.3350969
6861,0.050307605,-0.38092285
6862,-0.10174096,-0.36373228
6863,-0.17564504,-0.3688264
6864,0.3734816,-0.4179545
6865,0.4425312,-0.39580727
6866,1.1811144,1.0648748
6867,0.32257757,0.114425436
6868,0.6169924,0.0054452717
6869,-0.093079545,0.44875848
6870,-0.6096213,0.08393495
6871,-0.52641207,-0.07230162
6872,0.3592326,-0.2035766
6873,0.2405894,-0.28137797
6874,0.63136274,-0.19792348
6875,-0.2976019,-0.07873144
6876,0.14108355,0.022630118
6877,-0.1477054,-0.16175911
6878,-0.15669581,-0.3762232
6879,0.8942602,0.0024992898
6880,0.265596,-0.1669204
6881,-0.6818628,-0.13849574
6882,0.15512125,-0.23840845
6883,-0.039952155,-0.042912304
6884,0.36427468,-0.08361855
6885,0.4222146,-0.21365118
6886,0.15606126,-0.21316686
6887,-0.2682907,-0.11838429
6888,-0.4550571,-0.040339604
6889,-0.21770358,-0.17678574
6890,-0.21030244,-0.2210556
6891,-0.14711757,-0.14155744
6892,-0.3103143,-0.26527172
6893,-0.08977634,-0.20174845
6894,-0.14053872,-0.20056933
6895,0.52560115,-0.14984259
6896,-0.2704398,-0.32248813
6897,-0.10023347,-0.27397546
6898,0.06966472,-0.3736936
6899,0.7073761,-0.26241222
6900,0.21544346,-0.09037873
6901,-0.18308139,-0.13291252
6902,0.18663512,-0.147392
6903,-0.4884046,-0.21398225
6904,0.08010047,-0.30032253
6905,-0.024271365,-0.30160564
6906,0.06554312,-0.33646607
6907,-0.23490718,-0.31106246
6908,0.38736582,-0.39358062
6909,-0.36500615,-0.37540233
6910,0.10106516,-0.413521
6911,0.39043105,-0.2869209
6912,0.022223243,-0.2041735
6913,-0.010943414,-0.2604527
6914,0.35784018,-0.22317006
6915,0.35398185,0.020578519
6916,-0.09081654,0.19137563
6917,0.041071475,-0.19494985
6918,-1.6709324e-05,-0.20803618
6919,0.42405078,-0.04326798
6920,-0.32382837,-0.124009795
6921,0.10178215,-0.15192887
6922,-0.244957,-0.21722597
6923,-0.1296219,-0.23689958
6924,-0.06767972,0.06851296
6925,-0.47249693,-0.15356305
6926,-0.44095635,-0.031934164
6927,0.123751596,-0.045358468
6928,-0.09479179,-0.26455247
6929,-0.045548625,-0.2620383
6930,0.27057812,-0.26978362
6931,-0.33643764,-0.2821815
6932,-0.31611028,-0.16768774
6933,-0.25622502,-0.23527268
6934,0.24638368,-0.30943364
6935,0.18539567,-0.072691165
6936,-0.37623364,-0.1744995
6937,2.031666,0.9144454
6938,-0.4179798,-0.017912347
6939,-0.18867765,-0.1432966
6940,0.4464071,-0.111019626
6941,-0.5842443,0.2631796
6942,-0.25014874,-0.24667066
6943,0.71608275,-0.2317041
6944,0.8838714,0.10599662
6945,-0.26257005,0.37887126
6946,-0.36356938,-0.093988284
6947,-0.54041463,-0.061346103
6948,0.19218706,-0.15594682
6949,0.15977219,-0.038537644
6950,0.22005606,-0.13686746
6951,-0.6383379,-0.07699531
6952,0.46286622,-0.21851796
6953,-0.34689552,-0.27996242
6954,-0.15213358,-0.17547102
6955,-0.20738551,-0.18665105
6956,0.33075607,-0.35503244
6957,-1.0617889,-0.04169774
6958,-0.87678117,0.11293544
6959,-0.63367534,0.1641229
6960,0.07744391,0.0311274
6961,0.4431983,-0.24317479
6962,-0.4524768,-0.27907926
6963,-0.09254006,-0.1548556
6964,0.10887199,-0.31893516
6965,-0.2005527,-0.27217072
6966,-0.16527998,-0.3221023
6967,0.0840346,0.14694355
6968,0.30516142,-0.30316728
6969,0.09353279,-0.35246837
6970,-0.27299663,-0.30787152
6971,0.8076287,-0.3567813
6972,-0.91381174,-0.2527461
6973,-0.8945269,0.074370265
6974,-0.8416381,-0.07146969
6975,0.401433,0.2253669
6976,-0.9724662,0.004900731
6977,0.047514677,-0.17728494
6978,0.22979116,-0.30152047
6979,0.26329526,-0.25894782
6980,0.3194233,-0.31998026
6981,0.1959617,-0.30203122
6982,-0.05388784,-0.36262745
6983,-0.14918672,-0.1126414
6984,-0.29609284,-0.26981974
6985,0.38734388,-0.23308262
6986,0.033756923,-0.31944978
6987,-0.34735578,-0.34118545
6988,-0.23344235,-0.320776
6989,0.14220339,0.19440816
6990,0.22676942,-0.22425562
6991,0.08751647,-0.34577656
6992,-0.2870603,-0.24132554
6993,-0.33288535,-0.2950797
6994,0.007808162,-0.20183499
6995,-0.11419161,-0.32113588
6996,-0.86955684,0.060781002
6997,0.6675574,-0.24564572
6998,-0.5179105,-0.22765721
6999,-0.2555866,-0.2884637
7000,0.033823133,-0.18587846
7001,-0.4558613,-0.17678133
7002,0.51641184,-0.30050078
7003,-0.27285394,-0.2218161
7004,0.5834743,-0.33723098
7005,-0.4219213,-0.31644088
7006,0.31691357,-0.39708245
7007,-0.18779899,-0.33884978
7008,0.0054750703,-0.24174395
7009,0.45094937,-0.3018862
7010,-0.28066808,-0.33866924
7011,-0.074718565,-0.37013662
7012,-0.4595853,-0.25150865
7013,-0.28823334,0.015641041
7014,-0.16284649,-0.22167246
7015,0.18999852,0.05117561
7016,-0.23650585,0.21573283
7017,0.20403412,-0.08452082
7018,0.085744224,-0.33328372
7019,-0.17170222,-0.33121383
7020,0.037284147,-0.34601903
7021,0.21070589,-0.3267873
7022,-0.13355435,-0.35958725
7023,-0.5183348,-0.27765632
7024,-0.23762347,-0.1487219
7025,-0.057221916,-0.31730008
7026,0.10572127,-0.24690934
7027,-0.2640438,-0.3112942
7028,-0.89791435,0.029146262
7029,0.31801835,-0.19779436
7030,-0.38252664,-0.2648393
7031,-0.16253485,-0.21693893
7032,0.45376632,-0.24801137
7033,0.9565082,-0.01813402
7034,-0.5876256,-0.2171392
7035,0.23041385,-0.2066384
7036,-0.38434514,-0.2026853
7037,0.6793028,-0.13484815
7038,-0.1264735,-0.29616642
7039,0.82356656,-0.1407987
7040,-0.09343146,-0.22064127
7041,0.20307916,-0.2287087
7042,-0.019580983,-0.25929785
7043,-0.19482629,-0.26929146
7044,-1.1070442,-0.03639543
7045,0.27139908,-0.31580162
7046,-1.227631,0.2857558
7047,0.71520436,-0.14373633
7048,0.9428316,-0.17800955
7049,-0.14684509,-0.3008663
7050,0.11807264,-0.32479465
7051,0.30878714,-0.31091413
7052,0.51726943,-0.2400472
7053,0.39018935,-0.21819966
7054,-0.15737353,-0.26659283
7055,-0.7584009,-0.23220748
7056,-0.7738042,-0.14477013
7057,-0.49203894,-0.2987103
7058,0.20287801,-0.25990754
7059,0.2092255,-0.22720794
7060,-0.04324255,-0.3749041
7061,-0.76087683,-0.30941695
7062,-1.6664306,0.6327796
7063,-0.370483,-0.06355412
7064,0.6525325,-0.19380191
7065,-1.9312258,0.5081931
7066,-0.4099688,0.8344288
7067,0.14284952,0.07767853
7068,0.86029196,-0.06320696
7069,-0.60439426,-0.21348165
7070,-0.744917,-0.30921137
7071,0.5949906,-0.30568022
7072,-0.626026,-0.2684755
7073,-0.18256117,-0.24002196
7074,0.242612,-0.2665949
7075,-0.14557381,-0.18998554
7076,0.8197072,-0.35483587
7077,0.024383107,-0.3283875
7078,-0.7497977,-0.2529899
7079,-3.8562944,3.3289435
7080,-1.5467924,1.3803144
7081,-0.24345726,2.7469618
7082,-0.0906522,0.6814213
7083,-2.7106192,1.9302453
7084,0.83893085,0.7696221
7085,0.504344,1.2994208
7086,0.16114005,0.23970477
7087,-0.73321056,0.22585426
7088,0.2832649,0.26059043
7089,-1.4346266,0.54759586
7090,1.2277621,-0.006628357
7091,0.8742401,0.32102662
7092,0.4985238,0.10110198
7093,0.27281022,-0.047065347
7094,0.60565376,0.30803853
7095,-1.0538361,-0.0038686432
7096,0.32753524,-0.15914054
7097,0.77883774,-0.1979754
7098,-0.28563368,-0.2672974
7099,-0.22713265,-0.1612333
7100,0.012248948,-0.19389518
7101,-0.100241385,-0.23698708
7102,-0.19758508,-0.15992084
7103,-0.096541844,-0.22985293
7104,-0.82225484,-0.09747842
7105,0.65729797,-0.24154145
7106,1.6937611,0.0027207807
7107,-0.5509087,-0.006171841
7108,0.69619304,-0.05988206
7109,0.032359857,0.037406527
7110,0.18254754,-0.05374509
7111,1.5034341,0.265922
7112,-0.56942904,0.040509082
7113,-0.73550874,-0.01391229
7114,-0.1995965,-0.12411984
7115,-0.13996775,0.0342352
7116,-0.18143117,-0.0028458424
7117,-0.25043207,-0.18593869
7118,0.3116565,-0.15552555
7119,-0.2399447,0.25836647
7120,-0.18133807,-0.21134101
7121,0.4539879,-0.16742161
7122,0.5225934,-0.24234967
7123,-0.16890912,-0.10123101
7124,-0.4670513,-0.24032122
7125,0.5467311,-0.2697612
7126,0.4344853,-0.23327962
7127,0.1892695,-0.044188105
7128,-0.24707122,-0.17139348
7129,-0.65251416,-0.18410644
7130,-0.1565758,-0.27832907
7131,-0.11251647,-0.23624189
7132,0.044703297,-0.23259252
7133,0.99474037,-0.0838196
7134,-1.031514,-0.07258722
7135,-0.6214628,0.34502733
7136,-0.7264621,0.08651936
7137,1.064623,-0.17367458
7138,0.48554182,-0.24356417
7139,0.9097167,-0.04368549
7140,0.36442858,0.026466943
7141,0.13031547,-0.104823224
7142,-0.47791365,-0.12018424
7143,1.1358318,-0.040842406
7144,-0.50845844,-0.008597042
7145,-0.5269056,-0.16365519
7146,0.5417574,-0.18178107
7147,-0.8283953,-0.18062285
7148,-0.5930309,-0.11718275
7149,0.0630394,-0.27920544
7150,0.60476005,-0.3097319
7151,-0.9924093,-0.15632077
7152,-0.33764598,-0.15895933
7153,-0.6197502,-0.018949423
7154,0.70427734,-0.19246037
7155,0.19879758,-0.23479733
7156,-0.5181092,-0.22825924
7157,-0.050437134,-0.29411066
7158,0.15523887,-0.21385403
7159,0.6097083,-0.34048784
7160,0.074930035,-0.3303405
7161,0.8965395,-0.30192292
7162,-0.23794362,-0.24144633
7163,-0.24627618,-0.3054356
7164,0.41411918,-0.35558367
7165,0.09040707,-0.37391692
7166,-0.033862334,-0.30782616
7167,0.16507775,-0.31471646
7168,-0.19361147,-0.4104693
7169,-0.02070089,-0.40691113
7170,0.402804,-0.37583143
7171,-0.0068497974,-0.30115497
7172,0.34682292,-0.39012158
7173,0.26850358,-0.27035365
7174,0.11931617,-0.2933849
7175,-0.46134496,-0.26966524
7176,-0.26940972,-0.027992882
7177,0.24842365,-0.18614171
7178,-0.3283061,-0.20309517
7179,-0.6911501,-0.20422521
7180,0.11865238,-0.29910913
7181,0.07461382,-0.25436997
7182,-0.3944822,-0.37058705
7183,0.12663685,-0.3856789
7184,-0.15482572,-0.3720979
7185,-0.27420437,-0.27986902
7186,0.21624802,-0.4120522
7187,0.033030137,-0.29544348
7188,0.31924775,-0.36057663
7189,-0.033131663,-0.38043457
7190,-0.18776496,-0.3716722
7191,0.15060218,-0.24008341
7192,0.20746511,-0.16410133
7193,0.070971556,-0.2466925
7194,-0.101871654,-0.4075039
7195,-0.29317883,-0.37160498
7196,0.027640479,-0.40406758
7197,0.22182843,-0.4386118
7198,-0.041634448,-0.4056347
7199,-0.25265864,-0.2938707
7200,-0.29713368,-0.1961951
7201,0.15450153,-0.30403295
7202,-0.18258661,-0.35653502
7203,-0.44022295,-0.20770064
7204,0.16806573,-0.19811252
7205,0.5079395,-0.4526202
7206,-0.18083945,-0.3864143
7207,-0.5424687,-0.32147235
7208,0.29929596,-0.34299797
7209,0.16444321,-0.3593889
7210,-0.012686635,-0.42163825
7211,-0.29649583,-0.26537228
7212,-0.12458733,-0.35394937
7213,-0.038518276,-0.44789886
7214,-0.30830216,-0.32425988
7215,0.30367494,-0.35957295
7216,0.087053545,-0.37112212
7217,0.12962054,-0.38047707
7218,-0.030804137,-0.44054848
7219,0.028018976,-0.42481184
7220,0.109760955,-0.39882004
7221,-0.19414918,-0.42359263
7222,0.32123652,-0.4459502
7223,-0.4010319,-0.3708039
7224,-0.20832416,-0.41236264
7225,-0.11577675,-0.318927
7226,0.5725959,-0.40745294
7227,0.07497783,-0.37231797
7228,-0.21483824,-0.337739
7229,-0.2710587,-0.3458947
7230,0.18344979,-0.37647104
7231,-0.01358217,-0.33039862
7232,-0.05995878,-0.30784833
7233,-0.36054963,-0.2274101
7234,-0.047970038,-0.3427177
7235,-0.10718422,-0.41558325
7236,-0.18344052,-0.27748874
7237,-0.6106587,0.05375403
7238,0.31628153,-0.11932327
7239,-0.21253957,-0.19350094
7240,-0.47445345,-0.2300869
7241,-0.37219268,-0.22863628
7242,-0.5304404,0.17601347
7243,0.6359559,-0.3055489
7244,0.46124965,-0.32709008
7245,-0.5463621,-0.32880318
7246,0.33383298,-0.3990907
7247,0.49707285,-0.36467862
7248,-1.131569,-0.31068343
7249,-0.44148356,-0.21933798
7250,0.92474484,-0.29105884
7251,0.190681,-0.34031028
7252,-0.031528395,-0.38997024
7253,0.13907297,-0.40630865
7254,-0.797865,-0.3466133
7255,-0.9055084,-0.21387154
7256,0.67743295,-0.36936182
7257,0.4219143,-0.36321223
7258,0.01475756,-0.3952865
7259,0.24942116,-0.36722362
7260,0.59980315,-0.35062492
7261,0.110896915,-0.33642077
7262,0.30962396,-0.31656736
7263,0.15337569,-0.3882683
7264,-0.038901225,-0.36257082
7265,-0.49833855,-0.34409982
7266,0.3309791,-0.4103095
7267,0.16891092,-0.39840102
7268,-0.0093691675,-0.40517366
7269,0.31914797,-0.39297563
7270,-0.26263815,-0.3812148
7271,0.047155667,-0.36768872
7272,0.024830695,-0.31887126
7273,0.11048496,-0.4229256
7274,0.29200652,-0.3729208
7275,-0.10630243,-0.3554784
7276,-0.39127102,-0.3027844
7277,0.048330054,-0.38982272
7278,-0.095697075,-0.44179678
7279,0.5573625,-0.41078186
7280,0.08255453,-0.4373998
7281,-0.18338405,-0.39838386
7282,-0.15248929,-0.4234026
7283,0.17228815,-0.4235353
7284,0.13857962,-0.3808828
7285,0.026293427,-0.46877837
7286,-0.167485,-0.4547873
7287,0.23564146,-0.46071136
7288,0.040518608,-0.3994941
7289,0.1464347,-0.35587233
7290,0.11812634,-0.3589626
7291,-0.2808752,-0.4145974
7292,0.08502848,-0.075708374
7293,0.45406106,-0.2771927
7294,0.3950356,-0.05637595
7295,-0.5543026,-0.2504645
7296,-0.37806308,-0.3154837
7297,0.13358653,-0.32763696
7298,-0.23058957,-0.38542306
7299,-0.080439106,-0.28425092
7300,-0.28437263,-0.36311543
7301,-0.0642236,-0.390863
7302,0.07970854,-0.42832094
7303,-0.4574453,-0.37673253
7304,-0.011128253,-0.36272115
7305,0.026170345,-0.40326303
7306,0.030909617,-0.445826
7307,-0.48572597,-0.2617929
7308,-0.07678013,-0.29653484
7309,0.055029705,-0.3199662
7310,-0.24968286,-0.38836938
7311,0.77138627,-0.32514465
7312,-0.28225222,-0.37014765
7313,0.38087946,-0.37854892
7314,0.07576106,-0.36830467
7315,-0.0021915394,-0.41235995
7316,-0.36076015,-0.40402532
7317,-0.0150501765,-0.37230062
7318,0.21566904,-0.3182376
7319,0.24953528,-0.36877197
7320,-0.22144157,-0.35277504
7321,0.17894487,-0.3996855
7322,0.62248904,-0.34824073
7323,0.07722214,-0.23944685
7324,0.006508583,-0.3520801
7325,0.15541878,-0.23937906
7326,0.18173239,-0.20832129
7327,-0.3029925,-0.11984417
7328,-0.18280165,-0.23482776
7329,0.3498694,-0.26096934
7330,0.8318423,0.27558482
7331,-0.19149296,-0.005906634
7332,0.027990526,-0.22991636
7333,-0.28286362,-0.2050596
7334,-0.30108052,-0.17268075
7335,-0.11947846,-0.27322924
7336,-0.07251003,-0.26652187
7337,0.3721356,-0.29134718
7338,-0.055252705,-0.3203498
7339,-0.3568653,-0.28175116
7340,0.21528876,-0.35595125
7341,0.42214942,-0.2883073
7342,-0.16058823,-0.35461247
7343,-0.30214465,-0.35513997
7344,-0.15580176,-0.27002704
7345,0.07951127,-0.41498178
7346,0.1201428,-0.3733018
7347,0.21420987,-0.30908927
7348,-0.1815469,-0.39574027
7349,-0.7931959,-0.25151563
7350,0.32231745,-0.3850538
7351,-0.56222075,-0.31115645
7352,-0.58857095,-0.23983468
7353,-0.8007321,-0.014248867
7354,0.2735981,-0.26570147
7355,-0.3508906,-0.22455534
7356,0.8726497,-0.33335918
7357,-0.24345745,-0.3471027
7358,0.48559406,-0.4334978
7359,0.88377285,-0.26495993
7360,0.16154613,-0.22935621
7361,0.046826467,-0.31802893
7362,0.09334125,-0.34622407
7363,-0.099649526,-0.3550253
7364,0.29075363,-0.36261857
7365,0.41522554,-0.38029712
7366,-0.119995564,-0.3520643
7367,-0.22399282,-0.23766078
7368,-0.13844356,-0.22730947
7369,0.03902782,-0.36681837
7370,-0.09877364,-0.3266005
7371,-0.87655485,-0.06848538
7372,0.055351514,-0.33741236
7373,1.2180575,0.11282951
7374,1.0128973,0.32369918
7375,0.48072463,0.22829516
7376,-0.39564407,-0.04917243
7377,0.052602537,-0.298163
7378,-0.06104994,-0.30651075
7379,0.08825521,-0.33473718
7380,0.18784094,-0.31728208
7381,-0.15066068,-0.37164348
7382,-0.18172824,-0.3617276
7383,0.40297532,-0.33081204
7384,0.29747254,-0.08109338
7385,0.14519978,-0.28923655
7386,-0.005386214,-0.2332167
7387,-0.11998372,-0.25350612
7388,0.78951347,-0.23672912
7389,-0.09601519,-0.0981598
7390,0.023985423,-0.2541653
7391,0.006974034,-0.33193833
7392,-0.025895309,-0.24577211
7393,0.09407784,-0.24900325
7394,-0.22683826,-0.32041347
7395,0.523293,-0.17926258
7396,0.118106134,-0.25450903
7397,0.4197639,-0.15164517
7398,-0.040333703,-0.27717578
7399,-0.12430638,-0.26020086
7400,-0.38986132,-0.29010972
7401,0.36287662,-0.35188156
7402,0.08432543,-0.2775672
7403,-0.29102665,-0.27616
7404,-0.013808188,-0.2868405
7405,0.020749642,-0.29997435
7406,-0.107155725,-0.29013366
7407,0.30867597,-0.32201564
7408,-0.15224925,-0.36694998
7409,-0.40926626,-0.33380574
7410,-0.12910889,-0.24870947
7411,-0.23581293,-0.22338073
7412,-0.36580294,-0.14088652
7413,0.88883287,-0.19387907
7414,0.21152392,0.0072017387
7415,-0.018731028,-0.22123867
7416,-0.3227325,-0.22115877
7417,0.15212448,-0.27722284
7418,-0.07280165,-0.3085599
7419,0.053052496,-0.3104781
7420,-0.072055124,-0.32158852
7421,0.3528903,-0.16408727
7422,0.7659412,-0.09722951
7423,-0.26426315,0.024397783
7424,0.5491006,-0.12861407
7425,0.5027494,0.12364772
7426,-0.40234938,-0.08370605
7427,0.26110065,-0.19896345
7428,-0.3134571,-0.15433663
7429,0.26789683,-0.23295091
7430,-0.4158179,-0.18240596
7431,1.0392097,-0.2202016
7432,-0.37712556,-0.027140263
7433,0.09256587,-0.23182201
7434,0.054148957,-0.2463861
7435,-0.041383505,-0.3098474
7436,0.08213089,-0.25526017
7437,-0.008441683,-0.21108125
7438,-0.29213786,-0.30479556
7439,0.30974066,-0.3267696
7440,0.26677874,-0.28058004
7441,-0.05704663,-0.34644628
7442,0.36946058,-0.26773152
7443,0.26836067,-0.11105774
7444,0.32782766,-0.16983655
7445,-0.47106707,-0.2729541
7446,0.15745825,-0.29555207
7447,-0.33253852,-0.050249614
7448,0.049050063,-0.27818626
7449,0.25906157,-0.31023192
7450,-0.027579617,-0.24318665
7451,-0.40277597,-0.35649008
7452,0.16608645,-0.354568
7453,-0.42130572,-0.2142758
7454,0.05004663,-0.3480292
7455,0.34146214,-0.3110583
7456,-0.18892863,-0.44249588
7457,-3.2443562,0.74154043
7458,0.365206,0.74539465
7459,0.5191981,-0.067395814
7460,-0.50895506,-0.14836326
7461,-0.9448327,-0.027788583
7462,-1.2912287,0.4443143
7463,-1.8635389,1.4469038
7464,1.9418615,0.4207487
7465,-0.5911157,0.068603024
7466,1.8450624,-0.0015766099
7467,-0.432695,-0.1776241
7468,-0.092944995,-0.3652041
7469,0.23422351,-0.25799042
7470,0.06667159,-0.26009303
7471,-0.17773403,-0.33883673
7472,-0.76179695,-0.13343015
7473,0.40174228,-0.25640762
7474,1.307504,-0.020680979
7475,0.22153708,-0.24510957
7476,-0.5053726,-0.2682587
7477,0.17420913,-0.39199322
7478,0.089935124,-0.3402422
7479,-0.026658291,-0.2567464
7480,-0.32698023,-0.33445537
7481,-0.3359645,-0.33548898
7482,0.16441138,-0.39572674
7483,0.006132873,-0.40323353
7484,-0.030564459,-0.33490604
7485,-0.018939223,-0.33335996
7486,-0.21744075,-0.31111765
7487,0.39603722,-0.3488074
7488,-0.26038668,-0.28841752
7489,-0.47741568,-0.2817039
7490,0.04602502,-0.28488773
7491,-0.0774728,-0.2770418
7492,-0.5718897,-0.2525136
7493,0.33805093,-0.33459073
7494,0.20122026,-0.2317516
7495,0.005000024,-0.29315522
7496,-0.17185962,-0.27410066
7497,-0.8339667,-0.10211581
7498,-0.09810818,-0.13417527
7499,0.03388271,-0.1904461
7500,-0.036974516,-0.2016014
7501,-0.27032882,-0.19505802
7502,-0.00936954,-0.22190239
7503,-0.4941801,-0.12653561
7504,0.1371322,-0.20938733
7505,-0.64325356,-0.07112769
7506,0.5863132,-0.25845265
7507,-0.5823874,-0.24230216
7508,-0.3797984,-0.1945433
7509,-0.10264928,-0.26927462
7510,0.27929372,-0.29021305
7511,0.44656727,-0.3004579
7512,-0.30985472,-0.33110857
7513,0.2985939,-0.31503725
7514,-0.64432067,-0.2121723
7515,0.17784671,-0.32843196
7516,0.48319376,-0.18173125
7517,-0.7697158,-0.06749963
7518,0.017656082,-0.17477024
7519,0.804872,-0.18614879
7520,-0.5636035,-0.30447662
7521,-0.5741997,-0.17475483
7522,-0.64629865,-0.014608812
7523,-0.5890517,0.4580698
7524,-1.2786977,0.6055965
7525,0.5154639,0.30846465
7526,-0.33986664,-0.08311623
7527,-0.0770437,0.09309816
7528,-0.4417343,0.05665525
7529,-0.30685037,-0.01452598
7530,-1.4411474,0.65490997
7531,0.0027237998,0.5003362
7532,1.1829987,-0.17427744
7533,-0.08548631,-0.0757962
7534,-0.35037342,-0.20970899
7535,0.43555963,-0.31143516
7536,-0.4885658,-0.27040875
7537,0.85730183,-0.34689355
7538,1.132084,-0.26239765
7539,0.751732,-0.099995606
7540,0.75208807,0.0242166
7541,-0.29453737,-0.2202078
7542,-0.4421317,-0.10039929
7543,-0.16588105,-0.22858514
7544,0.011917181,-0.20774767
7545,-0.09560863,-0.40291345
7546,-0.50555897,-0.29947132
7547,-0.32961392,-0.170598
7548,0.35164967,-0.20601834
7549,0.34729317,-0.19995339
7550,-0.5506907,-0.33038944
7551,0.16584672,-0.34195524
7552,-0.34694013,-0.30680245
7553,-0.24080493,-0.33274513
7554,-0.59280854,-0.28533986
7555,0.6125916,-0.41046745
7556,0.54049224,-0.42384315
7557,0.29604155,-0.36030096
7558,-0.52345544,-0.32372516
7559,0.31245843,-0.34672892
7560,-0.47893998,-0.28951126
7561,0.91049254,-0.3246492
7562,0.16492815,-0.31954187
7563,0.3779715,-0.2933799
7564,-0.30429894,-0.228092
7565,-0.020970104,-0.3029378
7566,-0.37214565,-0.3448395
7567,0.0524464,-0.30725306
7568,0.51930624,-0.28770387
7569,-0.43853837,-0.37071025
7570,-0.124317706,-0.33155203
7571,0.2680126,-0.35297674
7572,0.14813843,-0.42404658
7573,0.4262351,-0.29394376
7574,-0.20674157,-0.3862384
7575,0.2811981,-0.3788919
7576,-0.15426469,-0.32923353
7577,0.47626743,-0.40163815
7578,0.09488955,-0.30495352
7579,-0.10764359,-0.35145843
7580,0.17494942,-0.37340403
7581,0.027769703,-0.23715101
7582,-0.26770034,-0.39893633
7583,-0.14820011,-0.20471503
7584,-0.21971983,-0.33101505
7585,-0.45234215,-0.29982397
7586,-0.195434,-0.2938501
7587,-0.25738955,-0.29905677
7588,0.17664348,-0.33026665
7589,0.20362374,-0.35372335
7590,0.16190547,-0.3331334
7591,0.30306408,-0.3224905
7592,-0.48756298,-0.34083712
7593,-0.6412866,-0.25890404
7594,0.27862445,-0.37671274
7595,0.13433364,-0.33087963
7596,-0.18520664,-0.37123138
7597,-0.47885907,-0.3034755
7598,-0.16993988,-0.24314673
7599,-0.27401257,-0.1276522
7600,-0.56236255,-0.18119858
7601,-0.44012517,-0.07359454
7602,-0.7525303,0.25307757
7603,0.72428674,-0.16435699
7604,0.020172395,-0.31780702
7605,0.40207797,-0.31157398
7606,0.27911842,-0.25133896
7607,-0.065237224,-0.26781508
7608,-0.46477044,-0.22106598
7609,-0.5923081,-0.22183302
7610,-0.13796832,-0.2220466
7611,-0.9072244,0.071437076
7612,-1.1060598,0.69727385
7613,1.0601959,0.27390116
7614,0.5237675,0.024125576
7615,1.5613747,0.31078154
7616,0.16683368,0.046872795
7617,-0.1802828,-0.051468074
7618,-1.2657542,0.06315003
7619,-0.45180845,-0.0015008114
7620,0.55926883,-0.024355374
7621,0.15653394,-0.17202109
7622,-0.15061101,-0.18723644
7623,-0.47316,-0.07583334
7624,-0.55631757,-0.12759292
7625,0.3275953,-0.24182473
7626,-0.26054394,-0.2391117
7627,-0.39780587,-0.087472156
7628,-0.12864222,-0.22099765
7629,0.7463907,0.059151217
7630,0.08378979,-0.15898532
7631,-0.30204073,0.49853313
7632,-0.057586662,-0.19958462
7633,0.66271245,-0.07698121
7634,-1.9474181,0.10228601
7635,1.7162087,0.03971123
7636,-1.0171429,-0.019650634
7637,0.70236397,-0.28325707
7638,-0.7924295,-0.12539257
7639,0.06965307,-0.2451315
7640,0.78372395,-0.30398542
7641,1.2655587,-0.21638358
7642,0.7094436,0.08833882
7643,-0.7815523,-0.07940735
7644,0.5798219,-0.11474096
7645,0.07805375,-0.17346507
7646,0.44544065,-0.31452662
7647,-0.41575274,-0.17127448
7648,0.20213872,-0.34960628
7649,-0.3028961,-0.24882485
7650,-0.08423912,-0.38039738
7651,0.16508691,-0.34382218
7652,-0.32381952,-0.3190496
7653,-0.61750007,-0.19677329
7654,0.5593122,-0.3280567
7655,-0.3691644,-0.27822393
7656,0.98295915,-0.32914835
7657,0.26933855,-0.027311172
7658,-0.656249,-0.17237717
7659,-1.1025156,0.08405076
7660,0.41407236,-0.30324045
7661,-0.5270781,-0.19774795
7662,-0.07551182,-0.18050331
7663,-0.16774991,-0.13506603
7664,0.122916445,-0.2657661
7665,0.69909924,-0.27626172
7666,-0.7053881,-0.28299573
7667,0.29048783,-0.31122285
7668,0.43120676,-0.34941244
7669,-0.07606246,-0.36350024
7670,0.25662142,-0.36977327
7671,0.011812788,-0.2501164
7672,-0.48920602,-0.33856446
7673,0.09648848,-0.29598653
7674,0.41287726,-0.35368365
7675,-0.013313448,-0.20682064
7676,0.17147854,-0.29116613
7677,-0.29246917,-0.24120031
7678,-0.33126712,-0.018646348
7679,-0.42320138,0.1230519
7680,-0.33811674,-0.25175712
7681,0.0632843,-0.304811
7682,0.0002607091,-0.32363778
7683,0.29059455,-0.24070896
7684,-0.17454936,-0.29734528
7685,0.04690718,-0.35595417
7686,-0.21273033,-0.3789547
7687,0.4441928,-0.326329
7688,0.085746035,-0.33182037
7689,-0.02439975,-0.2789874
7690,-0.49376157,-0.29758972
7691,-0.047051877,-0.29602367
7692,0.5681463,-0.2652798
7693,-0.10301853,-0.29075092
7694,0.15281914,-0.21047743
7695,-0.12819898,-0.3147322
7696,0.2972723,-0.28428614
7697,-0.31959656,-0.34809524
7698,-0.17786008,-0.33756304
7699,-0.347634,-0.27275062
7700,-0.07936114,-0.37864602
7701,-0.15477109,-0.33977693
7702,0.073442616,-0.35512066
7703,0.38717666,-0.30433995
7704,-0.16364987,-0.29078603
7705,-0.4364607,-0.28751352
7706,0.28378475,-0.36596006
7707,-0.14400892,-0.28336298
7708,0.34325224,-0.31407452
7709,-0.5852509,-0.28638467
7710,-0.6298414,-0.11487469
7711,0.29068765,-0.2459758
7712,0.29024363,-0.32885927
7713,-0.69190055,-0.16928034
7714,-0.44550204,0.110063
7715,0.55600506,-0.20951548
7716,-0.21326381,-0.27435166
7717,-0.2655992,-0.27742836
7718,-0.2940239,-0.2186818
7719,0.34888119,-0.12626961
7720,0.19283059,-0.26906386
7721,-0.23810138,-0.2505725
7722,-0.56255364,-0.07183652
7723,0.3869633,-0.30734092
7724,0.06259231,-0.3148213
7725,1.3123121,0.055534266
7726,-0.17555256,-0.19501574
7727,0.5698305,-0.2214313
7728,-0.3514771,-0.2745234
7729,-0.22920768,-0.34825176
7730,0.24595611,-0.40506303
7731,0.07191852,-0.31590664
7732,-0.18822995,-0.34152663
7733,-0.3462257,-0.3567956
7734,0.21350883,-0.43701518
7735,0.25368318,-0.41299862
7736,-0.06931055,-0.3737306
7737,-0.5375347,-0.36429644
7738,0.29238066,-0.41933692
7739,-0.021497626,-0.38179272
7740,0.099659115,-0.3369146
7741,0.0836946,-0.23461607
7742,-0.06096578,-0.4143216
7743,0.5481382,-0.31852067
7744,-0.012718163,-0.30043924
7745,0.3933297,-0.2802211
7746,-0.25500363,-0.28388673
7747,0.14562438,-0.3264976
7748,-0.28661177,-0.31694275
7749,0.27605712,-0.36024493
7750,-0.15429285,-0.4206466
7751,0.2578067,-0.25711977
7752,-0.46489576,-0.3308884
7753,0.2252448,-0.42125553
7754,0.065363154,-0.36404318
7755,-0.34709513,-0.31096256
7756,-0.41449246,-0.37321603
7757,0.43374673,-0.31160742
7758,0.34154287,-0.3196112
7759,-0.26438665,-0.37930977
7760,-0.12378527,-0.39488798
7761,-0.33682686,-0.2658705
7762,0.04588814,-0.37158865
7763,-0.14665346,-0.35717374
7764,0.23573163,-0.29486862
7765,-0.2791838,-0.38425875
7766,-0.0744826,-0.3202269
7767,-0.17274046,-0.3405758
7768,-0.59268504,-0.019281343
7769,-0.33581558,-0.080409735
7770,-0.28791785,-0.14968142
7771,0.2784742,-0.24488103
7772,-0.32858405,-0.15714958
7773,0.5240688,-0.09222825
7774,0.18811208,-0.30690986
7775,0.00027083186,-0.29570165
7776,0.03736774,-0.3534876
7777,0.20600894,-0.360246
7778,-0.20017445,-0.29495174
7779,0.13124354,-0.36637652
7780,1.0229514,-0.14848885
7781,0.55695945,0.03357488
7782,0.6144916,-0.0543971
7783,0.73521566,0.10404743
7784,0.05514241,0.096757025
7785,-1.0363215,0.029664539
7786,0.31100526,-0.20883675
7787,0.19296905,-0.27936763
7788,-0.46793354,-0.24987955
7789,0.08754336,-0.28071466
7790,-0.08772221,-0.2781412
7791,-0.031461842,-0.22700353
7792,0.25436258,-0.29818243
7793,0.29951122,-0.29878336
7794,-0.26867574,-0.29047805
7795,-0.079700634,-0.34159458
7796,-0.12238217,-0.37908655
7797,0.23676066,-0.40043974
7798,0.018353766,-0.3702485
7799,0.033341054,-0.31786805
7800,-0.020758202,-0.39606702
7801,0.20707902,-0.29755712
7802,-0.1477336,-0.31059834
7803,0.20701435,-0.32165015
7804,0.011665728,-0.34063745
7805,-0.36644715,-0.15505236
7806,-0.5277354,-0.034306884
7807,-0.42419797,-0.09036118
7808,-0.48028705,-0.015060898
7809,-0.7836033,-0.07062214
7810,-1.7939485,0.65214247
7811,0.6720703,0.15338036
7812,-0.17339465,0.12943305
7813,0.5661189,-0.12748706
7814,-0.9514892,0.07462424
7815,-0.4967389,0.06983878
7816,-0.4842438,0.52537936
7817,-0.307345,-0.001962088
7818,-0.25316122,-0.029522162
7819,-0.2631867,0.07115702
7820,-2.4206233,3.6273391
7821,0.28093162,1.2702752
7822,1.096592,1.0580094
7823,0.32245216,0.32450622
7824,-0.30685756,0.08764158
7825,0.14654142,-0.18242364
7826,-0.021594862,-0.2436579
7827,-0.81130445,-0.13722657
7828,0.3399346,-0.2693612
7829,0.5223943,-0.23085165
7830,0.24257725,-0.2049179
7831,0.8563373,-0.25090683
7832,0.16405384,-0.19880167
7833,0.10763563,-0.28179768
7834,-0.15284114,-0.33534926
7835,-0.36040518,-0.26901546
7836,-0.30246016,-0.2915873
7837,0.25542995,-0.4005612
7838,-0.4255838,-0.35034823
7839,-0.60831696,-0.21516442
7840,-0.26397517,-0.31093866
7841,-0.13183498,-0.23037437
7842,0.004118695,-0.3518678
7843,-0.20234206,-0.28370237
7844,0.44181108,-0.34490782
7845,0.43262953,-0.357841
7846,0.05122953,-0.4062624
7847,-0.13860908,-0.32068676
7848,0.60866976,-0.37144405
7849,-0.07361659,-0.29638088
7850,-0.31453866,-0.35212755
7851,0.30050343,-0.3960948
7852,0.23184127,-0.40016615
7853,0.3538986,-0.24521609
7854,0.008644644,-0.19514826
7855,-0.42880177,-0.26429927
7856,-0.10193098,-0.42004824
7857,0.2311909,-0.43385714
7858,-0.011130693,-0.42091072
7859,0.15451753,-0.42002153
7860,0.23790613,-0.36104012
7861,0.018664503,-0.26993918
7862,-0.17555521,-0.43829393
7863,-0.15178059,-0.34772962
7864,-0.082920924,-0.37325066
7865,-0.05017215,-0.4157619
7866,-0.12707174,-0.4156987
7867,-0.0932186,-0.29312944
7868,0.44129547,-0.25317872
7869,-0.22338928,-0.39568174
7870,0.23684974,-0.43190056
7871,0.040989976,-0.39358497
7872,0.037570465,-0.21814276
7873,-0.14178985,-0.3703577
7874,0.042581983,-0.38866645
7875,-0.5874829,-0.2482984
7876,0.1667359,-0.35658026
7877,0.09711061,-0.3355211
7878,-0.023495328,-0.35535628
7879,0.058933474,-0.4195693
7880,-0.12620954,-0.39105904
7881,0.31294343,-0.38032883
7882,0.5541128,-0.2592181
7883,-0.36727214,-0.17492282
7884,0.031909987,-0.36146277
7885,0.17153561,-0.32481718
7886,0.01934368,-0.2317711
7887,0.2667457,-0.27959514
7888,0.06392223,-0.31984627
7889,-0.2895945,-0.20569122
7890,-0.09723074,-0.3304177
7891,0.05647755,-0.26807395
7892,-0.05129513,-0.32023996
7893,0.06276246,-0.3736136
7894,-0.086027496,-0.3647222
7895,0.07109836,-0.39015478
7896,-0.26642773,-0.29357994
7897,-0.23997259,-0.35107034
7898,-0.3672298,-0.2689145
7899,0.08576808,-0.35906434
7900,-0.02599278,-0.34017265
7901,-0.84320986,-0.17268541
7902,-0.43858677,-0.08432062
7903,0.025427388,-0.1930561
7904,-0.42466488,-0.15925732
7905,0.6415225,-0.19767326
7906,-0.46567887,-0.120735794
7907,0.16153136,-0.27517962
7908,-0.78143615,-0.09700778
7909,0.2725525,-0.2376226
7910,0.35704324,-0.27463657
7911,-0.012888145,-0.3484503
7912,0.33428377,-0.387169
7913,-0.8219445,-0.25820976
7914,0.2085569,-0.33932513
7915,0.27917522,-0.32337052
7916,-0.5490747,-0.29360008
7917,-0.6958962,0.11247046
7918,-0.18495658,-0.15351632
7919,0.47012576,-0.28565982
7920,-0.20037524,-0.28456116
7921,0.08314268,-0.23257488
7922,-1.2468705,0.10601945
7923,-0.1025773,0.062713236
7924,-0.13435502,-0.10073215
7925,-0.12512401,-0.009221524
7926,-0.46832475,-0.259188
7927,0.628552,-0.14963025
7928,-0.16877794,-0.30893227
7929,0.4975244,-0.28364632
7930,0.23670255,-0.16331187
7931,-0.7915366,-0.27994168
7932,-2.139141,1.7860926
7933,-0.92436934,2.4241295
7934,-0.90662426,0.084281966
7935,1.2929932,0.18388957
7936,0.289789,-0.11747206
7937,-0.6906747,-0.13177288
7938,0.3250144,-0.26088402
7939,-0.43277878,-0.035431735
7940,-0.45887652,-0.052940562
7941,-0.7690518,0.41628116
7942,2.2935212,1.1373705
7943,-0.5460297,0.44196415
7944,1.1218563,0.14855853
7945,1.030968,0.31062979
7946,-0.112260535,-0.09723684
7947,-0.0051495004,-0.16832921
7948,-0.710238,-0.076073915
7949,-0.33033597,-0.02440644
7950,-0.727363,-0.117960066
7951,0.088280566,0.0056292415
7952,-0.8789655,0.041119203
7953,0.038241163,0.05347275
7954,0.28211734,-0.17693597
7955,0.2625924,-0.20941004
7956,-0.897809,-0.11168502
7957,0.34555805,-0.20686089
7958,0.22641256,-0.23207615
7959,1.053334,-0.083482996
7960,-0.22504611,-0.2619185
7961,-0.308185,-0.28829557
7962,0.39125547,-0.3439237
7963,0.3148978,-0.2758814
7964,0.22277874,-0.24022174
7965,-0.4423312,-0.3407814
7966,0.637113,-0.35169643
7967,0.38109362,-0.32347876
7968,-0.20686032,-0.35001993
7969,-0.0880516,-0.3471169
7970,0.0826605,-0.38631517
7971,-0.37038895,-0.32670367
7972,0.01619385,-0.3381819
7973,-0.75186706,-0.12509099
7974,-0.06668327,-0.19948678
7975,-0.12486295,-0.17604315
7976,0.2477008,-0.37399697
7977,0.05542542,-0.29490787
7978,-0.026235001,-0.3374877
7979,0.044568196,-0.21085311
7980,-1.1903698,-0.060972415
7981,0.2225555,-0.14460704
7982,-1.183826,0.02062095
7983,0.67023724,-0.12704837
7984,0.071105994,-0.21964422
7985,0.53354585,-0.3459022
7986,-0.4457138,-0.24859133
7987,0.47983232,-0.28429148
7988,-0.022412302,-0.16761866
7989,-0.28781337,-0.26125163
7990,0.2549078,-0.26389617
7991,0.015142213,-0.18711637
7992,-0.55179405,-0.17289811
7993,-0.40059578,-0.2280254
7994,0.88843894,-0.16131292
7995,-1.2598321,0.07339536
7996,-4.4658203,3.9917455
7997,-1.1236922,2.9253016
7998,1.2748841,0.6872789
7999,-0.69071096,0.5723818
8000,-2.2294395,2.275739
8001,0.14269958,1.1669867
8002,2.0302074,1.0878977
8003,-0.7388067,0.6278783
8004,-0.860298,0.351045
8005,-0.20354235,0.011584632
8006,-0.61916745,0.04903315
8007,-0.13699168,0.19462655
8008,-0.14256,9.7580254e-05
8009,0.37701097,0.33013833
8010,1.364837,-0.047271024
8011,1.0801271,0.23558085
8012,-1.3003186,0.04780481
8013,0.7071693,-0.27395493
8014,0.19064704,-0.18490411
8015,-0.5079542,-0.13935891
8016,0.37506035,-0.19303712
8017,0.07498642,-0.36131215
8018,-0.8856253,-0.20629513
8019,-0.5337951,-0.22504179
8020,-0.20283428,-0.17081793
8021,-0.2895011,-0.3054735
8022,-0.12837216,-0.22339703
8023,-2.4136188,1.3539675
8024,-0.62871003,1.8564212
8025,2.5910218,0.87657624
8026,1.1254411,0.1332562
8027,0.1665901,-0.018750694
8028,-1.1285855,-0.041072354
8029,0.46734402,-0.17504267
8030,-0.6706304,-0.26057398
8031,2.4866793,0.43334192
8032,-0.13446315,0.056523032
8033,1.8041449,0.11604223
8034,0.2711525,-0.063036755
8035,-0.3985391,-0.0049340166
8036,0.61642474,-0.13655338
8037,-0.318378,-0.20360434
8038,0.17111827,-0.18785453
8039,-0.31865612,0.06903589
8040,0.35272947,-0.0051964596
8041,1.0366403,-0.11437249
8042,-0.890253,0.13298221
8043,-0.19322191,-0.22792506
8044,-0.5941535,-0.29293287
8045,0.54915804,-0.31484497
8046,0.9717861,-0.23993166
8047,-0.31311718,-0.27962527
8048,0.39180323,-0.313904
8049,-0.13560016,-0.27831995
8050,0.1181432,-0.32701033
8051,0.31336415,-0.26826853
8052,-0.4470528,-0.3120857
8053,-0.24977493,-0.31636357
8054,0.33034772,-0.3718174
8055,-0.0534563,-0.30347556
8056,0.5847729,-0.23368146
8057,-0.2645188,-0.31950355
8058,0.11290411,-0.35551578
8059,0.4525966,-0.25813463
8060,0.10913088,-0.33990085
8061,0.05106116,-0.34686303
8062,0.6151615,-0.05938078
8063,0.2724552,-0.1970394
8064,-0.45067394,-0.20966
8065,-0.086702056,-0.09172492
8066,0.3739895,-0.16186617
8067,-0.03404214,-0.07939253
8068,-0.39392772,-0.16350773
8069,0.07353716,-0.27961653
8070,0.1473531,-0.3878312
8071,0.2530112,-0.25249836
8072,-0.31186172,-0.29120976
8073,-0.33771232,-0.34168565
8074,0.21368499,-0.35220802
8075,-0.37468597,-0.31571716
8076,-0.62075067,-0.1272077
8077,0.1553566,-0.20282842
8078,0.14484027,-0.31600028
8079,-0.23865746,-0.26781738
8080,-0.48415065,-0.24178717
8081,-0.4488413,-0.2612492
8082,0.5172446,-0.34897453
8083,-0.098171696,-0.24905121
8084,-0.45981157,-0.26466888
8085,0.19894022,-0.3652559
8086,0.27074888,-0.27566665
8087,-0.25528583,-0.26345807
8088,-0.02132977,-0.3009292
8089,0.94863135,-0.23469973
8090,0.6995596,-0.14016731
8091,-1.2083127,-0.1593551
8092,-0.265044,-0.25958264
8093,2.6072118,1.0281785
8094,0.7153977,0.8247866
8095,-0.085741,0.97970915
8096,-1.3759148,0.24465905
8097,0.14909431,-0.019263573
8098,-0.53220034,-0.24156383
8099,0.82169425,-0.19564645
8100,-1.3606945,-0.09046227
8101,-0.20646365,-0.08435415
8102,-0.32309684,-0.08530333
8103,-0.8716951,0.28941375
8104,-1.7972643,0.8490139
8105,0.5600894,0.9489218
8106,0.0081465095,0.4144402
8107,1.2955638,0.38116747
8108,2.321416,0.49125004
8109,0.81617105,0.6023704
8110,-0.0037255995,0.037320256
8111,1.2424371,0.68016356
8112,-0.41179767,0.20010222
8113,0.7762348,0.15964055
8114,-0.32389078,-0.17240171
8115,0.4035024,-0.14710316
8116,-0.22630729,-0.09141054
8117,-0.38255167,0.04502529
8118,0.87475747,-0.15886885
8119,0.99875623,0.29632318
8120,1.2929094,0.71399826
8121,-0.42702413,0.19289537
8122,-0.54196274,-0.081695065
8123,0.090011716,-0.019739594
8124,-0.13213338,0.011714734
8125,0.05233489,0.014783077
8126,0.07159525,-0.17845546
8127,4.0068645,1.3464994
8128,1.520841,1.1849287
8129,-1.8993188,1.0020396
8130,1.0554011,0.49577266
8131,-0.25146154,0.036786675
8132,0.059714384,0.10254626
8133,-0.024044193,0.07811178
8134,-0.1580782,-0.070334435
8135,-0.15208763,0.03818609
8136,-0.46760046,-0.12629277
8137,0.09981384,-0.15759133
8138,-0.16807178,-0.10123862
8139,0.11987905,-0.28001904
8140,0.23845558,-0.20906919
8141,-0.3587798,-0.26487935
8142,0.48997483,-0.21464114
8143,-0.9398725,-0.096348315
8144,0.027719503,-0.18021744
8145,-0.024506869,-0.18362576
8146,-0.40629634,-0.21770218
8147,0.36004797,-0.29617888
8148,0.35164976,-0.19879517
8149,-0.2455961,-0.27157116
8150,0.14457248,-0.31500936
8151,-0.32139835,-0.29809567
8152,0.23233205,-0.38779324
8153,-0.020186674,-0.37232345
8154,0.1304124,-0.220905
8155,0.5788703,-0.3046059
8156,0.56653816,-0.10293126
8157,0.72979283,-0.0021535084
8158,0.5057054,0.0059366673
8159,-0.48620075,0.24507742
8160,0.33870292,-0.07704187
8161,0.43259013,-0.026538577
8162,-0.2146085,-0.057300173
8163,-0.43074605,-0.05741162
8164,0.080907635,-0.106856905
8165,-1.177299,0.70415246
8166,-0.6080309,0.15404162
8167,-0.29217988,0.072913736
8168,0.47641715,-0.03731076
8169,-0.21458422,-0.06859184
8170,-0.010840515,-0.29175532
8171,0.13011737,-0.2922644
8172,1.0555633,-0.08769651
8173,-0.7320889,-0.017879244
8174,-0.19937561,-0.29530555
8175,-0.1028006,-0.24109815
8176,0.012305966,-0.32832146
8177,-0.07160789,-0.22945303
8178,0.22061369,-0.3534873
8179,-0.3308173,-0.25963062
8180,0.5548963,-0.19054174
8181,-0.32417664,-0.20956124
8182,0.2723557,-0.3042552
8183,0.17618567,0.01719302
8184,-0.5219106,-0.25048435
8185,0.2516987,-0.26806012
8186,0.00031183846,-0.2867725
8187,-0.016525974,-0.29778555
8188,-0.32521644,-0.14671285
8189,-0.01740626,-0.052986756
8190,0.0995039,-0.10097142
8191,0.44283146,-0.10124687
8192,0.4227548,-0.061449982
8193,0.4815933,-0.11638984
8194,-0.52607334,-0.13334942
8195,-0.08522396,-0.10109678
8196,0.077718906,-0.25131404
8197,-0.88215035,-0.17304364
8198,0.39822617,-0.26823366
8199,0.0257214,-0.28992963
8200,0.71103466,-0.30553764
8201,0.8517148,-0.008166913
8202,0.80244136,0.26679492
8203,-1.0687867,0.16493027
8204,-0.7675832,-0.036678407
8205,0.69868475,-0.3402828
8206,-0.052057978,-0.3157059
8207,-0.58450806,-0.28776094
8208,0.16903773,-0.27808857
8209,-0.29228517,-0.31889945
8210,-0.24651116,-0.32040173
8211,-0.25921178,-0.2694121
8212,0.1493609,-0.4257759
8213,-0.12938061,-0.37117147
8214,0.24171369,-0.24419369
8215,-0.26579663,-0.3066361
8216,0.6928049,-0.39689118
8217,0.16995437,-0.36145335
8218,0.5856516,-0.26015696
8219,-0.6220758,-0.26079226
8220,0.3061954,-0.44088447
8221,-0.17079648,-0.33655578
8222,0.24559486,-0.37317085
8223,-0.4673227,-0.23780991
8224,-0.010295329,-0.40734553
8225,0.09902721,-0.39457595
8226,0.1730901,-0.4044515
8227,-0.5436168,-0.32989538
8228,0.06889228,-0.34708852
8229,0.33242065,-0.3075018
8230,0.3058775,-0.3316511
8231,0.42232308,-0.27997443
8232,-0.4347261,-0.34362614
8233,-0.60025567,-0.27124405
8234,1.0853695,-0.3102478
8235,-0.1779794,-0.29495746
8236,-0.4698667,-0.2661875
8237,0.7052738,-0.27496344
8238,-0.2355229,-0.35934776
8239,0.6711027,-0.08508808
8240,-0.4606703,-0.24533355
8241,-0.049923137,-0.40135276
8242,-0.08591329,-0.3460775
8243,0.04716589,-0.32854384
8244,0.028125575,-0.3254727
8245,-0.11476778,-0.14551856
8246,-0.17872919,-0.19910616
8247,-0.26886803,-0.17156813
8248,0.13267623,-0.30565318
8249,-0.53144795,-0.29062563
8250,0.14982563,-0.35826904
8251,-0.003039533,-0.33578473
8252,-0.12531081,-0.32501888
8253,0.09226921,-0.37772346
8254,-0.08325385,-0.3764397
8255,0.066162325,-0.33587277
8256,0.4681056,-0.3570708
8257,0.13775742,-0.34709334
8258,0.12591036,-0.3735388
8259,-0.1965246,-0.34902996
8260,0.8165072,-0.19462715
8261,-0.1351979,-0.26262516
8262,-0.20847365,-0.26536924
8263,-0.038093455,-0.27978793
8264,-0.73822993,-0.21551596
8265,-0.33376426,-0.2722826
8266,0.45961326,-0.16957411
8267,0.27214697,-0.22104914
8268,0.113610834,-0.37350422
8269,-1.2714487,0.07141794
8270,0.42701098,-0.2764417
8271,0.050908487,-0.25934556
8272,0.74621445,-0.21541356
8273,-0.3456489,-0.27216047
8274,0.25301087,-0.3528793
8275,-0.29530144,-0.32262075
8276,0.13168192,-0.31862617
8277,0.5591082,-0.28581145
8278,0.12176516,-0.29131326
8279,-0.5215771,-0.25804326
8280,-0.15728435,-0.24596953
8281,0.109073624,-0.19557074
8282,0.23281233,-0.21192616
8283,0.41523734,-0.21877353
8284,0.7996022,0.22488423
8285,-0.063841835,0.05086261
8286,0.19212039,0.21528341
8287,-0.57633597,-0.051521793
8288,-1.1969966,0.6958251
8289,0.6429572,0.035421267
8290,-0.16231155,-0.07267831
8291,-0.63190275,0.05137472
8292,-0.99454945,0.21624441
8293,-0.3993986,0.33054483
8294,0.10747844,-0.17597167
8295,0.48329327,-0.19300298
8296,0.22536898,-0.18037987
8297,-0.55833495,-0.21595141
8298,-0.20544483,-0.119385555
8299,0.7019018,-0.30277354
8300,0.34133303,-0.2099207
8301,-0.7147197,-0.25631773
8302,0.7980585,-0.33259052
8303,-0.06511487,-0.32363558
8304,-0.18904637,-0.3334931
8305,0.004405736,-0.3041898
8306,-0.039645392,-0.38435268
8307,0.7232851,-0.2821645
8308,0.34971824,-0.29424486
8309,-0.29998812,-0.301149
8310,0.18510948,-0.34154886
8311,-0.20333247,-0.38086057
8312,0.015252334,-0.39043337
8313,-0.18298075,-0.37793684
8314,0.5009586,-0.38799256
8315,-0.3691284,-0.2353968
8316,-0.36377934,-0.32604128
8317,-0.017683515,-0.34155566
8318,0.039862186,-0.40033334
8319,-0.3223325,-0.33120048
8320,-0.27602464,-0.4156279
8321,-0.34719482,-0.32667232
8322,0.044566944,-0.34403026
8323,-0.044531606,-0.2969304
8324,-0.13672239,-0.39636457
8325,0.28455874,-0.41194236
8326,0.13365223,-0.2941301
8327,0.40103656,-0.29631048
8328,-0.17050137,-0.3175342
8329,-0.096196264,-0.38195705
8330,0.09086094,-0.37006074
8331,-0.21463664,-0.39411288
8332,0.61502177,-0.28203827
8333,0.32157508,0.046991445
8334,0.07992997,-0.3981639
8335,0.31985322,-0.22753638
8336,-0.19760314,-0.31434906
8337,-0.23818001,-0.34656298
8338,0.94816726,-0.010301113
8339,0.1832444,0.27009273
8340,-0.57385594,-0.11059445
8341,-0.16020541,-0.2811969
8342,0.011779731,-0.34442788
8343,-0.3513114,-0.03201762
8344,-0.28105316,-0.33187354
8345,-0.16212314,-0.251881
8346,0.30303594,-0.34212297
8347,-0.19338498,-0.27712107
8348,-0.36629453,-0.2754289
8349,-0.25867984,-0.3201514
8350,0.24959476,-0.3327484
8351,0.27155554,-0.24473403
8352,-0.07744303,-0.3858952
8353,0.058483694,-0.35267496
8354,0.0003952582,-0.38766992
8355,0.1858623,-0.3191244
8356,0.34007806,-0.1662857
8357,0.19127566,-0.27353066
8358,-0.4114842,-0.18884203
8359,0.429306,-0.3041343
8360,-0.48272574,-0.30587906
8361,-0.18522172,-0.31433892
8362,-0.11212847,-0.36823916
8363,-0.92958087,-0.09519776
8364,0.08026146,-0.22559251
8365,-0.24923226,-0.1639368
8366,-0.21993893,-0.2500578
8367,0.19839667,-0.22574498
8368,-0.10480616,-0.307485
8369,-0.1759732,-0.2586394
8370,0.07967917,-0.15699914
8371,-0.06537509,-0.39725566
8372,-0.2927747,-0.2640623
8373,-0.15726732,-0.22919789
8374,0.13664648,-0.30251047
8375,-0.26056668,-0.2346267
8376,-0.24096766,-0.12763971
8377,0.22163782,-0.26924878
8378,-0.66030616,-0.09526503
8379,-0.39681327,-0.11058117
8380,0.13861632,-0.15639776
8381,0.25039512,0.039664067
8382,-1.0554961,0.29134172
8383,0.1607397,-0.054965876
8384,0.66170275,-0.1653119
8385,0.71348935,-0.08823106
8386,-0.46579087,-0.23089263
8387,-0.12153023,-0.30506027
8388,-0.8181041,-0.06788588
8389,0.383752,0.09820224
8390,0.48181745,-0.22791669
8391,-0.40671837,-0.20707197
8392,0.081184454,-0.23084559
8393,-0.07553369,-0.33686042
8394,-0.040197164,-0.32167447
8395,-0.024272222,-0.28590572
8396,0.35196215,-0.3272192
8397,0.023169518,-0.32381916
8398,-0.4918055,-0.2324904
8399,0.84082323,-0.32685083
8400,-0.58610356,-0.28874055
8401,-0.031657863,-0.34815073
8402,0.054859545,-0.36169356
8403,0.029232584,-0.37223738
8404,0.26814103,-0.34967697
8405,0.41122103,-0.35042447
8406,-0.2692132,-0.2840382
8407,0.28051168,-0.3616966
8408,0.18151015,-0.36703253
8409,1.0549266,-0.191636
8410,-0.8035178,-0.11931299
8411,-0.90360004,-0.17377381
8412,-0.13676015,-0.19190384
8413,-0.8371488,0.10789649
8414,0.37779534,-0.2536838
8415,-0.33099687,-0.21828897
8416,0.112532325,-0.2839911
8417,-0.56892985,-0.29257655
8418,-0.03955553,-0.33710432
8419,-0.23697324,-0.33582145
8420,0.41312945,-0.39350593
8421,-0.12492456,-0.33951044
8422,-0.036694087,-0.35304493
8423,-0.0076976633,-0.38808018
8424,0.30855924,-0.40440726
8425,-0.6818024,-0.17178664
8426,-0.5661697,-0.04243115
8427,1.1515515,0.046185523
8428,0.18395089,-0.17753121
8429,0.42120942,-0.31320965
8430,-0.12679471,-0.3235113
8431,0.32502916,-0.3745104
8432,0.117408134,-0.30048686
8433,0.19685826,-0.32752812
8434,0.059507135,-0.37234348
8435,-0.33679074,-0.21869928
8436,0.50668895,-0.41937745
8437,0.16656527,-0.38435626
8438,-0.05486883,-0.42253906
8439,-0.21272463,-0.34390485
8440,0.018446766,-0.13526547
8441,0.098133355,-0.31419265
8442,0.04793205,-0.37275028
8443,0.21667257,-0.35546684
8444,-0.7159607,-0.29559496
8445,-0.36520854,-0.24617471
8446,-0.21197328,-0.28193378
8447,0.08023374,-0.13779515
8448,-0.16341412,-0.21234658
8449,0.49343342,-0.38273966
8450,-0.104398265,-0.33796585
8451,0.36799875,-0.36004257
8452,-0.4014304,-0.25372982
8453,-0.83818996,-0.15634036
8454,-0.082730964,-0.20007275
8455,0.3096607,-0.2255097
8456,-0.3156751,-0.30919915
8457,0.538524,-0.33393347
8458,0.40185162,-0.13206269
8459,-0.4698145,-0.29126686
8460,-0.054475546,-0.32343298
8461,0.36598182,-0.30002207
8462,0.1435084,-0.27721786
8463,-0.47450906,-0.33492762
8464,0.07594709,-0.360587
8465,-0.032336477,-0.37040251
8466,-0.11722649,-0.37962562
8467,0.12962139,-0.40693986
8468,-0.36425817,-0.33268577
8469,0.20624416,-0.3642255
8470,0.12637869,-0.38711864
8471,0.0793122,-0.32614094
8472,0.43337622,-0.3060571
8473,-1.0715395,0.019425131
8474,-0.3053141,-0.28938422
8475,0.4981968,-0.29116958
8476,-0.35810727,-0.21365944
8477,0.36490658,-0.19997056
8478,0.19829984,-0.06404863
8479,-0.18207218,0.03387645
8480,-0.4300465,-0.1408588
8481,0.1602226,-0.19392775
8482,-0.19642001,-0.1993463
8483,0.08060391,-0.3184005
8484,0.50718075,-0.33052236
8485,0.9121054,-0.22383218
8486,0.16880636,-0.14188865
8487,-0.3495514,-0.21415094
8488,0.4452493,-0.24175605
8489,0.33154836,0.31019676
8490,-0.08621559,-0.17140624
8491,-0.77469236,-0.23379384
8492,-0.51615375,-0.2865706
8493,-0.5415566,-0.27209032
8494,0.16612044,-0.09370323
8495,-0.27194703,-0.33307052
8496,-0.45618755,-0.17987894
8497,-0.37039077,-0.21761295
8498,0.08199372,-0.31212986
8499,0.6463082,-0.32999915
8500,-0.031285826,-0.34715968
8501,0.18220396,-0.36046684
8502,0.14499211,-0.28351414
8503,0.4551275,-0.3075137
8504,0.085731745,-0.37770873
8505,0.2689471,-0.41654426
8506,0.1679968,-0.41017187
8507,0.06993849,-0.31381148
8508,0.48735887,-0.27235126
8509,-0.3316225,-0.11020957
8510,0.018134044,-0.3281011
8511,0.28976047,-0.3569795
8512,0.05690404,-0.33926588
8513,-0.10554002,-0.33506143
8514,-0.037255105,-0.34987432
8515,-0.18353443,-0.33090508
8516,-0.39725775,-0.32667542
8517,0.08225941,-0.41441274
8518,0.21509872,-0.40286535
8519,-0.39979827,-0.32868826
8520,0.46815175,-0.36367506
8521,-0.032974206,-0.33032203
8522,-0.17243484,-0.37060815
8523,-0.22859526,-0.37608075
8524,-0.09211645,-0.3592503
8525,0.4300033,-0.3449685
8526,0.5349201,-0.32085127
8527,0.035049185,-0.24213229
8528,0.25539345,-0.35107517
8529,-0.11457625,-0.3723237
8530,-0.35903484,-0.38600212
8531,-0.012590401,-0.3887319
8532,0.1377956,-0.44366825
8533,0.036457777,-0.40493143
8534,0.058305062,-0.40549004
8535,-0.115467295,-0.34635395
8536,0.087056175,-0.43526936
8537,-0.10565485,-0.3945102
8538,-0.12898958,-0.3301599
8539,0.31746188,-0.24991709
8540,-0.18712807,-0.42661017
8541,-0.005988745,-0.28943878
8542,0.010907074,-0.41605407
8543,0.32478434,-0.3880099
8544,0.15856184,-0.34822643
8545,-0.21758865,-0.30989265
8546,0.21866517,-0.1880039
8547,-0.067930214,-0.27140462
8548,0.14308421,-0.29820675
8549,-0.035997055,-0.29765844
8550,0.32249624,-0.17654504
8551,-0.33021572,-0.11218905
8552,-0.054301284,-0.18523514
8553,-0.13859709,-0.3966682
8554,-0.06061063,-0.3323732
8555,-0.2291322,-0.3184628
8556,0.15562068,-0.3445179
8557,0.24142997,-0.29701087
8558,0.13978052,-0.26397115
8559,-0.023451911,-0.36410344
8560,0.119596936,-0.35665
8561,-0.17600024,-0.34573817
8562,-0.022796463,-0.38841122
8563,0.053404704,-0.3428626
8564,0.0036355301,-0.12725991
8565,-0.058213506,-0.33812696
8566,-0.022849813,-0.37309486
8567,-0.015288973,-0.36630237
8568,-0.25647566,-0.38122523
8569,-0.002913449,-0.41816032
8570,-0.07516097,-0.3639574
8571,0.051183462,-0.41849792
8572,-0.36982453,-0.26801497
8573,-0.0076120235,-0.40207696
8574,-0.09119205,-0.4156584
8575,0.22687057,-0.36803436
8576,0.21269344,-0.36706024
8577,0.021873074,-0.32142842
8578,0.033878475,-0.39001822
8579,0.10236002,-0.41828966
8580,-0.13651295,-0.3532337
8581,0.33134115,-0.38028353
8582,0.47932053,-0.10455318
8583,0.14053752,0.117407605
8584,-0.037291534,-0.15586296
8585,-0.17576309,-0.18576285
8586,-0.20702292,-0.34642154
8587,0.258621,-0.34553635
8588,-0.08053755,-0.32254052
8589,0.45608926,-0.2543945
8590,0.6027513,0.027105272
8591,-0.42492738,-0.19975987
8592,-0.24462359,-0.28257272
8593,-0.038056817,-0.37348902
8594,0.31069854,-0.2956174
8595,-0.0609198,-0.38039
8596,0.071640275,-0.29740757
8597,-0.16785558,-0.3657093
8598,-0.17395549,-0.3542841
8599,-0.13075764,-0.3117985
8600,0.11020852,-0.38664275
8601,-0.15647176,-0.431208
8602,-0.08610596,-0.40541667
8603,0.00896478,-0.3764676
8604,0.18480901,-0.36287194
8605,0.024721686,-0.4312414
8606,0.36024883,-0.3966592
8607,-0.109130606,-0.3722281
8608,0.17295231,-0.4149046
8609,0.11969827,-0.3902344
8610,-0.15637535,-0.42202717
8611,-0.11060817,-0.34595752
8612,-0.1430172,-0.41034746
8613,-0.10054952,-0.43958652
8614,0.09878758,-0.3405156
8615,-0.018382791,-0.3704549
8616,0.2828815,-0.32715523
8617,-0.2538009,-0.35760176
8618,0.12381847,-0.3771103
8619,-0.20639889,-0.42718112
8620,0.048282146,-0.3550576
8621,-0.24338728,-0.40408844
8622,-0.0887359,-0.45018584
8623,-0.27020246,-0.27405912
8624,-0.0021281573,-0.42100596
8625,0.24587116,-0.373793
8626,0.037587605,-0.3962108
8627,-0.01700885,-0.3414991
8628,0.10782469,-0.42390233
8629,-0.32273316,-0.41314948
8630,-0.07085177,-0.42588443
8631,0.16934212,-0.40071452
8632,-0.15113188,-0.38751423
8633,0.011450123,-0.45709342
8634,0.06228686,-0.3968613
8635,-0.0390065,-0.37656033
8636,-0.058076657,-0.45282465
8637,0.11098887,-0.43522185
8638,0.19215006,-0.44813788
8639,0.051324822,-0.39471102
8640,0.03843737,-0.4058519
8641,0.03180302,-0.39138705
8642,0.07893551,-0.41452575
8643,0.04759964,-0.44555885
8644,-0.046643242,-0.38177723
8645,-0.11683584,-0.40587872
8646,0.16957633,-0.41696763
8647,0.04174428,-0.35737926
8648,0.04279573,-0.43066442
8649,0.46138754,-0.3415053
8650,0.023351735,-0.3683169
8651,-0.016583055,-0.30532414
8652,0.20339707,-0.3679313
8653,0.19746159,-0.13923275
8654,-0.27158418,-0.3265741
8655,0.43129528,-0.2969532
8656,-0.104885004,-0.29549703
8657,-0.27902657,-0.30844736
8658,0.23894815,-0.19018912
8659,-0.24482031,-0.34273273
8660,0.12516843,-0.35653257
8661,0.1828991,-0.3696025
8662,0.4049722,-0.262183
8663,-0.5079586,-0.2545102
8664,0.16223486,-0.39791256
8665,-0.30042765,-0.31127316
8666,0.4117285,-0.37881023
8667,-0.04832012,-0.3364085
8668,-0.031187546,-0.38494724
8669,-0.10018418,-0.23972799
8670,-0.090551615,-0.27207947
8671,0.34519047,-0.33697897
8672,-0.21607699,-0.34177023
8673,-0.65326554,-0.12712091
8674,-0.06299564,-0.053766508
8675,0.034893684,-0.23296316
8676,-0.15113167,-0.26314178
8677,0.06387912,-0.35120296
8678,-0.35009766,-0.28455234
8679,0.051982295,-0.30074614
8680,-0.21675809,-0.29250753
8681,-0.04779256,-0.28568554
8682,0.33388418,-0.2914011
8683,0.054504015,-0.3494103
8684,-0.24379125,-0.38648129
8685,-0.25750053,-0.3231933
8686,0.51871383,-0.4215485
8687,-0.18062863,-0.38089174
8688,0.340499,-0.39695305
8689,0.18552054,-0.3629629
8690,0.057658583,-0.30023295
8691,-0.17608316,-0.30943972
8692,0.0838714,-0.34756792
8693,-0.40894392,-0.3577019
8694,0.071633786,-0.41349703
8695,-0.12076418,-0.36331707
8696,0.08956371,-0.40263808
8697,-0.20607324,-0.41352588
8698,-0.1800734,-0.4299878
8699,-0.10451123,-0.25918594
8700,0.4682482,-0.40062934
8701,0.3650925,-0.38531804
8702,-0.09340521,-0.32130003
8703,1.0387527,-0.13171017
8704,1.9640619,0.88410425
8705,0.12942582,0.4622547
8706,-0.16919065,0.42640567
8707,-0.17005585,0.053106695
8708,0.63792527,-0.14493799
8709,-0.6056039,0.0141032785
8710,0.07727003,-0.16264874
8711,0.04295582,-0.07895182
8712,0.3938652,-0.00753697
8713,-0.2037958,0.06721896
8714,-0.1394909,-0.18111002
8715,-0.638994,-0.1368341
8716,0.06297807,-0.30183315
8717,0.24751882,-0.30888608
8718,-0.51255536,-0.3347935
8719,0.17329578,-0.33623648
8720,-0.26660937,-0.3198794
8721,-0.06669423,-0.27310824
8722,-0.39295343,-0.3022048
8723,0.01890216,-0.38251013
8724,-0.31865788,-0.26226026
8725,0.44803393,-0.38477826
8726,-0.14967619,-0.30931276
8727,0.023264622,-0.36297065
8728,-0.23141572,-0.3284161
8729,-0.40652782,-0.26182437
8730,0.022027746,-0.33609295
8731,0.27662277,-0.3793835
8732,-0.33660334,-0.35741025
8733,0.20954807,-0.40145516
8734,0.11070853,-0.24439383
8735,-0.048857387,-0.382729
8736,-0.2244423,-0.34121883
8737,-0.72986233,-0.20996813
8738,-0.5262942,0.07710694
8739,0.23320858,-0.17351326
8740,0.30828223,-0.30961257
8741,0.013059457,-0.37095702
8742,0.06293851,-0.39370322
8743,-0.19081792,-0.27505782
8744,0.001893942,-0.2554784
8745,-0.3971197,-0.26535487
8746,0.056270517,-0.26285326
8747,0.22568591,-0.35863024
8748,-0.022871712,-0.38620293
8749,-0.4684966,-0.26915768
8750,-0.22650808,-0.25356203
8751,0.097581916,-0.35148436
8752,0.10548293,-0.32361066
8753,0.1250753,-0.34863424
8754,-0.011900929,-0.34328687
8755,0.23546848,-0.34692442
8756,0.17698236,-0.09524803
8757,-0.068908446,-0.41134453
8758,-0.24160826,-0.32044655
8759,0.03535442,-0.39412743
8760,-0.12427526,-0.33446467
8761,-0.22799544,-0.3323931
8762,-0.2225468,-0.19887519
8763,0.3273892,-0.3481713
8764,0.67300427,-0.1941802
8765,-0.68524677,-0.2378105
8766,-0.23703465,-0.3161711
8767,0.043226924,0.0011631437
8768,-0.05247614,-0.20211942
8769,0.16425647,-0.12053875
8770,-0.98894215,0.10320556
8771,0.15538155,-0.170299
8772,1.209958,0.6673731
8773,0.34594566,1.1679434
8774,0.49234354,1.2498285
8775,0.29160345,0.012085438
8776,-0.7499517,0.18161377
8777,0.380165,-0.18771428
8778,0.3755698,-0.1868259
8779,0.20807837,-0.1765393
8780,0.055348936,-0.2824406
8781,-0.046134166,-0.23532073
8782,-0.4173743,-0.27889365
8783,-0.2686766,-0.19844487
8784,0.2759056,-0.28027183
8785,-0.36707705,-0.17440578
8786,0.13203622,-0.34765953
8787,0.6084397,-0.16840908
8788,0.97593415,-0.09108665
8789,0.035269156,0.004128799
8790,0.83755344,0.11860256
8791,-0.53016853,-0.11726222
8792,-0.24080078,-0.12875742
8793,-0.16994758,-0.24052261
8794,-0.028745102,-0.2503903
8795,-0.36982718,-0.17101404
8796,-0.1756401,-0.3237216
8797,0.013960476,-0.31209922
8798,-0.6088399,-0.21464336
8799,-0.117623575,-0.29015502
8800,0.124921575,-0.30096513
8801,0.0925812,-0.3067044
8802,-0.4466295,-0.2833537
8803,0.2696004,-0.2970208
8804,-0.33706272,-0.34227878
8805,0.064838015,-0.32210183
8806,-0.23342068,-0.22538513
8807,0.4569825,-0.26204097
8808,-0.5661922,-0.2123833
8809,0.25653282,-0.2493705
8810,0.1456978,-0.37154013
8811,0.43175936,-0.33903223
8812,-0.17140593,-0.26562816
8813,-0.280494,-0.24772377
8814,-0.35272118,-0.29428267
8815,-0.058462102,-0.32487464
8816,0.2634287,-0.39173293
8817,-0.51974297,-0.24422498
8818,-0.39896223,-0.24700311
8819,0.009371907,-0.36376768
8820,0.3165776,-0.38275313
8821,-0.13733786,-0.35239923
8822,0.15295757,-0.36051708
8823,-0.32523656,-0.37004846
8824,-0.37245417,-0.30306137
8825,-0.15042692,-0.32873404
8826,-0.5132242,-0.15206525
8827,-0.24182814,-0.26057452
8828,-0.33228067,-0.107457966
8829,0.016571226,0.044564165
8830,0.24735658,-0.30696172
8831,-0.3250301,-0.34245062
8832,0.08393473,-0.37405854
8833,0.33558193,-0.4105453
8834,-0.031349126,-0.3165419
8835,-2.154382e-05,-0.3722294
8836,-0.14214787,0.4160682
8837,0.10039605,-0.12840652
8838,0.3651758,-0.18295267
8839,-0.6377729,-0.29113728
8840,-0.02273935,-0.20425105
8841,-0.45039448,-0.20474353
8842,-0.0490659,-0.26629043
8843,0.10382253,-0.27780432
8844,-0.047272474,-0.2372938
8845,-0.18633384,-0.20776282
8846,0.15274358,-0.33665645
8847,-0.088037714,-0.29774767
8848,-0.13584936,-0.28305668
8849,-0.04216267,-0.26643687
8850,0.20360246,-0.29874697
8851,-0.5358059,-0.27172935
8852,0.27567837,-0.33046186
8853,0.015417063,-0.29698068
8854,0.03440811,-0.2883842
8855,-0.12495884,-0.3042343
8856,-0.5218264,0.0078798905
8857,-0.14344352,-0.23836309
8858,0.048185293,-0.26484746
8859,-0.41947937,0.00054167956
8860,0.42522964,-0.09897206
8861,-0.5437788,0.108558685
8862,0.828959,-0.21622704
8863,0.63978696,-0.13110372
8864,-1.4400482,-0.010050911
8865,-0.58256596,0.07810484
8866,0.21662192,0.02646155
8867,-0.3519693,-0.1255798
8868,0.33182907,-0.29914027
8869,-0.29904953,-0.09360011
8870,0.11276094,-0.39637446
8871,0.6050376,-0.27359802
8872,-0.30714193,-0.31273466
8873,-0.07530069,-0.3291933
8874,0.23162694,0.025161415
8875,-0.25959384,-0.1251004
8876,-0.090121485,-0.28631586
8877,0.049374625,-0.30593064
8878,0.05862455,-0.33676344
8879,-0.27015,-0.34794074
8880,-0.79191214,-0.095550485
8881,0.075125806,-0.3131907
8882,-0.47579262,0.085476786
8883,0.3244436,-0.04992248
8884,-0.021175297,-0.27171668
8885,-0.5079043,-0.14177343
8886,-0.2835092,-0.30843166
8887,-0.20394136,0.13045715
8888,0.63729006,-0.29081953
8889,0.22334495,-0.37717313
8890,0.10473432,-0.3431164
8891,-0.24483244,-0.31958556
8892,0.5292721,-0.33228916
8893,-0.20053226,-0.37620735
8894,-0.079686426,-0.40776026
8895,-0.10126383,-0.31324208
8896,-0.17939264,-0.40388238
8897,0.33618087,-0.43503833
8898,-0.48725626,-0.3478256
8899,-0.51512355,-0.24993421
8900,0.35314783,-0.3854214
8901,0.18047126,-0.41452825
8902,0.17591622,-0.38923293
8903,0.12328756,-0.2972088
8904,0.013371999,-0.35638982
8905,-0.008538521,-0.39663273
8906,-0.5552096,-0.3179055
8907,0.009558721,-0.40650392
8908,0.5812423,-0.11306028
8909,0.4051137,-0.35183883
8910,-0.07748153,-0.3571208
8911,-0.30610132,-0.37754124
8912,0.2803654,-0.36816007
8913,-0.06796127,-0.30688608
8914,0.31057736,-0.36426365
8915,0.39366257,-0.31493235
8916,0.29790822,-0.2826952
8917,0.0074394047,-0.3446328
8918,0.008423743,-0.35603577
8919,0.15016973,-0.14728093
8920,0.1399064,-0.36889088
8921,0.059093907,-0.352686
8922,0.35523736,-0.36065668
8923,-0.24124259,-0.34825474
8924,0.2118965,-0.29036435
8925,0.14811337,-0.3685577
8926,0.13523555,-0.31464654
8927,0.21957988,-0.32752585
8928,-0.3463274,-0.266165
8929,0.71578497,-0.38879722
8930,0.30897522,-0.18955775
8931,-0.37729955,-0.1741419
8932,-0.19427685,-0.32030046
8933,0.46229494,-0.30655545
8934,-0.1060236,-0.36689502
8935,0.38567865,-0.21168987
8936,0.31609827,-0.24212843
8937,0.03712943,-0.2658599
8938,-0.10824515,-0.1830006
8939,-0.13120402,-0.25082463
8940,-0.22942336,-0.32012832
8941,0.12906581,-0.3166297
8942,-0.19006665,-0.34817094
8943,-0.08094387,-0.3266909
8944,0.19264409,-0.3930195
8945,0.3083242,-0.36928338
8946,-0.0013104579,-0.27536273
8947,0.2603845,-0.25862026
8948,-0.27062038,-0.35726374
8949,-0.33476985,-0.28613216
8950,-0.14217949,-0.30371433
8951,-0.29667708,-0.32391953
8952,-0.11554958,-0.20882027
8953,-0.3734177,-0.26481768
8954,0.35313526,-0.39051515
8955,0.8336914,-0.28447345
8956,-0.2635837,-0.3503883
8957,0.45805877,-0.18638282
8958,-0.06834584,-0.11521597
8959,0.47367698,-0.07205249
8960,0.20577562,0.07964149
8961,-0.34989014,-0.17974132
8962,0.933575,-0.20181122
8963,0.6961047,0.48561513
8964,-0.049807116,0.22298892
8965,0.31112438,-0.07815343
8966,0.5728162,0.012197755
8967,1.7564945,1.0167694
8968,0.3109882,1.6319814
8969,0.80080163,1.2494373
8970,0.11605269,0.64663285
8971,0.063537344,0.42457145
8972,-0.06938142,0.3725857
8973,-1.0070993,0.7754235
8974,0.13532138,0.095898554
8975,0.2247717,0.08368133
8976,0.33252367,-0.14410254
8977,-0.039466165,-0.06350474
8978,0.19637756,-0.16795251
8979,-0.17603187,-0.036804777
8980,0.18423127,-0.19627187
8981,-0.41956136,-0.14213297
8982,0.601889,-0.061308328
8983,0.12930812,-0.0946254
8984,0.21688482,0.07817365
8985,-0.37589547,-0.19987366
8986,-0.43013442,-0.24844512
8987,0.32789063,-0.21212985
8988,-0.3962706,-0.1961899
8989,0.09498229,-0.12613472
8990,0.376265,-0.2635449
8991,-0.2079818,-0.08880056
8992,-0.037098885,-0.35274786
8993,-0.039624754,-0.20052296
8994,-0.26326722,-0.34087878
8995,-0.3240662,-0.2830974
8996,-0.54225695,-0.024343412
8997,-0.64641446,-0.09510576
8998,0.077467896,-0.18811399
8999,0.3505415,-0.19011344
9000,-0.38581878,0.021978728
9001,0.6641505,-0.3199975
9002,-0.31548974,-0.35011756
9003,-0.0957356,-0.2946363
9004,0.4758473,-0.2765103
9005,-0.1263121,-0.33126247
9006,0.20323868,-0.3615104
9007,-0.46229765,-0.3252378
9008,-0.5669304,-0.2818758
9009,-0.24405988,-0.3340159
9010,0.5771985,-0.37322915
9011,-0.13212779,-0.36918038
9012,0.39112347,-0.28092575
9013,0.04673492,-0.35183114
9014,-0.3736815,-0.347461
9015,0.41196492,-0.34189832
9016,0.22638197,-0.38919443
9017,-0.043601174,-0.33141
9018,0.100203596,-0.3248884
9019,0.74778324,0.02722092
9020,0.37873122,-0.034631982
9021,0.4561884,0.008496642
9022,0.28051364,-0.10375798
9023,-0.18238781,-0.1612075
9024,0.5473751,-0.17215529
9025,0.028677188,-0.22244515
9026,0.02280659,-0.21444428
9027,-0.40790895,-0.22172455
9028,0.23806459,-0.28940302
9029,0.27118847,-0.01641145
9030,0.08339046,-0.07218094
9031,-0.18297447,-0.08217353
9032,0.27260998,-0.16070247
9033,-0.06632571,-0.16540053
9034,-0.5745558,-0.17715448
9035,0.5017703,-0.2411762
9036,0.23515804,-0.18605033
9037,0.5332772,-0.027921446
9038,-0.4296416,-0.06644071
9039,-0.09573689,-0.22728299
9040,-0.41382697,-0.027991053
9041,-0.10877175,-0.16303569
9042,0.03743313,-0.32769036
9043,-0.38550597,-0.19494537
9044,-0.31591207,-0.24889067
9045,0.24422112,-0.29418904
9046,-0.022358732,-0.34004772
9047,0.17686373,-0.11840229
9048,0.3250638,-0.28187734
9049,-1.8651823,1.180994
9050,0.2980582,0.2605093
9051,0.14730026,0.061186105
9052,-0.36755422,0.072402105
9053,1.6464616,0.48375136
9054,0.35775238,0.60710716
9055,-0.8831184,0.36134154
9056,-0.28971896,0.01767052
9057,-0.14791925,0.16848785
9058,-0.26719055,-0.24418366
9059,-0.7909997,0.026249371
9060,-0.12107197,-0.043439113
9061,-0.9032608,0.5931263
9062,-0.5651598,-0.09613469
9063,0.7347684,-0.112902276
9064,-0.42795062,-0.20459023
9065,0.3607006,-0.3178289
9066,0.09026744,-0.20913298
9067,0.6040079,-0.33346415
9068,-0.32561204,-0.28164035
9069,0.17031989,-0.358455
9070,0.058885388,-0.41074622
9071,-0.0340565,-0.2664541
9072,0.37955502,-0.35488987
9073,0.006406841,-0.35888112
9074,0.06503668,-0.38418883
9075,0.13765998,-0.38089585
9076,0.2244722,-0.3618037
9077,-0.09819871,-0.35768217
9078,-0.10983966,-0.41296995
9079,0.18624775,-0.36406237
9080,0.26790476,-0.4142006
9081,0.10771991,-0.4204533
9082,-0.046781667,-0.334633
9083,-0.19176535,-0.23881014
9084,0.0062241657,-0.37501597
9085,-0.036812443,-0.3706751
9086,0.14745586,-0.3769064
9087,0.0038323926,-0.33899015
9088,-0.16653349,-0.3213337
9089,0.0073548844,-0.42480254
9090,0.194008,-0.39767045
9091,-0.2520899,-0.37256896
9092,-0.306924,-0.3562246
9093,-0.047163848,-0.4389643
9094,0.15230744,-0.3936407
9095,0.19412687,-0.34629565
9096,-0.3307025,-0.3402804
9097,0.39726093,-0.3916214
9098,-0.36639497,-0.36543083
9099,0.35983384,-0.44418913
9100,0.063972,-0.34352154
9101,-0.3100278,-0.35717964
9102,-0.08118455,-0.3786528
9103,-0.35905653,-0.28308004
9104,-0.10139435,0.079113826
9105,-0.8254053,-0.09418434
9106,0.058735523,-0.22641769
9107,0.26089105,-0.35612524
9108,0.35832614,-0.3254627
9109,-0.04311741,-0.3914904
9110,-0.25268528,-0.40040565
9111,0.13897382,-0.44606262
9112,-0.26768357,-0.37959814
9113,-0.4645611,-0.13134436
9114,-0.3171602,-0.23333713
9115,0.38821802,-0.26938173
9116,0.12306304,-0.352916
9117,0.15724024,-0.23650979
9118,-0.23703809,-0.2596499
9119,-0.9091854,-0.078656465
9120,-0.0388904,-0.2710058
9121,0.20090385,-0.3275913
9122,0.031568483,-0.35835528
9123,-0.6208007,-0.172604
9124,-0.32535174,-0.17385978
9125,-0.063390605,-0.04130286
9126,-0.41578633,-0.054572
9127,-0.8373392,0.118935615
9128,0.81428236,-0.123301364
9129,0.49976948,-0.14425156
9130,-0.22409208,-0.35925108
9131,0.31418267,-0.32521057
9132,0.25527465,-0.2762834
9133,-0.012271291,-0.23980686
9134,-0.13575765,-0.30569893
9135,-0.048326634,-0.38579583
9136,-0.18820249,-0.38344973
9137,-0.13144404,-0.38180268
9138,-0.039135106,-0.3625905
9139,0.2364577,-0.3551613
9140,0.2673455,-0.36801434
9141,-0.15612452,-0.40802252
9142,-0.21274263,-0.29658318
9143,0.050869778,-0.34411228
9144,0.100036405,-0.37361652
9145,-0.35427713,-0.35113394
9146,-0.05268528,-0.32466787
9147,-0.37720138,-0.20694305
9148,-0.10626246,-0.16839449
9149,-0.46496904,-0.09217143
9150,-0.7367181,0.13833265
9151,-0.5847678,0.43802398
9152,0.6663283,0.11608443
9153,-0.04274317,-0.1862763
9154,-0.41100124,-0.27179006
9155,-0.522188,-0.18578352
9156,-0.22719632,0.16818213
9157,-0.12703748,-0.13777183
9158,-0.19574715,-0.1798219
9159,-0.7624946,0.3132642
9160,-0.01817085,0.13695487
9161,0.035618596,0.081383735
9162,0.23071885,-0.19021055
9163,0.0024598578,-0.1600722
9164,0.12652124,-0.24702007
9165,0.22244008,-0.14482266
9166,0.31855467,-0.3228686
9167,-0.38142917,-0.21100305
9168,-0.3749267,-0.28876817
9169,0.27521184,-0.36093044
9170,-0.4180625,-0.29486883
9171,0.36299032,-0.32284093
9172,-0.8124514,-0.27214366
9173,0.58202344,-0.4206795
9174,-0.18339849,-0.41471332
9175,0.53704005,-0.4035948
9176,0.18814886,-0.19361533
9177,-0.22806284,0.19235747
9178,-0.03889298,-0.38167495
9179,-0.17561884,-0.31448877
9180,0.31379056,-0.4032346
9181,-0.052146643,-0.3892762
9182,0.25887966,-0.38255614
9183,0.3292012,-0.3309735
9184,0.16968274,-0.27846974
9185,0.32741103,-0.29677337
9186,0.10407371,-0.405257
9187,-0.39382064,-0.20285353
9188,-0.20329909,-0.39750558
9189,-0.3156905,-0.33608162
9190,0.12688917,-0.41164094
9191,0.2819075,-0.26743054
9192,0.23305582,-0.37298542
9193,0.08922717,-0.37387657
9194,-0.02203757,-0.3383413
9195,-0.24864148,-0.39893478
9196,-0.36063012,-0.36499816
9197,0.046857137,-0.40452856
9198,0.16885057,-0.42676455
9199,-0.23269889,-0.35596687
9200,-0.30795103,-0.41392666
9201,0.29024705,-0.3485747
9202,0.23315808,-0.39667672
9203,0.22534454,-0.4578731
9204,0.24325211,-0.40055013
9205,-0.08529009,-0.23826225
9206,0.16140936,-0.3930152
9207,-0.29945868,-0.349522
9208,0.64084226,-0.3935538
9209,-0.37669516,-0.39721942
9210,-0.35952958,-0.37781364
9211,0.040032484,-0.3918786
9212,0.1613623,-0.4447176
9213,-0.1455232,-0.42256874
9214,0.29938206,-0.42131686
9215,-0.09088525,-0.39840811
9216,0.47871184,-0.34984392
9217,-0.08373243,-0.3551287
9218,0.21928112,-0.35568047
9219,-0.2379227,-0.17026947
9220,0.028648503,-0.37168688
9221,-0.3308182,-0.2787978
9222,0.0064805737,-0.38033795
9223,0.19428627,-0.35427558
9224,-0.26462814,-0.39238793
9225,-0.4757155,-0.29459453
9226,0.08243887,-0.35196143
9227,-0.33374134,-0.3792178
9228,-0.035308387,-0.37765706
9229,0.14306547,-0.39044076
9230,0.50960505,-0.3244201
9231,-0.03859382,-0.36516047
9232,0.049344376,-0.40830415
9233,-0.034891695,-0.40498948
9234,-0.25284556,-0.3804015
9235,0.19872728,-0.40436572
9236,0.25560182,-0.415213
9237,0.012399041,-0.3911628
9238,-0.29447213,-0.38123375
9239,-0.21953414,-0.3627317
9240,-0.17483597,-0.40300202
9241,0.19328237,-0.40514553
9242,0.20378442,-0.4309039
9243,-0.1299791,-0.40696472
9244,0.2721703,-0.3945099
9245,-0.17347899,-0.39673328
9246,-0.21948123,-0.40203202
9247,-0.018386636,-0.40584707
9248,0.13423917,-0.37035775
9249,-0.1658786,-0.4022051
9250,0.2098648,-0.4155066
9251,-0.02731104,-0.33316886
9252,-0.24843927,-0.3937515
9253,-0.05173094,-0.40904737
9254,-0.07328016,-0.34655458
9255,0.07128286,-0.24837117
9256,-0.2478093,-0.35241073
9257,-0.37927535,-0.19098742
9258,0.50171447,-0.30096865
9259,-0.25646448,-0.32844418
9260,-0.12560882,-0.38839054
9261,0.17221679,-0.4098454
9262,0.13978122,-0.40761673
9263,-0.35763377,-0.3711607
9264,-0.3022197,-0.30437416
9265,0.13154753,-0.4272163
9266,-0.09712427,-0.38868457
9267,-0.18287508,-0.44851077
9268,0.51742053,-0.4432971
9269,0.1623905,-0.450711
9270,0.13889763,-0.4320892
9271,-0.1661564,-0.32436824
9272,-0.16929682,-0.43751305
9273,0.34137905,-0.42832714
9274,0.22615902,-0.42725348
9275,-0.2260538,-0.38499266
9276,0.19857793,-0.44400895
9277,0.12569612,-0.4412372
9278,0.022778092,-0.46980983
9279,-0.16362558,-0.40074462
9280,0.08652874,-0.45819068
9281,0.12664264,-0.44163537
9282,0.1600139,-0.45793098
9283,0.12756756,-0.41619813
9284,-0.18197611,-0.38392687
9285,-0.028332058,-0.41232425
9286,-0.00066065555,-0.40811956
9287,-0.18902072,-0.44081533
9288,0.1390965,-0.4307875
9289,0.044620372,-0.44807178
9290,0.030688003,-0.43171763
9291,-0.22226626,-0.3808413
9292,-0.22837414,-0.39732414
9293,0.15603273,-0.41358966
9294,0.055099767,-0.42224658
9295,0.11387121,-0.40958202
9296,-0.26231456,-0.4119565
9297,-0.09015964,-0.41017514
9298,-0.21490611,-0.4407943
9299,0.077716224,-0.38595122
9300,-0.1227424,-0.40636408
9301,0.11090518,-0.4409511
9302,0.15537404,-0.40361738
9303,0.13535805,-0.4227985
9304,-0.25219843,-0.428173
9305,0.034023393,-0.4527135
9306,-0.08082171,-0.44664568
9307,-0.056657005,-0.44571185
9308,0.100690454,-0.43715173
9309,-0.1988023,-0.3751955
9310,0.010615815,-0.41843063
9311,0.32685444,-0.31675267
9312,0.11113917,-0.30429077
9313,0.10518749,-0.3793881
9314,0.025275992,-0.39704388
9315,0.025784852,-0.41939068
9316,-0.0118831955,-0.38641256
9317,-0.202181,-0.40920419
9318,-0.039231557,-0.4232102
9319,-0.16857198,-0.42229956
9320,-0.17086878,-0.35606194
9321,0.4493277,-0.4054578
9322,0.03006906,-0.33654386
9323,0.13199277,-0.41019982
9324,-0.07666392,-0.4464265
9325,0.13454574,-0.4229318
9326,-0.506985,-0.2935234
9327,0.1843548,-0.3080389
9328,0.2670982,-0.33433986
9329,0.36603776,-0.305351
9330,-0.116344705,-0.35771245
9331,-0.199846,-0.26119274
9332,0.11271683,-0.42334312
9333,0.19075058,-0.40310645
9334,0.19735123,-0.3703423
9335,-0.17806177,-0.31599635
9336,0.05089804,-0.3122332
9337,0.37132224,-0.32848448
9338,0.4422435,-0.13944851
9339,0.011838508,-0.25701278
9340,0.53997743,0.03485068
9341,1.0035998,0.9995595
9342,0.49183962,0.83010674
9343,-0.39198178,0.21116613
9344,0.01784174,-0.0018856823
9345,-0.5765717,0.10644144
9346,0.49552545,-0.11887969
9347,0.2053327,-0.07206162
9348,-0.2595189,-0.21609712
9349,-0.147379,-0.23351659
9350,0.24602753,-0.18903194
9351,-0.18659608,-0.0072345436
9352,0.24797173,-0.2734221
9353,-0.11202681,-0.06246442
9354,0.4182687,-0.15255904
9355,-0.4509355,-0.21966423
9356,0.20403974,-0.25649053
9357,0.08449119,-0.32102275
9358,-0.16603458,-0.37459534
9359,-0.22928113,-0.37138367
9360,-0.56157243,-0.20861317
9361,-0.44746318,-0.22206272
9362,0.23565242,-0.28593284
9363,0.30119395,-0.36299688
9364,-0.09506291,-0.3992607
9365,-0.2942079,-0.37804472
9366,0.4274592,-0.34349388
9367,0.5153239,-0.3485263
9368,-0.2203179,-0.33027095
9369,0.03475018,0.110161856
9370,-0.3247825,-0.33965796
9371,0.59640926,-0.41960037
9372,0.69088846,-0.29635975
9373,0.4968696,0.28082854
9374,-0.6055041,-0.19181746
9375,0.6247618,-0.09225439
9376,-0.022574771,-0.1900359
9377,-0.24672537,-0.25727475
9378,-0.15987408,-0.38109767
9379,-0.39411932,-0.053555023
9380,-0.45451036,-0.21815191
9381,0.23382866,-0.32532316
9382,0.07794771,-0.38815445
9383,0.08615342,-0.34499758
9384,-0.5784771,-0.34031242
9385,-0.35037997,-0.24577399
9386,0.16838998,-0.3825425
9387,-0.33366185,-0.35123384
9388,0.30713367,-0.33132768
9389,0.17784141,-0.40725446
9390,0.09563579,-0.44387525
9391,0.8649749,-0.31712288
9392,0.13780692,-0.31091136
9393,0.32213956,-0.37135524
9394,-0.48176354,-0.29949698
9395,0.04024838,-0.37216032
9396,0.70955306,-0.03166922
9397,-0.23691411,-0.2754059
9398,-0.4900603,-0.31701082
9399,0.058217693,-0.3471979
9400,-0.25551456,-0.3319707
9401,-0.13398026,-0.35486937
9402,-0.042006876,-0.39563417
9403,0.04531134,-0.4125852
9404,-0.113945186,-0.39006066
9405,0.16543174,-0.2820315
9406,-0.20010494,-0.3560298
9407,0.024318282,-0.29022977
9408,0.1353016,-0.40304047
9409,-0.7418278,-0.30413014
9410,-0.06393373,-0.28982726
9411,0.322391,-0.17261428
9412,0.058200408,-0.35917878
9413,0.09126069,-0.321526
9414,0.4090195,-0.06490475
9415,-0.30084246,-0.27451444
9416,-0.006723146,-0.3401109
9417,0.2495539,-0.3470648
9418,-0.030674748,-0.36619198
9419,-0.28741643,-0.3520829
9420,-0.18572728,-0.35764217
9421,0.07740459,-0.34930283
9422,-0.20157988,-0.33480132
9423,-0.053013533,-0.21309116
9424,-0.1062396,-0.24791414
9425,0.2452834,-0.3469532
9426,-0.25123468,-0.34889787
9427,0.046372574,-0.32859528
9428,0.24569851,-0.1992333
9429,-0.01888315,-0.26673204
9430,-0.23179965,-0.36895144
9431,-0.4264706,-0.32029206
9432,-0.41851285,-0.13800439
9433,0.20209274,-0.27977416
9434,-0.20522489,-0.33555937
9435,0.027786013,-0.36108583
9436,0.5232506,-0.1164832
9437,-0.48021656,-0.20076393
9438,1.2982705,0.08359644
9439,-1.0970256,0.2326928
9440,0.012193246,-0.20714267
9441,-0.40704128,-0.08272019
9442,-0.07543845,-0.27797312
9443,0.581755,-0.26903832
9444,0.105273336,-0.20480786
9445,-0.21271479,-0.28477424
9446,-0.3208853,-0.13278562
9447,0.17002411,-0.11210503
9448,-0.66650146,0.3422169
9449,0.31888118,-0.2002857
9450,-0.8027254,-0.19208959
9451,0.32834816,-0.08549388
9452,-0.004288099,-0.27746224
9453,-0.252223,-0.22834
9454,-0.076479025,-0.23954663
9455,0.22159371,-0.36611807
9456,-1.163664,0.012446761
9457,0.44180474,-0.21437047
9458,0.5794272,-0.32725835
9459,0.18328011,-0.1718121
9460,0.39698574,-0.2880562
9461,-0.44770592,-0.257488
9462,-0.11322353,-0.08783394
9463,-0.6801602,-0.16356227
9464,-0.019982934,-0.19482209
9465,0.09251665,-0.36013997
9466,-0.36471918,-0.32572067
9467,0.09250211,-0.27174225
9468,-0.6507516,-0.11679348
9469,0.77885365,-0.29419327
9470,0.22598252,-0.3049682
9471,-0.26177847,-0.2694924
9472,-0.3813248,-0.30964696
9473,0.4928559,-0.36695898
9474,-0.12355305,-0.41023117
9475,0.36036515,-0.36305732
9476,-0.07947584,-0.384368
9477,0.11380628,-0.3444907
9478,0.21803634,-0.35592514
9479,0.20027962,-0.21513852
9480,0.35183528,-0.2776581
9481,0.0772578,-0.2779662
9482,-0.73716176,-0.0037552007
9483,-0.30044886,-0.28486001
9484,-0.31632233,-0.36350262
9485,-0.3277247,-0.32562453
9486,-0.15085608,-0.35587573
9487,-0.20359856,-0.23147704
9488,0.60428673,-0.16467498
9489,-0.62102884,-0.089152366
9490,-0.04756196,-0.34457242
9491,0.28760675,-0.4071055
9492,0.35966188,-0.36214596
9493,0.121883295,-0.37432873
9494,-0.07338772,-0.38731366
9495,-0.26718092,-0.35228014
9496,0.0016987717,-0.4346425
9497,0.32175517,-0.38584214
9498,0.08835623,-0.42546946
9499,-0.18534403,-0.42875177
9500,0.31076816,-0.39259446
9501,0.10537858,-0.39817786
9502,-0.06353555,-0.3530826
9503,0.14621061,-0.05962484
9504,-0.29458812,-0.18477353
9505,0.31670347,-0.2960094
9506,-0.14266787,-0.36644548
9507,-0.37795597,-0.3248126
9508,0.13780726,-0.30072898
9509,0.18868357,-0.3645683
9510,0.4351775,-0.33506602
9511,0.30870458,-0.24824587
9512,-0.28752905,-0.26182544
9513,-0.34629548,-0.27504843
9514,0.01697446,-0.34408712
9515,0.27215615,-0.35368878
9516,0.15864812,-0.36513877
9517,0.14728023,-0.30136693
9518,-0.14641578,-0.27655184
9519,0.19183387,-0.2258999
9520,0.18812887,-0.21628089
9521,0.49432456,-0.16307536
9522,-0.020528872,-0.2746665
9523,0.3735157,0.013461143
9524,0.13030222,-0.25316757
9525,0.033655763,-0.2207182
9526,-0.33080512,-0.28499743
9527,0.24970268,-0.3174498
9528,-0.2843461,-0.29495537
9529,0.15308137,-0.28594667
9530,0.525699,-0.22890954
9531,-0.29122448,-0.32181233
9532,-0.055702854,-0.28966492
9533,0.151487,-0.22619684
9534,0.0438858,-0.08764214
9535,-0.78344584,-0.05117758
9536,-0.3268521,-0.24043304
9537,0.34571812,-0.29834533
9538,-0.82724303,-0.117100105
9539,0.22314288,-0.3075357
9540,-0.4026044,-0.29491153
9541,0.14484449,-0.32866335
9542,-0.090397045,-0.3120386
9543,-0.31053418,-0.043144297
9544,0.7921261,-0.2666356
9545,-0.1757439,-0.30334026
9546,0.17222515,-0.38900167
9547,1.1985201,-0.12899664
9548,0.20680784,0.14934531
9549,-0.3261818,-0.15142636
9550,0.46867117,-0.07489465
9551,0.30919126,-0.28444073
9552,-0.20315805,-0.3035606
9553,0.028562669,-0.29134727
9554,0.30535477,-0.29439092
9555,-0.48640612,-0.24571195
9556,0.017815392,-0.32633364
9557,-0.4970249,-0.31451392
9558,0.13782617,-0.26652446
9559,-0.28117806,-0.3183828
9560,0.29506007,-0.26575235
9561,-0.31524223,-0.31235987
9562,-0.60413665,-0.20156172
9563,0.3718534,-0.2696305
9564,-0.0023080648,-0.27575654
9565,0.33580405,-0.24692293
9566,0.029576868,-0.31368077
9567,-0.15981798,-0.32386148
9568,0.0013474452,-0.41195357
9569,0.19242333,-0.42922646
9570,0.031674113,-0.3880294
9571,0.051683698,-0.3801092
9572,-0.30157486,-0.36568242
9573,0.28497976,-0.436117
9574,-0.03384055,-0.41040462
9575,-0.261533,-0.38822877
9576,-0.17443915,-0.39759135
9577,0.16431041,-0.44126594
9578,0.10720405,-0.36014026
9579,0.4401547,-0.32342678
9580,-0.74210846,-0.32912213
9581,-0.10123694,-0.341707
9582,0.18286125,-0.44733584
9583,0.31208807,-0.41847676
9584,-0.20811804,-0.36807042
9585,0.24054508,-0.35100567
9586,-0.21012682,-0.2375132
9587,-0.27557078,-0.33317566
9588,-0.024813293,-0.34407383
9589,-0.21298528,-0.35079575
9590,0.010246529,-0.37023222
9591,-0.07472636,-0.39581043
9592,0.05320574,-0.3146156
9593,0.33658817,-0.37639016
9594,0.32004815,-0.38618493
9595,-0.06593626,-0.31630874
9596,-0.04568177,-0.39720124
9597,1.5414108,0.5997108
9598,-0.39366552,0.022013962
9599,-0.12027131,-0.2253352
9600,-0.11022023,-0.26104116
9601,-0.11065169,-0.34728724
9602,0.361457,-0.3613003
9603,-0.36211067,-0.29155102
9604,0.16305208,-0.3771801
9605,-0.26986974,-0.38115907
9606,0.25818917,-0.3655805
9607,0.04656814,-0.39974397
9608,-0.061322223,-0.2685356
9609,-0.006297875,-0.38376975
9610,-0.20871496,-0.33746362
9611,-0.36460298,-0.2898283
9612,0.13942194,-0.35000128
9613,0.0804239,-0.35075825
9614,0.17442733,-0.28487128
9615,0.10701213,-0.2838723
9616,-0.05653354,-0.3477618
9617,0.39093524,-0.2552903
9618,0.16740316,-0.22459398
9619,0.23397334,-0.11365044
9620,0.090481825,-0.06325506
9621,0.23003225,-0.20935068
9622,0.17800896,0.14208886
9623,0.6801326,0.29116732
9624,0.16586038,0.088194564
9625,0.071780846,0.06846164
9626,-0.4546197,-0.045355193
9627,0.73711467,0.0074557066
9628,-0.46137318,-0.054496475
9629,-0.2750415,0.065370634
9630,-0.50461936,0.0035464764
9631,0.1067833,-0.09819259
9632,-0.61677635,0.10931209
9633,-0.6243549,0.20434679
9634,0.49950358,0.18772916
9635,-0.23016076,-0.09259939
9636,0.6789936,-0.26719216
9637,-0.21547711,-0.13953558
9638,0.2954846,-0.29637095
9639,0.28584743,-0.22953539
9640,-0.09770071,-0.18571627
9641,0.10364727,-0.29494762
9642,0.20591334,-0.2310416
9643,-0.33640903,-0.2987824
9644,-0.43154013,-0.13280647
9645,-0.07422548,-0.21774818
9646,0.016211472,0.0024124905
9647,1.0484722,0.03313499
9648,0.21790887,-0.19342802
9649,-0.4874385,-0.14260739
9650,0.09352752,0.07565868
9651,0.34318748,-0.27536047
9652,1.2630631,0.103692815
9653,1.1932214,1.0567367
9654,0.7491458,0.926801
9655,-0.7929451,0.5368635
9656,-0.55312055,0.112367615
9657,1.0496848,0.9610338
9658,-0.40585932,0.0819982
9659,0.71095467,0.11845644
9660,0.19699389,-0.1041781
9661,-0.33017966,-0.1683745
9662,-0.19182391,-0.16931462
9663,0.9334302,-0.0064857192
9664,-0.53428656,-0.20905817
9665,0.35305795,-0.3611591
9666,0.1894495,-0.21089517
9667,-0.3479042,-0.17141253
9668,0.12136613,-0.24370883
9669,-0.28113678,-0.23625623
9670,-0.27928215,-0.27325284
9671,0.30215397,-0.28769606
9672,-0.5694793,-0.27806482
9673,-0.30846915,-0.11534013
9674,-0.30472136,-0.19111903
9675,0.3799606,-0.33099842
9676,0.26245174,-0.3380723
9677,0.26813456,-0.29651332
9678,0.18527544,-0.24643749
9679,0.5214114,-0.13196626
9680,-0.17734534,-0.19665645
9681,-0.19101788,-0.3250293
9682,0.1786019,-0.31706297
9683,-0.11819778,-0.35847616
9684,-0.14523397,-0.3061435
9685,-0.22439273,-0.28295267
9686,0.09236955,-0.35133618
9687,-0.47316375,-0.2995728
9688,0.39010566,-0.3687063
9689,0.4173452,-0.33179975
9690,0.05957625,-0.35169458
9691,-0.28987318,-0.30994546
9692,0.14707072,-0.3137405
9693,-0.29785594,-0.316639
9694,0.1489076,-0.23871924
9695,-0.12468467,-0.26633877
9696,0.3008661,-0.31189424
9697,-0.39122847,-0.26993442
9698,0.43174705,-0.2513973
9699,0.6057915,0.029524513
9700,0.052863486,-0.095677026
9701,-0.005197104,-0.019522011
9702,-0.33221892,0.23902218
9703,-0.13549945,-0.18666413
9704,0.44720834,-0.25424433
9705,0.3042106,-0.12962653
9706,-0.15046737,-0.26878753
9707,-0.27083525,-0.2666192
9708,0.107522264,-0.1955863
9709,-0.25498804,-0.21749036
9710,-0.16837843,-0.26866487
9711,-0.5238723,-0.11052397
9712,0.090020746,-0.31208986
9713,0.22493012,-0.25843197
9714,0.27141583,-0.30262133
9715,-0.26166183,-0.14207566
9716,0.16797432,-0.41957992
9717,-0.07256245,-0.27786046
9718,-0.10091078,-0.3096966
9719,-0.49738336,-0.28743705
9720,0.12039816,0.056740753
9721,-0.3723248,-0.18125537
9722,0.2558471,-0.30805284
9723,0.17248094,-0.26303577
9724,0.42065087,-0.28159815
9725,-0.63550776,0.25742054
9726,-0.2568776,-0.16600169
9727,0.24360949,-0.0774246
9728,-0.7022042,0.011458583
9729,0.41263714,-0.24681567
9730,0.37951398,-0.32752424
9731,-0.6701514,-0.21618538
9732,0.6860929,-0.25724334
9733,-0.3708428,-0.15415666
9734,0.32481715,-0.22744624
9735,-0.02128089,-0.2511599
9736,1.8055289,0.47310668
9737,0.6597535,0.5565877
9738,-0.09783012,0.14363383
9739,1.4088812,0.5678922
9740,0.042533528,0.27617794
9741,0.5969057,0.16927785
9742,0.3913608,0.36269438
9743,-0.5924487,0.16462217
9744,-0.40904573,0.45402175
9745,-0.4645488,0.1569748
9746,0.62627137,0.082433194
9747,0.6375555,-0.048250165
9748,-0.6434182,-0.18060602
9749,-0.05863025,-0.101338856
9750,0.009508765,-0.27063775
9751,0.40340358,-0.16243646
9752,-0.0022692278,-0.30150047
9753,0.23315556,-0.19742021
9754,0.00785181,-0.21781819
9755,0.44898462,-0.18660255
9756,2.6914256,2.838897
9757,1.4678266,0.9053264
9758,-0.15063293,0.80779284
9759,0.16159524,0.3247621
9760,-0.19662176,0.5593563
9761,0.33298495,-0.1187989
9762,0.32547808,-0.07790305
9763,0.17858969,0.18838853
9764,-0.65827703,0.020547643
9765,-0.22458318,0.04165832
9766,0.6204026,-0.0639067
9767,-0.46053052,0.0047800317
9768,-1.1852987,0.46308398
9769,0.176679,0.12439105
9770,0.46885058,-0.2244874
9771,0.51935667,0.013417043
9772,0.95532864,0.09636265
9773,0.021476936,-0.045052104
9774,0.039083283,-0.03245178
9775,0.37312582,-0.05174677
9776,0.5284607,0.11142108
9777,-0.010555926,-0.028680418
9778,0.4143219,-0.0049836226
9779,-0.4375209,0.02860573
9780,0.10720741,-0.19588642
9781,-0.09532915,-0.17599644
9782,0.27846265,-0.19786838
9783,-0.62989813,-0.021280024
9784,0.112758376,-0.24074271
9785,0.09495857,0.040419586
9786,0.871799,0.051905163
9787,0.61095804,0.1966141
9788,0.24792899,0.25178754
9789,0.5638647,0.53390706
9790,-0.43705237,0.76128775
9791,0.40941176,0.2887609
9792,0.043160338,-0.05541436
9793,-1.034796,0.22433008
9794,-0.9345463,0.69883186
9795,-0.7515563,0.5988475
9796,1.4221649,0.11323178
9797,0.1668478,0.279249
9798,-0.92466354,0.2582184
9799,0.5340611,0.16826698
9800,0.51212853,0.04748375
9801,0.33220252,0.090945795
9802,-0.09874108,-0.012520157
9803,0.111856036,-0.09786054
9804,0.6592011,0.05305524
9805,0.29165387,0.21257012
9806,-0.041288383,0.061847195
9807,-0.0851685,0.14992504
9808,0.57445717,0.011437371
9809,-0.32189247,-0.03302276
9810,0.095365606,0.08387372
9811,-0.8166089,0.45436758
9812,-0.042533647,0.21435292
9813,-0.04478486,0.02143649
9814,0.12161456,0.09009127
9815,0.8517033,0.04206141
9816,-1.0435157,-0.08139964
9817,0.3336856,-0.14554405
9818,1.4356377,0.29529667
9819,0.014650525,1.6107571
9820,-0.11354807,0.29793358
9821,-0.34283474,0.6161704
9822,1.7431098,0.6955337
9823,-0.3738543,0.7501719
9824,0.8045955,0.57728887
9825,0.30427283,0.74694276
9826,-0.53773296,0.7310881
9827,-0.2652588,1.4897941
9828,1.8891768,0.7511194
9829,-1.4418522,1.5095358
9830,-3.1512043,2.9804814
9831,-0.05211005,1.6900655
9832,0.9245448,0.7429197
9833,-0.5216159,0.49928784
9834,0.66512924,0.71748316
9835,0.27276668,0.3573056
9836,0.8354747,0.21421717
9837,-0.38866284,0.3279879
9838,0.6106565,-0.041349396
9839,0.63112843,0.05529271
9840,-0.8554462,0.15836711
9841,0.6805586,-0.07289523
9842,0.16922553,-0.14942437
9843,-0.5516746,-0.0519073
9844,0.11186388,-0.0849852
9845,0.1450641,-0.1962298
9846,0.5925956,-0.04482454
9847,-0.5562908,-0.08725813
9848,-0.45239744,-0.05908894
9849,-0.945779,0.1794892
9850,-0.8258247,0.068550006
9851,-0.47087187,0.198875
9852,0.6654568,-0.1253103
9853,-2.1618333,0.41102773
9854,0.77392375,-0.05491335
9855,-0.8097083,-0.067147076
9856,-1.7432704,1.3407341
9857,0.33194777,0.49255908
9858,0.9924205,-0.17214006
9859,0.85764366,-0.117745824
9860,-0.079747885,-0.12064946
9861,-0.11067595,-0.16693115
9862,-0.054774836,-0.2439032
9863,0.15881877,-0.1855838
9864,-0.24272689,-0.16438448
9865,-1.2999139,0.25451553
9866,1.121535,-0.31992936
9867,1.6428466,0.09311676
9868,0.46923733,-0.12539305
9869,-0.08724895,-0.07325911
9870,0.17811498,-0.20645006
9871,0.41363627,-0.031883694
9872,0.122389406,-0.20818113
9873,-0.05578096,-0.08368837
9874,-0.6651853,-0.15010798
9875,0.57894236,-0.32066655
9876,0.14357089,-0.32115996
9877,-0.2912559,-0.27215475
9878,0.114567555,-0.05378981
9879,0.26817712,-0.12238232
9880,-0.28945336,-0.15901639
9881,-0.9275695,0.52005726
9882,-0.4878145,0.031252228
9883,-0.60147077,-0.019463662
9884,0.666842,-0.09119908
9885,0.037457634,-0.25363773
9886,0.08830948,-0.297276
9887,-0.3516963,-0.13204904
9888,0.5415485,-0.34509933
9889,0.48022622,-0.3003013
9890,-0.15849237,-0.3291434
9891,0.21881483,-0.17723638
9892,-0.28860593,-0.20987205
9893,-0.5414921,-0.24857955
9894,0.18612087,-0.2934032
9895,0.12133037,-0.27242056
9896,-0.22624367,-0.3012602
9897,-0.057874948,-0.21503773
9898,0.048473787,-0.049777698
9899,0.0962614,-0.27708966
9900,0.26809642,-0.17258394
9901,0.603145,-0.28663707
9902,0.10631232,-0.16815156
9903,-0.4555171,-0.18588218
9904,0.06476666,-0.24243113
9905,0.56101584,-0.3309145
9906,-0.19014613,-0.16211022
9907,-0.33917716,-0.2208833
9908,0.086823575,-0.3182513
9909,-0.89937544,-0.0041123927
9910,0.07717241,-0.19763109
9911,-0.3973402,-0.07751134
9912,-0.58139855,0.12226541
9913,-0.8173564,0.22999986
9914,0.16207875,0.6070585
9915,-0.31092262,0.120733574
9916,-0.7793992,0.10316096
9917,-0.18821518,0.18241964
9918,0.8871546,-0.00470772
9919,0.5975717,0.16227949
9920,-0.004963547,-0.21993
9921,-0.76291937,-0.11927784
9922,-0.7515837,-0.08408191
9923,-0.7486471,0.23897497
9924,-0.48921436,0.4410023
9925,-1.0976067,0.847414
9926,0.36427322,0.24186008
9927,1.0019011,0.06587395
9928,0.12912804,-0.09504995
9929,0.11103898,-0.29556412
9930,-0.5306779,-0.19598474
9931,0.7708466,-0.26238555
9932,0.6514772,-0.23710471
9933,-0.13243428,-0.20731784
9934,0.17843443,-0.317791
9935,-0.14135534,-0.29522225
9936,-0.075727075,-0.3397087
9937,0.09458055,-0.3420272
9938,0.118040614,-0.25770515
9939,0.086202286,-0.3055324
9940,-0.5271564,-0.23972365
9941,0.43465143,-0.42460042
9942,0.032261837,-0.3458091
9943,-0.6047137,-0.29760647
9944,-0.092989944,-0.33508402
9945,-0.45262918,-0.28251147
9946,-0.90429205,-0.21704371
9947,0.41537046,-0.30185914
9948,0.8349463,-0.3971454
9949,0.5191496,-0.3080473
9950,-0.041833073,-0.38754916
9951,-0.331579,-0.32233244
9952,0.1507466,-0.40249473
9953,0.09653648,-0.42761868
9954,0.09738103,-0.41346687
9955,-0.42467406,-0.32910067
9956,0.27345943,-0.42457157
9957,-0.12333303,-0.3958897
9958,0.5094896,-0.24893168
9959,-0.08080555,-0.31849128
9960,0.45785576,-0.16006917
9961,0.07117781,-0.2711007
9962,-0.47891483,-0.32312077
9963,0.07902055,-0.34687912
9964,0.06600388,-0.29286414
9965,0.3830956,-0.263256
9966,0.24075685,-0.22425409
9967,-0.3044581,-0.26004946
9968,-0.3091681,-0.29581982
9969,0.33808136,-0.35707664
9970,0.48378053,-0.27267694
9971,-0.44570068,-0.337052
9972,0.39823323,-0.33863384
9973,0.17309467,-0.28792226
9974,-0.14398554,-0.3762865
9975,-0.03823583,-0.32463002
9976,-0.1176992,-0.30771667
9977,0.37521726,-0.32849687
9978,0.50520325,-0.29612774
9979,-0.15181838,-0.21715966
9980,-0.07580737,-0.3263058
9981,0.08480828,-0.36907846
9982,-0.42199808,-0.2422061
9983,0.5427541,-0.31927323
9984,0.48601824,-0.12546904
9985,0.4422743,0.40315104
9986,-0.5257876,-0.20139907
9987,0.13413653,-0.24605179
9988,0.26285726,0.032467388
9989,-0.01633984,-0.14653206
9990,0.23228745,-0.22237349
9991,0.06486091,-0.08264011
9992,-0.20403786,-0.20775267
9993,-0.29062653,-0.016758569
9994,-0.09129351,-0.10069676
9995,-0.12692578,-0.229682
9996,-0.17375988,-0.20380037
9997,-0.3182351,-0.042849828
9998,-0.19112551,-0.2138205
9999,0.4994448,-0.17212561
10000,-0.06553648,-0.37203014
10001,-0.25923803,-0.17401066
10002,-0.34632048,-0.07171344
10003,0.60816514,-0.34548187
10004,0.1193257,-0.2973563
10005,-0.32232764,-0.30474776
10006,0.25748414,-0.34431875
10007,0.06571711,-0.22772063
10008,0.44884208,-0.25282735
10009,0.23355651,-0.16301656
10010,0.3929976,0.10748723
10011,-0.8984717,0.32381272
10012,0.4618764,-0.21833204
10013,0.5678706,-0.19135846
10014,0.14632352,0.0419015
10015,0.21165404,-0.112721324
10016,1.2672315,1.0746492
10017,-1.1642708,0.2006952
10018,-0.17065336,0.21202894
10019,0.75677216,-0.061605938
10020,-0.24585482,-0.026728977
10021,-1.0311733,0.1953126
10022,0.066834405,-0.14841244
10023,0.17637877,-0.054238755
10024,0.10037855,-0.19301233
10025,-0.2863057,-0.1538728
10026,-0.8290326,0.013633594
10027,0.22034885,-0.14761886
10028,0.40035385,-0.28271288
10029,0.3942132,-0.32462
10030,0.07311512,-0.26808926
10031,0.08215889,-0.29466015
10032,0.6383885,-0.24533859
10033,-0.0909666,-0.18469274
10034,-0.02076704,-0.18785195
10035,0.025624825,-0.30087966
10036,0.5318939,-0.17478533
10037,-0.5316467,-0.12655267
10038,-0.38463017,-0.24135613
10039,-0.08163321,-0.23630655
10040,0.5617113,-0.36981732
10041,-0.27790746,-0.27985877
10042,-0.00876554,-0.33261198
10043,-0.5231126,-0.30577913
10044,0.0728806,-0.2747503
10045,-1.3374665,0.48773223
10046,-0.03660068,-0.15851706
10047,-0.3084412,-0.06924474
10048,-0.40901667,-0.0636745
10049,1.0686831,-0.30627322
10050,-0.5515251,-0.2971423
10051,0.21721557,-0.30652767
10052,0.004102028,-0.22349097
10053,0.17096876,-0.34139717
10054,0.5272669,-0.22916166
10055,0.33949977,-0.1640563
10056,0.266608,-0.10933479
10057,0.32235318,-0.24470252
10058,-0.66441005,-0.14242089
10059,0.024281746,-0.23108427
10060,0.31820467,-0.044333078
10061,0.30105188,-0.08049388
10062,0.022980891,-0.2151054
10063,0.35770774,-0.0789807
10064,1.1132209,0.23431467
10065,-0.12804756,0.05247993
10066,-0.11558002,0.08256067
10067,0.9025344,0.03677076
10068,0.29753557,0.15961769
10069,1.72553,1.0956334
10070,-0.83291674,0.7297959
10071,0.2636608,0.19563098
10072,0.35014826,0.05817754
10073,0.28921425,0.1349065
10074,0.3846406,-0.0080983415
10075,0.18197377,0.25812024
10076,0.9760391,0.66768354
10077,-1.2656357,0.5831407
10078,-0.40020502,0.8580012
10079,-0.8583256,0.3351336
10080,0.76576924,-0.03048604
10081,-0.5176073,-0.04572089
10082,0.058298286,-0.14711565
10083,0.8577251,-0.035726245
10084,0.30057696,-0.02525127
10085,0.72959125,0.47045094
10086,-0.058984138,0.34416264
10087,-0.9853422,0.29198313
10088,-0.40038952,0.22441648
10089,0.656453,-0.06460817
10090,0.08871576,0.23772307
10091,-0.35126576,-0.020384032
10092,0.18935078,0.023546621
10093,0.49459654,0.14378485
10094,-0.601826,0.24896418
10095,-0.71580595,0.23169921
10096,0.36401254,-0.06738098
10097,0.3328719,-0.042367175
10098,0.05136568,-0.11708208
10099,-0.24007459,0.011230618
10100,-0.67338634,0.16902167
10101,0.25683814,0.0032590553
10102,-0.53211415,-0.05420699
10103,0.51725096,-0.15866965
10104,-0.42851406,0.09832235
10105,-0.04516097,-0.12581727
10106,0.19742672,-0.21688385
10107,-0.032585036,-0.11078565
10108,-0.35588717,-0.07950128
10109,0.25587043,0.17129749
10110,0.39061767,0.3797372
10111,0.13343012,0.1746707
10112,-1.0629076,0.34839714
10113,-1.2605188,0.90486205
10114,0.60755104,0.25301874
10115,-1.0598074,0.20174731
10116,-0.2765357,0.21767823
10117,-0.5808069,0.24707232
10118,-0.91387624,1.1117413
10119,-0.97471976,0.16945824
10120,1.6598549,0.20397313
10121,-0.18102737,0.009139955
10122,0.6751054,-0.019918956
10123,-0.27545714,-0.082396805
10124,-0.5945377,-0.049356032
10125,-0.44751164,0.012438409
10126,0.33945164,-0.2645228
10127,-0.52852046,-0.15449148
10128,0.4302381,-0.2766155
10129,-0.4207509,-0.0908038
10130,-0.9570905,-0.008917734
10131,0.117801756,-0.09043329
10132,0.14980261,-0.24163462
10133,0.12001189,-0.30853045
10134,0.051559396,-0.03531401
10135,-1.1907021,0.09269798
10136,0.6320391,0.060184516
10137,0.65389067,-0.23009522
10138,-0.09437862,-0.18471546
10139,-0.38854864,-0.23307371
10140,0.332533,-0.29373783
10141,0.13576396,-0.25603846
10142,0.084854655,-0.29892743
10143,-0.17448893,-0.1597361
10144,0.19105913,-0.31902432
10145,-0.017715087,-0.34760833
10146,-0.14925338,-0.2957844
10147,-0.26986778,-0.3032779
10148,-0.39672092,-0.2887275
10149,0.32837316,-0.36487126
10150,0.009644565,-0.34334862
10151,-0.6219204,-0.24447586
10152,1.0429857,-0.25164855
10153,-1.4224967,-0.061736137
10154,-0.24735413,0.013892472
10155,-0.80891186,0.13765636
10156,-0.11182551,0.10989332
10157,0.9199699,-0.15977372
10158,-1.2381198,-0.027465276
10159,-0.17095466,-0.08029929
10160,-1.3802794,0.49034047
10161,0.9969162,0.124075815
10162,-0.27840275,-0.06336986
10163,-1.6805861,0.7460761
10164,-0.07511123,0.54471993
10165,-0.11175183,0.2671262
10166,0.10251595,-0.039649248
10167,-0.09054037,0.20747663
10168,0.87102085,0.027326062
10169,0.27791405,-0.1260249
10170,0.020636195,-0.2273115
10171,0.4198717,-0.16918153
10172,-0.21438286,-0.20651366
10173,-0.5449369,-0.19275184
10174,0.24857016,-0.29393536
10175,-0.014234952,-0.05622352
10176,-0.2453621,-0.21926026
10177,-0.13959764,-0.18648982
10178,0.15681253,-0.27683914
10179,-0.15546556,-0.13009354
10180,0.09343305,-0.27357048
10181,-0.42942604,-0.113422886
10182,-0.34503075,-0.01708131
10183,-0.24633965,-0.17167689
10184,0.3720751,-0.030710628
10185,0.18858097,0.056026146
10186,-0.29721066,-0.2319094
10187,0.9188107,-0.19767137
10188,-0.28762674,-0.14734253
10189,-0.15702708,-0.21630901
10190,-0.39623034,-0.26218855
10191,0.12393986,-0.2976083
10192,0.72894347,-0.17640111
10193,0.05501561,-0.17397277
10194,-0.0868982,-0.18104671
10195,-0.25849214,-0.13219437
10196,-0.8238036,-0.12643564
10197,0.33726582,-0.31137985
10198,0.63273174,-0.17072311
10199,-0.30685487,-0.14526343
10200,-0.2267456,-0.16858199
10201,-0.8244085,0.97060955
10202,1.6852905,-0.04901211
10203,1.5707276,0.22458
10204,-0.61572367,0.060699932
10205,0.40930808,0.012727514
10206,0.13193956,0.21986933
10207,0.700023,0.04228709
10208,-1.4067159,0.10616636
10209,-1.6613023,0.6929679
10210,-1.5780736,0.9838327
10211,0.58059275,0.2558375
10212,0.26424977,-0.048747078
10213,0.654125,0.15804505
10214,0.52979296,0.033911936
10215,0.7630941,0.18309616
10216,-0.033039346,-0.15699342
10217,1.2957662,-0.14236352
10218,-0.7728304,0.035170913
10219,0.21126863,-0.26638883
10220,0.98700887,-0.08620721
10221,0.30975997,0.004053578
10222,0.4489595,-0.015350193
10223,-0.4714461,0.17302746
10224,-0.71535146,0.59522915
10225,-1.3294544,0.6600966
10226,0.42074,0.06271054
10227,0.78538436,-0.07917723
10228,-0.52753764,-0.11124617
10229,-1.2846982,-0.0060439594
10230,-0.5714574,0.19205184
10231,0.6652058,-0.0771182
10232,-0.031440437,-0.11567972
10233,0.073263526,-0.2272033
10234,-0.3002059,-0.25237346
10235,1.2535347,-0.31641674
10236,0.15769185,-0.31002182
10237,0.9485541,-0.21128792
10238,-0.12863028,-0.13507399
10239,-0.24328329,-0.19802187
10240,0.1388863,-0.2933014
10241,0.31577453,-0.27762043
10242,0.31162316,-0.2881906
10243,0.7891526,0.15757325
10244,-0.16568667,-0.18518497
10245,0.30710438,-0.042248942
10246,-0.14332439,-0.24010125
10247,-0.79114187,-0.06432504
10248,0.66107374,-0.20523019
10249,0.94645834,0.12365092
10250,0.14636424,-0.14337522
10251,-0.38918492,-0.1538918
10252,-0.13548818,-0.24045801
10253,-0.18264051,-0.21726833
10254,-0.067674644,-0.13091555
10255,-0.6132009,-0.14479513
10256,-1.0488212,0.18373792
10257,-0.57743293,-0.075987354
10258,0.6127729,-0.30328506
10259,-0.24654727,-0.2586227
10260,0.3204433,-0.27232534
10261,0.3525755,-0.24079776
10262,-0.27630043,-0.36134547
10263,-0.8910689,-0.23089735
10264,0.7777264,-0.3799737
10265,0.15776575,-0.37814784
10266,0.17426568,-0.3675602
10267,0.7009199,-0.20714943
10268,-0.17529847,-0.24496926
10269,0.30469084,-0.27601755
10270,-0.3754257,-0.24395451
10271,-0.29890406,-0.25484163
10272,0.61315775,-0.33700627
10273,0.51994747,-0.28872913
10274,0.22843747,-0.18340532
10275,-0.4092072,-0.2210983
10276,0.43391365,-0.31763768
10277,0.25022286,-0.02558826
10278,-0.27614582,-0.08568252
10279,-0.2333702,-0.24166237
10280,0.24691272,-0.27610183
10281,0.855318,-0.10183625
10282,-0.05021353,-0.008020107
10283,0.6870169,-0.04565189
10284,-0.0056499825,0.12968157
10285,-0.5885148,0.19224502
10286,0.4610332,-0.041324444
10287,-0.19134176,-0.21170016
10288,-0.07559175,-0.16738662
10289,-0.42801267,-0.04076057
10290,-0.22022232,-0.13378367
10291,0.48474255,-0.13822547
10292,-0.019605119,-0.21342155
10293,-0.13756147,-0.17694598
10294,-0.0012096637,-0.20269468
10295,0.11594585,-0.13625011
10296,0.2885679,-0.15415415
10297,0.16616382,0.059294693
10298,-0.6499402,0.032013513
10299,0.24433805,-0.019477524
10300,0.14244892,-0.09243559
10301,-0.7961853,0.06701368
10302,0.592013,0.029012404
10303,-0.8121205,0.12049246
10304,0.4671587,-0.0069637485
10305,0.94727474,0.5158198
10306,1.035791,0.9774914
10307,-0.13865009,0.7504643
10308,0.013380996,0.5630231
10309,-1.0631758,0.4739275
10310,0.5503932,0.3921607
10311,0.1421509,0.7305944
10312,1.2081983,0.44922012
10313,-0.22285083,0.38783675
10314,0.39341155,0.22273819
10315,-0.17673366,0.18890409
10316,0.53568023,0.42737234
10317,-0.18436441,-0.022187177
10318,0.32729974,0.55557764
10319,0.63624525,0.35936183
10320,0.007406099,0.13815641
10321,0.7928306,0.3974458
10322,-1.0094296,0.41549522
10323,-0.58227134,0.17541052
10324,0.44456682,-0.039500527
10325,-0.431394,0.11795071
10326,0.3919665,-0.010159783
10327,0.6571433,0.1917514
10328,0.99707955,0.30061907
10329,0.122344285,0.55701876
10330,-0.30558035,0.13046357
10331,0.26913947,0.102914855
10332,1.3423144,0.59252906
10333,-1.4580786,0.6135022
10334,0.17391711,-0.116632536
10335,0.62527114,0.12781416
10336,-0.7580729,0.07667157
10337,-0.13709947,0.0034742951
10338,-1.1137438,0.2875827
10339,-0.563022,0.09145631
10340,-0.08587528,0.09700401
10341,0.24746983,-0.13474569
10342,-0.2303915,-0.2462146
10343,0.2801626,-0.14439204
10344,0.9706026,-0.11502959
10345,0.5522781,-0.110975206
10346,-0.91057926,0.048692986
10347,0.4545485,0.109083354
10348,-1.1045502,0.485799
10349,-0.95284426,0.21970929
10350,-0.41603768,0.809821
10351,0.54099,-0.053196065
10352,0.5406404,-0.09022197
10353,-0.308573,-0.07175418
10354,0.032632884,-0.14293484
10355,-1.2790045,-0.0053199492
10356,-1.0355672,0.22281142
10357,-0.07240054,0.15364273
10358,0.42402828,-0.20587102
10359,0.43225196,-0.15149751
10360,0.24667151,-0.22129288
10361,0.18750906,-0.19679923
10362,0.57004803,-0.26434463
10363,-0.7239717,-0.20143798
10364,0.9526361,-0.15949142
10365,0.6353322,0.3074124
10366,0.30911276,-0.09998886
10367,-0.07602229,0.13846602
10368,0.8548603,0.18897854
10369,0.2259862,0.64954
10370,-0.03752649,0.10604662
10371,-1.2940869,0.27594894
10372,-0.24229237,-0.12895662
10373,1.3880999,0.034721144
10374,-0.1287543,-0.041198857
10375,-0.17930102,-0.14985193
10376,0.05144665,0.33224052
10377,0.17965384,0.0057567507
10378,0.66946465,-0.010245204
10379,0.75675935,0.9788847
10380,1.060272,1.050035
10381,0.45916712,0.73747015
10382,-0.5054198,0.588784
10383,-0.42217603,0.70941556
10384,-0.19179277,0.29534388
10385,-0.55541974,0.14279765
10386,0.56690466,0.038499296
10387,0.12772162,0.13266537
10388,-0.26790676,0.20779337
10389,-0.24720603,0.098719195
10390,-0.01069698,0.116417766
10391,-0.6471054,0.6357941
10392,-0.8010863,0.1851012
10393,1.5494219,0.16183656
10394,0.076747365,0.10455929
10395,-0.6356927,0.33586514
10396,-0.28050873,0.23861371
10397,-1.5801065,0.6809236
10398,1.4485514,0.8346484
10399,0.47434425,0.36343336
10400,0.31927356,0.2260576
10401,-0.079647906,0.07231517
10402,0.09940257,0.008969955
10403,-1.46386,0.42965442
10404,0.43226793,0.04639075
10405,1.1275488,-0.12196415
10406,-0.38571557,-0.06933156
10407,-0.668462,0.25749457
10408,-0.894951,0.5320704
10409,-0.083530396,0.68106914
10410,0.27961174,0.019441485
10411,0.53415745,-0.10218766
10412,-0.31879783,-0.099653885
10413,-0.21983097,-0.10353528
10414,1.6370014,0.24756493
10415,-0.0753812,0.15535155
10416,0.52281934,-0.029942244
10417,0.085743256,-0.030820081
10418,0.34166712,0.23050334
10419,0.09826058,-0.09072656
10420,-0.10564457,-0.078578375
10421,-0.4033915,0.11395115
10422,-1.8437972,0.4653688
10423,-0.61341023,0.7187122
10424,0.45648965,0.1900651
10425,0.4529539,-0.050314266
10426,0.27081406,-0.093032025
10427,2.129476,0.6077687
10428,1.1572474,0.79160243
10429,-0.60960436,0.5050172
10430,0.19264747,0.6312157
10431,0.72606087,0.39018434
10432,-0.75561976,0.15117471
10433,0.8268436,0.18482581
10434,-0.56441087,0.78438926
10435,0.30616212,0.27934927
10436,0.41156524,0.3607307
10437,-0.5187676,0.26264495
10438,-0.83853257,0.32351977
10439,-0.2102765,0.32002562
10440,1.8401656,0.48600364
10441,1.4942868,0.8213087
10442,0.46522394,0.8753146
10443,1.1904377,1.4663851
10444,-0.3293881,1.4218563
10445,0.08274763,0.6532654
10446,0.51325405,0.34080404
10447,-0.9408349,0.6177811
10448,0.2664964,0.1299108
10449,-0.2894467,0.18133695
10450,0.3315605,0.046919003
10451,0.5204677,0.18524432
10452,-0.035275612,0.14510238
10453,1.0006933,0.2122903
10454,-0.18995279,0.36432678
10455,-0.6740224,0.21820323
10456,0.6864045,0.27355683
10457,0.82261205,0.47247434
10458,-0.005036831,0.25164223
10459,1.5989083,2.0410426
10460,-0.06506934,1.3053198
10461,0.055051073,0.87053424
10462,0.5649799,0.73079926
10463,-0.86764747,1.1318254
10464,-0.9368407,0.514724
10465,0.7589173,0.21900217
10466,0.26694945,0.43049145
10467,-0.4395169,1.0718681
10468,-0.5888333,0.67902917
10469,-0.49891514,1.142052
10470,-1.5955486,1.2562582
10471,0.19174418,0.85340875
10472,0.4893793,0.35148823
10473,-2.608316,1.6008868
10474,0.52462566,0.45676666
10475,0.2724076,0.7365332
10476,-0.52736247,0.43170285
10477,0.42619994,0.11327608
10478,0.5524636,0.09501889
10479,-0.6190359,0.19185196
10480,-0.19241042,0.2059318
10481,0.2778038,0.018095419
10482,0.93173784,0.06906633
10483,-1.1110152,0.07939674
10484,-0.6851929,0.32826477
10485,0.9157229,-0.010913935
10486,0.08046059,-0.06784781
10487,-0.0040460387,-0.09124053
10488,0.34275368,-0.017243244
10489,0.9460003,0.24745522
10490,0.78819054,0.48821944
10491,-0.12291034,1.192628
10492,0.07410153,0.38090783
10493,-0.00032186578,1.1431746
10494,0.119420655,0.4126681
10495,0.4962766,0.4981401
10496,-3.3982024,2.2374413
10497,-0.4078888,1.5128977
10498,0.59640634,0.34980834
10499,-1.7115519,0.63569874
10500,-1.1977155,1.7184408
10501,-0.44997385,0.69776833
10502,0.7437938,0.18774006
10503,-0.27670917,0.25311852
10504,0.6450043,0.24554695
10505,0.93016773,0.20598604
10506,-0.49150166,0.030011602
10507,-0.3878766,-0.06609014
10508,1.2163551,-0.1266528
10509,-0.82182664,0.3086586
10510,0.13321675,-0.13808748
10511,-1.1673305,-0.04405342
10512,0.6550961,0.28878278
10513,-0.3540337,-0.22867014
10514,-0.7282727,-0.0997517
10515,-0.8350432,0.34352082
10516,1.2572422,-0.13476458
10517,-0.91684675,-0.17421515
10518,-0.094275735,-0.017844655
10519,-0.9270397,0.23234497
10520,-2.0045686,0.94337285
10521,0.52043736,0.7806037
10522,0.9576803,0.4268909
10523,1.338407,-0.042721808
10524,0.10281847,-0.057772357
10525,0.22518574,-0.22380702
10526,-0.6573851,-0.15682666
10527,-0.45372495,-0.058915786
10528,1.1178054,-0.15058431
10529,-0.55122006,-0.18691103
10530,-0.65916073,0.024015442
10531,-0.6322871,-0.020606957
10532,0.6540624,-0.09514254
10533,0.33719733,-0.27502954
10534,0.40814027,-0.16305864
10535,0.2991357,-0.1706577
10536,0.42724758,-0.0776273
10537,-0.5725994,0.081956595
10538,-1.2208351,-0.022333931
10539,0.17253564,0.13049476
10540,0.9738574,0.02662921
10541,0.31097162,-0.18539925
10542,-0.12021985,-0.19769377
10543,-0.35331866,-0.07052392
10544,0.006526759,-0.23635165
10545,0.8131092,-0.28811824
10546,0.35528594,-0.106190056
10547,0.48164496,-0.08553834
10548,0.20719928,-0.12895446
10549,0.6695909,0.059864968
10550,-0.08911979,-0.05352313
10551,1.1135361,0.268112
10552,-0.368945,0.117388695
10553,-0.04259415,0.06726672
10554,-0.0031176808,-0.17066647
10555,-0.6231346,0.096465036
10556,0.31604758,-0.11987433
10557,0.29892612,-0.18178618
10558,-0.324233,-0.23433527
10559,-0.0024150135,-0.24351844
10560,-0.8798936,-0.07321422
10561,0.068660945,-0.1790996
10562,0.24354926,-0.31061146
10563,0.3413933,-0.22805013
10564,0.35312283,-0.21112476
10565,-0.4658589,-0.25664705
10566,0.09108182,-0.25832635
10567,-0.72247463,-0.093214646
10568,0.11350791,-0.15698087
10569,-0.09590101,-0.15411574
10570,0.23196542,-0.26640153
10571,-0.028043328,-0.24103794
10572,0.37286955,-0.27473795
10573,0.3910155,-0.20530431
10574,-0.2989955,-0.2033199
10575,-0.38876116,-0.24650705
10576,0.30264625,-0.3213361
10577,0.90928733,-0.08886963
10578,-0.777357,-0.031457238
10579,-0.9624835,-0.006743096
10580,0.716404,0.078918844
10581,-0.39272118,-0.15703043
10582,-0.58521146,-0.014605153
10583,-0.40380046,-0.059192345
10584,0.62740576,-0.1522671
10585,0.22506088,-0.23333889
10586,0.5003383,-0.08647236
10587,-0.27247885,-0.15863165
10588,-0.02333653,-0.2987255
10589,-0.14465375,-0.19480708
10590,-0.47588953,0.07166354
10591,-0.6697992,-0.05185903
10592,-0.40897542,-0.08909087
10593,-0.10999878,0.054815397
10594,-0.8855664,0.08584927
10595,0.6774608,-0.0062452853
10596,1.0307956,-0.08337938
10597,0.26287442,-0.1572674
10598,-0.45313284,-0.21565679
10599,-0.5072161,-0.24134335
10600,1.0754273,-0.23732151
10601,0.15246566,-0.16812035
10602,-0.19449425,-0.22565784
10603,-0.37475833,-0.30306542
10604,-0.1432189,-0.33069527
10605,-0.45097992,-0.18375447
10606,0.14470696,-0.35134035
10607,0.54942083,-0.25868857
10608,0.06728308,-0.33211815
10609,0.02015352,-0.3485846
10610,-0.3194667,-0.3710531
10611,-0.16656025,-0.28502643
10612,0.8117891,-0.22816162
10613,0.90779006,-0.116258755
10614,-0.4042895,-0.1434457
10615,0.13843985,-0.22106491
10616,-0.020841267,-0.26395714
10617,0.25962383,-0.28173313
10618,-0.697808,0.26745307
10619,-1.2372005,0.32351035
10620,0.019686805,0.31394506
10621,-0.33169612,-0.15129343
10622,0.7601864,-0.24771214
10623,0.1338715,-0.20246679
10624,-0.047686484,-0.28502536
10625,0.27847925,-0.32532597
10626,-0.120874755,-0.34392542
10627,0.2827464,-0.34953022
10628,-0.1968901,-0.30320227
10629,0.4021312,-0.33214396
10630,0.0647509,-0.34209758
10631,-0.57798463,-0.1264445
10632,0.01956864,-0.14814612
10633,0.32189292,-0.17904425
10634,0.68957096,-0.15152054
10635,0.9418723,0.4871331
10636,0.29971945,0.5270458
10637,0.19295602,0.48033947
10638,-0.60463494,0.0071193203
10639,0.021164758,-0.06565024
10640,-0.43151155,-0.11496015
10641,0.44091526,-0.10596825
10642,0.015591369,-0.21438645
10643,0.25330725,-0.08730457
10644,0.22783974,-0.18690577
10645,0.3859961,0.23935096
10646,-0.09090038,-0.114914596
10647,-0.1865311,-0.08752194
10648,0.31655467,-0.09605117
10649,-0.6993985,0.09826547
10650,0.10673234,-0.14431173
10651,-0.37738398,-0.23656406
10652,-0.33400673,-0.06392996
10653,0.4409361,-0.18571098
10654,0.4357256,-0.120345354
10655,-0.44388655,-0.23221369
10656,0.04954833,-0.084748134
10657,-0.0065179234,-0.28815657
10658,-0.16875032,-0.3467816
10659,0.4775623,-0.27502036
10660,0.5731002,-0.20680799
10661,0.24963127,0.009345248
10662,-0.4630264,-0.090949476
10663,0.59955597,-0.11258843
10664,0.21605662,-0.1256511
10665,0.36694738,-0.07077658
10666,0.48418078,0.2618981
10667,-0.50182784,0.52118635
10668,-0.4546789,0.18347375
10669,0.44053954,0.04875572
10670,-0.3866989,-0.014348671
10671,0.0074555445,-0.018994525
10672,0.2681736,-0.17447485
10673,-0.21923082,-0.1506955
10674,-0.40393716,-0.068630554
10675,0.07952082,-0.11278571
10676,0.21263398,-0.08273275
10677,0.34232992,-0.23577046
10678,-0.12086988,0.1813033
10679,-0.1095537,0.028774984
10680,-0.28461754,0.10177949
10681,0.05885619,-0.09644468
10682,0.64319634,-0.066379644
10683,0.43315455,-0.039763793
10684,-0.19854993,-0.04612144
10685,0.30748743,0.16078368
10686,0.6245257,0.22944401
10687,-0.83299786,0.61677873
10688,0.32053733,0.16072461
10689,-0.019128382,0.12109624
10690,-0.18750523,0.22680415
10691,0.092031665,0.10061094
10692,0.059171665,-0.096705504
10693,0.12010809,-0.12645182
10694,0.45855248,0.4349597
10695,1.1247529,1.2693168
10696,0.073444724,0.55677104
10697,0.62770635,0.4148941
10698,-0.6741336,0.27310216
10699,-0.8349247,0.77226186
10700,0.22398521,0.0028519928
10701,-0.304325,0.08312452
10702,-0.91709054,0.2307481
10703,0.21611623,0.0032999888
10704,0.10927659,-0.06193104
10705,0.09376074,-0.064529344
10706,1.3795067,0.35400325
10707,0.764411,0.3954795
10708,-0.19655035,0.001047004
10709,-0.043989476,0.054377392
10710,-0.37613714,0.11257821
10711,-0.71835744,0.2880926
10712,0.10775898,-0.16247013
10713,0.44670442,-0.17935115
10714,-0.33839262,-0.12980501
10715,-0.77610034,0.1470611
10716,0.54367507,-0.16521367
10717,0.06905599,-0.20101821
10718,0.83399403,-0.21377108
10719,-2.8552463,0.8749644
10720,0.693612,1.6499399
10721,1.175871,0.28650558
10722,-0.37311625,0.17243859
10723,-0.27775434,0.28712875
10724,-0.23087367,-0.0017890185
10725,0.554863,-0.0070426986
10726,-0.09263503,-0.10976411
10727,-1.4206432,0.55727375
10728,-0.29779944,0.54524183
10729,-0.19124801,0.25496817
10730,1.2981464,0.12677522
10731,-1.0089543,0.046208456
10732,-0.24221662,-0.09153862
10733,-0.23089845,0.10182248
10734,0.92125106,-0.07576497
10735,1.1507871,-0.04036907
10736,0.48354045,-0.023165643
10737,-0.21250132,-0.027122244
10738,0.8840718,0.32718408
10739,0.5644701,0.71180516
10740,0.17962271,-0.015394554
10741,-0.24192105,-0.09692015
10742,0.23998171,0.041467562
10743,-0.31607458,0.33974177
10744,0.16314526,-0.042186618
10745,0.5009317,-0.20440027
10746,-0.5632229,-0.16284487
10747,-0.12867764,-0.1272587
10748,-0.3141565,-0.16605577
10749,0.63339764,-0.051338058
10750,0.72922856,0.22157948
10751,0.19834329,0.21213697
10752,1.0420593,0.4248615
10753,-0.71177405,0.3335076
10754,0.33696964,0.115093246
10755,0.4032575,0.2053565
10756,0.29973218,0.17094928
10757,-0.50661314,0.18900464
10758,0.122235656,0.08782834
10759,0.2536904,0.045806967
10760,0.2333131,9.461865e-05
10761,-0.2931144,0.7842969
10762,-0.3844038,0.30579096
10763,-0.29172385,-0.029687937
10764,-0.5483721,0.027212769
10765,-0.39485312,0.36410934
10766,0.6149963,-0.018401276
10767,0.09649475,0.048725724
10768,-0.6556751,0.16557765
10769,0.5286187,0.1164328
10770,0.98110604,0.3857457
10771,0.27453843,0.36576337
10772,0.27468216,0.4086449
10773,-1.0381229,0.33112812
10774,0.06782788,0.59219235
10775,-0.23709112,0.6476553
10776,0.9682555,0.10810456
10777,-0.17209026,0.12013501
10778,0.07727405,0.10766867
10779,-1.0553505,0.42025822
10780,0.7680926,0.162822
10781,1.0249733,0.40838194
10782,0.1943848,0.6859769
10783,0.094283186,1.086142
10784,0.8096963,0.9285944
10785,0.49446255,0.9803225
10786,-0.19103414,0.8268033
10787,0.03126023,1.1463029
10788,-0.43525204,0.74601305
10789,-0.6809275,0.8874527
10790,0.16854332,0.77711505
10791,-1.3382676,0.96917045
10792,-0.5543186,1.9531178
10793,0.15258832,0.6945952
10794,-0.22004746,0.3219208
10795,0.87693244,0.21438219
10796,-0.7686006,0.36201286
10797,-0.74092925,0.25599056
10798,0.89613676,0.15782951
10799,0.37859583,-0.08178252
10800,-0.17706993,0.11288865
10801,-1.3705597,0.321052
10802,-1.2981889,0.7303308
10803,0.9461396,0.011900477
10804,-1.4922119,0.20638354
10805,-0.2803727,0.4486829
10806,-0.059240486,0.16887707
10807,0.5604062,0.2184024
10808,0.25651196,0.07867223
10809,-0.021545187,0.024217136
10810,-0.9727574,0.107036784
10811,0.3074094,-0.02040805
10812,0.78883225,-0.21826233
10813,0.34324268,-0.14205524
10814,-0.12330368,-0.20357688
10815,0.44355,-0.262887
10816,-0.025268828,-0.24938762
10817,0.59889877,-0.15666945
10818,-0.48828214,-0.16914237
10819,-0.4138319,-0.20952024
10820,0.20494354,-0.24151815
10821,0.106047966,-0.20212509
10822,0.0010564001,-0.27176893
10823,0.2998407,-0.054550402
10824,0.8065886,0.09003803
10825,-1.2704011,0.26690537
10826,-0.3479079,0.015348829
10827,-1.7302613,0.85212654
10828,1.5719446,2.0496347
10829,1.1907804,1.3702071
10830,0.8658576,0.5056183
10831,-0.34996295,0.7026305
10832,0.43576968,0.28196758
10833,-0.87423724,0.4421345
10834,-1.1914098,0.6638453
10835,0.009975706,0.4543816
10836,-0.60523707,0.6208785
10837,-1.1773121,0.7355789
10838,1.0268093,0.5146504
10839,-0.62085325,0.3063178
10840,-1.0877155,1.0945272
10841,-0.35347027,0.41213512
10842,-2.0009325,1.7595297
10843,2.351761,1.3086146
10844,-0.067957595,0.4768682
10845,-0.4752167,0.26681274
10846,0.54337496,0.10545449
10847,0.9667108,0.015713193
10848,0.29341316,0.20709549
10849,-0.47961065,0.052541167
10850,0.28812566,0.04130213
10851,1.2468487,0.17190994
10852,0.54804516,0.2167706
10853,-0.94865173,0.09308505
10854,-0.8373379,0.19053979
10855,-1.5308478,0.73452336
10856,-0.60464716,0.641485
10857,1.4033933,0.2058983
10858,0.4700777,0.10774511
10859,-1.03223,0.27741247
10860,0.42204234,0.38502425
10861,1.0662853,0.23678128
10862,-0.36949882,0.40531594
10863,0.120172106,0.17096019
10864,0.13209976,-0.10163442
10865,0.5869334,-0.06414028
10866,0.4827609,-0.14434895
10867,-0.31710166,0.08767249
10868,0.22023323,-0.16524549
10869,0.026113937,-0.15194267
10870,0.49439207,0.13785106
10871,-0.08208806,0.06123186
10872,-0.100161344,-0.08626005
10873,0.2981741,0.0598988
10874,-0.1510391,0.45953733
10875,0.5093415,0.17738469
10876,-0.5870785,0.08867584
10877,0.56106293,0.68332344
10878,-2.6036258,1.506206
10879,0.6094117,0.93583417
10880,-0.31744257,0.11866909
10881,0.6890103,0.04942452
10882,1.3489773,0.27994037
10883,0.8122929,0.6047458
10884,-0.49911267,0.67270654
10885,-0.62642187,0.5605605
10886,-0.22391956,0.52010024
10887,1.2683407,0.42063063
10888,-0.42009062,0.19928204
10889,-0.0950221,-0.022194404
10890,-0.2182412,-0.13326661
10891,-0.95076054,0.15874365
10892,0.07122824,0.07323176
10893,0.89045924,0.088281885
10894,-0.1336217,-0.116417244
10895,0.2890511,-0.039881356
10896,0.12693594,0.114714816
10897,-0.37465367,-0.025484227
10898,1.0517629,0.33342522
10899,0.3002575,-0.1149448
10900,-0.35971606,-0.084772274
10901,-1.101884,0.11911337
10902,-0.87549007,0.25264734
10903,1.1665267,0.06097962
10904,0.38832894,-0.20777081
10905,0.22368595,-0.18889216
10906,-0.073937856,-0.19789958
10907,-0.14235602,-0.17271368
10908,0.018236803,-0.19396907
10909,-0.22535755,-0.19911674
10910,0.48476586,-0.16242704
10911,0.15368128,-0.1720684
10912,0.29438815,-0.2870427
10913,0.34116653,-0.18144326
10914,-0.30601773,-0.24153572
10915,0.799015,-0.1713464
10916,0.7041361,0.23314185
10917,0.12027984,0.1765438
10918,0.20157464,0.11437355
10919,-0.30388296,0.4053179
10920,-0.3497221,0.42279345
10921,0.65685797,0.30547976
10922,-0.82048607,0.1244649
10923,-0.7735499,0.1200154
10924,0.28066003,-0.15454832
10925,0.32345548,-0.08922538
10926,-0.2578395,-0.19665994
10927,-0.7482878,0.12978014
10928,0.38948682,-0.20691645
10929,-0.6520448,0.047456987
10930,0.56019443,0.02202674
10931,-0.34935138,-0.17837879
10932,0.03800745,-0.17197472
10933,-0.10583854,-0.19706145
10934,-0.19041485,-0.003593456
10935,0.19228677,-0.21575497
10936,0.401182,-0.23769951
10937,0.21847072,-0.18933246
10938,0.27219543,-0.18845059
10939,-0.40896183,0.013085999
10940,-0.3357909,-0.15153386
10941,-0.014066934,-0.19232072
10942,-0.069080554,-0.29169083
10943,-0.38792366,-0.1881311
10944,-0.25566682,0.0968139
10945,-0.72205865,0.06284155
10946,0.29579642,-0.2216109
10947,0.1363726,-0.17569232
10948,0.29828697,-0.24154277
10949,-0.9939149,-0.032348935
10950,-0.03559421,-0.00034587458
10951,0.47217286,-0.046162087
10952,-0.31218994,-0.19964316
10953,-0.5403723,-0.17170784
10954,0.60558575,-0.24686538
10955,-0.72983956,-0.011420745
10956,-0.7769145,0.34417903
10957,-0.029844586,0.14490211
10958,-0.07325295,-0.18256691
10959,-1.115828,0.6298983
10960,1.1372745,0.113112226
10961,0.19876145,-0.1259565
10962,0.41284037,-0.15242407
10963,-0.81276405,-0.0749163
10964,1.1724964,0.0013875663
10965,0.13657692,-0.054446112
10966,-0.04091156,-0.070777975
10967,0.00730576,0.070610225
10968,-0.5527227,-0.12295765
10969,-1.496836,0.5096704
10970,-1.6252086,2.088264
10971,0.33107907,0.9454204
10972,-0.060483556,1.358051
10973,-3.5887723,3.208068
10974,0.022800433,4.2008867
10975,0.70578694,1.5338594
10976,1.489899,2.2135308
10977,-0.787364,0.46441168
10978,0.41313305,0.001738362
10979,-1.6056018,0.3682807
10980,0.8876644,0.19430365
10981,1.0942619,-0.02233791
10982,0.13467507,0.29604298
10983,-1.6699877,0.34704888
10984,-0.13204892,0.120400354
10985,-1.0362229,0.5336538
10986,-1.2557015,0.77214444
10987,-0.6917982,1.056948
10988,-0.46029374,1.7325602
10989,1.012896,0.29109496
10990,0.6490816,-0.009242155
10991,0.1018949,0.18114343
10992,0.17558381,-0.062259994
10993,0.04436642,-0.12015861
10994,0.8718225,-0.045314476
10995,-0.5155414,-0.09381573
10996,-0.17466208,-0.10250712
10997,-0.33324105,-0.15224123
10998,-0.33122024,-0.071838886
10999,0.1838522,0.079609156
11000,-1.5830293,0.5805164
11001,-0.76621735,2.254406
11002,0.32264462,0.37067372
11003,0.28153524,0.19022562
11004,-2.1497126,1.3819622
11005,1.5784357,1.0445203
11006,0.7292558,0.094306216
11007,0.4748569,0.14346643
11008,0.9373982,-0.02348987
11009,-0.060015887,-0.0393802
11010,-0.12383452,-0.06341832
11011,0.74677765,-0.101275146
11012,-0.19678704,-0.061815914
11013,-0.28282884,-0.087657794
11014,0.087316304,-0.1508376
11015,-0.38919643,0.054730028
11016,1.2787756,0.24400778
11017,0.5572419,0.18729039
11018,0.28338626,-0.03730765
11019,-0.59856844,0.052581012
11020,-0.069549575,-0.19545622
11021,-0.18248473,-0.06766596
11022,0.9091928,-0.15799901
11023,-0.36012056,-0.08048259
11024,-0.58327717,-0.15501699
11025,0.6415169,-0.20791633
11026,-0.2937339,-0.15228538
11027,-0.012223886,-0.26511526
11028,0.8809919,-0.18703133
11029,-0.5604923,-0.089555815
11030,-1.178955,-0.018886987
11031,0.21779981,-0.029211752
11032,-1.334893,-0.039953038
11033,-1.6232467,0.38370562
11034,-0.24101886,0.2829138
11035,-1.5209596,0.79036355
11036,-0.2099994,0.5250477
11037,0.966416,0.18203709
11038,-3.2031279,2.2013
11039,1.3795472,0.6666117
11040,0.3124808,0.35361212
11041,-3.125948,1.5274581
11042,0.40925974,1.7009093
11043,1.2687676,1.3925672
11044,0.7902555,0.6233802
11045,0.40276515,0.39705902
11046,0.5981918,0.30054992
11047,1.4943534,0.754772
11048,-0.6971984,0.27276105
11049,0.23020129,0.3349086
11050,0.39318174,0.20171826
11051,-0.23916423,0.26200366
11052,-0.09753212,0.21612774
11053,0.315709,0.15637577
11054,-0.5941811,0.5559054
11055,-0.37567753,0.3549152
11056,-1.3420396,0.19557525
11057,0.13098687,0.09031877
11058,0.9744106,-0.1129563
11059,1.0808071,0.04581981
11060,0.34498617,0.047408253
11061,0.6887646,-0.023025453
11062,-0.11627245,0.18673506
11063,-0.4011262,-0.025662035
11064,0.23426737,0.04636798
11065,-1.0054122,0.16350247
11066,0.60094196,-0.098417684
11067,0.2194062,-0.06528931
11068,0.13769467,0.1157389
11069,-0.42048568,0.46047986
11070,-1.2034466,0.34333146
11071,-0.6727478,0.5673508
11072,1.1404635,-0.025605049
11073,2.1509998,0.7185028
11074,1.5446305,0.8639088
11075,0.94758075,1.1221304
11076,-1.3772085,1.0704275
11077,-0.54332024,0.52373445
11078,0.23827082,0.35846388
11079,-0.85427105,0.19554548
11080,-1.1748307,0.39028674
11081,-0.7049465,0.42896014
11082,0.7627218,0.1232598
11083,1.3694603,0.049742542
11084,0.55352145,0.080792844
11085,0.41816866,-0.22165756
11086,-0.22900932,-0.06940614
11087,0.57167506,0.13037066
11088,0.009250542,-0.062660776
11089,-0.73984826,-0.06470748
11090,0.29483777,-0.12228447
11091,0.3525954,-0.06259247
11092,-0.37190288,-0.12790039
11093,-0.62371314,-0.1003757
11094,-0.29956418,-0.050796714
11095,0.29559153,-0.23994151
11096,0.07532158,-0.28640696
11097,-0.056047663,-0.26211208
11098,0.33373728,-0.2076759
11099,-0.7890462,-0.15719974
11100,-0.48688275,-0.14321628
11101,0.02956818,-0.09596671
11102,-0.5283071,-0.29740536
11103,-0.84573215,0.22979708
11104,0.69793594,-0.069791645
11105,0.3650601,-0.19044174
11106,-0.7204813,-0.14488424
11107,-1.1444002,0.2695642
11108,-0.17983572,0.07330789
11109,-0.11306039,-0.017237656
11110,0.19957572,-0.12586266
11111,-0.8420053,0.35871983
11112,0.11434597,0.009194016
11113,-0.43294078,0.3221659
11114,-0.48600686,0.011405557
11115,-0.13378523,0.104319826
11116,0.102165654,0.098062694
11117,0.5349626,0.024870306
11118,0.31118813,0.07283999
11119,0.013917449,0.009820372
11120,-0.3444351,-0.11791605
11121,-1.91855,0.37801403
11122,-0.72843313,0.6828955
11123,0.44222754,0.45840526
11124,-0.61189187,0.3174405
11125,-1.3923796,1.2617763
11126,0.61907256,0.35218382
11127,-0.85618395,0.30294263
11128,0.7075241,0.08248049
11129,1.0942017,0.21880989
11130,1.171872,0.09562531
11131,-1.3889974,0.24339677
11132,0.572989,-0.13456808
11133,-0.42865255,-0.1289164
11134,-0.42564252,0.076073304
11135,-0.33736625,-0.03391063
11136,-0.23357692,-0.12570499
11137,0.98849297,-0.15745875
11138,-0.31522238,-0.13426235
11139,0.30424243,0.22996809
11140,-0.13772541,0.19709517
11141,-0.96236897,0.07301788
11142,0.555814,0.42024112
11143,0.70719284,0.0799005
11144,0.6173041,0.2409129
11145,-1.5535777,0.20869447
11146,0.4314457,0.3832249
11147,0.19806683,-0.0050413236
11148,1.5017303,0.032717876
11149,-0.33382362,0.48710763
11150,1.2757574,0.05856409
11151,0.10961959,0.46075344
11152,-0.76043236,-0.047343023
11153,0.83919114,-0.13361064
11154,-0.019329458,-0.11117286
11155,0.25993136,0.011154324
11156,0.5549087,-0.12915492
11157,-0.78654647,-0.0073246583
11158,0.25022334,-0.23199774
11159,0.5172937,0.14426854
11160,-1.0643893,0.014991328
11161,0.7958373,0.047853507
11162,-0.5420142,-0.13142046
11163,-0.16462292,-0.16352515
11164,0.0062146755,-0.18748988
11165,-1.0893978,0.3376518
11166,1.1453402,0.0034913346
11167,-1.4936379,0.0626007
11168,-0.6945012,0.39915305
11169,-1.8395563,1.0398438
11170,-0.5492594,0.7167692
11171,1.1269256,0.20928408
11172,0.23552614,-0.0032845624
11173,-1.06505,0.45387918
11174,1.1196945,-0.11420235
11175,0.35579646,-0.09538742
11176,-0.31122404,0.04089661
11177,0.31818163,-0.145641
11178,1.1137505,-0.09186433
11179,0.48836398,0.02498965
11180,-0.2771306,-0.16123752
11181,0.31501752,-0.2238785
11182,-0.3313391,-0.18945195
11183,0.6055896,-0.14858407
11184,-0.32142195,0.008634165
11185,0.37187937,-0.078887254
11186,-0.22625744,-0.1534042
11187,0.24745677,-0.2292079
11188,-0.35711485,-0.2649827
11189,0.9677809,-0.20774193
11190,-0.778399,-0.10392521
11191,0.16536205,-0.34503496
11192,0.958616,-0.21831422
11193,0.94906616,-0.14004081
11194,-0.14397387,-0.11676091
11195,0.7582541,-0.029788718
11196,0.21748613,-0.015490998
11197,-0.49157783,-0.15651083
11198,0.38035342,-0.3264674
11199,0.038600612,-0.21156342
11200,0.066823915,-0.25479704
11201,0.37879384,-0.20915197
11202,0.13860676,-0.20809215
11203,-0.31370783,-0.24996431
11204,0.23771638,-0.29891527
11205,0.05250528,-0.22465013
11206,0.43902737,-0.17765756
11207,-0.4923218,-0.17592376
11208,0.3356824,-0.25980356
11209,-0.22846678,-0.2541141
11210,-0.075754516,-0.28332472
11211,0.28243467,-0.24257505
11212,-0.41328156,-0.3072517
11213,-0.5141885,-0.21857838
11214,-0.40918493,-0.16860807
11215,0.59573793,-0.2655927
11216,0.9553817,-0.1427953
11217,-0.087375395,0.0015465468
11218,0.15693933,-0.27702937
11219,-0.16847165,-0.26163638
11220,-0.36463705,-0.25562888
11221,0.26843596,-0.38646203
11222,0.10905545,-0.3349685
11223,0.22558711,-0.23762293
11224,-0.25506032,-0.3357967
11225,0.11749106,-0.35982364
11226,-0.21800125,-0.3742339
11227,-0.25980383,-0.283269
11228,0.37950048,-0.3604648
11229,0.035517167,-0.29307365
11230,-0.0655745,-0.36158502
11231,-0.22426642,-0.29192472
11232,-0.02388748,-0.32465136
11233,-0.009500603,-0.27747247
11234,-0.15625034,-0.2962312
11235,0.25062647,-0.33453268
11236,-0.08341926,-0.34133387
11237,-0.077538565,-0.3004026
11238,-0.13850102,-0.3608399
11239,0.09034265,-0.42829865
11240,0.47024906,-0.25495532
11241,-0.20131981,-0.20177518
11242,0.23729254,-0.22987281
11243,0.13768363,-0.21023235
11244,-0.21943752,-0.33918482
11245,0.25638565,-0.3207515
11246,0.19156364,-0.2843284
11247,0.17786554,-0.19265614
11248,-0.036405195,-0.26027262
11249,0.60227287,-0.20490526
11250,-0.7452632,-0.21210484
11251,0.23536025,-0.34049922
11252,-0.5868713,-0.099420115
11253,-0.31247365,-0.16935976
11254,0.23357199,-0.2865461
11255,-0.17502163,-0.272905
11256,0.37742344,-0.3223802
11257,0.14184603,-0.40076733
11258,0.018243916,-0.34905267
11259,0.17696346,-0.28512663
11260,-0.20801698,-0.25680822
11261,0.5070977,-0.27963918
11262,-0.329206,-0.2069139
11263,0.20363252,-0.22806431
11264,-0.43723592,-0.022894256
11265,-0.022030868,-0.23693843
11266,-0.16944641,-0.08693737
11267,-0.24688265,-0.15710151
11268,0.15567438,-0.16939293
11269,0.16577639,-0.32525128
11270,0.55390626,-0.26736122
11271,-0.30654922,-0.17868185
11272,0.34991986,-0.21593645
11273,-0.20299508,-0.18937258
11274,-0.16458654,-0.2531746
11275,-0.41344038,-0.2364393
11276,0.14939715,-0.3912124
11277,-0.4871991,-0.22256003
11278,0.15434743,-0.39336967
11279,0.09622297,-0.24803442
11280,-0.073934674,-0.09795132
11281,0.3174383,-0.29770774
11282,0.27807403,-0.3387236
11283,0.060176104,-0.22889742
11284,0.08163195,-0.3477791
11285,0.18944992,-0.32027388
11286,0.25661868,-0.25117937
11287,-0.48238608,-0.32676423
11288,-0.3560725,-0.317899
11289,0.3771043,-0.3978225
11290,-0.17410418,-0.3341267
11291,-0.21897876,-0.3342569
11292,0.2860105,-0.38092214
11293,0.104383625,-0.35420656
11294,0.35151225,-0.3869636
11295,0.51719415,-0.12743826
11296,-0.52714205,0.01733011
11297,-0.14112365,-0.21579017
11298,-0.332713,-0.28291792
11299,-0.039686766,-0.21816377
11300,0.017396558,-0.297319
11301,-0.2294958,-0.2952615
11302,-0.17415185,-0.23935223
11303,0.095856704,-0.2583067
11304,0.19921616,-0.30624428
11305,-0.120425105,-0.31122518
11306,0.29990858,-0.31445634
11307,0.44536942,-0.2642964
11308,0.23003937,-0.23844586
11309,0.03501567,-0.26365286
11310,-0.36275008,-0.33242553
11311,0.30612546,-0.30582747
11312,-0.26379058,-0.35041845
11313,0.26088545,-0.39143282
11314,0.28951898,-0.2278745
11315,-0.48848903,-0.1383343
11316,0.19335146,-0.34052658
11317,0.22901592,-0.37063074
11318,-0.1978961,-0.37985235
11319,-0.050519623,-0.33522588
11320,0.19911478,-0.37539864
11321,0.30658138,-0.2763624
11322,0.08900383,-0.34895664
11323,0.07836567,-0.3255207
11324,0.3856227,-0.12588826
11325,-0.1788978,-0.094243415
11326,-0.036625687,-0.25647587
11327,-0.32799876,-0.2174084
11328,-0.22831582,-0.32145125
11329,0.18253684,-0.3772319
11330,-0.4257102,-0.33593595
11331,-0.09793264,-0.30676448
11332,0.027600808,-0.38947767
11333,-0.04242777,-0.27917707
11334,-0.27497414,-0.32755166
11335,-0.13908856,-0.33813572
11336,-0.40307406,-0.11902669
11337,0.16368409,-0.22803949
11338,-0.059237286,-0.1841801
11339,-0.16353211,-0.25035438
11340,-0.15660876,-0.28136092
11341,-0.1939533,-0.2769311
11342,-0.09668761,-0.22694334
11343,0.545581,-0.35578126
11344,0.17873205,-0.27510682
11345,0.5939693,-0.27222764
11346,0.16519675,-0.054365456
11347,0.060592994,-0.21774909
11348,-0.10371941,-0.18494165
11349,-0.45539945,-0.1823084
11350,-0.31829947,-0.21906498
11351,0.30467206,-0.20607303
11352,-0.59519863,-0.26235884
11353,-0.21099763,-0.10670319
11354,0.7980777,-0.23788883
11355,0.027339168,-0.20131013
11356,0.06568074,-0.2747659
11357,-0.45129982,-0.041621927
11358,-0.1338021,-0.17292278
11359,0.27229372,-0.2560376
11360,0.17764366,-0.24295266
11361,-0.3802322,-0.2577927
11362,0.121174894,-0.19543591
11363,-0.39986807,-0.13330513
11364,0.36813638,-0.165125
11365,0.16531253,-0.22720893
11366,1.245465,0.31122726
11367,1.3616604,0.59054595
11368,0.61203814,0.70964605
11369,-0.45584932,0.53157777
11370,-0.6765643,0.30198103
11371,-0.0880193,-0.039563306
11372,0.41583586,-0.099538065
11373,-0.13055657,-0.1604191
11374,0.38235182,-0.12444311
11375,0.3637714,-0.043010302
11376,0.09400331,-0.20208438
11377,-0.37398142,-0.26027498
11378,0.17369388,-0.14952567
11379,-0.11355864,-0.23243828
11380,-0.26211986,-0.30525059
11381,0.11103217,-0.18962179
11382,0.019716771,-0.28180504
11383,0.4312159,-0.21813403
11384,0.031136524,-0.36155784
11385,-0.51480013,-0.32585412
11386,-0.13527912,-0.19648203
11387,-0.3367681,0.26654035
11388,0.5851715,-0.2409742
11389,-0.08166826,-0.22395337
11390,1.0590333,-0.22624189
11391,1.502994,0.41877592
11392,-0.40026337,0.006592706
11393,0.11186637,-0.16869763
11394,-0.5560021,-0.16070652
11395,-0.7719057,0.06862754
11396,0.47712716,-0.186469
11397,0.050608404,-0.2522857
11398,0.25707027,-0.2650722
11399,0.12497276,-0.12004843
11400,0.9242837,0.42041403
11401,-0.77593136,0.098452106
11402,-0.38289803,-0.07299172
11403,-0.22140905,-0.0085840635
11404,0.054910947,-0.11398329
11405,-0.78044933,-0.110219
11406,0.34056017,0.010802977
11407,0.53103817,-0.04587856
11408,0.9560045,-0.07009388
11409,0.33800337,0.72348607
11410,-0.25612977,0.084606305
11411,-0.26489007,-0.08692525
11412,-0.17007785,-0.124004364
11413,0.11776176,-0.009343158
11414,0.3082708,-0.15847242
11415,-0.21351752,-0.084791355
11416,-0.054747183,-0.1563651
11417,0.4684014,-0.1278068
11418,-0.15071513,-0.19075827
11419,0.30352673,-0.14066228
11420,0.5761908,0.22276048
11421,0.31647855,0.1416182
11422,0.2860714,0.19644122
11423,0.2286793,0.09787281
11424,-0.64339674,0.12791827
11425,-0.11857758,-0.15858582
11426,0.17851932,-0.20322129
11427,-1.5223211,0.28387088
11428,0.69320476,0.09474146
11429,-0.23920356,0.09079467
11430,0.1043207,-0.14621022
11431,-0.2950294,-0.06248948
11432,0.33878097,-0.16614625
11433,-0.5687635,-0.054444462
11434,0.40305385,-0.09969053
11435,-0.47351035,-0.15825172
11436,0.32014,-0.14929399
11437,-0.495837,-0.070754625
11438,0.51548004,-0.12454468
11439,-0.62659097,-0.006092407
11440,0.37415126,-0.25727862
11441,-0.93612826,-0.029992374
11442,0.19882,-0.23798779
11443,-0.43362585,-0.21280728
11444,-0.2701224,-0.12090352
11445,0.37567905,0.06120356
11446,0.422869,-0.19327174
11447,-0.1419209,-0.15422472
11448,0.5249601,-0.057124045
11449,0.27215475,-0.10577376
11450,-0.75693697,-0.00013905391
11451,-0.9579543,0.122963235
11452,-0.6115414,0.58592194
11453,0.0060754856,0.61132556
11454,-0.43154007,0.1393342
11455,-0.23319724,0.12814203
11456,-1.9013511,1.9149982
11457,0.6930673,0.41448402
11458,-0.957017,0.15909249
11459,0.6405017,0.29036403
11460,0.4666135,0.12846416
11461,-0.703929,-0.055378214
11462,-0.24998376,0.14118755
11463,-0.31978825,0.059217475
11464,0.48792052,0.0073541477
11465,0.3725886,0.015613191
11466,-0.67404187,-0.0687401
11467,-0.49609366,-0.2395994
11468,0.5880963,0.1906571
11469,-0.8424684,-0.09663735
11470,-0.24887775,-0.15631253
11471,-0.17165807,0.62204653
11472,-0.86210054,0.32714313
11473,0.48152843,0.15406956
11474,-0.1696574,-0.17636305
11475,0.88196075,0.006353885
11476,-0.022559248,-0.22367145
11477,-1.2469143,0.016737945
11478,0.783184,0.0008471757
11479,-0.9868145,-0.05983186
11480,-0.96314573,0.23000647
11481,0.521572,-0.11488091
11482,0.24472186,-0.24935693
11483,0.12844016,-0.131821
11484,-0.24007499,-0.070204854
11485,1.0830761,-0.16506426
11486,-0.83548796,-0.099289544
11487,0.1387027,-0.04120142
11488,-0.2641284,-0.2275735
11489,-0.8737727,0.36446887
11490,0.38922754,-0.19972664
11491,0.10582791,-0.18335707
11492,-0.44398212,-0.08686769
11493,0.07112197,-0.16107573
11494,0.30618078,-0.17143428
11495,0.9520935,-0.16167383
11496,-0.122963525,0.14991257
11497,-1.9415934,0.88024986
11498,1.2968962,-0.16912822
11499,0.044814274,-0.16272286
11500,0.6254242,-0.2161209
11501,-0.2960372,-0.1752053
11502,-1.3172016,-0.101813994
11503,0.31586382,-0.14861166
11504,-0.59951645,0.2718249
11505,-0.24801913,-0.06313876
11506,-0.118097484,-0.062120523
11507,1.4154531,-0.12760511
11508,-0.31074715,-0.14142781
11509,0.77816343,-0.097718984
11510,0.39228085,-0.09933306
11511,0.38248467,-0.10867018
11512,-0.3888092,-0.24466701
11513,-0.50813526,-0.2528808
11514,-0.30145967,-0.2374274
11515,0.30341905,-0.20938931
11516,0.27985445,-0.3159663
11517,0.5675203,-0.17020026
11518,0.31077918,-0.24221455
11519,-0.08142759,-0.20932604
11520,0.333909,-0.12825477
11521,0.32551658,-0.21796915
11522,-0.46587345,-0.037964214
11523,0.09456219,-0.14973523
11524,-0.16166735,-0.19890219
11525,0.6029218,-0.015856795
11526,-0.08553165,0.13312024
11527,0.13653792,-0.09342307
11528,-0.61070776,-0.18931077
11529,0.43126056,-0.29228655
11530,-0.35895005,-0.17461282
11531,-0.51862264,-0.14784952
11532,0.44694808,-0.1184294
11533,-0.047558565,-0.21726495
11534,-0.04889398,-0.17272279
11535,-1.0253599,0.057001226
11536,0.2363615,-0.16465062
11537,-0.75672585,-0.1577293
11538,-0.70031846,0.020642065
11539,0.58156043,-0.1926833
11540,0.41299474,-0.26554722
11541,-0.32495415,-0.21952987
11542,0.34611714,-0.3661855
11543,-0.27119854,-0.20456316
11544,1.1540729,-0.09040315
11545,0.4249568,-0.1681346
11546,-0.6233146,-0.20005272
11547,-0.11613095,-0.17670457
11548,0.29861927,-0.19174501
11549,-0.6810257,-0.10712034
11550,-1.0348943,0.11262442
11551,-1.2620829,0.78216475
11552,0.6978969,-0.11307224
11553,-0.41335347,-0.08776641
11554,-1.0910996,0.73221725
11555,-0.15042545,0.25115365
11556,-0.76413107,0.1854177
11557,0.029533394,0.23459469
11558,0.16536558,-0.029708143
11559,-0.5297098,0.3963697
11560,-0.3085192,0.29336905
11561,0.09829492,0.5488208
11562,0.7013525,0.014595911
11563,0.8205766,-0.0007756725
11564,0.23050964,0.044491418
11565,-0.8136717,0.059106752
11566,0.69070196,-0.137702
11567,-0.3910847,-0.17557421
11568,0.2267471,-0.29613778
11569,-0.3384776,-0.18913436
11570,-0.1406855,-0.26104814
11571,0.12976289,-0.2665065
11572,-1.0411689,0.39076167
11573,0.28484565,-0.31220198
11574,-0.2490445,-0.21679147
11575,-0.89162445,0.07137488
11576,0.79018384,0.028217003
11577,-0.585927,-0.18569359
11578,0.4287094,-0.21363567
11579,-0.062981024,-0.18777327
11580,-0.17455132,-0.17952912
11581,0.04930004,-0.28902045
11582,1.1540911,-0.2204244
11583,-0.9931679,-0.10421525
11584,0.6197721,-0.3687892
11585,0.019568369,-0.3159328
11586,0.49948284,-0.3546208
11587,-0.09553641,-0.30861223
11588,0.16631256,-0.32493037
11589,-0.37383267,-0.21424356
11590,0.3382862,-0.30841896
11591,-0.26118565,-0.2867983
11592,-0.6666319,-0.2698994
11593,-0.37608647,-0.09618813
11594,0.70782375,-0.23130727
11595,-0.1686487,-0.29077512
11596,-0.61622477,-0.08079514
11597,1.4659063,-0.15130486
11598,-0.002241186,-0.15314741
11599,0.66666895,-0.31707728
11600,-0.4641431,-0.21672401
11601,0.17332849,-0.291045
11602,-0.25268817,-0.2636814
11603,-0.07618047,-0.3231696
11604,0.05831953,-0.2500124
11605,0.17352584,-0.34749508
11606,-0.35791162,-0.24150915
11607,0.23866035,-0.40368545
11608,-0.40651503,-0.33333462
11609,-0.6566861,-0.18000066
11610,-0.22357726,-0.32603878
11611,-0.7575512,-0.22139156
11612,1.0674816,-0.28585607
11613,-0.15110578,-0.3752442
11614,0.29172748,-0.32977587
11615,0.13943002,-0.33736217
11616,0.189142,-0.30587846
11617,0.23751524,-0.22912033
11618,-0.004648308,-0.26382974
11619,-0.4032645,-0.23199724
11620,0.17572223,-0.25842878
11621,-0.59479535,-0.19516012
11622,-0.14236823,-0.34316462
11623,-0.4586255,-0.06616123
11624,0.53502446,-0.11212205
11625,0.6780208,-0.15380555
11626,-0.399924,-0.22230947
11627,-0.5386411,-0.088345855
11628,-0.41188985,-0.10419862
11629,-0.6930645,0.23255827
11630,0.22821444,-0.18518344
11631,0.42698777,0.02435214
11632,0.102440365,-0.25328276
11633,-0.11664721,-0.22466762
11634,-1.2739751,0.34213918
11635,0.23075104,-0.14627928
11636,-1.5324223,1.1443481
11637,-0.17671658,0.022871666
11638,-0.29156303,0.67967767
11639,-0.52889943,0.1342688
11640,1.0154415,0.45554143
11641,-0.77606034,0.16746822
11642,0.4314029,-0.072869115
11643,-0.18494155,0.028409041
11644,-0.5135271,0.11090058
11645,0.6649123,0.197556
11646,0.28480005,0.103269726
11647,0.2735986,-0.061347205
11648,0.03423509,0.27317315
11649,0.85378003,-0.03511315
11650,1.7016107,0.4382764
11651,-1.1749699,0.29450512
11652,-0.31009904,0.08261147
11653,0.25702593,-0.17535564
11654,-0.0072001033,-0.09800221
11655,0.0800229,-0.15115258
11656,-0.06553924,0.18676174
11657,-0.17423588,0.057157807
11658,-0.0163885,-0.26721424
11659,-0.21592294,-0.12093634
11660,0.06812685,-0.21483666
11661,0.3445989,-0.24670644
11662,0.124746725,-0.18053988
11663,-0.28848872,0.2545603
11664,0.060080215,-0.074041136
11665,-0.9582203,0.13997953
11666,-2.6234918,1.1601791
11667,-1.8237469,4.658839
11668,0.8626276,0.7458576
11669,1.0172055,0.34347844
11670,0.84649163,0.1670929
11671,1.0602713,0.10535164
11672,-0.64800406,-0.100736395
11673,-0.23073687,-0.18204883
11674,-0.073088855,-0.3015712
11675,0.15855892,-0.30051437
11676,-0.77376086,-0.21261714
11677,-0.4277558,-0.1680876
11678,1.015476,-0.29378986
11679,0.041262712,-0.23120803
11680,-0.48560384,-0.26095033
11681,0.29160443,-0.3245288
11682,0.25214815,-0.41982996
11683,0.5756505,-0.18501094
11684,0.40280026,-0.2869379
11685,0.44605988,-0.24244127
11686,-0.013009723,-0.2612027
11687,-0.056301203,-0.24824868
11688,0.7072717,-0.27292067
11689,0.7799119,-0.061639942
11690,0.09895242,-0.1279898
11691,-0.11516367,-0.2810443
11692,0.109204255,-0.25091422
11693,-0.17163523,-0.23428625
11694,-0.25407162,-0.28957117
11695,0.09747959,-0.28884786
11696,0.05385867,-0.3591569
11697,0.59138834,-0.18907277
11698,-0.06589714,-0.25875175
11699,-0.014124279,-0.22111398
11700,0.10686459,-0.2566886
11701,0.20329179,-0.31054688
11702,-0.0049943584,-0.16164067
11703,-0.13141675,-0.2849903
11704,-0.30875972,-0.315764
11705,0.5209061,-0.30445683
11706,0.23841229,-0.17938918
11707,-0.16848157,-0.29182667
11708,0.24018198,-0.29494047
11709,-0.017582808,-0.37151647
11710,-0.20132668,-0.2687909
11711,-0.30808896,-0.30208784
11712,0.35003364,-0.00320049
11713,0.26607162,-0.31703836
11714,0.3495597,-0.12109622
11715,-0.15554734,-0.1973524
11716,0.13751434,-0.2502296
11717,-0.1516728,-0.2596643
11718,-0.002959959,-0.34708428
11719,0.16664702,-0.27346772
11720,0.19105428,-0.22992258
11721,0.4427331,-0.22440228
11722,-0.18383151,-0.18217692
11723,-0.10601219,-0.26383996
11724,0.10520916,-0.3604473
11725,0.043406863,-0.2899249
11726,0.3929624,-0.15846615
11727,-0.5366539,0.024579592
11728,-0.26277888,-0.25377893
11729,0.3187258,-0.25798476
11730,-0.4399946,-0.17890325
11731,-0.037919905,-0.17621785
11732,-0.6656413,-0.051889382
11733,-0.028215455,-0.26314715
11734,-0.12807836,-0.17727554
11735,-0.3243728,-0.24941768
11736,0.13527292,-0.15624872
11737,-0.8024644,-0.08181013
11738,0.37559825,-0.17022242
11739,-1.3869979,0.09147599
11740,-0.30273482,0.077836305
11741,-0.03866005,0.30898982
11742,0.575701,0.06651278
11743,-0.56447643,0.12873909
11744,-1.3982351,0.42098927
11745,0.06211619,0.08803053
11746,-0.19929776,-0.12202759
11747,0.42477375,-0.03260818
11748,0.61276394,-0.020724475
11749,0.60627985,-0.11828272
11750,-0.003107359,-0.13124904
11751,0.47585618,-0.1065252
11752,0.5028154,-0.20898828
11753,0.9272025,0.26391786
11754,-0.041756943,0.044019967
11755,-0.9604222,-0.049598172
11756,-0.9371163,0.02010002
11757,0.23665357,-0.18943788
11758,-0.7829161,0.04354158
11759,-0.82502913,0.13426867
11760,1.0792825,-0.20066561
11761,0.20659605,-0.21933831
11762,-0.6415499,-0.23983435
11763,-1.1838872,0.05460348
11764,-0.14104237,-0.14838356
11765,-0.21032141,-0.09452306
11766,-0.28074726,0.02899225
11767,-0.41603744,0.25953037
11768,0.30506217,-0.04147508
11769,-0.266854,-0.1208628
11770,-0.15219449,-0.2481778
11771,-0.23091006,-0.13379234
11772,0.43334317,-0.2456863
11773,-0.11764561,-0.22899696
11774,-0.44861782,0.18345553
11775,-0.65292823,0.067117274
11776,-0.1095274,0.22553901
11777,-0.62220854,0.16762717
11778,-0.18870667,-0.23564358
11779,0.9319805,-0.07076
11780,-0.84836036,-0.1387851
11781,-0.77993184,0.5570819
11782,0.020408837,-0.15279347
11783,-1.3200512,0.998857
11784,0.7578143,0.22119687
11785,-0.81537455,0.36316854
11786,0.6010053,2.6376886
11787,-1.9056488,0.60243213
11788,1.1814755,0.3892572
11789,0.36575076,0.10416894
11790,-0.04918132,-0.045852177
11791,1.1971174,0.035035625
11792,-0.22187485,0.16413055
11793,0.17244461,-0.087131
11794,0.28219613,-0.1585842
11795,-0.61335766,-0.12527859
11796,0.7937608,-0.1979076
11797,-0.55262166,-0.19713658
11798,-0.43271193,-0.19153555
11799,-0.7194628,-0.016798154
11800,-0.25602767,-0.041867726
11801,0.24899636,-0.2890368
11802,-0.17663911,-0.31989628
11803,0.49909607,-0.28239524
11804,-0.9170672,-0.06893686
11805,-0.25036415,-0.05826212
11806,-0.044710357,-0.097294435
11807,-0.6648329,0.0038670823
11808,-0.47408172,0.028682008
11809,-0.31053954,0.03999053
11810,1.1355004,-0.1211086
11811,-0.34769896,0.031765826
11812,-0.5021536,0.026761867
11813,0.3296557,-0.011315614
11814,0.30393365,-0.05355454
11815,-2.1346333,1.598559
11816,-0.12573051,0.42673802
11817,0.8891573,0.4147088
11818,-0.4722458,0.0032579228
11819,0.610588,0.36670566
11820,0.67785823,-0.05944187
11821,0.030008752,-0.22066674
11822,-0.9972821,-0.123749904
11823,0.71118903,-0.21598434
11824,-0.27859047,-0.2588062
11825,0.43102646,-0.1960987
11826,-0.38616675,-0.20750982
11827,0.036760386,-0.24684472
11828,-0.10529165,-0.22394612
11829,0.5862846,-0.19740668
11830,0.59053046,-0.16100836
11831,0.43591723,-0.027498007
11832,-0.39369774,-0.14414272
11833,1.0398788,0.47492063
11834,-0.5920333,0.01005698
11835,0.2443984,0.057601042
11836,-0.66140085,0.024866559
11837,-1.6132791,0.26280367
11838,-1.4283282,1.3017309
11839,1.9190923,0.53667825
11840,1.847497,0.41632015
11841,-0.6874205,0.30877
11842,0.44678807,-0.017867368
11843,-1.0523664,-0.075490594
11844,-0.74222213,0.21762227
11845,1.195367,-0.106121585
11846,-0.03601395,-0.22189277
11847,0.81086373,-0.10415793
11848,0.026402365,-0.2128707
11849,-0.66814464,0.1487496
11850,-1.5866566,0.16698772
11851,-0.92599684,0.23240201
11852,0.528214,-0.17496274
11853,-0.48553166,0.14629857
11854,-0.14307868,-0.18313508
11855,-0.29366973,0.059044376
11856,0.5106409,0.34500766
11857,0.27814263,-0.18534043
11858,-0.7275436,0.048243158
11859,0.120067835,-0.20385197
11860,-0.052581698,0.09160948
11861,0.089041,0.057635255
11862,0.3789055,-0.09320189
11863,-1.8423342,0.4682504
11864,0.2730541,0.21876694
11865,-0.46640015,0.12799394
11866,1.2902524,-0.10275373
11867,0.5285931,-0.07992787
11868,-0.091763206,-0.17706957
11869,-0.18927044,-0.29071826
11870,-0.45092252,-0.33325547
11871,-1.6868348,0.22965147
11872,-1.7106612,1.7316295
11873,-0.33355135,1.722364
11874,0.21283595,0.33546042
11875,1.0342065,0.09846383
11876,0.54525864,-0.15280476
11877,0.1759183,-0.2151636
11878,-0.18091154,-0.2576017
11879,-0.16253395,-0.03036826
11880,0.90014297,-0.14318135
11881,0.0824968,0.0861052
11882,0.86327136,0.13274252
11883,-0.22231281,-0.24287547
11884,-0.5710059,-0.2790044
11885,0.3653739,-0.3755057
11886,0.28968695,-0.30908328
11887,0.24055046,-0.2862136
11888,-0.17607261,-0.3421027
11889,-0.010367962,-0.4054625
11890,-0.038552057,-0.33500612
11891,0.18750599,-0.373253
11892,-0.09037681,-0.355488
11893,0.0725618,-0.40600997
11894,0.056557413,-0.35887146
11895,-0.047729332,-0.3220718
11896,0.50947535,-0.3283314
11897,0.48338643,-0.27070096
11898,0.087091826,-0.16100216
11899,-0.5066369,-0.24381544
11900,0.350764,-0.30422455
11901,-0.2943098,-0.34093547
11902,-0.16803415,-0.3288768
11903,-0.4494656,-0.24248143
11904,-1.918595,0.40098757
11905,-0.84320754,0.7832598
11906,0.44017047,-0.066585995
11907,-0.39744425,-0.014677454
11908,1.3359151,-0.13708767
11909,0.34212607,-0.08129901
11910,0.5777249,-0.18439442
11911,-0.09992091,-0.20653301
11912,-0.4731144,-0.2604609
11913,-0.44904947,0.10603121
11914,-0.38060567,-0.23262374
11915,0.45980337,-0.31986386
11916,-0.48308665,-0.30756137
11917,-0.42638025,-0.23213443
11918,0.6059796,-0.39597875
11919,-0.74314535,-0.22709766
11920,0.26035085,-0.20911165
11921,-0.6171944,-0.1412664
11922,0.60328823,-0.36284167
11923,-0.5054124,-0.28083026
11924,1.747131,-0.24745828
11925,-0.38685623,-0.20754535
11926,-0.25474143,-0.28851828
11927,-0.25873685,-0.33377254
11928,-0.1706419,-0.3584919
11929,-0.49604386,-0.31422597
11930,0.67569584,-0.18738142
11931,-0.7294434,-0.27109826
11932,-0.048880782,-0.30167204
11933,0.401324,-0.26642168
11934,0.3259294,-0.22069
11935,-0.6681038,-0.2587335
11936,-0.42324418,-0.084015176
11937,-1.0328547,0.29819798
11938,0.0004579567,0.02056697
11939,0.46201456,-0.10763067
11940,-0.018352909,-0.21234691
11941,-0.8489513,0.014364012
11942,-0.81955487,0.5237504
11943,0.06271541,0.021261051
11944,-0.015200712,-0.18872005
11945,0.8064725,0.34330982
11946,-0.043551505,-0.090159565
11947,0.6361677,-0.18667614
11948,0.036735367,-0.2807407
11949,-1.2491606,-0.21982296
11950,-1.3779967,0.80300784
11951,-0.6854681,0.08299731
11952,-0.66752946,0.68483543
11953,0.012416105,0.3405512
11954,-0.25511605,0.59446
11955,0.15679234,0.20714547
11956,1.69817,-0.039055463
11957,-0.0015087578,0.04846757
11958,-1.2223169,-0.108887635
11959,0.75326556,-0.28351992
11960,0.21600328,-0.2547964
11961,-0.41103002,-0.1986576
11962,0.890435,-0.14161602
11963,-0.7483757,-0.06468157
11964,-0.048987526,-0.30902323
11965,0.5126727,-0.27487382
11966,0.04602471,-0.3376161
11967,0.03433145,-0.30839977
11968,-1.0420226,-0.08398781
11969,1.0193678,-0.2962687
11970,0.10571211,-0.23575933
11971,-1.1074054,-0.12272993
11972,-1.0785631,0.10328479
11973,1.63871,-0.12140271
11974,-0.40438646,-0.19021766
11975,0.22736181,-0.020939004
11976,-1.1085697,-0.022232682
11977,1.2598172,0.35981846
11978,0.87353945,0.12273255
11979,0.044011023,-0.08462661
11980,0.45200035,-0.21746007
11981,0.0939908,-0.19477758
11982,-0.36602503,-0.2039781
11983,0.85193896,-0.18372533
11984,-0.3260775,-0.17689389
11985,0.57787424,-0.20936453
11986,0.23040183,-0.3009162
11987,-0.24550913,-0.27798027
11988,0.09548737,-0.271722
11989,0.50969565,-0.22993045
11990,-0.28906208,-0.27609593
11991,-0.4730554,-0.2678576
11992,0.32630897,-0.2956578
11993,-0.45019102,-0.3026961
11994,0.30857053,-0.36173648
11995,0.062348656,-0.30496627
11996,0.33278757,-0.41339737
11997,-0.3066773,-0.3143624
11998,0.16732223,-0.36664295
11999,-0.30855757,-0.3386411
12000,0.2332576,-0.37630564
12001,0.01619221,-0.32374233
12002,0.2977179,-0.28142536
12003,0.45683295,-0.2888297
12004,0.13968371,-0.21888901
12005,0.02781237,-0.16656485
12006,-0.0051167253,-0.25563908
12007,0.36166084,-0.24331082
12008,-0.421092,-0.16392496
12009,-0.18356054,-0.29124945
12010,0.32113886,-0.24133474
12011,-0.3649131,-0.29281843
12012,0.0921338,-0.37564558
12013,0.015286903,-0.3030546
12014,0.15690428,-0.36547345
12015,0.43426993,-0.28206807
12016,-0.15094474,-0.22315088
12017,0.13233307,-0.33954018
12018,0.052030616,-0.30305946
12019,1.1621869,-0.03727982
12020,-0.74379325,-0.0457003
12021,-0.3308048,-0.18452229
12022,-0.12738729,-0.2890861
12023,-0.32787916,-0.22042853
12024,0.11479731,-0.28015894
12025,0.52586037,-0.23510374
12026,-0.00022594747,-0.30664942
12027,0.1962533,-0.25494307
12028,-0.5211996,-0.2109206
12029,-0.044202086,-0.31278902
12030,0.14688835,-0.32339686
12031,-0.45214084,-0.17737891
12032,-0.4162126,0.16680369
12033,0.5667818,-0.22257158
12034,0.045629248,-0.28376758
12035,-0.14025135,-0.21110387
12036,0.35148698,-0.24023269
12037,0.08934993,0.037321053
12038,0.01692466,-0.28984427
12039,-0.53067327,-0.14581127
12040,0.19866532,-0.27819842
12041,0.43464583,-0.3056398
12042,0.33204535,-0.2696805
12043,0.24215859,-0.1904326
12044,-0.53637886,-0.21279313
12045,-0.11115498,-0.27775848
12046,0.42901504,-0.3045063
12047,-0.30400413,-0.28520536
12048,0.2567914,-0.18820213
12049,-0.21502154,-0.15168418
12050,0.38834342,-0.19577616
12051,-0.19817495,-0.25974008
12052,0.5528004,-0.19596627
12053,-0.3259795,-0.1744811
12054,-0.18329236,-0.26716053
12055,-0.3806646,-0.26507196
12056,0.0055015674,-0.31644416
12057,0.35755667,-0.3560115
12058,-0.004398401,-0.31790584
12059,0.24615088,-0.2837066
12060,0.079121694,-0.2555592
12061,-0.2063685,-0.28083283
12062,0.2815053,-0.4021706
12063,-0.61184716,-0.07036701
12064,-0.13741408,-0.20846242
12065,0.43127903,-0.33982295
12066,0.13072082,-0.39356893
12067,0.46878555,-0.12918365
12068,-0.33218718,-0.20244211
12069,-0.3139524,-0.2571289
12070,-0.02761575,-0.3239498
12071,-0.12058829,-0.21064004
12072,0.90163296,-0.100187965
12073,0.93076384,-0.060830884
12074,0.85360754,0.08042976
12075,-0.48870435,0.10464384
12076,-0.027330475,-0.14245108
12077,-0.31019568,-0.17256936
12078,-0.38166448,-0.24943227
12079,-0.58886755,-0.23512551
12080,0.7967762,-0.15647216
12081,-0.25269556,-0.2934161
12082,0.8471105,-0.3575318
12083,-0.44274962,-0.22385591
12084,-0.2206097,-0.21224074
12085,0.05890791,-0.31284028
12086,-0.20585741,-0.41316956
12087,0.079286456,-0.3009215
12088,0.022158125,-0.3416757
12089,-0.6641682,-0.21349515
12090,0.12097081,-0.34454113
12091,-0.2188232,-0.26781866
12092,-0.18311356,-0.29416797
12093,-0.14605214,-0.3105403
12094,0.6030761,-0.3545242
12095,-0.5009643,-0.3006346
12096,0.06709189,-0.31925684
12097,0.49912336,-0.0035311729
12098,0.24652421,-0.1129292
12099,0.16084704,-0.24545488
12100,-0.030977504,-0.3028772
12101,0.40960002,-0.23391527
12102,0.037688944,-0.11004825
12103,0.10155945,0.02269309
12104,-0.3502381,-0.18825957
12105,0.18867701,-0.07867828
12106,-0.095953315,-0.22885728
12107,-0.10013043,-0.24747576
12108,0.2538646,-0.1402315
12109,-0.30821705,-0.27729014
12110,-0.4724254,-0.2531504
12111,0.43382308,-0.28299767
12112,-0.18212238,-0.25073922
12113,-0.19663909,-0.21153864
12114,-0.07245086,-0.33065826
12115,-0.1415209,-0.2914933
12116,-0.01761279,-0.2802297
12117,0.08880088,-0.30788764
12118,0.06677769,-0.3100837
12119,0.24098055,-0.30142203
12120,-0.16471113,-0.27552202
12121,-0.0060140495,-0.29274696
12122,0.44724628,-0.334728
12123,-0.13493069,-0.14882174
12124,-0.3373205,-0.31729442
12125,1.6771373,0.08667286
12126,0.3506324,0.36496848
12127,0.8487339,0.742673
12128,0.36598328,0.41357517
12129,-1.2347883,0.08607119
12130,-0.42169783,0.17044686
12131,0.6163266,-0.17812923
12132,-0.22891328,-0.21679093
12133,-0.50065833,-0.1383178
12134,0.20976676,-0.2063403
12135,0.7377993,-0.1659016
12136,0.050569586,0.0096066
12137,0.7807909,-0.078209616
12138,0.40064508,-0.1260047
12139,1.0334933,0.22121017
12140,-0.68604416,0.043032296
12141,-0.6914579,-0.0040829107
12142,-0.21193974,-0.21314834
12143,-0.49508622,-0.18266648
12144,0.2747264,-0.26044333
12145,-0.651096,-0.21935074
12146,-0.09866958,-0.17830537
12147,-0.13261147,-0.25271487
12148,-0.26865724,-0.33367187
12149,-0.3982538,-0.20195858
12150,0.18202172,-0.39614558
12151,0.12376465,-0.3406375
12152,0.24178612,-0.36815786
12153,0.79503316,-0.15458332
12154,-0.30523875,-0.30002013
12155,0.5767664,-0.2792817
12156,0.14217542,-0.27890354
12157,0.5742537,-0.25051063
12158,-0.327691,-0.20776011
12159,0.33313158,-0.18960388
12160,-0.23400268,-0.29278892
12161,0.075404644,-0.29155654
12162,0.58323437,-0.22971441
12163,0.11963058,-0.23769918
12164,-0.21442957,-0.3494569
12165,-0.11324595,-0.28981242
12166,-0.1059238,-0.29242522
12167,-0.31087878,-0.21813537
12168,-0.06552064,-0.2500751
12169,0.3077162,-0.31328404
12170,-0.13818905,-0.18958323
12171,-0.11729671,-0.23711564
12172,0.011005882,-0.21877532
12173,-0.2817775,-0.30227953
12174,-0.5426158,-0.24453941
12175,-0.045209117,-0.2543349
12176,-0.10053095,-0.348916
12177,0.18717597,-0.3123873
12178,0.44112578,-0.3240981
12179,-0.94568056,-0.22469334
12180,-0.30411404,-0.1868828
12181,-0.20857981,-0.2609986
12182,-0.124893844,-0.27638283
12183,0.48535964,-0.29114085
12184,-0.4491977,-0.25520787
12185,-0.23013382,-0.24580531
12186,0.14085485,-0.3797933
12187,0.26849505,-0.32178032
12188,0.09095003,-0.37212384
12189,-0.29365066,-0.33768088
12190,0.5448364,-0.28424466
12191,0.11769898,-0.317424
12192,0.19516183,-0.26881927
12193,-0.42806584,-0.30689812
12194,-0.6884244,-0.13231696
12195,-0.07748226,-0.2525376
12196,-0.4547712,-0.22862607
12197,-0.9718641,0.48113054
12198,-0.10633038,0.080917954
12199,-0.039948177,-0.06892308
12200,0.82721233,-0.28853878
12201,-0.12792899,-0.25931692
12202,0.09514647,-0.3563555
12203,0.4666118,-0.3050171
12204,0.218542,-0.20771156
12205,0.52216446,-0.16124359
12206,0.42929327,-0.25033796
12207,-0.110193096,-0.26721993
12208,1.0252769,-0.14187501
12209,0.24386963,-0.064400725
12210,-0.23362549,-0.2856351
12211,0.025019221,-0.29451555
12212,0.18916918,-0.2311427
12213,0.047565807,-0.26807165
12214,-0.3408105,-0.30868548
12215,0.041377135,-0.18431933
12216,-1.1678168,0.07518612
12217,-1.2255892,0.19757865
12218,-0.21414226,-0.048703596
12219,0.029707264,-0.14925984
12220,0.3428252,-0.17315161
12221,-0.14705919,-0.053969283
12222,0.35107177,-0.22311085
12223,-1.6719304,0.37575686
12224,-1.4202294,1.1187235
12225,-0.6992318,0.5015502
12226,0.32970953,0.20113169
12227,0.63669956,0.014416292
12228,-0.5677697,-0.023951288
12229,-0.77099067,0.1516046
12230,0.2198924,-0.12199897
12231,0.5709546,-0.14868626
12232,0.29162145,-0.16682813
12233,-0.5865781,-0.025621071
12234,0.16609679,-0.1721243
12235,0.05993136,-0.18250093
12236,0.33963564,-0.33401537
12237,-0.13734266,-0.28414792
12238,0.6774812,-0.29486418
12239,-0.51501924,-0.27934366
12240,-0.2250975,-0.31858158
12241,-0.330794,-0.24554309
12242,0.51923186,-0.30275178
12243,-0.21743265,-0.26751745
12244,-0.18561265,-0.34764314
12245,-0.21468455,-0.34332275
12246,-0.2533205,-0.19179517
12247,0.5624759,-0.3784728
12248,0.5964925,-0.3401801
12249,-0.7507576,-0.3469382
12250,-0.3776122,-0.29175717
12251,0.06941394,-0.33387345
12252,0.4902978,-0.43834567
12253,-0.3480347,-0.4238103
12254,-0.5028056,-0.22505385
12255,0.3671399,0.011346377
12256,0.27116352,-0.36511564
12257,0.34321153,-0.32820034
12258,0.19066982,-0.35926706
12259,0.4830791,-0.23609172
12260,0.015508478,-0.30252993
12261,0.1723346,-0.3545292
12262,-0.14300114,-0.33429754
12263,-0.326137,-0.22173318
12264,-0.102999814,-0.32477987
12265,-0.11940057,-0.35036576
12266,-0.77524346,-0.051797945
12267,0.12009889,-0.27843958
12268,-0.8318531,-0.21224576
12269,0.5084394,-0.33121794
12270,0.29627737,-0.30374908
12271,-0.6988372,-0.32440245
12272,0.49022245,-0.39202642
12273,0.08917429,-0.404826
12274,-0.23622277,-0.3478583
12275,-0.2851376,-0.37438947
12276,-0.60363024,-0.08623442
12277,0.44627935,-0.34234267
12278,-0.24304856,-0.3700611
12279,-0.4094358,-0.27745986
12280,0.43013042,-0.30832356
12281,-0.0055066645,-0.28248537
12282,0.18557237,-0.30186045
12283,1.5080919,-0.3115065
12284,0.15812418,-0.04482135
12285,1.0811162,-0.0449735
12286,-0.45760897,-0.16302061
12287,-0.5335724,-0.3048808
12288,-0.08640273,-0.3325553
12289,0.51401764,-0.36720562
12290,0.052318584,-0.34318268
12291,0.46827832,-0.34244323
12292,0.29278862,-0.27716047
12293,-0.43786612,-0.25014263
12294,0.21336955,-0.34414494
12295,-0.33620572,-0.17475753
12296,-0.072473705,-0.27733323
12297,-0.935724,-0.12966594
12298,0.32259008,-0.282632
12299,0.5535664,-0.3212849
12300,0.1144749,-0.28674954
12301,-0.3879882,-0.26336223
12302,0.33886322,-0.37050396
12303,-0.15155713,-0.36541831
12304,-0.31057096,-0.18974586
12305,0.3936441,-0.3828091
12306,-0.2914507,-0.25891963
12307,0.37385607,-0.31838977
12308,0.32959148,-0.36012894
12309,-0.1273884,-0.35671628
12310,-0.29917166,-0.38714367
12311,-0.8404404,-0.17897893
12312,0.27645525,-0.15793565
12313,0.03054082,-0.3435743
12314,-0.3217425,-0.27103424
12315,0.48154792,-0.3525806
12316,-0.049813326,-0.2539849
12317,0.32999757,-0.027817074
12318,0.10995017,-0.019313578
12319,0.44183406,0.08072102
12320,-0.41214418,-0.0566544
12321,0.84698504,-0.17673813
12322,1.417963,0.07206403
12323,-0.39852965,0.19256492
12324,-0.053784907,-0.07130936
12325,0.2999043,-0.04271362
12326,0.991292,0.11110605
12327,-0.6352569,0.17977422
12328,-0.20828554,-0.21436094
12329,-0.45120084,-0.21330102
12330,0.31912833,-0.35146183
12331,-0.087964684,-0.30229843
12332,0.62264186,-0.31270605
12333,0.44875452,-0.33521622
12334,0.351297,-0.2795407
12335,0.5948153,-0.16058072
12336,-0.7164794,-0.19090928
12337,-0.13173124,-0.26578
12338,-0.029110024,-0.20708087
12339,0.05414549,-0.3408531
12340,-0.038361896,-0.3162833
12341,-0.2783699,-0.3910436
12342,0.23323733,-0.29882666
12343,-0.18938263,-0.3512559
12344,-0.18007821,-0.43772322
12345,-0.33558387,-0.3350894
12346,0.099281095,-0.35477448
12347,0.27417734,-0.36952215
12348,-0.10649058,-0.38716567
12349,-0.5470885,-0.19595183
12350,0.3852944,-0.41190284
12351,0.15414946,-0.30880725
12352,0.0029541368,-0.3661778
12353,-0.19696389,-0.35748798
12354,0.14362048,-0.4521041
12355,-0.14049059,-0.32119727
12356,-0.1187696,-0.3603586
12357,0.12166825,-0.4111696
12358,-0.106712006,-0.36386162
12359,-0.18511559,-0.2639477
12360,0.072045915,-0.37147558
12361,0.23180859,-0.3425604
12362,-0.08048624,-0.36291635
12363,0.04884206,-0.34546816
12364,0.73084706,-0.30656832
12365,-0.3693443,-0.30471954
12366,-0.82766664,-0.2121568
12367,0.17113198,-0.285325
12368,-0.10999052,-0.3387897
12369,-0.5797925,-0.3106402
12370,-0.014986178,-0.21913353
12371,-0.18011144,-0.31519246
12372,0.004791972,-0.33893323
12373,0.17597355,-0.39401793
12374,-0.21364102,-0.37116337
12375,0.21565194,-0.35764045
12376,0.27278715,-0.41800612
12377,-0.30895507,-0.33906472
12378,-0.10013525,-0.3201579
12379,-0.08374073,-0.36054003
12380,0.3731628,-0.35953444
12381,-0.01847371,-0.28463298
12382,0.4742746,-0.04063278
12383,0.4621738,0.15722929
12384,-0.34001046,-0.12595701
12385,0.104373254,-0.13389224
12386,-0.14731903,0.039454803
12387,0.32038045,-0.16550797
12388,0.110388964,-0.08470656
12389,-0.25206012,-0.17573303
12390,0.11750098,-0.17317575
12391,0.19345625,-0.27448654
12392,0.3015574,-0.23270926
12393,-0.34460577,-0.28537816
12394,-0.19863102,-0.26968074
12395,-0.24817799,-0.23941144
12396,0.36455414,-0.3364414
12397,-0.039510086,-0.41555828
12398,0.11829088,-0.2715534
12399,1.8073002,0.63561815
12400,0.6100179,0.47900462
12401,1.0617774,0.8110621
12402,0.145824,0.33423585
12403,0.23960292,0.017807722
12404,0.43739864,0.05639624
12405,-0.16070203,0.06114035
12406,-0.09286345,0.36190164
12407,-0.36160213,0.34684205
12408,0.009081698,0.07366812
12409,-0.17299032,-0.031790234
12410,0.23861477,-0.0785041
12411,-0.14800821,-0.069812074
12412,0.07161277,0.022806682
12413,0.2728112,0.13395353
12414,-0.26742062,-0.030828642
12415,-0.91379523,0.024784468
12416,-0.019250121,-0.04087452
12417,-0.117631175,0.01676663
12418,-0.19545335,-0.08591321
12419,-0.11261109,-0.12171674
12420,0.47048157,-0.26330942
12421,0.41574553,-0.21118677
12422,-0.07079739,-0.22906995
12423,-0.18182218,-0.23168854
12424,0.097915456,-0.20904563
12425,-1.319118,-0.051127687
12426,-0.0071452204,0.6599483
12427,0.14755997,-0.10919699
12428,-0.09112834,-0.22086412
12429,0.35176226,-0.2640338
12430,0.1766828,-0.31970727
12431,-0.5138991,-0.26422408
12432,0.47984397,-0.34474027
12433,-0.33060506,-0.33056718
12434,0.64269793,-0.29318056
12435,0.06824803,-0.28985924
12436,0.20166291,-0.38199133
12437,0.83652335,-0.05985998
12438,0.87585473,0.2994032
12439,-0.11604412,-0.14810756
12440,0.47642073,-0.1694352
12441,-0.011817838,-0.17378736
12442,-0.057562444,-0.03971924
12443,0.020443682,-0.20664188
12444,0.7134261,-0.121818036
12445,0.05737894,0.08630872
12446,0.15454298,0.17168395
12447,0.6284937,0.0047461614
12448,0.120916136,-0.094962604
12449,0.035837784,-0.14002293
12450,0.9454905,0.22444375
12451,-0.7901738,0.022205085
12452,0.06530483,-0.2087541
12453,0.38250872,-0.2242957
12454,0.29468885,-0.1163625
12455,0.10596417,0.46296477
12456,-0.7641079,1.35411
12457,0.8905788,1.089269
12458,-0.8611662,0.19524716
12459,0.31962797,1.1684425
12460,-0.8381557,1.0784936
12461,-0.33316112,0.03837142
12462,0.34623787,-0.2179313
12463,-0.024669712,-0.18358476
12464,-0.3572195,-0.19207819
12465,0.3294113,-0.3008899
12466,0.13213846,-0.119504526
12467,0.51555586,-0.274158
12468,0.622152,0.16757189
12469,-0.60608846,-0.02406257
12470,0.05281595,-0.29338753
12471,-0.38390142,-0.084740266
12472,0.14898363,-0.2655905
12473,0.069299154,-0.21745533
12474,-0.3247022,-0.23402989
12475,-0.22288626,-0.20886149
12476,-0.20573813,-0.1312725
12477,-0.0964628,-0.22955543
12478,-0.1907721,-0.29482776
12479,0.37706038,-0.24940178
12480,0.37364602,-0.30307093
12481,0.323627,-0.3042393
12482,0.345979,-0.32491928
12483,-0.29686314,-0.22816762
12484,0.50106484,0.030753471
12485,-0.042987164,-0.040509373
12486,0.31703404,0.10427512
12487,0.44526166,0.043560468
12488,-0.87699217,-0.043597907
12489,-0.45463753,0.021835014
12490,0.0109979715,-0.20516449
12491,-0.120560646,-0.1841417
12492,-0.28226024,-0.22638953
12493,0.029504377,-0.2453008
12494,0.5133701,-0.29605037
12495,-0.034119684,-0.08667805
12496,-0.3456551,-0.23920105
12497,0.1672977,-0.2060152
12498,0.18436174,-0.2733469
12499,0.4236526,-0.17542587
12500,-0.16569568,-0.14137524
12501,0.14983012,-0.25499764
12502,0.1043405,-0.32187724
12503,-0.9128858,0.10960975
12504,-0.06868867,-0.18658493
12505,-0.12480807,-0.08535705
12506,-0.3114577,-0.1737499
12507,0.17827666,-0.24721625
12508,0.44033557,-0.23506911
12509,0.44650593,-0.030522253
12510,1.2934549,0.7023213
12511,-0.66663355,1.0872447
12512,-0.2887211,0.17201887
12513,-1.0784873,0.24403487
12514,0.15209603,0.006081037
12515,-1.0748568,0.29365313
12516,-0.002155096,-0.06888306
12517,-1.1968132,0.19632111
12518,0.8065173,-0.089368
12519,0.09515162,-0.024871103
12520,0.16541532,-0.2719804
12521,-0.15647677,-0.13723335
12522,0.4633525,-0.35161132
12523,0.6784431,-0.24087688
12524,0.28987086,-0.18312988
12525,0.9444982,-0.01634626
12526,0.56669533,0.2584306
12527,-0.04200778,0.11202891
12528,-0.28481975,0.0435505
12529,-0.47291428,0.14101465
12530,0.015452734,-0.058695205
12531,0.026265737,-0.24782668
12532,0.26330265,-0.26760733
12533,-0.08226079,-0.3083722
12534,0.67153656,0.24826817
12535,-0.61415917,-0.097930424
12536,-0.018789046,-0.22979908
12537,0.39048454,-0.32948625
12538,0.28274086,-0.24758378
12539,-0.09706662,-0.23122807
12540,-0.30994427,-0.28004283
12541,0.32380775,-0.33527142
12542,-0.059905168,-0.31184024
12543,0.15100239,-0.17377202
12544,0.29765987,-0.15795442
12545,-0.36745283,-0.14886537
12546,-0.019819042,-0.30978984
12547,0.16696836,-0.32786977
12548,-0.2693828,-0.29866102
12549,-0.42729342,-0.21334338
12550,-0.0429499,-0.31837267
12551,0.37752867,-0.3046313
12552,-0.07525167,-0.3486421
12553,-0.32757124,-0.27921218
12554,0.08658504,-0.3323096
12555,0.18654484,-0.329273
12556,-0.040287107,-0.3345884
12557,0.54249364,-0.21554987
12558,0.08389072,-0.15112963
12559,-0.18976586,-0.2868117
12560,0.14108936,-0.25353372
12561,-0.19552015,-0.29123694
12562,-0.109838635,-0.3764016
12563,0.10538534,-0.26760882
12564,0.009921845,-0.32039106
12565,-0.1582463,-0.29077566
12566,-0.12465145,-0.26732188
12567,0.33175644,-0.33817828
12568,-0.11619364,-0.2669642
12569,0.27520803,-0.04231125
12570,0.28400144,-0.24155533
12571,1.0338051,0.88656497
12572,1.1291188,0.380597
12573,-0.38719025,0.3843903
12574,0.009823648,-0.018336587
12575,-0.67129093,0.111821756
12576,0.14011064,0.03530404
12577,-0.4566977,-0.023058377
12578,0.12068442,-0.19800857
12579,0.47438133,-0.1741073
12580,0.15861468,-0.24181429
12581,-0.10334377,-0.26764464
12582,0.250018,-0.28628063
12583,-0.10884122,-0.25223398
12584,0.30506355,-0.19527532
12585,0.48144165,-0.14243907
12586,-0.4205919,-0.04160928
12587,0.64453113,-0.16987687
12588,-0.23634198,-0.20821011
12589,0.110312924,-0.1188954
12590,0.4039672,-0.013164993
12591,0.7246362,0.02820032
12592,-0.27941188,0.010158531
12593,-0.29221302,0.07291545
12594,-0.20179969,-0.086874455
12595,-0.5121696,-0.080088556
12596,0.29729798,-0.2968027
12597,-0.31190565,-0.08676939
12598,-0.23871939,-0.19926888
12599,0.48348778,-0.0062924437
12600,0.79081684,0.22342704
12601,-0.37085333,-0.0071270578
12602,0.38692126,-0.13813682
12603,-1.2187572,0.12337935
12604,0.29313496,-0.15028697
12605,-0.45283675,-0.05402292
12606,-0.7287843,0.2078953
12607,0.35402396,0.3892951
12608,0.18151063,-0.1831295
12609,-0.2131816,-0.15831971
12610,0.32465836,-0.26797023
12611,-0.30465585,-0.1260283
12612,-0.44877467,-0.010678802
12613,0.12160491,-0.19084953
12614,0.118534386,-0.2509904
12615,0.62757987,0.20033406
12616,-0.18331188,-0.13900986
12617,-0.21014145,-0.10108314
12618,-0.35344112,-0.16361928
12619,0.5506002,-0.15128684
12620,0.18119162,-0.19788246
12621,0.27128384,0.05771479
12622,-0.08091381,-0.2109134
12623,-0.28151554,-0.1691126
12624,0.39205185,-0.2595998
12625,-0.27287966,-0.19619592
12626,0.2549745,-0.26736498
12627,0.35246733,-0.20554607
12628,-0.2913782,-0.22481525
12629,-0.25441563,-0.17322573
12630,-0.23381019,-0.24203174
12631,-0.117165826,-0.073364794
12632,0.44880024,-0.102044865
12633,0.33957568,0.0072881356
12634,-0.16142632,-0.18245536
12635,-0.23692042,-0.16005872
12636,-1.0893339,-0.055577196
12637,-0.08276747,-0.17307234
12638,0.294728,-0.3628109
12639,0.10511825,-0.28563917
12640,0.48538154,-0.1448605
12641,-0.90076697,0.013367131
12642,-0.4322658,0.1295632
12643,-0.21376812,-0.13812669
12644,-0.004272617,-0.328362
12645,0.4139834,-0.24501666
12646,-0.2142764,-0.18490562
12647,0.48656452,-0.26149
12648,0.08151488,-0.25453854
12649,0.38106826,-0.22289442
12650,0.35407183,-0.013051122
12651,-0.6523914,-0.06841897
12652,0.3297118,-0.24465245
12653,0.4283805,0.067659244
12654,-0.027861368,0.034139827
12655,-0.0691618,-0.040785685
12656,0.21221574,0.0983984
12657,-0.6514919,0.026274808
12658,0.38840488,-0.105723985
12659,0.7281037,0.12114425
12660,0.9656419,0.6654688
12661,-0.0023303535,0.054835163
12662,0.11988478,0.05265125
12663,0.25603572,-0.13465942
12664,0.33040094,-0.05759301
12665,-0.1290433,-0.13511272
12666,0.122351974,-0.0008010678
12667,-0.6433973,-0.054879285
12668,-1.178077,0.28567183
12669,0.65022117,-0.07373457
12670,-0.82407147,0.03583736
12671,-0.24440883,-0.099879615
12672,-1.0430785,0.45721364
12673,0.59901726,-0.22703782
12674,0.0045739077,-0.20567149
12675,0.2215082,-0.26366663
12676,-0.5597485,-0.1712563
12677,-2.3293788,1.3853784
12678,0.35793757,0.39467275
12679,-0.33904025,0.895628
12680,0.877315,-0.025571011
12681,0.26476836,-0.15190786
12682,0.37924027,-0.16252413
12683,-0.24325827,-0.18896551
12684,0.02946851,-0.25593287
12685,-0.06587831,-0.26228184
12686,0.06690986,-0.16069002
12687,-0.3686673,-0.24386159
12688,-0.51890844,-0.14095369
12689,0.26902306,-0.11152452
12690,-0.6494575,-0.11646664
12691,-0.042558134,-0.23979892
12692,0.47204697,-0.15787283
12693,0.18201065,0.009375185
12694,-0.46058422,-0.06268933
12695,-0.008165595,-0.17356385
12696,0.14647382,-0.2610979
12697,0.5188185,-0.26941133
12698,-0.10027808,-0.24160506
12699,0.18666032,-0.28658897
12700,0.025717821,-0.20754002
12701,-0.5871629,-0.17743021
12702,-0.58407325,-0.18648447
12703,0.69181687,-0.16811523
12704,0.7722639,-0.18053901
12705,0.5522527,0.074769065
12706,-0.19137862,-0.08238378
12707,0.35520753,-0.090048105
12708,-0.11518152,-0.08069439
12709,-0.14212115,-0.094306156
12710,-0.17946059,0.13713399
12711,0.13796213,-0.21045053
12712,0.04840149,-0.18161257
12713,0.13432558,-0.18750653
12714,-0.08201907,-0.27541935
12715,-0.21798788,-0.24959113
12716,-0.31460047,-0.21026403
12717,0.23444569,-0.3450476
12718,0.040949047,-0.16040942
12719,0.29565975,-0.29921055
12720,-0.24827854,-0.2753762
12721,0.19484505,-0.36293185
12722,0.21419218,-0.31498128
12723,0.2564321,-0.32356602
12724,-0.23491302,-0.30112872
12725,0.06719886,-0.25169772
12726,-0.060515102,-0.27576977
12727,-0.62461555,-0.0041886196
12728,-0.34486035,0.14031725
12729,0.6980865,-0.2414859
12730,-0.5620283,-0.2604479
12731,-0.43243334,-0.034796752
12732,-0.11854492,-0.109310105
12733,-0.17421673,-0.14448261
12734,0.8707279,-0.32567894
12735,-0.06766332,-0.1237036
12736,0.067855395,-0.24669637
12737,0.32334283,-0.278842
12738,0.13360655,-0.2524671
12739,-0.28618076,-0.23905104
12740,-0.04592224,-0.29680234
12741,0.33351982,-0.25330994
12742,0.12427074,0.001086589
12743,-0.22179474,-0.11883131
12744,0.8667434,-0.17574702
12745,-0.6028926,-0.13683233
12746,-0.41419548,-0.23167981
12747,0.5281006,-0.32141966
12748,0.4906934,-0.2509473
12749,0.8232906,0.097636
12750,0.010529901,-0.16359797
12751,1.708171,0.8479806
12752,0.5134553,0.579034
12753,0.98389,0.46987766
12754,0.05944063,0.22315355
12755,-0.25540423,0.33296978
12756,-0.56698674,0.16810638
12757,-0.40553877,-0.090358384
12758,0.60604256,-0.11591567
12759,0.62809575,0.11966193
12760,-0.25967067,-0.043667085
12761,-0.09385533,-0.1481525
12762,-0.09764064,0.10040918
12763,0.6140818,0.0124676
12764,-0.5910387,-0.053844992
12765,-0.21366604,0.2771151
12766,-0.024114545,0.047707647
12767,-0.09375582,-0.11765276
12768,-0.18680163,-0.022862542
12769,0.28080386,-0.050234213
12770,0.11143643,0.041279964
12771,-0.44982693,-0.049383383
12772,-0.76504993,0.08637473
12773,-0.4380246,0.1775314
12774,-0.86629844,0.20542176
12775,0.2321521,0.20266931
12776,0.70596147,-0.057752922
12777,0.21479556,-0.026879486
12778,-0.151499,-0.11035893
12779,-0.12853251,-0.27679467
12780,-0.31444183,-0.19372559
12781,-0.116303615,-0.162965
12782,-0.3262391,-0.20091616
12783,-0.43027863,-0.11032366
12784,0.17817232,-0.0052709505
12785,-0.60761195,-0.12362796
12786,-0.25705352,-0.047052808
12787,-0.7544998,0.14406183
12788,-1.7247016,0.8528537
12789,0.6159429,0.503369
12790,-0.87781763,0.50710195
12791,-0.14443135,0.052287824
12792,0.026971566,-0.080908835
12793,-1.0540905,0.5465609
12794,0.44955635,0.06318205
12795,-0.8796652,0.3307377
12796,-0.047248267,-0.039777007
12797,1.9297758,0.50858426
12798,-0.16278288,0.3362869
12799,-0.1308366,0.14805
12800,0.13598521,-0.078597605
12801,0.21341395,0.21890913
12802,-0.2521862,-0.0013589561
12803,-0.4521838,0.10274169
12804,0.08538453,-0.16908973
12805,1.0658568,-0.19091986
12806,0.26659492,-0.20477276
12807,0.7364663,0.4442851
12808,-0.4634596,-0.051855233
12809,-1.3491462,-0.01897012
12810,0.49673873,-0.0987636
12811,-0.032742854,-0.16575874
12812,0.20956802,-0.11066013
12813,-0.5562794,-0.15878114
12814,-0.38591352,-0.16242763
12815,-0.19813274,0.73663235
12816,0.21021104,-0.05937273
12817,-0.014350282,-0.21059787
12818,0.58388346,-0.33982587
12819,-0.42999333,-0.3268249
12820,-0.021737037,-0.3651446
12821,-0.7556633,-0.17235224
12822,-0.5692665,0.4583472
12823,-0.5495656,-0.045078218
12824,0.3672459,-0.27881145
12825,0.07867889,-0.21671829
12826,-0.13689087,-0.31007695
12827,0.38303813,-0.3083064
12828,-0.54913914,-0.19613257
12829,-1.1354575,0.56680375
12830,-0.00040673185,0.027446859
12831,-0.65838397,-0.12700242
12832,-0.3752859,0.13681969
12833,0.5406949,-0.22378613
12834,0.28555742,-0.31479794
12835,0.33986124,-0.29286626
12836,-0.3390768,-0.2713974
12837,0.40856266,-0.22665109
12838,-0.51787853,-0.19909155
12839,0.3670648,-0.2517265
12840,0.43180043,-0.19920804
12841,-0.16163851,-0.24472633
12842,0.8428698,-0.17497006
12843,-0.26427156,-0.090674065
12844,0.3642314,-0.33266783
12845,0.10437149,-0.34958148
12846,-0.18038583,-0.26340014
12847,0.092469074,-0.27446765
12848,0.43725163,-0.27051595
12849,0.27616596,-0.17504081
12850,-0.4966092,-0.18410039
12851,-0.41984463,-0.20305488
12852,-0.24807116,-0.16678703
12853,0.025074916,-0.35340643
12854,-0.13789205,-0.38627183
12855,0.45640227,-0.36540174
12856,0.323017,-0.34985405
12857,0.13237767,-0.2165489
12858,-0.06383425,-0.28442985
12859,-0.7536425,-0.11923179
12860,-0.9437651,-0.06429234
12861,-0.42570817,-0.089419104
12862,0.68219906,-0.26445377
12863,-0.5600259,-0.11242713
12864,1.0810378,-0.1186736
12865,-0.0062839687,-0.15675537
12866,-0.35909495,-0.2872421
12867,0.931126,-0.11960462
12868,-0.034932356,-0.12468211
12869,-0.32234526,-0.17053106
12870,0.03342779,-0.27573118
12871,-0.38621175,-0.19633055
12872,-0.30675316,-0.21283874
12873,0.77408147,-0.24745037
12874,-0.74152434,-0.21697968
12875,-0.7672806,-0.16675067
12876,0.44365394,0.09299286
12877,-0.31931484,-0.28353727
12878,-0.46380627,-0.2252771
12879,-0.47409725,0.038918413
12880,0.5239196,-0.21608877
12881,-0.33891693,-0.28322598
12882,0.045581438,-0.2871928
12883,-0.7102354,0.10915375
12884,0.69573516,-0.24233265
12885,0.094170466,-0.33505785
12886,0.47835565,-0.13657603
12887,-0.375071,-0.16175199
12888,0.8715448,-0.21259965
12889,2.2715154,2.2246752
12890,0.082707725,0.8655522
12891,-0.5723366,0.42366588
12892,0.6681035,0.17379293
12893,-1.1237652,1.0166192
12894,0.023110805,0.6369119
12895,0.9005656,0.11865385
12896,0.29014447,0.0061864555
12897,0.13933234,-0.07378469
12898,0.5559324,0.23093934
12899,0.043542214,0.2246999
12900,1.0762064,0.4362594
12901,-0.23283768,0.30101067
12902,0.7600529,0.10200469
12903,-0.13048828,0.53018427
12904,0.63772964,0.63717884
12905,0.11987891,1.2026116
12906,0.5888083,0.7202248
12907,0.38966978,1.2458816
12908,-0.36642054,0.7713729
12909,-0.18302725,0.34333956
12910,-0.0874045,-0.03663209
12911,1.1769563,0.16351911
12912,0.28533822,0.7193619
12913,-0.29281726,0.2113011
12914,-0.3975612,0.21749412
12915,0.3735266,0.130662
12916,0.5359082,-0.0835665
12917,-0.20760462,0.2167214
12918,0.5484668,-0.012363479
12919,-0.05918176,0.16791692
12920,0.68143874,0.6391428
12921,0.12629318,0.03981304
12922,0.22407162,0.06043885
12923,-0.4337913,0.13350195
12924,0.0034088811,0.08411762
12925,0.07385448,0.20159568
12926,-0.45335352,0.18590535
12927,-0.16854446,0.23905136
12928,0.21322182,0.052111268
12929,-0.19682403,-0.03072076
12930,0.16293675,0.069804564
12931,-0.26288533,0.016938314
12932,0.13535483,-0.16488492
12933,0.20551383,-0.16541864
12934,-0.35338682,-0.10365649
12935,0.34082574,-0.010822006
12936,-0.2336398,-0.15905416
12937,0.63612115,0.19948913
12938,-0.5199126,0.088031575
12939,-1.466476,0.5347985
12940,0.8446836,0.14677869
12941,-0.9685643,0.10682292
12942,0.32715833,-0.040557355
12943,-0.6067828,-0.018658295
12944,0.66145927,0.0032838583
12945,1.1532348,0.40273052
12946,0.52042574,0.33555233
12947,-0.5260432,0.9252498
12948,0.4517414,0.26304448
12949,0.7262796,0.16597354
12950,-0.45531282,0.16253217
12951,0.66498154,0.43748498
12952,-0.16368848,0.46809494
12953,-0.334635,0.061155245
12954,-0.015550232,0.091356635
12955,-0.1422845,-0.121826515
12956,0.024636252,-0.117207654
12957,-0.93111426,0.16342148
12958,-0.46324855,0.24303605
12959,0.37929073,0.11340414
12960,-0.526059,-0.09229977
12961,-0.0358115,-0.07398119
12962,0.45498037,-0.018615268
12963,1.1275465,0.69843286
12964,0.2882402,0.21757151
12965,0.20951542,0.28291655
12966,0.78305566,0.26822436
12967,0.6757652,0.42073083
12968,0.2483309,0.32295436
12969,0.2679372,0.37036735
12970,0.36447126,0.2515217
12971,0.47052917,0.53243786
12972,-0.44374624,0.6164674
12973,-0.22718695,0.47902268
12974,0.7086182,0.6604743
12975,-0.12983774,0.28309757
12976,0.06350149,0.11727074
12977,0.4234551,0.07135071
12978,-0.1246589,0.15294307
12979,-0.026331484,0.10092914
12980,-0.33135164,0.2128828
12981,0.20584011,-0.16795546
12982,0.035335936,0.010226838
12983,-0.09250884,0.06718445
12984,0.3090866,0.07239981
12985,-0.046169247,0.15890998
12986,-0.7835658,0.35811
12987,0.58148956,0.04936649
12988,0.8471229,0.4024982
12989,-1.7420975,1.8352
12990,1.3965129,1.3065351
12991,-0.35109425,0.59989995
12992,-0.67146665,1.8124471
12993,0.2110224,0.353172
12994,-1.8220901,0.7940322
12995,0.16710094,0.97564554
12996,-0.76527524,0.68254656
12997,1.2384814,0.53012437
12998,-0.62299955,0.059314206
12999,0.61493254,0.10955037
13000,0.70947707,0.35444313
13001,-1.1529272,0.19396283
13002,0.22235006,-0.13533178
13003,0.4075353,-0.11112793
13004,0.5200822,-0.107592
13005,-0.529726,-0.024628595
13006,0.16891207,-0.23225608
13007,0.36179948,-0.0936763
13008,-1.0924159,0.008459002
13009,-0.10353844,0.011334553
13010,0.41766167,-0.21648842
13011,0.17835489,-0.14889938
13012,0.89581,-0.014176618
13013,0.048332512,-0.09765948
13014,0.616753,-0.055143747
13015,-0.41945952,-0.07440438
13016,-0.32490206,-0.21007456
13017,0.35212305,-0.21344367
13018,-0.10671299,-0.20738427
13019,0.24274658,-0.075827494
13020,-0.059796523,-0.09949826
13021,-0.45536923,-0.17618933
13022,0.2695186,-0.18868096
13023,0.53209865,-0.1841183
13024,0.0023177967,-0.14471814
13025,1.1038679,0.19572301
13026,-0.54184854,0.49071842
13027,0.53634053,0.62474084
13028,0.14262861,-0.010295473
13029,0.105509035,0.10972974
13030,-0.47217646,-0.032037534
13031,1.0715213,0.87931514
13032,0.524413,0.40405464
13033,-0.79586494,0.49590886
13034,0.1280784,0.64659685
13035,-0.76896286,0.3427627
13036,0.8043181,0.23106338
13037,1.1656295,1.0747881
13038,-0.59855807,0.39411306
13039,0.23105143,0.19278587
13040,-0.23509096,0.16613097
13041,1.3012033,0.4933911
13042,1.0628111,1.878619
13043,-0.099253364,0.9166837
13044,0.035758197,0.78754807
13045,-0.05110444,0.46274257
13046,-0.29423732,0.48489332
13047,-0.44099653,0.44208175
13048,0.8399599,0.57573825
13049,-0.27354294,0.31717634
13050,-0.74315983,0.46627414
13051,-0.07535663,1.3163843
13052,-0.4880794,0.57888675
13053,-0.733239,0.6481338
13054,0.10884567,0.37250334
13055,-0.98671407,1.2987533
13056,0.21074945,1.1950408
13057,1.2513683,1.0613294
13058,0.4930831,0.9475498
13059,-1.1952671,0.7613156
13060,-0.43558544,0.29097438
13061,0.3282183,0.4414519
13062,-0.17159334,0.30999374
13063,-0.49159467,0.6928689
13064,-0.16625991,0.69793713
13065,-0.94569874,0.8462
13066,0.39400765,0.15035132
13067,0.421234,0.44995117
13068,0.18876375,0.020693146
13069,-0.4195023,0.24699248
13070,0.71115,0.36568427
13071,-0.7348334,0.1515892
13072,0.05988154,0.12331499
13073,-1.3195578,1.1524411
13074,-0.15412931,0.8824615
13075,0.06709464,0.47146064
13076,-0.011314073,0.16303442
13077,-0.21055904,0.41896254
13078,0.25088027,0.0816084
13079,0.3546153,0.24423982
13080,0.44478893,0.42308134
13081,-5.6304812,13.272101
13082,-2.532889,3.3327634
13083,1.2214181,5.894473
13084,-2.0872507,2.265663
13085,0.63636744,1.4532696
13086,0.80240035,1.3470355
13087,-0.7928671,0.60934037
13088,2.0832298,0.4843365
13089,-0.34123144,1.392217
13090,-0.05169724,0.44910806
13091,-0.5015694,0.48205596
13092,-1.0253891,1.1516333
13093,-0.036351353,0.5915645
13094,0.10130776,0.29062414
13095,-2.0433762,1.2893474
13096,-0.24793401,1.017235
13097,0.044541128,0.80083853
13098,0.21231131,0.37607217
13099,-0.5236236,0.48597354
13100,1.4817365,0.36461866
13101,-1.0504062,-0.020910814
13102,0.19092032,-0.026411753
13103,-0.91443896,-0.005673621
13104,0.54660153,0.49638683
13105,0.9108747,-0.07670756
13106,-0.33867773,-0.12788598
13107,0.10545933,-0.2909269
13108,0.7122449,-0.041831665
13109,-0.019507254,0.058789574
13110,-1.1619949,0.049576752
13111,-0.4843303,-0.020709224
13112,0.5808683,-0.18846269
13113,-0.60884464,-0.12666574
13114,0.07466099,0.008202232
13115,0.17835477,0.027875565
13116,-1.8280759,0.49445337
13117,-0.34779656,1.1402646
13118,0.9031747,-0.026027568
13119,0.031154241,0.08387062
13120,0.67056495,-0.15535718
13121,0.41879573,0.039167598
13122,0.7038254,0.4755696
13123,0.36748415,0.7365147
13124,0.5269024,0.81180966
13125,-0.41953284,0.13325115
13126,-0.06825345,-0.07009757
13127,0.98164487,0.18636648
13128,-1.0735934,0.34978533
13129,0.4799264,0.27007055
13130,-0.7099039,-0.02220339
13131,-0.47150713,-0.012204684
13132,0.9733457,0.00074717775
13133,0.3055241,0.16450597
13134,0.077433676,0.061920173
13135,0.21551998,-0.07900803
13136,0.37796998,-0.05576114
13137,-0.31726283,-0.082286134
13138,-0.27766946,-0.04181694
13139,0.45366925,-0.1595717
13140,0.78487813,-0.095984
13141,0.10560177,0.1111297
13142,0.09238361,0.00032924488
13143,0.37841094,-0.02682545
13144,-0.0764886,-0.11162601
13145,-0.28606248,-0.10248054
13146,-0.57766074,-0.012901891
13147,-0.43733314,-0.094405584
13148,0.43530545,-0.18240483
13149,-0.17877308,-0.04955765
13150,1.261259,-0.058819335
13151,0.3522845,0.70978117
13152,0.7149218,0.3167336
13153,0.06046284,0.28905863
13154,-0.39750257,0.019939832
13155,-0.71540326,0.14778969
13156,0.023969382,-0.10000708
13157,-0.35224643,-0.1427339
13158,0.26912737,-0.056391414
13159,-0.054823153,-0.1342485
13160,0.48231286,-0.20467623
13161,0.22420862,-0.23508719
13162,-0.8030999,-0.18322808
13163,0.23320201,-0.13674304
13164,-1.0685109,0.087592945
13165,0.332609,-0.109861605
13166,-0.38008788,0.05579108
13167,0.22973025,0.09291832
13168,0.52994895,0.24767716
13169,-0.054199584,-0.100034446
13170,-0.58169305,0.103832126
13171,0.17754333,-0.08522986
13172,-0.4781329,-0.100395754
13173,0.26963735,-0.25675893
13174,-0.14626934,-0.2713458
13175,0.41193068,-0.20116171
13176,-1.307792,0.30993277
13177,0.5713513,1.8688334
13178,-0.0646699,0.0030606464
13179,-0.31286165,0.11287807
13180,0.11005921,0.022811629
13181,-1.6437455,0.75756556
13182,-0.21134561,0.57906604
13183,0.6665078,0.76283604
13184,-0.5930254,0.33044732
13185,-0.5066774,0.28910226
13186,-0.9831863,1.2156674
13187,-0.37101135,1.2120037
13188,-1.3273122,1.1115154
13189,-0.92058164,1.1991793
13190,0.6570318,1.1293912
13191,-0.9148545,1.0977842
13192,0.6323481,0.39544296
13193,0.5006756,0.26892012
13194,0.23863536,0.041389354
13195,-0.74690473,0.05743488
13196,1.5275494,0.5486482
13197,0.5272129,0.57694083
13198,-0.5432502,-0.03851814
13199,-0.3607692,-0.0937161
13200,-0.123771906,-0.296111
13201,-0.21398912,-0.13013083
13202,-0.48545003,0.41159266
13203,0.6311916,0.028469011
13204,-0.8409444,-0.12185358
13205,0.0040628286,-0.17336527
13206,-0.24499784,-0.19860406
13207,0.45506072,-0.070749074
13208,0.1984638,-0.27837434
13209,0.07273969,-0.15719014
13210,0.7638656,-0.10216027
13211,-0.28413582,0.09457053
13212,0.2544744,0.00024448335
13213,-0.14638558,-0.24033923
13214,0.38995236,-0.2933511
13215,-0.32448968,-0.058701135
13216,0.56666946,-0.23778479
13217,0.4987637,-0.037000448
13218,0.9894443,0.0855916
13219,-1.2888374,0.22189035
13220,-0.446004,0.058422647
13221,-0.30504578,-0.13925293
13222,0.69036525,-0.23458464
13223,0.8621853,-0.009846527
13224,-0.35117576,-0.07707782
13225,1.3337051,0.25516665
13226,0.3172987,0.14293796
13227,0.053955633,-0.044532277
13228,-0.44235018,-0.05515701
13229,0.29139882,-0.25655732
13230,-0.0791867,-0.16673988
13231,-0.1762306,0.012438819
13232,-0.044477265,-0.23801939
13233,-0.3769697,-0.17480227
13234,-0.19088449,-0.13267805
13235,0.72303337,-0.17538744
13236,-0.14782734,-0.017190225
13237,-0.339002,-0.23207507
13238,-0.31134367,-0.15584359
13239,-0.060958996,-0.18639873
13240,0.61755115,-0.33047456
13241,-0.1410067,-0.28019807
13242,0.36819825,-0.3219779
13243,-0.23202348,-0.3147568
13244,-0.67686117,-0.18237257
13245,-0.31586766,-0.12418361
13246,-0.057790104,-0.31019282
13247,-0.15150692,-0.27379274
13248,0.2561451,-0.15405706
13249,-0.0745389,-0.25341302
13250,0.17319213,0.21046554
13251,0.42958778,-0.18497616
13252,0.36253628,-0.24392314
13253,0.3190642,-0.10209476
13254,-0.035357744,-0.20780812
13255,-0.27072328,-0.14420187
13256,0.023383645,-0.2676267
13257,0.3165868,-0.21794471
13258,-0.17292705,-0.27287447
13259,0.114109084,-0.25848746
13260,-0.10208939,-0.15903498
13261,-0.013774238,-0.18425417
13262,-1.9695804,1.3332194
13263,0.138841,0.61937964
13264,-0.3053484,0.4854812
13265,-0.29411688,0.00092473626
13266,-0.026693333,-0.0424004
13267,0.59012455,-0.05841087
13268,-0.34407625,-0.12991315
13269,-0.40418813,-0.16043231
13270,-0.5353606,-0.090503596
13271,0.17463395,-0.11422983
13272,0.1646072,-0.16113403
13273,0.2747396,-0.20068255
13274,0.38372558,-0.23954925
13275,0.37205052,-0.05908013
13276,0.16832301,-0.0549132
13277,-0.55052984,-0.19767895
13278,-0.48861834,-0.078593455
13279,0.14842728,-0.1884952
13280,0.7425728,-0.110816106
13281,-0.22772205,-0.16995844
13282,0.48239785,-0.21821038
13283,-0.105074495,-0.1035534
13284,0.30207962,-0.13068882
13285,-0.41164383,-0.101396084
13286,-0.06661135,-0.21017005
13287,0.585733,0.14067337
13288,0.009968602,0.3418821
13289,-0.43772638,-0.15672943
13290,0.018834708,-0.328502
13291,-0.40462905,-0.21999536
13292,0.06923148,-0.27799186
13293,-0.1662301,-0.35161418
13294,0.17286289,-0.32830513
13295,0.31195915,-0.42185545
13296,-0.21490748,-0.3098718
13297,-0.022098742,-0.39076227
13298,0.13220443,-0.2407075
13299,0.14728954,-0.34557527
13300,0.1440378,-0.28931814
13301,0.08156351,-0.30057192
13302,-0.35053015,-0.32414722
13303,0.06496795,-0.3088011
13304,0.18393894,-0.34207582
13305,0.06236557,-0.29695818
13306,0.13402766,-0.3417344
13307,-0.49245498,-0.3355617
13308,0.31737605,-0.39012307
13309,-0.21678475,-0.38436478
13310,-0.129112,-0.372158
13311,0.014637445,-0.32411534
13312,0.20365351,-0.36322254
13313,0.2559763,-0.3438022
13314,0.04433675,-0.36797374
13315,-0.1710402,-0.39310867
13316,-0.32082006,-0.3636291
13317,0.11090307,-0.36359334
13318,0.3444316,-0.25216973
13319,-0.3008709,-0.25960904
13320,-0.13579969,-0.33469552
13321,0.09651963,-0.21020354
13322,0.1453357,-0.12449762
13323,-0.33052602,-0.1773026
13324,-0.26989508,-0.16032161
13325,0.56783354,-0.1552608
13326,0.26893294,-0.3101078
13327,-0.18031596,-0.27319384
13328,0.5435016,-0.36330324
13329,0.2663064,-0.237207
13330,0.29806757,-0.2187699
13331,-0.1483202,-0.18624508
13332,0.042589895,-0.2586049
13333,0.82665324,-0.1318298
13334,-0.28551275,-0.17305577
13335,0.55436647,-0.026284516
13336,0.29585618,-0.01889684
13337,-0.11633934,-0.17936604
13338,0.652823,0.18078071
13339,0.110134184,-0.026303004
13340,-0.16609767,-0.15228
13341,-0.14318298,-0.10656384
13342,-0.25519222,-0.19392592
13343,0.34431878,-0.26313192
13344,-0.21636608,-0.22103015
13345,-0.3347181,-0.11349013
13346,-0.33922544,-0.20865414
13347,0.5679588,-0.14966923
13348,-0.1321554,-0.24398293
13349,0.19436198,-0.08868032
13350,0.24783255,0.4064603
13351,-0.19269207,-0.18376733
13352,0.22254956,-0.29260302
13353,0.054744113,-0.23095596
13354,0.8640297,0.0130931735
13355,-0.20942412,0.0032756254
13356,0.16041487,0.01964689
13357,-0.3969009,-0.07491917
13358,0.8734627,0.33585542
13359,-0.25356922,0.34055877
13360,-0.4525478,-0.09198931
13361,0.35277334,-0.15318665
13362,0.16277401,-0.21488512
13363,-0.30119443,-0.15731272
13364,0.077459075,-0.30318224
13365,0.2149617,-0.22652751
13366,0.2364679,-0.087729365
13367,-0.370709,-0.20160839
13368,-0.32496777,-0.19348235
13369,-0.06570435,-0.23832738
13370,-0.17517628,-0.23415998
13371,-0.19022271,-0.18644716
13372,0.13979152,-0.27927086
13373,0.5111918,-0.22380824
13374,0.15806161,-0.06918549
13375,-0.11731306,-0.29045853
13376,-0.042338032,-0.11127295
13377,0.18499993,-0.11550794
13378,-0.22256193,-0.12399602
13379,0.36437163,-0.09882483
13380,0.24817024,-0.09348053
13381,0.68610054,0.29454648
13382,0.29302728,0.25375175
13383,-0.6002936,0.27748913
13384,-0.36958614,0.19798683
13385,-0.2536347,0.36160052
13386,-0.3932185,0.031424038
13387,-0.07606599,-0.059656795
13388,-0.01880828,-0.16132142
13389,-0.07948233,-0.21819516
13390,-0.2643481,-0.120571285
13391,0.0016029619,-0.25218546
13392,-0.23316294,-0.23917349
13393,-0.132832,-0.2915238
13394,-0.7261321,0.8296045
13395,0.26822722,-0.10235603
13396,0.16246267,-0.29420972
13397,-0.5328849,-0.19472851
13398,-0.30761805,-0.13604018
13399,0.36124045,-0.22235198
13400,0.017401282,-0.2844168
13401,0.33817232,-0.3049883
13402,-0.46917975,-0.29539856
13403,0.16107468,-0.24148242
13404,-0.057851754,-0.3134446
13405,0.33439344,-0.34407234
13406,-0.11896327,-0.3530535
13407,0.45395803,-0.18141413
13408,0.2972043,-0.22931656
13409,0.6422033,-0.2332361
13410,-0.07666663,-0.2562541
13411,-0.5680441,-0.22879699
13412,-0.3688492,-0.11428344
13413,0.23213829,-0.32170498
13414,-0.6240408,-0.17886348
13415,0.36279577,-0.21326761
13416,-1.0004542,0.008582301
13417,0.26204035,0.07396774
13418,0.035831336,-0.055975985
13419,-0.29112497,-0.14469063
13420,-1.6576055,0.40629524
13421,-0.6331651,0.8623995
13422,-0.48365253,0.4400658
13423,-0.7448086,1.2305834
13424,-0.864052,0.4752183
13425,0.43242526,0.44727832
13426,-1.4205198,0.7007444
13427,-0.07360368,0.30426878
13428,-0.6031942,0.28519148
13429,-0.33251756,0.64354295
13430,0.63086814,0.2343406
13431,-0.28906348,-0.08621516
13432,0.50417143,-0.093382895
13433,0.08360065,0.055704452
13434,0.2927169,-0.17478833
13435,0.41047373,-0.11028406
13436,-0.8080849,-0.15302563
13437,-0.99596834,0.086229265
13438,1.069917,0.11329323
13439,-1.042311,-0.000107713044
13440,-0.74495906,0.45260292
13441,-0.3299916,0.2570061
13442,0.58511823,0.13455147
13443,0.09413828,-0.11798063
13444,-0.014757846,-0.014896702
13445,-0.01706164,-0.13554478
13446,-0.14931604,-0.13791299
13447,-0.04719945,-0.097731695
13448,0.7285262,-0.20901194
13449,-0.44941998,-0.17507768
13450,-0.31859213,-0.08295935
13451,-0.4069572,-0.0788587
13452,-0.40235838,0.25714624
13453,1.280198,0.39531618
13454,-0.22249146,0.24020816
13455,-0.37774128,0.13455114
13456,-0.14637925,0.072790116
13457,0.85719573,-0.08556081
13458,-0.484485,0.050730474
13459,0.077939555,-0.11522449
13460,-0.12634246,-0.1565764
13461,0.17996989,-0.00011304021
13462,-0.4234476,0.77372074
13463,0.53799784,0.8928933
13464,0.11367406,-0.023864739
13465,0.64157337,-0.0016934276
13466,0.6224219,-0.022119816
13467,-0.51053184,0.32534283
13468,0.33987907,0.065723866
13469,-0.9201973,0.28053468
13470,-1.2212366,0.32878464
13471,1.0489984,0.09860647
13472,0.29349822,0.0064462125
13473,-0.6262479,-0.061983913
13474,1.0143011,-0.039043546
13475,-0.53882474,-0.10112481
13476,0.0019438525,-0.16919936
13477,0.69514835,0.03354992
13478,0.72897416,0.012357987
13479,-0.2451496,0.007715367
13480,-0.35405228,0.050242
13481,-0.28672642,-0.1368367
13482,-0.19884263,-0.21057174
13483,0.73408693,-0.2468641
13484,1.120641,0.037401214
13485,0.5346356,0.37899613
13486,-0.5378561,-0.07312323
13487,-0.6635345,-0.18158954
13488,0.22155271,-0.21617413
13489,0.23608752,-0.22021256
13490,0.39350253,-0.31943643
13491,-0.62829286,-0.033566706
13492,0.33468556,-0.37671185
13493,-0.43013376,-0.26043713
13494,0.31173342,-0.18205856
13495,0.27958715,-0.27100068
13496,-0.045693252,-0.36681557
13497,-0.92006344,-0.093407825
13498,0.57784086,-0.36572087
13499,0.49513724,-0.35413498
13500,0.17923068,-0.2923296
13501,-0.7059647,-0.26585162
13502,0.6689767,-0.32447416
13503,0.84189886,-0.108395755
13504,0.27131212,-0.24720465
13505,-0.2775217,-0.14854841
13506,-0.60883343,-0.14047834
13507,-0.06543915,-0.29270172
13508,-0.30165613,-0.15948734
13509,-0.69610846,-0.17831309
13510,0.021845913,-0.22966962
13511,0.18529391,-0.3033666
13512,-1.289753,0.0031530708
13513,0.47624153,0.30969113
13514,1.6875681,-0.057422996
13515,-0.29865918,0.089514524
13516,-0.48942852,-0.15869334
13517,-0.81894827,-0.08123045
13518,-0.1401275,-0.14860424
13519,-0.3428276,-0.28328675
13520,0.048805896,-0.25893375
13521,0.09667797,-0.19022673
13522,0.049849525,-0.15358317
13523,-0.1138014,0.019759633
13524,-0.756253,-0.0351352
13525,-1.399166,0.86516196
13526,-0.57203764,0.56285465
13527,-0.45133433,0.8708644
13528,0.06976463,0.006229855
13529,1.1585195,-0.10269615
13530,0.45757622,-0.13977021
13531,-0.59264964,0.090608194
13532,0.7004266,-0.11449387
13533,-0.019076452,-0.18225688
13534,-0.47776583,-0.12938826
13535,0.09883525,-0.027035695
13536,0.22537152,-0.08067572
13537,-0.21356359,-0.14931926
13538,0.07932617,-0.13827199
13539,-0.42311192,-0.12935108
13540,-0.47496095,-0.01512051
13541,0.023901623,-0.039727043
13542,0.5996662,-0.16002169
13543,-0.05308728,-0.035914373
13544,-0.13068943,-0.09229361
13545,-0.24835633,-0.15448403
13546,0.7960622,-0.08781397
13547,0.61740494,-0.03420884
13548,0.121915236,-0.16504857
13549,-0.09589591,0.025787666
13550,-0.024203693,-0.28052205
13551,0.064849526,-0.23749648
13552,0.5238605,-0.08709448
13553,0.33560333,0.9529115
13554,-0.39689502,0.099849224
13555,0.015522336,-0.21025468
13556,0.15801033,-0.16936272
13557,-0.3498682,-0.17111349
13558,0.32276046,-0.25606018
13559,-0.16223225,-0.22622551
13560,-0.04947277,-0.2967164
13561,-0.14660206,-0.24684158
13562,0.04632784,-0.14743695
13563,-0.48411345,-0.23792848
13564,0.84636474,-0.25529054
13565,-1.7425258,0.66202253
13566,0.6447482,0.09492193
13567,-0.6121903,-0.032172985
13568,-2.212275,0.7245507
13569,-0.39954698,1.0846357
13570,-0.25880197,0.49702084
13571,-0.13614067,0.7804135
13572,1.2638407,0.37176424
13573,-0.58122957,0.10132928
13574,-1.5193652,1.9351646
13575,-0.30607635,0.50470865
13576,-0.24188706,0.22425993
13577,0.07987516,0.47985435
13578,-0.36119056,0.18699504
13579,0.37459198,0.40724337
13580,0.24111955,-0.04805415
13581,-0.087544635,-0.16892327
13582,0.13517419,-0.1551662
13583,-0.36018032,0.006659463
13584,-0.30854365,-0.074196
13585,-0.6173278,-0.05179914
13586,-0.28751385,0.40124798
13587,-0.6073042,0.280554
13588,1.6533949,-0.006781332
13589,-0.059880383,-0.15255077
13590,-0.8252604,-0.017548807
13591,-0.5435039,-0.07746652
13592,0.7331515,-0.2159138
13593,0.41440833,-0.28817892
13594,0.51403147,-0.23013322
13595,0.2163031,-0.15542394
13596,-0.27944583,-0.1953041
13597,0.0109702805,-0.18683839
13598,0.040977653,-0.35563493
13599,-0.77587235,0.020270102
13600,0.19164765,-0.07253924
13601,0.12990417,-0.2444794
13602,-0.22268838,-0.26644862
13603,-0.6139517,-0.1612065
13604,-0.66679454,0.104157135
13605,-0.13314502,0.06543285
13606,-0.62069863,0.23180892
13607,0.74232686,-0.12750593
13608,-0.3761244,-0.17972626
13609,0.8152486,-0.15731284
13610,-0.2541236,-0.103561565
13611,-0.102918655,-0.05868201
13612,-0.42921326,-0.16516349
13613,-0.8220315,0.352697
13614,1.636079,0.45882237
13615,0.56643,0.040239923
13616,0.014503549,-0.017335959
13617,-0.021232527,-0.0846236
13618,-0.16785672,-0.016441263
13619,-0.27651197,-0.1833902
13620,1.0153968,-0.17447464
13621,-0.3748074,0.05370965
13622,0.085866466,-0.170978
13623,0.26354763,0.019663118
13624,0.28192896,-0.054884266
13625,-0.30444896,0.20897989
13626,0.19213045,-0.10116928
13627,-0.394591,-0.013303518
13628,0.020178875,0.039702058
13629,0.113638245,-0.092144
13630,0.32527584,-0.11125852
13631,-0.6785478,0.102068335
13632,0.2970829,-0.029898088
13633,0.38014233,-0.06352285
13634,-0.16326594,-0.0874802
13635,0.31825078,0.06395085
13636,-0.080999896,0.12485281
13637,-0.39492667,-0.024991926
13638,-0.2950201,-0.13748416
13639,0.31475732,-0.19433323
13640,0.5081336,-0.06281572
13641,0.3806625,0.1930901
13642,0.25527865,0.41007906
13643,-0.261956,0.5142608
13644,-0.508942,0.0007388778
13645,0.098942526,-0.1542873
13646,-0.44139048,-0.18678752
13647,-0.005993963,-0.22823992
13648,0.07178422,-0.29093072
13649,0.3299549,-0.25244394
13650,0.03810844,-0.20901768
13651,-0.60037035,-0.06276667
13652,-0.41974,-0.2156054
13653,-1.2342621,0.39601022
13654,1.3968892,-0.04446198
13655,0.6209351,0.16437715
13656,-0.3927646,-0.07994715
13657,0.6782352,-0.14157778
13658,-0.27839038,-0.1260536
13659,-1.2668741,-0.11722618
13660,0.49464616,-0.18314314
13661,-0.7247914,0.36175752
13662,-1.2831461,0.9702618
13663,-0.41136125,0.6144986
13664,1.3872031,0.3264038
13665,1.1455367,0.69338995
13666,-0.019614669,0.13379793
13667,1.8474717,0.92906547
13668,0.7106091,0.7838439
13669,-0.6144313,0.19434856
13670,-1.0086268,0.16550581
13671,1.0273099,-0.014746208
13672,1.0323501,0.11392602
13673,-0.5269147,0.051469184
13674,-0.24972379,-0.063313276
13675,0.398503,0.2155642
13676,-0.24129802,-0.2225066
13677,1.4834778,-0.009650867
13678,-0.3089918,0.30169058
13679,-1.2643831,0.15376306
13680,-0.55698884,0.19093819
13681,0.6858162,-0.08388902
13682,0.20881863,-0.11389284
13683,1.290042,0.13025473
13684,0.9591258,0.14721727
13685,0.045543563,-0.039170202
13686,0.8125075,0.025166191
13687,-0.41701752,0.07529794
13688,-0.04628426,-0.11763053
13689,0.23152874,-0.06874303
13690,0.090865314,-0.12176879
13691,0.46287468,0.041237406
13692,-0.95649564,0.0041211173
13693,0.8862689,-0.15106846
13694,-0.18753143,-0.15620264
13695,-0.117638074,-0.18338558
13696,0.017720293,-0.30807453
13697,0.038104806,-0.2331773
13698,0.22231917,-0.2054481
13699,-0.42229307,-0.20447859
13700,-0.37045592,-0.22291766
13701,0.19863203,-0.25733146
13702,-0.3257004,-0.18345296
13703,-0.457744,-0.11911764
13704,0.03569288,-0.14777087
13705,0.7353801,-0.04080628
13706,-0.0709023,-0.2687959
13707,-0.21627681,-0.23041484
13708,-0.15378308,-0.2135606
13709,0.691838,-0.16742823
13710,1.0074456,0.18017529
13711,-1.6512334,0.09189457
13712,-0.616763,0.119535714
13713,-0.4092833,0.027306437
13714,0.40913045,-0.16364296
13715,1.3809217,0.4860251
13716,-0.6074258,-0.018468376
13717,0.10642995,-0.23127903
13718,-0.58235466,-0.20904094
13719,-0.46626714,-0.22244275
13720,-0.035539996,-0.2736049
13721,0.374954,-0.1731129
13722,-0.26661348,-0.26562333
13723,-0.44889206,-0.14786184
13724,0.05709084,-0.18808146
13725,0.40800235,-0.30741662
13726,0.36365324,-0.32304
13727,-0.8676074,-0.14252746
13728,-0.12628551,-0.26252133
13729,0.48563838,-0.30001068
13730,-0.1784844,-0.32658255
13731,-0.5411489,-0.19105846
13732,-0.16919906,0.13617492
13733,0.47002906,-0.23639907
13734,0.16800055,-0.3449844
13735,0.049667053,-0.20996377
13736,-0.74451286,-0.19608624
13737,0.10429103,-0.28100178
13738,-0.52688617,-0.2784475
13739,-0.70922446,0.37841946
13740,-0.023865983,0.039719515
13741,0.71710587,0.074874
13742,-0.66808414,-0.18572037
13743,0.06568273,-0.2592807
13744,0.053026464,-0.20014316
13745,-0.059262548,-0.33436418
13746,-0.23795933,-0.24275424
13747,0.43328422,-0.2479296
13748,-0.05387846,-0.32170403
13749,-0.40465245,-0.1431722
13750,-0.26298735,-0.15949146
13751,-0.15089692,-0.28463578
13752,0.03187502,-0.16614005
13753,0.23020627,-0.15831697
13754,-0.63119245,-0.0868988
13755,0.36737934,-0.2795686
13756,0.5166413,-0.3547203
13757,0.5373644,0.047253042
13758,-0.7942938,0.19500108
13759,1.0419681,-0.096827745
13760,0.41049093,0.014840856
13761,-1.6861892,0.36947072
13762,0.067967914,-0.14637986
13763,-1.5218346,0.20828371
13764,0.7434266,0.024945632
13765,-0.03475015,-0.0811844
13766,-0.87934595,-0.072055936
13767,0.5247376,-0.133674
13768,-0.30827516,-0.17481767
13769,-0.24227484,-0.16179484
13770,-0.5446863,-0.14255741
13771,-0.31140956,0.048265025
13772,-0.007476136,-0.17892477
13773,0.68740535,-0.28282475
13774,-0.10210666,-0.37977147
13775,0.02408823,-0.32563698
13776,0.42767265,-0.2395816
13777,-0.41724512,-0.24826501
13778,0.7141853,-0.22811617
13779,-0.094889246,-0.2944982
13780,-0.9659613,-0.13574436
13781,-0.60408044,-0.07770474
13782,0.1070205,-0.16745204
13783,0.1297718,-0.3466032
13784,0.13284463,-0.33397698
13785,-0.09155831,0.016912706
13786,0.5049086,-0.2327618
13787,0.17642519,-0.19870454
13788,0.15185933,-0.33381313
13789,-0.25339574,-0.34447283
13790,0.2571228,-0.368429
13791,0.3138006,-0.39279264
13792,-0.0045050695,-0.31455588
13793,-0.4845227,-0.36910862
13794,0.1918638,-0.37266523
13795,-0.7452395,-0.30965376
13796,0.18405502,-0.28212607
13797,-0.82406014,-0.21800603
13798,0.48617294,-0.35181892
13799,0.6420523,-0.2657511
13800,0.17922032,-0.3150273
13801,0.078990825,-0.22118168
13802,-0.40305963,-0.33117837
13803,-0.82951796,-0.16027734
13804,0.86086255,-0.29708463
13805,0.3766013,-0.35318726
13806,0.08680952,-0.29203257
13807,0.94632363,0.03618686
13808,0.75844806,0.054269202
13809,-0.6335466,-0.15067993
13810,-0.26979154,-0.27540347
13811,0.3405252,-0.2842822
13812,-0.71583945,-0.2874177
13813,-0.67675835,-0.2140076
13814,-0.04257807,-0.24488516
13815,0.79208785,-0.3181216
13816,0.20982689,-0.22884996
13817,-0.038160466,-0.28881472
13818,-0.38212663,-0.28917837
13819,0.40158758,-0.2941676
13820,-0.21952373,-0.33469057
13821,0.14163946,-0.31172746
13822,0.3125597,-0.29339162
13823,0.08031889,-0.22672708
13824,-0.03674107,-0.17481473
13825,-1.0517168,-0.0026984029
13826,0.3346642,-0.23791906
13827,0.59829503,-0.2671701
13828,0.484042,-0.23473208
13829,-0.2317476,-0.24515489
13830,-0.16465937,-0.20701997
13831,0.55327827,-0.18539235
13832,-0.056815166,-0.06292973
13833,-0.40252802,-0.23058254
13834,-0.37199065,-0.20513563
13835,-0.3508938,-0.15031558
13836,0.0041226186,-0.13269602
13837,-0.3231882,-0.02828445
13838,0.32447356,-0.24520223
13839,-0.7348429,-0.22612743
13840,-0.20913102,-0.14888892
13841,-0.35856518,-0.10373097
13842,-0.04377027,-0.2053955
13843,-0.73533225,0.10983525
13844,-0.047558565,-0.12499006
13845,-0.07651402,-0.113872334
13846,-0.104617365,-0.15564473
13847,-0.78029233,0.5159226
13848,-0.1288271,0.029470637
13849,0.27369073,0.7818733
13850,0.091951236,0.32658154
13851,0.013046595,0.08376491
13852,-0.18762809,0.3855592
13853,1.210368,0.7522931
13854,-0.3354438,0.42749625
13855,8.243031,8.304295
13856,-0.44653186,6.8671117
13857,0.88199073,2.739123
13858,0.31080547,1.2683593
13859,1.2825607,1.3713208
13860,0.51612824,0.9333824
13861,0.55640864,1.0509177
13862,-1.3246328,1.1479689
13863,2.5129945,2.1512642
13864,-0.38093755,0.91216093
13865,0.17576993,0.58458966
13866,-0.64953285,0.61332834
13867,1.8620963,0.9127596
13868,0.61137927,1.1019694
13869,-0.61013526,0.88573474
13870,-0.059668813,0.24227493
13871,0.48159295,0.1385624
13872,-1.0749581,0.5488258
13873,0.6392718,-0.055110075
13874,-0.30999258,-0.11773722
13875,0.4431018,-0.05470375
13876,0.07043215,-0.09112094
13877,0.13606402,-0.0072842054
13878,-0.2058111,0.44417244
13879,0.27125525,0.008604571
13880,0.13962552,-0.11899374
13881,0.036771778,-0.12217708
13882,0.3222655,0.034544587
13883,0.15288898,1.0391254
13884,0.5840307,0.30354607
13885,0.057421576,0.27057004
13886,-0.23776345,0.2565397
13887,-0.7195602,0.3099519
13888,-0.15053783,0.030599482
13889,-0.06649101,0.11123721
13890,0.03265608,-0.041890547
13891,-0.15106346,-0.099524915
13892,0.47535396,-0.20093824
13893,0.30960995,-0.033645958
13894,-0.0565475,0.024895571
13895,-0.9893645,0.26782155
13896,0.30341235,-0.05347336
13897,-0.7004245,0.12378207
13898,-0.18625493,-0.041418463
13899,-0.34412813,0.030638628
13900,-1.0608729,0.7076181
13901,-0.7673379,0.63714975
13902,1.0049258,0.022747964
13903,-0.58166337,-0.0768368
13904,-1.3148645,0.293975
13905,-0.26872638,0.87311363
13906,0.5945722,0.033567168
13907,0.17054266,-0.04696183
13908,-0.062755145,-0.11338794
13909,-0.8858173,-0.18016237
13910,0.4381848,-0.22205897
13911,0.741697,-0.16038078
13912,0.123348966,0.01008179
13913,1.1361556,0.74634206
13914,0.1982894,0.5788707
13915,0.119894475,0.4609568
13916,0.6866091,0.56032556
13917,0.65362203,0.6525536
13918,-0.16016768,0.3689496
13919,-0.5259475,0.36390436
13920,-0.07372278,0.2398196
13921,0.10855554,-0.024291247
13922,0.20836166,-0.105722114
13923,0.31058452,0.028242879
13924,-0.76173127,-0.052517354
13925,0.19247252,0.12130737
13926,-0.36380124,-0.0554312
13927,0.11595116,0.0685267
13928,-0.78814447,0.41908264
13929,0.56159216,0.42810488
13930,0.0031526883,-0.091111764
13931,-0.2771051,-0.12301904
13932,-0.18539394,-0.11511673
13933,0.70415205,-0.0057566315
13934,0.027174728,-0.20022711
13935,-0.611692,-0.15655702
13936,-0.23614238,-0.17121752
13937,-0.28077173,-0.19267008
13938,-0.19717698,-0.15174437
13939,0.48719588,-0.26582447
13940,-0.25674134,-0.2549626
13941,0.10523889,-0.2766497
13942,-0.19595103,-0.121878445
13943,0.3037584,-0.14495012
13944,0.010490652,-0.11406472
13945,0.17655797,-0.19805896
13946,-0.4595977,-0.14834097
13947,0.04451249,-0.22759539
13948,-0.32944617,-0.058683835
13949,-0.36593184,0.29491508
13950,0.19178535,-0.074855454
13951,0.013780837,-0.07397115
13952,0.61925113,0.028026477
13953,-0.72985834,-0.05985968
13954,-0.09242481,-0.1952476
13955,0.22208996,-0.078259796
13956,0.2157349,-0.04055807
13957,-0.16776939,-0.26425514
13958,-0.025830641,-0.274799
13959,-0.31602672,-0.20374355
13960,-0.08837913,-0.24269171
13961,-0.2768688,-0.18012664
13962,0.48629352,-0.28817636
13963,0.13784884,-0.2398557
13964,-0.46141317,-0.22095957
13965,0.18464151,-0.13752979
13966,-0.020907732,-0.29766238
13967,0.2630253,-0.31903356
13968,-0.09421726,-0.31076685
13969,0.24988033,-0.3382992
13970,-0.051174287,-0.3719933
13971,0.035300717,-0.23492636
13972,0.121948555,-0.30204812
13973,0.14078079,-0.1809575
13974,0.2128694,-0.17066628
13975,-0.29907927,-0.08767562
13976,0.09947997,-0.32266784
13977,-0.45046064,0.064790964
13978,0.31775156,-0.24584088
13979,-0.44108176,-0.1442278
13980,-0.25424516,-0.21460393
13981,0.07018969,-0.29909402
13982,0.035590876,-0.34580135
13983,0.3103579,-0.32997477
13984,-0.06972851,-0.37316793
13985,0.13564894,-0.29313436
13986,0.40176183,-0.3167827
13987,0.007128993,-0.20087232
13988,0.11282244,-0.2663365
13989,-0.20640993,-0.3292235
13990,0.07678502,-0.26207528
13991,0.18018404,-0.17800163
13992,0.1944907,-0.19745415
13993,0.5418826,-0.13054737
13994,-0.37065756,-0.19180289
13995,-0.25047943,0.035620645
13996,-0.38492417,-0.1019418
13997,0.62906283,-0.19199474
13998,-0.13504177,0.24120383
13999,-0.01323567,0.16669913
14000,0.3915314,0.4689651
14001,-0.6839246,0.08462173
14002,-0.5576992,0.07969096
14003,-0.3212331,-0.038342934
14004,-0.17071298,-0.18691345
14005,0.18976255,-0.21100248
14006,0.4217323,-0.27139723
14007,0.21354769,-0.16754135
14008,-0.0025646356,-0.15770419
14009,-0.37418514,-0.21979348
14010,0.44038537,-0.124417804
14011,-0.32890373,-0.078302406
14012,-0.18847351,-0.17644408
14013,-0.09397977,-0.17056516
14014,-0.23161726,-0.0152118765
14015,-0.39553177,-0.075744174
14016,-0.2927182,0.049802676
14017,-0.2502764,0.020084739
14018,-0.5404561,-0.050882973
14019,0.54744947,-0.16688955
14020,0.17975342,-0.20469822
14021,-0.3009398,-0.18060166
14022,-0.44444945,-0.18172665
14023,0.3864922,-0.058862492
14024,-0.18153743,-0.2294572
14025,-0.20077369,-0.25093862
14026,0.1733528,-0.26904187
14027,-0.45041057,-0.143799
14028,0.20943546,-0.29832992
14029,0.2671405,-0.24373427
14030,-0.43914595,-0.14125618
14031,-0.6157193,0.04351437
14032,-0.3231593,0.042370692
14033,-0.14494531,0.46564138
14034,-0.19598195,-0.09225104
14035,-0.3411165,0.577769
14036,0.039927896,0.08641602
14037,-0.1931314,-0.16090152
14038,0.23611204,-0.27511704
14039,0.2236294,-0.22340861
14040,-0.13810438,-0.27657408
14041,-0.044770684,-0.28383446
14042,0.20394275,-0.30618995
14043,0.11503894,-0.18898037
14044,0.24021466,-0.12054724
14045,-0.19246449,-0.08445295
14046,-0.21751596,-0.1949829
14047,-0.29903585,-0.09527476
14048,0.3370378,-0.07752802
14049,0.01571043,-0.25088868
14050,0.7357859,0.0103502795
14051,0.7229784,0.3577401
14052,-0.059982035,0.3268155
14053,-0.43331435,0.19146411
14054,-0.5954803,0.036414556
14055,0.37029916,0.1107378
14056,-0.5250661,-0.11629371
14057,0.38974515,-0.24566166
14058,0.090394005,-0.24575241
14059,1.1055216,0.02678173
14060,-0.32212147,-0.08796309
14061,1.3215879,0.20828731
14062,-0.34641296,0.25241804
14063,0.6699436,0.15638694
14064,0.70375985,0.5437073
14065,0.84015805,1.2304127
14066,0.22180347,0.59541947
14067,0.24258007,0.62061715
14068,0.22995067,0.44003797
14069,-3.9558764,8.104535
14070,-1.1964198,2.3504422
14071,-1.9620186,2.8373072
14072,1.8124068,1.2626892
14073,0.5292251,0.4102404
14074,-0.9460235,0.18068062
14075,-0.033161845,0.454467
14076,0.0610386,-0.027750455
14077,0.8089733,0.03254857
14078,-0.103630245,-0.010036621
14079,-0.36077312,0.24280976
14080,-1.5650928,0.5286545
14081,1.4007902,-0.15703408
14082,0.58396995,-0.17769228
14083,0.28122362,-0.04031373
14084,0.16645202,-0.11397681
14085,-0.08887946,-0.2542516
14086,-0.48197356,-0.0686828
14087,0.34504774,0.06674558
14088,-0.97485656,-0.015564967
14089,-2.2816498,1.1626407
14090,0.8691297,0.5082455
14091,0.51334286,-0.17642494
14092,1.0131927,0.48936862
14093,-0.8613936,-0.079076745
14094,0.6957356,-0.1537987
14095,1.085687,0.11898707
14096,0.49798325,0.6628529
14097,-0.13945375,0.30608165
14098,0.3722927,-0.012537144
14099,-0.29886767,0.11598109
14100,-0.4225898,0.03109517
14101,0.26448488,-0.06166317
14102,-0.8745952,-0.028016612
14103,-0.56684357,0.19707645
14104,-0.08790763,0.32531106
14105,-0.13839185,-0.008927342
14106,-0.043029703,-0.14441216
14107,-0.78330654,0.40584582
14108,0.3447704,0.028326027
14109,-0.24980716,0.07612567
14110,-0.8783318,0.488344
14111,-0.36930355,0.5634851
14112,-0.20082891,0.2532943
14113,-0.9068154,0.45570773
14114,-0.7898528,0.62801075
14115,0.6007034,0.6014545
14116,-0.82472414,0.19649635
14117,-0.2866403,0.9559847
14118,-1.1286358,1.2673833
14119,-0.032664467,0.9905304
14120,0.24386346,0.18391909
14121,-0.09604603,0.35841006
14122,0.030224774,-0.08444763
14123,-0.44437638,0.19390257
14124,-0.212256,-0.048601676
14125,0.47535482,0.10301961
14126,0.32161587,-0.13211581
14127,-0.7732485,0.26443887
14128,-1.4163867,1.1322603
14129,-0.20148799,0.31521863
14130,-0.0481156,0.106458604
14131,0.19953746,-0.076387
14132,-0.0010556192,0.026868448
14133,0.29270446,0.13745713
14134,0.48042843,0.04420101
14135,0.14718047,-0.024988197
14136,0.65901047,0.052968033
14137,-0.04449222,0.15942335
14138,0.3015704,-0.04663742
14139,-0.6224287,0.033931546
14140,0.36314806,0.21349116
14141,-1.3037652,0.564624
14142,0.85755074,0.45292354
14143,0.9233899,0.5539182
14144,-0.12619255,0.38889682
14145,-0.08132958,0.06180183
14146,0.72378755,-0.020231578
14147,-0.82460785,0.13097195
14148,0.5219312,-0.08775706
14149,-0.37077254,-0.0994796
14150,-0.51628,-0.1716452
14151,0.8915491,0.11343166
14152,0.07006368,-0.006121561
14153,0.29024532,-0.23333958
14154,-0.90820587,-0.19272307
14155,-0.37387547,0.117606714
14156,0.59851956,-0.1638631
14157,-0.59901756,-0.2726824
14158,0.22268115,-0.27397034
14159,0.23412436,-0.13154918
14160,-0.02101349,-0.23011622
14161,-0.5095435,-0.13583696
14162,0.13939829,-0.36564124
14163,-0.5535762,-0.031613432
14164,-0.50244397,1.0514917
14165,-1.3859478,0.7804339
14166,-1.3533531,0.90965486
14167,-1.128638,2.1097088
14168,0.29700464,0.5769707
14169,-1.5276377,2.6869583
14170,-1.6356734,1.0338067
14171,-0.102553934,1.6884927
14172,0.14074676,0.26969332
14173,0.54337984,0.4039337
14174,-0.21855678,0.13415487
14175,0.21824908,0.20722269
14176,0.895447,0.10813649
14177,0.67909706,0.16697772
14178,-0.9337216,-0.05187237
14179,-0.3204398,0.0135177225
14180,-0.36061224,0.28788835
14181,0.5662488,-0.1740726
14182,-0.13179168,-0.16231751
14183,-0.22008227,0.2169737
14184,0.108191475,-0.031147543
14185,-1.1376247,0.40997005
14186,-0.124007374,0.7265076
14187,0.45062152,0.18806583
14188,1.1898131,-0.0037916899
14189,-0.017745754,-0.05838922
14190,0.6301519,0.094774306
14191,0.67612916,0.10978888
14192,-0.5018335,-0.003605254
14193,-0.4597065,0.033592425
14194,-0.07986052,0.083528444
14195,-0.48666236,-0.17231348
14196,0.42503223,-0.13482592
14197,0.2660294,-0.2900164
14198,-0.26742294,-0.26541942
14199,0.75793004,-0.20818627
14200,-0.08956572,-0.077953875
14201,0.12807298,-0.23834819
14202,0.08937326,-0.21606319
14203,0.26318055,-0.262367
14204,-0.34059304,-0.21867628
14205,0.49761257,-0.16056973
14206,-0.5778111,-0.08775972
14207,0.20476346,-0.11533766
14208,-0.8200831,0.06273342
14209,0.029587187,-0.19850583
14210,-0.18523881,-0.23599215
14211,-0.25982636,-0.10572256
14212,0.1510697,-0.22603038
14213,0.9785948,0.08133939
14214,-0.20554288,-0.10303865
14215,0.09121385,-0.10181117
14216,-0.59687746,-0.14246859
14217,0.14381212,-0.10938625
14218,-0.07306188,-0.2689089
14219,0.23100898,-0.20940183
14220,0.204334,-0.21597292
14221,-0.72038114,-0.19532913
14222,0.37609354,-0.2366381
14223,0.33930445,-0.21521324
14224,-0.17528218,-0.25200713
14225,0.37043047,-0.2682544
14226,-0.34839764,-0.2639419
14227,-0.14080723,-0.13708857
14228,-0.6880499,-0.1723024
14229,-0.24846718,-0.13332492
14230,0.4077073,-0.23676185
14231,-0.77270454,-0.17063603
14232,0.3830667,-0.34833437
14233,2.4773464,0.96726
14234,-0.51463854,0.8437924
14235,-0.72389543,0.09301491
14236,-0.24429002,-0.10204527
14237,0.17308685,0.62263477
14238,0.2258636,0.6922795
14239,-0.519549,0.1485125
14240,1.0257391,0.20441167
14241,0.41713524,-0.04934947
14242,0.3899931,0.18837915
14243,-0.42137468,0.16407503
14244,-0.07398711,-0.0740646
14245,-1.0167314,0.19717367
14246,0.34111765,-0.2185435
14247,-0.1740916,-0.19751526
14248,0.7690673,-0.14572707
14249,0.35487553,-0.061472528
14250,0.78531206,-0.035285115
14251,-0.4802997,-0.08103585
14252,0.0032190767,-0.14935729
14253,-0.686813,-0.07601285
14254,0.7152313,-0.18935351
14255,0.18561096,-0.2621044
14256,0.67036575,-0.18386994
14257,0.52351356,-0.105014816
14258,-0.17783578,-0.21345174
14259,-0.035733853,-0.19867057
14260,0.94395345,-0.06954734
14261,-0.13946888,-0.09340345
14262,1.0495272,0.12651642
14263,0.103905685,0.027814083
14264,-0.11354017,-0.03490575
14265,-0.56215405,-0.14622204
14266,0.25324586,-0.048943233
14267,-0.58136845,-0.06482093
14268,0.07692782,-0.22871426
14269,0.09873079,-0.27289194
14270,0.6995666,-0.24331787
14271,0.08425052,-0.1182251
14272,-0.39513007,-0.06347708
14273,-0.14493497,-0.21120945
14274,0.54888767,-0.2703817
14275,0.7355408,-0.043671753
14276,-0.7250399,-0.25801957
14277,-0.123361364,-0.19992517
14278,-0.34245592,-0.3348791
14279,-0.31942603,-0.25053102
14280,-0.11877453,-0.21121621
14281,-0.06952803,-0.28932184
14282,-0.5324666,-0.06979831
14283,-0.0015954862,-0.15309489
14284,-0.14602545,-0.24147059
14285,-0.15948498,-0.26007256
14286,0.6615653,-0.19113563
14287,-0.4549696,-0.2395152
14288,0.6564405,0.08560768
14289,0.43502474,-0.09094742
14290,-0.46331492,-0.20738935
14291,-0.28435618,-0.23886305
14292,-0.39231586,-0.19023956
14293,0.5292595,-0.20965393
14294,1.1050308,0.826668
14295,0.74802655,0.58035463
14296,-0.3773621,0.42134976
14297,0.48508146,-0.08231839
14298,0.093030244,-0.066735946
14299,-0.09013534,-0.069341116
14300,-0.5809863,-0.13503999
14301,-0.09543827,-0.12160581
14302,-0.18525758,-0.2309817
14303,-0.31688648,-0.069784306
14304,0.06895113,-0.21195611
14305,-0.17440534,-0.19790323
14306,-0.41398418,-0.12528765
14307,-0.06592755,-0.07657193
14308,-0.6384373,0.08519104
14309,-0.11677295,-0.05379463
14310,0.11727832,-0.03216342
14311,-0.009172293,-0.20262295
14312,-0.27052915,-0.13310267
14313,-0.09391335,-0.22592185
14314,0.7899324,-0.07767431
14315,0.20198603,0.07980287
14316,0.37185708,-0.16482487
14317,-0.29261553,-0.08505503
14318,-0.20859742,-0.28237963
14319,0.40189385,-0.24514335
14320,-0.07809948,0.085974276
14321,-0.31125155,-0.1664868
14322,-0.067315154,-0.2876693
14323,0.52633566,-0.21149373
14324,-0.22818582,-0.26883537
14325,0.124466345,-0.26525888
14326,0.24458818,-0.25552493
14327,-0.1703917,0.0531445
14328,-0.48101294,-0.23496377
14329,-0.2734227,-0.1644448
14330,0.7749815,-0.23183449
14331,-0.57704717,-0.121893264
14332,0.25368515,-0.2799194
14333,0.5452593,0.7001381
14334,-0.36748245,0.1585119
14335,0.3591544,-0.07854264
14336,0.9546697,0.0703748
14337,0.042555466,0.8124326
14338,-0.3616507,0.2606963
14339,0.84773684,0.11168009
14340,-0.5875767,0.190491
14341,-0.016953638,0.1196913
14342,0.43934342,-0.080120414
14343,-0.40115276,-0.10027568
14344,-0.23375726,0.056841344
14345,-0.077092655,-0.07025948
14346,0.49620253,-0.12656778
14347,-0.36994445,-0.16633755
14348,0.6547938,-0.05109285
14349,0.27425143,0.0929001
14350,0.039102197,-0.1773219
14351,0.3239899,-0.106369436
14352,-0.028281156,0.1628363
14353,-0.4435975,-0.03376254
14354,-0.8876201,0.0103332475
14355,-1.074791,0.6586248
14356,0.649935,-0.07406658
14357,0.18624304,-0.14775382
14358,-0.3363479,-0.088441305
14359,-0.50510746,0.7605836
14360,0.90614253,3.9861317
14361,0.612715,0.9027637
14362,0.07692759,-0.027423158
14363,-0.48955426,-0.009794444
14364,-0.4956081,-0.02974759
14365,-0.35988936,-0.07667039
14366,-0.5517043,-0.14371333
14367,-1.0858836,0.34054148
14368,0.24659084,-0.117203936
14369,0.9746943,-0.13050781
14370,-0.646976,-0.25539243
14371,-0.12352586,-0.2506896
14372,0.01640705,-0.27146116
14373,-0.75562376,-0.11605738
14374,0.10766601,-0.20359387
14375,0.727908,-0.18010473
14376,-0.8933715,0.0820009
14377,0.09865808,0.06431836
14378,0.18281446,0.11879721
14379,0.470936,-0.19060352
14380,-0.051195916,-0.1604653
14381,0.4316705,-0.094237745
14382,0.14791273,-0.13887691
14383,-0.3379244,-0.18758915
14384,0.5685676,-0.20994434
14385,-0.44479436,-0.25149685
14386,-0.18342352,-0.26275563
14387,0.7775908,-0.10957488
14388,0.089659914,-0.2471331
14389,0.15804729,-0.25271928
14390,0.28307372,-0.16805543
14391,0.44827655,-0.19720377
14392,0.12582079,-0.14512044
14393,0.71098036,0.024942443
14394,0.78767157,1.1606097
14395,0.118676916,0.46104515
14396,-0.29891667,0.34047383
14397,-0.21246186,-0.060864862
14398,0.14427596,0.059019573
14399,-0.3372368,0.017199509
14400,0.4497774,-0.22216846
14401,0.093383856,-0.1764216
14402,0.18910672,-0.1505734
14403,0.08086192,-0.10806371
14404,-0.4191992,0.004517004
14405,-0.12676047,-0.23987064
14406,0.4931248,-0.054662142
14407,0.6799921,1.3591985
14408,-0.52307296,0.8358327
14409,0.14142823,0.66605294
14410,-0.17274196,0.39240384
14411,-0.6670828,0.17276014
14412,0.13016945,-0.18239301
14413,-0.34217817,-0.10522009
14414,-0.23198596,0.0008640215
14415,0.3851824,-0.09659032
14416,0.04438039,-0.26778948
14417,0.27341035,-0.11741489
14418,0.23183899,-0.27794436
14419,-0.5326105,-0.18726566
14420,0.17474274,-0.27373147
14421,-0.16685012,-0.16408011
14422,0.39036763,-0.23110504
14423,-0.059868984,-0.23128249
14424,-0.12888037,-0.2335674
14425,0.7408065,0.20454381
14426,-0.10075793,0.05562368
14427,-0.033896696,-0.14075276
14428,0.049785838,0.4243542
14429,-0.010861491,0.6435109
14430,-0.67851746,0.72249514
14431,0.3047257,0.5561738
14432,-0.76510704,0.24963062
14433,0.75919867,0.052422956
14434,0.4435704,0.050822973
14435,-0.4292174,0.12206641
14436,-1.1558392,0.46291
14437,-0.35292011,0.264552
14438,-0.051258538,0.41295022
14439,0.71362835,0.013397425
14440,0.012230075,0.05355668
14441,-0.3622692,-0.17161599
14442,-2.0353463,0.84189135
14443,1.0025234,0.7564301
14444,0.5926521,-0.052522033
14445,-0.1179142,0.14882316
14446,-0.1511992,-0.15093504
14447,-0.24345072,-0.11707544
14448,0.78743595,-0.16848594
14449,-0.28029725,-0.24616177
14450,-0.39160743,-0.132142
14451,0.116809174,-0.18993327
14452,-0.17365864,-0.21320675
14453,-0.9162093,-0.0733086
14454,-0.5990911,-0.005604662
14455,0.53549683,0.13564491
14456,0.2067265,-0.23621036
14457,0.024230385,-0.33316416
14458,-0.09889546,-0.267047
14459,0.4978011,-0.23940188
14460,-0.2150047,-0.12610753
14461,0.059782602,-0.20931306
14462,0.3589668,-0.32787198
14463,0.50965333,-0.13414972
14464,0.5442325,-0.22778808
14465,0.019739555,0.102813005
14466,0.11666151,-0.21499345
14467,-0.25081807,0.065208465
14468,0.00806314,-0.168732
14469,0.064284846,-0.17466582
14470,-0.06699772,-0.23319395
14471,-0.0027218782,-0.031130519
14472,0.81382775,0.15968487
14473,-1.0528852,0.16044115
14474,-0.09270454,-0.16996375
14475,-0.81431174,0.09341185
14476,-0.89454025,0.343989
14477,0.62475455,0.048647366
14478,-0.4664013,-0.13804114
14479,0.85243696,0.06510796
14480,0.20774388,0.09173465
14481,-0.33421165,-0.015822481
14482,-0.21585262,-0.15339574
14483,-0.21945861,-0.029766228
14484,0.35273457,-0.21855259
14485,0.25925538,-0.09802505
14486,-0.09264406,-0.11705742
14487,-0.32636425,-0.17520005
14488,0.28030553,-0.000492312
14489,-0.16512159,-0.08987115
14490,-0.5463897,0.08949539
14491,-0.26053888,-0.21126638
14492,-0.36936593,0.02564393
14493,0.14432824,-0.050806515
14494,0.06332196,-0.16305462
14495,-0.6709891,-0.12091659
14496,-0.46277934,0.2196957
14497,0.4824474,1.3992084
14498,-0.5308179,1.8870252
14499,-2.1960893,1.3432153
14500,-0.40283525,0.65922475
14501,-0.10358415,0.359716
14502,-0.24977084,0.27570182
14503,-0.27721617,0.32891673
14504,-0.14602539,0.44331515
14505,-0.0942463,0.17892352
14506,-0.882453,0.4736032
14507,-0.25592768,0.6709364
14508,0.7721301,0.10043134
14509,-0.19693483,-0.07449985
14510,0.42149687,-0.0338443
14511,0.3597328,0.07903507
14512,0.24517556,-0.13105589
14513,-0.34186926,-0.079877496
14514,-0.029908285,-0.15535942
14515,0.5036529,0.12561104
14516,-0.47307038,-0.07280262
14517,-0.38565332,-0.12188707
14518,0.3517394,-0.3338043
14519,0.5774787,-0.18323976
14520,0.07854231,0.0024401993
14521,1.0112141,2.8366103
14522,0.55115896,0.14907397
14523,-0.33902186,0.057230122
14524,-0.3604828,-0.14580107
14525,-1.3551296,0.8213721
14526,-0.86016756,1.042262
14527,-0.5038498,1.7587178
14528,0.29475603,0.5941622
14529,-0.3387492,0.93483114
14530,-0.7618382,0.9094934
14531,0.50369567,-0.004353706
14532,0.112244576,0.33208328
14533,0.07394889,0.0037972033
14534,-0.86548287,0.5663894
14535,0.2702016,1.0789899
14536,-0.24595009,-0.0033778958
14537,0.32835045,-0.10547316
14538,-0.21094826,-0.11318213
14539,-1.3353503,0.2576185
14540,0.25525782,0.17154954
14541,0.39991286,-0.17141224
14542,-0.3735906,-0.10838774
14543,-0.07646549,-0.08564996
14544,-0.69372,0.095147446
14545,0.038077045,-0.04159777
14546,0.014557284,-0.16062954
14547,0.67415756,0.013413914
14548,0.826698,-0.17380467
14549,-0.100273274,-0.21615165
14550,-0.55394024,-0.07696093
14551,-0.63196856,-0.015110929
14552,0.12754175,-0.10496845
14553,-0.48006266,0.3329811
14554,-0.26590708,0.2798267
14555,0.33896944,0.1405272
14556,0.30817574,-0.1659179
14557,1.0641333,-0.0998396
14558,-0.16448039,-0.25516725
14559,-0.7556227,-0.1926948
14560,0.463914,-0.2650552
14561,-0.1589386,-0.27473003
14562,0.29973775,-0.4109174
14563,0.23380828,-0.2511484
14564,0.2390243,-0.21322536
14565,0.4101665,-0.22572602
14566,-0.3748649,-0.24016963
14567,-0.3794935,-0.2039046
14568,0.049364682,-0.22974071
14569,-0.43426165,-0.12866327
14570,0.46782485,-0.22342847
14571,0.1705629,-0.30921817
14572,-0.68552256,-0.018301558
14573,-0.11281344,-0.25685167
14574,-1.6470844,0.60982424
14575,1.2934083,0.2899465
14576,0.13006122,-0.15792999
14577,0.36318412,-0.0633041
14578,-0.24757665,-0.19724351
14579,0.8008449,-0.19752494
14580,0.8134344,0.19707076
14581,-0.04200975,0.04333224
14582,0.124439985,-0.08740259
14583,0.06929178,-0.17385247
14584,0.300974,-0.18371639
14585,-0.724449,0.042173482
14586,-0.19675472,-0.2576084
14587,-0.014086015,-0.27961144
14588,0.12325908,-0.39500707
14589,0.5161332,-0.05906193
14590,-0.3670713,-0.08959469
14591,-0.04716008,-0.24670449
14592,0.012947445,-0.26245606
14593,0.36322746,-0.31457293
14594,-0.32024604,-0.17368717
14595,0.045142487,-0.24991173
14596,-0.16281438,-0.3275891
14597,0.44325322,-0.32659554
14598,-0.015192952,-0.2300231
14599,0.027205914,-0.2092379
14600,-0.025231069,-0.26383415
14601,-0.21007213,-0.2505061
14602,-0.41672468,-0.19889627
14603,-0.29978138,-0.20447667
14604,0.1114534,-0.28865314
14605,-0.3236465,-0.120665036
14606,0.17956568,-0.31386322
14607,0.1749866,-0.2163438
14608,0.20945972,-0.26121283
14609,-0.5186405,-0.21670607
14610,0.106391825,-0.3332991
14611,0.0880181,-0.338418
14612,-0.14892665,-0.36608797
14613,-0.10904342,-0.27462956
14614,0.29242748,-0.3592416
14615,-0.34505245,-0.32483768
14616,-0.6088446,-0.139748
14617,-0.7875452,0.67246705
14618,0.45510763,-0.19442005
14619,-1.1042945,0.52186465
14620,0.43809026,-0.118665695
14621,-0.075999856,-0.19363843
14622,0.5046746,-0.24194638
14623,-0.4468397,-0.26228562
14624,0.18545328,-0.2869199
14625,0.21826132,-0.1190289
14626,0.31495604,-0.08207777
14627,-0.007216364,-0.23476659
14628,0.4705508,-0.21578303
14629,0.3912381,-0.20895211
14630,-0.15514001,-0.21258494
14631,-0.62366176,-0.20567718
14632,0.084307544,-0.31453478
14633,0.2509669,-0.3265398
14634,-0.19293514,-0.3386147
14635,0.45117837,-0.378506
14636,-0.25453255,-0.3087324
14637,-0.36528566,-0.27543363
14638,0.20484422,-0.36418688
14639,-0.055738237,-0.16410463
14640,-0.14161347,-0.3340932
14641,-0.020363227,-0.40568238
14642,0.08848507,-0.38223052
14643,-0.016576087,-0.4209208
14644,0.24221703,-0.31689382
14645,0.21822493,-0.40789056
14646,-0.040726088,-0.40013367
14647,-0.33509544,-0.3357407
14648,0.15603223,-0.36110544
14649,-0.3048072,-0.31888324
14650,0.24926712,-0.26991814
14651,0.1985081,-0.30088824
14652,-0.25849476,-0.3525837
14653,0.008894289,-0.37264585
14654,0.08201609,-0.3845654
14655,-0.28962946,-0.34629196
14656,0.32931253,-0.3496529
14657,0.08754979,-0.40293443
14658,0.06638555,-0.3489254
14659,0.28290647,-0.28538474
14660,0.1968115,-0.23428105
14661,-0.031715874,-0.23753628
14662,-0.027706277,-0.38309556
14663,0.13506177,-0.21155876
14664,0.11256357,-0.31672662
14665,0.6985051,-0.10436515
14666,0.61740786,0.2746827
14667,-0.6140937,-0.068723984
14668,0.34914726,-0.2327294
14669,0.33518183,-0.0022794195
14670,0.21587802,-0.23941422
14671,-0.22315378,-0.25247127
14672,-0.001187507,-0.1901195
14673,-0.29397586,-0.30272985
14674,0.02208034,-0.35198462
14675,0.030564621,-0.30713332
14676,0.0067459783,-0.25616544
14677,0.2638046,-0.28596658
14678,-0.027286986,-0.21630055
14679,-0.34716564,-0.30742252
14680,-0.5481054,-0.13379174
14681,-0.17359577,-0.18224736
14682,0.16040626,-0.25329828
14683,-0.33398232,0.13932179
14684,-0.32296357,-0.15239991
14685,0.31401974,-0.3133086
14686,0.09339781,-0.32210064
14687,-0.07922622,-0.29512632
14688,-0.46869493,-0.15680856
14689,0.007183075,-0.028294772
14690,-0.20972456,-0.19666629
14691,0.33651495,-0.25925156
14692,-0.0642085,-0.35882765
14693,0.004188978,-0.31751627
14694,-0.15090626,-0.3358639
14695,0.3016686,-0.3217404
14696,0.106333345,-0.27163434
14697,0.3504042,-0.32155406
14698,0.17705005,-0.1850732
14699,-0.13330027,-0.24293043
14700,-0.20660922,-0.2886467
14701,-0.122181326,-0.26803026
14702,-0.5946287,-0.034855194
14703,-0.34732485,-0.12544745
14704,-0.16652425,-0.12982465
14705,-0.34150293,-0.17352816
14706,0.33789697,0.05093088
14707,0.07051661,-0.35544246
14708,0.23986892,-0.24914175
14709,-0.2837873,-0.32372987
14710,0.32116622,-0.32911783
14711,-0.3580175,-0.21552493
14712,-0.076843955,-0.2503038
14713,-0.0022987393,-0.18888846
14714,0.26244864,-0.22442834
14715,-0.3408071,-0.22747365
14716,0.24898602,-0.12582847
14717,-0.21617705,-0.22769742
14718,-0.02417632,-0.3015433
14719,-0.38054648,-0.18817292
14720,0.2694907,-0.37417382
14721,0.24870156,-0.31973928
14722,-0.14497945,-0.20430511
14723,0.26888394,-0.20565194
14724,0.09024462,-0.24067007
14725,0.3479452,-0.3025128
14726,0.14397216,-0.29337388
14727,-0.16488914,-0.24693547
14728,-0.12829602,-0.26365232
14729,0.39153153,-0.25891402
14730,-0.086179644,-0.27483562
14731,-0.061314546,-0.29013455
14732,-0.031623483,-0.13578467
14733,0.07909163,-0.3177296
14734,-0.14120907,-0.3575068
14735,0.07384316,-0.3455013
14736,0.1300572,-0.3621747
14737,0.18780409,-0.30957973
14738,0.19861998,-0.21409577
14739,-0.4175725,-0.25847036
14740,-0.1880108,-0.23108198
14741,0.17656355,-0.36551207
14742,-0.42645565,-0.3435399
14743,0.3059349,-0.14140037
14744,-0.013231967,-0.36319196
14745,-0.07732949,-0.3216294
14746,0.20801052,-0.44007742
14747,-0.014981213,-0.3478492
14748,0.03954486,-0.33600992
14749,0.19222388,-0.32160014
14750,-0.18348323,-0.3960588
14751,-0.14910738,-0.29192156
14752,0.16123103,-0.35958457
14753,-1.1249691,-0.075158015
14754,0.10668692,-0.26598474
14755,-0.4572259,-0.18626447
14756,-0.6977561,0.11252645
14757,-0.72920346,0.4831891
14758,0.08182899,-0.042420592
14759,-0.5336744,0.22104995
14760,-0.46765116,0.37705106
14761,0.7270575,0.057228662
14762,0.05179707,-0.1195539
14763,-0.14569926,-0.10569032
14764,0.63994706,-0.1721304
14765,0.25439706,-0.14875509
14766,-0.576446,-0.12388101
14767,-0.6228133,0.044443823
14768,-0.65560997,0.5417478
14769,-0.38731566,0.051388666
14770,-0.24028622,0.5549227
14771,-0.32131043,0.084272385
14772,0.23453842,-0.10920833
14773,0.18754098,-0.21951695
14774,0.19270875,-0.19798574
14775,-0.111778006,-0.2594998
14776,-0.59638745,-0.14047396
14777,-0.5959508,0.15003712
14778,0.25449246,-0.03173545
14779,-0.29255798,-0.08073014
14780,0.6302153,-0.09678379
14781,0.6635737,-0.08138846
14782,-0.25886834,-0.2856681
14783,-0.35364372,-0.08016009
14784,0.4217037,0.027549237
14785,0.5167539,-0.18200149
14786,-0.21689397,-0.22511682
14787,-0.43258402,-0.055232048
14788,1.9636407,0.67118925
14789,0.86306584,0.7737792
14790,1.9005449,0.96888494
14791,-0.16794062,1.3630449
14792,-0.39479086,0.2076299
14793,0.6404908,0.16357696
14794,0.33255953,0.16489017
14795,0.40832594,0.4538241
14796,-0.56102884,0.068632215
14797,-0.07985141,0.016881078
14798,-0.69472986,0.10325082
14799,-0.23311917,0.10797903
14800,-0.926745,0.0074704066
14801,-0.86438316,0.3864805
14802,0.4108614,0.06813078
14803,-0.064400464,-0.1875995
14804,-0.0854219,-0.24024567
14805,-0.787878,0.023836575
14806,0.42127255,-0.19809945
14807,0.37403104,-0.192651
14808,-0.015899798,-0.23388681
14809,-0.25350928,-0.12787127
14810,0.16530015,-0.17983186
14811,0.029172726,-0.03727851
14812,0.52663076,-0.0128452
14813,-0.8525861,0.0013070367
14814,-0.3242873,0.035513885
14815,0.55268484,-0.023716979
14816,-0.32310495,-0.06875741
14817,-0.22612427,0.266073
14818,0.24470115,-0.047078863
14819,-0.26389495,0.12819064
14820,-0.5776461,-0.12327503
14821,-0.22166775,-0.14957473
14822,-0.15336554,-0.047050357
14823,0.14391805,-0.071230926
14824,-0.13359614,-0.23781736
14825,-0.15694253,-0.1444485
14826,-0.20527941,-0.20536889
14827,-0.41596714,-0.0042087696
14828,-0.18911521,-0.09369829
14829,0.15673278,-0.15167657
14830,0.101921625,-0.1851478
14831,0.4353652,-0.20837295
14832,0.13155828,-0.2820247
14833,0.11952692,-0.31001794
14834,0.16802415,-0.2736453
14835,0.1559589,-0.29351056
14836,-0.2892213,-0.3088445
14837,0.44962224,-0.3415476
14838,0.10020155,-0.35634518
14839,-0.31094888,-0.2948342
14840,-0.15697677,-0.33461165
14841,-2.5469122,0.79489374
14842,1.1479388,1.470963
14843,-0.8183468,0.3112595
14844,-0.572832,0.13967095
14845,-1.1623187,0.5114115
14846,0.68910253,-0.11576016
14847,0.1081274,-0.07537521
14848,0.029869895,-0.03028043
14849,-0.31432885,-0.073079586
14850,1.0034353,-0.15649444
14851,0.6676418,-0.17559841
14852,0.040661994,-0.27746993
14853,0.51801795,-0.18269171
14854,0.33474022,-0.07772825
14855,-0.20993547,-0.17477477
14856,-0.07137479,-0.19667041
14857,-0.371732,-0.2249057
14858,0.39274698,-0.28904372
14859,0.30539474,-0.2466828
14860,0.013281408,-0.07826413
14861,0.83529353,-0.11321328
14862,-0.41003767,-0.08219355
14863,0.1611366,-0.2934895
14864,0.2464318,-0.20548992
14865,0.34978515,-0.18773134
14866,1.2405945,0.0910029
14867,0.33790946,0.13643155
14868,-0.38960078,0.054692373
14869,0.027485654,-0.031608686
14870,0.06852115,-0.280729
14871,-0.14608029,-0.20810777
14872,0.20297565,-0.23782071
14873,0.07002507,-0.2365426
14874,0.15082745,-0.24218635
14875,-0.18628737,-0.27449524
14876,-0.057999343,-0.3319673
14877,0.032367293,-0.28512573
14878,0.16526178,-0.13945234
14879,0.25754622,0.090044364
14880,-0.057492018,-0.24693942
14881,0.10438099,-0.1650759
14882,0.029389732,-0.22409967
14883,-0.5480132,-0.040371947
14884,0.12503836,-0.12586498
14885,-0.14386398,-0.13342303
14886,-0.21981937,-0.007248074
14887,-0.10007522,-0.1927812
14888,0.7084109,-0.12276052
14889,0.15858832,-0.21775535
14890,-0.32796115,-0.12611288
14891,0.38604042,-0.27189332
14892,-0.3176595,-0.20087536
14893,0.12240808,-0.20425521
14894,-0.08429773,-0.24575399
14895,-0.20675877,-0.18044972
14896,-0.37674904,-0.21872316
14897,0.2062151,-0.22904098
14898,0.077032186,-0.32270527
14899,-0.58997184,-0.25809556
14900,-0.216899,-0.14100572
14901,0.10300772,-0.27193457
14902,-0.53306633,-0.074049674
14903,-0.8602316,0.23916219
14904,0.28348392,-0.1502811
14905,-1.371786,0.16294774
14906,-0.6541305,0.6439043
14907,0.83577174,0.16712186
14908,0.43750694,0.059975877
14909,2.0015106,1.1140715
14910,1.2016715,0.80578184
14911,-0.57530856,0.8042048
14912,0.97814226,0.21571176
14913,-0.17607456,0.21217723
14914,-0.1948064,0.067002624
14915,-0.21936746,0.027157053
14916,-0.30735034,-0.028677609
14917,-0.9831782,0.033944167
14918,-0.6678695,0.07458177
14919,0.69368196,-0.1840786
14920,-0.97391975,-0.087785505
14921,0.62015873,-0.20827112
14922,0.22679128,-0.27084547
14923,0.089942195,-0.16906112
14924,0.70870465,-0.15677565
14925,-0.11264505,0.115343615
14926,0.15051946,-0.18751903
14927,-0.57930374,-0.15974459
14928,-0.27732405,-0.20991305
14929,-0.111443564,-0.28479534
14930,0.65381753,0.036827415
14931,-0.31662846,-0.034318253
14932,-0.1569974,-0.14500877
14933,0.21032758,-0.23556794
14934,0.29396158,-0.2611721
14935,0.619329,-0.21243937
14936,0.5902596,0.1387652
14937,0.23897278,-0.017616626
14938,-0.15000711,-0.1518018
14939,0.37594417,-0.16459773
14940,-0.40284353,-0.17808557
14941,0.41209307,-0.19295289
14942,-0.17529117,-0.3118239
14943,-0.11187175,-0.13763067
14944,-0.21330236,-0.29124463
14945,0.40608692,-0.14172271
14946,0.23876417,-0.046002865
14947,0.022100817,-0.046745468
14948,-0.31058773,-0.079289086
14949,0.014335304,-0.17166068
14950,0.27359065,-0.28943095
14951,0.33301362,0.05174502
14952,0.14284684,-0.09082429
14953,-0.48960185,-0.18753886
14954,-0.3832871,0.026738413
14955,-0.5106908,0.017150357
14956,-0.29634115,-0.14354303
14957,0.13305394,-0.24121317
14958,1.1967686,0.037637077
14959,-0.20937224,0.020392053
14960,0.61978483,-0.17555025
14961,-0.20060448,-0.14767204
14962,0.10483125,-0.13498858
14963,-0.49758217,-0.18808661
14964,-0.15336093,-0.21345809
14965,-0.2711482,-0.1525735
14966,0.18900251,-0.2536658
14967,-0.30667418,-0.2379043
14968,0.11068024,-0.2800015
14969,0.111304894,-0.3024829
14970,0.0807554,-0.31416094
14971,-0.24715942,-0.31981152
14972,-0.36991823,-0.28451625
14973,-0.019681713,-0.20844945
14974,-0.075365916,-0.26040715
14975,0.003695506,0.2070028
14976,0.32451996,-0.3200742
14977,-0.1291441,-0.2336714
14978,-0.12598954,-0.23282406
14979,-0.014679774,-0.23633869
14980,-0.05968234,-0.124476574
14981,0.44300604,-0.27321273
14982,0.18212946,-0.23952462
14983,0.4240251,-0.12244221
14984,-0.2429311,-0.14094365
14985,-0.12940899,-0.10800061
14986,-0.099752955,-0.28904396
14987,-0.50587577,-0.19179344
14988,0.4846126,-0.2774675
14989,0.23281139,-0.31682754
14990,0.32760265,-0.24864689
14991,-0.0051220083,-0.2749585
14992,0.37914014,-0.15636386
14993,-0.20380737,-0.20911987
14994,-0.14959039,-0.23301281
14995,0.44398642,-0.2500821
14996,-0.16520552,-0.23873726
14997,0.020171525,-0.22104625
14998,-0.3457646,-0.23758166
14999,0.07161781,-0.020754699
15000,-0.03304364,-0.323376
15001,-0.58900446,-0.1241184
15002,-0.14628196,-0.14585835
15003,0.6468751,-0.10968022
15004,-0.027439268,-0.24393404
15005,0.9478946,0.13955581
15006,-0.45547187,0.78662753
15007,-0.30735302,0.23980568
15008,0.5776974,-0.035065494
15009,1.4380599,0.4427837
15010,-0.4681947,0.012867242
15011,-0.20166487,0.06763013
15012,-0.38298795,-0.24786381
15013,0.66943765,-0.08657059
15014,-0.19054846,-0.21151811
15015,0.019856293,-0.20764728
15016,-0.53008366,-0.21653724
15017,-0.515883,-0.2030908
15018,0.20966892,-0.29030335
15019,0.9158909,-0.2984593
15020,0.013689074,-0.2460598
15021,-0.25819907,-0.2841894
15022,0.0701834,-0.22975837
15023,0.19284251,-0.3103178
15024,-0.32673094,-0.32916754
15025,-0.4331701,-0.20847525
15026,0.09560896,-0.28306288
15027,-0.23063597,-0.29243034
15028,0.15249273,-0.3446536
15029,0.0401687,-0.30254906
15030,0.5082373,-0.17135975
15031,0.030450284,-0.16831389
15032,-0.44146335,-0.22707519
15033,0.17932384,-0.33962786
15034,0.005914797,-0.31981337
15035,-0.040754784,-0.3283962
15036,0.011533078,-0.3056141
15037,-0.4895781,-0.27737772
15038,0.20334041,-0.3054027
15039,0.2249327,-0.23475808
15040,-0.25289372,-0.24345286
15041,-0.076804,-0.37209922
15042,0.123334244,-0.3721133
15043,-0.2822855,-0.32703984
15044,0.111642264,-0.4187585
15045,-0.37541342,-0.28430998
15046,0.17128158,-0.22684447
15047,0.20965905,-0.19756004
15048,0.29688746,-0.227806
15049,-0.08691051,-0.3235203
15050,0.057981774,-0.37298173
15051,-0.7880099,-0.18855771
15052,0.10474552,-0.23615092
15053,0.16542032,-0.21828504
15054,0.06994986,-0.3425616
15055,-0.34744692,-0.27623087
15056,-0.7567138,-0.033474058
15057,0.09357396,-0.0703959
15058,-0.22036101,-0.27093625
15059,-0.11670655,-0.19764793
15060,-0.1691755,-0.24149688
15061,-0.27749234,-0.24247696
15062,-0.11288983,-0.29823285
15063,0.10298243,-0.21712135
15064,-0.11345251,-0.25135604
15065,0.111230955,-0.23562883
15066,-0.40765217,-0.22498979
15067,-0.5168597,-0.03478296
15068,-0.22716841,0.024619028
15069,-0.2324267,-0.13689414
15070,0.2837224,-0.27173048
15071,-0.05232564,-0.23155572
15072,-0.16057591,-0.26213077
15073,-0.16482022,-0.22959203
15074,-0.25152075,-0.2651276
15075,0.5553462,-0.24514505
15076,-0.2802204,-0.30516595
15077,-0.051648155,-0.3255564
15078,0.22707579,-0.3911944
15079,0.41794488,-0.27530903
15080,0.30674705,-0.21777265
15081,-0.24919838,-0.3059641
15082,-0.39827567,-0.2934177
15083,0.37306607,-0.3229655
15084,-0.24102715,-0.2725914
15085,-0.017355831,-0.3117208
15086,0.1949963,-0.3259607
15087,0.35886502,-0.22112428
15088,-0.19829772,-0.2858075
15089,0.18286107,-0.32707858
15090,-0.43398318,-0.2849639
15091,0.5680693,-0.2365812
15092,-0.28320113,-0.323367
15093,0.07161245,-0.32655895
15094,-0.38962004,-0.2840417
15095,0.42052388,-0.27626503
15096,-0.08615036,-0.27261233
15097,-0.6141735,-0.101821825
15098,0.71412426,-0.31533855
15099,-0.34129727,-0.33433002
15100,0.09252725,-0.25958815
15101,-0.3345119,-0.02895252
15102,-0.26911092,-0.13747464
15103,-1.2753718,0.7400147
15104,0.5476279,-0.0569873
15105,0.20832,-0.14050366
15106,-0.440522,-0.2002371
15107,-0.98757076,0.2441078
15108,0.090937816,-0.018064938
15109,-0.042067386,-0.18458116
15110,0.04912917,-0.2593666
15111,0.32679608,-0.19357418
15112,-0.4459537,-0.22828104
15113,0.20658165,-0.22999911
15114,0.07030944,-0.29482192
15115,0.31516767,-0.23041978
15116,0.28778428,-0.30591238
15117,-0.63384026,-0.34606004
15118,0.11916142,-0.33355552
15119,0.3598282,-0.24916796
15120,-0.6579036,-0.17219678
15121,0.15545346,-0.02155386
15122,-0.2953025,-0.30048174
15123,0.39634082,-0.34777743
15124,-0.16059771,-0.35356843
15125,-0.3993419,-0.22407883
15126,-0.11991963,-0.27593812
15127,0.80512494,-0.2410098
15128,0.40315425,-0.21807063
15129,-0.21976762,-0.25991523
15130,0.102613434,-0.31307155
15131,0.029305,-0.3061177
15132,0.06489983,-0.3878991
15133,0.30705166,-0.36945653
15134,0.046184253,-0.29948306
15135,0.0048189964,-0.27815178
15136,0.34120136,-0.28781235
15137,-0.255868,-0.34680933
15138,1.0268235,-0.17770159
15139,-0.20767792,-0.1317142
15140,-0.44165698,-0.2824917
15141,-0.5834465,-0.29653573
15142,-0.41363162,-0.24835701
15143,0.1620576,-0.27806592
15144,0.03580448,-0.25844118
15145,-0.120574966,-0.3283713
15146,-0.5766236,-0.18590096
15147,0.23380768,-0.27221936
15148,0.5800365,-0.30687556
15149,0.5828429,-0.2570973
15150,-0.028788885,-0.23869339
15151,0.17291538,-0.27780437
15152,-0.012908401,-0.25037575
15153,-0.04076486,-0.26785606
15154,0.15253821,-0.2926325
15155,-0.48571876,-0.33854717
15156,-0.26111025,-0.31238014
15157,0.19764379,-0.38954228
15158,0.35458317,-0.30310404
15159,-0.3832984,-0.36091185
15160,0.106123544,-0.39463073
15161,0.3469973,-0.3392638
15162,0.16268788,-0.208164
15163,0.080860466,-0.27526993
15164,-0.058418322,-0.1947837
15165,0.13882811,-0.2695799
15166,-0.1216093,-0.3166809
15167,-0.08500126,-0.22366405
15168,-0.25658768,-0.24223854
15169,0.32164258,-0.35649037
15170,0.3615749,-0.2668875
15171,0.6535239,0.0582705
15172,0.7852054,0.10004112
15173,0.34758815,0.18679728
15174,0.24106765,0.1605792
15175,-0.5144023,0.10898486
15176,-0.09906432,-0.16080347
15177,-0.033813287,-0.21685947
15178,-0.06391913,-0.24163322
15179,-0.114207976,-0.19868293
15180,-0.7501449,-0.13058507
15181,0.4370183,-0.17123918
15182,0.19498439,-0.31679344
15183,-0.021315906,-0.14149572
15184,0.059396286,-0.33609885
15185,0.029757198,-0.31151378
15186,-0.14310506,-0.3474012
15187,0.018610105,-0.258091
15188,0.28155288,-0.30289787
15189,0.074561924,-0.26793945
15190,-0.06449258,-0.34281683
15191,-0.057790298,-0.3052848
15192,0.8550508,-0.09901285
15193,0.008561361,3.6607506
15194,1.095164,0.34463567
15195,-0.2592359,0.18627644
15196,-0.033014875,-0.01962933
15197,0.3055412,0.23515256
15198,-0.03869216,0.21210818
15199,-1.4288242,0.4178815
15200,-2.2348673,1.6992817
15201,-0.57985944,1.2918154
15202,-0.45494735,0.6299613
15203,0.38916478,0.14503622
15204,0.56475776,0.022797808
15205,0.26234922,-0.14453878
15206,-0.65904325,-0.15040085
15207,0.094018005,-0.12370196
15208,-0.2238147,-0.25808388
15209,0.37677726,-0.29625595
15210,-0.041236993,-0.3016979
15211,-0.19422206,-0.35439658
15212,-0.122448586,-0.26023525
15213,-0.475095,-0.08485663
15214,0.32275492,-0.3940639
15215,-0.14673837,-0.22504222
15216,0.66374356,-0.32509184
15217,0.46109197,-0.24439904
15218,0.021130856,-0.19774228
15219,0.11807066,-0.32268542
15220,0.37960762,-0.14726084
15221,-0.26134694,-0.29378313
15222,0.51973027,-0.26509336
15223,-0.23149121,0.11611831
15224,-0.07786705,-0.34570324
15225,0.33509272,-0.26721266
15226,0.38386878,-0.20192683
15227,-0.5205957,-0.17935547
15228,-0.7175421,0.65789115
15229,0.07881857,-0.22854502
15230,-0.5974558,-0.30237186
15231,0.044043582,-0.3137946
15232,-0.03238585,-0.32027143
15233,0.5765557,-0.40068066
15234,-0.07925079,-0.41814917
15235,-0.19108354,-0.35547602
15236,0.026479002,-0.3716697
15237,-0.1402896,-0.3405335
15238,-0.15955049,-0.35434163
15239,0.08139676,-0.30017596
15240,0.2132587,-0.39034063
15241,0.11057575,-0.353132
15242,-0.048383143,-0.30016023
15243,0.082624316,-0.38048583
15244,-0.11118447,-0.39142913
15245,0.2131705,-0.3668571
15246,0.043246526,-0.3879102
15247,-0.28253284,-0.0757274
15248,-0.1212181,-0.26239538
15249,0.17609505,-0.3346092
15250,0.6059111,-0.36033452
15251,-0.08351276,-0.31851244
15252,0.19163468,-0.36908484
15253,0.027185138,-0.23464632
15254,-0.042104512,-0.3285991
15255,-0.47046342,-0.043672733
15256,-0.14256375,-0.24524003
15257,-0.28724927,-0.30759805
15258,0.15152927,-0.36781538
15259,-0.10486423,-0.31879795
15260,-0.42243373,-0.18023992
15261,-0.034202028,-0.32012153
15262,-0.10537625,-0.32896024
15263,0.15404293,-0.36031765
15264,-0.0004999887,-0.35054773
15265,0.056527816,-0.33514678
15266,-0.04573154,-0.37019122
15267,0.12550704,-0.3564937
15268,-0.0229302,-0.3771373
15269,0.02698697,-0.34739602
15270,0.016165184,-0.34786934
15271,-0.15923212,-0.35734046
15272,-0.027681753,-0.384821
15273,0.14488281,-0.3876819
15274,-0.03429547,-0.33428258
15275,-0.5031829,-0.3047524
15276,-0.035792567,-0.23867582
15277,0.2635863,-0.26056117
15278,-0.33632717,-0.2620996
15279,0.039159924,-0.27020627
15280,-0.0029638985,-0.2785693
15281,0.25669628,-0.32134122
15282,0.09357694,-0.30483776
15283,-0.01949148,-0.30713046
15284,-0.18455735,-0.27650037
15285,-0.029976182,-0.24943857
15286,0.19658493,-0.3618496
15287,0.26300588,-0.29492533
15288,-0.1203559,-0.3329873
15289,-0.084971644,-0.34735644
15290,0.0034987282,-0.3211487
15291,0.18285404,-0.3688413
15292,-0.20671284,-0.3371951
15293,-0.15476406,-0.18017559
15294,0.26121408,-0.31420052
15295,0.025879042,-0.40319514
15296,0.05608258,-0.29058385
15297,0.1324549,-0.30790347
15298,-0.14940348,-0.37272358
15299,-0.3637398,-0.2231537
15300,0.22189718,-0.29097813
15301,-0.23198746,-0.29986727
15302,-0.5595286,-0.1740967
15303,0.07526525,-0.13713294
15304,-0.030507443,-0.1015524
15305,0.095649816,-0.34515017
15306,0.05374449,-0.2001057
15307,-0.12580332,-0.35355598
15308,-0.2050073,-0.37487602
15309,-0.3864074,-0.11999427
15310,0.20060831,-0.33244276
15311,0.2446103,-0.37578434
15312,-0.021755345,-0.360197
15313,-0.35061756,-0.29282525
15314,0.2762984,-0.30682027
15315,-0.15770186,-0.37087196
15316,-0.12854998,-0.30496892
15317,-0.25473467,-0.30503792
15318,-0.05739927,-0.28213647
15319,0.13503742,-0.4206913
15320,0.049769785,-0.38217938
15321,0.24726532,-0.39491588
15322,0.18556844,-0.3668232
15323,-0.08699262,-0.38371146
15324,0.06365671,-0.4297368
15325,0.11499695,-0.40812284
15326,0.03630874,-0.36966747
15327,-0.044400238,-0.39248854
15328,-0.07313594,-0.34603256
15329,-0.07377187,-0.4030646
15330,0.10155221,-0.4157169
15331,0.08373415,-0.38926458
15332,0.38186908,-0.28276992
15333,-0.07316962,-0.3017638
15334,-0.26673856,-0.37421453
15335,0.32949615,-0.3074264
15336,-0.11245458,-0.3992725
15337,0.30730173,-0.39442587
15338,-0.052122567,-0.36818093
15339,0.25459337,-0.31303692
15340,0.15210393,-0.27256906
15341,0.050402753,-0.40751076
15342,0.02140646,-0.32192004
15343,-0.10792683,-0.30694252
15344,0.010547296,-0.380884
15345,0.109149694,-0.39466822
15346,0.39613572,-0.3464949
15347,-0.1781871,-0.29655993
15348,0.30562407,-0.35204107
15349,-0.14499654,-0.263412
15350,-0.094943486,-0.38463265
15351,-0.28012982,-0.37295902
15352,0.07620855,-0.3819027
15353,-0.044622075,-0.33521205
15354,0.13168626,-0.40090132
15355,0.036371123,-0.36745644
15356,0.16762924,-0.394342
15357,-0.10412366,-0.3990376
15358,0.14288886,-0.35339445
15359,-0.17717226,-0.3181582
15360,-0.13811465,-0.36997473
15361,-0.11899447,-0.36164683
15362,0.025612982,-0.30227476
15363,0.019877575,-0.36972868
15364,0.21059273,-0.34115958
15365,0.2828891,-0.3149132
15366,-0.18165126,-0.37319964
15367,0.35750565,-0.2538153
15368,0.3884988,-0.21444842
15369,-0.15796694,-0.30079192
15370,-0.06012814,-0.3409776
15371,0.030371279,-0.34707385
15372,-0.06092468,-0.37497187
15373,-0.3803989,-0.28844103
15374,0.25345036,-0.3293767
15375,0.16300173,-0.3554861
15376,-0.25539452,-0.393784
15377,0.33550447,-0.36001945
15378,0.0074884463,-0.37793595
15379,-0.03367161,-0.36271656
15380,-0.035192546,-0.38011777
15381,0.17199083,-0.26602077
15382,0.19468264,-0.26343513
15383,-0.13309607,-0.15153621
15384,0.1600275,0.2013186
15385,-0.12986326,0.13308066
15386,0.09352482,-0.12995684
15387,0.19511767,0.31378078
15388,-0.18726537,0.109075144
15389,0.24051785,-0.07392266
15390,0.49279192,0.41196793
15391,0.4038425,0.5978163
15392,-0.25203794,0.30989236
15393,0.5304611,0.5209703
15394,-0.45197004,-0.05476547
15395,-0.31316164,0.13357049
15396,0.53527814,0.25351655
15397,0.025233585,0.01753185
15398,-0.22622907,0.18355136
15399,-0.035009935,-0.052202556
15400,-0.2989864,-0.14471015
15401,0.022654524,-0.18394104
15402,-0.18494901,-0.28081977
15403,-0.25255436,-0.25436908
15404,-0.28883067,-0.019627582
15405,0.32532948,-0.1931087
15406,-0.5378642,-0.066774696
15407,0.08545759,-0.2797112
15408,-0.050052732,-0.21762468
15409,-0.20912066,-0.11351495
15410,0.26269034,-0.27726108
15411,0.08227022,-0.28941673
15412,0.10810267,-0.27300304
15413,0.5185123,-0.17188895
15414,-0.16363955,-0.33273423
15415,-0.22985765,-0.28100374
15416,0.14252417,-0.35363942
15417,0.04996431,-0.3625579
15418,0.5021689,-0.2739072
15419,-0.18008707,-0.1482158
15420,-0.08152168,-0.294298
15421,-0.06614501,-0.22960907
15422,-0.1564601,-0.3166471
15423,0.3702298,-0.24743865
15424,0.26741216,-0.1607241
15425,0.16540037,-0.15589522
15426,0.39111444,0.10767168
15427,-0.06009281,-0.078460395
15428,0.83500355,0.2271124
15429,-0.13770427,-0.026067995
15430,-0.5615896,0.015778199
15431,-0.03712844,-0.12529029
15432,0.25309718,0.06707154
15433,0.26717687,-0.015602365
15434,-0.795019,-0.12526985
15435,0.14568205,-0.13322252
15436,-0.124751695,-0.14299843
15437,0.06229213,-0.13521475
15438,0.038134526,-0.20598085
15439,0.06839269,-0.2158181
15440,-0.2362114,-0.20800011
15441,0.90717983,0.026333183
15442,0.48541898,0.3665521
15443,0.23977369,0.36677724
15444,-0.22229163,-0.015686586
15445,0.14156908,0.3084681
15446,-0.38365933,0.0028209016
15447,-0.44675347,0.12474057
15448,0.34590942,-0.04573639
15449,-0.26843286,-0.13037077
15450,-0.14749329,-0.19699767
15451,0.1045207,-0.11350186
15452,-0.07542215,-0.27181226
15453,-0.42805117,-0.17403883
15454,0.3889035,-0.26246947
15455,-0.55423504,0.078748256
15456,0.4975873,-0.32213378
15457,-0.0166629,-0.24243255
15458,-0.32087907,-0.27198255
15459,0.4169022,0.06789343
15460,0.31683406,-0.09118734
15461,-0.18708801,0.014280207
15462,-0.16974811,-0.17329079
15463,0.04144175,-0.20180589
15464,0.5303142,0.02417329
15465,0.16509898,0.08838688
15466,-0.37950575,0.05373285
15467,0.4842064,-0.10655083
15468,0.10616672,0.05363646
15469,-0.040221665,-0.117596015
15470,0.4370008,0.033895254
15471,0.21967886,0.6232812
15472,0.3568391,0.59195834
15473,0.131244,0.094760284
15474,-0.13487191,0.46905172
15475,-0.6053208,0.33962387
15476,-0.06151183,-0.025331832
15477,0.008966042,-0.068879746
15478,0.37104917,-0.1349796
15479,-0.13249631,-0.004442293
15480,-0.074325725,-0.08313864
15481,0.6005588,0.0031582713
15482,-0.1151487,-0.121025205
15483,1.1344162,0.66133803
15484,-0.44445047,0.23628782
15485,-0.3710177,0.46490055
15486,-0.48404992,0.36253005
15487,0.640092,0.20418905
15488,0.33395454,0.08696772
15489,0.20457268,0.30728215
15490,0.07576361,-0.045333073
15491,-0.016077923,0.3100931
15492,0.5402098,0.53575414
15493,-0.48151425,0.1393573
15494,0.025305998,0.05101095
15495,-0.19510113,0.047689162
15496,0.35912952,0.09551038
15497,-0.5617472,0.06549649
15498,-0.13925631,-0.09653214
15499,-0.13188742,-0.13348138
15500,0.89482754,0.19157304
15501,-0.7407217,-0.154474
15502,-0.23596482,-0.1136451
15503,0.13930324,-0.20662177
15504,0.23612677,-0.27108166
15505,-0.08093506,-0.300505
15506,0.5239184,-0.061637923
15507,-0.56004363,0.0015360713
15508,-0.16861075,0.11523411
15509,-0.36105582,-0.10874589
15510,0.15442733,-0.10457367
15511,0.061055772,-0.20164786
15512,-0.29264417,-0.14212802
15513,-0.2819568,-0.14964807
15514,0.2867836,-0.17205192
15515,0.40985718,-0.035896353
15516,0.378717,0.10215065
15517,0.091188625,-0.22115341
15518,0.20126577,-0.2400834
15519,0.16531727,-0.21025534
15520,-0.2222386,-0.26016578
15521,0.08387755,-0.21425188
15522,-0.24132608,-0.2797378
15523,0.0349389,-0.09158179
15524,-0.41674012,-0.24039745
15525,-0.042038213,-0.18613842
15526,-0.00020674313,-0.31297505
15527,0.34175742,-0.0791414
15528,-0.6056147,0.22094692
15529,-0.5182778,0.24431498
15530,0.3440602,-0.0967726
15531,-0.13144547,-0.03076245
15532,-0.5492489,0.01486811
15533,0.3089316,0.22058566
15534,-0.34734374,-0.21584213
15535,-0.4541342,-0.091606654
15536,-0.025953425,0.16672927
15537,0.2148949,-0.049104795
15538,-0.46136028,0.18057734
15539,0.16230167,0.03623005
15540,0.24367885,-0.1754719
15541,0.22730751,-0.14633116
15542,0.4020231,-0.10624698
15543,-0.3328163,-0.2545319
15544,0.58656293,-0.06060898
15545,0.014447288,-0.16988927
15546,0.08607471,-0.06315019
15547,-0.34929362,-0.27075025
15548,0.056835447,-0.22522224
15549,0.03742145,-0.29945448
15550,0.60671633,-0.2602154
15551,1.1156652,0.121315256
15552,0.19115159,0.71233296
15553,0.49775955,0.47577882
15554,0.13624927,0.32831532
15555,0.34842676,0.2646724
15556,0.4587959,0.74373335
15557,-0.8465943,0.21967934
15558,0.19205485,0.23034619
15559,0.17393264,-0.07116247
15560,0.073318735,-0.096431956
15561,0.08327311,-0.10038524
15562,-0.03844545,-0.15522039
15563,-0.2043401,-0.16995816
15564,0.14951752,-0.014093716
15565,-0.2247235,-0.22668563
15566,-0.056105718,-0.1018847
15567,0.29414833,-0.2127693
15568,-0.65379274,-0.10060116
15569,0.44586113,-0.041623
15570,-0.31536356,-0.02017362
15571,0.09465885,-0.20089737
15572,0.0048985397,-0.041578103
15573,-0.17510113,-0.21908873
15574,-0.25403163,-0.17184503
15575,1.0113161,0.24895008
15576,0.23891693,0.23392622
15577,-1.0540305,0.3671913
15578,0.13279617,-0.019624952
15579,0.14808585,0.30336678
15580,0.0116169965,0.119025916
15581,0.390592,0.10095699
15582,-0.025703989,-0.0067052282
15583,-0.48485383,1.8679137
15584,-0.75215316,0.23174219
15585,-1.9107424,1.9896448
15586,0.5834809,0.27191436
15587,-0.9300954,0.44248402
15588,-0.18091352,0.7301581
15589,-0.9952861,0.69495344
15590,0.43681854,0.36126703
15591,0.31257662,0.07803574
15592,-0.41272318,0.12037711
15593,0.3012967,-0.1430276
15594,0.022413997,-0.18838726
15595,0.657271,-0.07197924
15596,-0.6853777,-0.089906625
15597,0.1925822,-0.15982264
15598,0.023415366,-0.25604248
15599,0.06263586,-0.273811
15600,0.55086976,0.17257753
15601,-0.3354158,-0.15254447
15602,0.22049136,-0.2774499
15603,0.16853832,-0.29841
15604,0.2727612,-0.24378417
15605,-0.105212055,-0.18771285
15606,-0.0426861,-0.27939636
15607,-0.35038808,-0.27823716
15608,-0.3076476,-0.25529224
15609,0.19687277,-0.30881613
15610,0.63817996,-0.27084917
15611,0.31630385,-0.07717235
15612,-0.67855966,-0.21818525
15613,0.1767258,-0.31179082
15614,-0.35413992,-0.2887231
15615,0.4391773,-0.2751885
15616,-0.09384289,-0.15614018
15617,0.4841972,-0.18793692
15618,0.15844494,-0.12616163
15619,-0.10267708,-0.16451085
15620,-0.36463836,-0.20090894
15621,0.1217411,-0.2544505
15622,0.04118464,-0.23231219
15623,-0.23892541,-0.20738131
15624,-0.8117251,0.19536479
15625,0.47605017,-0.19558844
15626,-0.7597334,-0.117828466
15627,0.42827982,-0.28475276
15628,0.044131927,-0.14825171
15629,0.28198588,-0.25857893
15630,-0.156528,-0.18324438
15631,0.81846535,0.106159076
15632,0.22648099,0.47326827
15633,0.25388202,-0.017930035
15634,-0.20391954,-0.2117565
15635,0.039482057,-0.24570455
15636,-0.363245,-0.15571082
15637,0.21774396,-0.29901215
15638,0.1633537,-0.26728964
15639,-0.24214634,-0.30743575
15640,0.038790822,-0.33195114
15641,-0.41573027,-0.2365463
15642,0.25600955,-0.2915441
15643,-0.2623989,-0.108471826
15644,0.073138826,-0.08441768
15645,0.30336237,-0.29280186
15646,-0.31183228,-0.13715722
15647,-0.19101419,-0.24624549
15648,0.49083874,-0.2613961
15649,0.26579022,-0.19011512
15650,-0.11843728,-0.14865732
15651,0.27751464,-0.11706032
15652,0.60976946,0.36330694
15653,-0.116551034,0.33364922
15654,0.20943137,0.08620301
15655,0.27952543,-0.024900105
15656,-0.29835188,0.0009928979
15657,-0.39361212,-0.14554256
15658,-0.1614554,-0.2728192
15659,-0.25277114,-0.11500956
15660,0.28154752,-0.24026103
15661,-0.13750958,-0.2852035
15662,0.06535002,-0.23150787
15663,-0.07229358,-0.05930958
15664,-0.07385935,-0.09809236
15665,0.045493875,0.029285088
15666,-0.28803194,0.040582925
15667,0.28585568,-0.17182642
15668,-0.061355565,-0.18634747
15669,-0.30516,-0.18989573
15670,0.32714823,-0.2680704
15671,0.20840459,-0.27560028
15672,0.38667184,-0.08605367
15673,1.5021483,2.5054924
15674,0.13907145,0.39009625
15675,0.9962511,0.93050766
15676,-0.094863534,0.54590136
15677,0.49361333,0.31586802
15678,0.055563584,1.3039012
15679,-0.23292026,0.539848
15680,-0.24286158,0.07615641
15681,0.16788839,0.12355971
15682,-0.28057608,0.056194127
15683,0.37222278,0.08807421
15684,-0.57891387,0.0369557
15685,0.14119147,-0.0014245436
15686,-0.26936978,0.0049426556
15687,-0.5111211,0.032487854
15688,0.20381466,-0.08768994
15689,0.049104787,-0.1371567
15690,0.873667,0.042665727
15691,0.08511669,0.05800642
15692,-1.2363002,0.04411713
15693,0.5418676,-0.15195587
15694,0.12122983,-0.22408493
15695,-0.05008192,-0.109626606
15696,-0.8052733,-0.050171614
15697,0.2523453,-0.15921503
15698,0.22043861,-0.22965667
15699,-0.7904519,-0.11163733
15700,-0.47590387,-0.032077424
15701,0.037219718,0.4743979
15702,0.035461035,-0.1964243
15703,0.31843224,-0.18759112
15704,0.11103063,-0.23242877
15705,0.046837248,-0.37402624
15706,-0.18806909,-0.33691335
15707,0.50607276,0.26116246
15708,-0.044994395,-0.3231367
15709,0.12339057,-0.25187492
15710,0.16698949,-0.36327195
15711,0.2735371,-0.17113827
15712,-0.044921257,-0.14596823
15713,-0.22542734,-0.32665604
15714,0.19536054,-0.25967935
15715,0.08451002,-0.26332602
15716,-0.22155853,-0.23996782
15717,0.11299447,-0.29170924
15718,0.19848706,-0.12709421
15719,-0.3720764,-0.24672954
15720,0.19105245,-0.18368864
15721,-0.25253436,-0.12549329
15722,0.46440953,-0.15487716
15723,0.4677427,-0.11738423
15724,-0.2523834,-0.14750752
15725,-0.102253325,-0.2648225
15726,-0.033185758,-0.29943106
15727,0.21875556,-0.1773459
15728,-0.5317397,-0.13912842
15729,0.20859292,-0.16077718
15730,-0.3718198,-0.26083994
15731,0.24260229,-0.3175428
15732,0.9536806,0.26762688
15733,-0.06623769,-0.063353576
15734,0.39829975,-0.12095268
15735,-0.50479734,-0.08609709
15736,0.03843548,-0.11662115
15737,0.15623458,-0.2093778
15738,-0.14353296,-0.2606644
15739,-0.4876065,-0.08700499
15740,-0.11494867,-0.12180233
15741,0.15046145,0.030226626
15742,0.14215513,-0.23224139
15743,-0.10990073,-0.24297218
15744,0.25167534,-0.18950292
15745,0.23556091,-0.16926569
15746,-0.07818419,-0.18232939
15747,-0.3711627,-0.08661218
15748,-0.07025891,-0.27517176
15749,0.28065926,-0.24325755
15750,-0.012678735,-0.26667392
15751,-0.023158444,-0.25217596
15752,-0.06894027,-0.26940292
15753,0.17933951,-0.23284929
15754,-0.08787248,-0.22440295
15755,-0.26201415,-0.10204032
15756,0.111110665,0.07440776
15757,0.01442065,-0.16126727
15758,0.06364838,-0.18786052
15759,0.14884247,-0.005042918
15760,-0.10392351,-0.27079433
15761,0.1210571,-0.14999841
15762,0.2852552,0.03714849
15763,0.08301449,-0.1887981
15764,-0.40246716,-0.24085093
15765,-0.011868016,-0.10647984
15766,-0.12154426,-0.1386066
15767,0.8190815,0.837287
15768,0.6034322,0.12432076
15769,-1.747684,4.4123626
15770,0.12241012,0.49695545
15771,-1.3239748,0.7617436
15772,0.715385,0.32062024
15773,0.4261283,0.40024602
15774,1.1106508,0.07322942
15775,-1.0825355,0.14009252
15776,-0.19116887,0.051174752
15777,0.74111694,-0.09227134
15778,-0.227247,-0.13940996
15779,-0.32833087,-0.1033282
15780,-0.18015623,-0.2212634
15781,-0.14387894,-0.20781188
15782,-0.17922233,-0.0144501105
15783,0.64410865,-0.11260549
15784,-0.3846665,-0.16904023
15785,0.41486558,-0.09168307
15786,-0.1390341,-0.1608254
15787,0.22462857,-0.17491496
15788,-0.1500056,-0.22795716
15789,0.50111336,-0.33797687
15790,-0.06849776,-0.25720012
15791,-0.2698188,-0.21914919
15792,-0.10652104,-0.24421528
15793,0.009079672,-0.2825858
15794,0.035509955,-0.34630275
15795,0.06704283,-0.14202744
15796,0.31847498,-0.25449207
15797,0.059614133,-0.24441943
15798,-0.018552542,-0.14313763
15799,-0.40591708,-0.23251313
15800,0.06513968,-0.22738661
15801,0.045515366,-0.29202038
15802,0.002174868,-0.31228787
15803,0.14794385,-0.04897749
15804,-0.008612966,-0.26164156
15805,0.28085992,-0.28553224
15806,-0.039325587,-0.27328917
15807,0.3551074,0.045771457
15808,0.79600054,0.12878639
15809,-0.062838264,-0.04310065
15810,0.018611286,-0.10686694
15811,0.6965697,-0.02043251
15812,-0.21776251,-0.17571747
15813,0.113353,-0.18753757
15814,-0.009783235,-0.088526055
15815,-0.29827064,0.06934291
15816,0.7883638,-0.027640767
15817,1.5609766,0.9328701
15818,-0.5607883,1.1796432
15819,0.104380056,0.11595526
15820,-0.11157199,0.012469076
15821,-0.42548618,0.12733437
15822,-0.47150424,-0.03308226
15823,0.34941855,-0.11256811
15824,0.013377358,-0.18227038
15825,0.12625198,-0.20075324
15826,-0.3067319,-0.09115073
15827,-0.37163147,-0.18706886
15828,-0.056432404,-0.17917746
15829,0.083201475,0.03626357
15830,0.24021287,0.091209635
15831,-0.10275922,-0.07497633
15832,0.607605,0.034633547
15833,0.03951944,0.3092981
15834,0.027953539,-0.03487654
15835,0.16821818,-0.023676746
15836,0.11407735,0.39794874
15837,0.23214796,0.08095041
15838,0.14345749,0.045844905
15839,-0.42555767,0.10111393
15840,-0.08989631,-0.11239095
15841,-0.07157818,-0.07129168
15842,-0.050243326,-0.19756868
15843,0.025432883,0.083055034
15844,-0.2553783,-0.27336943
15845,-0.30808806,-0.00027055666
15846,-0.13175723,-0.069874175
15847,-0.16145362,-0.06934164
15848,0.10179012,-0.048652492
15849,-0.122514874,-0.25356692
15850,0.018332094,-0.3270942
15851,0.22429568,-0.121141195
15852,-0.16927218,-0.1419693
15853,-0.31539816,-0.1302278
15854,0.24672891,-0.09274821
15855,-0.2734642,-0.08995626
15856,-0.007843364,-0.19134583
15857,0.14623344,-0.32221782
15858,0.05379535,-0.24897389
15859,-0.022799132,-0.21789807
15860,0.30311447,-0.16153061
15861,-0.31787947,-0.17244716
15862,-0.31998274,-0.14946243
15863,-0.40383086,0.43423605
15864,0.4864288,-0.107195966
15865,0.053211894,-0.13868086
15866,0.43613842,0.16137679
15867,-0.15071996,-0.1618438
15868,0.006963324,-0.081423245
15869,-0.18392013,0.12664789
15870,0.40900648,-0.13963318
15871,0.1982869,0.6237151
15872,0.4530891,0.56067574
15873,-1.0280744,0.107397676
15874,0.6530389,-0.14104472
15875,-0.69642,0.17783995
15876,-0.006930422,-0.14247732
15877,0.25319287,-0.2055985
15878,0.24760814,-0.055264473
15879,0.37989113,-0.06071711
15880,0.4363889,0.22407912
15881,-0.3217458,0.012635469
15882,0.45835346,-0.056453
15883,0.121652864,-0.09725097
15884,0.80420315,0.2840296
15885,0.3898428,0.31363237
15886,-0.37044585,0.24307747
15887,0.27355343,0.017842986
15888,0.4530667,0.18887676
15889,0.3080118,0.186054
15890,0.031193316,0.0054151267
15891,-0.4716064,-0.12240557
15892,0.36593646,-0.066769734
15893,0.12825488,-0.11907558
15894,0.21239263,0.03240633
15895,-0.5095646,0.24323379
15896,-0.32876787,0.22550894
15897,0.36194223,-0.114794895
15898,0.13983151,0.09870735
15899,-0.28173396,0.16867985
15900,-0.11016714,-0.1732528
15901,-0.16812104,-0.27601847
15902,0.112135,-0.27233285
15903,0.7439265,0.01500494
15904,0.7035221,0.95013046
15905,-0.29903892,0.07581504
15906,0.029403847,-0.04425966
15907,-0.47485438,-0.013796605
15908,0.45648935,-0.03749066
15909,-0.03611432,-0.08719742
15910,-0.0433992,-0.1628702
15911,0.12236534,0.39053744
15912,-0.3491121,0.20666479
15913,0.6288721,-0.10529056
15914,0.32947665,0.022388116
15915,0.3660214,0.45449728
15916,-0.17455041,0.35450512
15917,-0.18683222,0.11051297
15918,-0.61209875,0.024220347
15919,0.46975145,0.06951022
15920,-0.014227803,-0.09612674
15921,-0.031670216,-0.23130868
15922,-0.02925495,-0.20131361
15923,0.062765025,-0.23231606
15924,0.22887196,-0.1710508
15925,0.13773508,-0.017369434
15926,0.14013347,0.046005532
15927,-0.08184936,-0.1298721
15928,-0.21431743,-0.09290782
15929,0.37593865,-0.10543296
15930,-0.11889571,0.057430558
15931,-0.1537282,-0.03262098
15932,0.06461521,-0.08739301
15933,-0.11422168,-0.017924968
15934,0.00087784673,-0.10947211
15935,0.635372,0.39554733
15936,-0.22006369,0.10350424
15937,-0.1606795,-0.047040656
15938,0.18570636,-0.09232952
15939,-0.12241043,0.0087468475
15940,0.07292386,-0.16266403
15941,0.1935627,-0.10868156
15942,-0.20694116,-0.1514988
15943,0.18750317,-0.1349281
15944,0.31066737,-0.120352805
15945,0.38954747,0.12567292
15946,0.19495115,0.2077816
15947,0.25579697,0.63171357
15948,0.38098574,0.426912
15949,0.3206106,0.5161815
15950,1.0217547,0.8675983
15951,-0.22523278,0.57074195
15952,0.045625765,0.29388398
15953,-0.15597071,0.50835973
15954,-0.03143138,0.29578573
15955,-0.81003195,0.4058721
15956,0.52679294,0.1654413
15957,0.37342593,-0.109417126
15958,0.21707593,0.01285205
15959,-0.35879445,0.31251758
15960,-0.31308684,-0.045566294
15961,0.55803233,-0.0029909872
15962,0.060472406,0.0105167255
15963,0.20877427,0.33239686
15964,0.49935976,0.44921035
15965,-0.3208911,0.18473557
15966,-1.4654621,2.2280362
15967,-0.30264184,0.9863714
15968,0.93127704,0.2661928
15969,-0.3813279,0.12828583
15970,-0.2227694,0.03735861
15971,0.91512203,0.34041584
15972,-0.4666123,0.34569275
15973,-0.6264717,0.56782687
15974,-0.10511648,0.0823589
15975,-0.3001876,0.5146775
15976,-0.09130753,0.33757567
15977,-0.6273182,0.582534
15978,-0.8252177,0.592408
15979,-1.6114576,2.0635629
15980,0.9832853,0.28731018
15981,0.6327403,-0.024378762
15982,0.036196236,-0.19583261
15983,-0.20911089,-0.074428335
15984,0.3302654,-0.1614269
15985,-0.14508042,-0.21898665
15986,0.12041343,-0.26701862
15987,-0.06574074,-0.24640366
15988,-0.12371013,-0.29978886
15989,0.16725345,-0.29201722
15990,0.038321316,-0.22941425
15991,0.6437426,-0.07191913
15992,-0.22022189,-0.21125418
15993,-0.15088014,-0.3318199
15994,0.23960072,-0.25463748
15995,0.4224115,-0.16697007
15996,0.2910841,-0.2828912
