id,Y1,Y2
0,0.5517088770866394,-0.17571446299552917
1,-0.1773771047592163,-0.2130286693572998
2,-0.23252210021018982,-0.08175879716873169
3,-0.4154854416847229,0.07829171419143677
4,-0.8267263174057007,0.016616642475128174
5,0.3688223361968994,-0.0196382999420166
6,1.1112457513809204,0.09257709980010986
7,-0.18740423023700714,-0.13137274980545044
8,-0.6985182762145996,-0.09761840105056763
9,-0.9153898358345032,0.09891068935394287
10,-1.1229641437530518,0.30598151683807373
11,0.27386897802352905,-0.10578465461730957
12,-0.7589813470840454,0.13589578866958618
13,-0.17258280515670776,0.039962947368621826
14,-0.2054469734430313,0.10874766111373901
15,1.2404464483261108,0.17102950811386108
16,0.868811309337616,-0.05433928966522217
17,1.0859886407852173,0.0759965181350708
18,-0.5074865221977234,-0.10704630613327026
19,-0.7365468144416809,-0.06669288873672485
20,0.8213271498680115,-0.08339101076126099
21,0.917834460735321,-0.02553558349609375
22,-0.6788697838783264,-0.11825621128082275
23,0.7293325662612915,-0.13893646001815796
24,1.3905565738677979,0.4980442523956299
25,1.2855778932571411,1.1619853973388672
26,-0.687680184841156,0.4880390167236328
27,-0.3632577657699585,-0.01930481195449829
28,-1.973288893699646,1.070171594619751
29,2.215535879135132,0.844855785369873
30,2.4542088508605957,0.9068659543991089
31,-1.2085609436035156,0.36806249618530273
32,1.5075691938400269,0.40845787525177
33,1.1681106090545654,0.23404377698898315
34,-0.19760698080062866,0.30631566047668457
35,0.9685906767845154,0.1318846344947815
36,-0.46117103099823,0.012723863124847412
37,-0.3021523952484131,-0.09183228015899658
38,-0.42883020639419556,-0.036177873611450195
39,1.063926100730896,0.06401503086090088
40,-0.6690452694892883,-0.13122320175170898
41,-0.38769394159317017,-0.10291832685470581
42,0.879249632358551,-0.04794645309448242
43,-0.46883344650268555,-0.024624407291412354
44,-1.5432921648025513,0.6753900051116943
45,0.2511630058288574,0.09839111566543579
46,1.261860966682434,0.18401169776916504
47,0.7850217223167419,-0.11141347885131836
48,0.6070991158485413,-0.07045042514801025
49,-0.31859469413757324,-0.1418033242225647
50,0.5168912410736084,-0.2434474229812622
51,-0.8062030673027039,-0.0013340115547180176
52,-0.1768457442522049,-0.3018626272678375
53,-0.9143322110176086,0.09793972969055176
54,0.7502818703651428,-0.12614434957504272
55,0.5120718479156494,-0.2776843011379242
56,-0.08690880239009857,-0.3598160743713379
57,-0.8393149971961975,0.029066145420074463
58,0.8148940205574036,-0.0869596004486084
59,-0.17991453409194946,-0.29137057065963745
60,0.2727029323577881,-0.28097447752952576
61,-0.32869312167167664,-0.3278621435165405
62,-0.7351686954498291,0.005067348480224609
63,-0.18825261294841766,-0.08536034822463989
64,0.20526348054409027,-0.27838778495788574
65,0.519546389579773,-0.2729112207889557
66,0.7032343149185181,-0.14375907182693481
67,-0.6676994562149048,-0.13180971145629883
68,0.45406144857406616,-0.19667717814445496
69,0.01866517961025238,0.014222443103790283
70,0.21765463054180145,0.014881014823913574
71,0.7630813717842102,-0.12078547477722168
72,0.16158290207386017,-0.20671150088310242
73,-0.22210782766342163,0.005105435848236084
74,-0.6023771166801453,-0.11015170812606812
75,0.6627071499824524,-0.18435031175613403
76,-0.6283052563667297,-0.16525369882583618
77,0.4949755072593689,-0.2790786623954773
78,0.783247709274292,-0.10614591836929321
79,0.3077092170715332,-0.15752682089805603
80,0.47149574756622314,-0.2982735335826874
81,0.7991560101509094,-0.09697407484054565
82,0.5013033747673035,-0.1462288200855255
83,-0.4665766954421997,-0.07264095544815063
84,-0.20679903030395508,-0.19005179405212402
85,0.10873034596443176,-0.28530657291412354
86,-0.15027891099452972,-0.2647079825401306
87,0.3687615394592285,-0.31425559520721436
88,0.595461368560791,-0.21643438935279846
89,0.0765504390001297,-0.29849570989608765
90,0.5845082998275757,-0.22966501116752625
91,0.6805133819580078,-0.11800092458724976
92,-0.5807573795318604,-0.20885539054870605
93,-0.6157187819480896,-0.17629271745681763
94,0.2371387630701065,-0.1443690061569214
95,0.6270402669906616,-0.20798411965370178
96,0.9736438393592834,0.008204996585845947
97,0.1913645714521408,-0.20502662658691406
98,0.05510684847831726,-0.11100643873214722
99,-0.21191127598285675,-0.18969514966011047
100,0.3887513279914856,-0.20645585656166077
101,-0.36220598220825195,-0.1780748963356018
102,1.1992852687835693,0.14607560634613037
103,1.7529653310775757,0.48173952102661133
104,0.06441594660282135,0.49590587615966797
105,1.0797524452209473,0.2462698221206665
106,-0.049382295459508896,0.3125232458114624
107,0.27892953157424927,0.08623409271240234
108,0.5238637328147888,-0.09336692094802856
109,0.13159503042697906,-0.20533007383346558
110,-0.7100046873092651,-0.029835045337677002
111,0.2040889710187912,-0.11289858818054199
112,-1.0883185863494873,0.25180941820144653
113,-0.5002388954162598,0.03572237491607666
114,-0.4873145818710327,0.2053789496421814
115,-0.054822348058223724,-0.06367683410644531
116,-0.6269046068191528,0.05780470371246338
117,0.2569136619567871,-0.1650373339653015
118,1.2216589450836182,0.15956002473831177
119,-0.34925734996795654,-0.11358398199081421
120,-0.9197434186935425,0.10290461778640747
121,0.3636361360549927,-0.0904424786567688
122,0.7006140351295471,-0.1618688404560089
123,0.2315223067998886,-0.1903550922870636
124,0.19253937900066376,0.12059366703033447
125,-0.1007113978266716,0.09585577249526978
126,-2.580139636993408,1.6273235082626343
127,0.7017963528633118,0.6027188301086426
128,1.8344738483428955,0.530580997467041
129,1.6659334897994995,0.671057939529419
130,2.350177526473999,0.8437975645065308
131,-0.42023247480392456,1.587967038154602
132,1.2508277893066406,0.9640806913375854
133,0.06832967698574066,0.5070873498916626
134,-0.8670796751976013,0.6214537620544434
135,-0.7597987055778503,0.16326367855072021
136,-0.10781411081552505,0.0726172924041748
137,0.3720201253890991,0.338881254196167
138,-0.19272080063819885,0.7809555530548096
139,-0.21668300032615662,0.190778911113739
140,-0.09475859254598618,-0.09177899360656738
141,-0.027257204055786133,-0.07994401454925537
142,-0.9142444729804993,0.09785836935043335
143,0.0591089129447937,-0.09701353311538696
144,0.6566928029060364,-0.18862178921699524
145,-0.12852954864501953,-0.13335424661636353
146,0.07588943839073181,-0.23028850555419922
147,-0.6283096671104431,-0.16470232605934143
148,0.39392513036727905,-0.22502297163009644
149,0.25868403911590576,-0.1924583911895752
150,0.00217311829328537,-0.23333054780960083
151,-0.6635192632675171,-0.13736122846603394
152,0.47844088077545166,-0.2878946363925934
153,0.9358813166618347,-0.013614475727081299
154,0.5441117882728577,-0.25787702202796936
155,-0.2245343029499054,-0.3298250436782837
156,0.36842072010040283,-0.27542591094970703
157,-0.4427085518836975,-0.340968519449234
158,0.6049512624740601,-0.22062230110168457
159,0.1138509213924408,-0.2860349118709564
160,0.16389502584934235,-0.0973847508430481
161,-0.39262211322784424,-0.24703553318977356
162,-0.5760776996612549,-0.18342959880828857
163,0.9481986165046692,-0.006144165992736816
164,-0.042661719024181366,-0.15991345047950745
165,-0.3945237994194031,-0.2922013998031616
166,-0.6051119565963745,-0.1857771873474121
167,-0.28994572162628174,-0.2076934576034546
168,-0.042969439178705215,-0.2078913450241089
169,-0.38162171840667725,-0.1240890622138977
170,-0.6349612474441528,-0.07380002737045288
171,0.1304847151041031,-0.18319371342658997
172,0.8706095814704895,-0.05327266454696655
173,-0.3366308808326721,-0.1988542377948761
174,-1.4312899112701416,0.5725603103637695
175,0.4594622254371643,-0.008929252624511719
176,-0.33905184268951416,-0.15385785698890686
177,0.11100254952907562,-0.15121608972549438
178,0.8874228596687317,-0.04299020767211914
179,-0.12962573766708374,-0.255132794380188
180,-0.2429974377155304,-0.1550147831439972
181,-0.2811545729637146,-0.20136526226997375
182,0.6217480301856995,-0.20972982048988342
183,-0.007453635334968567,-0.300434947013855
184,-0.6480991840362549,-0.14660418033599854
185,0.6506659388542175,-0.1907980740070343
186,-0.9190862774848938,0.10230445861816406
187,-0.816064178943634,0.012208759784698486
188,0.14526526629924774,-0.2101542353630066
189,-0.6790634393692017,-0.07817339897155762
190,0.2758760452270508,-0.1732667088508606
191,0.6499391794204712,-0.17186346650123596
192,0.6300370097160339,-0.2041231095790863
193,-0.8760165572166443,0.06276196241378784
194,0.30453985929489136,-0.2819567620754242
195,0.35727769136428833,-0.20231956243515015
196,0.8367246985435486,0.08101874589920044
197,0.7196121215820312,-0.05642300844192505
198,-0.0597684420645237,-0.14956751465797424
199,1.2674349546432495,0.18736308813095093
200,0.20348624885082245,-0.11159241199493408
201,-0.21405360102653503,-0.2174956202507019
202,1.9542292356491089,0.603756308555603
203,-0.801181972026825,-0.006037652492523193
204,-0.3757718801498413,-0.1435164213180542
205,0.2871577739715576,-0.24585330486297607
206,0.24034540355205536,-0.15541797876358032
207,0.07036668062210083,-0.20481085777282715
208,-0.42665475606918335,-0.2017858922481537
209,-0.45615673065185547,-0.2546969950199127
210,0.3406800627708435,-0.1947908103466034
211,-0.06345860660076141,-0.26842692494392395
212,-0.24715852737426758,-0.2783539891242981
213,-0.5188588500022888,-0.2666745185852051
214,0.42591017484664917,-0.0691230297088623
215,-0.7226486206054688,-0.07815444469451904
216,1.3028517961502075,0.20886236429214478
217,0.79990553855896,-0.09917181730270386
218,-0.861280083656311,0.0492323637008667
219,-0.6796596050262451,-0.11863487958908081
220,2.2362096309661865,0.774705171585083
221,-0.5370415449142456,0.7298396825790405
222,0.26064980030059814,0.34575676918029785
223,1.1660898923873901,0.12563151121139526
224,-0.379849910736084,-0.10441428422927856
225,0.9677385687828064,0.05382120609283447
226,1.495739221572876,0.6348828077316284
227,0.774068295955658,0.49469804763793945
228,3.1137847900390625,2.9329023361206055
229,-1.755995273590088,3.450623035430908
230,0.6434415578842163,0.7692379951477051
231,0.030788883566856384,0.11977827548980713
232,-0.4103727340698242,0.2946726679801941
233,-0.06760628521442413,0.17295145988464355
234,0.6456541419029236,0.4673655033111572
235,-1.468022346496582,0.606284499168396
236,-0.7137287259101868,0.3658616542816162
237,0.22543863952159882,-0.005452334880828857
238,-0.0441272035241127,-0.14965149760246277
239,-0.3611360192298889,-0.25134673714637756
240,1.0838512182235718,0.07609444856643677
241,-0.6222856044769287,-0.1702159345149994
242,0.24832786619663239,-0.21644651889801025
243,0.10164810717105865,-0.20004338026046753
244,0.23697267472743988,-0.26657092571258545
245,1.2077237367630005,0.15119141340255737
246,3.0800678730010986,2.006044387817383
247,-6.037504196166992,4.801541805267334
248,-2.211195707321167,1.6882113218307495
249,1.6563717126846313,0.42018890380859375
250,-2.4947168827056885,1.5488966703414917
251,-0.30092209577560425,0.39579546451568604
252,0.9114884734153748,-0.028632283210754395
253,0.4693487286567688,-0.12991487979888916
254,-3.2763829231262207,2.2665467262268066
255,-1.5426572561264038,0.8304213285446167
256,-3.0407142639160156,2.0501785278320312
257,0.825244128704071,0.6733574867248535
258,0.5329420566558838,0.8639098405838013
259,0.8197175860404968,0.5905269384384155
260,0.16897587478160858,0.262545108795166
261,-1.242327332496643,0.5062764883041382
262,1.346950888633728,0.6360360383987427
263,0.8052488565444946,0.6217989921569824
264,1.3535091876983643,0.4028376340866089
265,0.4758021831512451,-0.09065073728561401
266,0.5606430768966675,0.060218989849090576
267,0.2669668197631836,0.34779590368270874
268,0.48553526401519775,0.15238940715789795
269,0.34351927042007446,0.48357439041137695
270,-0.019882291555404663,0.03302866220474243
271,-0.34866172075271606,0.0714532732963562
272,0.964577853679657,0.3922288417816162
273,0.4891555905342102,-0.023280620574951172
274,-1.0257841348648071,0.20026403665542603
275,0.47991806268692017,-0.016146063804626465
276,-0.9002490639686584,0.08431768417358398
277,0.7056312561035156,-0.14544960856437683
278,0.09603239595890045,-0.16943243145942688
279,-0.3344878852367401,-0.21985891461372375
280,1.439929485321045,0.29196494817733765
281,-0.36673516035079956,-0.2769167125225067
282,0.42166298627853394,0.048818349838256836
283,-0.27796471118927,-0.1227155327796936
284,0.12893050909042358,-0.160619854927063
285,-0.7895299196243286,-0.01764005422592163
286,0.09446145594120026,-0.11189359426498413
287,-0.23134073615074158,-0.015098273754119873
288,-0.777232825756073,0.11796915531158447
289,-0.6392228603363037,0.34942471981048584
290,0.028603672981262207,0.10633265972137451
291,1.022843837738037,0.38814055919647217
292,-1.064566731452942,0.2804739475250244
293,0.8181025385856628,0.1064920425415039
294,0.6821426749229431,0.28150475025177
295,-0.5764007568359375,0.18163537979125977
296,0.5001605153083801,0.2588607668876648
297,0.15583379566669464,0.4315626621246338
298,-0.2868238389492035,0.10914558172225952
299,-0.007906205952167511,-0.08522927761077881
300,0.7029675841331482,-0.15976321697235107
301,-0.9614967703819275,0.1412416696548462
302,0.21473269164562225,0.01213604211807251
303,-1.1702944040298462,0.3329395055770874
304,-0.05983196943998337,0.7563070058822632
305,-0.9229860305786133,0.10232555866241455
306,0.9726503491401672,0.213281512260437
307,-0.8323066830635071,0.022630929946899414
308,0.4959089756011963,-0.13906598091125488
309,-0.37855881452560425,-0.10851180553436279
310,0.06644897162914276,0.04234272241592407
311,-1.399005651473999,0.5429199934005737
312,-1.8027195930480957,0.9135698080062866
313,-1.7391676902770996,1.569268822669983
314,0.21063829958438873,0.4389714002609253
315,0.8724836111068726,0.2074376344680786
316,1.5995042324066162,0.8278708457946777
317,0.45126211643218994,0.2450028657913208
318,-2.1921489238739014,1.271107792854309
319,1.676040768623352,0.4351048469543457
320,-1.4475070238113403,0.587449312210083
321,-1.3658710718154907,0.6939510107040405
322,1.4859554767608643,0.31748872995376587
323,0.9076520800590515,0.08718222379684448
324,1.3128857612609863,0.21489983797073364
325,0.029629498720169067,0.07297760248184204
326,0.6057853102684021,0.15882933139801025
327,0.6774294972419739,-0.10288304090499878
328,-0.8359965682029724,0.02601611614227295
329,-0.6752064228057861,-0.0849413275718689
330,0.5752943754196167,-0.2034640610218048
331,-0.06759636849164963,-0.16443049907684326
332,1.1685181856155396,0.12742328643798828
333,-0.6728911995887756,-0.12378805875778198
334,-0.6204901933670044,-0.051403701305389404
335,0.6722406148910522,-0.004511713981628418
336,1.7410892248153687,0.4745413064956665
337,-0.15031707286834717,0.2852746844291687
338,0.7830088138580322,-0.11332309246063232
339,-0.8780229091644287,0.06460398435592651
340,0.864680826663971,-0.056828081607818604
341,-0.5696493983268738,-0.1851358413696289
342,0.40337151288986206,-0.08415871858596802
343,-0.7352058291435242,-0.06651854515075684
344,0.8376853466033936,-0.07316964864730835
345,0.9919968247413635,0.020296335220336914
346,0.2729668617248535,-0.09119546413421631
347,0.3041920065879822,-0.27182066440582275
348,0.20260579884052277,-0.27254894375801086
349,0.9530491232872009,-0.00320357084274292
350,-0.19781051576137543,-0.14767047762870789
351,-0.027542784810066223,-0.23547759652137756
352,0.22449366748332977,-0.23894447088241577
353,0.10906389355659485,-0.2853049039840698
354,-0.7255010008811951,-0.0754510760307312
355,0.6421129107475281,-0.19178766012191772
356,0.4251975417137146,-0.2594228684902191
357,0.9979121088981628,0.02378600835800171
358,-0.5351006984710693,0.033269643783569336
359,0.9617508053779602,0.002055525779724121
360,-0.28278133273124695,-0.13810694217681885
361,-0.8621487021446228,0.050029873847961426
362,0.6175709962844849,-0.21371668577194214
363,-0.21832716464996338,-0.24773386120796204
364,-0.5436233878135681,-0.20620527863502502
365,-0.9947975873947144,0.17181527614593506
366,1.5477654933929443,0.35733985900878906
367,-0.45392167568206787,-0.1526787281036377
368,0.29610395431518555,-0.2844982147216797
369,-0.10283957421779633,-0.18538329005241394
370,-0.26089632511138916,-0.2151159644126892
371,0.4888267517089844,-0.26190629601478577
372,-0.3870019316673279,-0.26419171690940857
373,0.4616304636001587,-0.2855342626571655
374,-0.5145593881607056,-0.24297869205474854
375,0.4913329482078552,-0.28936487436294556
376,-0.36548757553100586,-0.172338604927063
377,-0.08985336124897003,-0.28684523701667786
378,0.6008539199829102,-0.20668628811836243
379,0.91828852891922,-0.024277210235595703
380,0.7902851104736328,-0.10238707065582275
381,0.1607823520898819,0.10514140129089355
382,0.24774084985256195,0.11922764778137207
383,0.1162739247083664,-0.1310911774635315
384,-0.6112455129623413,-0.1804300844669342
385,-0.31207650899887085,-0.2167338728904724
386,1.7411695718765259,0.4745900630950928
387,0.42130059003829956,0.06407839059829712
388,0.4750151038169861,-0.04348123073577881
389,0.9540067315101624,0.13274627923965454
390,0.8015641570091248,0.26495689153671265
391,0.1909664124250412,0.04409492015838623
392,0.53379225730896,-0.08974820375442505
393,-0.31525224447250366,0.033795714378356934
394,0.049544647336006165,-0.05742144584655762
395,-0.15613432228565216,-0.1495760977268219
396,0.6887218952178955,-0.07135200500488281
397,0.1239016056060791,-0.1453118920326233
398,-1.7882163524627686,0.9002556800842285
399,-2.1763179302215576,1.2565733194351196
400,-0.675167441368103,0.310275673866272
401,-1.010286569595337,0.5713827610015869
402,-1.0756431818008423,0.24720394611358643
403,-1.5763342380523682,0.7057260274887085
404,0.5055310130119324,0.2919771671295166
405,2.148392915725708,0.7214667797088623
406,-0.47692567110061646,0.07794469594955444
407,0.08708198368549347,-4.9054622650146484e-05
408,1.607251524925232,1.3638287782669067
409,0.7457281351089478,0.04422956705093384
410,0.08993200957775116,0.307944655418396
411,-0.9990177154541016,0.17568975687026978
412,-0.8106266260147095,0.1776113510131836
413,3.302058458328247,1.4208699464797974
414,-0.9252771139144897,0.3678443431854248
415,-0.18550029397010803,0.20749825239181519
416,-0.9393011927604675,0.12918508052825928
417,1.5275899171829224,0.462666392326355
418,3.515286684036255,1.5501383543014526
419,-0.8338140249252319,1.0338466167449951
420,-1.8142900466918945,0.9241542816162109
421,-0.03846404701471329,0.40969133377075195
422,1.6778919696807861,0.7010040283203125
423,-1.2304006814956665,0.38812315464019775
424,0.2903117537498474,0.025571763515472412
425,1.6431982517242432,0.4494210481643677
426,-1.0448309183120728,0.21741622686386108
427,1.2608487606048584,0.18288075923919678
428,1.985181212425232,0.6664727926254272
429,1.3944486379623413,0.4160425662994385
430,-1.055423378944397,0.22747600078582764
431,-0.07281884551048279,-0.03937673568725586
432,-0.26362115144729614,-0.022960543632507324
433,-0.08598805963993073,-0.1416972279548645
434,1.031535029411316,0.04437744617462158
435,-0.3479836881160736,-0.16403403878211975
436,0.17083825170993805,-0.13570815324783325
437,-0.447467565536499,-0.18969237804412842
438,-0.25783729553222656,-0.1773655116558075
439,-0.09137255698442459,-0.193416565656662
440,1.0158205032348633,0.03484374284744263
441,0.30862587690353394,-0.19704830646514893
442,0.5173987150192261,-0.2038218379020691
443,-0.24205952882766724,-0.231565922498703
444,0.8043884634971619,-0.09351527690887451
445,-0.6043285131454468,-0.18740269541740417
446,0.16000379621982574,-0.2785179913043976
447,0.22176910936832428,-0.29229825735092163
448,-0.26150912046432495,-0.3143664598464966
449,-0.09380106627941132,-0.32094696164131165
450,-0.671441912651062,-0.12506312131881714
451,-0.2911566495895386,-0.1487502157688141
452,0.25847411155700684,-0.2486923635005951
453,0.4989003539085388,-0.28483879566192627
454,-0.4959679841995239,-0.25784632563591003
455,0.03921571373939514,-0.2818414866924286
456,-0.6263532638549805,-0.1666559875011444
457,0.9629479050636292,0.0027974843978881836
458,0.4566851258277893,-0.18006181716918945
459,0.6369075775146484,-0.19602558016777039
460,-0.323688805103302,-0.33076974749565125
461,-0.37706685066223145,-0.33712902665138245
462,-0.3822938799858093,-0.27214351296424866
463,-0.34793731570243835,-0.24861040711402893
464,0.8119649887084961,-0.0887444019317627
465,-0.42787808179855347,-0.33904600143432617
466,-0.39808303117752075,-0.3124339282512665
467,-0.34594637155532837,-0.29956158995628357
468,0.19503392279148102,-0.32871973514556885
469,-0.19452384114265442,-0.3043219745159149
470,0.6176512241363525,-0.20923030376434326
471,0.19520510733127594,-0.35786521434783936
472,-0.49341243505477905,-0.2710629999637604
473,-0.2700943648815155,-0.25250616669654846
474,0.3928850293159485,-0.3165612518787384
475,0.49933940172195435,-0.2795402407646179
476,-0.4280829429626465,-0.3405100107192993
477,-0.17493170499801636,-0.34150388836860657
478,0.2029442936182022,-0.36129650473594666
479,-0.06311407685279846,-0.3388500213623047
480,-0.7014879584312439,-0.09747481346130371
481,0.48793530464172363,-0.27148258686065674
482,-0.206437349319458,-0.24585047364234924
483,0.6770631074905396,-0.17054229974746704
484,-0.011795252561569214,-0.2896486520767212
485,0.2537279725074768,-0.2784416675567627
486,-0.0655154436826706,-0.3276166319847107
487,-0.25328290462493896,-0.29303255677223206
488,0.570987343788147,-0.2355189025402069
489,-0.01337568461894989,-0.3154468238353729
490,0.761814296245575,-0.11915111541748047
491,-0.028221406042575836,-0.24746212363243103
492,0.2421756535768509,-0.2956196069717407
493,0.3245735764503479,-0.3229998052120209
494,0.32676923274993896,-0.325540155172348
495,-0.27997931838035583,-0.3080025017261505
496,-0.510464072227478,-0.26724180579185486
497,0.1577720195055008,-0.35200074315071106
498,-0.5448077917098999,-0.1407097578048706
499,0.5312792658805847,-0.231545090675354
500,-0.23408354818820953,-0.24102067947387695
501,0.1112947165966034,-0.3204134404659271
502,0.025472775101661682,-0.2916509509086609
503,-0.10628436505794525,-0.24347084760665894
504,-0.9338383674621582,0.11584645509719849
505,0.3396923542022705,-0.07819545269012451
506,-0.6875233054161072,-0.11030471324920654
507,-0.8453345894813538,0.042417824268341064
508,-0.6545164585113525,-0.1374378204345703
509,0.139003723859787,-0.09113198518753052
510,0.38838332891464233,-0.09225869178771973
511,0.43537527322769165,-0.03282088041305542
512,0.18101640045642853,-0.155166894197464
513,-0.13770589232444763,-0.25300371646881104
514,-0.6408280730247498,-0.15322443842887878
515,-0.10430635511875153,-0.24586227536201477
516,-0.7928534150123596,-0.013594508171081543
517,0.812515914440155,-0.08843863010406494
518,0.5282125473022461,-0.25789275765419006
519,-0.025344178080558777,-0.279501736164093
520,0.4989165663719177,-0.26256901025772095
521,-0.15201686322689056,-0.3055800795555115
522,0.08310478925704956,-0.3260255753993988
523,0.638705849647522,-0.19386938214302063
524,0.18627865612506866,-0.31468233466148376
525,-0.32955318689346313,-0.35203033685684204
526,0.7234858274459839,-0.14237534999847412
527,-0.259723424911499,-0.271840900182724
528,0.25492429733276367,-0.3572480380535126
529,0.3018779158592224,-0.3796517252922058
530,0.0189492329955101,-0.2765011787414551
531,-0.2611061930656433,-0.3134053349494934
532,-0.2954539656639099,-0.3172367811203003
533,-0.3465045690536499,-0.299934446811676
534,0.5165925025939941,-0.2707328498363495
535,0.4070460796356201,-0.3412228524684906
536,0.03847965598106384,-0.220225989818573
537,0.10710766911506653,-0.2543469965457916
538,0.32002151012420654,-0.26599353551864624
539,0.3204268217086792,-0.35008591413497925
540,-0.49103301763534546,-0.2918022572994232
541,-0.37396734952926636,-0.3492145538330078
542,0.5323650240898132,-0.2590891718864441
543,-0.1508699655532837,-0.355438232421875
544,0.49690693616867065,-0.2581549882888794
545,0.42238038778305054,-0.30595406889915466
546,0.1947682648897171,-0.27079135179519653
547,0.02605271339416504,-0.3305070102214813
548,0.4646655321121216,-0.30618637800216675
549,0.7014397978782654,-0.1588863730430603
550,-0.381009578704834,-0.24797168374061584
551,0.457180380821228,-0.3049558699131012
552,0.2340686172246933,-0.2864072620868683
553,-0.1519189178943634,-0.26512935757637024
554,0.05270048975944519,-0.3046218752861023
555,0.4959867596626282,-0.28738799691200256
556,-0.6026964783668518,-0.18844178318977356
557,-0.15294186770915985,-0.2990630269050598
558,-0.2623070180416107,-0.2619563043117523
559,-0.10842284560203552,-0.23985576629638672
560,0.005009688436985016,-0.3428412675857544
561,-0.28302425146102905,-0.344226211309433
562,0.18086190521717072,-0.25434979796409607
563,-0.3214293420314789,-0.26575955748558044
564,0.1553480178117752,-0.2619556188583374
565,0.4779084324836731,-0.2946183383464813
566,-0.3382652997970581,-0.23563149571418762
567,0.3538225293159485,-0.21780750155448914
568,0.15052850544452667,-0.32312843203544617
569,0.3844558596611023,-0.33577537536621094
570,-0.15060210227966309,-0.25911277532577515
571,0.4741809368133545,-0.29843080043792725
572,-0.24829234182834625,-0.3048888146877289
573,0.4435795545578003,-0.3142969310283661
574,-0.26401209831237793,-0.31968727707862854
575,0.09368294477462769,-0.3179057538509369
576,-0.6003851294517517,-0.1906091570854187
577,-0.5677170157432556,-0.21287956833839417
578,0.18037699162960052,-0.17691153287887573
579,-0.42795461416244507,-0.20744162797927856
580,-0.0745759978890419,-0.12618589401245117
581,-0.07389051467180252,-0.1381102204322815
582,-0.6354993581771851,-0.16400232911109924
583,-0.21859261393547058,-0.10859024524688721
584,0.8361436128616333,-0.0740896463394165
585,0.4017024040222168,-0.3392197787761688
586,-0.35844331979751587,-0.33374279737472534
587,0.6743603944778442,-0.1721825897693634
588,-0.1234200969338417,-0.2666531801223755
589,-0.11063171923160553,-0.35236334800720215
590,-0.3942195773124695,-0.31549158692359924
591,-0.3102845549583435,-0.2198953926563263
592,-0.037142567336559296,-0.2927495837211609
593,0.5187687873840332,-0.2692003548145294
594,-0.6134474277496338,-0.17996817827224731
595,0.35028254985809326,-0.23656028509140015
596,0.21419687569141388,-0.22294121980667114
597,0.34159189462661743,-0.29489266872406006
598,-0.0837148129940033,-0.29374533891677856
599,-0.05516992509365082,-0.25566354393959045
600,-0.706770658493042,-0.09856128692626953
601,-0.6463800072669983,-0.08451974391937256
602,0.06890466809272766,-0.029156208038330078
603,-1.2918164730072021,0.4443035125732422
604,-0.7327911853790283,0.10245132446289062
605,-0.9181280732154846,0.5535644292831421
606,1.7014119625091553,0.45048725605010986
607,-1.0186047554016113,0.19367271661758423
608,0.9955721497535706,0.022547245025634766
609,0.904230535030365,-0.03478109836578369
610,-0.723701000213623,0.041125714778900146
611,-0.6304075121879578,-0.16799628734588623
612,0.8711209893226624,-0.05287975072860718
613,-0.3850820064544678,-0.20104962587356567
614,-0.6066159605979919,-0.11438679695129395
615,0.2320265918970108,-0.10174977779388428
616,-0.8839249014854431,0.07002264261245728
617,-0.6943991184234619,0.2809988260269165
618,-0.9818236827850342,0.19192665815353394
619,-0.6776767373085022,0.44737958908081055
620,-2.151432514190674,1.2336885929107666
621,-1.1063426733016968,0.8571203947067261
622,-1.5665218830108643,0.8679677248001099
623,-3.485581159591675,2.4586124420166016
624,-1.2227925062179565,0.9908989667892456
625,-0.5049731731414795,1.488845944404602
626,0.5520755648612976,1.2066898345947266
627,0.4416535496711731,0.703505277633667
628,0.039136722683906555,0.3292396664619446
629,0.7401721477508545,0.3236343264579773
630,-0.6381233334541321,0.25237059593200684
631,-0.30634570121765137,-0.04360616207122803
632,-0.8511072397232056,2.168942928314209
633,-1.792380928993225,0.9040793180465698
634,2.0996713638305664,0.6919293403625488
635,-0.004101872444152832,0.1923898458480835
636,-0.2553762197494507,0.07661890983581543
637,-0.6909932494163513,-0.10833573341369629
638,0.969866931438446,1.422681450843811
639,-0.20154964923858643,0.4965527057647705
640,-2.0336496829986572,1.1255890130996704
641,-0.3524478077888489,0.6183310747146606
642,-1.1304116249084473,1.1023024320602417
643,-2.1479811668395996,1.2753456830978394
644,3.574120283126831,1.5858060121536255
645,0.15783776342868805,0.41961121559143066
646,-2.3379733562469482,1.4049898386001587
647,2.47068452835083,0.9168542623519897
648,-1.518562912940979,0.6526859998703003
649,1.1375349760055542,0.38734281063079834
650,2.3071587085723877,0.8177177906036377
651,1.3882759809494019,0.9990655183792114
652,-1.4578919410705566,0.596983790397644
653,1.5319839715957642,0.34777235984802246
654,-0.6027246117591858,0.04583364725112915
655,-1.5996731519699097,0.7271535396575928
656,-0.8211193084716797,0.12839233875274658
657,-0.09197396785020828,0.06659036874771118
658,-1.3802584409713745,0.5257081985473633
659,0.587357759475708,0.6306487321853638
660,-4.66528844833374,3.54170560836792
661,2.343153238296509,0.8327239751815796
662,-0.6579180359840393,0.5677316188812256
663,1.0135223865509033,0.40482187271118164
664,-1.9407767057418823,1.040321946144104
665,1.0271315574645996,0.5668861865997314
666,0.3997385501861572,0.5269196033477783
667,0.06904813647270203,0.446897029876709
668,-1.6322249174118042,0.7569667100906372
669,-0.4175037145614624,0.5342928171157837
670,-0.44887781143188477,0.3493942618370056
671,-5.167150020599365,4.002466678619385
672,-3.8649630546569824,3.6066555976867676
673,-2.6888322830200195,6.79128885269165
674,2.8184244632720947,2.464733600616455
675,-0.024546295404434204,1.3096797466278076
676,1.2573158740997314,0.9365413188934326
677,-1.8319014310836792,0.9403109550476074
678,1.5782753229141235,1.1900690793991089
679,4.625242710113525,2.2230429649353027
680,2.5581302642822266,2.6680383682250977
681,-1.8171967267990112,1.0367194414138794
682,-0.9721330404281616,0.44255566596984863
683,0.9026133418083191,0.5133384466171265
684,1.8142417669296265,0.5188553333282471
685,-1.6478090286254883,0.7713472843170166
686,2.73291015625,1.0758270025253296
687,0.9513130784034729,1.0532346963882446
688,0.2269265204668045,0.6605935096740723
689,-1.547011137008667,0.6788043975830078
690,0.8375188708305359,0.18517887592315674
691,-0.4737035036087036,0.24755436182022095
692,-1.7238858938217163,0.8411937952041626
693,0.6233518719673157,0.0387762188911438
694,0.3426585793495178,0.242684006690979
695,3.2816710472106934,1.4085103273391724
696,-2.1105356216430664,1.1961783170700073
697,2.4396941661834717,0.8956997394561768
698,-0.6625160574913025,0.8795273303985596
699,-1.375411868095398,0.6304460763931274
700,-2.7898573875427246,1.8198660612106323
701,10.511258125305176,5.791406631469727
702,5.439790725708008,4.964405059814453
703,-6.325071811676025,9.294678688049316
704,1.4503949880599976,4.120848178863525
705,1.9468132257461548,1.8959487676620483
706,-3.3423378467559814,2.3271002769470215
707,-0.43543416261672974,2.4371609687805176
708,3.4440884590148926,1.5069748163223267
709,-1.3856101036071777,0.5306215286254883
710,-0.8564252257347107,0.27121686935424805
711,-0.18347278237342834,0.5375663042068481
712,-1.306361198425293,0.4578523635864258
713,-1.610138177871704,0.7367615699768066
714,3.4860260486602783,1.532399296760559
715,1.4922480583190918,0.32016605138778687
716,1.8172664642333984,0.5207191705703735
717,-0.0003631412982940674,0.5923478603363037
718,-1.0879302024841309,0.2572600245475769
719,-0.6722702383995056,0.2928553819656372
720,1.2754137516021729,0.19179069995880127
721,-1.3055698871612549,0.45713627338409424
722,-0.5216003656387329,0.14612114429473877
723,-0.1304846704006195,0.1182783842086792
724,0.2771145701408386,0.019849956035614014
725,-0.2206767350435257,0.04302722215652466
726,0.8722182512283325,-0.052339792251586914
727,1.6010518074035645,0.3896443843841553
728,1.6071665287017822,0.3933514356613159
729,-0.8557635545730591,0.044146597385406494
730,0.19255800545215607,0.0006711483001708984
731,-0.8282214403152466,0.01887190341949463
732,0.07272092998027802,-0.2210489809513092
733,1.1330100297927856,0.10551345348358154
734,1.2672531604766846,0.1872808337211609
735,1.002736210823059,0.023906469345092773
736,0.07797099649906158,-0.04202568531036377
737,-0.3830111026763916,0.002233564853668213
738,-0.8013402223587036,0.011208653450012207
739,-0.33736348152160645,0.02359950542449951
740,-1.149401307106018,0.3137574791908264
741,-0.05619847774505615,-0.11412745714187622
742,1.2698029279708862,0.1888253092765808
743,-0.7619739174842834,-0.04218006134033203
744,-0.1752898395061493,-0.05233985185623169
745,-0.985950767993927,0.16369301080703735
746,1.0106773376464844,0.03160172700881958
747,1.9797674417495728,0.6192386150360107
748,2.3817481994628906,0.8629370927810669
749,0.5434717535972595,0.21203017234802246
750,1.1939785480499268,0.20372122526168823
751,-0.6535431146621704,0.08496701717376709
752,-0.7262692451477051,0.14114606380462646
753,-0.6983488202095032,0.025695621967315674
754,0.2217615693807602,-0.17996636033058167
755,0.6097885370254517,0.03004920482635498
756,-1.0031002759933472,0.17943793535232544
757,0.3594493269920349,-0.13345378637313843
758,0.7389203906059265,-0.1341034173965454
759,0.8701363801956177,-0.0537031888961792
760,-0.2294229120016098,-0.027308523654937744
761,0.42369240522384644,-0.09777528047561646
762,-1.200180172920227,0.3603776693344116
763,-0.9116010069847107,0.09542900323867798
764,0.5447790622711182,-0.2165258228778839
765,0.5343109965324402,-0.16614893078804016
766,-1.3151477575302124,0.4659297466278076
767,-0.23358222842216492,-0.07221215963363647
768,0.3325212597846985,-0.030767321586608887
769,-0.7175467014312744,-0.0868535041809082
770,0.06293246150016785,-0.07216310501098633
771,0.727129340171814,-0.09933501482009888
772,-0.13369779288768768,-0.06738770008087158
773,0.45691978931427,-0.026638269424438477
774,-1.1884398460388184,0.34959888458251953
775,-0.2829973101615906,0.061100900173187256
776,1.1705809831619263,0.1286686658859253
777,0.05507959425449371,-0.19066613912582397
778,0.155770406126976,-0.0018566250801086426
779,-0.8071062564849854,-0.0006544589996337891
780,1.2753441333770752,0.19218599796295166
781,-0.826659619808197,0.017445921897888184
782,0.22553567588329315,-0.20798629522323608
783,0.48941725492477417,-0.2571108043193817
784,0.6076691746711731,-0.11451506614685059
785,-0.3238072395324707,-0.21938163042068481
786,0.836344838142395,-0.058655500411987305
787,1.2050968408584595,0.14959895610809326
788,1.5137637853622437,0.4098043441772461
789,1.8615936040878296,0.5467953681945801
790,-0.2912002205848694,0.6359285116195679
791,-0.6910938024520874,0.5339862108230591
792,-1.1036291122436523,0.30760467052459717
793,0.7582180500030518,0.4819084405899048
794,0.815544843673706,0.9797629117965698
795,1.1287598609924316,0.3257595896720886
796,-1.5041437149047852,1.01633620262146
797,0.38327401876449585,0.4073282480239868
798,0.6342383027076721,0.42848992347717285
799,-1.4882172346115112,0.6248254776000977
800,-1.41864812374115,0.5609538555145264
801,-1.84818696975708,0.9553149938583374
802,-0.24317429959774017,0.42590880393981934
803,-0.2089492678642273,0.4700758457183838
804,1.229597568511963,0.16183388233184814
805,-0.5805301666259766,-0.0139085054397583
806,-1.0088931322097778,0.18465977907180786
807,-0.22490274906158447,0.43290698528289795
808,-2.2553908824920654,1.32917058467865
809,-0.893528938293457,0.816778302192688
810,-1.698000431060791,0.811477541923523
811,-1.8174415826797485,0.927086353302002
812,3.037782907485962,1.260654330253601
813,0.5903651714324951,0.3909733295440674
814,-0.9479917883872986,0.20128977298736572
815,1.2854700088500977,0.19683557748794556
816,-0.15417879819869995,0.7604086399078369
817,-0.545053243637085,0.19146448373794556
818,-1.50053870677948,0.636137843132019
819,0.5645052790641785,0.39619743824005127
820,-1.7932270765304565,0.9048560857772827
821,0.985937774181366,0.6954447031021118
822,0.48042649030685425,0.03323274850845337
823,-0.5831562280654907,-0.09272360801696777
824,2.0408923625946045,0.6562952995300293
825,-0.24604007601737976,-0.05222994089126587
826,-0.7434524297714233,-0.06328511238098145
827,-0.8553040027618408,0.10837864875793457
828,1.2028312683105469,0.14822548627853394
829,0.3226688504219055,-0.3033920228481293
830,-1.0364586114883423,0.2100643515586853
831,-0.3220669627189636,0.05575597286224365
832,-0.8059520721435547,0.11311733722686768
833,0.9507225155830383,-0.004650235176086426
834,-1.0575919151306152,0.22946697473526
835,-0.3505767285823822,0.05956137180328369
836,0.23439930379390717,-0.1780821681022644
837,0.3355754613876343,-0.05938142538070679
838,1.0153446197509766,0.396134614944458
839,0.03182126581668854,0.2677881717681885
840,-0.8232197165489197,0.19324487447738647
841,-0.6046297550201416,0.08316969871520996
842,-3.4491465091705322,2.425161838531494
843,-3.054697036743164,2.062941074371338
844,3.967975616455078,1.8245784044265747
845,2.4653546810150146,0.9136230945587158
846,1.2316161394119263,0.44036197662353516
847,-1.2570252418518066,0.4125673770904541
848,-0.8650033473968506,0.04701268672943115
849,-0.08685427904129028,0.1383337378501892
850,0.3061646819114685,0.027503669261932373
851,-1.0969467163085938,0.26559871435165405
852,-0.40447455644607544,0.15565383434295654
853,-0.3035750985145569,0.21540552377700806
854,2.6381213665008545,1.0183613300323486
855,-0.482807993888855,0.24344664812088013
856,2.9738574028015137,1.2218999862670898
857,-0.730597972869873,0.517916202545166
858,0.6160845160484314,0.024808943271636963
859,1.0848166942596436,0.07490915060043335
860,-0.33216339349746704,0.036212027072906494
861,0.4834388494491577,-0.12125921249389648
862,2.174933433532715,0.7375568151473999
863,-1.2574462890625,0.41295385360717773
864,0.9924805760383606,0.014887690544128418
865,-0.9210454821586609,0.10409992933273315
866,3.306687831878662,1.4236754179000854
867,0.30058562755584717,0.1561635136604309
868,0.9343696236610413,0.21516984701156616
869,-0.7542441487312317,-0.04938936233520508
870,-0.9703302383422852,0.14833587408065796
871,0.3067207932472229,-0.03980356454849243
872,-0.3610576391220093,0.026182889938354492
873,0.6444247961044312,-0.02577441930770874
874,0.1708221286535263,-0.173211932182312
875,-0.7051336765289307,-0.09976953268051147
876,0.5156909227371216,-0.0950968861579895
877,0.14145852625370026,-0.028989732265472412
878,0.3375738859176636,0.04643261432647705
879,-0.7309620380401611,-0.07041311264038086
880,-0.4444059133529663,-0.045507848262786865
881,1.019932746887207,0.10821533203125
882,-2.9641475677490234,1.9752792119979858
883,-0.18671122193336487,0.25222957134246826
884,-2.1254897117614746,1.2099077701568604
885,0.9591415524482727,0.6558408737182617
886,1.182090401649475,0.13177132606506348
887,-1.1667011976242065,0.3296397924423218
888,1.0650252103805542,0.08803713321685791
889,1.3899648189544678,0.3903775215148926
890,0.5797896981239319,0.3752366304397583
891,-0.6852070093154907,-0.0029875636100769043
892,2.758375644683838,1.468758463859558
893,0.993782103061676,0.5283775329589844
894,-1.226884365081787,0.7050135135650635
895,1.436586856842041,0.29251301288604736
896,-0.4528178572654724,0.4528309106826782
897,-1.659196138381958,0.7818018198013306
898,1.688008427619934,0.44236135482788086
899,0.24748973548412323,0.046538472175598145
900,-0.959209144115448,0.13914132118225098
901,0.6332826614379883,0.017293870449066162
902,1.710565209388733,0.4560363292694092
903,-0.6765530705451965,-0.00936424732208252
904,1.243849754333496,0.17188560962677002
905,1.6899094581604004,0.47740256786346436
906,0.5335742235183716,0.8565893173217773
907,10.114803314208984,8.724960327148438
908,1.7793629169464111,5.661724090576172
909,5.730355739593506,3.0131025314331055
910,0.025800377130508423,2.512960433959961
911,0.21486781537532806,2.572539806365967
912,-1.8586455583572388,1.5002981424331665
913,-1.2885979413986206,1.1147418022155762
914,2.117647171020508,0.7228889465332031
915,0.41722506284713745,0.45160460472106934
916,-0.3832848072052002,0.15012478828430176
917,0.05332659184932709,0.40874814987182617
918,0.0596412718296051,0.3485540747642517
919,-0.33173608779907227,0.18769609928131104
920,1.8257781267166138,0.5219136476516724
921,1.6549718379974365,0.4153026342391968
922,0.9566732048988342,0.5354187488555908
923,-0.6075544357299805,0.4460783004760742
924,-1.2173458337783813,0.37320148944854736
925,1.248105525970459,0.17360299825668335
926,-0.40088921785354614,0.18842989206314087
927,0.555866003036499,-0.00010687112808227539
928,-1.0495175123214722,0.2220534086227417
929,0.11895270645618439,-0.0486065149307251
930,-0.6924247741699219,0.14045894145965576
931,-0.2550837993621826,0.17416948080062866
932,-0.020701587200164795,-0.042499840259552
933,-0.42930078506469727,-0.02478998899459839
934,-0.9788392782211304,0.2122395634651184
935,-0.5285624861717224,0.03585606813430786
936,-1.4404776096343994,0.5809956789016724
937,1.2696259021759033,0.18871772289276123
938,0.13428422808647156,0.15334981679916382
939,-0.7229846119880676,-0.06185173988342285
940,-0.18093052506446838,0.03796684741973877
941,0.09361916780471802,-0.06529831886291504
942,0.9312734007835388,-0.016947388648986816
943,-0.14127522706985474,0.09090405702590942
944,-0.46835392713546753,-0.16928231716156006
945,-0.5362708568572998,0.026005268096923828
946,-1.722265601158142,0.8397061824798584
947,-0.6764352917671204,0.3385818600654602
948,0.8051424622535706,-0.004527270793914795
949,0.5211474299430847,-0.18900781869888306
950,-0.2554333806037903,0.03876000642776489
951,-0.6033163070678711,0.024316787719726562
952,0.9641830325126648,0.01534348726272583
953,0.9164676070213318,-0.026339471340179443
954,0.6448161602020264,-0.05366331338882446
955,0.8761420249938965,-0.05663496255874634
956,0.07865394651889801,-0.04375910758972168
957,-0.12489915639162064,-0.10376262664794922
958,0.772298276424408,-0.04618489742279053
959,-0.3906962275505066,0.1355956792831421
960,-0.8092997074127197,0.13774603605270386
961,0.7737555503845215,0.2920549511909485
962,0.15124373137950897,-0.014608621597290039
963,-0.6706347465515137,-0.13090026378631592
964,-1.4479656219482422,0.5855623483657837
965,0.3441101312637329,-0.08341920375823975
966,0.4720223546028137,0.188554584980011
967,-0.13023459911346436,0.06954306364059448
968,-0.5238502621650696,0.0925363302230835
969,-0.1279810667037964,-0.10518652200698853
970,-0.01909743994474411,-0.12433183193206787
971,0.7919154167175293,0.029100120067596436
972,-0.13395187258720398,0.003091871738433838
973,0.8604078888893127,-0.06598365306854248
974,-0.14615172147750854,0.028386235237121582
975,-1.053144931793213,0.6535418033599854
976,-0.7082728147506714,0.3854752779006958
977,0.9526484608650208,0.3812997341156006
978,-1.2390247583389282,0.3960392475128174
979,0.26049596071243286,0.029227137565612793
980,0.8903324604034424,0.3970597982406616
981,0.30475473403930664,-0.021339774131774902
982,-0.32169610261917114,0.9589575529098511
983,2.1411783695220947,0.7170579433441162
984,-1.0045238733291626,1.588840365409851
985,-0.9438177347183228,0.3606548309326172
986,-0.3519366383552551,0.13541531562805176
987,1.0842143297195435,0.0703895092010498
988,-2.614095687866211,1.6584984064102173
989,0.6613169312477112,0.23951953649520874
990,0.5061520934104919,0.3498585820198059
991,1.1706032752990723,0.12264782190322876
992,1.2512260675430298,0.1895391345024109
993,-1.1295021772384644,0.2954879403114319
994,-1.4056017398834229,0.548975944519043
995,-2.0746822357177734,1.1632611751556396
996,-2.7364232540130615,1.7708078622817993
997,-1.0140928030014038,0.9582364559173584
998,0.9630219340324402,0.6848390102386475
999,-1.1051465272903442,0.62726891040802
1000,1.5850658416748047,0.37588465213775635
1001,0.972288191318512,0.1739192008972168
1002,-1.559523582458496,0.6902921199798584
1003,1.2604925632476807,0.17998123168945312
1004,0.4648326635360718,0.06465315818786621
1005,0.11549897491931915,0.007014274597167969
1006,-0.008931532502174377,0.009763062000274658
1007,1.5055359601974487,0.3317384719848633
1008,0.3919975757598877,-0.01132965087890625
1009,-0.3331673741340637,-0.11919963359832764
1010,0.1468842476606369,-0.1430864930152893
1011,-0.7623291611671448,-0.04756683111190796
1012,0.15081383287906647,-0.17528334259986877
1013,1.0849170684814453,0.07584524154663086
1014,1.0423542261123657,0.050920307636260986
1015,-0.6861937642097473,-0.11156469583511353
1016,1.0449769496917725,0.052527010440826416
1017,0.35373884439468384,-0.15611383318901062
1018,-0.1375894844532013,-0.191142737865448
1019,-0.4249764084815979,-0.16527941823005676
1020,0.3364101052284241,-0.18173357844352722
1021,-0.42966169118881226,-0.2847698926925659
1022,0.4565088152885437,-0.13453471660614014
1023,0.1977662891149521,-0.1811811625957489
1024,0.8398239612579346,-0.07377356290817261
1025,-0.5647256970405579,-0.22310861945152283
1026,-0.48490428924560547,-0.27501437067985535
1027,-0.1253006011247635,-0.20785284042358398
1028,0.7362843155860901,-0.13465142250061035
1029,-0.13421186804771423,-0.18167924880981445
1030,0.8759534955024719,-0.05685454607009888
1031,-0.6887280941009521,-0.10919129848480225
1032,-0.002359822392463684,-0.1315833330154419
1033,-0.9769728183746338,0.15544986724853516
1034,1.4186846017837524,0.27908533811569214
1035,0.4910656809806824,-0.13190418481826782
1036,0.746383786201477,0.1435655951499939
1037,1.767641544342041,0.49063849449157715
1038,-0.644994854927063,-0.154626727104187
1039,1.450661063194275,0.2984709143638611
1040,-0.9013890624046326,0.08602756261825562
1041,-0.389625608921051,-0.16851237416267395
1042,0.7483859658241272,-0.12184244394302368
1043,0.7139780521392822,-0.1471240520477295
1044,0.4434625506401062,-0.03904545307159424
1045,0.015713609755039215,-0.18612319231033325
1046,0.7115371823310852,-0.1266026496887207
1047,0.03336016833782196,-0.17374718189239502
1048,-0.5891007781028748,-0.20527997612953186
1049,0.33502984046936035,-0.2708628177642822
1050,-0.9772987365722656,0.37269389629364014
1051,0.5801314115524292,0.30070632696151733
1052,-0.1735319197177887,-0.1860584020614624
1053,0.6256812810897827,-0.1534084677696228
1054,1.3023390769958496,0.2031734585762024
1055,-0.5290175080299377,-0.13070815801620483
1056,0.36348193883895874,-0.0011100172996520996
1057,-0.12127986550331116,-0.05809706449508667
1058,-0.29221802949905396,-0.15946093201637268
1059,-0.511895477771759,-0.16254103183746338
1060,1.2461374998092651,0.1744796633720398
1061,-0.38005274534225464,-0.19855785369873047
1062,0.2744259834289551,0.8788930177688599
1063,-0.44071656465530396,0.1006631851196289
1064,0.8135462403297424,-0.040513575077056885
1065,0.1052064448595047,0.08835279941558838
1066,-0.4661269187927246,-0.09102219343185425
1067,1.4952194690704346,0.3254842162132263
1068,0.6437193751335144,0.1934184432029724
1069,0.7683984041213989,0.02252870798110962
1070,-0.5294722318649292,-0.004457414150238037
1071,1.3007298707962036,0.7028806209564209
1072,-0.05078890919685364,0.37660062313079834
1073,0.11323150992393494,0.03369396924972534
1074,-0.5578364729881287,0.08453214168548584
1075,-0.7255761027336121,0.25380247831344604
1076,-0.16467390954494476,0.24660080671310425
1077,-0.3137749433517456,-0.07269912958145142
1078,-0.38073164224624634,-0.03259342908859253
1079,0.8191501498222351,-0.09144389629364014
1080,0.291718065738678,0.3241974711418152
1081,-0.6250356435775757,0.0012199878692626953
1082,-0.4029585123062134,0.1744786500930786
1083,0.49276208877563477,0.08678478002548218
1084,2.745582342147827,1.0768954753875732
1085,0.08771879971027374,0.3589208126068115
1086,-0.8549010753631592,0.8962392807006836
1087,-2.08620285987854,1.1738382577896118
1088,1.556665301322937,0.362735390663147
1089,-0.21831843256950378,0.00010895729064941406
1090,-0.30944448709487915,0.26756465435028076
1091,0.8836852312088013,0.029072344303131104
1092,1.0993483066558838,0.07840126752853394
1093,0.1000196635723114,-0.13119721412658691
1094,-0.7261731624603271,-0.07486623525619507
1095,0.15979181230068207,-0.14481228590011597
1096,1.7786316871643066,0.49730122089385986
1097,-0.5292354822158813,-0.03434664011001587
1098,0.5991345047950745,-0.0927044153213501
1099,-0.07974443584680557,0.03499692678451538
1100,2.753241777420044,1.0881530046463013
1101,-0.12267346680164337,0.32421523332595825
1102,0.3891315460205078,0.16018378734588623
1103,0.29180222749710083,0.03198474645614624
1104,-0.551933228969574,-0.10638517141342163
1105,-0.9637269377708435,0.1432892084121704
1106,0.949131429195404,-0.0059359073638916016
1107,-0.45540958642959595,-0.12035506963729858
1108,0.21741117537021637,-0.27740535140037537
1109,0.061033934354782104,-0.1850622594356537
1110,-0.20799541473388672,-0.2697594165802002
1111,0.7591663002967834,-0.12107127904891968
1112,0.36902672052383423,-0.07817578315734863
1113,-0.22866567969322205,-0.2606942355632782
1114,0.4686010479927063,-0.1658364236354828
1115,-0.103836789727211,-0.11038947105407715
1116,-0.6996269226074219,-0.08530259132385254
1117,0.049767181277275085,-0.2657513916492462
1118,-0.10660494118928909,-0.20369037985801697
1119,0.09706427156925201,-0.2600756585597992
1120,-0.3739203214645386,-0.23542219400405884
1121,0.022076696157455444,-0.24184995889663696
1122,-0.6351157426834106,-0.1585170328617096
1123,-0.41079455614089966,-0.232561856508255
1124,0.7853083610534668,-0.10498213768005371
1125,0.13440464437007904,-0.22971022129058838
1126,-0.6037794351577759,-0.12774622440338135
1127,0.5838364958763123,-0.20463556051254272
1128,0.5914233326911926,-0.19708865880966187
1129,-0.5731908679008484,-0.2199983298778534
1130,0.13600236177444458,-0.14370453357696533
1131,-0.641049861907959,-0.15878069400787354
1132,0.5480785369873047,-0.25185999274253845
1133,-0.09943277388811111,-0.30659252405166626
1134,-0.3425116539001465,-0.26737457513809204
1135,0.36749500036239624,-0.29264384508132935
1136,0.015511058270931244,-0.22390469908714294
1137,-0.9851539731025696,0.1629614233970642
1138,0.6099326014518738,-0.21808889508247375
1139,0.41214531660079956,-0.2770450711250305
1140,0.5050060749053955,-0.256978303194046
1141,-0.28500741720199585,-0.26922905445098877
1142,-0.05434248223900795,-0.29587024450302124
1143,0.975498616695404,0.010405778884887695
1144,0.11147443950176239,0.4376264810562134
1145,0.7273911833763123,-0.14700999855995178
1146,0.5111685991287231,-0.17039090394973755
1147,0.30383163690567017,-0.16224920749664307
1148,0.03962765634059906,-0.17218580842018127
1149,0.0317406952381134,-0.26592254638671875
1150,0.9040482640266418,-0.03813129663467407
1151,0.2023221105337143,-0.14462649822235107
1152,0.6723095178604126,-0.12335574626922607
1153,-0.7063179612159729,-0.03962373733520508
1154,0.4121096730232239,-0.19476908445358276
1155,-0.1790991723537445,-0.1673988699913025
1156,0.6616623401641846,-0.019842684268951416
1157,0.12388443946838379,0.15543746948242188
1158,1.502419114112854,0.3297908902168274
1159,-1.1313031911849976,0.297141432762146
1160,0.18327270448207855,-0.07743239402770996
1161,-0.11488495767116547,-0.17149314284324646
1162,-0.256549596786499,-0.24277648329734802
1163,0.28021806478500366,-0.23964110016822815
1164,0.5881572961807251,-0.22609761357307434
1165,-0.06978253275156021,-0.2333468496799469
1166,-0.07708567380905151,-0.22032561898231506
1167,0.039308711886405945,-0.1588653326034546
1168,-0.6898434162139893,-0.10835862159729004
1169,0.5570881962776184,-0.24852105975151062
1170,0.6283798217773438,-0.20714470744132996
1171,0.27118903398513794,-0.16979333758354187
1172,-0.29730743169784546,-0.21375295519828796
1173,0.09454384446144104,-0.29642972350120544
1174,0.6402745842933655,-0.18554633855819702
1175,0.2631971836090088,-0.2256411612033844
1176,0.5593945384025574,0.18722409009933472
1177,0.3410264253616333,-0.1985950767993927
1178,1.1446800231933594,0.10846352577209473
1179,-0.17974454164505005,0.13751786947250366
1180,1.4561015367507935,0.2946828007698059
1181,1.3839884996414185,0.9610680341720581
1182,0.6399705410003662,0.7090622186660767
1183,1.4424729347229004,0.9152095317840576
1184,0.22116921842098236,0.8185019493103027
1185,-0.06459133327007294,0.25115716457366943
1186,-0.6583774089813232,0.3284651041030884
1187,1.9955018758773804,0.627111554145813
1188,0.3962348699569702,0.2083810567855835
1189,-0.9826802611351013,0.16068589687347412
1190,-0.4167061448097229,0.16214358806610107
1191,0.42174971103668213,-0.037609219551086426
1192,-1.1154721975326538,0.28260689973831177
1193,-0.03290260583162308,0.29000192880630493
1194,-1.149038553237915,0.3134233355522156
1195,0.5240204334259033,-0.017098307609558105
1196,0.8625232577323914,-0.06306695938110352
1197,-0.5063624978065491,-0.21435630321502686
1198,0.5701494216918945,-0.2282128632068634
1199,0.8210674524307251,-0.08366531133651733
1200,0.32752615213394165,-0.24772858619689941
1201,0.5861417651176453,-0.138949453830719
1202,-0.1262218952178955,-0.09188342094421387
1203,-0.5031693577766418,0.24399042129516602
1204,-0.20290184020996094,-0.14969587326049805
1205,0.2224750965833664,-0.21635261178016663
1206,0.6723213195800781,-0.15862804651260376
1207,0.5251858234405518,-0.26963159441947937
1208,1.685133934020996,0.44061529636383057
1209,-0.8000386953353882,-0.012143731117248535
1210,-0.2627409100532532,0.0028633475303649902
1211,0.11485111713409424,-0.15763553977012634
1212,0.4336426854133606,-0.1672019064426422
1213,-0.21335721015930176,-0.15574952960014343
1214,0.7544937133789062,-0.127275288105011
1215,-0.09071321040391922,-0.18899741768836975
1216,0.4591572880744934,-0.19295457005500793
1217,-0.6519906520843506,-0.14291858673095703
1218,-0.4154372811317444,-0.05569958686828613
1219,0.04155592620372772,-0.1818040907382965
1220,0.16087932884693146,-0.21095171570777893
1221,0.06180199980735779,-0.19802922010421753
1222,0.643315851688385,-0.19477736949920654
1223,-0.8639990091323853,0.05172860622406006
1224,0.48497408628463745,-0.12988507747650146
1225,0.7671682834625244,-0.12173247337341309
1226,0.7090756297111511,-0.07619190216064453
1227,0.06073667109012604,-0.16921484470367432
1228,-0.5613290071487427,0.08892595767974854
1229,-1.3102519512176514,0.4614349603652954
1230,-0.18275290727615356,-0.09015262126922607
1231,-0.7783382534980774,-0.026604056358337402
1232,0.9920899271965027,0.020448267459869385
1233,0.5901784896850586,0.013934731483459473
1234,0.10379205644130707,-0.061391234397888184
1235,-0.5365835428237915,-0.1034497618675232
1236,0.6964741349220276,-0.1628263294696808
1237,0.19433443248271942,-0.1536450982093811
1238,-0.7085349559783936,-0.09100359678268433
1239,-0.08139154314994812,-0.2122834026813507
1240,-0.7603458762168884,0.04804432392120361
1241,-0.802054226398468,0.3068053126335144
1242,-0.8603381514549255,0.16496026515960693
1243,0.9469111561775208,-0.010735511779785156
1244,0.5076075196266174,-0.08026731014251709
1245,-0.6132644414901733,-0.18112501502037048
1246,0.5360357165336609,-0.2035510241985321
1247,0.16761712729930878,-0.19112148880958557
1248,0.2546069622039795,-0.2032316029071808
1249,-0.42699670791625977,-0.18254420161247253
1250,0.6289816498756409,-0.20145803689956665
1251,-0.33049798011779785,-0.2557714283466339
1252,-0.7540817260742188,-0.04953193664550781
1253,0.15811650454998016,-0.269180029630661
1254,-0.5468629598617554,-0.08974426984786987
1255,1.126038908958435,0.1016702651977539
1256,0.2773786783218384,-0.09102523326873779
1257,0.7611886858940125,-0.11918872594833374
1258,-0.15214276313781738,-0.16042587161064148
1259,0.978943407535553,0.012455463409423828
1260,0.440781831741333,-0.15566381812095642
1261,1.3443917036056519,0.23401135206222534
1262,-0.9763904809951782,0.15188056230545044
1263,-0.9309732913970947,0.1936294436454773
1264,0.313629150390625,0.007637143135070801
1265,0.7488352656364441,0.02088230848312378
1266,-0.027447640895843506,0.07059890031814575
1267,-1.0892090797424316,0.2570199966430664
1268,-0.5112264156341553,-0.002383291721343994
1269,0.3342503309249878,0.011927604675292969
1270,0.46868228912353516,-0.08273875713348389
1271,-1.1202117204666138,0.28695839643478394
1272,0.3110147714614868,-0.20255160331726074
1273,0.5212709903717041,-0.2119722068309784
1274,0.5718439221382141,-0.18885383009910583
1275,-1.3624252080917358,0.5093353986740112
1276,-1.1310969591140747,0.2969502806663513
1277,-0.8946312665939331,0.6537253856658936
1278,0.7209093570709229,0.22718888521194458
1279,0.27251678705215454,-0.09222275018692017
1280,0.725005567073822,-0.015822947025299072
1281,0.2850603461265564,-0.14048653841018677
1282,-0.8389543294906616,0.027134239673614502
1283,0.038782551884651184,-0.07692444324493408
1284,-0.07767827808856964,-0.056769371032714844
1285,0.6841628551483154,-0.1682615578174591
1286,0.8142475485801697,-0.017754554748535156
1287,0.9069864153862,-0.038268983364105225
1288,-0.5206671357154846,-0.06513571739196777
1289,0.40808868408203125,-0.2664434611797333
1290,1.0056862831115723,0.02870398759841919
1291,1.0409274101257324,0.5099692344665527
1292,0.8072541952133179,0.009959101676940918
1293,0.1991625279188156,0.026994645595550537
1294,0.3985992670059204,-0.03920567035675049
1295,-0.6987999081611633,-0.10215598344802856
1296,1.0208629369735718,0.03780394792556763
1297,-0.6035054922103882,-0.19258224964141846
1298,-0.9508592486381531,0.1314752697944641
1299,-0.31163835525512695,-0.18401572108268738
1300,-3.069330930709839,2.0764517784118652
1301,1.6147080659866333,0.3928793668746948
1302,1.503409504890442,0.33044201135635376
1303,-0.43576329946517944,-0.11598879098892212
1304,-1.6392271518707275,0.7634682655334473
1305,0.2113572508096695,-0.04997897148132324
1306,-0.36236512660980225,0.26673227548599243
1307,0.775119960308075,-0.1152876615524292
1308,-1.1382873058319092,0.3035537004470825
1309,1.2063370943069458,0.15035086870193481
1310,-0.752618670463562,-0.05376315116882324
1311,0.3671475648880005,-0.042009711265563965
1312,-0.7064366936683655,-0.09873759746551514
1313,0.05927868187427521,-0.22977107763290405
1314,0.9699841141700745,0.006770133972167969
1315,0.5645379424095154,-0.2421281933784485
1316,-0.62483811378479,-0.1701074242591858
1317,1.2365167140960693,0.45608198642730713
1318,1.336853265762329,0.22947555780410767
1319,2.2932801246643066,0.8093037605285645
1320,-0.2157285213470459,0.05846083164215088
1321,-1.0612965822219849,0.2328682541847229
1322,0.39147859811782837,-0.07061988115310669
1323,0.4884530305862427,-0.199319988489151
1324,-0.2571518123149872,-0.11114335060119629
1325,-0.7949053049087524,-0.0018411874771118164
1326,0.5686244964599609,-0.17985326051712036
1327,2.2226123809814453,0.766461968421936
1328,0.583976149559021,1.1409960985183716
1329,-0.46185028553009033,0.3208787441253662
1330,-1.0497633218765259,0.2200356125831604
1331,-0.11790698021650314,0.07329457998275757
1332,-0.1108233854174614,-0.02548152208328247
1333,-0.4559725522994995,-0.0037301182746887207
1334,-0.01723054051399231,0.09175294637680054
1335,1.2882505655288696,0.2000078558921814
1336,0.7374371290206909,-0.09337681531906128
1337,-0.04374808073043823,-0.15655580163002014
1338,-0.3200107216835022,-0.08424597978591919
1339,-0.011010520160198212,-0.23353144526481628
1340,-1.1024030447006226,0.27060824632644653
1341,0.7196869850158691,-0.1493854820728302
1342,-0.6184190511703491,-0.05446171760559082
1343,-0.2794328033924103,-0.2375791072845459
1344,0.6562968492507935,-0.18691956996917725
1345,-0.29132723808288574,-0.18617388606071472
1346,-1.0856192111968994,0.2551988363265991
1347,0.9126150012016296,-0.0347745418548584
1348,0.08838461339473724,-0.16143766045570374
1349,0.7449175119400024,-0.12952518463134766
1350,-0.38783663511276245,-0.07444959878921509
1351,0.6126565337181091,-0.20654046535491943
1352,0.7892625331878662,-0.10345882177352905
1353,-0.2377217411994934,-0.1695656180381775
1354,0.5220386385917664,-0.19690290093421936
1355,-0.9528429508209229,0.13329660892486572
1356,-0.5576483607292175,-0.15993580222129822
1357,0.4246371388435364,-0.13140952587127686
1358,0.4171341061592102,-0.045009732246398926
1359,1.1851806640625,0.13133090734481812
1360,1.1001191139221191,0.07881820201873779
1361,-0.061395931988954544,-0.045355021953582764
1362,0.5717496871948242,0.07341700792312622
1363,-0.22672158479690552,0.04447758197784424
1364,0.09104563295841217,-0.09964919090270996
1365,0.6403878927230835,-0.19977009296417236
1366,-0.6138896346092224,0.0237542986869812
1367,0.7942377328872681,-0.10452204942703247
1368,0.2263750284910202,-0.1312497854232788
1369,0.16986052691936493,-0.12896007299423218
1370,-0.0944928377866745,-0.0060117244720458984
1371,-0.6280946731567383,-0.08968096971511841
1372,-1.8915565013885498,0.9951326847076416
1373,-0.10079407691955566,0.18448585271835327
1374,0.7853333353996277,0.21087121963500977
1375,1.2403043508529663,0.17094331979751587
1376,1.4758713245391846,0.30676907300949097
1377,-0.012917250394821167,0.3488824963569641
1378,-2.0042219161987305,1.0985713005065918
1379,-0.5646984577178955,0.16990375518798828
1380,-1.1337114572525024,0.7178617715835571
1381,-1.072496771812439,0.45345568656921387
1382,-0.17958131432533264,0.27067941427230835
1383,-0.08332817256450653,0.21011275053024292
1384,1.656934142112732,0.4235227108001709
1385,-0.9723170399665833,0.151175856590271
1386,0.793648362159729,0.22870659828186035
1387,0.8341894149780273,-0.08204829692840576
1388,-0.21122810244560242,-0.14555597305297852
1389,0.8887695670127869,-0.04219651222229004
1390,0.33396607637405396,-0.11821204423904419
1391,-0.2330610156059265,-0.20336538553237915
1392,0.04938468337059021,-0.23323357105255127
1393,0.44871217012405396,-0.20438137650489807
1394,0.6861677765846252,-0.06569701433181763
1395,-0.252013623714447,-0.1908641755580902
1396,0.2326020747423172,-0.12018680572509766
1397,-0.47110962867736816,-0.08429807424545288
1398,-0.2425328940153122,-0.14902335405349731
1399,-0.8058502674102783,-0.0016585588455200195
1400,0.10710333287715912,-0.23699671030044556
1401,0.6451761722564697,-0.19249939918518066
1402,0.23277218639850616,-0.2486690878868103
1403,-0.5666236877441406,-0.2234109342098236
1404,-0.7557972073554993,-0.04825550317764282
1405,0.7459015846252441,-0.1287899613380432
1406,-0.4261244535446167,-0.2454022467136383
1407,-0.26690781116485596,-0.24762865900993347
1408,0.6162583231925964,-0.20804283022880554
1409,-0.38806354999542236,-0.30492281913757324
1410,0.3468773365020752,-0.2476150393486023
1411,-0.02957867830991745,-0.24361437559127808
1412,-0.5827145576477051,-0.206695556640625
1413,0.4798632264137268,-0.24320769309997559
1414,-0.7889276146888733,-0.018577098846435547
1415,0.8516172170639038,-0.0652076005935669
1416,0.7282495498657227,-0.14027756452560425
1417,0.1659335345029831,-0.20021972060203552
1418,-0.9602810144424438,0.14012551307678223
1419,1.209423542022705,0.15222203731536865
1420,0.2765185236930847,-0.16449517011642456
1421,0.37292909622192383,-0.20388856530189514
1422,0.4899183511734009,-0.1694941520690918
1423,-1.0378632545471191,0.21135395765304565
1424,-0.05303286388516426,-0.13389861583709717
1425,1.035084843635559,0.04652911424636841
1426,-0.1661202758550644,-0.0278702974319458
1427,0.6971202492713928,-0.07886171340942383
1428,0.5065448880195618,-0.1353217363357544
1429,0.6061879396438599,-0.03719675540924072
1430,-0.6783473491668701,-0.11995542049407959
1431,-0.412817120552063,-0.19427654147148132
1432,0.6690237522125244,-0.17581981420516968
1433,0.8424811959266663,-0.06173598766326904
1434,0.47922247648239136,-0.15383955836296082
1435,-0.3086664080619812,-0.1272416114807129
1436,0.8597819209098816,0.12045937776565552
1437,-0.6624853610992432,-0.13330668210983276
1438,-0.3241901993751526,-0.09931689500808716
1439,0.20355306565761566,-0.2584090828895569
1440,0.031421154737472534,-0.2977828085422516
1441,-0.47002214193344116,-0.25699859857559204
1442,0.8016407489776611,-0.0950058102607727
1443,0.6690792441368103,-0.17857548594474792
1444,0.022035107016563416,-0.2232520878314972
1445,0.12453167140483856,-0.2962832450866699
1446,0.615384042263031,0.022476017475128174
1447,-0.21046094596385956,-0.13283860683441162
1448,-0.11729113757610321,-0.12156373262405396
1449,0.03528299927711487,-0.16869667172431946
1450,0.9365949034690857,-0.018101513385772705
1451,0.022953733801841736,-0.05475670099258423
1452,-0.46632492542266846,-0.11573123931884766
1453,0.8160508871078491,-0.01747530698776245
1454,-0.9485347270965576,0.12851762771606445
1455,-0.2451806366443634,0.13692402839660645
1456,-0.9721875190734863,0.14621132612228394
1457,0.6676197648048401,-0.12962090969085693
1458,-0.20563533902168274,-0.15225771069526672
1459,0.02809077501296997,-0.150602787733078
1460,0.03262360394001007,-0.2093292474746704
1461,0.13751044869422913,-0.15727779269218445
1462,0.6619247794151306,-0.17827478051185608
1463,-0.8714925050735474,0.058608412742614746
1464,0.2993656396865845,-0.23726090788841248
1465,0.8910747170448303,-0.04080837965011597
1466,0.17801044881343842,-0.1636134386062622
1467,0.3215559720993042,-0.18248572945594788
1468,0.9678646922111511,0.5053120851516724
1469,-1.6367602348327637,0.8758225440979004
1470,0.3814047574996948,0.20919466018676758
1471,-2.4588305950164795,1.5159491300582886
1472,1.2647149562835693,0.18045198917388916
1473,-0.652076005935669,0.09176969528198242
1474,0.39656388759613037,0.740380048751831
1475,-0.0013358741998672485,-0.09514176845550537
1476,-1.1161375045776367,0.28321778774261475
1477,-0.09512939304113388,0.18725955486297607
1478,0.41626328229904175,-0.021124422550201416
1479,0.4891277551651001,-0.15741074085235596
1480,-0.23421403765678406,-0.2506943643093109
1481,-0.5904256105422974,-0.20538195967674255
1482,0.6601501703262329,-0.18687069416046143
1483,-1.0451780557632446,0.21806973218917847
1484,0.6441896557807922,-0.12806540727615356
1485,-0.9040901064872742,0.08707594871520996
1486,0.08144927024841309,-0.09305810928344727
1487,-0.6578210592269897,0.17817848920822144
1488,0.8840593695640564,-0.04503500461578369
1489,-0.5649272799491882,-0.20189112424850464
1490,0.27088379859924316,-0.12295013666152954
1491,-0.4696657061576843,-0.07081359624862671
1492,0.1884506195783615,-0.25986355543136597
1493,-0.16226151585578918,-0.165846586227417
1494,0.6373895406723022,-0.2001381814479828
1495,-0.3948739171028137,-0.171615868806839
1496,0.1511087566614151,-0.27715688943862915
1497,-0.5689902901649475,0.2605586647987366
1498,0.1372203528881073,-0.22327840328216553
1499,0.5258466601371765,-0.1043974757194519
1500,0.36809468269348145,-0.18676680326461792
1501,0.02600473165512085,-0.27823489904403687
1502,-0.8977270126342773,0.082694411277771
1503,-0.28355535864830017,-0.12146556377410889
1504,-0.007418394088745117,-0.16297680139541626
1505,-0.38354671001434326,0.042747676372528076
1506,0.015949726104736328,-0.20550113916397095
1507,-0.03606853634119034,-0.20237106084823608
1508,-0.6686701774597168,0.0843954086303711
1509,-0.004295647144317627,-0.05898040533065796
1510,-1.03733229637146,0.20575320720672607
1511,1.3888710737228394,0.26100075244903564
1512,-0.7070428729057312,-0.09636598825454712
1513,-0.7910269498825073,-0.015304505825042725
1514,0.9635509848594666,-0.003693997859954834
1515,1.0995346307754517,0.08558106422424316
1516,-0.18667420744895935,-0.15324342250823975
1517,0.7079483270645142,-0.15302801132202148
1518,0.6521854400634766,-0.126778244972229
1519,0.11609554290771484,-0.08806592226028442
1520,-0.6261581182479858,-0.16681316494941711
1521,0.798793375492096,-0.09676510095596313
1522,0.4898889660835266,-0.1924029290676117
1523,-0.38964706659317017,-0.27793797850608826
1524,-0.1782279908657074,-0.29033559560775757
1525,-0.17222490906715393,-0.2839791178703308
1526,-0.07089727371931076,-0.21689635515213013
1527,-0.5850968956947327,-0.15140819549560547
1528,-0.4424988031387329,-0.1207733154296875
1529,0.7961305379867554,-0.09837931394577026
1530,0.6465762853622437,-0.19607338309288025
1531,-1.368277907371521,0.5147088766098022
1532,0.3202899098396301,-0.08545619249343872
1533,-0.24745863676071167,-0.11704963445663452
1534,0.6389343738555908,-0.12768054008483887
1535,-0.0996619164943695,-0.20557916164398193
1536,0.38513612747192383,-0.19703063368797302
1537,0.17333410680294037,-0.17636623978614807
1538,-0.4959716796875,-0.1981336772441864
1539,-0.7257845401763916,-0.07523167133331299
1540,0.1906537562608719,-0.19340524077415466
1541,-0.2584088444709778,-0.1718018651008606
1542,-1.0976530313491821,0.2648293972015381
1543,1.4866217374801636,0.3202718496322632
1544,1.3589855432510376,0.2428569197654724
1545,-0.49744224548339844,-0.12906455993652344
1546,0.25783443450927734,-0.13492810726165771
1547,-0.3276441991329193,-0.12640368938446045
1548,-0.2053983360528946,-0.23988017439842224
1549,-0.777614176273346,-0.02758312225341797
1550,0.7889367938041687,-0.10296273231506348
1551,0.7615104913711548,-0.12343478202819824
1552,-0.06728442013263702,-0.2558048665523529
1553,0.40586036443710327,-0.2696869969367981
1554,0.17880727350711823,-0.2010912001132965
1555,-0.6088100671768188,-0.18735864758491516
1556,0.7097500562667847,-0.15654274821281433
1557,0.6407638788223267,0.054240524768829346
1558,-0.3179950416088104,-0.19541984796524048
1559,0.9078486561775208,-0.030646443367004395
1560,-0.8468557000160217,0.035989344120025635
1561,-0.6755936741828918,-0.11093902587890625
1562,0.1280023455619812,-0.13303393125534058
1563,-0.3149430751800537,-0.05205190181732178
1564,1.4664429426193237,0.3013746738433838
1565,-1.1099746227264404,0.27755969762802124
1566,1.0134220123291016,0.032699763774871826
1567,1.57392418384552,0.3731985092163086
1568,1.3950445652008057,0.29070645570755005
1569,-0.33492377400398254,0.1399850845336914
1570,0.6757039427757263,0.4588778018951416
1571,1.4394519329071045,0.5622124671936035
1572,-0.667682945728302,0.12818992137908936
1573,-0.7137289643287659,-0.09113472700119019
1574,0.6447194814682007,-0.1754840612411499
1575,-0.7958611845970154,-0.010897696018218994
1576,-0.2772291302680969,0.018628358840942383
1577,1.154300570487976,0.11879605054855347
1578,0.6037486791610718,-0.12598907947540283
1579,1.1057559251785278,0.13784325122833252
1580,-2.7475473880767822,1.781020998954773
1581,-3.0322823524475098,2.0424370765686035
1582,3.62086820602417,1.6141465902328491
1583,1.1129202842712402,0.24651849269866943
1584,-1.4444308280944824,0.5846250057220459
1585,1.0653173923492432,0.05799245834350586
1586,0.7134035229682922,0.10418170690536499
1587,-1.1649717092514038,0.32805246114730835
1588,1.2869846820831299,0.1992429494857788
1589,2.018594264984131,0.9874637126922607
1590,0.6813536286354065,0.09026652574539185
1591,0.7246493101119995,0.10143089294433594
1592,-0.8668591976165771,0.05434900522232056
1593,-0.7645519971847534,-0.04448497295379639
1594,1.063551664352417,0.1362660527229309
1595,0.6779844164848328,-0.12317997217178345
1596,-0.3472527861595154,-0.17738023400306702
1597,0.3442407250404358,-0.22149011492729187
1598,-0.5564817786216736,-0.194035142660141
1599,-0.16864876449108124,-0.25476154685020447
1600,0.583411693572998,-0.2275596559047699
1601,-0.15863706171512604,-0.33585140109062195
1602,-0.6409021615982056,-0.15310344099998474
1603,-0.4319520592689514,-0.27997592091560364
1604,-0.496534526348114,-0.1560521423816681
1605,0.21080650389194489,-0.21027138829231262
1606,0.15242071449756622,-0.091327965259552
1607,0.0958516001701355,-0.12302440404891968
1608,-0.013383783400058746,-0.1798315942287445
1609,0.6000695824623108,-0.221378892660141
1610,0.5742617249488831,-0.23896479606628418
1611,0.5087631940841675,-0.2431493103504181
1612,-0.32222431898117065,-0.21261203289031982
1613,0.3492653965950012,-0.2946717143058777
1614,-0.7052245140075684,-0.09404277801513672
1615,0.30596011877059937,-0.1471976339817047
1616,-0.40540891885757446,-0.27266809344291687
1617,0.6728559136390686,-0.17823567986488342
1618,-0.23829196393489838,-0.23774012923240662
1619,-0.9734711647033691,0.15223544836044312
1620,0.4096180200576782,-0.28916671872138977
1621,0.5813528299331665,-0.23357608914375305
1622,-0.2902231812477112,-0.25505194067955017
1623,0.5193315148353577,-0.2696126103401184
1624,0.35053718090057373,-0.25804153084754944
1625,0.7153594493865967,-0.14799442887306213
1626,0.5134744644165039,-0.22665005922317505
1627,0.2485727220773697,-0.1497194766998291
1628,0.9645252823829651,0.00358426570892334
1629,-0.1877981275320053,-0.12563562393188477
1630,0.19059030711650848,-0.12697046995162964
1631,1.236532211303711,0.16835922002792358
1632,0.4198967218399048,0.24717402458190918
1633,0.05574667453765869,0.003887176513671875
1634,-0.2036035805940628,-0.1352176070213318
1635,0.827400803565979,-0.0005396008491516113
1636,-0.6859185695648193,-0.054422080516815186
1637,-0.19654114544391632,-0.23996052145957947
1638,0.3720335364341736,-0.13897043466567993
1639,-0.48064661026000977,-0.24949070811271667
1640,-0.03538183122873306,-0.1973625123500824
1641,-0.5444294214248657,-0.17908096313476562
1642,0.28096067905426025,-0.012092769145965576
1643,-0.10624676942825317,-0.12642860412597656
1644,0.8727825284004211,-0.058353304862976074
1645,-0.19696177542209625,-0.24456360936164856
1646,-0.6869784593582153,-0.1107945442199707
1647,0.66051185131073,-0.1826857030391693
1648,-0.23936672508716583,-0.3011744022369385
1649,0.4586135745048523,-0.30972787737846375
1650,-0.1544954627752304,-0.10420334339141846
1651,0.6325244307518005,-0.19781002402305603
1652,0.6013583540916443,-0.219883531332016
1653,-0.35419952869415283,-0.2098807692527771
1654,0.25563836097717285,0.1168031096458435
1655,0.6938462257385254,-0.16697895526885986
1656,-0.04052146524190903,-0.09653133153915405
1657,0.15686281025409698,-0.231276273727417
1658,-0.531469464302063,-0.07846808433532715
1659,0.127541646361351,-0.23534882068634033
1660,-0.12293357402086258,-0.1015317440032959
1661,-0.24226535856723785,-0.004804730415344238
1662,-1.1579904556274414,0.31707435846328735
1663,-0.7744319438934326,-0.018901705741882324
1664,0.4861508011817932,0.27670323848724365
1665,-0.41694897413253784,-0.058049798011779785
1666,1.8115495443344116,0.5172574520111084
1667,-0.7745015621185303,0.003269195556640625
1668,0.8250408172607422,-0.08790045976638794
1669,0.2503899931907654,-0.14362084865570068
1670,0.561734676361084,0.34509867429733276
1671,1.501556634902954,0.3293066620826721
1672,-0.8349717855453491,0.2938581705093384
1673,0.7312556505203247,-0.13714146614074707
1674,0.4047146439552307,-0.093025803565979
1675,0.0735640674829483,-0.15782895684242249
1676,0.3245779275894165,-0.01760190725326538
1677,0.23822377622127533,-0.12286132574081421
1678,0.4381675124168396,-0.10471612215042114
1679,0.0418735146522522,-0.12870502471923828
1680,0.27282923460006714,-0.2522142827510834
1681,-1.150754690170288,0.31499993801116943
1682,-0.20080943405628204,-0.1474757194519043
1683,-1.1215384006500244,0.28817635774612427
1684,0.44240695238113403,-0.02443152666091919
1685,0.5055394768714905,-0.07098126411437988
1686,0.9252808690071106,-0.020038604736328125
1687,0.11361168324947357,-0.26910439133644104
1688,-0.17424020171165466,-0.18272823095321655
1689,0.3992640972137451,-0.1848830282688141
1690,-0.22473442554473877,-0.12869489192962646
1691,-0.40195780992507935,-0.2204555869102478
1692,0.32253217697143555,-0.26314494013786316
1693,0.31999391317367554,-0.3570510149002075
1694,0.3198978900909424,-0.30685755610466003
1695,-0.226554274559021,-0.26040029525756836
1696,-0.3479001224040985,-0.2939687967300415
1697,-0.7415584921836853,-0.0606844425201416
1698,0.8108035326004028,-0.08944463729858398
1699,0.4676968455314636,-0.30437031388282776
1700,-0.3960159420967102,-0.2990161180496216
1701,0.32740509510040283,-0.2869992256164551
1702,-0.18455198407173157,-0.20987802743911743
1703,0.023400679230690002,-0.23232892155647278
1704,-0.42452317476272583,-0.2766335606575012
1705,-0.3147967457771301,-0.13525289297103882
1706,1.0723357200622559,0.06911313533782959
1707,0.37164241075515747,-0.16088297963142395
1708,-0.7519181966781616,-0.051212966442108154
1709,0.07511776685714722,-0.1935253143310547
1710,-0.4415283203125,-0.1638348400592804
1711,0.6963320374488831,-0.15890434384346008
1712,0.09704680740833282,-0.2781757116317749
1713,0.07449963688850403,-0.16053932905197144
1714,-0.42109882831573486,-0.24750494956970215
1715,-0.2056368589401245,-0.2303832471370697
1716,0.68710857629776,-0.16451159119606018
1717,-0.01982949674129486,-0.30245256423950195
1718,-0.6530572772026062,-0.1421346664428711
1719,0.6108474731445312,-0.2126922905445099
1720,0.07729685306549072,-0.2596348524093628
1721,0.06578415632247925,-0.22844120860099792
1722,-0.2912759482860565,-0.23098844289779663
1723,-0.25015074014663696,-0.22543036937713623
1724,0.5288986563682556,-0.2642921805381775
1725,0.5343620181083679,-0.26316285133361816
1726,0.06993347406387329,-0.24163818359375
1727,-0.12355034053325653,-0.2528614103794098
1728,-0.2042640894651413,-0.2525466978549957
1729,0.4141894578933716,-0.20208010077476501
1730,-0.597001314163208,-0.19677183032035828
1731,0.3342989683151245,-0.15373089909553528
1732,0.6341568827629089,-0.2028745710849762
1733,0.08046606183052063,-0.25041839480400085
1734,0.5030754804611206,-0.14169621467590332
1735,0.23046113550662994,-0.22349676489830017
1736,0.26972901821136475,0.009521842002868652
1737,-0.5043895840644836,-0.18992039561271667
1738,-0.20186010003089905,-0.17987027764320374
1739,0.2770935893058777,-0.19314128160476685
1740,0.4119253158569336,-0.21909210085868835
1741,-0.17079076170921326,-0.18363279104232788
1742,-0.047331128269433975,-0.20584005117416382
1743,0.2131873220205307,-0.20428311824798584
1744,-0.28083688020706177,-0.26709821820259094
1745,-0.0590214803814888,-0.1816892921924591
1746,0.4496003985404968,-0.009015977382659912
1747,-0.2768312096595764,-0.15669402480125427
1748,0.3890591859817505,-0.2450256049633026
1749,0.5621897578239441,-0.24455058574676514
1750,-0.04290912672877312,-0.2498740255832672
1751,0.22940285503864288,-0.2917381227016449
1752,0.6568613052368164,-0.150926411151886
1753,-0.2313271313905716,0.21309196949005127
1754,-0.5129267573356628,0.14571350812911987
1755,0.2406543642282486,-0.23711901903152466
1756,-0.19862844049930573,-0.21382582187652588
1757,0.5393842458724976,-0.25579383969306946
1758,-0.15580201148986816,-0.24281927943229675
1759,-0.1498032808303833,-0.1695631742477417
1760,0.33326393365859985,0.0025363564491271973
1761,0.04011067748069763,-0.11282593011856079
1762,-0.6367352604866028,0.17974865436553955
1763,-0.2822517454624176,-0.20447838306427002
1764,0.257351815700531,-0.2533113956451416
1765,0.3143678307533264,-0.29098638892173767
1766,0.5001592636108398,-0.27894002199172974
1767,0.1716805249452591,-0.17685216665267944
1768,0.15493683516979218,-0.2142505645751953
1769,0.24078543484210968,-0.3387794494628906
1770,0.26205992698669434,-0.28749388456344604
1771,-0.17315003275871277,-0.21885228157043457
1772,0.6710359454154968,-0.17741146683692932
1773,0.2577749490737915,-0.2060161828994751
1774,0.20099039375782013,-0.22661390900611877
1775,0.32326626777648926,-0.22326424717903137
1776,0.03436948359012604,-0.23304197192192078
1777,-0.1758868545293808,-0.30278080701828003
1778,0.07721644639968872,-0.3203480839729309
1779,-0.05065350979566574,-0.2149915099143982
1780,-0.3121058940887451,-0.21818536520004272
1781,0.2042687088251114,-0.34833791851997375
1782,0.05366845428943634,-0.2474164068698883
1783,0.05145634710788727,-0.3329767882823944
1784,-0.2216128706932068,-0.3358924388885498
1785,0.3680890202522278,-0.2837260961532593
1786,0.12841230630874634,-0.26592063903808594
1787,0.04228873550891876,-0.3140256404876709
1788,0.8221144080162048,-0.08916312456130981
1789,-0.032139264047145844,-0.29794982075691223
1790,-0.2697232961654663,-0.20705363154411316
1791,-0.1817302405834198,-0.29695409536361694
1792,0.13332964479923248,-0.2899865508079529
1793,-0.18197059631347656,-0.32353901863098145
1794,-0.5202732086181641,-0.16819283366203308
1795,-0.00348876416683197,-0.22507405281066895
1796,0.3810267448425293,-0.35677361488342285
1797,-0.19675999879837036,-0.261148065328598
1798,-0.003126002848148346,-0.25066137313842773
1799,-0.20419150590896606,-0.31797441840171814
1800,0.42251449823379517,-0.32433682680130005
1801,-0.11251616477966309,-0.2330276370048523
1802,0.682778537273407,-0.1415550708770752
1803,0.4731404781341553,-0.27003592252731323
1804,-0.21003107726573944,-0.22583484649658203
1805,0.24326176941394806,-0.2677079737186432
1806,0.9112067818641663,0.29907405376434326
1807,0.4611712098121643,0.14350080490112305
1808,-0.31017637252807617,-0.21707820892333984
1809,0.5426115393638611,-0.2440277338027954
1810,0.36566609144210815,-0.16168615221977234
1811,0.3247074484825134,-0.04741889238357544
1812,-0.34571683406829834,-0.036477744579315186
1813,0.6068792939186096,-0.21148237586021423
1814,0.23479197919368744,-0.18747398257255554
1815,0.6850499510765076,-0.16937872767448425
1816,0.17983125150203705,-0.07492649555206299
1817,-0.599083662033081,-0.13953077793121338
1818,0.04460611939430237,-0.24509015679359436
1819,0.6397141814231873,-0.1823480725288391
1820,-0.27626311779022217,-0.2918664216995239
1821,-0.1223413422703743,-0.31195342540740967
1822,-0.34391671419143677,-0.17100650072097778
1823,0.18188609182834625,-0.32773357629776
1824,-0.32931843400001526,-0.24518942832946777
1825,0.11351513862609863,-0.29386159777641296
1826,0.31037360429763794,-0.30505698919296265
1827,0.5941837430000305,-0.22606319189071655
1828,0.3609577417373657,-0.2315722405910492
1829,-0.05449412018060684,-0.2538389563560486
1830,-0.3457980155944824,-0.24189168214797974
1831,0.4675673842430115,-0.28465449810028076
1832,0.2518797516822815,-0.22909241914749146
1833,0.03974016010761261,-0.2759128510951996
1834,0.28900665044784546,-0.18000128865242004
1835,-0.16003185510635376,-0.2437620759010315
1836,0.09574830532073975,-0.20310357213020325
1837,-0.12003644555807114,-0.2332574427127838
1838,-0.17528033256530762,-0.2137390375137329
1839,-0.16408266127109528,-0.1615351140499115
1840,0.08727064728736877,-0.23824691772460938
1841,0.09372834861278534,-0.24477332830429077
1842,0.05751079320907593,-0.30405810475349426
1843,-0.039759621024131775,-0.29861879348754883
1844,0.11098791658878326,-0.2211540937423706
1845,0.14750705659389496,-0.2902427017688751
1846,0.16516457498073578,-0.2653775215148926
1847,0.068956658244133,-0.21982795000076294
1848,-0.20992615818977356,-0.236689954996109
1849,0.14451193809509277,-0.3046369254589081
1850,0.3252423405647278,-0.22311881184577942
1851,0.250552773475647,-0.2666544020175934
1852,-0.12723059952259064,-0.32569560408592224
1853,0.4085788130760193,-0.21483102440834045
1854,-0.2711852788925171,-0.22944247722625732
1855,0.1263125091791153,-0.08105486631393433
1856,-0.39575910568237305,-0.29354819655418396
1857,0.3602597713470459,-0.2722402513027191
1858,0.2792263627052307,-0.2898666560649872
1859,0.5646324157714844,0.0953640341758728
1860,-0.8648280501365662,0.0521087646484375
1861,-0.16550855338573456,-0.14606842398643494
1862,0.24868856370449066,-0.21548470854759216
1863,-0.45077741146087646,0.11058509349822998
1864,-0.32671505212783813,-0.13922899961471558
1865,-0.44331955909729004,-0.14750969409942627
1866,0.5357950925827026,-0.19888484477996826
1867,0.46495771408081055,-0.12749874591827393
1868,0.7335101962089539,-0.14252406358718872
1869,0.3666849136352539,-0.13501232862472534
1870,0.4905776381492615,-0.2020299732685089
1871,-0.09444143623113632,-0.2549545168876648
1872,-0.2040814459323883,-0.24176767468452454
1873,-0.10919657349586487,-0.2916944622993469
1874,0.12141090631484985,-0.2856014668941498
1875,0.07473057508468628,-0.3080872893333435
1876,0.08954139053821564,-0.3136036694049835
1877,0.1024211198091507,-0.3256673812866211
1878,0.033036112785339355,-0.22747045755386353
1879,0.35823917388916016,-0.34001171588897705
1880,0.3927518129348755,-0.32961535453796387
1881,-0.046451784670352936,-0.2974509298801422
1882,0.6818989515304565,-0.16974368691444397
1883,0.1731044203042984,-0.26651009917259216
1884,0.1586366444826126,-0.24030783772468567
1885,0.25726139545440674,-0.3288671672344208
1886,0.18437357246875763,-0.2967912554740906
1887,-0.03567201644182205,-0.27933284640312195
1888,0.3916749954223633,-0.24926036596298218
1889,0.10857339203357697,-0.2706083059310913
1890,-0.19951793551445007,-0.22543403506278992
1891,-0.1401679813861847,-0.295388400554657
1892,0.2700238823890686,-0.32766634225845337
1893,0.022162258625030518,-0.3442031741142273
1894,1.0518772602081299,0.06507772207260132
1895,-0.07491885870695114,0.0010811090469360352
1896,-0.4403444528579712,-0.2513309419155121
1897,0.07372511923313141,-0.2389388382434845
1898,0.6852301359176636,-0.16688641905784607
1899,-0.1370946168899536,-0.2889830470085144
1900,0.3689243197441101,-0.21392568945884705
1901,0.3992297053337097,-0.2594764232635498
1902,-0.2827998399734497,-0.21061119437217712
1903,-0.19300395250320435,-0.12340426445007324
1904,0.5711965560913086,-0.24154040217399597
1905,-0.2787937521934509,-0.27706944942474365
1906,0.1138099879026413,-0.2984926700592041
1907,-0.13868704438209534,-0.273291677236557
1908,-0.09619544446468353,-0.27162596583366394
1909,0.4862385392189026,-0.2812249958515167
1910,0.08074821531772614,-0.22478517889976501
1911,0.42932194471359253,-0.3082616329193115
1912,0.4310340881347656,-0.21595865488052368
1913,-0.015755169093608856,-0.2404899299144745
1914,-0.0765463337302208,-0.2050793170928955
1915,0.07629263401031494,-0.2656918168067932
1916,0.035217732191085815,-0.2169036865234375
1917,-0.1031603291630745,-0.2548184394836426
1918,0.31874752044677734,-0.2119787037372589
1919,-0.409950315952301,-0.25502070784568787
1920,-0.2496619075536728,-0.20363464951515198
1921,-0.23584309220314026,0.01232081651687622
1922,-0.5089443922042847,0.07721245288848877
1923,-0.4515203833580017,0.11167168617248535
1924,0.15463735163211823,-0.13678032159805298
1925,0.409015953540802,-0.31734010577201843
1926,-0.06389555335044861,-0.0880691409111023
1927,-0.12209521234035492,-0.27143144607543945
1928,0.09015659987926483,-0.2024332582950592
1929,-0.47611773014068604,-0.14494866132736206
1930,0.13011838495731354,-0.26662197709083557
1931,-0.042292870581150055,-0.268073171377182
1932,-0.5631505250930786,-0.10873419046401978
1933,0.37354421615600586,-0.14426374435424805
1934,-0.06769505888223648,-0.21487051248550415
1935,-0.15837892889976501,-0.21864363551139832
1936,-0.628816545009613,0.08022665977478027
1937,-0.8163909316062927,0.36038315296173096
1938,0.39184242486953735,0.16507971286773682
1939,-0.9113728404045105,0.8651996850967407
1940,0.016495615243911743,0.4169563055038452
1941,0.2872796654701233,0.4888969659805298
1942,0.8050090074539185,0.0055672526359558105
1943,0.29184770584106445,-0.20728594064712524
1944,-0.012038648128509521,-0.2004404366016388
1945,0.0308665931224823,-0.2819092273712158
1946,-0.6291220784187317,-0.16160115599632263
1947,0.7141196131706238,-0.11476778984069824
1948,0.4776732325553894,-0.15465736389160156
1949,-0.15043231844902039,-0.26996609568595886
1950,0.8169403672218323,-0.09041190147399902
1951,-0.06702359765768051,-0.1456046998500824
1952,0.14403480291366577,-0.2336198389530182
1953,0.30591118335723877,-0.2833332419395447
1954,-0.3854983448982239,-0.1489465832710266
1955,-0.6733676195144653,-0.12344765663146973
1956,0.6013482809066772,-0.20867976546287537
1957,-0.6472169756889343,-0.0016247034072875977
1958,0.620263397693634,-0.10266590118408203
1959,0.42304641008377075,-0.13256239891052246
1960,0.3028298616409302,-0.24538370966911316
1961,0.5658553838729858,-0.2395632266998291
1962,-0.6654708385467529,-0.13066524267196655
1963,0.23678018152713776,-0.37292876839637756
1964,0.29833686351776123,-0.31868618726730347
1965,0.1643362194299698,-0.3279848098754883
1966,0.15176798403263092,-0.3347550630569458
1967,-0.04828978329896927,-0.31844475865364075
1968,-0.16339871287345886,-0.27515357732772827
1969,0.3836454749107361,-0.34818559885025024
1970,-0.13826315104961395,-0.3128344714641571
1971,0.08541859686374664,-0.30949366092681885
1972,0.3606914281845093,-0.3341960310935974
1973,0.638887882232666,-0.19538554549217224
1974,1.0112982988357544,0.0320897102355957
1975,0.5647050738334656,-0.015897750854492188
1976,-0.0783853828907013,-0.11499714851379395
1977,-0.2241004854440689,-0.24326711893081665
1978,-0.29152122139930725,-0.2005346715450287
1979,0.11022059619426727,-0.3121129870414734
1980,0.4429013729095459,-0.29906922578811646
1981,-0.1332765519618988,-0.33192792534828186
1982,-0.5738123059272766,-0.21212968230247498
1983,-0.6605268120765686,-0.13516205549240112
1984,0.5346499085426331,-0.2620663344860077
1985,0.18341319262981415,-0.3060811460018158
1986,0.8465972542762756,-0.06773954629898071
1987,-0.17752736806869507,-0.22057944536209106
1988,0.2574934959411621,-0.2940627932548523
1989,0.20202751457691193,-0.3102959990501404
1990,0.7708464860916138,-0.02531898021697998
1991,2.86578106880188,1.156379222869873
1992,1.3513851165771484,1.1432300806045532
1993,-0.40896493196487427,0.4495934247970581
1994,0.6767784953117371,0.3993574380874634
1995,0.45941662788391113,0.0006604790687561035
1996,0.7981652021408081,0.10051709413528442
1997,0.20145942270755768,0.2386413812637329
1998,-0.10980675369501114,0.15704357624053955
1999,0.355147123336792,0.08047962188720703
2000,-1.0269653797149658,0.20065295696258545
2001,0.708783745765686,-0.13529926538467407
2002,0.1979081779718399,-0.08350414037704468
2003,-0.2964053750038147,-0.07717901468276978
2004,-0.04706081375479698,-0.13045340776443481
2005,0.10194377601146698,0.011850178241729736
2006,0.37755483388900757,-0.09675639867782593
2007,-0.19307228922843933,-0.14303243160247803
2008,0.2716614007949829,-0.14374375343322754
2009,0.7651170492172241,-0.07642018795013428
2010,-0.008069269359111786,-0.06722831726074219
2011,0.5922449827194214,-0.21923264861106873
2012,0.0392327606678009,-0.17824772000312805
2013,0.6721670031547546,0.10156852006912231
2014,0.4324856400489807,-0.12032949924468994
2015,0.13966195285320282,-0.012101173400878906
2016,-0.41719186305999756,-0.08606672286987305
2017,0.059429511427879333,-0.20412558317184448
2018,0.19909603893756866,-0.13817059993743896
2019,-0.3169243335723877,-0.10027432441711426
2020,0.5930273532867432,-0.20175394415855408
2021,-0.301937460899353,-0.22314304113388062
2022,0.537217915058136,0.022780895233154297
2023,0.2995014786720276,-0.15142002701759338
2024,-0.15544673800468445,-0.1882857382297516
2025,0.28037744760513306,-0.2560925781726837
2026,-0.2960872948169708,-0.07190245389938354
2027,-0.4003293514251709,-0.10922300815582275
2028,0.03318402171134949,-0.13913816213607788
2029,0.3957943916320801,-0.11803871393203735
2030,-0.28530174493789673,-0.1935116946697235
2031,-0.4450228214263916,-0.2305673062801361
2032,0.055893927812576294,-0.16150426864624023
2033,0.34554368257522583,-0.027117431163787842
2034,-0.6084008812904358,-0.1829753816127777
2035,-1.014277696609497,0.4143354892730713
2036,0.4377199411392212,-0.14632904529571533
2037,0.015483126044273376,-0.1953003704547882
2038,1.0711438655853271,0.06585615873336792
2039,-0.12313441932201385,-0.08579504489898682
2040,-0.44736093282699585,-0.13893771171569824
2041,-0.412189245223999,-0.18802019953727722
2042,-0.21012550592422485,0.08951759338378906
2043,0.9299748539924622,-0.017487943172454834
2044,0.3559918999671936,0.11367905139923096
2045,-1.0421264171600342,0.21526801586151123
2046,1.7314434051513672,0.4685075283050537
2047,2.3767201900482178,0.8676916360855103
2048,-0.8924497961997986,0.5577654838562012
2049,0.19429974257946014,0.09662103652954102
2050,-1.1375527381896973,0.3028784394264221
2051,0.9327858090400696,-0.022615492343902588
2052,-0.5467330813407898,-0.043198347091674805
2053,-0.3048478960990906,0.028721272945404053
2054,0.27511435747146606,0.33098548650741577
2055,-1.1556812524795532,0.3195229768753052
2056,-0.5835351347923279,0.35991716384887695
2057,-1.8018983602523804,0.912540078163147
2058,-1.0747733116149902,0.9268897771835327
2059,0.8155398368835449,0.22433769702911377
2060,-0.755184531211853,0.03683936595916748
2061,0.038853079080581665,-0.0954509973526001
2062,0.10078215599060059,-0.019838452339172363
2063,-0.18866412341594696,-0.13783693313598633
2064,0.34250324964523315,-0.08005726337432861
2065,-0.3143789768218994,-0.20634698867797852
2066,0.8698313236236572,-0.054721295833587646
2067,0.9685208201408386,0.0011488795280456543
2068,0.04139135777950287,-0.05688619613647461
2069,0.4109501838684082,0.01857656240463257
2070,-0.7417475581169128,-0.06051105260848999
2071,-0.05387940630316734,-0.22845759987831116
2072,0.6662733554840088,-0.17735624313354492
2073,0.301935076713562,-0.302761971950531
2074,-0.5148707628250122,-0.2737887501716614
2075,-0.1864003837108612,-0.23759734630584717
2076,0.2986356019973755,-0.1828843057155609
2077,0.26698076725006104,-0.28893646597862244
2078,-0.5289658904075623,-0.22648805379867554
2079,-0.2913268208503723,-0.2624325454235077
2080,0.47947490215301514,-0.24585208296775818
2081,0.2034546285867691,-0.27239277958869934
2082,-0.06673026084899902,-0.1475805640220642
2083,0.5645020604133606,-0.24535447359085083
2084,-0.30342110991477966,-0.2431032955646515
2085,0.9243683218955994,-0.02714383602142334
2086,-0.27731001377105713,-0.17793896794319153
2087,0.49811577796936035,-0.25096938014030457
2088,-0.819435179233551,0.3674027919769287
2089,0.9617708325386047,0.0020581483840942383
2090,0.5420981645584106,-0.06982201337814331
2091,1.747628092765808,0.7133731842041016
2092,0.6768728494644165,-0.019025027751922607
2093,-0.1066870465874672,-0.1663416624069214
2094,-0.43864816427230835,-0.0706225037574768
2095,-0.771010160446167,-0.033762574195861816
2096,-0.5186867117881775,-0.12903118133544922
2097,0.7720178961753845,-0.12002402544021606
2098,-0.7439342141151428,-0.05934494733810425
2099,0.5432213544845581,-0.13417279720306396
2100,0.46869444847106934,-0.19822579622268677
2101,0.036351174116134644,-0.2701371908187866
2102,0.2538725733757019,-0.08603894710540771
2103,-0.004163295030593872,-0.19395685195922852
2104,-0.009020000696182251,-0.22288969159126282
2105,-0.613921046257019,-0.1788153052330017
2106,-0.04043090343475342,-0.04580199718475342
2107,0.5459097623825073,-0.2570135295391083
2108,0.6020143032073975,-0.17728373408317566
2109,0.24091757833957672,-0.18905982375144958
2110,-0.11431299149990082,-0.10945934057235718
2111,-0.800579845905304,-0.011391818523406982
2112,0.027461722493171692,-0.018253326416015625
2113,0.7916865944862366,-0.10110342502593994
2114,-0.16391804814338684,-0.10782462358474731
2115,1.0066004991531372,0.02233654260635376
2116,1.243791103363037,0.41095447540283203
2117,0.1314324289560318,-0.029902935028076172
2118,0.7529078722000122,0.05000007152557373
2119,-0.6706209182739258,0.03268241882324219
2120,-0.05791420489549637,-0.1748136281967163
2121,0.29714614152908325,-0.06324493885040283
2122,-0.19864222407341003,-0.04747384786605835
2123,0.8616937398910522,-0.0200192928314209
2124,-0.1715373396873474,-0.17758363485336304
2125,-0.1129087433218956,-0.13967692852020264
2126,0.47629815340042114,-0.12145912647247314
2127,-0.7025632858276367,-0.10241532325744629
2128,0.7940362691879272,-0.10249876976013184
2129,0.19216130673885345,-0.20537975430488586
2130,-0.008423931896686554,-0.025940895080566406
2131,0.6668288707733154,-0.10072320699691772
2132,-0.5855489373207092,0.02455759048461914
2133,0.4321199059486389,-0.08719170093536377
2134,-0.02519173175096512,-0.1859821379184723
2135,0.5897637605667114,0.24318093061447144
2136,-0.36163341999053955,0.07447350025177002
2137,0.8033040165901184,0.1929827332496643
2138,2.038262367248535,0.6486660242080688
2139,-0.6588562726974487,0.6863390207290649
2140,1.7521017789840698,0.8218753337860107
2141,0.6890822649002075,1.2364486455917358
2142,0.9517413973808289,0.8139333724975586
2143,-0.5445994734764099,0.5447324514389038
2144,1.8761664628982544,0.7525169849395752
2145,0.38009971380233765,0.8152849674224854
2146,2.0247435569763184,1.7105883359909058
2147,-1.2160426378250122,0.9252965450286865
2148,-2.198241710662842,1.275020956993103
2149,1.6908563375473022,0.4419907331466675
2150,-0.2669563889503479,0.610053539276123
2151,-0.2871747612953186,0.11561304330825806
2152,0.23254044353961945,0.4469653367996216
2153,-0.30239447951316833,0.13579285144805908
2154,0.4763020873069763,0.027429699897766113
2155,0.23591865599155426,0.13893157243728638
2156,0.7884195446968079,0.10083639621734619
2157,0.4090598225593567,-0.07768172025680542
2158,-0.34785622358322144,0.09333765506744385
2159,0.22025005519390106,-0.08796554803848267
2160,0.6899787187576294,-0.165703684091568
2161,0.125654399394989,-0.13623547554016113
2162,-0.06579901278018951,-0.11999779939651489
2163,0.11037552356719971,-0.09511792659759521
2164,-0.9821091294288635,0.16016501188278198
2165,0.8328009247779846,-0.0793030858039856
2166,-0.3528190553188324,-0.15327948331832886
2167,0.14743734896183014,-0.19910377264022827
2168,0.286878764629364,-0.21440640091896057
2169,-0.01717866212129593,-0.2589835226535797
2170,0.0516899973154068,-0.17858415842056274
2171,1.1205222606658936,0.23289930820465088
2172,1.4144234657287598,0.2764556407928467
2173,4.0298614501953125,2.3702826499938965
2174,-0.45143914222717285,0.7641586065292358
2175,0.08458743989467621,0.2167912721633911
2176,-0.29029759764671326,0.28372079133987427
2177,0.5024188756942749,0.5046365261077881
2178,1.302172064781189,0.6014136075973511
2179,0.3979412913322449,0.5735526084899902
2180,0.0050501227378845215,0.3119807243347168
2181,0.04706692695617676,0.18822211027145386
2182,0.35920238494873047,0.18375158309936523
2183,0.7062180042266846,0.5158302783966064
2184,-1.0916399955749512,0.26072078943252563
2185,-0.6428989768028259,0.16910630464553833
2186,1.1227521896362305,0.33132481575012207
2187,0.65605229139328,0.006788909435272217
2188,-0.8988974690437317,0.08359378576278687
2189,-1.20159912109375,0.3616774082183838
2190,0.9191040396690369,0.0739830732345581
2191,0.9273833632469177,0.040096819400787354
2192,0.1978919953107834,0.005034923553466797
2193,0.14794979989528656,0.07680147886276245
2194,-0.7488124370574951,-0.05667084455490112
2195,0.8393682241439819,-0.07418763637542725
2196,0.722913384437561,-0.03827309608459473
2197,0.5957088470458984,-0.06090497970581055
2198,-0.08861051499843597,-0.04085206985473633
2199,-0.43940848112106323,-0.10697317123413086
2200,0.9161005616188049,-0.0034085512161254883
2201,1.9797605276107788,0.6192268133163452
2202,-0.9758912920951843,0.2748091220855713
2203,-0.5112259387969971,0.04820376634597778
2204,0.2596966624259949,-0.11599189043045044
2205,-0.4689827561378479,0.11717218160629272
2206,1.016363263130188,0.03057342767715454
2207,0.09588243067264557,0.04151076078414917
2208,0.005528979003429413,-0.09938818216323853
2209,-0.21172240376472473,0.04170036315917969
2210,-0.5308555960655212,0.2224600911140442
2211,0.5037875175476074,-0.06882095336914062
2212,0.09083132445812225,0.017556488513946533
2213,1.3203068971633911,0.21944260597229004
2214,0.7310510277748108,0.21070438623428345
2215,-0.3734439015388489,0.5304702520370483
2216,0.7598652839660645,0.21000385284423828
2217,0.16983617842197418,0.14048773050308228
2218,0.5723108053207397,0.2861889600753784
2219,-0.7473614811897278,0.1449373960494995
2220,-0.3588009476661682,0.02346903085708618
2221,-0.655387818813324,0.08940505981445312
2222,-1.641562819480896,0.7656019926071167
2223,1.084541916847229,0.07768744230270386
2224,-0.145549938082695,-0.056153953075408936
2225,0.9608616232872009,-0.005189955234527588
2226,0.0760386735200882,-0.0077457427978515625
2227,0.2746850848197937,-0.04602736234664917
2228,-0.7115397453308105,-0.06354063749313354
2229,-0.2149648368358612,-0.07168453931808472
2230,1.2418779134750366,0.2059839963912964
2231,-0.1685085892677307,-0.07377886772155762
2232,-0.23136432468891144,0.3005256652832031
2233,0.6548742055892944,-0.13230377435684204
2234,0.9235044121742249,0.07036066055297852
2235,0.19027717411518097,0.09880590438842773
2236,-2.5920209884643555,2.5935616493225098
2237,-1.6641526222229004,1.1615564823150635
2238,1.164150595664978,0.625527024269104
2239,-0.45750099420547485,0.8496866226196289
2240,0.6212172508239746,0.3153373599052429
2241,-1.0533040761947632,0.22553026676177979
2242,-1.2554748058319092,0.6903289556503296
2243,-2.004373788833618,2.029669761657715
2244,1.5924372673034668,0.517103910446167
2245,1.6123545169830322,0.3964961767196655
2246,-0.3628053665161133,0.13761001825332642
2247,0.33162468671798706,0.14803451299667358
2248,0.9597387909889221,0.45678281784057617
2249,0.2127412110567093,0.006990671157836914
2250,1.1460102796554565,0.33870935440063477
2251,-0.6529024243354797,-0.055119872093200684
2252,-0.08371780812740326,-0.10322290658950806
2253,0.7274838089942932,-0.1443668007850647
2254,0.9449201226234436,0.06619232892990112
2255,-0.3250732123851776,-0.05885690450668335
2256,-0.6952480673789978,-0.10320508480072021
2257,-0.13750983774662018,-0.21619999408721924
2258,-1.086463212966919,0.255973756313324
2259,-0.7766745090484619,-0.03378760814666748
2260,1.1764277219772339,0.13221848011016846
2261,-0.13735654950141907,-0.026760458946228027
2262,0.3257303237915039,-0.16165247559547424
2263,0.7805076241493225,-0.10974287986755371
2264,-0.028609484434127808,-0.2610611617565155
2265,0.058200955390930176,-0.22241973876953125
2266,0.21171395480632782,-0.23343878984451294
2267,0.019845768809318542,-0.29222556948661804
2268,-0.6400762796401978,-0.13594603538513184
2269,0.3447384238243103,-0.27233022451400757
2270,-0.5681339502334595,-0.20328107476234436
2271,0.52805095911026,-0.25593870878219604
2272,0.8519230484962463,-0.06451642513275146
2273,0.4326111674308777,-0.2521696984767914
2274,0.04265037178993225,-0.2561121881008148
2275,-0.2480487823486328,-0.28643789887428284
2276,-0.46729397773742676,-0.2561679184436798
2277,0.24594099819660187,-0.21210888028144836
2278,-0.5030370950698853,-0.13147664070129395
2279,-0.788022518157959,-0.01859813928604126
2280,0.9890196919441223,0.018583238124847412
2281,-0.776475191116333,-0.028629958629608154
2282,-0.6346097588539124,0.023864567279815674
2283,-0.026294492185115814,-0.024647831916809082
2284,0.6893597841262817,-0.1636323630809784
2285,0.4025571942329407,-0.17274942994117737
2286,0.6616116762161255,-0.14464646577835083
2287,0.10451076924800873,-0.26612424850463867
2288,-0.9098287224769592,0.09380507469177246
2289,-0.9477145075798035,0.12728697061538696
2290,0.3201258182525635,-0.07525914907455444
2291,0.9190189242362976,-0.024003207683563232
2292,-1.3508676290512085,0.49872446060180664
2293,-0.7980268597602844,0.15039950609207153
2294,0.3590433597564697,0.22581183910369873
2295,0.22730736434459686,0.023841381072998047
2296,-0.40821027755737305,-0.11789184808731079
2297,0.6576504707336426,-0.18387371301651
2298,0.8077422380447388,-0.09144461154937744
2299,-0.8135446310043335,0.005406320095062256
2300,0.3187362551689148,-0.21556156873703003
2301,-0.12302805483341217,-0.229965478181839
2302,0.1637333184480667,-0.19445908069610596
2303,0.9158883690834045,-0.028863370418548584
2304,-0.6943167448043823,-0.10406482219696045
2305,-0.40566933155059814,-0.1978568136692047
2306,1.1293466091156006,0.10354441404342651
2307,-0.8725443482398987,0.05957353115081787
2308,-0.841178297996521,0.02483433485031128
2309,-0.18750250339508057,-0.03196173906326294
2310,-0.2855954170227051,0.015137135982513428
2311,-0.7595704793930054,0.3231760263442993
2312,-0.9464101791381836,0.8902816772460938
2313,0.22713331878185272,0.5791571140289307
2314,1.1761515140533447,0.13058674335479736
2315,0.1636834293603897,-0.047348737716674805
2316,0.3151487112045288,-0.1172826886177063
2317,0.525931715965271,-0.14544519782066345
2318,0.12775638699531555,-0.18082192540168762
2319,0.703953742980957,-0.13689005374908447
2320,0.3746698498725891,-0.17174920439720154
2321,0.09098757803440094,-0.14551305770874023
2322,-0.762059211730957,-0.0429079532623291
2323,0.3873649835586548,-0.2467619776725769
2324,-0.27887287735939026,0.09266054630279541
2325,0.7729759812355042,-0.1150924563407898
2326,-0.13326625525951385,-0.19206535816192627
2327,0.3678465485572815,-0.04265660047531128
2328,0.35713130235671997,-0.09483379125595093
2329,0.7169984579086304,-0.1433292031288147
2330,-0.16372188925743103,-0.08748668432235718
2331,0.5296840667724609,-0.24534320831298828
2332,0.1533001810312271,1.1471251249313354
2333,-0.1121879294514656,0.0401802659034729
2334,0.7611684203147888,0.5917699337005615
2335,-0.06534415483474731,0.4734921455383301
2336,1.4729264974594116,0.3070746064186096
2337,0.2024686187505722,0.3483997583389282
2338,2.3137569427490234,1.001139760017395
2339,-0.8237879872322083,0.6862276792526245
2340,0.09394945204257965,0.2775394320487976
2341,-0.55059814453125,0.6129878759384155
2342,1.0907647609710693,0.07638424634933472
2343,0.9112761616706848,0.3306865692138672
2344,0.08740578591823578,0.2198740839958191
2345,-0.2586132884025574,0.4637550115585327
2346,-1.3829753398895264,0.5282026529312134
2347,0.2986512780189514,0.2897375226020813
2348,-0.8948295712471008,0.08001834154129028
2349,1.142053484916687,0.11831444501876831
2350,1.1685131788253784,0.12741619348526
2351,-0.5558116436004639,-0.026385724544525146
2352,0.478463351726532,-0.05168980360031128
2353,0.32660770416259766,-0.13561981916427612
2354,-0.7318753600120544,-0.07163983583450317
2355,0.8542855381965637,-0.06310915946960449
2356,0.21089567244052887,-0.25313517451286316
2357,0.10827229917049408,-0.14609083533287048
2358,-0.09323441237211227,0.008493542671203613
2359,0.17612327635288239,-0.22847256064414978
2360,0.008627347648143768,-0.20202982425689697
2361,0.017139747738838196,-0.18968185782432556
2362,0.3647420406341553,-0.09568381309509277
2363,-0.9870576858520508,0.164709210395813
2364,0.35033607482910156,-0.1843279004096985
2365,0.5994810461997986,-0.21801641583442688
2366,0.5241668224334717,-0.20139577984809875
2367,0.17105327546596527,-0.29280638694763184
2368,-0.10899820178747177,-0.2368394136428833
2369,-0.4104105830192566,-0.15307128429412842
2370,0.41768431663513184,-0.25975966453552246
2371,0.9555413126945496,-0.006115317344665527
2372,0.6861380934715271,0.13158482313156128
2373,0.2768847346305847,-0.052682578563690186
2374,-0.5650983452796936,0.16538214683532715
2375,0.23604656755924225,-0.024796903133392334
2376,0.767998993396759,-0.12204372882843018
2377,-0.13650980591773987,-0.1449069082736969
2378,1.3209357261657715,0.40824592113494873
2379,-1.2034083604812622,0.3633415699005127
2380,0.8365815877914429,-0.003035902976989746
2381,-0.8256846070289612,0.016377925872802734
2382,-0.46333950757980347,-0.018523335456848145
2383,-1.131384253501892,0.4365689754486084
2384,-0.45936793088912964,0.07521915435791016
2385,-0.741861879825592,0.21968460083007812
2386,0.5898135304450989,-0.08249372243881226
2387,0.20499469339847565,-0.14809656143188477
2388,0.8114334940910339,-0.08954674005508423
2389,0.14795653522014618,-0.22764113545417786
2390,0.8152796626091003,-0.0883026123046875
2391,-0.7373995780944824,-0.06517517566680908
2392,0.3863781690597534,-0.04273271560668945
2393,-0.5254908800125122,-0.1680503487586975
2394,0.9504887461662292,-0.004765748977661133
2395,0.567923367023468,-0.16602790355682373
2396,-0.5471417903900146,-0.13460558652877808
2397,0.11355097591876984,-0.20813891291618347
2398,0.8725584745407104,-0.04940199851989746
2399,0.4922220706939697,-0.07316911220550537
2400,0.44562214612960815,-0.05765819549560547
2401,0.29600000381469727,-0.02493494749069214
2402,0.06697437167167664,0.15843480825424194
2403,-0.42358142137527466,-0.059657156467437744
2404,0.5496906638145447,0.02943134307861328
2405,0.45479869842529297,0.37281548976898193
2406,-0.3403884768486023,0.11901998519897461
2407,0.6095598936080933,-0.01660919189453125
2408,-0.08403537422418594,-0.09170162677764893
2409,0.379036545753479,-0.02473127841949463
2410,-0.3648061752319336,0.13132894039154053
2411,-0.2412547916173935,-0.10256391763687134
2412,-0.0739268809556961,-0.10724490880966187
2413,0.8881945610046387,-0.047743380069732666
2414,-0.7496201992034912,0.2257089614868164
2415,-0.42757487297058105,0.20162725448608398
2416,-0.4405653476715088,0.06827419996261597
2417,-0.053629204630851746,-0.04698234796524048
2418,1.2639873027801514,0.18530046939849854
2419,0.07119773328304291,0.15219569206237793
2420,-0.11425140500068665,-0.0008702278137207031
2421,1.2327085733413696,0.16154801845550537
2422,1.0309370756149292,0.8018267154693604
2423,-1.554587483406067,0.6837495565414429
2424,0.8823097944259644,0.027026474475860596
2425,-1.4969202280044556,0.6328158378601074
2426,-0.09912601858377457,0.10304003953933716
2427,-0.7571618556976318,0.06818711757659912
2428,0.8134324550628662,0.652804970741272
2429,-0.20543812215328217,0.08657747507095337
2430,2.815315008163452,1.1257845163345337
2431,-1.663962483406067,0.7861778736114502
2432,1.6315710544586182,0.4081392288208008
2433,0.9929609894752502,1.0378419160842896
2434,0.049463897943496704,0.4896085262298584
2435,-0.53545081615448,0.24614155292510986
2436,-1.3011640310287476,0.46719181537628174
2437,0.3685814142227173,0.07351058721542358
2438,-0.9968958497047424,0.27365756034851074
2439,0.6510120034217834,0.09832412004470825
2440,1.2190638780593872,0.1564536690711975
2441,-0.18844571709632874,-0.09481847286224365
2442,0.6813279986381531,-0.0024105310440063477
2443,-0.19584384560585022,-0.14100319147109985
2444,-1.4778363704681396,0.6152948141098022
2445,-0.7281532287597656,0.1767544150352478
2446,0.5131926536560059,-0.14939174056053162
2447,0.6939725279808044,-0.16129812598228455
2448,0.6884229183197021,0.45968925952911377
2449,-0.7110264897346497,-0.08871692419052124
2450,-0.3103455603122711,-0.09893739223480225
2451,0.34378713369369507,-0.12576228380203247
2452,0.2533145546913147,-0.18448862433433533
2453,0.6132211685180664,-0.12254279851913452
2454,-0.5249752998352051,-0.2406221628189087
2455,-0.08447962999343872,-0.19510406255722046
2456,-0.19061414897441864,-0.11493092775344849
2457,0.23674656450748444,-0.267985075712204
2458,0.5922596454620361,-0.22871842980384827
2459,-0.7596690058708191,-0.04405713081359863
2460,0.05679395794868469,-0.2408006191253662
2461,-0.7215593457221985,0.13175225257873535
2462,0.7178145051002502,-0.1463342010974884
2463,0.3563101887702942,-0.1971374750137329
2464,0.6686970591545105,-0.1767985224723816
2465,-0.0747213065624237,-0.21895796060562134
2466,-0.26100295782089233,-0.15739715099334717
2467,-0.21808455884456635,-0.23433905839920044
2468,0.14811359345912933,-0.31642305850982666
2469,-0.25178030133247375,-0.11345893144607544
2470,0.910169780254364,-0.029274344444274902
2471,0.21067939698696136,-0.11887365579605103
2472,-0.3406548500061035,-0.17901179194450378
2473,1.1207633018493652,0.09135949611663818
2474,-0.4800724387168884,-0.05289357900619507
2475,0.8791480660438538,-0.03860795497894287
2476,1.2355480194091797,0.4024639129638672
2477,0.5659288763999939,0.2503401041030884
2478,-1.1764986515045166,0.3338925838470459
2479,0.3124123215675354,-0.126747727394104
2480,0.6931701898574829,-0.1480100154876709
2481,-0.3741104006767273,-0.12933337688446045
2482,-0.15624785423278809,0.06178641319274902
2483,-0.876217782497406,0.06294673681259155
2484,0.034978121519088745,-0.11301690340042114
2485,0.017241530120372772,-0.15850108861923218
2486,0.345203161239624,-0.06654274463653564
2487,-0.6338926553726196,-0.16123458743095398
2488,-0.057576026767492294,-0.17157527804374695
2489,-0.5537140369415283,-0.21192201972007751
2490,0.045631036162376404,-0.13912075757980347
2491,0.5692963600158691,-0.2097480595111847
2492,0.40157026052474976,-0.2207770049571991
2493,0.12529881298542023,-0.301402747631073
2494,0.48786628246307373,-0.2917754650115967
2495,-0.011825904250144958,-0.3326816260814667
2496,0.5952943563461304,-0.019627869129180908
2497,0.2221839874982834,-0.17587769031524658
2498,0.7675293684005737,-0.12187737226486206
2499,0.027496337890625,-0.20617055892944336
2500,0.04016377031803131,-0.09741109609603882
2501,-0.7967502474784851,-0.010021746158599854
2502,0.20522187650203705,-0.15080764889717102
2503,0.8406292200088501,-0.07589852809906006
2504,-1.258561372756958,0.41397762298583984
2505,-0.47160375118255615,0.06595438718795776
2506,0.1934872716665268,-0.07977014780044556
2507,-0.5382753610610962,-0.09385722875595093
2508,-0.6042792797088623,0.08128482103347778
2509,0.6503627300262451,-0.1702469289302826
2510,-0.022566407918930054,-0.1503884494304657
2511,0.4519410729408264,-0.22618219256401062
2512,0.5716825127601624,-0.24015477299690247
2513,-0.6623737812042236,-0.13657289743423462
2514,-0.3593153953552246,-0.05319255590438843
2515,-0.2863144874572754,-0.16156044602394104
2516,-0.5486315488815308,0.09472048282623291
2517,0.05327075719833374,0.12912535667419434
2518,0.7007427215576172,-0.04125446081161499
2519,0.1590890735387802,-0.037168025970458984
2520,-0.2874399423599243,-0.2175031304359436
2521,-0.1311715692281723,-0.18867307901382446
2522,0.26045483350753784,-0.24098509550094604
2523,-0.7215139865875244,-0.08332347869873047
2524,-0.29947710037231445,-0.007412135601043701
2525,0.8033549189567566,-0.005002319812774658
2526,-0.12262929975986481,-0.1195409893989563
2527,0.29213660955429077,-0.13105517625808716
2528,0.7117452621459961,-0.1542072296142578
2529,-0.11569662392139435,-0.07290279865264893
2530,0.728482723236084,-0.14590361714363098
2531,0.5380573272705078,-0.15374383330345154
2532,-0.3414311707019806,-0.2039305865764618
2533,0.3580819368362427,-0.2167053520679474
2534,-0.3292919397354126,-0.21277090907096863
2535,0.5261970162391663,-0.26717808842658997
2536,-0.7493986487388611,-0.05350768566131592
2537,0.5760855078697205,-0.23868995904922485
2538,-0.22393956780433655,-0.23914703726768494
2539,0.5638993382453918,-0.24256223440170288
2540,0.09997484087944031,-0.2911190688610077
2541,-0.08561036735773087,-0.2985978126525879
2542,-0.25969234108924866,-0.2715497314929962
2543,0.43088865280151367,-0.3219631314277649
2544,-0.1587429642677307,-0.32958903908729553
2545,-0.31812870502471924,-0.2595231831073761
2546,0.04650655388832092,-0.296547532081604
2547,0.43912434577941895,-0.32015514373779297
2548,0.1548909991979599,-0.3407784402370453
2549,0.35018104314804077,-0.3038952350616455
2550,-0.1522153615951538,-0.3027452826499939
2551,-0.13107137382030487,-0.3627292513847351
2552,-0.1104227602481842,-0.2759218215942383
2553,-0.448611855506897,-0.2965463101863861
2554,0.8448829054832458,-0.06877893209457397
2555,-0.022665537893772125,-0.29060351848602295
2556,0.11026215553283691,-0.13699591159820557
2557,-0.03455336391925812,-0.26397907733917236
2558,0.8149181604385376,-0.08695703744888306
2559,0.06978124380111694,-0.2193155288696289
2560,0.43097221851348877,-0.3168535828590393
2561,-0.2516346275806427,-0.147901713848114
2562,-0.3933790326118469,-0.24773231148719788
2563,0.32951539754867554,-0.2839643657207489
2564,-0.07806745171546936,-0.3043304681777954
2565,0.09062638878822327,-0.27841588854789734
2566,0.5652889609336853,-0.21801230311393738
2567,0.8527939319610596,0.09533727169036865
2568,0.01822414994239807,-0.2386508584022522
2569,-0.31959834694862366,-0.27821028232574463
2570,0.3834654688835144,0.0018922090530395508
2571,-1.7389447689056396,0.8550193309783936
2572,-0.740368664264679,0.4682145118713379
2573,-1.2807707786560059,0.4343682527542114
2574,1.2469451427459717,0.17496848106384277
2575,-0.07481699436903,-0.2437303364276886
2576,-0.3350139260292053,-0.2255370318889618
2577,0.2857048511505127,-0.18405583500862122
2578,0.20589019358158112,-0.2579779624938965
2579,-0.2861112356185913,-0.31162604689598083
2580,0.5081514120101929,-0.27973052859306335
2581,-0.0245768204331398,-0.262037992477417
2582,0.3511456847190857,-0.29929062724113464
2583,-0.35072553157806396,-0.30196434259414673
2584,-0.7678487300872803,-0.03666675090789795
2585,-0.27220258116722107,-0.16164812445640564
2586,0.31228792667388916,-0.20284506678581238
2587,-1.1583576202392578,0.3211403489112854
2588,0.7699452042579651,-0.11672240495681763
2589,0.1904793232679367,-0.263152152299881
2590,0.5345515608787537,-0.2619016468524933
2591,0.24284996092319489,-0.2621566653251648
2592,-0.21392902731895447,-0.3005407750606537
2593,0.3030601143836975,-0.21747180819511414
2594,-0.08381056785583496,-0.20357930660247803
2595,0.49292147159576416,-0.28429967164993286
2596,0.19451089203357697,-0.2696939706802368
2597,0.07778403162956238,-0.22096911072731018
2598,0.2016100436449051,-0.2119501233100891
2599,0.39574456214904785,-0.2116890251636505
2600,0.44253629446029663,-0.2133476734161377
2601,0.021241575479507446,-0.2172250747680664
2602,-0.47374993562698364,-0.27266591787338257
2603,0.2660767436027527,-0.3073524832725525
2604,0.5667451620101929,-0.23871266841888428
2605,-0.24514715373516083,-0.23618000745773315
2606,-0.18283553421497345,-0.2764972746372223
2607,-0.25768598914146423,-0.30565646290779114
2608,0.158291295170784,-0.17507031559944153
2609,0.20337016880512238,-0.27464547753334045
2610,-0.2627435326576233,-0.2842305600643158
2611,0.04038320481777191,-0.23914769291877747
2612,-0.069331094622612,-0.28897589445114136
2613,-0.05481935292482376,-0.2861480414867401
2614,-0.5237489938735962,-0.04905146360397339
2615,-0.0979452133178711,-0.23380425572395325
2616,0.9321087002754211,0.010560393333435059
2617,-0.36052191257476807,0.4835759401321411
2618,0.3428029417991638,0.06412142515182495
2619,-0.2239740937948227,0.028353333473205566
2620,0.9747082591056824,0.002850353717803955
2621,0.31351804733276367,-0.10343372821807861
2622,-0.4359520673751831,-0.11613136529922485
2623,0.7158845663070679,-0.11637121438980103
2624,0.1764749437570572,-0.22569411993026733
2625,-0.2032759189605713,-0.21237975358963013
2626,-0.6387003660202026,-0.1561448574066162
2627,-0.5628292560577393,-0.14677372574806213
2628,0.34645742177963257,-0.20838004350662231
2629,0.3221803307533264,-0.31050702929496765
2630,0.1766044944524765,-0.15452948212623596
2631,-0.7632409930229187,0.03041815757751465
2632,0.3921665549278259,0.2989429235458374
2633,-0.040602535009384155,-0.18668505549430847
2634,0.8596729040145874,-0.06440860033035278
2635,-0.11275534331798553,-0.16305232048034668
2636,0.13510172069072723,-0.23956158757209778
2637,0.23060496151447296,-0.25647392868995667
2638,0.7321821451187134,-0.13382863998413086
2639,0.357286274433136,-0.16518718004226685
2640,0.7245690822601318,-0.14883148670196533
2641,-0.27877575159072876,-0.09350311756134033
2642,0.49115073680877686,-0.2341538965702057
2643,0.7036682963371277,-0.15996813774108887
2644,-0.08405032008886337,-0.15270590782165527
2645,0.6414473056793213,-0.19336456060409546
2646,-0.25272780656814575,-0.16112351417541504
2647,-0.6288149356842041,-0.14918771386146545
2648,0.48190128803253174,-0.17745110392570496
2649,-0.2539794147014618,-0.2178000509738922
2650,-0.30891820788383484,-0.18104872107505798
2651,0.7616278529167175,-0.11926311254501343
2652,0.3940919041633606,-0.13621747493743896
2653,-0.27369746565818787,-0.17633426189422607
2654,-0.9503355622291565,0.1309944987297058
2655,-0.1688600331544876,-0.057138025760650635
2656,0.5109269618988037,0.16826188564300537
2657,-0.21127277612686157,-0.10937410593032837
2658,-0.6796988844871521,-0.11779153347015381
2659,0.3433155417442322,-0.24422487616539001
2660,-0.21619929373264313,-0.2986678183078766
2661,-0.0026977434754371643,-0.27127906680107117
2662,-1.2061595916748047,0.36520159244537354
2663,0.8655807971954346,-0.036228179931640625
2664,0.42120635509490967,-0.0734560489654541
2665,-0.6091200113296509,-0.1823282241821289
2666,-0.37783777713775635,-0.007427096366882324
2667,-1.0556707382202148,0.22770166397094727
2668,-1.4040700197219849,0.5431365966796875
2669,0.3017367124557495,-0.008547365665435791
2670,0.6472787857055664,0.0005428194999694824
2671,1.0236026048660278,0.038111984729766846
2672,0.4211946725845337,-0.10473382472991943
2673,0.6776506900787354,-0.172862708568573
2674,-0.21160303056240082,-0.22492524981498718
2675,1.1604753732681274,0.12254565954208374
2676,1.0976148843765259,0.08068418502807617
2677,-0.050502680242061615,-0.26768165826797485
2678,0.6856082677841187,-0.14328539371490479
2679,0.9762381911277771,0.011446356773376465
2680,-0.6583212018013,-0.10079014301300049
2681,-0.06198638677597046,-0.2146214246749878
2682,0.4639793634414673,-0.2099149525165558
2683,-0.021308012306690216,-0.16141140460968018
2684,0.0706833153963089,-0.1746545135974884
2685,0.3975986838340759,-0.15217891335487366
2686,0.7065675854682922,-0.15615591406822205
2687,0.3288828134536743,0.047843992710113525
2688,1.08914053440094,0.0791710615158081
2689,-0.1882229745388031,-0.07772624492645264
2690,-0.29478955268859863,-0.13424897193908691
2691,1.1293193101882935,0.10331380367279053
2692,0.13918046653270721,0.038409650325775146
2693,0.13502374291419983,-0.0969005823135376
2694,0.6558719873428345,0.040462374687194824
2695,0.01721220463514328,-0.07422423362731934
2696,-0.3280872702598572,-0.061598241329193115
2697,-0.15955033898353577,-0.096183180809021
2698,0.20263148844242096,0.17866355180740356
2699,0.24637238681316376,-0.16541877388954163
2700,0.38851505517959595,-0.17274799942970276
2701,-0.5881219506263733,-0.08473390340805054
2702,-0.29343903064727783,0.726184606552124
2703,-0.5053704380989075,0.5670841932296753
2704,2.166098117828369,0.7321997880935669
2705,-0.6732851266860962,-0.03534978628158569
2706,0.1915992945432663,0.08718305826187134
2707,0.9896033406257629,0.018387913703918457
2708,-0.1339588612318039,0.062229692935943604
2709,-0.39766305685043335,-0.059774577617645264
2710,-0.9054877161979675,0.08972525596618652
2711,0.49801939725875854,-0.16618865728378296
2712,0.701051652431488,-0.02164226770401001
2713,-0.7695502638816833,0.006608903408050537
2714,-0.05271458625793457,0.037005841732025146
2715,-0.7143689393997192,-0.08577537536621094
2716,-0.5622090697288513,0.36989080905914307
2717,-1.92080557346344,1.021986484527588
2718,1.4890847206115723,0.32176434993743896
2719,0.23803789913654327,0.11307293176651001
2720,-0.21628756821155548,-0.007540702819824219
2721,-0.9234365820884705,0.14426231384277344
2722,-1.1542840003967285,0.3188048005104065
2723,-1.364784836769104,0.5115017890930176
2724,-0.06850764155387878,0.33087682723999023
2725,0.7374609708786011,0.29075896739959717
2726,-1.0001208782196045,0.2178444266319275
2727,0.759141206741333,0.33961057662963867
2728,1.2631382942199707,0.18472939729690552
2729,-0.9365532398223877,0.11764401197433472
2730,-0.14432978630065918,0.03892570734024048
2731,-0.04328813776373863,-0.17747268080711365
2732,1.0307124853134155,0.04387885332107544
2733,0.8871992826461792,-0.04332512617111206
2734,-0.8283160924911499,0.018967926502227783
2735,0.4774699807167053,-0.22569429874420166
2736,0.49231529235839844,-0.2672710120677948
2737,0.5787039995193481,-0.17285433411598206
2738,1.079203486442566,0.08574879169464111
2739,1.0160993337631226,0.033983588218688965
2740,0.7725607752799988,-0.11753726005554199
2741,-0.381930410861969,-0.1813584864139557
2742,-0.7395360469818115,-0.06255114078521729
2743,0.5594546794891357,-0.24823176860809326
2744,-0.6574463844299316,-0.1379086971282959
2745,0.16061817109584808,-0.22491908073425293
2746,-0.23824192583560944,-0.208231121301651
2747,0.31658583879470825,-0.2872128486633301
2748,0.03239394724369049,-0.27672523260116577
2749,0.7187587022781372,-0.14593687653541565
2750,0.32166481018066406,-0.08359891176223755
2751,-0.411316454410553,-0.1796588897705078
2752,0.5071492195129395,-0.2778853476047516
2753,0.5094905495643616,-0.2234986424446106
2754,0.11806276440620422,-0.2015811800956726
2755,0.07051749527454376,-0.18753647804260254
2756,0.5833631753921509,-0.22704410552978516
2757,-0.12452402710914612,-0.26117751002311707
2758,-0.108778215944767,-0.164926677942276
2759,0.5904498100280762,-0.20897987484931946
2760,0.7158260345458984,-0.14898771047592163
2761,-0.08032231032848358,-0.12367492914199829
2762,-0.260234534740448,0.08005636930465698
2763,0.012197233736515045,-0.08130896091461182
2764,0.6509947776794434,-0.08800458908081055
2765,-0.7619174122810364,-0.043288469314575195
2766,-0.32414042949676514,-0.0042612552642822266
2767,-0.13802620768547058,-0.18563508987426758
2768,-0.15859614312648773,-0.21183842420578003
2769,-0.31148505210876465,-0.12421411275863647
2770,0.09561599791049957,-0.1797240972518921
2771,0.6182849407196045,-0.20679301023483276
2772,0.15106965601444244,-0.2553647458553314
2773,0.0332653671503067,-0.30814194679260254
2774,0.4992266893386841,-0.22379812598228455
2775,0.2746056318283081,-0.2532006800174713
2776,-0.9103646874427795,0.09429717063903809
2777,-0.6534836292266846,0.008346617221832275
2778,-0.11025165766477585,-0.09526771306991577
2779,0.6695846915245056,-0.1653294563293457
2780,-0.005568057298660278,-0.13639575242996216
2781,0.010420389473438263,-0.11673575639724731
2782,0.9898760914802551,0.019095122814178467
2783,0.9508654475212097,0.021563470363616943
2784,-0.1271744966506958,-0.058574676513671875
2785,0.6285607218742371,-0.10010945796966553
2786,-0.13400693237781525,-0.08860182762145996
2787,0.5616200566291809,-0.14176464080810547
2788,-0.41158527135849,-0.1310444474220276
2789,0.43675076961517334,-0.16944488883018494
2790,0.29011237621307373,-0.03478693962097168
2791,-0.2674880623817444,-0.02779972553253174
2792,-0.3499729037284851,-0.030390024185180664
2793,0.6542556285858154,-0.08751612901687622
2794,-0.5194005370140076,-0.1316426396369934
2795,0.24386222660541534,-0.17622533440589905
2796,-0.0787968710064888,-0.10251539945602417
2797,0.5165976881980896,-0.13327455520629883
2798,0.011613190174102783,0.09901553392410278
2799,-0.41682857275009155,-0.06755572557449341
2800,-0.5556360483169556,-0.11659359931945801
2801,-0.32011130452156067,-0.007105827331542969
2802,1.1913576126098633,0.14126956462860107
2803,-0.19615358114242554,-0.014968276023864746
2804,-0.4141063094139099,-0.13777238130569458
2805,0.44218647480010986,-0.2090366780757904
2806,-0.24718524515628815,-0.1091800332069397
2807,-0.7375450134277344,-0.07001525163650513
2808,0.477072536945343,-0.04654055833816528
2809,-0.7841400504112244,-0.021597325801849365
2810,0.21328552067279816,-0.09665793180465698
2811,0.11386935412883759,0.08149009943008423
2812,0.251772940158844,-0.026024997234344482
2813,0.14308393001556396,-0.06404739618301392
2814,0.5980311632156372,0.3192116618156433
2815,-0.39012211561203003,0.02918243408203125
2816,1.1566519737243652,0.12011945247650146
2817,-0.3052392601966858,-0.14743956923484802
2818,-0.37765443325042725,-0.1419968605041504
2819,-0.3122889995574951,-0.13508808612823486
2820,0.5719723105430603,-0.13850629329681396
2821,-0.32879453897476196,-0.15221604704856873
2822,0.2919667363166809,-0.08886498212814331
2823,0.704888641834259,-0.09153509140014648
2824,1.1263597011566162,0.17388957738876343
2825,-1.1361496448516846,0.3015909790992737
2826,0.07159093022346497,0.10176593065261841
2827,0.37742072343826294,-0.1880735456943512
2828,0.04247525334358215,-0.1724347472190857
2829,0.2686939239501953,-0.0879601240158081
2830,-0.2952461242675781,-0.04884135723114014
2831,0.8179575204849243,-0.0921403169631958
2832,0.1348290741443634,-0.21286186575889587
2833,0.09314097464084625,-0.09464746713638306
2834,-0.12863504886627197,-0.06700742244720459
2835,-0.08731453120708466,-0.1652091145515442
2836,-0.37229955196380615,-0.22292926907539368
2837,0.10077686607837677,-0.22917908430099487
2838,-0.6118891835212708,-0.18365642428398132
2839,-0.5844644904136658,-0.1801215410232544
2840,0.052760690450668335,-0.05123323202133179
2841,-0.1178954541683197,-0.28188270330429077
2842,-1.0110284090042114,0.18611687421798706
2843,-0.4367266893386841,0.3311105966567993
2844,0.40232664346694946,0.016964197158813477
2845,0.3702425956726074,-0.1381624937057495
2846,-0.9313256144523621,0.1135413646697998
2847,-0.4047861695289612,0.021040618419647217
2848,-0.44811350107192993,2.3305416107177734e-05
2849,0.42280250787734985,-0.2650797665119171
2850,-1.2008576393127441,0.3609968423843384
2851,0.4134775400161743,-0.01736915111541748
2852,0.9816210865974426,0.013941287994384766
2853,0.6443233489990234,0.0026221871376037598
2854,0.5184051990509033,0.052732229232788086
2855,-0.08924312144517899,0.01568704843521118
2856,0.45072245597839355,-0.07873725891113281
2857,0.046734705567359924,-0.25329798460006714
2858,-0.7149559855461121,-0.08511078357696533
2859,0.7191085815429688,-0.14649680256843567
2860,-0.7700067162513733,-0.03456604480743408
2861,0.8931916356086731,-0.04358828067779541
2862,0.267175555229187,-0.18713811039924622
2863,0.19922654330730438,-0.1622125208377838
2864,0.7203320860862732,-0.14530295133590698
2865,-0.11759351193904877,-0.2149287462234497
2866,-0.05715838447213173,-0.19531327486038208
2867,0.3717423677444458,-0.15430760383605957
2868,0.1608859747648239,-0.215409517288208
2869,0.9698666930198669,0.006722629070281982
2870,-0.21314769983291626,-0.14551451802253723
2871,-0.18852218985557556,-0.26690673828125
2872,0.12182936072349548,-0.30370381474494934
2873,0.5298235416412354,-0.25222456455230713
2874,-0.43668150901794434,-0.2573149800300598
2875,0.008735515177249908,-0.2673405110836029
2876,0.1540415734052658,-0.2923657298088074
2877,-0.25831297039985657,-0.2088855803012848
2878,0.21285627782344818,-0.23710745573043823
2879,0.403390109539032,-0.2693878710269928
2880,-0.5716102719306946,-0.22038304805755615
2881,-0.13710695505142212,-0.2401253879070282
2882,0.16319657862186432,-0.20052644610404968
2883,-0.287167489528656,-0.18179264664649963
2884,-0.7476939558982849,-0.050708651542663574
2885,0.3530869483947754,-0.06371361017227173
2886,0.3743216395378113,-0.13439488410949707
2887,-0.6443605422973633,-0.15464913845062256
2888,0.3910430669784546,-0.2527809143066406
2889,0.16239185631275177,-0.22764870524406433
2890,0.3072406053543091,-0.23362132906913757
2891,0.5679967403411865,-0.24367550015449524
2892,0.5211600661277771,-0.10840970277786255
2893,-0.09444507211446762,-0.23794931173324585
2894,0.032770246267318726,0.006595790386199951
2895,-0.06240040808916092,-0.26185327768325806
2896,0.4140486717224121,-0.2722454369068146
2897,0.22494147717952728,-0.22388675808906555
2898,0.20386730134487152,-0.23544350266456604
2899,0.42330920696258545,-0.25861814618110657
2900,0.08686816692352295,-0.20140904188156128
2901,0.23349983990192413,-0.23658475279808044
2902,-0.29932302236557007,-0.19280558824539185
2903,-0.8480402231216431,0.03707432746887207
2904,-1.8468899726867676,0.9618518352508545
2905,0.04320219159126282,0.47575128078460693
2906,-1.6246528625488281,0.7500874996185303
2907,1.2192353010177612,0.4333101511001587
2908,-1.9872543811798096,1.0771253108978271
2909,-2.278834581375122,1.3506940603256226
2910,2.0483314990997314,0.7995021343231201
2911,2.032195806503296,0.6505591869354248
2912,-0.1430080533027649,0.3882497549057007
2913,-0.8587255477905273,0.04094541072845459
2914,0.7004289031028748,-0.09822279214859009
2915,-0.10806681215763092,0.00564950704574585
2916,0.920164167881012,-0.02916043996810913
2917,-0.7073654532432556,-0.09223538637161255
2918,-0.8480501770973206,0.034000515937805176
2919,0.2071903496980667,-0.08716470003128052
2920,1.0378741025924683,0.04821896553039551
2921,-0.001620166003704071,-0.2401474118232727
2922,-0.6134676933288574,-0.11067718267440796
2923,0.7490631937980652,-0.12690168619155884
2924,1.1040725708007812,0.08835196495056152
2925,-0.12928035855293274,-0.12036138772964478
2926,0.994508683681488,0.13147515058517456
2927,-0.5498907566070557,-0.09208071231842041
2928,-0.20965740084648132,-0.2593286335468292
2929,-0.0211186483502388,-0.2215438187122345
2930,0.04388834536075592,-0.23627141118049622
2931,-0.7857884764671326,-0.020076751708984375
2932,0.740232527256012,-0.13223284482955933
2933,0.724394679069519,-0.1431276798248291
2934,1.6140823364257812,0.39754414558410645
2935,0.4167385697364807,0.05112016201019287
2936,-0.31201493740081787,-0.22239381074905396
2937,-0.33960115909576416,-0.22357863187789917
2938,-0.048343926668167114,-0.1806410253047943
2939,0.4040423631668091,-0.3417569398880005
2940,-0.39824962615966797,-0.20566412806510925
2941,-0.32325273752212524,-0.21070614457130432
2942,0.6140419840812683,-0.21018311381340027
2943,-0.5111744999885559,-0.2651963531970978
2944,-0.2360382080078125,-0.21492138504981995
2945,-0.13616783916950226,-0.258892297744751
2946,0.655826985836029,-0.16155755519866943
2947,-0.05307670682668686,-0.26348528265953064
2948,-0.20616096258163452,-0.3257422149181366
2949,-0.058317072689533234,-0.285967618227005
2950,0.6498115062713623,-0.1916014850139618
2951,0.167714461684227,-0.257567822933197
2952,0.026775971055030823,-0.16619396209716797
2953,0.42064958810806274,-0.1941889226436615
2954,0.7033175230026245,-0.16152101755142212
2955,0.1715022176504135,-0.18946433067321777
2956,0.3324977159500122,-0.1654127538204193
2957,0.13721279799938202,-0.2441222369670868
2958,0.16497643291950226,-0.12588244676589966
2959,0.7997962236404419,-0.08487087488174438
2960,-0.17703738808631897,-0.1694013774394989
2961,-0.5092910528182983,-0.029424011707305908
2962,0.10317058861255646,-0.1025536060333252
2963,0.23560558259487152,-0.23361361026763916
2964,0.17625688016414642,-0.05523401498794556
2965,-0.3565787076950073,-0.2569388747215271
2966,0.12437272071838379,-0.24634775519371033
2967,-0.5127421021461487,-0.27667728066444397
2968,0.4871711730957031,-0.24692019820213318
2969,0.4551084041595459,-0.3032088279724121
2970,0.46120685338974,-0.2832065224647522
2971,0.07469895482063293,-0.31128743290901184
2972,0.6655970215797424,-0.1611177921295166
2973,0.04019041359424591,-0.23471599817276
2974,-0.3427497446537018,-0.2620689272880554
2975,-0.01320868730545044,-0.2789034843444824
2976,-0.43399137258529663,-0.29012441635131836
2977,0.2706905007362366,-0.22397226095199585
2978,0.3874090313911438,-0.2956800162792206
2979,0.17346014082431793,-0.2766338884830475
2980,0.47062957286834717,-0.10720658302307129
2981,-0.040336623787879944,0.02490442991256714
2982,0.26849061250686646,-0.26198795437812805
2983,0.8517165184020996,-0.07142835855484009
2984,-0.13684245944023132,-0.14699304103851318
2985,0.6034839749336243,-0.2204611897468567
2986,-0.1017746701836586,-0.1773531436920166
2987,0.38099193572998047,-0.18336078524589539
2988,0.6841572523117065,0.04014444351196289
2989,0.20159195363521576,0.087252676486969
2990,0.5423473119735718,-0.1282101273536682
2991,1.7973439693450928,0.508278489112854
2992,-0.5853333473205566,0.04167991876602173
2993,0.2897660732269287,-0.1013595461845398
2994,0.24037830531597137,0.010704457759857178
2995,-0.7239349484443665,-0.07793253660202026
2996,0.5756176710128784,-0.12373572587966919
2997,0.31324225664138794,-0.18632405996322632
2998,0.2733294367790222,-0.12931323051452637
2999,-0.4129883050918579,-0.1309308409690857
3000,0.7342407703399658,-0.06685668230056763
3001,-0.1822361946105957,-0.15878579020500183
3002,0.5003402829170227,-0.1457359790802002
3003,0.2543484568595886,0.11086225509643555
3004,-1.362113118171692,0.5090488195419312
3005,-1.2222546339035034,0.38064348697662354
3006,1.5688457489013672,0.41384005546569824
3007,0.7742557525634766,0.2669457197189331
3008,-0.08986268192529678,0.20495545864105225
3009,1.5913673639297485,0.38311898708343506
3010,1.5066335201263428,0.513701319694519
3011,-0.7627021074295044,0.3532260060310364
3012,-0.7241762280464172,0.038878023624420166
3013,-0.667543351650238,0.058711469173431396
3014,0.9424808621406555,-0.014852643013000488
3015,0.26669126749038696,-0.1165006160736084
3016,0.8394715189933777,-0.07634776830673218
3017,-0.8966529369354248,0.08170837163925171
3018,0.4707413911819458,-0.007316529750823975
3019,-0.4200759530067444,0.22218215465545654
3020,-0.9011455774307251,0.08581209182739258
3021,0.5835818648338318,0.12103283405303955
3022,-0.7777585983276367,-0.027457833290100098
3023,-0.06482058763504028,-0.1298256516456604
3024,0.8972348570823669,-0.037484943866729736
3025,0.5074800252914429,-0.1280883550643921
3026,-0.666255533695221,-0.12982308864593506
3027,0.5069308280944824,-0.20296332240104675
3028,-0.320939838886261,-0.23289132118225098
3029,-0.07831304520368576,-0.16760611534118652
3030,0.7351619005203247,-0.0995950698852539
3031,0.022016972303390503,-0.20741695165634155
3032,-0.33921343088150024,-0.19214946031570435
3033,-0.08644999563694,-0.28022098541259766
3034,0.888519287109375,-0.04232817888259888
3035,-0.22028565406799316,-0.2501983642578125
3036,0.569894015789032,-0.2288212776184082
3037,-0.6014764904975891,-0.19524633884429932
3038,0.4611809253692627,-0.20073851943016052
3039,-0.17622002959251404,-0.3130500614643097
3040,-0.41479647159576416,-0.2308809757232666
3041,-0.033637747168540955,-0.2574480175971985
3042,-0.2656886875629425,-0.19203612208366394
3043,0.4570308327674866,-0.21850717067718506
3044,-0.5945048928260803,-0.20164746046066284
3045,0.5961676836013794,-0.22641035914421082
3046,0.06894834339618683,-0.10834997892379761
3047,1.0778745412826538,0.0724642276763916
3048,-0.17589695751667023,-0.11633890867233276
3049,0.7269910573959351,-0.14126712083816528
3050,0.0759994238615036,-0.08055371046066284
3051,-0.16876044869422913,-0.19394361972808838
3052,-0.573458194732666,0.024105429649353027
3053,0.5168046951293945,-0.2562221586704254
3054,0.04254433512687683,-0.1574546992778778
3055,0.8731966614723206,-0.05318325757980347
3056,0.05079033970832825,-0.1207730770111084
3057,0.5863549709320068,-0.021601378917694092
3058,0.8784928917884827,0.09129559993743896
3059,-0.8350484371185303,0.02514779567718506
3060,0.29729270935058594,-0.18161356449127197
3061,-0.3278384804725647,-0.2467714548110962
3062,-0.044360771775245667,-0.12239927053451538
3063,-0.22622473537921906,-0.12351298332214355
3064,-0.7054172158241272,-0.09638530015945435
3065,0.24724142253398895,-0.24096554517745972
3066,0.1293836086988449,-0.275568425655365
3067,-0.4030799865722656,-0.07822513580322266
3068,-0.06518466770648956,-0.19419389963150024
3069,-0.25856852531433105,-0.0765695571899414
3070,0.1232372522354126,-0.19271838665008545
3071,0.56781405210495,-0.13388097286224365
3072,-0.7429490089416504,-0.003934919834136963
3073,0.5118290781974792,-0.2550933063030243
3074,-0.6633816957473755,-0.01061999797821045
3075,0.2603803277015686,-0.16206827759742737
3076,-0.524638831615448,0.006248593330383301
3077,-0.32715874910354614,-0.19403839111328125
3078,0.92171710729599,-0.022200822830200195
3079,0.4100800156593323,-0.18267008662223816
3080,0.230975940823555,-0.24578437209129333
3081,-0.03394016623497009,-0.2946681082248688
3082,0.5911308526992798,-0.2131369709968567
3083,-0.15204431116580963,-0.2792201042175293
3084,-0.5001929998397827,-0.28769201040267944
3085,0.15917612612247467,-0.2913259267807007
3086,0.5942278504371643,-0.22743713855743408
3087,0.006231285631656647,-0.2067880630493164
3088,0.17892099916934967,-0.19980737566947937
3089,-0.09387549757957458,-0.2537192702293396
3090,0.7858591675758362,-0.007944107055664062
3091,-0.0028442516922950745,-0.16742554306983948
3092,0.03049616515636444,-0.23238494992256165
3093,-0.326870322227478,-0.2108207643032074
3094,-0.23898369073867798,-0.21528589725494385
3095,-0.06283724308013916,-0.18091291189193726
3096,0.6115156412124634,0.3680844306945801
3097,0.9530653357505798,-0.0032771825790405273
3098,-0.8351398706436157,0.025230109691619873
3099,0.4447879195213318,-0.17930534482002258
3100,-0.0240388885140419,-0.026254236698150635
3101,-0.30797553062438965,-0.15185943245887756
3102,0.46826672554016113,-0.0020606517791748047
3103,0.9270468354225159,-0.020186781883239746
3104,0.33679836988449097,0.21011900901794434
3105,0.9831066727638245,0.04249978065490723
3106,-0.8100626468658447,0.0003987550735473633
3107,-0.9506415724754333,0.131275475025177
3108,0.9058265089988708,-0.03187435865402222
3109,-0.3216911256313324,-0.18784061074256897
3110,1.3319681882858276,0.22651076316833496
3111,-0.12827253341674805,-0.08909779787063599
3112,0.2971366047859192,-0.20905473828315735
3113,-0.742985725402832,-0.059374094009399414
3114,-0.6303871273994446,-0.08432483673095703
3115,0.2955859303474426,-0.15517199039459229
3116,-0.33154231309890747,-0.2709701657295227
3117,0.3480273485183716,-0.1957525908946991
3118,0.4880948066711426,-0.22948643565177917
3119,-0.46235430240631104,-0.17870497703552246
3120,0.4753963351249695,-0.2517572045326233
3121,-0.6808006167411804,-0.11646854877471924
3122,-0.6211576461791992,0.007768869400024414
3123,0.24317283928394318,-0.13940852880477905
3124,-0.6111747026443481,-0.16115418076515198
3125,0.013555251061916351,-0.08637082576751709
3126,0.4610663056373596,-0.16383755207061768
3127,0.15021874010562897,-0.27700650691986084
3128,0.32695549726486206,-0.28760671615600586
3129,0.16058333218097687,-0.26044604182243347
3130,0.5171496272087097,-0.274545282125473
3131,-0.19816580414772034,-0.32369062304496765
3132,-0.33452707529067993,-0.2601549029350281
3133,-0.4527633786201477,-0.22629773616790771
3134,-0.012604303658008575,-0.23495161533355713
3135,0.2946978211402893,-0.24064061045646667
3136,-0.12508411705493927,-0.2774694859981537
3137,0.16375963389873505,-0.32263579964637756
3138,0.38415026664733887,-0.28246432542800903
3139,-0.04719015210866928,-0.2971409559249878
3140,0.41310828924179077,-0.3366808593273163
3141,0.18591450154781342,-0.20580673217773438
3142,-0.09479590505361557,-0.18286404013633728
3143,-0.20252017676830292,-0.25615057349205017
3144,-0.2925313115119934,-0.311429888010025
3145,0.0626077950000763,-0.17026862502098083
3146,-0.5003557801246643,-0.2585812211036682
3147,0.07765123248100281,-0.10206902027130127
3148,-0.16214342415332794,-0.21491867303848267
3149,0.1763743907213211,-0.28657153248786926
3150,0.6028751134872437,-0.2164994776248932
3151,0.44741809368133545,-0.30579155683517456
3152,-0.20369291305541992,-0.36807480454444885
3153,0.2104862481355667,-0.3472538888454437
3154,0.08731180429458618,-0.2573676109313965
3155,-0.3158276677131653,-0.19121968746185303
3156,0.2213648110628128,-0.23476842045783997
3157,-0.07732851803302765,-0.29765284061431885
3158,0.43839031457901,-0.3047887086868286
3159,0.07858291268348694,-0.16931134462356567
3160,0.4376996159553528,-0.3209698498249054
3161,0.018759988248348236,-0.31159934401512146
3162,-0.3570098876953125,-0.27184411883354187
3163,0.3664553761482239,-0.22731301188468933
3164,0.4474374055862427,-0.2833915650844574
3165,-0.4618767499923706,-0.2938916087150574
3166,-0.3759418725967407,-0.1915704607963562
3167,-0.4903445839881897,-0.20388484001159668
3168,0.565067708492279,-0.24547845125198364
3169,-0.19477157294750214,-0.2790597975254059
3170,0.20222221314907074,-0.25927868485450745
3171,-0.2716518044471741,-0.23272106051445007
3172,0.5255860090255737,-0.26930752396583557
3173,0.046812474727630615,-0.27859488129615784
3174,-0.61957186460495,-0.17858794331550598
3175,0.7032235860824585,-0.15352550148963928
3176,0.37724369764328003,-0.18374627828598022
3177,-0.19611197710037231,-0.2775121033191681
3178,-0.2420579344034195,-0.22158223390579224
3179,0.2768428325653076,-0.2965608835220337
3180,-0.17789575457572937,-0.2774405777454376
3181,0.06985574960708618,-0.22010934352874756
3182,-0.3396041989326477,-0.17774251103401184
3183,0.09293292462825775,-0.2564835846424103
3184,-0.5839126706123352,-0.0861169695854187
3185,-0.34656375646591187,0.07241839170455933
3186,0.5179890394210815,-0.1988135278224945
3187,0.40621674060821533,-0.23104342818260193
3188,-0.16042748093605042,-0.2710733711719513
3189,0.049501240253448486,-0.24465513229370117
3190,0.3269540071487427,-0.23328059911727905
3191,0.6396629214286804,-0.1990353763103485
3192,0.3780215382575989,-0.21894946694374084
3193,-0.09702815115451813,-0.2855539321899414
3194,0.5193114876747131,-0.23035332560539246
3195,0.44571399688720703,-0.1594301164150238
3196,-0.1391780823469162,-0.09257888793945312
3197,0.28334999084472656,-0.22047972679138184
3198,-0.051986392587423325,-0.1432657241821289
3199,0.19562377035617828,-0.18242371082305908
3200,0.4543374180793762,-0.05949360132217407
3201,0.07144960761070251,0.08337384462356567
3202,0.6272954940795898,0.14551174640655518
3203,-0.20976124703884125,0.05843472480773926
3204,-0.06923297047615051,-0.10435235500335693
3205,-0.14317096769809723,0.022129416465759277
3206,-0.4286550283432007,-0.0978400707244873
3207,-0.12030893564224243,-0.12093281745910645
3208,-0.7261447906494141,0.17427504062652588
3209,0.2919785976409912,-0.17314797639846802
3210,-1.1684629917144775,0.37890172004699707
3211,0.3511497378349304,0.0328974723815918
3212,-0.35718798637390137,-0.21712371706962585
3213,0.8465843200683594,-0.06775504350662231
3214,0.343533456325531,-0.22643408179283142
3215,-0.05148402601480484,-0.2750382721424103
3216,-0.6361433267593384,-0.15746834874153137
3217,0.16623090207576752,-0.2406625747680664
3218,0.37144726514816284,-0.2616893947124481
3219,0.5539045333862305,-0.24768176674842834
3220,0.10961644351482391,-0.296886682510376
3221,0.4443349242210388,-0.29593101143836975
3222,-0.1733977198600769,-0.27003374695777893
3223,0.2374829202890396,-0.26729902625083923
3224,-0.32585781812667847,-0.2613696753978729
3225,0.032171159982681274,-0.3087708652019501
3226,-0.43984127044677734,-0.1747795045375824
3227,0.8390328288078308,-0.0723257064819336
3228,-0.5162324905395508,-0.266763299703598
3229,-0.13274070620536804,-0.26097801327705383
3230,-0.23068483173847198,-0.18114858865737915
3231,0.20811299979686737,-0.33655646443367004
3232,0.5474746227264404,-0.25324565172195435
3233,-0.3129507303237915,-0.3261537253856659
3234,-0.1685810387134552,-0.2366645336151123
3235,-0.5903165340423584,-0.2014685869216919
3236,0.29192036390304565,-0.21753469109535217
3237,-0.26064443588256836,-0.2649520933628082
3238,0.49530112743377686,-0.16068431735038757
3239,-0.42014235258102417,-0.24755114316940308
3240,-0.4043615460395813,0.2554527521133423
3241,0.27638810873031616,-0.11100703477859497
3242,0.6139318943023682,-0.21099531650543213
3243,0.27657556533813477,-0.24456757307052612
3244,-0.688162624835968,-0.10971248149871826
3245,1.0963596105575562,0.0836685299873352
3246,0.9066829085350037,-0.031445860862731934
3247,-0.2609996795654297,-0.2931060194969177
3248,-0.777064859867096,-0.02808588743209839
3249,0.005002021789550781,-0.324048787355423
3250,-0.670473039150238,-0.1262412667274475
3251,0.45488440990448,-0.20021966099739075
3252,0.28197163343429565,-0.3030323386192322
3253,-0.49003636837005615,-0.1990024745464325
3254,0.35903745889663696,-0.08623874187469482
3255,0.08739297091960907,-0.1910264492034912
3256,-0.6380797028541565,-0.14646196365356445
3257,0.05580887198448181,-0.16047900915145874
3258,0.7150454521179199,-0.1526719629764557
3259,0.29383260011672974,-0.13955217599868774
3260,0.33512020111083984,-0.25934547185897827
3261,0.17736299335956573,0.13559705018997192
3262,-0.2897384762763977,-0.1756693422794342
3263,-0.3970116376876831,-0.2046913504600525
3264,0.4263361096382141,-0.22052931785583496
3265,0.12580262124538422,-0.2777487635612488
3266,0.327880859375,-0.2454969584941864
3267,-0.4759933352470398,-0.2356320023536682
3268,-0.38144010305404663,-0.17381128668785095
3269,0.543893575668335,-0.11708486080169678
3270,-0.09190880507230759,-0.2433517873287201
3271,-0.39775633811950684,-0.22057867050170898
3272,-0.7039307951927185,0.07531499862670898
3273,0.14830763638019562,-0.2096843123435974
3274,-0.24795621633529663,-0.001505732536315918
3275,-0.4180302619934082,-0.16914469003677368
3276,0.07361212372779846,-0.235551118850708
3277,-0.007126420736312866,-0.2579169273376465
3278,-0.012262552976608276,-0.24140280485153198
3279,0.46047914028167725,-0.13986170291900635
3280,0.36137938499450684,-0.20053768157958984
3281,-0.19385918974876404,-0.22834870219230652
3282,0.22729767858982086,-0.05205726623535156
3283,0.29220128059387207,-0.17286571860313416
3284,-0.12497919052839279,-0.20049571990966797
3285,-0.17572587728500366,-0.24489650130271912
3286,0.34779053926467896,-0.2535848915576935
3287,-0.22966532409191132,-0.2453354001045227
3288,0.3148345351219177,-0.3215983510017395
3289,-0.25754794478416443,-0.26305297017097473
3290,0.01970687508583069,-0.3080691397190094
3291,-0.45001429319381714,0.10095226764678955
3292,-0.6438245177268982,-0.15623682737350464
3293,0.6714171171188354,-0.16956648230552673
3294,0.5528790354728699,-0.14821404218673706
3295,0.6351329684257507,-0.19246923923492432
3296,0.023871466517448425,-0.17000526189804077
3297,0.2668193578720093,-0.1807088851928711
3298,0.33057504892349243,-0.113497793674469
3299,-0.2837521433830261,-0.10517549514770508
3300,-0.6676340699195862,0.2147710919380188
3301,0.37734031677246094,-0.17854568362236023
3302,-0.25767087936401367,-0.04169774055480957
3303,0.13994723558425903,-0.10799932479858398
3304,-0.8522124886512756,0.04002934694290161
3305,0.16575737297534943,-0.1712014377117157
3306,0.5024552941322327,-0.20503473281860352
3307,-0.6172931790351868,-0.1761108934879303
3308,0.2028849571943283,0.09246915578842163
3309,0.35346317291259766,-0.15442422032356262
3310,-0.16073666512966156,-0.19150525331497192
3311,0.5920895338058472,-0.22877228260040283
3312,-0.02669757604598999,-0.2897263765335083
3313,-0.4067549705505371,-0.21091121435165405
3314,-0.0073395296931266785,-0.23699703812599182
3315,0.48863470554351807,-0.2228165864944458
3316,0.6501646041870117,-0.18768012523651123
3317,-0.2715635895729065,-0.3031133711338043
3318,0.33486026525497437,-0.2538175582885742
3319,0.6116836071014404,-0.21130838990211487
3320,-0.04591457173228264,-0.29494330286979675
3321,0.21199555695056915,-0.33187127113342285
3322,-0.6238759160041809,-0.16889488697052002
3323,0.5154311060905457,-0.27266091108322144
3324,0.42355072498321533,-0.30708733201026917
3325,0.03016766905784607,-0.36447107791900635
3326,-1.3075042963027954,0.45891237258911133
3327,-0.1147618517279625,-0.1663285493850708
3328,-0.8658772110939026,0.049760401248931885
3329,0.47459954023361206,-0.19971874356269836
3330,-0.4732204079627991,-0.10683608055114746
3331,-0.8968724608421326,0.08055788278579712
3332,-0.3408355712890625,-0.028844892978668213
3333,0.5286274552345276,-0.05769985914230347
3334,0.6391029953956604,0.007759451866149902
3335,1.0259244441986084,0.04049724340438843
3336,-0.14700092375278473,-0.13383716344833374
3337,0.46164751052856445,-0.2924727499485016
3338,-0.5403949618339539,-0.25074970722198486
3339,-0.8024598956108093,-0.004852771759033203
3340,-0.9988144040107727,0.44403862953186035
3341,0.10973340272903442,-0.1756952404975891
3342,0.6670087575912476,0.26813840866088867
3343,1.0943660736083984,0.08228522539138794
3344,0.2581808567047119,-0.12263989448547363
3345,-0.01121460646390915,-0.22162503004074097
3346,-0.3683534264564514,-0.2291642129421234
3347,-0.13173310458660126,-0.20713210105895996
3348,0.6026566028594971,-0.21866562962532043
3349,-0.50453120470047,-0.28275904059410095
3350,0.5019707679748535,-0.03096383810043335
3351,0.7294538021087646,-0.14035248756408691
3352,0.5654247999191284,-0.14047592878341675
3353,0.15376977622509003,-0.2589762210845947
3354,-0.22761930525302887,-0.10970205068588257
3355,0.5508260130882263,-0.2508440315723419
3356,0.15145592391490936,-0.22437986731529236
3357,1.0518577098846436,0.05669713020324707
3358,-0.46556562185287476,-0.12066453695297241
3359,-0.030837640166282654,-0.20860353112220764
3360,0.2181866616010666,-0.2436465620994568
3361,0.13668134808540344,-0.26687929034233093
3362,-0.3771094083786011,-0.17964720726013184
3363,0.1494579166173935,-0.24899229407310486
3364,0.5406683087348938,-0.20511510968208313
3365,0.1599026471376419,-0.2460654079914093
3366,-0.056511204689741135,-0.15887153148651123
3367,-0.12122059613466263,-0.19451072812080383
3368,0.1630506068468094,-0.20962592959403992
3369,-0.05780099704861641,-0.22535687685012817
3370,-0.03384269028902054,-0.2532804310321808
3371,0.5713181495666504,-0.2416442334651947
3372,-0.26016029715538025,-0.21582171320915222
3373,-0.25942572951316833,-0.22935974597930908
3374,-0.6035497784614563,0.024093806743621826
3375,-0.7244974970817566,-0.01460188627243042
3376,-0.42006218433380127,0.20574039220809937
3377,-0.036081746220588684,0.27944421768188477
3378,0.4370521903038025,0.017061293125152588
3379,-0.9289511442184448,0.19405090808868408
3380,-0.37981992959976196,0.28407013416290283
3381,0.3817499279975891,-0.1657331883907318
3382,0.7329853773117065,0.1599387526512146
3383,0.3834471106529236,0.2532876133918762
3384,-0.009302608668804169,-0.17245841026306152
3385,0.07969725131988525,-0.18293547630310059
3386,-0.5366665124893188,0.056693434715270996
3387,-0.10598099231719971,-0.14430463314056396
3388,-0.8288490772247314,0.22316426038742065
3389,1.2181974649429321,0.1574905514717102
3390,-0.4745885133743286,0.14006567001342773
3391,0.06629537045955658,-0.008427917957305908
3392,0.41220802068710327,0.018950939178466797
3393,-0.37646961212158203,-0.14228343963623047
3394,-0.19134455919265747,-0.15147629380226135
3395,0.133396714925766,-0.1854667067527771
3396,-0.7520811557769775,-0.05629527568817139
3397,0.25771957635879517,0.01564854383468628
3398,0.6370940208435059,-0.03358638286590576
3399,1.0170007944107056,0.03543800115585327
3400,0.2842593193054199,-0.17125758528709412
3401,-0.19901393353939056,-0.2106223702430725
3402,-0.31574034690856934,-0.0511203408241272
3403,0.8978157639503479,-0.03668862581253052
3404,0.5974158048629761,-0.06455188989639282
3405,0.27363306283950806,-0.27761155366897583
3406,0.6057941317558289,-0.18824833631515503
3407,-0.13062117993831635,-0.2499106526374817
3408,0.9759164452552795,0.010237455368041992
3409,-0.17517682909965515,-0.2190229594707489
3410,0.2903178334236145,-0.24815702438354492
3411,-0.49066829681396484,-0.17119035124778748
3412,-0.572361409664154,-0.21340063214302063
3413,-0.33481934666633606,-0.22273948788642883
3414,-0.5747933387756348,-0.0671810507774353
3415,-0.08709616959095001,-0.2535097599029541
3416,-0.7995532155036926,-0.0074700117111206055
3417,0.7266382575035095,-0.14058053493499756
3418,0.8806605935096741,-0.04709821939468384
3419,0.29469138383865356,-0.28932827711105347
3420,-0.40733033418655396,-0.26342448592185974
3421,0.5810834169387817,-0.22958150506019592
3422,0.4984155297279358,-0.2707214951515198
3423,0.2531917691230774,-0.22791719436645508
3424,0.9140657782554626,-0.026843011379241943
3425,-0.370790958404541,-0.27751922607421875
3426,-0.19641931354999542,-0.27133122086524963
3427,-0.37938249111175537,-0.19501802325248718
3428,-0.2035212218761444,-0.2849433422088623
3429,-0.35561686754226685,-0.10821110010147095
3430,-0.06125219166278839,0.21437746286392212
3431,0.580571711063385,-0.18001499772071838
3432,-0.802872896194458,-0.004433274269104004
3433,0.4528238773345947,-0.28955021500587463
3434,0.4311354160308838,-0.24110502004623413
3435,0.30002689361572266,-0.24931302666664124
3436,-0.9270931482315063,0.10965561866760254
3437,-0.2816654145717621,-0.19699504971504211
3438,-0.3317849636077881,-0.06853550672531128
3439,-0.7584927678108215,0.06842261552810669
3440,0.5346047282218933,-0.18226319551467896
3441,0.8750795125961304,-0.05089074373245239
3442,-0.42451441287994385,-0.20426666736602783
3443,0.6982946991920471,-0.1577693223953247
3444,0.6194297671318054,-0.20595747232437134
3445,-0.011754356324672699,-0.21500903367996216
3446,-0.15689623355865479,-0.3152371942996979
3447,0.6402658224105835,-0.19305482506752014
3448,-0.1429339349269867,-0.27161842584609985
3449,0.3140087127685547,-0.2762877941131592
3450,-0.07785096019506454,-0.260445237159729
3451,-0.5084947943687439,-0.21627509593963623
3452,-0.17216861248016357,-0.2726287245750427
3453,-0.2451569139957428,-0.12420952320098877
3454,0.5873551368713379,-0.2274799942970276
3455,-0.07669669389724731,-0.25562584400177
3456,0.407066285610199,-0.27853378653526306
3457,0.31047821044921875,-0.23931413888931274
3458,0.29850339889526367,-0.09109437465667725
3459,-0.5165426731109619,-0.16692668199539185
3460,0.01729080080986023,-0.1695464551448822
3461,0.07286638021469116,-0.1667102873325348
3462,-0.7664135098457336,-0.037934720516204834
3463,-0.83629310131073,0.16105258464813232
3464,0.9314784407615662,-0.01633065938949585
3465,0.4533545970916748,-0.25226178765296936
3466,-0.5526651740074158,-0.19448858499526978
3467,0.1447761207818985,0.0019837021827697754
3468,-0.5131732821464539,-0.00882256031036377
3469,0.6616519689559937,-0.17956912517547607
3470,-0.4091112017631531,0.0301324725151062
3471,0.07185035943984985,-0.07738113403320312
3472,-0.6439245343208313,-0.09247231483459473
3473,-0.38965845108032227,0.12623262405395508
3474,0.49522650241851807,-0.14374440908432007
3475,-0.4427482485771179,-0.044696927070617676
3476,-0.1902725100517273,0.0014629364013671875
3477,-0.3419249653816223,0.07542157173156738
3478,0.496046781539917,-0.018924415111541748
3479,-0.2520557641983032,-0.06564366817474365
3480,0.7867379784584045,-0.1064499020576477
3481,0.22755198180675507,-0.07529956102371216
3482,-0.8664621710777283,0.053199827671051025
3483,-0.29812347888946533,0.0290946364402771
3484,1.145439624786377,0.11249184608459473
3485,-0.9809128642082214,0.37920844554901123
3486,1.4316390752792358,0.2869389057159424
3487,1.0922962427139282,0.1805524230003357
3488,-0.32585495710372925,-0.10366624593734741
3489,-0.40330374240875244,-0.16464003920555115
3490,0.5614718794822693,-0.20235303044319153
3491,0.7974238991737366,-0.09771406650543213
3492,-0.053762372583150864,-0.10187894105911255
3493,-0.18851420283317566,-0.17939558625221252
3494,0.8194540143013,-0.06036895513534546
3495,-0.6748815774917603,-0.12263751029968262
3496,-0.15521961450576782,-0.12512123584747314
3497,-0.6860626935958862,-0.11163550615310669
3498,1.1247514486312866,0.10088998079299927
3499,0.7912729978561401,-0.10143482685089111
3500,-0.5633702278137207,-0.15077051520347595
3501,0.11973735690116882,-0.2731848657131195
3502,0.5355410575866699,-0.2610709071159363
3503,1.0202299356460571,0.037523865699768066
3504,-0.39189356565475464,-0.22307538986206055
3505,1.0861059427261353,0.07746100425720215
3506,-0.12443804740905762,-0.027937889099121094
3507,0.29647350311279297,-0.23015522956848145
3508,0.09944833815097809,-0.2717302143573761
3509,-0.5457556247711182,-0.21481987833976746
3510,0.3325715661048889,-0.24985569715499878
3511,-0.7362089157104492,-0.06559592485427856
3512,-0.3217601180076599,-0.2153545618057251
3513,0.12094873189926147,-0.27917152643203735
3514,-0.09553362429141998,-0.21329396963119507
3515,-0.7186121344566345,-0.08175206184387207
3516,0.722428023815155,-0.1482892632484436
3517,0.27922749519348145,-0.19233044981956482
3518,2.0024092197418213,0.632965087890625
3519,1.2177468538284302,0.15723365545272827
3520,0.5327276587486267,0.013558685779571533
3521,0.5591622591018677,0.11871886253356934
3522,-0.5020170211791992,0.016613483428955078
3523,1.118557333946228,0.09693622589111328
3524,0.8637481331825256,-0.06069225072860718
3525,0.02008245885372162,0.12985968589782715
3526,0.5642294883728027,0.06631898880004883
3527,1.3803305625915527,0.42500030994415283
3528,-0.17546507716178894,0.025446832180023193
3529,0.35848331451416016,-0.08760476112365723
3530,0.296877384185791,0.032854676246643066
3531,0.46752452850341797,-0.1491430699825287
3532,-0.6847519278526306,-0.11289751529693604
3533,-0.22040510177612305,-0.17368632555007935
3534,-0.6991981267929077,0.24188047647476196
3535,-0.20534959435462952,-0.06855058670043945
3536,-0.6291916966438293,-0.16758793592453003
3537,-0.18145444989204407,-0.1264665722846985
3538,-0.5827211141586304,-0.1670440137386322
3539,0.29130131006240845,-0.07956063747406006
3540,0.3092341423034668,-0.19790425896644592
3541,0.19157429039478302,-0.2783280611038208
3542,0.7560932636260986,-0.12283205986022949
3543,-0.34487059712409973,-0.19414851069450378
3544,-0.0603056401014328,-0.24772053956985474
3545,0.30328547954559326,-0.20798853039741516
3546,-0.2549242377281189,-0.2720555067062378
3547,-0.19617387652397156,-0.2436038851737976
3548,-0.1808030605316162,-0.18835663795471191
3549,0.01362966001033783,-0.19665566086769104
3550,0.8987028002738953,-0.03624802827835083
3551,-0.5055583119392395,-0.1930142641067505
3552,-0.11909954249858856,-0.2333844006061554
3553,0.5718941688537598,-0.22035810351371765
3554,0.5038225054740906,-0.21110448241233826
3555,0.5937280058860779,-0.19154322147369385
3556,0.4226824641227722,-0.21736401319503784
3557,0.3814208507537842,-0.15991860628128052
3558,-0.5703789591789246,-0.16830164194107056
3559,0.43129676580429077,-0.2632899284362793
3560,0.5190325379371643,-0.07889670133590698
3561,0.1708526760339737,-0.19576606154441833
3562,0.08647719025611877,-0.09991443157196045
3563,-0.19801750779151917,-0.22124692797660828
3564,0.47141873836517334,-0.23703479766845703
3565,-0.05545225366950035,-0.28017061948776245
3566,-0.14388307929039001,-0.19660475850105286
3567,-0.4736172556877136,-0.18614348769187927
3568,0.6008085012435913,-0.21790173649787903
3569,0.008713394403457642,-0.303577184677124
3570,-0.01749759167432785,-0.19022661447525024
3571,-0.17471826076507568,-0.21816271543502808
3572,0.4564562439918518,-0.3113991916179657
3573,0.07701921463012695,-0.22977575659751892
3574,-0.1525019407272339,-0.03183525800704956
3575,-0.030197761952877045,-0.01736009120941162
3576,-0.3286288380622864,-0.1392059326171875
3577,0.2117176502943039,-0.189017653465271
3578,-0.6806499361991882,-0.10046237707138062
3579,-0.28575968742370605,-0.1817217469215393
3580,1.3395417928695679,0.23110544681549072
3581,-0.7121347784996033,-0.09364926815032959
3582,0.38026297092437744,-0.11285227537155151
3583,0.7595179080963135,-0.12319988012313843
3584,-0.5083103179931641,-0.16231778264045715
3585,-0.893977165222168,0.07925164699554443
3586,-0.37168174982070923,-0.09629446268081665
3587,0.10657045245170593,-0.11078822612762451
3588,0.31222957372665405,-0.04491603374481201
3589,-0.5486670136451721,-0.20920974016189575
3590,-0.32797664403915405,-0.10488361120223999
3591,-0.8703353404998779,0.05754446983337402
3592,0.5755537748336792,-0.14020264148712158
3593,0.8316893577575684,-0.07684993743896484
3594,-0.22076070308685303,-0.17337286472320557
3595,-0.3652222752571106,-0.31166696548461914
3596,0.08645248413085938,-0.25740325450897217
3597,-0.42816251516342163,-0.1064254641532898
3598,-0.18953418731689453,0.622800350189209
3599,1.1354386806488037,0.10736620426177979
3600,-0.3646317720413208,0.046398282051086426
3601,0.7034448981285095,-0.0150718092918396
3602,-0.48350977897644043,-0.09137731790542603
3603,-0.9375705122947693,0.11927491426467896
3604,1.3731050491333008,0.2514529824256897
3605,-0.815045952796936,0.006784379482269287
3606,0.5697734355926514,-0.23729559779167175
3607,-0.3664249777793884,-0.2818280756473541
3608,0.05826917290687561,-0.2565709054470062
3609,0.9412522912025452,-0.010355889797210693
3610,0.478737473487854,-0.2836330831050873
3611,0.984174907207489,0.015666067600250244
3612,0.08563201129436493,-0.17070388793945312
3613,-0.13785696029663086,-0.23636028170585632
3614,0.6338209509849548,-0.17398613691329956
3615,-0.2521542012691498,-0.3057556450366974
3616,0.7195796966552734,-0.15175685286521912
3617,0.019920557737350464,-0.09274190664291382
3618,0.7880465388298035,0.010428786277770996
3619,-0.4985763430595398,-0.2261236608028412
3620,-0.29571741819381714,-0.20353874564170837
3621,0.055974334478378296,-0.056894898414611816
3622,0.2182096689939499,-0.21565786004066467
3623,0.3409329056739807,-0.23493832349777222
3624,-0.6157161593437195,-0.17644765973091125
3625,1.988634705543518,0.6246144771575928
3626,0.5360283851623535,0.69703209400177
3627,0.5731920599937439,0.044035911560058594
3628,-0.432289719581604,-0.03343874216079712
3629,-0.30168282985687256,-0.0485081672668457
3630,0.8861340880393982,-0.044617414474487305
3631,1.7405294179916382,0.47420191764831543
3632,0.5797614455223083,0.6612789630889893
3633,0.24918894469738007,0.14621591567993164
3634,0.7796925902366638,0.2260153889656067
3635,0.37868672609329224,0.0276758074760437
3636,1.196597933769226,0.22308433055877686
3637,0.3687037229537964,0.26065874099731445
3638,0.9082830548286438,0.7392323017120361
3639,0.6912116408348083,0.4039783477783203
3640,-1.0223753452301025,0.19497734308242798
3641,-0.6259647607803345,0.6494349241256714
3642,0.28877025842666626,0.16457408666610718
3643,0.05750679969787598,0.24439924955368042
3644,-0.029356956481933594,-0.03992748260498047
3645,-0.22805127501487732,-0.10939419269561768
3646,0.9180687069892883,0.04597926139831543
3647,-0.22261512279510498,-0.09930253028869629
3648,0.17084355652332306,0.006689786911010742
3649,0.29396748542785645,-0.04037600755691528
3650,0.5415326952934265,0.11890614032745361
3651,0.7418779134750366,0.0141221284866333
3652,0.24578429758548737,0.226223886013031
3653,-0.5611975193023682,0.09236454963684082
3654,1.1345210075378418,0.287462055683136
3655,0.38004738092422485,-0.013982057571411133
3656,0.5460283160209656,-0.0039942264556884766
3657,-0.11229505389928818,0.06978493928909302
3658,0.16513808071613312,-0.03590184450149536
3659,0.1466364711523056,-0.07269352674484253
3660,0.06296543776988983,-0.12488985061645508
3661,1.153090476989746,0.2513670325279236
3662,0.005331322550773621,0.6152365207672119
3663,0.38735735416412354,0.04412657022476196
3664,-0.4373171329498291,0.11992859840393066
3665,0.6405172348022461,0.10751831531524658
3666,-0.6200453639030457,0.01115405559539795
3667,-0.6570910215377808,0.1767084002494812
3668,0.05125902593135834,0.03806424140930176
3669,0.029587522149086,-0.07239401340484619
3670,0.09699493646621704,0.2969471216201782
3671,0.6631373763084412,-0.021700501441955566
3672,-0.6318281292915344,0.2596617341041565
3673,-0.08090228587388992,-0.034695208072662354
3674,0.36565500497817993,-0.06913983821868896
3675,0.4905945658683777,-0.04692298173904419
3676,-0.25306835770606995,0.2280503511428833
3677,0.05661104619503021,0.14791667461395264
3678,-0.5215407013893127,0.040397822856903076
3679,1.255279541015625,0.17366403341293335
3680,0.6490480303764343,0.4011465311050415
3681,-0.13583806157112122,0.9074106216430664
3682,1.4213777780532837,0.27392762899398804
3683,2.2600491046905518,2.246781349182129
3684,1.927970051765442,1.8644782304763794
3685,-1.6920098066329956,1.5511528253555298
3686,0.7465591430664062,0.7354216575622559
3687,-0.4910445809364319,0.36485755443573
3688,0.9755465388298035,0.1925194263458252
3689,0.18153275549411774,-0.01911342144012451
3690,-0.47736454010009766,0.13871455192565918
3691,0.8243935704231262,0.43371307849884033
3692,-1.5435711145401,0.72761070728302
3693,-0.14527015388011932,0.5543968677520752
3694,0.7413921356201172,0.37094438076019287
3695,0.09751206636428833,0.10728484392166138
3696,0.36237478256225586,-0.05863386392593384
3697,0.1293751746416092,-0.09668439626693726
3698,-0.53315669298172,-0.08423978090286255
3699,0.6344256401062012,0.1435985565185547
3700,-0.2501121759414673,-0.0932459831237793
3701,1.0761590003967285,0.19755089282989502
3702,-0.19613757729530334,0.30520933866500854
3703,0.9221372008323669,-0.022060811519622803
3704,1.7794828414916992,0.6814930438995361
3705,2.4590117931365967,1.2714061737060547
3706,-0.6227504014968872,0.4027823209762573
3707,1.4388318061828613,1.3312506675720215
3708,-1.4861884117126465,0.8538428544998169
3709,0.1685677319765091,0.2805570960044861
3710,-0.8724468350410461,0.2816509008407593
3711,0.5901199579238892,0.036835551261901855
3712,1.0533838272094727,0.056145429611206055
3713,-0.2765795588493347,-0.11117613315582275
3714,0.21881885826587677,-0.06417512893676758
3715,0.49568402767181396,0.09970664978027344
3716,1.1623644828796387,0.11673277616500854
3717,0.8466570973396301,0.2022860050201416
3718,-1.2385772466659546,0.4081653356552124
3719,-0.584092915058136,0.11251461505889893
3720,0.11261941492557526,0.10556560754776001
3721,0.43714475631713867,-0.04000747203826904
3722,0.6362585425376892,0.21648335456848145
3723,-0.08731651306152344,0.2587261199951172
3724,-0.14922896027565002,0.08632946014404297
3725,1.0553594827651978,0.05363744497299194
3726,-0.47609955072402954,0.13143014907836914
3727,-0.6051509976387024,0.12032735347747803
3728,-0.12251506745815277,0.15476107597351074
3729,0.2298772782087326,0.12284457683563232
3730,1.1028274297714233,0.08112269639968872
3731,0.1252506673336029,-0.04270356893539429
3732,-1.2281848192214966,0.38608884811401367
3733,-0.8162961602210999,0.30200594663619995
3734,0.9901376366615295,0.015959858894348145
3735,-0.37133514881134033,-0.04303395748138428
3736,-0.25110340118408203,-0.047054171562194824
3737,0.5230057239532471,-0.14105743169784546
3738,0.40822845697402954,-0.051538944244384766
3739,0.05071352422237396,-0.14427238702774048
3740,0.6245896816253662,-0.12493926286697388
3741,0.3037862777709961,-0.16407203674316406
3742,0.11498115956783295,-0.04287528991699219
3743,1.08010995388031,0.12120217084884644
3744,0.019394055008888245,0.23533016443252563
3745,0.7208976149559021,-0.07264286279678345
3746,1.7779220342636108,0.7027343511581421
3747,1.7795687913894653,0.7938356399536133
3748,0.33316951990127563,1.1276745796203613
3749,-0.5979657769203186,1.2672865390777588
3750,0.5235186219215393,0.7308348417282104
3751,2.6315126419067383,1.4355956315994263
3752,-4.8614115715026855,3.721766948699951
3753,1.6176694631576538,1.1396273374557495
3754,-1.3944615125656128,1.2693315744400024
3755,-0.7894598245620728,0.8718873262405396
3756,1.1389797925949097,0.21263158321380615
3757,0.34296751022338867,0.1986830234527588
3758,1.3753046989440918,0.4335365295410156
3759,-0.06311959028244019,0.36687755584716797
3760,1.3700993061065674,0.3036472201347351
3761,1.40053129196167,1.2078124284744263
3762,0.3167523145675659,0.8397824764251709
3763,-1.1727650165557861,2.2767586708068848
3764,1.1513785123825073,0.4711916446685791
3765,-1.0481865406036377,0.22082877159118652
3766,-0.8759667277336121,0.5536402463912964
3767,1.0412863492965698,0.5963032245635986
3768,-0.30674001574516296,0.08835029602050781
3769,0.0429215282201767,0.02564704418182373
3770,0.8119357228279114,0.1327306032180786
3771,-0.6412161588668823,0.1796209216117859
3772,1.2952077388763428,0.3812985420227051
3773,0.9123144745826721,0.6033077239990234
3774,-0.41153663396835327,0.6141786575317383
3775,-2.977069854736328,1.9917463064193726
3776,0.6007693409919739,1.4078890085220337
3777,0.5547772645950317,0.5164099931716919
3778,0.5533309578895569,0.20019543170928955
3779,-1.183732271194458,0.34569746255874634
3780,0.24225057661533356,0.1897132396697998
3781,0.8654305338859558,0.5705397129058838
3782,-0.3715086579322815,0.4321165084838867
3783,-0.24860674142837524,0.015608012676239014
3784,0.5376518964767456,-0.003509819507598877
3785,-1.251796841621399,0.4077671766281128
3786,1.3430149555206299,0.23320084810256958
3787,1.506632685661316,0.6117011308670044
3788,0.3470708727836609,0.29745131731033325
3789,0.6499188542366028,-0.052180707454681396
3790,-0.712759256362915,0.028457224369049072
3791,0.1601092368364334,-0.08016502857208252
3792,0.0902448296546936,-0.1519392430782318
3793,-0.2764770984649658,-0.14761725068092346
3794,-0.32664424180984497,-0.1262858510017395
3795,0.05509267747402191,-0.07536011934280396
3796,0.21922390162944794,-0.26230135560035706
3797,0.27406996488571167,-0.12722057104110718
3798,0.29742419719696045,-0.06574040651321411
3799,0.4508898854255676,-0.21139484643936157
3800,-0.23282626271247864,-0.13241726160049438
3801,0.6957254409790039,-0.16600745916366577
3802,-0.12336518615484238,-0.19310936331748962
3803,-0.7346203923225403,0.007346808910369873
3804,-0.1502014696598053,-0.191873699426651
3805,0.5772193670272827,-0.23786389827728271
3806,-0.06532091647386551,-0.23989856243133545
3807,0.6244717836380005,-0.2044661045074463
3808,0.11848877370357513,-0.19862434267997742
3809,-0.5824026465415955,-0.15447035431861877
3810,0.7168739438056946,0.014814555644989014
3811,1.6834163665771484,0.5747166872024536
3812,-0.07308746874332428,0.25637418031692505
3813,0.5077906847000122,-0.15680614113807678
3814,1.9503198862075806,0.6011403799057007
3815,0.2248380333185196,0.7073817253112793
3816,-1.0557184219360352,0.2869870066642761
3817,-1.3331538438796997,0.4823669195175171
3818,0.8368293642997742,0.09879738092422485
3819,1.280859351158142,0.1954975128173828
3820,-0.21770164370536804,0.07903951406478882
3821,-0.2946348190307617,-0.02220696210861206
3822,0.7095070481300354,0.0781901478767395
3823,0.25786101818084717,0.028700292110443115
3824,1.1038029193878174,0.5564420223236084
3825,0.01796644926071167,0.09816533327102661
3826,-1.1836118698120117,0.3399667739868164
3827,0.29775184392929077,-0.10089170932769775
3828,-0.4420938491821289,-0.020766079425811768
3829,0.5486819744110107,0.06957215070724487
3830,-1.1826035976409912,0.34352684020996094
3831,0.3932564854621887,-0.048367977142333984
3832,0.17367492616176605,-0.15573576092720032
3833,0.829133927822113,0.06117439270019531
3834,-0.520716667175293,-0.07474780082702637
3835,0.2535790801048279,-0.09763991832733154
3836,0.4204259514808655,-0.1569111943244934
3837,1.5648411512374878,0.3676893711090088
3838,0.8860198855400085,0.573189377784729
3839,0.7337769865989685,0.23073559999465942
3840,-0.29245924949645996,0.11671364307403564
3841,1.5979225635528564,0.3877420425415039
3842,-0.9153816103935242,0.42801129817962646
3843,-0.2835294008255005,0.09341555833816528
3844,0.1734594851732254,0.14704179763793945
3845,0.6363637447357178,0.1932852864265442
3846,0.2655237913131714,0.5252048969268799
3847,0.876272439956665,0.06903886795043945
3848,-0.6447355151176453,0.12709152698516846
3849,-0.9488465189933777,0.5049620866775513
3850,-0.688689112663269,0.3138922452926636
3851,0.7461649775505066,-0.02578634023666382
3852,1.0075896978378296,0.16205668449401855
3853,0.5831419229507446,-0.02458798885345459
3854,0.5769028067588806,0.7614550590515137
3855,-0.6281359791755676,0.1830430030822754
3856,0.03399701416492462,0.11897784471511841
3857,-1.3152357339859009,0.46600794792175293
3858,1.146868109703064,0.12991487979888916
3859,-1.0447360277175903,0.2176615595817566
3860,-1.3423362970352173,0.48730242252349854
3861,-0.3213771879673004,0.23791712522506714
3862,1.4256212711334229,0.2830268144607544
3863,0.4309888482093811,0.045184195041656494
3864,-0.8964652419090271,0.07911127805709839
3865,0.8444471955299377,-0.07533437013626099
3866,0.43599528074264526,-0.0010538101196289062
3867,-0.04808933287858963,-0.08074373006820679
3868,0.3421468138694763,0.02563953399658203
3869,0.22859100997447968,0.06043720245361328
3870,-0.3192899227142334,0.11264044046401978
3871,-0.31865352392196655,0.1836254596710205
3872,0.46339213848114014,-0.19809389114379883
3873,0.5355920195579529,-0.09839129447937012
3874,-0.4624062776565552,0.08930760622024536
3875,-0.11972451210021973,0.03391146659851074
3876,-0.5769275426864624,0.2224740982055664
3877,-0.1926233172416687,0.07793700695037842
3878,0.5834286212921143,0.02015787363052368
3879,0.8700428605079651,0.20654982328414917
3880,0.5080278515815735,0.08397811651229858
3881,0.6737667918205261,-0.007625997066497803
3882,0.8829513192176819,0.4429495334625244
3883,0.8971149325370789,0.46478068828582764
3884,-0.06590764969587326,0.45233678817749023
3885,-1.7241594791412354,0.8414442539215088
3886,0.708934485912323,-0.007637381553649902
3887,-0.7104545831680298,-0.09278404712677002
3888,-0.13693061470985413,-0.009516894817352295
3889,0.8111541867256165,0.004498422145843506
3890,-0.9129953384399414,0.09671235084533691
3891,0.7351391911506653,-0.1095801591873169
3892,0.6994292140007019,-0.15863481163978577
3893,-0.2639316916465759,-0.15287122130393982
3894,-0.1968899667263031,0.032148122787475586
3895,0.3724287152290344,-0.12640607357025146
3896,0.6870889067649841,-0.17042741179466248
3897,0.15287111699581146,-0.16510477662086487
3898,0.2541946768760681,-0.1127501130104065
3899,0.39028650522232056,-0.12028706073760986
3900,0.6634836792945862,-0.12606626749038696
3901,0.9665693640708923,0.07579237222671509
3902,-0.8220037817955017,0.1045411229133606
3903,0.4904581308364868,-0.10868334770202637
3904,1.2562885284423828,0.18800169229507446
3905,0.31870466470718384,0.17126452922821045
3906,1.7745603322982788,0.6491043567657471
3907,1.5778398513793945,1.5969816446304321
3908,-0.3245607018470764,0.5554505586624146
3909,1.4479013681411743,0.3666543960571289
3910,0.919186532497406,1.2307990789413452
3911,-4.2976155281066895,3.20414400100708
3912,2.4514734745025635,0.9052073955535889
3913,0.8292480111122131,0.6944699287414551
3914,0.1294732391834259,0.4085789918899536
3915,-1.0206377506256104,0.6448817253112793
3916,-0.16492320597171783,0.5859756469726562
3917,-1.782021164894104,0.925432562828064
3918,0.4297938942909241,0.20086884498596191
3919,0.5632318258285522,-0.004575788974761963
3920,-0.21482183039188385,0.1573980450630188
3921,-1.4280294179916382,0.6261849403381348
3922,0.7465013265609741,0.12472307682037354
3923,0.9393385052680969,-0.014158248901367188
3924,0.2956690788269043,-0.060865938663482666
3925,-0.8108236789703369,0.057489216327667236
3926,1.1695468425750732,0.1261371374130249
3927,0.49515044689178467,-0.012960851192474365
3928,-0.2378971427679062,0.059896767139434814
3929,0.40487074851989746,-0.22513800859451294
3930,-0.23012855648994446,0.04123193025588989
3931,-0.7878550887107849,-0.021883666515350342
3932,0.6021357774734497,-0.17290306091308594
3933,-0.8993924856185913,0.08422344923019409
3934,-0.9669322371482849,0.3006535768508911
3935,0.9488211274147034,-0.0066648125648498535
3936,-1.3962620496749878,0.5404011011123657
3937,0.2571633458137512,0.19552350044250488
3938,-1.1366499662399292,0.7821372747421265
3939,-0.5370340347290039,0.1998853087425232
3940,-1.7609858512878418,0.8752553462982178
3941,1.1128323078155518,0.1444576382637024
3942,1.3697258234024048,0.24940437078475952
3943,-0.4481332302093506,-0.006111621856689453
3944,0.10823234915733337,0.26662731170654297
3945,-0.7713174223899841,-0.0392986536026001
3946,1.6404199600219727,0.41351115703582764
3947,0.5682343244552612,0.06734436750411987
3948,-0.10681670159101486,-0.12874311208724976
3949,0.1686975210905075,-0.13216006755828857
3950,-0.14235372841358185,0.07242906093597412
3951,0.9767349362373352,0.010525822639465332
3952,-0.6399890780448914,-0.07687008380889893
3953,0.8059682846069336,-0.09866058826446533
3954,-0.3149532675743103,-0.09717297554016113
3955,0.30919504165649414,-0.15957731008529663
3956,0.30031174421310425,-0.19171267747879028
3957,0.35367918014526367,-0.16815254092216492
3958,0.4536905884742737,0.15315568447113037
3959,-0.8892298340797424,0.06914180517196655
3960,-0.11181144416332245,-0.0058176517486572266
3961,0.4303596615791321,-0.180070161819458
3962,0.40490972995758057,-0.14086252450942993
3963,-1.329635739326477,0.47923123836517334
3964,-0.6234996914863586,0.6508041620254517
3965,-1.4789025783538818,0.6162198781967163
3966,0.749038577079773,0.04857105016708374
3967,0.062433794140815735,0.13503730297088623
3968,1.1310255527496338,0.10246491432189941
3969,-0.1806035190820694,-0.15639668703079224
3970,1.3100261688232422,0.21321040391921997
3971,-0.8178377151489258,0.009339869022369385
3972,-0.4389464855194092,-0.14116781949996948
3973,-0.9494452476501465,0.5083585977554321
3974,-0.8645987510681152,0.4616279602050781
3975,1.2007935047149658,0.14696890115737915
3976,-0.40735459327697754,-0.15166625380516052
3977,-0.14194723963737488,-0.10396182537078857
3978,0.730945348739624,-0.03594398498535156
3979,0.15033669769763947,0.03066694736480713
3980,0.8995066285133362,-0.037532687187194824
3981,0.38927996158599854,-0.0006839632987976074
3982,-0.49065327644348145,-0.14629480242729187
3983,-0.016545914113521576,-0.19625794887542725
3984,1.7163677215576172,0.4595538377761841
3985,0.3066776990890503,0.12322211265563965
3986,0.04360133409500122,-0.1301712989807129
3987,0.29768943786621094,-0.20241627097129822
3988,-0.29679223895072937,-0.11033564805984497
3989,-0.3162280321121216,-0.10017776489257812
3990,0.09543874859809875,-0.1651780605316162
3991,-0.12263447046279907,-0.23450064659118652
3992,-0.36409229040145874,-0.20885363221168518
3993,0.02181832492351532,-0.25817883014678955
3994,-0.6573536992073059,-0.1420910358428955
3995,0.7152528166770935,-0.147638201713562
3996,-0.03706759214401245,-0.26024729013442993
3997,0.9200056195259094,-0.023236393928527832
3998,-0.6852030754089355,0.10843402147293091
3999,-0.5123668313026428,-0.1774393618106842
4000,-0.9004870057106018,0.08522838354110718
4001,0.9456951022148132,-0.007661938667297363
4002,0.6312944889068604,-0.16998478770256042
4003,-0.04253099858760834,-0.2024761140346527
4004,0.045072153210639954,-0.22365474700927734
4005,0.2507791519165039,-0.21005979180335999
4006,1.129705548286438,0.10383075475692749
4007,0.4862695336341858,-0.018150687217712402
4008,-0.0896906852722168,0.3322559595108032
4009,0.8652847409248352,-0.05693632364273071
4010,0.9276003241539001,0.5741493701934814
4011,-1.43911612033844,0.5797456502914429
4012,-1.2239772081375122,0.440898060798645
4013,0.4206511974334717,-0.04758638143539429
4014,0.6413471698760986,0.0912250280380249
4015,0.3398476839065552,0.06021052598953247
4016,0.16870184242725372,0.006875157356262207
4017,-0.13041260838508606,0.15807151794433594
4018,-0.22334623336791992,0.03358292579650879
4019,0.7190718650817871,0.051154255867004395
4020,0.1867080181837082,-0.02539527416229248
4021,0.8782551288604736,-0.05298560857772827
4022,0.45259708166122437,0.014933884143829346
4023,-0.8658993244171143,0.19632965326309204
4024,1.1534191370010376,0.1181713342666626
4025,0.17791859805583954,0.10188174247741699
4026,-0.6296640038490295,-0.02314162254333496
4027,-0.9673770666122437,0.14215636253356934
4028,0.6121440529823303,0.066689133644104
4029,-0.3050386309623718,-0.08698010444641113
4030,0.5336728096008301,-0.04183351993560791
4031,1.0610005855560303,0.05523109436035156
4032,0.2567415237426758,-0.028516054153442383
4033,0.36823320388793945,-0.027126610279083252
4034,4.381546497344971,2.968325138092041
4035,0.9108404517173767,1.509156584739685
4036,-2.1072123050689697,1.839943528175354
4037,-1.6763538122177124,1.4150913953781128
4038,-1.3348640203475952,0.767646074295044
4039,0.15444250404834747,0.4185389280319214
4040,2.127882957458496,0.7089158296585083
4041,0.7065882682800293,0.691887617111206
4042,-0.36860764026641846,0.3486071825027466
4043,0.5862702131271362,0.30477219820022583
4044,0.008328355848789215,0.16045165061950684
4045,-0.9440916776657104,0.12236171960830688
4046,0.04401420056819916,0.3005329370498657
4047,0.2768014669418335,0.11713981628417969
4048,0.4980085492134094,0.12825310230255127
4049,0.752750039100647,-0.09041810035705566
4050,1.1270745992660522,0.46020472049713135
4051,-0.41873854398727417,0.6630038022994995
4052,-0.8208070993423462,0.38139641284942627
4053,-1.7492396831512451,0.9002413749694824
4054,2.0700557231903076,0.673974871635437
4055,0.4548097848892212,0.752974271774292
4056,1.640767216682434,0.7828503847122192
4057,-0.6751735210418701,0.6883014440536499
4058,1.5653246641159058,0.5811129808425903
4059,-0.9967189431190491,0.8310016393661499
4060,-2.34529709815979,1.6261807680130005
4061,1.6010702848434448,1.3153234720230103
4062,-1.3484653234481812,0.8913328647613525
4063,-3.886125326156616,2.8263535499572754
4064,2.590200901031494,1.6100112199783325
4065,-2.273061990737915,1.345394253730774
4066,0.2344266027212143,1.7348343133926392
4067,0.43753600120544434,0.4296875
4068,-1.290693998336792,0.44148731231689453
4069,-0.01773788034915924,0.3936387300491333
4070,0.514603853225708,0.6647950410842896
4071,1.189208745956421,0.15891093015670776
4072,0.15906257927417755,0.042380452156066895
4073,0.17928172647953033,0.1608484983444214
4074,0.6917758584022522,0.016862928867340088
4075,-0.8149317502975464,0.17698603868484497
4076,-1.0752301216125488,0.245660662651062
4077,-1.2956128120422363,0.7126380205154419
4078,-1.9279110431671143,1.0239144563674927
4079,-1.5802648067474365,0.7093346118927002
4080,-0.9957704544067383,1.0361180305480957
4081,0.3455331325531006,2.2292933464050293
4082,1.4395376443862915,0.6605242490768433
4083,-0.42500025033950806,0.14248716831207275
4084,-0.30642634630203247,-0.09766638278961182
4085,1.4000452756881714,0.26778531074523926
4086,-0.6263368725776672,-0.048631131649017334
4087,1.29203462600708,0.20230454206466675
4088,0.8735764026641846,0.02213042974472046
4089,0.38919252157211304,0.020502805709838867
4090,-0.34528017044067383,-0.08766376972198486
4091,-0.18059030175209045,-0.13844537734985352
4092,0.8285460472106934,-0.07878637313842773
4093,0.07969200611114502,-0.09114336967468262
4094,-0.1423119604587555,-0.04569196701049805
4095,0.5054007172584534,-0.20840826630592346
4096,0.6256742477416992,-0.11241275072097778
4097,-0.13073837757110596,-0.09021705389022827
4098,-0.02536952495574951,-0.09550327062606812
4099,0.9186878800392151,-0.02406972646713257
4100,-0.7660330533981323,-0.038214266300201416
4101,-0.1281166821718216,-0.19488179683685303
4102,-1.1892468929290771,0.3503398299217224
4103,-0.1423945128917694,0.03859323263168335
4104,-1.013731598854065,0.18919867277145386
4105,-0.0940166786313057,0.0807158350944519
4106,0.06828510761260986,0.1827791929244995
4107,-0.44154685735702515,0.04253286123275757
4108,-1.2045481204986572,0.38964688777923584
4109,0.8277952075004578,-0.03221768140792847
4110,-1.937757968902588,1.0375503301620483
4111,0.9641305804252625,0.7634197473526001
4112,-1.3596385717391968,0.5067769289016724
4113,0.717126190662384,0.13688385486602783
4114,0.5138645768165588,-0.02131330966949463
4115,-1.6896793842315674,0.809788703918457
4116,1.078018307685852,0.2227460741996765
4117,-0.9796935319900513,0.2062247395515442
4118,0.6293551325798035,0.20359891653060913
4119,1.758987307548523,0.4853919744491577
4120,1.1661317348480225,0.12726187705993652
4121,0.6744675040245056,-0.022796154022216797
4122,-0.009625256061553955,0.03841114044189453
4123,-0.24002967774868011,-0.05644339323043823
4124,-0.8166003227233887,0.008133530616760254
4125,0.8620112538337708,-0.058428287506103516
4126,1.1884256601333618,0.1394810676574707
4127,-0.8480974435806274,0.03709912300109863
4128,0.8111538887023926,-0.08926790952682495
4129,-0.42911869287490845,-0.19232335686683655
4130,0.855231761932373,-0.06441235542297363
4131,0.362593412399292,0.1141156554222107
4132,-0.47665637731552124,-0.11010861396789551
4133,-0.0780746266245842,-0.1685008406639099
4134,0.6342979073524475,-0.15256080031394958
4135,-0.9212999939918518,0.10433691740036011
4136,0.8382209539413452,-0.07315260171890259
4137,-0.15904277563095093,-0.11352449655532837
4138,0.9684578776359558,0.005916774272918701
4139,1.3341127634048462,0.22781270742416382
4140,-0.022284604609012604,0.09941363334655762
4141,0.6496133804321289,0.05291467905044556
4142,-0.5125122666358948,-0.0016790032386779785
4143,0.21725760400295258,-0.08944159746170044
4144,0.061075642704963684,-0.09254997968673706
4145,0.24665938317775726,-0.09490096569061279
4146,-0.20962971448898315,-0.10980230569839478
4147,0.7833731174468994,-0.10794800519943237
4148,0.6819170713424683,0.5413389205932617
4149,-0.6520236134529114,0.021371304988861084
4150,-0.934600830078125,0.11460477113723755
4151,0.24473662674427032,0.09671461582183838
4152,1.673200011253357,1.8296431303024292
4153,-0.22122620046138763,0.027702748775482178
4154,-0.32268697023391724,0.10016000270843506
4155,1.2712290287017822,0.18255162239074707
4156,-0.5542306303977966,0.41188836097717285
4157,0.15557922422885895,0.1063852310180664
4158,-1.522130012512207,0.6559609174728394
4159,0.8867873549461365,0.5181626081466675
4160,-0.8210364580154419,0.010443329811096191
4161,0.07060639560222626,0.1202392578125
4162,1.6224464178085327,0.4026148319244385
4163,0.3009171485900879,-0.07349944114685059
4164,0.22837866842746735,0.017021775245666504
4165,0.6018477082252502,0.1737406849861145
4166,2.6640357971191406,1.0340723991394043
4167,-0.08210165798664093,0.7615633010864258
4168,-0.76885586977005,0.4835721254348755
4169,-0.7221024036407471,0.1259574294090271
4170,0.7160351276397705,0.11586707830429077
4171,0.31279832124710083,0.2893330454826355
4172,0.5244179964065552,0.20094221830368042
4173,0.32765042781829834,0.08382856845855713
4174,0.5894747376441956,-0.011331021785736084
4175,0.14258502423763275,-0.06658494472503662
4176,-0.6196773648262024,0.1867716908454895
4177,1.3355344533920288,0.22867584228515625
4178,-0.34734466671943665,0.13016349077224731
4179,1.8116976022720337,0.5135492086410522
4180,1.1930372714996338,0.7360801696777344
4181,-1.2259018421173096,1.3888214826583862
4182,-0.9592823386192322,0.40486836433410645
4183,0.5609839558601379,0.04349780082702637
4184,0.003414429724216461,0.03317821025848389
4185,0.3872333765029907,-0.06375676393508911
4186,-0.8802860379219055,0.06668168306350708
4187,0.8524743914604187,-0.05567294359207153
4188,-0.6906912922859192,-0.10264319181442261
4189,0.5815116763114929,-0.2347043752670288
4190,-0.5242182016372681,-0.0474889874458313
4191,0.35649293661117554,-0.10474938154220581
4192,0.49875926971435547,-0.12069249153137207
4193,-0.3869091868400574,-0.1118430495262146
4194,0.5355966091156006,0.18785697221755981
4195,-0.31460660696029663,0.049842119216918945
4196,0.761511504650116,-0.12079238891601562
4197,-0.44713282585144043,-0.02359241247177124
4198,-0.27902936935424805,0.1793113350868225
4199,-0.2852358818054199,0.09844762086868286
4200,-0.34884822368621826,-0.060811519622802734
4201,0.28634464740753174,0.011750221252441406
4202,1.1006821393966675,0.11615926027297974
4203,-0.31379395723342896,0.06506317853927612
4204,0.8254469037055969,0.2548273801803589
4205,-1.4389046430587769,0.5795514583587646
4206,-1.054309606552124,0.6543539762496948
4207,-0.7607595920562744,0.09971380233764648
4208,1.072355031967163,0.06912410259246826
4209,-0.14078813791275024,0.0013546943664550781
4210,-0.08049365133047104,0.04579639434814453
4211,-0.5396742224693298,-0.044753968715667725
4212,0.7475214600563049,0.02829509973526001
4213,0.28237438201904297,-0.16944614052772522
4214,-0.45965856313705444,-0.14586091041564941
4215,0.7735828757286072,-0.09853166341781616
4216,1.1052311658859253,0.08903127908706665
4217,0.0625285655260086,-0.15998640656471252
4218,-0.20357319712638855,0.14531314373016357
4219,0.1707819551229477,-0.2129860818386078
4220,0.6039398312568665,-0.1537112593650818
4221,0.6661040186882019,0.08940118551254272
4222,-0.1871471107006073,-0.0291292667388916
4223,-0.1439446061849594,-0.0409625768661499
4224,-0.26659053564071655,-0.0509149432182312
4225,0.3553386330604553,-0.07369410991668701
4226,-0.7028201818466187,-0.028819561004638672
4227,-1.175580382347107,0.3377925157546997
4228,0.7138223648071289,0.14340603351593018
4229,0.132370725274086,0.08402913808822632
4230,-0.8266966342926025,0.5273041725158691
4231,0.4888864755630493,-0.009065210819244385
4232,-0.030848123133182526,0.22188788652420044
4233,-2.6483163833618164,1.689916729927063
4234,0.7465844750404358,0.5806463956832886
4235,0.7782617211341858,0.47221922874450684
4236,0.09780728816986084,-0.058032453060150146
4237,0.772332489490509,0.05952632427215576
4238,0.5056018233299255,0.014424800872802734
4239,0.6383163332939148,0.09677624702453613
4240,-0.18522310256958008,-0.022559821605682373
4241,-0.6314764618873596,-0.03129315376281738
4242,1.0266166925430298,0.04139477014541626
4243,0.08081266283988953,-0.24723079800605774
4244,1.0921859741210938,0.0790131688117981
4245,-0.4730610251426697,0.003966093063354492
4246,-0.07833488285541534,0.0350375771522522
4247,0.010235883295536041,-0.02128368616104126
4248,0.09142544865608215,-0.062464892864227295
4249,-0.9293674826622009,0.11082804203033447
4250,0.24075819551944733,0.10803252458572388
4251,0.10714006423950195,0.2022465467453003
4252,-1.534136414527893,0.6669822931289673
4253,0.9671829342842102,0.6019840240478516
4254,-1.2875866889953613,0.4406259059906006
4255,-1.0743499994277954,0.5944226980209351
4256,1.1077182292938232,0.09446412324905396
4257,-0.37934160232543945,0.020686089992523193
4258,0.45826709270477295,0.27092742919921875
4259,-0.3843451142311096,0.09204906225204468
4260,0.19791458547115326,0.05807077884674072
4261,0.4274938702583313,0.09593439102172852
4262,0.5888171195983887,-0.07930612564086914
4263,-0.8246873617172241,0.015636444091796875
4264,-0.14085984230041504,-0.0432245135307312
4265,-0.0027999505400657654,0.056072115898132324
4266,-0.9898239374160767,0.16724878549575806
4267,-0.299389123916626,0.2053309679031372
4268,0.8829185366630554,-0.04620695114135742
4269,0.6230928897857666,-0.21028873324394226
4270,-0.11516706645488739,-0.19705459475517273
4271,0.4189300537109375,-0.08966749906539917
4272,0.22408585250377655,-0.22286638617515564
4273,0.6891416311264038,-0.16471335291862488
4274,0.15782679617404938,-0.17470389604568481
4275,-0.1333255171775818,-0.1635366678237915
4276,-0.0035083815455436707,-0.25537917017936707
4277,0.003966830670833588,-0.24834296107292175
4278,-0.09072116762399673,-0.207981675863266
4279,0.35094356536865234,-0.244318425655365
4280,0.011457785964012146,-0.2539287507534027
4281,-0.00878627598285675,-0.21202325820922852
4282,-0.7049928903579712,-0.09430307149887085
4283,0.6111314296722412,-0.2109397053718567
4284,0.28756529092788696,-0.2473769187927246
4285,0.5702806115150452,-0.23563715815544128
4286,-0.5392614603042603,-0.24884480237960815
4287,0.023210465908050537,-0.2344258427619934
4288,-0.3871687650680542,-0.24912932515144348
4289,0.06609579920768738,-0.19548559188842773
4290,0.13227373361587524,-0.22035342454910278
4291,-0.03741861879825592,-0.1673561930656433
4292,0.35375726222991943,-0.30192968249320984
4293,0.166860893368721,-0.2548035979270935
4294,0.8351899981498718,-0.07466238737106323
4295,0.4263024926185608,-0.09018266201019287
4296,0.34320592880249023,-0.15671035647392273
4297,-0.024724401533603668,-0.2172718048095703
4298,-0.8478888869285583,0.03693753480911255
4299,-0.5794878602027893,-0.08225744962692261
4300,-1.1335251331329346,0.2991814613342285
4301,-1.0514885187149048,0.4751415252685547
4302,0.795883059501648,0.06002873182296753
4303,0.5667064189910889,-0.12747937440872192
4304,-0.40484070777893066,-0.15977752208709717
4305,0.7206621766090393,-0.14623746275901794
4306,-0.24733980000019073,-0.13278281688690186
4307,0.5909926891326904,-0.1328270435333252
4308,-0.32636576890945435,-0.17035222053527832
4309,-0.8613892793655396,0.04932582378387451
4310,0.21127410233020782,0.035542428493499756
4311,0.6319337487220764,-0.1994243562221527
4312,0.10392652451992035,-0.20096620917320251
4313,0.2970620393753052,-0.27086666226387024
4314,-0.8380130529403687,0.027870774269104004
4315,0.15559904277324677,-0.1345319151878357
4316,-0.33155491948127747,0.007352650165557861
4317,-1.0763341188430786,0.24666303396224976
4318,1.0129917860031128,0.09954571723937988
4319,0.08861337602138519,-0.10310214757919312
4320,-1.3157329559326172,0.46646714210510254
4321,0.9348737597465515,-0.016620635986328125
4322,-1.1315374374389648,0.2973563075065613
4323,-1.0800986289978027,0.3835381269454956
4324,0.012870356440544128,0.4515341520309448
4325,-0.6582761406898499,0.5803052186965942
4326,1.2094686031341553,0.15130913257598877
4327,1.1493771076202393,0.15284478664398193
4328,0.6146238446235657,0.2581520676612854
4329,0.7322449684143066,-0.12442582845687866
4330,-1.0877734422683716,0.2571766972541809
4331,0.20457865297794342,-0.16395187377929688
4332,-1.3716355562210083,0.5177913904190063
4333,0.7755767107009888,0.1347203254699707
4334,-0.8016066551208496,0.12133628129959106
4335,0.6085451245307922,-0.11709368228912354
4336,-0.9904855489730835,0.16783690452575684
4337,0.9093912243843079,0.09393447637557983
4338,0.6788815259933472,-0.02809208631515503
4339,0.8740639686584473,-0.054119110107421875
4340,0.03744089603424072,-0.07983511686325073
4341,0.5192567706108093,-0.1265084147453308
4342,-0.4716273546218872,0.05319631099700928
4343,0.5615078806877136,-0.0020118355751037598
4344,1.4511384963989258,0.6717144250869751
4345,-1.0351133346557617,0.20879513025283813
4346,0.8953040242195129,-0.04473310708999634
4347,-0.6319005489349365,0.12618279457092285
4348,-1.4906851053237915,0.627020001411438
4349,-0.6618338227272034,0.4923074245452881
4350,-0.7285825610160828,0.43866562843322754
4351,-0.3580111861228943,0.4124140739440918
4352,-1.6564600467681885,0.779281497001648
4353,1.5020264387130737,0.6836322546005249
4354,0.35629355907440186,0.21169215440750122
4355,1.5645440816879272,0.3675118684768677
4356,1.6627343893051147,0.4261758327484131
4357,1.2659728527069092,0.4708714485168457
4358,-0.8856353759765625,0.18780821561813354
4359,0.24847643077373505,0.011519312858581543
4360,1.6113947629928589,0.39591479301452637
4361,1.5165376663208008,0.3478471040725708
4362,-0.7455939650535583,0.034386277198791504
4363,1.4063609838485718,0.271594762802124
4364,0.0695469081401825,0.03244125843048096
4365,-1.030548095703125,0.20196503400802612
4366,0.011709384620189667,0.044226646423339844
4367,-1.3782624006271362,0.5238755941390991
4368,-0.9639614224433899,0.526833176612854
4369,-1.4909504652023315,0.6273349523544312
4370,1.3116027116775513,0.21416759490966797
4371,-1.1364802122116089,0.30189454555511475
4372,1.1089709997177124,0.09131509065628052
4373,0.350783109664917,-0.056679606437683105
4374,-1.0365005731582642,0.4346522092819214
4375,1.4539563655853271,0.3004686236381531
4376,-0.4512985348701477,0.3894667625427246
4377,-0.12608352303504944,-0.23926809430122375
4378,-0.7724708318710327,-0.03268533945083618
4379,-0.9717373251914978,0.15320831537246704
4380,0.9290453791618347,-0.01805669069290161
4381,0.541725218296051,-0.2291308045387268
4382,1.0917832851409912,0.08084672689437866
4383,-0.09453284740447998,-0.15416809916496277
4384,0.2371964305639267,-0.21676760911941528
4385,-1.2739509344100952,0.42810678482055664
4386,-1.0886178016662598,0.25776034593582153
4387,0.00047632306814193726,0.46630537509918213
4388,1.4783860445022583,0.3152790069580078
4389,0.30982518196105957,-0.20025652647018433
4390,1.0415431261062622,0.046310484409332275
4391,-0.6575301885604858,-0.04387003183364868
4392,1.1439346075057983,0.11251938343048096
4393,-0.8968929052352905,0.08191972970962524
4394,-0.7983571887016296,0.07139217853546143
4395,0.7360173463821411,0.10245835781097412
4396,1.2487748861312866,0.17607814073562622
4397,0.14705024659633636,-0.051841676235198975
4398,1.5106128454208374,0.3314625024795532
4399,0.11548343300819397,0.42571043968200684
4400,-0.42901718616485596,-0.09838831424713135
4401,0.4212189316749573,-0.21420687437057495
4402,0.0965474545955658,-0.11342120170593262
4403,0.6349701881408691,-0.034115493297576904
4404,-0.4504348635673523,-0.13347619771957397
4405,0.21224115788936615,-0.18486130237579346
4406,0.05585843324661255,-0.08217716217041016
4407,-0.6086658835411072,-0.14374345541000366
4408,-0.6924282908439636,0.0017908811569213867
4409,0.7131990790367126,-0.14870652556419373
4410,0.7298847436904907,-0.13880020380020142
4411,0.43154871463775635,-0.21947762370109558
4412,0.09805378317832947,-0.15740081667900085
4413,-0.382942259311676,-0.1893094778060913
4414,-0.08908537030220032,-0.13558000326156616
4415,0.2502843737602234,-0.19308903813362122
4416,0.20768161118030548,-0.19716686010360718
4417,0.18286968767642975,-0.12836408615112305
4418,-0.6676537990570068,-0.01143503189086914
4419,1.0949283838272095,0.08232998847961426
4420,-0.9475303888320923,0.12841910123825073
4421,0.002962835133075714,-0.2143072783946991
4422,-0.41906189918518066,-0.12532204389572144
4423,-1.1355069875717163,0.300972580909729
4424,-0.2501401901245117,0.13221126794815063
4425,0.4173535108566284,-0.10435432195663452
4426,1.137970209121704,0.10687381029129028
4427,0.5833641290664673,-0.2187417447566986
4428,0.3111293315887451,-0.057550668716430664
4429,0.8448053598403931,-0.07091140747070312
4430,0.14877356588840485,-0.011974096298217773
4431,-0.44794517755508423,-0.16980046033859253
4432,0.5774208307266235,-0.1679147183895111
4433,0.5246959924697876,-0.05753213167190552
4434,0.1049729734659195,0.2585909366607666
4435,-0.8551868200302124,0.04277145862579346
4436,-0.2648189663887024,-0.12490397691726685
4437,0.47356390953063965,-0.20546120405197144
4438,0.25391894578933716,-0.20613440871238708
4439,-0.6511479020118713,-0.10917258262634277
4440,0.1370595097541809,-0.23746967315673828
4441,-0.35895299911499023,-0.21047109365463257
4442,0.8570290207862854,-0.06141895055770874
4443,-0.46816056966781616,-0.1481446623802185
4444,0.80412757396698,0.006745755672454834
4445,0.9382491707801819,0.03504228591918945
4446,-1.1984903812408447,0.35882580280303955
4447,0.6089340448379517,0.04108881950378418
4448,-1.4117048978805542,0.5545793771743774
4449,0.8276410698890686,-0.07918965816497803
4450,1.4457215070724487,0.2954763174057007
4451,-0.8132559061050415,0.004604637622833252
4452,0.5470441579818726,0.058480143547058105
4453,0.627060055732727,-0.13848793506622314
4454,0.10993969440460205,0.0390203595161438
4455,-0.9352089166641235,0.11710667610168457
4456,-0.5317337512969971,-0.0528184175491333
4457,1.0092626810073853,0.03087550401687622
4458,-0.2293071150779724,-0.15245306491851807
4459,0.617659866809845,-0.2110348641872406
4460,-0.8141627311706543,0.00597381591796875
4461,-0.5634286403656006,-0.1287868618965149
4462,0.6701790690422058,-0.1800379455089569
4463,-0.6513029336929321,-0.14750716090202332
4464,0.05155949294567108,-0.21893298625946045
4465,-0.0149708092212677,-0.1569496989250183
4466,0.2429683357477188,-0.19548174738883972
4467,0.2517549991607666,-0.23282286524772644
4468,0.19457195699214935,-0.23194953799247742
4469,0.6509767770767212,-0.18701139092445374
4470,-0.37357062101364136,-0.23374205827713013
4471,-0.5209478735923767,-0.26870793104171753
4472,-1.4452687501907349,0.5805609226226807
4473,0.8931705951690674,0.25806760787963867
4474,0.695918083190918,-0.16069144010543823
4475,-0.6318604946136475,-0.1613987386226654
4476,0.713966429233551,-0.15240538120269775
4477,-0.581558346748352,-0.20803874731063843
4478,-0.8843055367469788,0.07037103176116943
4479,-0.13028573989868164,-0.08300262689590454
4480,-0.19388914108276367,-0.19393908977508545
4481,-0.06616020202636719,0.346549391746521
4482,1.0293759107589722,0.043067872524261475
4483,0.01601196825504303,-0.26038408279418945
4484,-0.1371586173772812,-0.24501502513885498
4485,-0.49725836515426636,-0.16176247596740723
4486,0.5182915925979614,-0.03852283954620361
4487,-1.3298718929290771,0.4794480800628662
4488,-0.46828413009643555,0.46094393730163574
4489,0.49527662992477417,-0.03185558319091797
4490,-1.312071442604065,0.4631054401397705
4491,0.24598543345928192,0.3436313271522522
4492,-0.389951229095459,0.14698171615600586
4493,-0.6501869559288025,0.519405722618103
4494,-1.0102205276489258,0.28146302700042725
4495,1.7249712944030762,0.46476995944976807
4496,0.6610262989997864,-0.06743824481964111
4497,-0.05839495360851288,-0.11467331647872925
4498,-0.4706827998161316,-0.20629268884658813
4499,0.48623138666152954,-0.13978761434555054
4500,0.8807111978530884,-0.04711472988128662
4501,0.6856541633605957,-0.17240461707115173
4502,0.042505621910095215,-0.16188260912895203
4503,0.8729109764099121,-0.05219292640686035
4504,0.6141476035118103,-0.21244463324546814
4505,-0.2178870439529419,-0.1759224534034729
4506,-0.1642063856124878,-0.1638796329498291
4507,-0.05279669910669327,-0.23314791917800903
4508,-0.4196054935455322,-0.23565897345542908
4509,-0.6359736919403076,-0.09545618295669556
4510,1.0839983224868774,0.0761837363243103
4511,-0.6753997802734375,-0.1214647889137268
4512,0.6735163927078247,-0.1756141483783722
4513,0.395477294921875,-0.19657772779464722
4514,0.8136132955551147,-0.09157025814056396
4515,0.3610841631889343,-0.14727655053138733
4516,-0.9322311878204346,0.1143728494644165
4517,0.3530101180076599,-0.1487945318222046
4518,-0.3531111478805542,-0.15214493870735168
4519,0.5842741131782532,0.01689612865447998
4520,-0.31038999557495117,-0.20386609435081482
4521,-0.5680606365203857,-0.16328686475753784
4522,-0.4050012230873108,-0.10861194133758545
4523,-0.6808422207832336,-0.027334630489349365
4524,0.4440191984176636,-0.06172114610671997
4525,-0.017183460295200348,-0.1427425742149353
4526,0.7120715975761414,-0.15537706017494202
4527,0.27176058292388916,-0.24173998832702637
4528,-0.756145179271698,-0.04729253053665161
4529,0.35344552993774414,-0.22902777791023254
4530,-0.5771619081497192,-0.16596832871437073
4531,-0.28063949942588806,-0.15963509678840637
4532,0.9111670851707458,-0.028594374656677246
4533,-0.1718302071094513,-0.25822728872299194
4534,-0.32846811413764954,-0.22602003812789917
4535,0.5254697203636169,-0.2316533625125885
4536,-0.06772570312023163,-0.26364168524742126
4537,-0.442716121673584,-0.21016129851341248
4538,0.6877305507659912,-0.14405184984207153
4539,-0.707446277141571,-0.09202456474304199
4540,-0.9176174402236938,0.10081583261489868
4541,-0.012092657387256622,-0.07747149467468262
4542,1.0188499689102173,0.03668642044067383
4543,0.7995667457580566,-0.10197252035140991
4544,-0.08375150710344315,-0.1934605836868286
4545,0.6533324122428894,-0.19157487154006958
4546,-0.13943317532539368,-0.1814638376235962
4547,0.16705073416233063,-0.2313167154788971
4548,0.059613585472106934,-0.2534109055995941
4549,-0.7010915875434875,-0.0978386402130127
4550,-0.03304630517959595,-0.21788117289543152
4551,-0.5062010884284973,0.055604398250579834
4552,-1.2718174457550049,0.426000714302063
4553,0.6137512922286987,0.15818673372268677
4554,0.7749526500701904,-0.11654198169708252
4555,0.8265676498413086,-0.08680886030197144
4556,0.029657870531082153,-0.15601050853729248
4557,-0.7095658183097839,-0.09005707502365112
4558,0.8953414559364319,0.06420058012008667
4559,0.6793041825294495,-0.07314860820770264
4560,-0.7587752938270569,-0.04531526565551758
4561,-0.6977668404579163,-0.10089111328125
4562,0.6205757260322571,-0.20757707953453064
4563,-0.04003651440143585,-0.25261837244033813
4564,0.1831560581922531,-0.240894615650177
4565,-0.35272645950317383,-0.2677416205406189
4566,-0.4222622513771057,-0.20519274473190308
4567,0.7350389957427979,-0.13313758373260498
4568,0.5183876156806946,-0.22776326537132263
4569,1.3629156351089478,0.24527519941329956
4570,-0.5177047252655029,-0.10770654678344727
4571,-0.19630126655101776,-0.2255312204360962
4572,0.17058487236499786,-0.2633175253868103
4573,0.2510875463485718,-0.28824281692504883
4574,-1.333712100982666,0.4829738140106201
4575,-0.6893756985664368,-0.08737707138061523
4576,0.8231600522994995,-0.08195418119430542
4577,-0.017010554671287537,-0.2286229431629181
4578,0.6907864212989807,-0.16853275895118713
4579,0.555515706539154,-0.25051790475845337
4580,-0.3298444151878357,-0.2405591905117035
4581,0.21761520206928253,-0.2946898341178894
4582,0.44748514890670776,-0.19212165474891663
4583,-0.04622267186641693,-0.275674045085907
4584,-0.40875500440597534,-0.20162761211395264
4585,1.0094058513641357,0.030961930751800537
4586,-0.44565272331237793,-0.25833991169929504
4587,0.01746128499507904,-0.2571168541908264
4588,0.064837247133255,-0.28668105602264404
4589,0.7231098413467407,-0.14269953966140747
4590,0.3118323087692261,-0.3041625916957855
4591,-0.3430984616279602,-0.3018137812614441
4592,-0.2667877674102783,-0.2770627439022064
4593,0.37424027919769287,-0.2804088294506073
4594,-0.17668527364730835,-0.05454754829406738
4595,-0.6599341630935669,-0.1358201503753662
4596,0.9520455002784729,-0.003813803195953369
4597,-0.20382802188396454,-0.28149497509002686
4598,0.551274299621582,-0.24707403779029846
4599,0.10933613777160645,-0.30053699016571045
4600,0.6067079305648804,-0.21814092993736267
4601,0.011984653770923615,-0.24415212869644165
4602,0.6861769556999207,-0.14156079292297363
4603,0.7350945472717285,-0.07897990942001343
4604,0.037621065974235535,-0.23922252655029297
4605,1.0072542428970337,0.029427766799926758
4606,0.0005823671817779541,-0.12206453084945679
4607,-0.5943418741226196,-0.19138431549072266
4608,-0.012014828622341156,-0.15116330981254578
4609,-0.14156775176525116,-0.24988868832588196
4610,0.6687960028648376,-0.18022426962852478
4611,0.38718748092651367,-0.22475793957710266
4612,-0.06373932957649231,-0.2631877660751343
4613,1.0371102094650269,0.047646939754486084
4614,0.5172080397605896,0.15573549270629883
4615,0.7642922401428223,-0.09442752599716187
4616,-0.46373099088668823,-0.10250431299209595
4617,0.26638197898864746,-0.1382651925086975
4618,0.5951869487762451,-0.16732969880104065
4619,-0.5186521410942078,-0.08551061153411865
4620,-0.6572261452674866,-0.13828229904174805
4621,0.2221277505159378,-0.19490107893943787
4622,0.5296974182128906,-0.262052059173584
4623,-0.6239919662475586,-0.1695537567138672
4624,0.174878790974617,-0.29099664092063904
4625,0.42438560724258423,-0.2998584806919098
4626,0.17826180160045624,-0.261128306388855
4627,0.09946632385253906,-0.25436392426490784
4628,-0.4310123324394226,-0.20890405774116516
4629,0.006925642490386963,-0.2831360697746277
4630,-0.35805243253707886,-0.15845251083374023
4631,0.6753225922584534,-0.17167514562606812
4632,0.004352860152721405,-0.28019076585769653
4633,0.6417206525802612,-0.19228214025497437
4634,-0.14437922835350037,-0.27238819003105164
4635,0.19434227049350739,-0.23224228620529175
4636,1.3296759128570557,0.22193896770477295
4637,1.0822094678878784,0.10582154989242554
4638,-0.6583826541900635,0.04688215255737305
4639,0.8588961362838745,-0.06742298603057861
4640,1.5924201011657715,0.5848425626754761
4641,0.4582335352897644,0.5495036840438843
4642,-0.18473374843597412,0.29624247550964355
4643,0.8407135009765625,0.06905198097229004
4644,1.0431787967681885,0.054368555545806885
4645,0.6247779130935669,0.30822068452835083
4646,-0.1847657859325409,0.2657739520072937
4647,-0.3883656859397888,0.30478060245513916
4648,-0.05011868104338646,0.1939084529876709
4649,0.8178831338882446,0.10224831104278564
4650,-0.21194903552532196,-0.06370502710342407
4651,-1.079340934753418,0.2482021450996399
4652,-0.3465231657028198,0.3441902995109558
4653,-1.8521093130111694,0.9589160680770874
4654,-2.054753541946411,1.144893765449524
4655,1.0146175622940063,0.752562403678894
4656,-0.33537372946739197,0.12743180990219116
4657,-0.2869367003440857,-0.09303510189056396
4658,0.4815777540206909,-0.11121070384979248
4659,-0.11681122332811356,-0.18673819303512573
4660,-1.6623750925064087,0.7847204208374023
4661,-1.431177020072937,0.5724567174911499
4662,-1.736248254776001,2.149965763092041
4663,1.1983990669250488,0.21636182069778442
4664,1.3590776920318604,0.24294716119766235
4665,0.10636718571186066,0.06932896375656128
4666,1.0658533573150635,0.06517213582992554
4667,0.7125244736671448,-0.1525467336177826
4668,0.09940148890018463,-0.045411646366119385
4669,-0.8289957642555237,0.0195920467376709
4670,-0.7711759209632874,0.006399750709533691
4671,2.0270111560821533,0.6478797197341919
4672,0.8983376622200012,0.057771503925323486
4673,1.8511531352996826,0.541266918182373
4674,-0.8302302956581116,0.14675670862197876
4675,1.0886163711547852,0.07894903421401978
4676,0.34658724069595337,0.14622122049331665
4677,2.3096401691436768,0.8191254138946533
4678,-0.3713443875312805,0.5829496383666992
4679,-1.6728750467300415,0.7943603992462158
4680,-1.4345427751541138,0.5755468606948853
4681,-0.4285946488380432,0.09042251110076904
4682,-0.9308082461357117,0.17616188526153564
4683,-0.09480223804712296,0.09889036417007446
4684,-0.3855050802230835,-0.07889306545257568
4685,0.24806292355060577,-0.18979305028915405
4686,-1.410873293876648,0.5538157224655151
4687,1.2404083013534546,0.17100197076797485
4688,-0.28352129459381104,-0.059150636196136475
4689,-0.43271827697753906,-0.04703080654144287
4690,-1.1657211780548096,0.3287407159805298
4691,0.3895518183708191,-0.09333539009094238
4692,-1.0837507247924805,0.2534704804420471
4693,-0.2421969771385193,0.1526660919189453
4694,1.0345118045806885,0.42158782482147217
4695,-1.1935573816299438,0.3542972803115845
4696,-0.479328989982605,0.5035262107849121
4697,-1.216408371925354,0.502593994140625
4698,0.2050478607416153,0.3680633306503296
4699,-0.4773957133293152,-0.03539663553237915
4700,1.1063979864120483,0.600024938583374
4701,-0.16512048244476318,0.01538705825805664
4702,0.8988072276115417,0.013919353485107422
4703,-1.18782377243042,0.3490332365036011
4704,-1.5301097631454468,0.7722716331481934
4705,-1.2869127988815308,0.43997323513031006
4706,1.9943104982376099,0.628055214881897
4707,0.844741702079773,0.08969336748123169
4708,1.0234026908874512,0.05976998805999756
4709,-0.2671284079551697,0.02896219491958618
4710,-0.284649521112442,0.10432201623916626
4711,0.1386408805847168,0.009264349937438965
4712,-0.7252570390701294,-0.07575398683547974
4713,0.9296484589576721,-0.017505347728729248
4714,-0.29221901297569275,0.5017192363739014
4715,0.8073441982269287,-0.09544074535369873
4716,0.33407342433929443,-0.1197628378868103
4717,-0.6449102163314819,-0.1456851065158844
4718,-0.7876429557800293,-0.024181127548217773
4719,0.9910548329353333,0.017641127109527588
4720,0.21977083384990692,-0.1835467517375946
4721,-0.07516954839229584,-0.17739543318748474
4722,-0.15597644448280334,-0.134163498878479
4723,0.6466882228851318,-0.16825765371322632
4724,0.6366028785705566,-0.18786269426345825
4725,-0.3018663823604584,-0.22698470950126648
4726,-0.919221818447113,0.1024288535118103
4727,0.058735013008117676,-0.05685532093048096
4728,-0.8638626337051392,0.054850876331329346
4729,0.10638439655303955,0.07560324668884277
4730,-0.16077929735183716,-0.06661063432693481
4731,0.9429197907447815,-0.009345173835754395
4732,1.8562099933624268,0.5432652235031128
4733,0.18651466071605682,0.516686201095581
4734,0.3130066394805908,0.09885436296463013
4735,0.13922938704490662,-0.009067177772521973
4736,0.9933714270591736,0.018950939178466797
4737,1.2374833822250366,0.1728796362876892
4738,1.1531914472579956,0.11491632461547852
4739,-0.9194146394729614,0.16244632005691528
4740,1.1952277421951294,0.14257651567459106
4741,-0.3385358452796936,-0.019749999046325684
4742,-0.9601501822471619,0.13969773054122925
4743,1.5847960710525513,0.37978947162628174
4744,-0.4028332233428955,-0.012043595314025879
4745,1.5846343040466309,0.3796888589859009
4746,-0.38854438066482544,0.43740928173065186
4747,0.5924582481384277,0.0925518274307251
4748,-0.1762959063053131,0.07101905345916748
4749,0.19745619595050812,-0.1724274754524231
4750,-0.14833477139472961,-0.08063757419586182
4751,-0.6103465557098389,-0.07380938529968262
4752,0.3125980496406555,0.06397849321365356
4753,-0.6195916533470154,-0.1588442027568817
4754,0.3965463638305664,-0.09337961673736572
4755,0.17421267926692963,-0.12729203701019287
4756,1.2410733699798584,0.16435444355010986
4757,0.554194986820221,-0.11962366104125977
4758,-0.5970675945281982,0.03778725862503052
4759,1.0659205913543701,0.06522393226623535
4760,-0.6811642050743103,-0.11614429950714111
4761,0.21742866933345795,-0.2160341739654541
4762,-0.08556094020605087,-0.16837826371192932
4763,-0.8718867897987366,0.05897045135498047
4764,0.9354203343391418,-0.015136539936065674
4765,0.6276633143424988,-0.20699962973594666
4766,-0.5811693072319031,-0.08339887857437134
4767,-0.4432569742202759,-0.1647638976573944
4768,0.784553587436676,-0.10610932111740112
4769,0.24342037737369537,-0.2287849485874176
4770,0.5459071397781372,-0.13869351148605347
4771,-0.4014356732368469,-0.2792341113090515
4772,0.694940447807312,-0.16097456216812134
4773,-0.017718970775604248,-0.24242237210273743
4774,1.286093831062317,0.19870275259017944
4775,-1.033934235572815,0.5190532207489014
4776,0.3837895393371582,-0.005183279514312744
4777,-0.6462454795837402,-0.05153489112854004
4778,0.7238776087760925,-0.10101526975631714
4779,0.9403166174888611,0.0013415217399597168
4780,0.9993719458580017,0.22445344924926758
4781,0.3160429000854492,0.1291062831878662
4782,1.243472933769226,0.17214161157608032
4783,-0.46389520168304443,0.49027228355407715
4784,-0.4456172585487366,0.12890195846557617
4785,-0.4790869951248169,0.13441163301467896
4786,-0.5638828277587891,0.06818854808807373
4787,0.41605502367019653,0.00594407320022583
4788,-1.0299166440963745,0.20405703783035278
4789,0.3581717014312744,-0.18831738829612732
4790,-0.6189848780632019,-0.09943443536758423
4791,-0.05544144660234451,-0.152215838432312
4792,0.5730934739112854,-0.22719475626945496
4793,1.1711946725845337,0.12904322147369385
4794,0.5062967538833618,-0.14339715242385864
4795,0.017641335725784302,-0.17561036348342896
4796,-0.6483029127120972,-0.11909276247024536
4797,-0.11132365465164185,-0.23043271899223328
4798,-0.7963048219680786,-0.01042473316192627
4799,-0.6627318263053894,0.002652287483215332
4800,0.29336267709732056,-0.152504563331604
4801,0.14271092414855957,-0.2064116895198822
4802,0.21087537705898285,0.05860936641693115
4803,-0.5264679193496704,-0.1438533067703247
4804,-0.8276548385620117,0.018360793590545654
4805,-0.18860429525375366,-0.010854840278625488
4806,-0.7221032381057739,0.1604347825050354
4807,0.0664619505405426,-0.09433382749557495
4808,0.9501873850822449,-0.0050814151763916016
4809,0.30234837532043457,-0.15084365010261536
4810,0.14377370476722717,-0.11941254138946533
4811,-0.22405415773391724,-0.09038001298904419
4812,0.3788266181945801,-0.13210254907608032
4813,-0.2821066379547119,-0.27066656947135925
4814,-0.14986738562583923,-0.043551504611968994
4815,-0.2410350739955902,-0.08256852626800537
4816,-0.12990376353263855,-0.1330854892730713
4817,-0.17304861545562744,-0.18288546800613403
4818,-0.6677398681640625,-0.13251662254333496
4819,0.6318341493606567,-0.09085166454315186
4820,0.8043709993362427,-0.09555935859680176
4821,-0.3737555742263794,-0.22835099697113037
4822,-0.47309058904647827,-0.0831136703491211
4823,-0.5583945512771606,-0.11561453342437744
4824,-0.27343523502349854,0.04664117097854614
4825,0.5523664951324463,-0.06747692823410034
4826,-0.519866406917572,-0.045977652072906494
4827,0.45825523138046265,-0.1603550910949707
4828,-0.8330743312835693,0.11844944953918457
4829,0.26034003496170044,0.17740559577941895
4830,-0.013143233954906464,0.0415874719619751
4831,0.7444836497306824,-0.13398826122283936
4832,0.6361821293830872,-0.1581931710243225
4833,-0.6920270919799805,-0.11204594373703003
4834,0.8559564352035522,-0.0622633695602417
4835,0.8816436529159546,-0.04651081562042236
4836,0.04466336965560913,0.07312637567520142
4837,0.5623923540115356,-0.13372939825057983
4838,-0.7172465920448303,-0.08855295181274414
4839,0.0841359794139862,-0.1728348731994629
4840,0.5588312745094299,-0.2298903465270996
4841,-0.5324347615242004,-0.1745765209197998
4842,1.9539297819137573,0.6035746335983276
4843,0.16766326129436493,-0.1194797158241272
4844,0.44355887174606323,-0.17745158076286316
4845,0.13238584995269775,-0.02636045217514038
4846,0.20815213024616241,-0.13600808382034302
4847,-1.3010272979736328,0.4529658555984497
4848,-0.03302428126335144,-0.04742228984832764
4849,-1.1519231796264648,0.3160727024078369
4850,1.3463455438613892,0.23523014783859253
4851,1.1567033529281616,0.12026017904281616
4852,0.5714572072029114,-0.061755239963531494
4853,1.5266433954238892,0.4436683654785156
4854,-0.6337876915931702,0.13703423738479614
4855,0.3428030014038086,-0.09907084703445435
4856,0.39999330043792725,-0.11454033851623535
4857,0.8297515511512756,0.04832857847213745
4858,-0.8164514899253845,0.19900095462799072
4859,-0.17182505130767822,-0.0972825288772583
4860,0.7625487446784973,-0.12281978130340576
4861,0.40532630681991577,-0.23215818405151367
4862,-0.6696836352348328,-0.1302891969680786
4863,-0.13703317940235138,-0.05692899227142334
4864,0.44322633743286133,-0.18523821234703064
4865,0.6630054116249084,-0.18523472547531128
4866,0.7297224998474121,-0.00205838680267334
4867,0.3254694938659668,-0.009226083755493164
4868,-0.7373505234718323,-0.06455689668655396
4869,0.4417076110839844,-0.17309808731079102
4870,0.6369227170944214,-0.017698049545288086
4871,-0.9018231630325317,0.0862308144569397
4872,0.10336428880691528,-0.07397794723510742
4873,0.2061837762594223,-0.19028708338737488
4874,0.7865744829177856,-0.10624635219573975
4875,-0.41321200132369995,-0.15378355979919434
4876,0.2809045910835266,-0.16075247526168823
4877,-0.7534436583518982,-0.049774348735809326
4878,-0.468772828578949,0.1791430115699768
4879,0.3707784414291382,-0.11073338985443115
4880,0.9917203783988953,0.02012091875076294
4881,0.5908513069152832,-0.16398581862449646
4882,0.9818584322929382,0.010911643505096436
4883,0.39921796321868896,0.14862453937530518
4884,0.39435499906539917,0.33327943086624146
4885,-0.3427296578884125,-0.06676560640335083
4886,0.8514611124992371,0.23278456926345825
4887,-0.4733920693397522,-0.009213089942932129
4888,1.982312798500061,0.619443416595459
4889,-0.8693593740463257,0.0520632266998291
4890,0.44970905780792236,0.057713449001312256
4891,0.8160077929496765,0.3471614122390747
4892,-0.23909924924373627,0.007510662078857422
4893,0.3055805563926697,-0.0431901216506958
4894,-0.6660252213478088,0.06257754564285278
4895,1.2515718936920166,0.17776882648468018
4896,0.27090489864349365,0.10472172498703003
4897,-0.5602150559425354,-0.03801131248474121
4898,-1.0525528192520142,0.22484004497528076
4899,-1.4006028175354004,0.5443683862686157
4900,-0.7651369571685791,0.4444056749343872
4901,-0.1717052161693573,-0.057529330253601074
4902,0.9271669983863831,-0.02489757537841797
4903,-0.9320340752601624,0.11419188976287842
4904,-0.07726146280765533,-0.0346103310585022
4905,-0.34110572934150696,-0.07962983846664429
4906,-0.14486399292945862,-0.02861344814300537
4907,0.08216583728790283,-0.18089109659194946
4908,-0.5223799347877502,-0.14901936054229736
4909,0.4422226548194885,-0.15238353610038757
4910,0.7584660053253174,-0.08843517303466797
4911,-0.47128820419311523,-0.17646732926368713
4912,0.7355201244354248,-0.13662976026535034
4913,0.05744260549545288,-0.16583698987960815
4914,1.0078511238098145,0.022994160652160645
4915,0.5941597819328308,-0.09001851081848145
4916,-0.3349035978317261,-0.08276289701461792
4917,-0.12763454020023346,-0.18488535284996033
4918,-0.23032613098621368,-0.1689668595790863
4919,1.1468555927276611,0.11428672075271606
4920,-0.6531404256820679,-0.1445610523223877
4921,-0.1843671351671219,-0.2132938802242279
4922,-0.7492517232894897,-0.053994596004486084
4923,0.334270715713501,-0.1522749960422516
4924,1.7005492448806763,0.44996416568756104
4925,0.10420003533363342,0.2185044288635254
4926,0.4952777624130249,0.20742064714431763
4927,-0.10095865279436111,0.11407488584518433
4928,0.8992587924003601,0.15067023038864136
4929,3.026089906692505,1.253517746925354
4930,-0.5915544629096985,1.5113383531570435
4931,0.47914576530456543,0.6422063112258911
4932,-0.15585945546627045,1.1659306287765503
4933,0.6416223645210266,0.5413930416107178
4934,0.6056398153305054,0.3065885305404663
4935,0.7544434666633606,0.2386910319328308
4936,2.4089672565460205,1.2628291845321655
4937,-1.3463085889816284,0.8865580558776855
4938,-0.7443206906318665,0.7859708070755005
4939,-4.829038619995117,3.692045211791992
4940,-0.5697396397590637,2.5959725379943848
4941,-0.019334636628627777,1.0919197797775269
4942,1.5365304946899414,0.5563229322433472
4943,-0.6917775273323059,0.18069154024124146
4944,1.9740694761276245,0.6157842874526978
4945,-1.2312324047088623,0.38888680934906006
4946,0.3071228861808777,-0.04234898090362549
4947,0.3229116201400757,-0.12396490573883057
4948,2.0267646312713623,0.6477303504943848
4949,1.275366187095642,0.2188538908958435
4950,-0.7996648550033569,-0.00812619924545288
4951,0.16589830815792084,-0.1503012776374817
4952,-0.5861921310424805,-0.165498286485672
4953,0.672966480255127,-0.09388363361358643
4954,0.46990466117858887,-0.16866934299468994
4955,-0.6829054355621338,-0.11453592777252197
4956,0.8130242228507996,-0.08811861276626587
4957,-0.06853856146335602,-0.20054396986961365
4958,0.08088132739067078,-0.13981330394744873
4959,0.8707833290100098,-0.0540088415145874
4960,0.7237535715103149,-0.0009556412696838379
4961,0.20664702355861664,0.0936729907989502
4962,0.9694147706031799,0.16234487295150757
4963,1.317193865776062,1.5746492147445679
4964,-0.36819320917129517,0.42132651805877686
4965,-0.3224533200263977,0.18556666374206543
4966,1.0363318920135498,0.3750683069229126
4967,0.0365317165851593,0.11954718828201294
4968,-0.8052803874015808,0.24041712284088135
4969,1.6318341493606567,0.4083061218261719
4970,0.6417197585105896,0.4386570453643799
4971,-0.10975068807601929,0.18043023347854614
4972,-1.1648119688034058,0.32419878244400024
4973,0.3415161371231079,-0.031099319458007812
4974,0.6763098835945129,0.3377806544303894
4975,0.9698763489723206,0.15813738107681274
4976,0.349163293838501,0.450702428817749
4977,0.09706445038318634,0.3022327423095703
4978,-0.03547240048646927,0.0481913685798645
4979,1.033138632774353,0.18657231330871582
4980,1.4367361068725586,0.42926502227783203
4981,0.5792580842971802,1.168904185295105
4982,-0.45057839155197144,0.3397141098976135
4983,0.14628933370113373,0.1188780665397644
4984,0.7124424576759338,0.09190988540649414
4985,-0.3854755759239197,-0.01828688383102417
4986,-0.5830585956573486,0.1676539182662964
4987,0.7696741223335266,-0.03906691074371338
4988,-0.34130388498306274,0.0395546555519104
4989,-1.3374660015106201,0.48642027378082275
4990,0.3782849907875061,0.04469943046569824
4991,-0.5515338778495789,0.20134681463241577
4992,0.3003377318382263,-0.01657348871231079
4993,-0.5062479376792908,0.011375188827514648
4994,0.8873575925827026,-0.047781288623809814
4995,-0.3060219883918762,0.1802612543106079
4996,1.2135146856307983,0.22128641605377197
4997,0.6132479310035706,0.07457512617111206
4998,0.41548770666122437,0.005575060844421387
4999,0.28687238693237305,0.4497051239013672
5000,-0.30817902088165283,0.3251950144767761
5001,0.08638261258602142,0.09790194034576416
5002,0.48160529136657715,0.43898677825927734
5003,1.1472469568252563,0.2053532600402832
5004,-0.8917402029037476,0.2710375189781189
5005,0.17101754248142242,0.1337066888809204
5006,-0.6677906513214111,0.1743038296699524
5007,0.6149266958236694,-0.05148506164550781
5008,-0.08986341953277588,-0.04505503177642822
5009,-0.3713473677635193,0.003948628902435303
5010,-0.30807024240493774,0.1382651925086975
5011,-0.3794727325439453,-0.028543412685394287
5012,0.9705539345741272,0.00737154483795166
5013,0.45951783657073975,0.12258929014205933
5014,-0.5860517024993896,-0.04983365535736084
5015,1.190760612487793,0.14083141088485718
5016,0.18654094636440277,0.23844671249389648
5017,0.5235357880592346,-0.01617056131362915
5018,-1.0702828168869019,0.24111580848693848
5019,0.716762125492096,-0.10679906606674194
5020,-0.3709924817085266,0.3924734592437744
5021,-0.8806079626083374,0.16019093990325928
5022,0.34645235538482666,0.047166526317596436
5023,1.2162134647369385,0.15074658393859863
5024,-0.21788449585437775,0.30325716733932495
5025,-0.14538930356502533,0.15860223770141602
5026,0.3657035827636719,0.04660719633102417
5027,0.2897404432296753,0.09036833047866821
5028,0.7140709161758423,0.06403845548629761
5029,-0.7814838290214539,0.06583517789840698
5030,0.8720079064369202,-0.05947524309158325
5031,-1.1050999164581299,0.267414391040802
5032,0.705274760723114,0.04440063238143921
5033,-0.7986858487129211,-0.010669291019439697
5034,0.2579140067100525,-0.20027390122413635
5035,1.0344969034194946,0.04514437913894653
5036,0.17182891070842743,-0.15474805235862732
5037,-0.4811984896659851,-0.15600499510765076
5038,-0.09314681589603424,-0.148516446352005
5039,0.8209850192070007,-0.08630871772766113
5040,-0.018712453544139862,-0.10052049160003662
5041,-0.04546816647052765,-0.17452135682106018
5042,0.05517995357513428,-0.12114214897155762
5043,0.11333173513412476,-0.185359388589859
5044,-0.8704656958580017,0.05766576528549194
5045,-0.1484818458557129,0.035600900650024414
5046,0.6936191916465759,-0.1388481855392456
5047,-0.5852046012878418,-0.11529266834259033
5048,0.18972505629062653,-0.07728022336959839
5049,-0.12364710122346878,-0.06758660078048706
5050,-0.16064715385437012,-0.11982506513595581
5051,-0.5098589658737183,-0.16778939962387085
5052,0.6957844495773315,-0.15934884548187256
5053,-0.13047485053539276,-0.30363014340400696
5054,0.9659510254859924,0.0022192001342773438
5055,0.1345539391040802,-0.17676982283592224
5056,0.6064673066139221,-0.2017805576324463
5057,-0.7164372801780701,-0.08620601892471313
5058,0.8425047397613525,-0.0706741213798523
5059,0.332649290561676,-0.26962319016456604
5060,0.6370300054550171,-0.10106664896011353
5061,0.6233839392662048,-0.05845510959625244
5062,0.6516398191452026,0.3424394726753235
5063,-0.8318901658058167,0.2696065902709961
5064,0.04495882987976074,-0.04897606372833252
5065,0.5796494483947754,-0.04528278112411499
5066,-0.19649969041347504,0.05081009864807129
5067,0.6777592897415161,0.11986184120178223
5068,0.363481342792511,0.14583247900009155
5069,0.3236456513404846,0.035415589809417725
5070,1.493355631828308,1.5425611734390259
5071,0.4683031439781189,0.643095850944519
5072,-0.07880578935146332,0.6212830543518066
5073,-0.430320680141449,0.34400027990341187
5074,0.3220437169075012,-0.03772038221359253
5075,-0.30919408798217773,0.020188748836517334
5076,0.5177209973335266,-0.061318278312683105
5077,0.30604302883148193,0.06323820352554321
5078,-0.953561544418335,0.25322049856185913
5079,-0.9450207948684692,0.4942058324813843
5080,-0.9191502928733826,0.25031954050064087
5081,1.040421962738037,0.04558885097503662
5082,0.3116968274116516,-0.014157295227050781
5083,-1.0059000253677368,0.182000994682312
5084,0.3547603487968445,0.2383318543434143
5085,0.4380462169647217,-0.009609103202819824
5086,-1.1468924283981323,0.3114500641822815
5087,-0.3637327551841736,0.37627995014190674
5088,-0.08422928303480148,0.17568641901016235
5089,-0.6981146931648254,0.47848260402679443
5090,1.193389892578125,0.1424868106842041
5091,0.3333091139793396,-0.0866517424583435
5092,-0.4753333330154419,0.046776771545410156
5093,-0.45373809337615967,0.10092669725418091
5094,0.8881539106369019,-0.049633145332336426
5095,0.3839988708496094,-0.010368704795837402
5096,0.7220548987388611,0.21554023027420044
5097,-0.011398375034332275,0.0003414750099182129
5098,0.6786171197891235,0.006719350814819336
5099,0.3162432909011841,0.12718051671981812
5100,0.34313666820526123,-0.10201537609100342
5101,0.5527539253234863,-0.1293594241142273
5102,-1.1856387853622437,0.3470271825790405
5103,0.21029092371463776,-0.021923065185546875
5104,0.12260401248931885,-0.04075515270233154
5105,0.06904128193855286,-0.18630900979042053
5106,-0.6965120434761047,-0.10065627098083496
5107,-0.45664680004119873,0.16869503259658813
5108,-1.3848711252212524,0.5299426317214966
5109,-5.759100437164307,4.725872039794922
5110,-3.2131130695343018,3.2920312881469727
5111,0.5908476710319519,3.183682441711426
5112,0.24033407866954803,1.5098048448562622
5113,-0.2571060061454773,0.7043673992156982
5114,-0.04146474599838257,0.9525094032287598
5115,1.185969352722168,0.30638450384140015
5116,1.3322890996932983,1.112501621246338
5117,1.8363595008850098,0.564477801322937
5118,0.5126861333847046,0.5290547609329224
5119,-0.7514133453369141,0.1625341773033142
5120,0.9349769949913025,0.15613305568695068
5121,0.03588777780532837,0.4011029005050659
5122,-1.2239428758621216,0.37702178955078125
5123,0.8417448401451111,0.012874841690063477
5124,0.19002662599086761,0.01823180913925171
5125,-1.3575952053070068,0.5049009323120117
5126,-0.5634461641311646,0.35401177406311035
5127,0.745915949344635,0.734283447265625
5128,-0.9369869232177734,0.1603516936302185
5129,1.1610100269317627,0.1228715181350708
5130,1.142341136932373,0.10902953147888184
5131,0.6993875503540039,-0.025247275829315186
5132,-0.9979107975959778,0.17467355728149414
5133,0.7110406756401062,-0.15609410405158997
5134,-0.4559274911880493,-0.16854488849639893
5135,-0.44613635540008545,-0.035675764083862305
5136,-0.16032041609287262,-0.17814606428146362
5137,-0.8052012324333191,0.3370025157928467
5138,1.1011730432510376,0.08502662181854248
5139,-0.5760071277618408,-0.20913410186767578
5140,0.2713123559951782,-0.25410693883895874
5141,-0.7562267184257507,-0.047636210918426514
5142,-0.9225768446922302,0.10542851686477661
5143,0.7107690572738647,-0.15198278427124023
5144,-0.9384504556655884,0.12008124589920044
5145,-0.3457193076610565,-0.1040107011795044
5146,0.23468826711177826,0.012930214405059814
5147,0.46216827630996704,0.11232888698577881
5148,-0.13249722123146057,-0.1086663007736206
5149,-0.46656644344329834,-0.11439698934555054
5150,0.8829482197761536,-0.04600459337234497
5151,-0.5945708155632019,-0.19252172112464905
5152,-0.9891318082809448,0.16661345958709717
5153,-0.5649888515472412,0.03429234027862549
5154,-0.2643526792526245,0.2253163456916809
5155,-1.1007682085037231,0.26879143714904785
5156,-1.3536561727523804,0.742536187171936
5157,0.6515611410140991,0.32693713903427124
5158,1.062225341796875,0.2414364218711853
5159,-0.5735936164855957,0.16154354810714722
5160,0.8588005304336548,-0.025668978691101074
5161,-0.9721572399139404,0.1497294306755066
5162,0.8861810564994812,-0.0064386725425720215
5163,0.8656517863273621,-0.06327372789382935
5164,-0.01255255937576294,-0.1314079761505127
5165,-0.612834095954895,-0.14495253562927246
5166,0.8666456341743469,-0.061972081661224365
5167,0.4247366786003113,-0.15256035327911377
5168,0.5673813819885254,-0.21273913979530334
5169,-0.009986408054828644,-0.2705042064189911
5170,0.8803003430366516,-0.05280578136444092
5171,0.675777792930603,-0.08603739738464355
5172,-0.6651716232299805,-0.07529544830322266
5173,0.5121358036994934,-0.2249421775341034
5174,0.07162134349346161,-0.19015735387802124
5175,0.5990042686462402,-0.15302354097366333
5176,0.24585412442684174,-0.20875424146652222
5177,0.22345785796642303,-0.19453313946723938
5178,-0.5876210927963257,-0.11215907335281372
5179,-0.029742442071437836,-0.0796663761138916
5180,-0.2423192709684372,-0.20930996537208557
5181,0.3167080283164978,-0.19739696383476257
5182,0.14532746374607086,-0.170160174369812
5183,-0.12368176877498627,-0.21469110250473022
5184,-0.6960211992263794,0.04424864053726196
5185,0.4000500440597534,-0.11068868637084961
5186,0.8184507489204407,-0.08171045780181885
5187,0.22499684989452362,-0.18480634689331055
5188,-0.72133469581604,-0.0792580246925354
5189,-0.49932849407196045,-0.17965856194496155
5190,0.6395478844642639,-0.05764645338058472
5191,-0.13055512309074402,-0.11070382595062256
5192,0.5405905246734619,-0.23403599858283997
5193,0.707895815372467,-0.15830957889556885
5194,-0.17031842470169067,-0.09201169013977051
5195,0.5731157064437866,-0.2349012792110443
5196,-0.15514984726905823,-0.19040971994400024
5197,-0.3183203935623169,-0.17794615030288696
5198,0.17310647666454315,-0.16087636351585388
5199,0.888501763343811,-0.021606028079986572
5200,1.313236117362976,0.3753030300140381
5201,0.4013085961341858,0.10782301425933838
5202,0.2628903388977051,0.15540200471878052
5203,0.0034799128770828247,0.0006839632987976074
5204,-0.4830753207206726,-0.0042618513107299805
5205,0.13685236871242523,-0.2247319519519806
5206,-0.5549484491348267,-0.015153467655181885
5207,0.15427468717098236,-0.11299628019332886
5208,-0.018378525972366333,-0.22262173891067505
5209,0.10408273339271545,-0.17771852016448975
5210,-0.4884346127510071,-0.09196823835372925
5211,0.4885196089744568,-0.1424468755722046
5212,-0.3961879014968872,-0.10246437788009644
5213,-0.5124431252479553,-0.08578461408615112
5214,0.625487744808197,-0.20880809426307678
5215,-0.26377806067466736,-0.23199206590652466
5216,0.6564409732818604,-0.18983623385429382
5217,0.5307459831237793,-0.23412033915519714
5218,0.4129610061645508,-0.1239122748374939
5219,-0.6330314874649048,-0.1603618860244751
5220,-0.2045571357011795,-0.1681605875492096
5221,0.4179258942604065,-0.2705627381801605
5222,-0.7486203908920288,-0.05764693021774292
5223,0.3117349147796631,-0.21737036108970642
5224,0.5109378695487976,-0.27214059233665466
5225,0.5625032186508179,-0.14738208055496216
5226,0.565987229347229,-0.18242642283439636
5227,-0.38076817989349365,-0.2661724090576172
5228,0.17140211164951324,-0.2618876099586487
5229,-0.05826020985841751,-0.25974398851394653
5230,0.6259410381317139,-0.20256757736206055
5231,-0.009297609329223633,-0.26622042059898376
5232,-0.3065524697303772,-0.2928994297981262
5233,-0.4699498414993286,-0.20155665278434753
5234,0.16855217516422272,-0.2091149389743805
5235,0.15662024915218353,-0.23343077301979065
5236,0.14992429316043854,-0.23439913988113403
5237,0.4156668782234192,-0.2793114185333252
5238,0.01936338096857071,-0.19102278351783752
5239,-0.030899234116077423,-0.3275325894355774
5240,0.06911411881446838,-0.2759869396686554
5241,-0.18332159519195557,-0.24223890900611877
5242,-0.2797224223613739,-0.18034684658050537
5243,-0.5451812744140625,-0.08673697710037231
5244,0.40054619312286377,-0.24709638953208923
5245,0.3304066061973572,-0.29571229219436646
5246,-0.47872745990753174,-0.18798622488975525
5247,-0.46270281076431274,-0.10125809907913208
5248,-0.3513920307159424,-0.23888453841209412
5249,-0.34565144777297974,-0.16944122314453125
5250,-0.19231703877449036,0.07825726270675659
5251,0.27250343561172485,-0.08239495754241943
5252,-0.7171413898468018,-0.0882074236869812
5253,0.4756481647491455,-0.09620964527130127
5254,0.19481711089611053,0.03554815053939819
5255,0.32534515857696533,-0.18456074595451355
5256,-1.874758243560791,0.9797101020812988
5257,-0.3568671941757202,0.34179461002349854
5258,-0.7021703720092773,0.2228490710258484
5259,1.4098913669586182,0.271936297416687
5260,0.4974061846733093,-0.16702568531036377
5261,-0.666205644607544,-0.12988674640655518
5262,-0.2781747579574585,-0.1354394555091858
5263,0.8567091226577759,-0.06287091970443726
5264,-0.07049191743135452,-0.13152337074279785
5265,0.8114147186279297,-0.08919423818588257
5266,0.7060343623161316,-0.15979322791099548
5267,0.08290968835353851,-0.23065641522407532
5268,0.4072261452674866,-0.17925143241882324
5269,-0.2560799717903137,-0.23643451929092407
5270,-0.6161683201789856,-0.1791728436946869
5271,0.2727006673812866,-0.23757991194725037
5272,0.6383169889450073,-0.19670110940933228
5273,0.561374843120575,-0.24705636501312256
5274,-0.35945796966552734,-0.2902165949344635
5275,-0.05797530338168144,-0.2853628695011139
5276,-0.19317996501922607,-0.30220502614974976
5277,0.5154643058776855,-0.2756269872188568
5278,-0.41118836402893066,-0.2496732771396637
5279,0.09402534365653992,-0.29289281368255615
5280,-0.04640775918960571,-0.2759020924568176
5281,0.06798587739467621,-0.21259963512420654
5282,-0.729687511920929,-0.07158440351486206
5283,-0.5299509763717651,0.25400233268737793
5284,0.23488749563694,-0.17722567915916443
5285,0.40850508213043213,-0.1904394030570984
5286,-0.7981697916984558,-0.008709907531738281
5287,-0.337873637676239,0.03511369228363037
5288,-0.058347564190626144,-0.14774197340011597
5289,-0.5944576263427734,0.3621324300765991
5290,0.22300665080547333,0.09875768423080444
5291,0.22503970563411713,0.0876314640045166
5292,-0.6199348568916321,0.07884329557418823
5293,0.91786128282547,0.006173372268676758
5294,0.166275754570961,-0.09740334749221802
5295,-0.38771259784698486,-0.1973634660243988
5296,0.4736778736114502,-0.22482484579086304
5297,-0.5808565616607666,0.0181770920753479
5298,0.8051972389221191,-0.09467923641204834
5299,0.3170309066772461,-0.1388072967529297
5300,-0.3516950011253357,-0.14521977305412292
5301,0.5889355540275574,-0.22669470310211182
5302,0.13323159515857697,-0.1568603813648224
5303,0.7628536820411682,-0.10071980953216553
5304,0.16466833651065826,-0.22436457872390747
5305,0.4629673957824707,-0.1847584843635559
5306,-0.3734813928604126,-0.10446947813034058
5307,0.6869547367095947,-0.04946720600128174
5308,0.40749508142471313,-0.16592398285865784
5309,-0.2895106077194214,-0.04541116952896118
5310,-0.05448686331510544,-0.162286639213562
5311,0.351621150970459,-0.22367742657661438
5312,-1.095238208770752,0.2640300989151001
5313,0.48558783531188965,-0.057594120502471924
5314,-0.6976845264434814,0.03205233812332153
5315,-1.551474928855896,0.6786339282989502
5316,1.545053482055664,0.3881174325942993
5317,-0.09939756244421005,-0.04589533805847168
5318,-0.2732706367969513,-0.01342153549194336
5319,-0.808369517326355,0.0015097260475158691
5320,1.202546238899231,0.14805269241333008
5321,0.23945759236812592,-0.14875513315200806
5322,0.5331348180770874,-0.18369528651237488
5323,0.1379428207874298,-0.21721714735031128
5324,-0.2831249535083771,-0.1842346489429474
5325,0.3879896402359009,-0.27422067523002625
5326,0.3696298599243164,-0.24724635481834412
5327,0.673198401927948,-0.1782330572605133
5328,-0.44116586446762085,-0.2773069739341736
5329,0.13633808493614197,-0.2681245803833008
5330,0.1867690235376358,-0.15174198150634766
5331,0.4767649173736572,-0.286830872297287
5332,0.33218103647232056,-0.2517426013946533
5333,0.25750160217285156,-0.16084489226341248
5334,-0.49912816286087036,-0.186752587556839
5335,0.23017002642154694,-0.21021488308906555
5336,0.4121769666671753,-0.3131980001926422
5337,-0.1878873109817505,-0.29007476568222046
5338,0.6822077035903931,-0.16747117042541504
5339,-0.7272306680679321,-0.07383888959884644
5340,-0.1288015991449356,-0.21303054690361023
5341,0.060956746339797974,-0.2747354805469513
5342,2.0105140209198,0.6378785371780396
5343,0.49858230352401733,0.10386157035827637
5344,1.050055742263794,0.054929256439208984
5345,1.1514549255371094,0.14851683378219604
5346,-0.4866476058959961,-0.04121214151382446
5347,-0.677978515625,-0.06601154804229736
5348,1.0832449197769165,0.0757259726524353
5349,0.2090216428041458,-0.15914195775985718
5350,-0.3874772787094116,-0.0894421935081482
5351,-0.09610608965158463,-0.0661160945892334
5352,1.245913028717041,0.174338698387146
5353,1.1041334867477417,0.08876305818557739
5354,-0.7232171297073364,-0.0001710057258605957
5355,-0.07869642227888107,0.014624357223510742
5356,0.8648898601531982,-0.05747145414352417
5357,-0.1942761242389679,-0.05380481481552124
5358,-0.21815001964569092,-0.12570488452911377
5359,0.10724419355392456,-0.20115873217582703
5360,-0.6356726288795471,-0.16293662786483765
5361,0.37444812059402466,-0.15409231185913086
5362,-0.05767523869872093,-0.2443947196006775
5363,0.9194783568382263,-0.02400219440460205
5364,0.44120126962661743,-0.002477705478668213
5365,0.1454269140958786,0.019898951053619385
5366,-0.04570244625210762,-0.1880175769329071
5367,0.2936607599258423,-0.16430804133415222
5368,-0.06401656568050385,-0.09828495979309082
5369,-0.04362349957227707,-0.18629392981529236
5370,-0.2122233361005783,-0.22912976145744324
5371,0.5991784930229187,-0.15737175941467285
5372,0.028567984700202942,-0.16246244311332703
5373,0.24835215508937836,-0.26488712430000305
5374,-0.05972881615161896,-0.1602243185043335
5375,0.48510849475860596,-0.06508678197860718
5376,-0.4764636754989624,-0.16144251823425293
5377,0.995440661907196,0.019667088985443115
5378,0.13820305466651917,0.17478954792022705
5379,-0.017909571528434753,-0.05092144012451172
5380,0.5313668847084045,-0.0851585865020752
5381,0.4373165965080261,-0.1728229820728302
5382,-0.2919926345348358,-0.07058775424957275
5383,-0.35013583302497864,-0.17278903722763062
5384,-0.49999475479125977,-0.07604658603668213
5385,-0.12616519629955292,-0.119465172290802
5386,0.5978612899780273,-0.21583521366119385
5387,0.05959504842758179,-0.2306968867778778
5388,-0.7263917326927185,-0.07161480188369751
5389,0.10438883304595947,-0.1516193449497223
5390,0.22707201540470123,-0.15086954832077026
5391,0.42705297470092773,-0.23742341995239258
5392,-0.0008910596370697021,-0.3081066310405731
5393,-0.5425889492034912,-0.19574257731437683
5394,0.09760051965713501,-0.21992191672325134
5395,0.13831612467765808,-0.2307206392288208
5396,0.25682222843170166,-0.10809868574142456
5397,-0.047132283449172974,-0.16719403862953186
5398,-0.23239660263061523,-0.21437278389930725
5399,0.24664558470249176,-0.1896686851978302
5400,0.273597776889801,-0.22162863612174988
5401,0.6029253005981445,-0.10476207733154297
5402,-0.270208477973938,-0.042837560176849365
5403,-0.08806370198726654,0.039876699447631836
5404,0.09129862487316132,-0.06823277473449707
5405,-1.1799132823944092,0.33981746435165405
5406,0.6767780184745789,0.03949153423309326
5407,-0.4581957459449768,-0.009112894535064697
5408,-0.37550896406173706,-0.005198240280151367
5409,0.6083661913871765,-0.11276471614837646
5410,-0.19520068168640137,-0.1893531084060669
5411,0.917769730091095,-0.024592816829681396
5412,0.6710144281387329,0.2253517508506775
5413,0.21949191391468048,0.011474609375
5414,0.17373009026050568,0.022016167640686035
5415,-1.5646473169326782,0.6949962377548218
5416,0.6904305219650269,-0.04056358337402344
5417,-0.3829003572463989,-0.0749160647392273
5418,0.10055302083492279,-0.19112485647201538
5419,-0.5150222778320312,-0.05179029703140259
5420,-0.5960888862609863,-0.0713951587677002
5421,-0.16925650835037231,-0.01858997344970703
5422,0.7139634490013123,-0.15136930346488953
5423,0.2822486162185669,-0.22295483946800232
5424,-0.12085596472024918,-0.2559548616409302
5425,-0.557490885257721,-0.2304990291595459
5426,0.1942221075296402,-0.19518092274665833
5427,0.2838268280029297,-0.2494661808013916
5428,-0.2118631899356842,-0.27416089177131653
5429,0.2680591344833374,-0.26936933398246765
5430,0.5400295257568359,-0.25919923186302185
5431,-0.13714481890201569,-0.271477073431015
5432,0.7904541492462158,-0.102089524269104
5433,0.608993411064148,-0.20865848660469055
5434,-0.5982978343963623,-0.19613036513328552
5435,0.08620105683803558,-0.26405611634254456
5436,-0.181693434715271,-0.2728748619556427
5437,0.48570728302001953,-0.2892583906650543
5438,0.9002928137779236,-0.035193562507629395
5439,-0.5844178795814514,-0.2087925374507904
5440,-0.11327013373374939,-0.23463040590286255
5441,-0.5751770734786987,-0.21915209293365479
5442,0.2691640257835388,-0.2876673936843872
5443,-0.16478827595710754,-0.2588760256767273
5444,0.5628091096878052,-0.24610036611557007
5445,0.4655643701553345,-0.2831299602985382
5446,0.4726927876472473,-0.2823132872581482
5447,-0.5720929503440857,-0.18983212113380432
5448,-0.5155860781669617,-0.27261650562286377
5449,-0.22776468098163605,-0.2290227711200714
5450,-1.3481754064559937,0.4962526559829712
5451,-0.580935001373291,0.8051793575286865
5452,-0.08486177027225494,-0.02854973077774048
5453,0.5170357823371887,-0.17687875032424927
5454,0.4705575108528137,-0.18656548857688904
5455,0.8000390529632568,-0.0999637246131897
5456,-0.0011449605226516724,-0.22392237186431885
5457,-0.4541369080543518,-0.12207841873168945
5458,1.415427803993225,0.2771109342575073
5459,-0.1667081117630005,-0.09390807151794434
5460,0.3117123246192932,-0.23306366801261902
5461,-0.17678910493850708,-0.2934076189994812
5462,0.2723708152770996,-0.22108152508735657
5463,0.45474040508270264,-0.2758488357067108
5464,0.12558333575725555,-0.21903061866760254
5465,-0.3977259397506714,0.03242677450180054
5466,-0.13891732692718506,-0.1580270528793335
5467,-0.535212516784668,-0.17944097518920898
5468,0.6635891795158386,-0.18140512704849243
5469,0.6156021952629089,-0.212180495262146
5470,1.2869905233383179,0.19924545288085938
5471,0.04892514646053314,-0.04666543006896973
5472,0.7442005276679993,0.019653677940368652
5473,-1.2325732707977295,0.3901180028915405
5474,0.9058541655540466,-0.03188532590866089
5475,0.24286790192127228,-0.2159532606601715
5476,0.9966359734535217,0.020783662796020508
5477,0.2257484346628189,-0.06241261959075928
5478,0.8819277882575989,0.08968806266784668
5479,0.44119906425476074,-0.030379772186279297
5480,-0.34855467081069946,0.001557469367980957
5481,0.30989015102386475,-0.1235266923904419
5482,0.22186006605625153,-0.08052206039428711
5483,-0.7230238318443298,0.0011044144630432129
5484,0.4134209156036377,-0.15475672483444214
5485,0.5560420155525208,-0.054856836795806885
5486,-0.09546943008899689,-0.06885737180709839
5487,0.22208862006664276,-0.19012382626533508
5488,-0.2830458879470825,-0.1454797089099884
5489,0.219172403216362,-0.22198376059532166
5490,-0.18134358525276184,-0.13432234525680542
5491,0.25103259086608887,-0.1137155294418335
5492,0.2031368762254715,-0.2006361186504364
5493,0.20208705961704254,-0.14813435077667236
5494,0.0016738027334213257,-0.12994247674942017
5495,0.7346135377883911,-0.1396006941795349
5496,-0.7066091299057007,-0.09277230501174927
5497,0.6309604644775391,-0.17768529057502747
5498,2.015960693359375,0.6343091726303101
5499,0.2990589141845703,0.7318706512451172
5500,-0.6943250298500061,0.44624578952789307
5501,-0.7799212336540222,0.21643280982971191
5502,1.2709516286849976,0.46236157417297363
5503,-1.2688087224960327,0.4233858585357666
5504,0.005415752530097961,0.7967113256454468
5505,-0.45629048347473145,-0.013101041316986084
5506,0.5027412176132202,0.0976334810256958
5507,0.663716197013855,0.10358387231826782
5508,0.7286050915718079,-0.004090726375579834
5509,0.39238864183425903,0.017876386642456055
5510,0.10369186103343964,-0.0058785080909729
5511,-0.19267243146896362,-0.04002624750137329
5512,0.9823363423347473,0.01405566930770874
5513,-0.4500783681869507,-0.07235562801361084
5514,0.25232547521591187,-0.016755998134613037
5515,-0.20803187787532806,-0.1493750512599945
5516,0.7176363468170166,-0.10575944185256958
5517,-0.3704080581665039,0.038510799407958984
5518,-0.07770676910877228,-0.14140677452087402
5519,-0.5151329636573792,-0.11823689937591553
5520,-0.19117125868797302,-0.15183761715888977
5521,-0.06666702777147293,-0.17156466841697693
5522,0.08712798357009888,-0.13957929611206055
5523,-0.15420350432395935,-0.22755378484725952
5524,0.3819581866264343,-0.11012661457061768
5525,-0.269599586725235,-0.2379755675792694
5526,0.07181283831596375,-0.2283802330493927
5527,0.3837741017341614,-0.29443424940109253
5528,-0.404621422290802,-0.25080713629722595
5529,-0.021843180060386658,-0.19678038358688354
5530,0.6427330374717712,-0.19831299781799316
5531,-1.0131279230117798,0.18864434957504272
5532,-0.4177514314651489,-0.0736653208732605
5533,0.2581179738044739,-0.229976624250412
5534,-0.4160388708114624,-0.09481829404830933
5535,0.13079556822776794,-0.13484036922454834
5536,0.348507285118103,-0.19198152422904968
5537,0.18400295078754425,-0.2551734447479248
5538,0.12040692567825317,-0.23424169421195984
5539,-0.47452783584594727,-0.2645227313041687
5540,0.4029502868652344,-0.14043617248535156
5541,0.04505367577075958,-0.250907838344574
5542,-0.7898470759391785,-0.016395509243011475
5543,0.9250277876853943,-0.02023416757583618
5544,0.07346338033676147,-0.23540019989013672
5545,0.700874924659729,-0.1608441174030304
5546,-0.5513895153999329,-0.2017383873462677
5547,-0.48783713579177856,-0.18822485208511353
5548,0.22058840095996857,-0.18102511763572693
5549,-0.7113113403320312,-0.0894467830657959
5550,-0.18383172154426575,0.004293918609619141
5551,-0.5816035866737366,0.00416034460067749
5552,0.912565290927887,-0.02821195125579834
5553,-0.3046415150165558,-0.12570619583129883
5554,0.5576576590538025,-0.15993386507034302
5555,-0.4011269807815552,-0.16447550058364868
5556,0.6825265884399414,-0.1737709641456604
5557,0.22400005161762238,-0.2277742624282837
5558,-0.4161697030067444,-0.25818702578544617
5559,-0.35609275102615356,-0.20933189988136292
5560,1.0635640621185303,0.06379550695419312
5561,-0.03664499521255493,-0.2141871154308319
5562,-0.645777702331543,-0.14155304431915283
5563,0.2654397487640381,-0.265968918800354
5564,0.11902904510498047,-0.19314083456993103
5565,0.0016167238354682922,-0.22945743799209595
5566,-0.9771060943603516,0.1555725336074829
5567,0.5228683352470398,-0.15842115879058838
5568,-0.1474476307630539,-0.18683591485023499
5569,-0.16451773047447205,-0.21789509057998657
5570,0.6837217211723328,-0.152361661195755
5571,0.0402330607175827,-0.22875472903251648
5572,0.6872147917747498,-0.17101794481277466
5573,-0.4143803119659424,-0.14869439601898193
5574,-0.2944817543029785,-0.08442103862762451
5575,0.6702346205711365,-0.18177199363708496
5576,0.7067301273345947,-0.08928805589675903
5577,-0.042747750878334045,-0.1452685296535492
5578,-0.6829278469085693,-0.10880845785140991
5579,-0.4716222882270813,-0.1898268163204193
5580,0.5839015245437622,-0.08254700899124146
5581,0.02968280017375946,-0.20708328485488892
5582,-0.1256590336561203,-0.10084563493728638
5583,0.2957008481025696,-0.17159956693649292
5584,0.5296849608421326,-0.14570099115371704
5585,0.5166718363761902,-0.07920569181442261
5586,0.20215438306331635,-0.17227482795715332
5587,-0.34044307470321655,-0.16638383269309998
5588,0.6527894735336304,-0.18419396877288818
5589,0.47338318824768066,-0.11530977487564087
5590,-0.044135015457868576,-0.06332379579544067
5591,0.7327626943588257,-0.017688095569610596
5592,0.3446800708770752,-0.021533548831939697
5593,-0.5725603103637695,-0.055456340312957764
5594,-0.11773201078176498,-0.06405383348464966
5595,-0.3045685291290283,-0.043636858463287354
5596,-0.7302781343460083,0.09955167770385742
5597,-1.1406822204589844,0.30575186014175415
5598,-0.46650242805480957,0.4207000732421875
5599,0.4144272208213806,0.44422996044158936
5600,-0.9325032234191895,0.23220092058181763
5601,-0.5945727229118347,0.1982160210609436
5602,-1.348931074142456,0.8115642070770264
5603,1.0159062147140503,0.14557266235351562
5604,0.4134044051170349,0.002462029457092285
5605,-0.8187829256057739,0.010156691074371338
5606,0.603986382484436,0.0037157535552978516
5607,0.9061083197593689,-0.03875446319580078
5608,-0.2855924367904663,-0.19126814603805542
5609,0.5089727640151978,-0.2044987678527832
5610,0.8815675377845764,0.12966549396514893
5611,-0.2735373079776764,-0.14573800563812256
5612,-0.6929630041122437,-0.10567325353622437
5613,0.7065714597702026,-0.15357357263565063
5614,0.7193471193313599,-0.1493709683418274
5615,-0.7421873211860657,-0.0601077675819397
5616,0.5357789397239685,-0.24717220664024353
5617,-0.8562220931053162,0.04458862543106079
5618,0.7881075143814087,-0.10344868898391724
5619,-0.6042928695678711,-0.19258064031600952
5620,-1.1167329549789429,0.2837645411491394
5621,-0.15389858186244965,0.140527606010437
5622,0.6025123596191406,-0.22059205174446106
5623,0.7792603969573975,-0.03320431709289551
5624,0.6023082733154297,-0.2105279266834259
5625,0.4299907088279724,-0.28427374362945557
5626,-0.09622012823820114,-0.2383837103843689
5627,0.21721147000789642,-0.22187823057174683
5628,0.5867072343826294,-0.2270938754081726
5629,0.33343952894210815,-0.2924572229385376
5630,-0.6306190490722656,-0.16267457604408264
5631,-0.16161710023880005,-0.26711469888687134
5632,0.2787615656852722,-0.2380533516407013
5633,0.4987872838973999,-0.28193119168281555
5634,1.1408315896987915,0.11063730716705322
5635,0.6686756014823914,0.025226354598999023
5636,0.03187626600265503,-0.16915300488471985
5637,-0.09617425501346588,-0.20549330115318298
5638,-0.5758803486824036,-0.02183300256729126
5639,1.4759800434112549,0.31382042169570923
5640,-0.2644745707511902,-0.08088570833206177
5641,1.5833204984664917,0.3788949251174927
5642,-0.8604580760002136,0.1853163242340088
5643,-0.35555583238601685,-0.221937894821167
5644,0.3757845163345337,-0.1402679681777954
5645,0.3568142056465149,-0.05029034614562988
5646,-0.6028255224227905,-0.19041702151298523
5647,1.0139739513397217,0.09130096435546875
5648,0.69074946641922,0.32222723960876465
5649,1.014170527458191,0.22514039278030396
5650,-0.8606137037277222,0.13809746503829956
5651,0.16323040425777435,-0.07514870166778564
5652,-0.791016161441803,0.019010841846466064
5653,0.07441075146198273,-0.06927710771560669
5654,-0.5837140679359436,-0.09946030378341675
5655,-0.10652530938386917,-0.07608586549758911
5656,-1.3060976266860962,0.45762085914611816
5657,0.4667470455169678,0.39542925357818604
5658,-0.2149856686592102,-0.06305420398712158
5659,0.4521530270576477,-0.23577597737312317
5660,0.5878159999847412,-0.23167768120765686
5661,-0.36795681715011597,-0.07598650455474854
5662,0.3105432987213135,-0.18704402446746826
5663,0.6285924911499023,-0.20561116933822632
5664,-0.036506280303001404,-0.199355810880661
5665,0.15488238632678986,-0.27655336260795593
5666,0.13595153391361237,-0.10151267051696777
5667,0.3619266152381897,-0.2275260090827942
5668,-0.3180643618106842,-0.2423047125339508
5669,-0.055743828415870667,-0.20013734698295593
5670,0.3862873911857605,-0.07486295700073242
5671,0.4291727542877197,-0.09075504541397095
5672,0.13430677354335785,-0.10436296463012695
5673,0.7240303158760071,-0.1476975679397583
5674,0.07878705859184265,-0.13528239727020264
5675,0.023160621523857117,-0.1749877631664276
5676,-0.06890791654586792,-0.14208590984344482
5677,0.30280691385269165,-0.17605435848236084
5678,-0.31869763135910034,-0.001972675323486328
5679,-0.06968250870704651,-0.23831051588058472
5680,0.37652915716171265,-0.2471548318862915
5681,0.5949259996414185,-0.09750133752822876
5682,0.1546301394701004,-0.1448642909526825
5683,0.20782043039798737,-0.2352161407470703
5684,-0.07434247434139252,-0.2028636336326599
5685,0.2302560657262802,-0.216709166765213
5686,-0.6282895803451538,-0.05892115831375122
5687,0.11299695074558258,-0.1900765299797058
5688,-0.8935810923576355,0.07888758182525635
5689,0.3760071396827698,-0.14419472217559814
5690,0.7254379987716675,-0.1481941044330597
5691,-0.5304221510887146,-0.0789538025856018
5692,-1.3673702478408813,0.5138754844665527
5693,0.21267788112163544,0.08979439735412598
5694,-0.710651159286499,0.23293685913085938
5695,-1.1562623977661133,0.4908651113510132
5696,0.9570009112358093,0.3152693510055542
5697,1.284314751625061,0.19228464365005493
5698,-0.43276137113571167,-0.08803653717041016
5699,0.3066593408584595,-0.2190866470336914
5700,-0.7657878994941711,-0.038729310035705566
5701,-0.34438377618789673,-0.12094706296920776
5702,0.051515623927116394,-0.04538923501968384
5703,-0.1704712212085724,-0.16180196404457092
5704,-0.0487738735973835,-0.09207433462142944
5705,-0.6301416754722595,0.26902347803115845
5706,0.2260272353887558,-0.11078685522079468
5707,-0.13526704907417297,-0.11315971612930298
5708,-0.6147199869155884,-0.15595650672912598
5709,0.8711920976638794,0.11504465341567993
5710,0.7493332624435425,-0.13384544849395752
5711,-0.6694269180297852,-0.11096006631851196
5712,-0.8627912998199463,0.050084829330444336
5713,-0.5656964182853699,-0.1269092559814453
5714,-1.4615271091461182,0.7440735101699829
5715,0.5969799160957336,0.15687501430511475
5716,-0.35390645265579224,-0.0640220046043396
5717,0.4943123459815979,-0.05554211139678955
5718,0.542835533618927,0.1873965859413147
5719,0.5450383424758911,-0.1968889832496643
5720,-0.5548702478408813,-0.18591779470443726
5721,0.8000655770301819,-0.0824500322341919
5722,0.4464768171310425,0.004361331462860107
5723,-0.23574498295783997,-0.17209547758102417
5724,0.7186543345451355,-0.14562442898750305
5725,0.579770565032959,-0.23351159691810608
5726,-0.3860852122306824,-0.1792944371700287
5727,-0.3071528673171997,-0.13992232084274292
5728,-0.3467704653739929,-0.2595292031764984
5729,-0.7242055535316467,-0.07880717515945435
5730,0.22497238218784332,-0.22520029544830322
5731,-0.7881380915641785,-0.023792624473571777
5732,-0.043129757046699524,-0.19675055146217346
5733,-0.858974277973175,0.36912333965301514
5734,1.1207661628723145,0.0932655930519104
5735,-0.07649251818656921,-0.11190879344940186
5736,-0.9760621786117554,0.21934181451797485
5737,-6.729233264923096,5.519857883453369
5738,2.6417922973632812,1.3504042625427246
5739,0.954541027545929,0.42873597145080566
5740,0.09587515890598297,0.22678035497665405
5741,-0.6820388436317444,0.050621747970581055
5742,1.1268750429153442,0.09558194875717163
5743,0.4772137403488159,0.09357720613479614
5744,0.5293567776679993,-0.0005153417587280273
5745,-0.6184601783752441,-0.07993024587631226
5746,0.36789780855178833,-0.055902302265167236
5747,0.5250656008720398,-0.14404326677322388
5748,-0.2711338996887207,-0.10481953620910645
5749,-0.15621724724769592,-0.1956271529197693
5750,-0.5135751366615295,0.07077699899673462
5751,0.06008028984069824,-0.12152081727981567
5752,0.4666478633880615,-0.1568658947944641
5753,0.43734896183013916,-0.18532460927963257
5754,-0.07302296906709671,-0.07945960760116577
5755,0.34648269414901733,-0.01751697063446045
5756,0.22434724867343903,0.17811447381973267
5757,-0.21898242831230164,-0.11068916320800781
5758,-0.8219492435455322,0.008218348026275635
5759,-0.6832915544509888,0.13694602251052856
5760,-0.43233758211135864,0.07956051826477051
5761,-0.17726534605026245,0.15822571516036987
5762,-0.3790590167045593,0.24090665578842163
5763,0.9660411477088928,0.0026127099990844727
5764,-0.8222562074661255,0.1061849594116211
5765,-0.5056125521659851,0.2901127338409424
5766,-0.00031672418117523193,0.10571634769439697
5767,0.8378217220306396,-0.0535660982131958
5768,-0.039455145597457886,0.07354944944381714
5769,-0.015597321093082428,-0.16498956084251404
5770,-0.06038547679781914,-0.06361854076385498
5771,0.4043976068496704,-0.08904892206192017
5772,-1.1491140127182007,0.4208681583404541
5773,1.6114777326583862,0.3959650993347168
5774,-0.8607823848724365,0.048425912857055664
5775,1.082743525505066,0.07542043924331665
5776,0.041024982929229736,-0.14447379112243652
5777,0.7940593957901001,-0.10382866859436035
5778,-0.13669222593307495,0.0021255016326904297
5779,-0.23971694707870483,-0.1475040316581726
5780,0.14868097007274628,-0.155686616897583
5781,0.6224543452262878,-0.1366705298423767
5782,-1.3750916719436646,0.5209646224975586
5783,0.6091708540916443,0.03903692960739136
5784,1.2577147483825684,0.18149816989898682
5785,-0.5398722290992737,-0.05586785078048706
5786,-0.3964892029762268,-0.03894716501235962
5787,-0.18747949600219727,0.11089092493057251
5788,0.49683189392089844,0.09140896797180176
5789,-1.1766810417175293,0.33880311250686646
5790,0.5820774435997009,0.1886574625968933
5791,-0.9122709631919861,0.09107232093811035
5792,1.1586499214172363,0.12142950296401978
5793,-0.37363874912261963,-0.00037992000579833984
5794,0.9461632370948792,-0.008265316486358643
5795,0.6626501083374023,-0.184973806142807
5796,-0.6060003042221069,-0.03758877515792847
5797,-0.668075442314148,-0.07993894815444946
5798,-0.16657966375350952,-0.1543903350830078
5799,-1.7302972078323364,0.8470799922943115
5800,-1.5523189306259155,2.804509162902832
5801,-0.8046902418136597,0.4956902265548706
5802,0.9479190707206726,0.2814687490463257
5803,-0.24067950248718262,0.05104142427444458
5804,0.39376044273376465,0.12043899297714233
5805,0.4674590229988098,-0.07866442203521729
5806,0.8407415151596069,-0.012136757373809814
5807,1.5687155723571777,0.3698558807373047
5808,-0.01601291447877884,-0.040064334869384766
5809,0.6266326904296875,-0.18504992127418518
5810,-0.0391116663813591,-0.144178569316864
5811,0.4106791019439697,-0.12758928537368774
5812,-0.24052804708480835,-0.2343563437461853
5813,-0.0034723058342933655,-0.15404826402664185
5814,-0.666218101978302,-0.13384169340133667
5815,-0.03765209764242172,-0.20210710167884827
5816,0.8131169080734253,-0.08805882930755615
5817,-0.6684206128120422,-0.1279207468032837
5818,0.5038259029388428,-0.22661030292510986
5819,0.12040628492832184,-0.23642131686210632
5820,-0.6438499689102173,-0.15064257383346558
5821,-0.008080534636974335,-0.18528765439987183
5822,-0.057340290397405624,0.0184057354927063
5823,-1.009162425994873,0.1850036382675171
5824,-1.39689040184021,0.5409780740737915
5825,-0.8227106928825378,0.22003638744354248
5826,0.2969433665275574,0.3512405753135681
5827,-0.6845925450325012,0.5302393436431885
5828,0.3019261360168457,-0.010739624500274658
5829,0.39685702323913574,-0.035625457763671875
5830,-1.104768991470337,0.3737344741821289
5831,-0.9753960967063904,1.202174186706543
5832,1.7217820882797241,0.46283650398254395
5833,-1.229948878288269,0.3877084255218506
5834,0.5679903030395508,0.3414064049720764
5835,-1.12030827999115,0.28704702854156494
5836,-0.08876711130142212,1.2689682245254517
5837,-0.7009507417678833,0.3147823214530945
5838,1.303774118423462,0.20331335067749023
5839,-0.41597265005111694,0.03574573993682861
5840,-0.7397192120552063,0.019553780555725098
5841,-1.0586270093917847,0.2304171919822693
5842,-0.2990141212940216,0.2381266951560974
5843,0.8756325840950012,0.2186310887336731
5844,0.39980632066726685,-0.012562334537506104
5845,0.6263822317123413,-0.053306519985198975
5846,-0.43606752157211304,-0.013393759727478027
5847,1.1554592847824097,0.11936044692993164
5848,0.12590759992599487,-0.035997629165649414
5849,0.7061413526535034,-0.1563517451286316
5850,-0.3660515546798706,-0.14223450422286987
5851,-0.05938142165541649,-0.09975099563598633
5852,0.5937582850456238,-0.21721801161766052
5853,-0.7937994599342346,-0.012721836566925049
5854,0.6619576215744019,-0.1845545768737793
5855,0.5865243673324585,-0.2261810004711151
5856,0.7006299495697021,-0.1633721888065338
5857,-0.42780423164367676,-0.2031589150428772
5858,-0.6009922027587891,-0.18291962146759033
5859,0.45555633306503296,-0.23535951972007751
5860,0.05487483739852905,-0.12336182594299316
5861,-0.10398770868778229,-0.07304799556732178
5862,-0.1496385633945465,-0.15075936913490295
5863,0.4326590299606323,-0.11354231834411621
5864,-0.5509058833122253,-0.057219624519348145
5865,0.6923782229423523,-0.13095557689666748
5866,0.09436097741127014,-0.2133675217628479
5867,-0.7557899355888367,-0.047618746757507324
5868,0.3230839967727661,-0.1624794602394104
5869,0.1596149355173111,-0.1543453335762024
5870,0.6940065026283264,-0.0003733634948730469
5871,-0.5761469602584839,-0.09197086095809937
5872,-0.7327461242675781,-0.07297849655151367
5873,0.650240421295166,-0.16026699542999268
5874,-0.5248402953147888,-0.20013666152954102
5875,0.25211745500564575,-0.2187437117099762
5876,0.27620744705200195,-0.2085062861442566
5877,0.09827640652656555,-0.19638681411743164
5878,1.3423774242401123,0.23282456398010254
5879,-0.21466347575187683,-0.061850905418395996
5880,0.554922878742218,-0.15492454171180725
5881,1.1087219715118408,0.0911678671836853
5882,0.7297391891479492,0.30720454454421997
5883,-0.2984200119972229,0.047249436378479004
5884,-0.06745391339063644,-0.1187315583229065
5885,-0.04308338463306427,-0.140907883644104
5886,1.2196425199508667,0.15166771411895752
5887,-0.08642221987247467,-0.13213425874710083
5888,0.3789694309234619,-0.17299455404281616
5889,0.384235143661499,-0.12389308214187622
5890,0.007183492183685303,-0.12527811527252197
5891,1.0225634574890137,0.035373687744140625
5892,-0.9994348883628845,0.17607229948043823
5893,-0.03845350444316864,-0.16835922002792358
5894,0.6854820847511292,-0.12027555704116821
5895,0.6120194792747498,-0.19256779551506042
5896,-0.634872317314148,-0.1403760313987732
5897,0.5541417002677917,-0.2364388108253479
5898,0.15600480139255524,-0.22406145930290222
5899,-0.24493589997291565,-0.10200643539428711
5900,0.011856518685817719,-0.2582794725894928
5901,-0.7825660705566406,-0.023488640785217285
5902,0.7382773160934448,-0.13340991735458374
5903,0.2330017238855362,-0.27328726649284363
5904,-0.3070117235183716,-0.2719477117061615
5905,0.39078962802886963,-0.33648109436035156
5906,0.8783178925514221,-0.048797607421875
5907,0.2965487837791443,-0.21899324655532837
5908,0.07978396117687225,-0.24853697419166565
5909,-0.05664408206939697,-0.24488088488578796
5910,-0.32599183917045593,-0.2317812740802765
5911,0.4800800681114197,-0.28494399785995483
5912,0.07829990983009338,-0.2579997777938843
5913,0.46727514266967773,-0.29218584299087524
5914,-0.04274987429380417,-0.034260690212249756
5915,0.4347538352012634,-0.2911061644554138
5916,0.14225080609321594,-0.21308696269989014
5917,0.0034406259655952454,-0.2662929892539978
5918,-0.18029341101646423,-0.21230176091194153
5919,-0.3510248064994812,-0.2632603347301483
5920,-0.006933875381946564,-0.29100924730300903
5921,-0.506269633769989,-0.24125248193740845
5922,0.7004014253616333,-0.12879979610443115
5923,-0.5084670782089233,-0.10521471500396729
5924,-0.1733323037624359,-0.2498157024383545
5925,-0.016229569911956787,-0.24900740385055542
5926,-0.5577194094657898,-0.16106823086738586
5927,-0.3838014006614685,-0.14068669080734253
5928,0.5323222875595093,-0.2649655342102051
5929,0.06674420833587646,-0.25406280159950256
5930,0.4064578413963318,-0.25119051337242126
5931,-0.36196231842041016,-0.17069602012634277
5932,-0.7121740579605103,-0.09076493978500366
5933,-0.356295108795166,-0.09620720148086548
5934,-0.8373199701309204,0.027211010456085205
5935,0.8918631076812744,-0.0402979850769043
5936,0.46201789379119873,-0.28875645995140076
5937,-0.06662796437740326,-0.22210898995399475
5938,-0.6138519048690796,-0.13480424880981445
5939,0.155536487698555,-0.14922961592674255
5940,0.6671152710914612,-0.1768805980682373
5941,0.3413063883781433,-0.1777886152267456
5942,0.08995947241783142,-0.22957581281661987
5943,0.5174406170845032,-0.27301454544067383
5944,0.716178834438324,-0.1471354067325592
5945,-0.08068311214447021,-0.2282695472240448
5946,0.10583572089672089,-0.1307452917098999
5947,-0.24252769351005554,-0.2784859836101532
5948,-0.04685146361589432,-0.25188833475112915
5949,-0.012170322239398956,-0.2614850103855133
5950,-0.6854082345962524,-0.11260986328125
5951,0.0516708642244339,-0.21270468831062317
5952,0.14191266894340515,-0.34001705050468445
5953,-0.23765960335731506,-0.2785305082798004
5954,-0.008757613599300385,-0.1817382276058197
5955,0.19096924364566803,-0.3054000735282898
5956,-0.205036461353302,-0.2889265716075897
5957,0.17905278503894806,-0.2634214460849762
5958,-0.5078957676887512,-0.17926156520843506
5959,-0.17239856719970703,-0.1418028473854065
5960,0.32841211557388306,-0.2238031029701233
5961,-0.0922752097249031,-0.11121875047683716
5962,-0.5101662874221802,-0.1307024359703064
5963,-0.9285409450531006,0.24446368217468262
5964,-0.6235182881355286,-0.04547613859176636
5965,0.2961024045944214,0.17375224828720093
5966,0.45042431354522705,-0.08917659521102905
5967,-0.024777457118034363,-0.15285584330558777
5968,-0.4367075562477112,-0.10532009601593018
5969,0.6649743914604187,-0.18066760897636414
5970,-0.15470099449157715,-0.19270452857017517
5971,0.7203329205513,-0.14687204360961914
5972,0.555044949054718,-0.149027019739151
5973,-0.20238448679447174,-0.25479423999786377
5974,0.24995781481266022,-0.20524150133132935
5975,-0.5495891571044922,-0.14786577224731445
5976,-0.7179562449455261,-0.025558769702911377
5977,0.25285667181015015,-0.22539275884628296
5978,0.8123194575309753,-0.08856743574142456
5979,-0.027894899249076843,-0.21410390734672546
5980,0.7155801653862,-0.14821404218673706
5981,-0.2883259654045105,-0.23353245854377747
5982,0.9171620011329651,-0.025240540504455566
5983,1.2000943422317505,0.14655399322509766
5984,-0.1262495517730713,-0.07887470722198486
5985,-0.4071841239929199,-0.09682846069335938
5986,-0.2736230492591858,-0.2017327845096588
5987,0.9857650399208069,0.016629040241241455
5988,-0.046231579035520554,-0.19761991500854492
5989,0.144159734249115,-0.2035641074180603
5990,1.6063714027404785,0.39284324645996094
5991,0.05587853491306305,0.05374622344970703
5992,0.7080782651901245,-0.07433152198791504
5993,-0.7551246881484985,-0.03984963893890381
5994,-0.10419352352619171,-0.055771052837371826
5995,0.21715034544467926,-0.28135406970977783
5996,-0.07183533906936646,-0.2310289740562439
5997,0.09187771379947662,-0.15546336770057678
5998,-0.43134891986846924,-0.09640544652938843
5999,-0.9227888584136963,0.10570377111434937
6000,-1.0382801294326782,0.21173667907714844
6001,1.4210067987442017,0.2804931402206421
6002,0.10605846345424652,-0.0872545838356018
6003,0.5158754587173462,-0.2753234803676605
6004,0.168313130736351,-0.23008155822753906
6005,0.5098267197608948,-0.27885621786117554
6006,-0.4831739068031311,-0.17723694443702698
6007,0.6603322625160217,-0.18110400438308716
6008,0.5793092846870422,-0.2336348295211792
6009,-0.7135991454124451,-0.08635425567626953
6010,0.7056609392166138,-0.1546633541584015
6011,0.38826680183410645,-0.2831449806690216
6012,0.4210224151611328,-0.15552780032157898
6013,0.5001674890518188,-0.28386372327804565
6014,0.9086759686470032,-0.030281364917755127
6015,-0.7453487515449524,-0.05722236633300781
6016,-0.024011321365833282,-0.21301418542861938
6017,0.33439624309539795,-0.3139280676841736
6018,1.077060580253601,0.07197719812393188
6019,-0.4466279149055481,-0.17763859033584595
6020,-0.03931356221437454,-0.2709689438343048
6021,0.10820336639881134,-0.234279066324234
6022,0.1457052081823349,-0.18855786323547363
6023,-0.600526750087738,-0.09375685453414917
6024,0.6621843576431274,-0.18616661429405212
6025,-0.3746134042739868,-0.14073866605758667
6026,1.0191848278045654,0.03689032793045044
6027,-0.6133798360824585,-0.18167391419410706
6028,-0.5098457932472229,-0.17545083165168762
6029,-0.10283230245113373,-0.21973159909248352
6030,-0.40711456537246704,-0.11034077405929565
6031,0.17291246354579926,-0.15728113055229187
6032,0.08568844199180603,-0.21868470311164856
6033,-0.7674463987350464,-0.03691744804382324
6034,-0.9195162057876587,0.10154604911804199
6035,0.2352771908044815,-0.06817454099655151
6036,0.5847549438476562,-0.2161971628665924
6037,-0.4314630627632141,-0.23885947465896606
6038,0.608514130115509,-0.2132207751274109
6039,0.09728431701660156,-0.26307371258735657
6040,0.20232628285884857,-0.27396366000175476
6041,-0.4907986521720886,-0.20866161584854126
6042,0.7268546223640442,-0.14051294326782227
6043,-0.22755610942840576,-0.2714661955833435
6044,-0.6805779337882996,-0.1166810393333435
6045,0.6984816193580627,-0.1582227349281311
6046,-0.2808091640472412,-0.14897888898849487
6047,0.70212721824646,-0.15821927785873413
6048,0.8060751557350159,0.14155316352844238
6049,-0.2552194893360138,-0.20708215236663818
6050,0.756034791469574,-0.12869268655776978
6051,-0.2886708974838257,-0.06245720386505127
6052,0.35060203075408936,-0.15214183926582336
6053,-0.3935278654098511,-0.18891838192939758
6054,0.2374207228422165,-0.14954540133476257
6055,0.8429587483406067,-0.07471674680709839
6056,-1.0061354637145996,0.1822245717048645
6057,-0.3751114010810852,-0.0514712929725647
6058,-1.1686310768127441,0.33141231536865234
6059,0.13581332564353943,-0.0935012698173523
6060,-0.18492864072322845,-0.16478803753852844
6061,-0.12985382974147797,-0.15776321291923523
6062,0.637180507183075,0.022619962692260742
6063,-0.8126042485237122,0.021574974060058594
6064,-0.09884878993034363,-0.14357763528823853
6065,0.3769571781158447,-0.2205491065979004
6066,0.08432546257972717,-0.12293744087219238
6067,-0.2962494492530823,-0.12353289127349854
6068,-0.5740163326263428,-0.1965670883655548
6069,0.308224081993103,-0.16699695587158203
6070,0.16870249807834625,-0.052451252937316895
6071,0.321927547454834,-0.163312166929245
6072,0.9055680632591248,-0.03539460897445679
6073,0.12627673149108887,-0.20002326369285583
6074,-0.16867631673812866,-0.09558337926864624
6075,-0.015318803489208221,-0.15534505248069763
6076,0.7684208154678345,0.09393918514251709
6077,-1.121045470237732,0.2877238988876343
6078,0.8410496711730957,0.12694567441940308
6079,1.2450251579284668,0.1733141541481018
6080,-0.3856196999549866,-0.11972302198410034
6081,-0.15385675430297852,-0.09703576564788818
6082,0.014917977154254913,-0.05460721254348755
6083,0.5708115696907043,-0.08230948448181152
6084,0.30414438247680664,-0.1933552324771881
6085,0.13216520845890045,-0.22006851434707642
6086,-0.5616855621337891,-0.12326937913894653
6087,-0.3744196891784668,-0.19357767701148987
6088,0.22651724517345428,-0.23289304971694946
6089,0.8472244739532471,-0.06740331649780273
6090,-0.444683313369751,-0.12589484453201294
6091,0.9097961783409119,-0.029454529285430908
6092,-0.5613423585891724,-0.13726067543029785
6093,0.6889115571975708,-0.16485825181007385
6094,0.12383787333965302,-0.22593098878860474
6095,0.7960301637649536,-0.10130107402801514
6096,-0.6573700904846191,-0.13945579528808594
6097,-0.2908940315246582,-0.12569546699523926
6098,-0.5760093331336975,-0.15170571208000183
6099,0.5330764055252075,-0.25937697291374207
6100,-0.7703813314437866,-0.03422343730926514
6101,0.9486772418022156,-0.005854189395904541
6102,1.4312273263931274,0.28668928146362305
6103,0.051522985100746155,-0.19491338729858398
6104,-0.052220530807971954,-0.22176086902618408
6105,0.0934189110994339,-0.23763158917427063
6106,0.9972012639045715,0.022944629192352295
6107,-0.5400059819221497,-0.2412886917591095
6108,-0.0007158294320106506,-0.2594681978225708
6109,0.8474977016448975,-0.06721717119216919
6110,1.088874340057373,0.07200056314468384
6111,1.1790354251861572,0.1335415244102478
6112,-0.7892926931381226,-0.016892075538635254
6113,0.4553658962249756,-0.2284223735332489
6114,0.16533885896205902,-0.09780228137969971
6115,0.6051697731018066,-0.11535298824310303
6116,0.3291168212890625,-0.12772828340530396
6117,-0.29902970790863037,-0.023415684700012207
6118,1.1855967044830322,0.1356745958328247
6119,0.08367158472537994,0.2153344750404358
6120,0.6004805564880371,-0.0816536545753479
6121,0.16534684598445892,-0.15478035807609558
6122,0.16190974414348602,0.022322356700897217
6123,1.075870394706726,0.06837159395217896
6124,0.15719400346279144,-0.017484307289123535
6125,0.7637913227081299,0.09993517398834229
6126,-0.41486966609954834,0.11085456609725952
6127,-0.7218198776245117,0.12232840061187744
6128,0.05806359648704529,-0.0735277533531189
6129,-1.004180908203125,0.18041062355041504
6130,-0.9255523681640625,0.10496127605438232
6131,0.03139001131057739,-0.17411205172538757
6132,0.320779025554657,-0.14554020762443542
6133,0.022118493914604187,-0.2415178120136261
6134,-0.4414142370223999,-0.2325116991996765
6135,0.00048629939556121826,-0.19605591893196106
6136,-0.1359253078699112,-0.1981256604194641
6137,-0.14939257502555847,-0.24614915251731873
6138,0.7700402736663818,-0.11419373750686646
6139,-0.11566180735826492,-0.2703016400337219
6140,0.4379771947860718,-0.26238948106765747
6141,0.4974209666252136,-0.1700805425643921
6142,-0.23562535643577576,-0.183138906955719
6143,-0.4054964780807495,-0.2336573302745819
6144,0.41520440578460693,-0.23260176181793213
6145,0.7116159200668335,-0.15612125396728516
6146,-0.21519207954406738,-0.15323379635810852
6147,-0.44107139110565186,-0.12423104047775269
6148,0.29004067182540894,-0.2133534550666809
6149,-0.3414451777935028,-0.1304035782814026
6150,-0.6188798546791077,-0.11820614337921143
6151,-0.14575552940368652,-0.1313573122024536
6152,-0.030875593423843384,-0.1321171522140503
6153,0.6015633940696716,-0.2221815288066864
6154,0.09997716546058655,-0.31150490045547485
6155,-0.1931922733783722,-0.2686704993247986
6156,0.8925392031669617,-0.039923131465911865
6157,0.03506991267204285,-0.21466737985610962
6158,0.5014979243278503,-0.10220474004745483
6159,0.06383511424064636,-0.2212267518043518
6160,0.010600775480270386,-0.16753247380256653
6161,0.17683418095111847,-0.2856106758117676
6162,0.24759463965892792,-0.13733208179473877
6163,-0.3259163796901703,-0.24815744161605835
6164,-0.13150112330913544,-0.24654683470726013
6165,0.18026451766490936,-0.22661346197128296
6166,0.3111390471458435,-0.14911332726478577
6167,-0.045805610716342926,-0.1631435751914978
6168,-0.13559533655643463,-0.18565145134925842
6169,0.209281787276268,-0.22842806577682495
6170,0.45917725563049316,-0.11736553907394409
6171,0.35784482955932617,-0.08970767259597778
6172,0.014802686870098114,0.140516996383667
6173,-0.48217153549194336,-0.05711495876312256
6174,-0.9777499437332153,0.15205806493759155
6175,1.576974630355835,0.37504780292510986
6176,1.3788610696792603,0.2548200488090515
6177,0.8801774978637695,0.4915320873260498
6178,-0.7061643600463867,0.2625029683113098
6179,0.9611876606941223,0.053304195404052734
6180,0.0658712387084961,-0.0927855372428894
6181,-0.36954164505004883,-0.015582680702209473
6182,-0.3300342857837677,-0.01945430040359497
6183,-0.6429298520088196,-0.006043970584869385
6184,0.4696161150932312,-0.193389892578125
6185,-0.9368250966072083,0.11859047412872314
6186,0.4940328598022461,-0.09389227628707886
6187,0.7965847849845886,-0.10000717639923096
6188,-0.6193348169326782,-0.17455631494522095
6189,0.23674450814723969,-0.2426389455795288
6190,-0.660808801651001,-0.13486969470977783
6191,0.23928825557231903,-0.2123366892337799
6192,0.6272777915000916,-0.17547062039375305
6193,0.017445199191570282,-0.243198961019516
6194,0.5153241753578186,-0.24475520849227905
6195,0.7822862863540649,-0.10950225591659546
6196,-0.21523240208625793,-0.24970489740371704
6197,0.032037124037742615,-0.2297602891921997
6198,-0.7477400302886963,-0.055009543895721436
6199,-1.3855998516082764,0.5306121110916138
6200,0.9332491755485535,0.073250412940979
6201,-0.32650116086006165,-0.13055968284606934
6202,-0.34472596645355225,-0.16245037317276
6203,0.07389698922634125,-0.03600597381591797
6204,-0.6689615249633789,-0.12757253646850586
6205,-0.7036735415458679,0.033057570457458496
6206,1.0430562496185303,0.050805628299713135
6207,0.6001502275466919,-0.22289076447486877
6208,0.522936999797821,-0.21535709500312805
6209,-0.13783660531044006,-0.1943446695804596
6210,0.15914379060268402,-0.17684197425842285
6211,-0.5536071062088013,-0.23546329140663147
6212,-0.2827211022377014,-0.21883705258369446
6213,0.1334327906370163,-0.2740318775177002
6214,0.05587798357009888,-0.1781144142150879
6215,-0.003067515790462494,-0.15680494904518127
6216,-0.12960733473300934,-0.12057524919509888
6217,0.9956963658332825,0.022651076316833496
6218,1.049993872642517,0.048636019229888916
6219,0.2543138861656189,-0.15138936042785645
6220,-0.036573149263858795,-0.1542971134185791
6221,0.03560492396354675,-0.15609896183013916
6222,0.701583206653595,-0.09527570009231567
6223,-0.30101436376571655,-0.18700051307678223
6224,-0.39906084537506104,-0.20306625962257385
6225,-0.19151216745376587,-0.24331334233283997
6226,0.9404898285865784,-0.010819673538208008
6227,0.11644628643989563,-0.1396452784538269
6228,0.043069273233413696,-0.21934998035430908
6229,-0.285148561000824,-0.16412484645843506
6230,0.41678255796432495,-0.22135961055755615
6231,0.16813169419765472,-0.1853025257587433
6232,-0.3559895157814026,-0.2405259907245636
6233,-0.025654852390289307,-0.23637720942497253
6234,0.18780891597270966,-0.10312503576278687
6235,-0.3891591429710388,-0.17774900794029236
6236,0.2943229079246521,-0.20041099190711975
6237,-0.11623135209083557,-0.22743523120880127
6238,0.027808621525764465,-0.23648416996002197
6239,0.08548073470592499,-0.23380625247955322
6240,0.5153585076332092,-0.23427587747573853
6241,-0.23378950357437134,-0.2250152826309204
6242,0.029875636100769043,-0.23344355821609497
6243,-0.032776348292827606,-0.22868949174880981
6244,-0.0020150020718574524,-0.2213883101940155
6245,0.3889749050140381,-0.2700471878051758
6246,0.40011608600616455,-0.18165576457977295
6247,0.41208332777023315,-0.12812179327011108
6248,-0.03771410882472992,-0.257649689912796
6249,-0.2385011464357376,-0.2346489131450653
6250,0.07511365413665771,-0.2532217502593994
6251,0.09537597000598907,-0.24447894096374512
6252,0.63084876537323,-0.20053669810295105
6253,0.3708380460739136,-0.13997739553451538
6254,0.4633805751800537,-0.12902551889419556
6255,-0.7230949997901917,-0.07763934135437012
6256,0.15294842422008514,-0.21714681386947632
6257,-0.31089213490486145,-0.2002982497215271
6258,0.24930278956890106,-0.19556710124015808
6259,-0.7849133014678955,-0.02680867910385132
6260,-0.4098241329193115,-0.07854795455932617
6261,-0.2058752030134201,-0.057343244552612305
6262,0.3515574336051941,-0.12628263235092163
6263,-1.0311192274093628,0.20720016956329346
6264,-0.124480240046978,1.0738917589187622
6265,-0.03631898760795593,0.0076375603675842285
6266,-0.2934340536594391,-0.16230174899101257
6267,0.1656668335199356,-0.17118746042251587
6268,0.6295000314712524,-0.07889723777770996
6269,-0.641633927822113,-0.1583741009235382
6270,-0.7923783659934998,0.3757200241088867
6271,0.3636578321456909,-0.04290133714675903
6272,0.4821973443031311,-0.18330064415931702
6273,1.1223552227020264,0.09942370653152466
6274,0.1979735940694809,-0.135053813457489
6275,0.8339377641677856,0.029723644256591797
6276,0.2674615979194641,-0.02557319402694702
6277,-0.2836513817310333,-0.11057692766189575
6278,-0.30959439277648926,-0.1345219612121582
6279,-0.32529181241989136,-0.13170784711837769
6280,0.580903172492981,-0.23390430212020874
6281,0.34852391481399536,-0.22589874267578125
6282,-0.6161964535713196,-0.10561054944992065
6283,-0.6862974762916565,-0.11142724752426147
6284,-0.21566270291805267,-0.03309071063995361
6285,0.35144340991973877,-0.2548511028289795
6286,0.0813751220703125,-0.2553589642047882
6287,0.5157729983329773,-0.2754381000995636
6288,-0.1767832636833191,-0.2553825080394745
6289,-0.5757478475570679,-0.21648043394088745
6290,-0.2219744622707367,-0.20210671424865723
6291,0.03535255789756775,-0.23466864228248596
6292,0.559691846370697,-0.2405272126197815
6293,-0.6185377836227417,-0.17464908957481384
6294,-0.8220416903495789,0.01276707649230957
6295,0.06881256401538849,0.07195836305618286
6296,0.05613860487937927,-0.15267544984817505
6297,-0.4012387990951538,-0.01771646738052368
6298,0.24881838262081146,0.1253778338432312
6299,0.11027009785175323,-0.1564996838569641
6300,0.9311169981956482,0.02857440710067749
6301,0.2754610776901245,-0.19514045119285583
6302,-0.31789183616638184,-0.11665666103363037
6303,-0.5786070227622986,-0.20606479048728943
6304,0.5425325632095337,-0.21409666538238525
6305,-0.44885438680648804,-0.21667799353599548
6306,-0.3262558579444885,-0.18008366227149963
6307,-0.010553151369094849,-0.16423866152763367
6308,0.5355453491210938,-0.2595731317996979
6309,-0.3889263868331909,-0.17343825101852417
6310,0.20241321623325348,-0.21141934394836426
6311,0.5244455933570862,-0.2031116783618927
6312,0.4034397006034851,-0.18119224905967712
6313,0.282253623008728,-0.24836501479148865
6314,0.5304585695266724,-0.217501699924469
6315,-0.30428433418273926,-0.19607007503509521
6316,-0.2267475128173828,-0.29379329085350037
6317,-0.12784510850906372,-0.22293740510940552
6318,0.8204752206802368,-0.08357685804367065
6319,-0.4886254072189331,-0.16477108001708984
6320,0.9120483994483948,-0.029665648937225342
6321,-0.6616351008415222,-0.06527233123779297
6322,0.12371289730072021,-0.21942567825317383
6323,-0.07381589710712433,-0.3136301636695862
6324,0.36507904529571533,-0.24879854917526245
6325,0.28873854875564575,-0.267490029335022
6326,0.43905776739120483,-0.12265139818191528
6327,0.0643751323223114,-0.2912016808986664
6328,0.37574660778045654,-0.23864194750785828
6329,0.14652873575687408,-0.28221678733825684
6330,-0.45608842372894287,0.08384376764297485
6331,-0.5473015904426575,0.3384026288986206
6332,-0.4964209198951721,-0.09450286626815796
6333,0.10384471714496613,0.24457162618637085
6334,0.20028208196163177,-0.1791801154613495
6335,0.5962553024291992,-0.15731438994407654
6336,-0.9038815498352051,0.08834493160247803
6337,0.23316718637943268,-0.19353923201560974
6338,0.6081196069717407,-0.20270907878875732
6339,0.7160065770149231,-0.15403059124946594
6340,-0.7014521360397339,-0.08790856599807739
6341,0.11276765167713165,-0.20619070529937744
6342,0.3857475519180298,-0.14951813220977783
6343,0.13308292627334595,-0.15913242101669312
6344,-0.217135488986969,-0.10426032543182373
6345,0.2961958050727844,-0.17758604884147644
6346,0.6397788524627686,-0.18059778213500977
6347,-0.05970529094338417,-0.163953959941864
6348,0.44792860746383667,-0.2054077386856079
6349,0.14292308688163757,-0.15795335173606873
6350,-0.16924411058425903,-0.10341233015060425
6351,-0.7196137309074402,-0.08120733499526978
6352,-0.23416830599308014,0.014632105827331543
6353,0.15150536596775055,-0.08434492349624634
6354,-0.129341721534729,-0.1130860447883606
6355,0.5142350196838379,-0.21924597024917603
6356,-0.055492572486400604,-0.24796432256698608
6357,0.3609287738800049,-0.25448134541511536
6358,0.9897106289863586,0.01890254020690918
6359,1.0395393371582031,0.042722463607788086
6360,0.17185689508914948,-0.043752193450927734
6361,0.32597655057907104,0.10804146528244019
6362,0.43606531620025635,-0.08698070049285889
6363,-0.038636937737464905,-0.13355427980422974
6364,-0.9738062620162964,0.1525362730026245
6365,-1.874119520187378,0.9791238307952881
6366,-0.3415588140487671,0.2070908546447754
6367,-0.4308648109436035,0.6477762460708618
6368,1.1516410112380981,0.19304198026657104
6369,0.38195550441741943,0.09932708740234375
6370,-0.6632245182991028,-0.13484108448028564
6371,1.2130450010299683,0.15441739559173584
6372,-0.22542032599449158,-0.24894437193870544
6373,-0.5877612829208374,-0.19866105914115906
6374,-0.7616205811500549,-0.04228830337524414
6375,-1.7591854333877563,0.8736015558242798
6376,-0.6889597177505493,0.19238883256912231
6377,-0.7506017088890076,0.4006086587905884
6378,0.6455411911010742,0.12563157081604004
6379,0.21924160420894623,-0.10797923803329468
6380,-0.31681519746780396,-0.12748932838439941
6381,-0.10014248639345169,-0.11763793230056763
6382,-1.3049805164337158,0.45659518241882324
6383,1.4053348302841187,0.2709920406341553
6384,-0.5501155257225037,-0.07152211666107178
6385,-0.14752879738807678,-0.08329808712005615
6386,-1.2359740734100342,0.39324021339416504
6387,-2.1172304153442383,3.91951847076416
6388,0.08899091184139252,0.307637095451355
6389,-0.8008727431297302,0.19913578033447266
6390,-1.4159330129623413,0.6180199384689331
6391,-1.381897211074829,1.8681434392929077
6392,-3.092895746231079,2.098086357116699
6393,-1.1203861236572266,1.306814432144165
6394,0.6536737680435181,0.88657546043396
6395,1.560976266860962,0.3614182472229004
6396,2.0521180629730225,0.6631002426147461
6397,-0.12640665471553802,0.37427616119384766
6398,-1.455148458480835,0.594464898109436
6399,0.830161988735199,0.10465770959854126
6400,0.988135039806366,0.013474583625793457
6401,0.3127046227455139,-0.0016164183616638184
6402,0.38565462827682495,0.0016698241233825684
6403,0.5001291632652283,0.09807842969894409
6404,-0.7661929726600647,-0.043654799461364746
6405,-0.27817416191101074,0.001505136489868164
6406,-0.38389140367507935,0.04051339626312256
6407,0.6202353239059448,0.09730750322341919
6408,0.8800418376922607,-0.034346580505371094
6409,0.5281041860580444,-0.0461658239364624
6410,-0.17141291499137878,-0.12787306308746338
6411,-0.010198168456554413,-0.1608617603778839
6412,0.39176636934280396,-0.15230804681777954
6413,0.13300369679927826,-0.21442565321922302
6414,-0.02809908241033554,-0.1360936164855957
6415,-0.5278535485267639,-0.09783488512039185
6416,0.9263270497322083,-0.019576847553253174
6417,1.0024800300598145,0.026514887809753418
6418,-0.18620949983596802,-0.10433453321456909
6419,0.9433967471122742,-0.010685980319976807
6420,0.8325902223587036,-0.06096750497817993
6421,0.4817274808883667,-0.08308267593383789
6422,-0.10050129890441895,-0.0815839171409607
6423,0.02865143120288849,-0.07837390899658203
6424,0.7733195424079895,-0.11727100610733032
6425,-0.009281456470489502,-0.10017788410186768
6426,0.17101095616817474,-0.06420862674713135
6427,-0.755685031414032,-0.025561153888702393
6428,0.862663745880127,-0.05963021516799927
6429,-0.005660422146320343,-0.1141853928565979
6430,0.821870744228363,0.06159961223602295
6431,-0.5717990398406982,-0.06020379066467285
6432,-0.0725955218076706,-0.17529651522636414
6433,0.3032800555229187,-0.12787216901779175
6434,0.4717084765434265,-0.2386837899684906
6435,0.4327574372291565,-0.09191298484802246
6436,-0.6772565245628357,-0.06780582666397095
6437,-0.0036927908658981323,-0.17203760147094727
6438,0.6099039316177368,-0.14171534776687622
6439,0.11239412426948547,-0.21943125128746033
6440,0.18476541340351105,-0.141646146774292
6441,0.04087570309638977,-0.2329418659210205
6442,0.6983356475830078,-0.0694054365158081
6443,0.029793977737426758,0.0037114620208740234
6444,0.2442357987165451,-0.17316168546676636
6445,-0.3386250138282776,-0.14635857939720154
6446,0.9420503973960876,-0.010076165199279785
6447,0.09998275339603424,-0.1234249472618103
6448,-0.2693899869918823,-0.148927241563797
6449,0.36871767044067383,-0.24325397610664368
6450,0.5211507081985474,-0.16633862257003784
6451,0.46575868129730225,-0.08344817161560059
6452,0.2977168560028076,-0.09760695695877075
6453,0.05128711462020874,-0.10455083847045898
6454,0.5895047187805176,-0.022431671619415283
6455,0.1014554351568222,-0.0894816517829895
6456,-0.09980019927024841,1.0885753631591797
6457,0.14435730874538422,-0.09162408113479614
6458,1.2248642444610596,0.1612151861190796
6459,-0.12326140701770782,-0.11448675394058228
6460,1.1229931116104126,0.17913198471069336
6461,-0.6643239855766296,0.009835422039031982
6462,0.7903240323066711,-0.04600006341934204
6463,0.5136315822601318,-0.02733069658279419
6464,0.5985639095306396,0.020869851112365723
6465,0.22110913693904877,0.09871232509613037
6466,0.9055656790733337,0.12095659971237183
6467,-1.0898536443710327,0.259086549282074
6468,-0.5910540819168091,0.1071174144744873
6469,0.9758064150810242,0.00957268476486206
6470,-0.08658629655838013,-0.16384103894233704
6471,0.13289247453212738,-0.06679189205169678
6472,-0.5362155437469482,-0.021805763244628906
6473,-0.45311295986175537,-0.10003656148910522
6474,-0.5321402549743652,0.0137215256690979
6475,-0.20759302377700806,-0.0658881664276123
6476,-0.00419655442237854,-0.12651127576828003
6477,0.974686324596405,0.009898960590362549
6478,-0.6570702791213989,-0.14184725284576416
6479,-0.6811569333076477,-0.11574232578277588
6480,0.34223753213882446,-0.15314659476280212
6481,-0.23872877657413483,-0.24787497520446777
6482,0.5238077640533447,-0.22684746980667114
6483,-0.6124597191810608,-0.17924416065216064
6484,0.4234607219696045,-0.2342154085636139
6485,-0.1719180941581726,-0.14092618227005005
6486,0.6018872261047363,-0.2173343300819397
6487,0.13770829141139984,-0.26182952523231506
6488,0.6067034602165222,-0.19568511843681335
6489,-0.46454012393951416,-0.2215012013912201
6490,-0.34288060665130615,-0.25576233863830566
6491,-0.004268065094947815,-0.23120316863059998
6492,0.7131251096725464,-0.14910051226615906
6493,-0.20401637256145477,-0.25646913051605225
6494,-0.703252911567688,-0.09986269474029541
6495,0.34607362747192383,-0.2575797736644745
6496,-0.22623586654663086,-0.26253625750541687
6497,0.5327617526054382,-0.2130013406276703
6498,-0.7704647183418274,-0.03414565324783325
6499,0.6496741771697998,-0.19425317645072937
6500,0.05775557458400726,-0.24541759490966797
6501,-0.2348974049091339,-0.24953719973564148
6502,-0.651786208152771,-0.144378662109375
6503,0.4791814088821411,-0.03964632749557495
6504,0.8356185555458069,-0.0752137303352356
6505,0.8929598331451416,-0.03964000940322876
6506,-0.054918136447668076,-0.2101641595363617
6507,-0.6311933398246765,-0.16596215963363647
6508,0.12215626239776611,-0.25766927003860474
6509,0.2658519148826599,-0.2563179135322571
6510,0.03952138125896454,-0.2528153955936432
6511,0.5712655186653137,-0.24117320775985718
6512,0.10586583614349365,-0.1929534375667572
6513,0.5913360118865967,-0.22956523299217224
6514,0.7320908308029175,-0.13918811082839966
6515,0.08936752378940582,-0.2024107575416565
6516,0.4224112033843994,-0.213083416223526
6517,0.2969757914543152,-0.19380095601081848
6518,-0.6117706298828125,-0.18355324864387512
6519,0.09294858574867249,-0.2706972658634186
6520,0.3488476276397705,-0.25195246934890747
6521,0.16089360415935516,-0.2276144027709961
6522,0.39676928520202637,-0.18305176496505737
6523,0.28803521394729614,-0.2588880658149719
6524,0.6456484794616699,-0.18094918131828308
6525,0.13086821138858795,-0.19833225011825562
6526,-0.26079025864601135,-0.17426297068595886
6527,-0.18240976333618164,-0.22531741857528687
6528,0.6388195753097534,-0.19677889347076416
6529,1.3472203016281128,0.23575645685195923
6530,-0.6530305743217468,-0.14261621236801147
6531,0.47067177295684814,-0.12089920043945312
6532,0.16358141601085663,-0.16954031586647034
6533,-0.1285770833492279,-0.21659764647483826
6534,-0.17303556203842163,-0.17942163348197937
6535,0.2638832926750183,-0.2556861340999603
6536,-0.27221041917800903,-0.23082774877548218
6537,-0.1954231858253479,-0.08894997835159302
6538,0.3535715937614441,-0.2480202615261078
6539,0.16189543902873993,-0.23507475852966309
6540,-0.5346465706825256,-0.2556134760379791
6541,0.2106136530637741,-0.25664037466049194
6542,0.6107065677642822,-0.21625787019729614
6543,0.6360786557197571,-0.18731746077537537
6544,-0.2697203457355499,-0.266021728515625
6545,0.45066356658935547,-0.24095821380615234
6546,0.059878021478652954,-0.2631533443927765
6547,0.39511430263519287,-0.238766610622406
6548,-0.21195738017559052,-0.17993131279945374
6549,-0.06519550085067749,-0.22402039170265198
6550,0.41390424966812134,-0.2572415769100189
6551,0.26496660709381104,-0.1998286247253418
6552,0.7390210628509521,0.04254204034805298
6553,-0.3868294358253479,-0.22101950645446777
6554,0.277878999710083,-0.16970929503440857
6555,0.12836797535419464,-0.13041436672210693
6556,0.5123077034950256,-0.21447697281837463
6557,-0.2374628633260727,-0.13981419801712036
6558,-0.0021075978875160217,-0.23986691236495972
6559,-0.21691559255123138,-0.15861734747886658
6560,0.42155957221984863,-0.2176065444946289
6561,-0.2237156629562378,-0.26360657811164856
6562,-0.17102262377738953,-0.20862847566604614
6563,0.2605312466621399,-0.13485854864120483
6564,-0.3706721067428589,-0.20580556988716125
6565,0.5066285729408264,-0.28002724051475525
6566,0.250654399394989,-0.14831659197807312
6567,-0.472941517829895,-0.20517966151237488
6568,-0.20122799277305603,-0.07115131616592407
6569,-0.42748016119003296,-0.20254924893379211
6570,0.5912837982177734,-0.2101382315158844
6571,0.09428857266902924,-0.28010159730911255
6572,-0.4154767394065857,-0.19375398755073547
6573,-0.35065576434135437,-0.2295541763305664
6574,0.7537844181060791,-0.13079911470413208
6575,0.525543212890625,-0.2173570692539215
6576,-0.5665680766105652,-0.22662654519081116
6577,0.19755427539348602,-0.22298556566238403
6578,0.47596436738967896,-0.22850149869918823
6579,0.5379751920700073,-0.2584652304649353
6580,-0.35590314865112305,-0.22469347715377808
6581,0.060093775391578674,-0.25887104868888855
6582,0.5100568532943726,-0.27759313583374023
6583,0.20481880009174347,-0.2717481553554535
6584,-0.29151779413223267,-0.322316437959671
6585,0.4082000255584717,-0.27637290954589844
6586,0.22895212471485138,-0.2250417172908783
6587,0.27386605739593506,-0.2861965596675873
6588,0.3037552237510681,-0.3159042298793793
6589,-0.0940166488289833,-0.3014652132987976
6590,-0.13286548852920532,-0.2839023172855377
6591,0.24564869701862335,-0.33560919761657715
6592,0.3953734040260315,-0.2295857071876526
6593,-0.15748398005962372,-0.3214849531650543
6594,-0.6107822060585022,-0.18238431215286255
6595,0.04757313430309296,-0.3136727213859558
6596,-0.17014043033123016,-0.2287352979183197
6597,0.14995695650577545,-0.2840660512447357
6598,-0.667343258857727,-0.1296873688697815
6599,0.13273583352565765,-0.2095348834991455
6600,-0.03486723452806473,-0.2433176338672638
6601,0.04238779842853546,-0.2504577934741974
6602,0.10835146903991699,-0.18746456503868103
6603,-0.05829321965575218,-0.27294620871543884
6604,0.7195057272911072,-0.15082785487174988
6605,0.4017626643180847,-0.3080531358718872
6606,-0.5387205481529236,-0.24806612730026245
6607,0.06980466842651367,-0.2720518112182617
6608,0.4706713557243347,-0.2774370312690735
6609,-0.3537692725658417,-0.28234151005744934
6610,-0.06795604526996613,-0.2349911332130432
6611,0.043609440326690674,-0.2804490327835083
6612,0.4255363345146179,-0.27726155519485474
6613,-0.05876658111810684,-0.26173198223114014
6614,-0.010799206793308258,-0.24919947981834412
6615,0.30835580825805664,-0.3149065375328064
6616,0.5833194851875305,-0.23247864842414856
6617,0.23674215376377106,-0.3133397698402405
6618,-0.40129488706588745,-0.2790799140930176
6619,0.5630436539649963,-0.24100026488304138
6620,-0.2071508765220642,-0.29235586524009705
6621,-0.17768901586532593,-0.2946794033050537
6622,0.7309218049049377,-0.13830935955047607
6623,0.2389313131570816,-0.21050336956977844
6624,-0.10035267472267151,-0.24334952235221863
6625,-0.3027249574661255,-0.23950079083442688
6626,0.4294273257255554,-0.26361414790153503
6627,-0.1984339952468872,-0.279721200466156
6628,-0.2550947666168213,-0.23195558786392212
6629,-0.04982313513755798,-0.1951236128807068
6630,0.30461156368255615,-0.282852441072464
6631,-0.0684734359383583,-0.2127598524093628
6632,0.047902435064315796,-0.2087034285068512
6633,-0.025539331138134003,-0.2899038791656494
6634,-0.5258892178535461,-0.0925213098526001
6635,-0.7597885727882385,0.15068882703781128
6636,0.24321110546588898,-0.15642333030700684
6637,0.1397615522146225,-0.22552016377449036
6638,-0.3204478323459625,-0.22827625274658203
6639,0.21868349611759186,-0.24629202485084534
6640,0.9510839581489563,-0.004454910755157471
6641,0.11579300463199615,-0.2839455306529999
6642,0.42556148767471313,-0.19874030351638794
6643,0.6442072987556458,-0.10975021123886108
6644,0.38434356451034546,-0.19934561848640442
6645,0.4483855366706848,-0.19007399678230286
6646,0.6113496422767639,-0.0909997820854187
6647,-0.47360754013061523,-0.12561821937561035
6648,-0.19650766253471375,-0.1807919144630432
6649,0.628648579120636,-0.20579969882965088
6650,-0.02266792207956314,-0.21584978699684143
6651,0.3351191282272339,-0.24033600091934204
6652,1.194224238395691,0.13707202672958374
6653,-1.155436396598816,0.31927382946014404
6654,0.35804301500320435,-0.13459467887878418
6655,0.09742479026317596,-0.1077774167060852
6656,0.27395254373550415,-0.2075202465057373
6657,0.401305615901947,-0.16733914613723755
6658,0.7809098362922668,-0.11324608325958252
6659,-0.10085421055555344,-0.17678260803222656
6660,0.11658090353012085,-0.27203136682510376
6661,-0.159578338265419,-0.1809423565864563
6662,0.8319994807243347,-0.08344429731369019
6663,0.046959564089775085,-0.04971963167190552
6664,0.2627825140953064,-0.15919971466064453
6665,0.23695476353168488,-0.2040242850780487
6666,0.06849950551986694,-0.11718052625656128
6667,0.21364547312259674,-0.18117308616638184
6668,-0.07414916902780533,-0.11214101314544678
6669,-0.4640129804611206,-0.17011907696723938
6670,0.7442126274108887,-0.13621580600738525
6671,0.029487207531929016,-0.20491662621498108
6672,0.19242246448993683,-0.16647520661354065
6673,0.17076747119426727,-0.24658769369125366
6674,0.2516074776649475,-0.18632540106773376
6675,0.0840577483177185,-0.18257716298103333
6676,-0.3615548610687256,-0.20356518030166626
6677,0.5219250321388245,-0.26858970522880554
6678,0.12655974924564362,-0.1264018416404724
6679,-0.009028583765029907,-0.1801338493824005
6680,-0.001547306776046753,-0.2639824450016022
6681,-0.35790228843688965,-0.27399101853370667
6682,0.42583173513412476,-0.19674819707870483
6683,0.22945089638233185,-0.2738148868083954
6684,0.045035138726234436,-0.33047765493392944
6685,0.08220796287059784,-0.17630451917648315
6686,-0.9131308794021606,0.09683680534362793
6687,0.022032558917999268,-0.13045650720596313
6688,-0.19616548717021942,-0.06517094373703003
6689,-0.3880895972251892,-0.14996030926704407
6690,-0.13310807943344116,-0.17682790756225586
6691,0.07715103030204773,-0.24929407238960266
6692,0.12472400069236755,-0.23184990882873535
6693,0.19804437458515167,-0.26989543437957764
6694,-0.1252186894416809,-0.0833178162574768
6695,0.12243440747261047,-0.11845362186431885
6696,0.12008072435855865,-0.14256328344345093
6697,-0.02878279983997345,-0.16608381271362305
6698,-0.5017081499099731,-0.13770180940628052
6699,0.37901216745376587,-0.2012953758239746
6700,-0.37808817625045776,-0.28875792026519775
6701,-0.265571653842926,-0.16155678033828735
6702,0.6344089508056641,-0.2033904492855072
6703,-0.017639338970184326,-0.2630944848060608
6704,-0.5030405521392822,-0.15593630075454712
6705,0.14600695669651031,-0.2952677309513092
6706,-0.4681456685066223,-0.09187036752700806
6707,0.14712722599506378,-0.1156233549118042
6708,0.391543447971344,-0.2194923460483551
6709,0.552230954170227,-0.2533382177352905
6710,-0.03652140498161316,-0.20219796895980835
6711,-0.2604236602783203,-0.19206851720809937
6712,-0.20381486415863037,-0.21642538905143738
6713,-0.2644200325012207,-0.19287601113319397
6714,-0.05854969471693039,-0.16528499126434326
6715,0.019132956862449646,-0.24860262870788574
6716,-0.20616328716278076,-0.2425101399421692
6717,-0.056016191840171814,-0.22822847962379456
6718,0.06785525381565094,-0.1381000280380249
6719,0.5795027017593384,-0.20778048038482666
6720,0.4285547733306885,-0.19935652613639832
6721,0.6212923526763916,-0.20369333028793335
6722,-0.3836137652397156,-0.12403208017349243
6723,-0.21584084630012512,-0.21900171041488647
6724,0.4770169258117676,-0.2789573073387146
6725,0.011509992182254791,-0.155818372964859
6726,0.11866384744644165,-0.1896650791168213
6727,-0.23444752395153046,-0.2413884699344635
6728,0.7982158064842224,-0.10105186700820923
6729,0.74376380443573,-0.11909019947052002
6730,0.11999140679836273,-0.24035510420799255
6731,0.6949664950370789,-0.10906010866165161
6732,1.4406969547271729,0.29241108894348145
6733,-0.028299584984779358,0.2643718719482422
6734,1.4904732704162598,0.322385311126709
6735,0.13017363846302032,0.48035728931427
6736,0.3337942361831665,0.03187018632888794
6737,-0.06867299973964691,0.01422739028930664
6738,0.5652535557746887,-0.01735508441925049
6739,0.28972411155700684,-0.0026291608810424805
6740,0.7338708639144897,0.15069204568862915
6741,-0.2423698902130127,0.02168053388595581
6742,-0.7478837370872498,-0.05236387252807617
6743,-0.04302596300840378,-0.02751624584197998
6744,0.9998967051506042,0.02098137140274048
6745,-0.11431408673524857,-0.10389107465744019
6746,-0.5707933902740479,0.19607245922088623
6747,-0.35605406761169434,-0.11342525482177734
6748,-0.4900912642478943,0.3248940706253052
6749,-0.9290568828582764,0.15246868133544922
6750,1.1138066053390503,0.09366649389266968
6751,0.36554545164108276,-0.11977601051330566
6752,0.7098073959350586,0.04349321126937866
6753,-0.4536340832710266,-0.06324821710586548
6754,1.0943049192428589,0.08158063888549805
6755,0.2453424483537674,-0.14196276664733887
6756,-0.5133844614028931,-0.11898308992385864
6757,-0.0338391438126564,-0.09853434562683105
6758,0.7692676782608032,-0.11630004644393921
6759,0.9034463763237,0.14771419763565063
6760,0.33349788188934326,0.021335244178771973
6761,-0.8105783462524414,-0.0008342266082763672
6762,1.507664680480957,0.33302897214889526
6763,0.12219774723052979,0.06754720211029053
6764,-0.2214634120464325,-0.08190065622329712
6765,0.09458619356155396,-0.11457574367523193
6766,0.40301215648651123,-0.06719094514846802
6767,0.27129024267196655,-0.22248101234436035
6768,-0.375363290309906,-0.06222975254058838
6769,0.4726274609565735,-0.15025445818901062
6770,0.11040347814559937,-0.13824379444122314
6771,0.33434146642684937,-0.07768887281417847
6772,-0.7530482411384583,-0.05070221424102783
6773,0.3629235625267029,-0.1186213493347168
6774,0.12695632874965668,-0.12307488918304443
6775,0.7712923884391785,-0.1135297417640686
6776,0.02688838541507721,-0.2546073794364929
6777,0.22462208569049835,-0.22414934635162354
6778,1.8545119762420654,0.5428879261016846
6779,2.8221144676208496,1.1299066543579102
6780,-1.4581366777420044,0.6083207130432129
6781,0.5326718688011169,0.06225782632827759
6782,0.2164316326379776,0.21022897958755493
6783,0.9569403529167175,0.10732460021972656
6784,-0.08577705174684525,0.3777869939804077
6785,0.26367509365081787,-0.03373497724533081
6786,-0.8130401968955994,0.0027006864547729492
6787,0.10119681060314178,0.04372149705886841
6788,1.1306812763214111,0.10409873723983765
6789,-0.13644418120384216,-0.027265429496765137
6790,-0.1464160531759262,0.05427062511444092
6791,1.2888147830963135,0.21194744110107422
6792,-0.6361080408096313,0.06279325485229492
6793,-0.06202671676874161,-0.05495011806488037
6794,-0.422912061214447,-0.055009663105010986
6795,0.5088653564453125,-0.06570804119110107
6796,0.2699330449104309,-0.07462447881698608
6797,-0.18156757950782776,-0.11288362741470337
6798,-0.694977879524231,0.018085181713104248
6799,0.09513407945632935,-0.1349666714668274
6800,0.0769142210483551,-0.18610027432441711
6801,0.09460745751857758,-0.2307026982307434
6802,-0.822467029094696,0.01022404432296753
6803,0.11327148973941803,-0.17987379431724548
6804,-0.13157261908054352,-0.14159446954727173
6805,0.22187919914722443,-0.17935022711753845
6806,-0.3593288064002991,-0.1561272144317627
6807,-0.09954807162284851,-0.17850759625434875
6808,0.3764187693595886,-0.18197256326675415
6809,0.18364883959293365,-0.15867063403129578
6810,0.00781925767660141,-0.1892218291759491
6811,-0.788065493106842,0.032720088958740234
6812,-0.1292598396539688,0.01697719097137451
6813,-0.17520098388195038,-0.12641626596450806
6814,-0.7971357107162476,-0.015292227268218994
6815,0.8865991234779358,-0.04355829954147339
6816,0.6317007541656494,-0.10774409770965576
6817,-0.07260021567344666,-0.17652645707130432
6818,-0.3973997235298157,-0.20334264636039734
6819,0.6654910445213318,-0.10894638299942017
6820,-0.8161059021949768,0.007484734058380127
6821,0.3230355381965637,-0.12272173166275024
6822,-0.04537227004766464,-0.1557561457157135
6823,-0.49096983671188354,-0.14723488688468933
6824,0.30557405948638916,-0.18984955549240112
6825,-0.593608558177948,0.014331042766571045
6826,0.4699132442474365,-0.052049219608306885
6827,0.485038161277771,-0.1152084469795227
6828,0.3413023352622986,-0.09218454360961914
6829,0.8085146546363831,-0.031708478927612305
6830,-0.04596089944243431,-0.013230443000793457
6831,-0.271613210439682,-0.20173832774162292
6832,-0.8132376670837402,0.0050476789474487305
6833,0.5970309972763062,-0.1730203926563263
6834,0.26072412729263306,-0.031974196434020996
6835,1.7617532014846802,0.48694562911987305
6836,1.3662865161895752,0.652985692024231
6837,-0.3420284390449524,0.4570164680480957
6838,-0.39731258153915405,0.23380982875823975
6839,0.5451088547706604,0.24341535568237305
6840,0.9758023619651794,0.1645892858505249
6841,0.5261345505714417,0.36182260513305664
6842,0.205710306763649,0.1030815839767456
6843,-0.9036598205566406,0.19198501110076904
6844,-2.069258689880371,1.1582818031311035
6845,1.0961856842041016,0.20272892713546753
6846,-0.47630417346954346,0.0560457706451416
6847,-0.8479241728782654,0.09891939163208008
6848,-1.0570785999298096,0.22473520040512085
6849,0.2424764782190323,0.08345526456832886
6850,1.419769048690796,0.279724657535553
6851,-0.1405140459537506,0.008426427841186523
6852,-1.0055549144744873,0.34086358547210693
6853,0.8954553008079529,-0.04256659746170044
6854,0.8262814879417419,-0.06581151485443115
6855,-0.22342278063297272,-0.07364732027053833
6856,-0.3063979744911194,-0.07430917024612427
6857,-0.34717315435409546,-0.0938950777053833
6858,0.9531853795051575,-0.0032464265823364258
6859,-0.29167255759239197,-0.20509031414985657
6860,0.12635765969753265,-0.25095051527023315
6861,-0.06998596340417862,-0.2458132803440094
6862,-0.1465282440185547,-0.2304292619228363
6863,0.6018500328063965,-0.22031670808792114
6864,0.6628716588020325,-0.18129298090934753
6865,1.6891688108444214,1.1883388757705688
6866,0.5550252795219421,0.2684347629547119
6867,1.0104894638061523,0.1927952766418457
6868,-0.06925177574157715,0.6127411127090454
6869,-0.8514348268508911,0.1958390474319458
6870,-0.669479250907898,0.04457813501358032
6871,0.6168572306632996,-0.04944115877151489
6872,0.4505617022514343,-0.13795721530914307
6873,0.9572973847389221,-0.006267666816711426
6874,-0.36635643243789673,0.056415438652038574
6875,0.2731553912162781,0.17324501276016235
6876,-0.10291535407304764,-0.012322962284088135
6877,-0.10646544396877289,-0.23340699076652527
6878,1.2547271251678467,0.17372512817382812
6879,0.4186003804206848,-0.034139811992645264
6880,-0.8322983384132385,0.01867610216140747
6881,0.288951575756073,-0.09118121862411499
6882,-0.018871210515499115,0.07182270288467407
6883,0.558645486831665,0.016514241695404053
6884,0.7374602556228638,-0.039460718631744385
6885,0.3091267943382263,-0.06823748350143433
6886,-0.3418755531311035,0.0057443976402282715
6887,-0.5623530149459839,0.10925048589706421
6888,-0.1877726912498474,-0.03404128551483154
6889,-0.21981823444366455,-0.0972437858581543
6890,-0.14499686658382416,-0.019628465175628662
6891,-0.3478902578353882,-0.12511390447616577
6892,-0.040337935090065,-0.06256824731826782
6893,-0.12149804830551147,-0.06711328029632568
6894,0.8204023838043213,-0.01747804880142212
6895,-0.3153471350669861,-0.19307267665863037
6896,-0.04451312497258186,-0.13088101148605347
6897,0.20699895918369293,-0.22375145554542542
6898,0.9049416184425354,-0.03243440389633179
6899,0.3414381742477417,0.017290055751800537
6900,-0.18314489722251892,0.0032483935356140137
6901,0.3317195773124695,-0.0142897367477417
6902,-0.609643280506134,-0.09712684154510498
6903,0.20115835964679718,-0.16895580291748047
6904,0.03564254939556122,-0.17080771923065186
6905,0.1592320054769516,-0.20640841126441956
6906,-0.25452113151550293,-0.19544580578804016
6907,0.6104462146759033,-0.21745532751083374
6908,-0.4193301200866699,-0.23342913389205933
6909,0.2067984789609909,-0.28946641087532043
6910,0.6412463784217834,-0.14380419254302979
6911,0.09182806313037872,-0.06119716167449951
6912,0.051082104444503784,-0.12896060943603516
6913,0.5795187950134277,-0.08738100528717041
6914,0.5622579455375671,0.1643146276473999
6915,-0.0929126963019371,0.2925065755844116
6916,0.11548902094364166,-0.07656633853912354
6917,0.049592480063438416,-0.09149783849716187
6918,0.6296874284744263,0.05856209993362427
6919,-0.38432931900024414,-0.022572338581085205
6920,0.22956322133541107,-0.010132908821105957
6921,-0.2434098869562149,-0.06788372993469238
6922,-0.10638357698917389,-0.10727232694625854
6923,-0.00662551075220108,0.21865755319595337
6924,-0.5909500122070312,-0.02074509859085083
6925,-0.5212253332138062,0.10487109422683716
6926,0.22109131515026093,0.09003663063049316
6927,-0.024570830166339874,-0.11300617456436157
6928,0.01802847534418106,-0.12235337495803833
6929,0.45982110500335693,-0.11691546440124512
6930,-0.3675945997238159,-0.14986273646354675
6931,-0.3560072183609009,-0.05525648593902588
6932,-0.27342650294303894,-0.10836935043334961
6933,0.4212203025817871,-0.17272570729255676
6934,0.3502126932144165,0.08409005403518677
6935,-0.44572556018829346,-0.04667097330093384
6936,2.861015558242798,1.1463593244552612
6937,-0.4977177381515503,0.11937606334686279
6938,-0.19822914898395538,-0.017654001712799072
6939,0.7045334577560425,0.033590495586395264
6940,-0.7242531776428223,0.4376903772354126
6941,-0.23177389800548553,-0.07817798852920532
6942,1.0127826929092407,0.03266960382461548
6943,1.3223010301589966,0.30249452590942383
6944,-0.3420628309249878,0.5060861110687256
6945,-0.441766619682312,0.0351528525352478
6946,-0.6880322098731995,0.07787251472473145
6947,0.379574179649353,0.031193971633911133
6948,0.2860937714576721,0.11550134420394897
6949,0.36946117877960205,-0.0023592114448547363
6950,-0.8380318284034729,0.05824589729309082
6951,0.7369902729988098,-0.0648888349533081
6952,-0.4027036428451538,-0.14393192529678345
6953,-0.14147982001304626,-0.048411786556243896
6954,-0.17014814913272858,-0.04671531915664673
6955,0.5651260018348694,-0.21013739705085754
6956,-1.1078102588653564,0.2755724787712097
6957,-1.1138345003128052,0.2800091505050659
6958,-0.8201017379760742,0.29121553897857666
6959,0.11376810073852539,0.154269278049469
6960,0.7420386672019958,-0.07660847902297974
6961,-0.5175136923789978,-0.1436651349067688
6962,-0.034330226480960846,-0.008370697498321533
6963,0.2557786703109741,-0.16353341937065125
6964,-0.23809626698493958,-0.15206852555274963
6965,-0.11382477730512619,-0.17497935891151428
6966,0.21831001341342926,0.2837543487548828
6967,0.48686569929122925,-0.17165341973304749
6968,0.22475890815258026,-0.21465784311294556
6969,-0.2848678231239319,-0.18292155861854553
6970,1.000010371208191,0.02526611089706421
6971,-0.8706648945808411,0.05784863233566284
6972,-1.0878385305404663,0.25496160984039307
6973,-0.9583431482315063,0.1383296251296997
6974,0.643129289150238,0.39681339263916016
6975,-1.0884286165237427,0.2577780485153198
6976,0.15457452833652496,-0.0360984206199646
6977,0.42104220390319824,-0.15859770774841309
6978,0.4283086657524109,-0.13055038452148438
6979,0.5556743741035461,-0.18117401003837585
6980,0.3591042757034302,-0.15427878499031067
6981,0.0022207945585250854,-0.23379310965538025
6982,-0.1255127340555191,0.022942721843719482
6983,-0.3399844765663147,-0.1386023759841919
6984,0.6347178220748901,-0.0868842601776123
6985,0.13493184745311737,-0.1955994963645935
6986,-0.39620715379714966,-0.20058491826057434
6987,-0.27305513620376587,-0.20415258407592773
6988,0.31658273935317993,0.38293397426605225
6989,0.4066656827926636,-0.07147032022476196
6990,0.24528168141841888,-0.1893271505832672
6991,-0.32312721014022827,-0.11655622720718384
6992,-0.3803465962409973,-0.16182580590248108
6993,0.07723315060138702,-0.031535446643829346
6994,-0.08428838849067688,-0.17965558171272278
6995,-1.0957491397857666,0.2643432021141052
6996,0.9412398934364319,-0.012344598770141602
6997,-0.6357338428497314,-0.06345301866531372
6998,-0.28518736362457275,-0.15821006894111633
6999,0.0993386059999466,-0.031419456005096436
7000,-0.5303694605827332,-0.03338128328323364
7001,0.7857806086540222,-0.10997694730758667
7002,-0.3154679834842682,-0.11578202247619629
7003,0.7973904013633728,-0.09789597988128662
7004,-0.5497910380363464,-0.21318119764328003
7005,0.5334368944168091,-0.2566131353378296
7006,-0.15635699033737183,-0.19422808289527893
7007,0.09263226389884949,-0.11917239427566528
7008,0.7207955718040466,-0.14848929643630981
7009,-0.30934590101242065,-0.21201694011688232
7010,-0.012962408363819122,-0.22882336378097534
7011,-0.5895283222198486,-0.14384275674819946
7012,-0.31861910223960876,0.18374651670455933
7013,-0.14464910328388214,-0.1109495759010315
7014,0.36642205715179443,0.21071720123291016
7015,-0.22498588263988495,0.34970152378082275
7016,0.36239945888519287,0.08507972955703735
7017,0.20671258866786957,-0.19294753670692444
7018,-0.16730937361717224,-0.20512521266937256
7019,0.13575509190559387,-0.1925833821296692
7020,0.384235680103302,-0.18263480067253113
7021,-0.1045168936252594,-0.2060745358467102
7022,-0.6336467862129211,-0.15399211645126343
7023,-0.2622431516647339,-0.01782083511352539
7024,0.0066251978278160095,-0.1698111593723297
7025,0.24052344262599945,-0.09942227602005005
7026,-0.28187406063079834,-0.17425107955932617
7027,-1.0617129802703857,0.23321682214736938
7028,0.5114411115646362,-0.06190669536590576
7029,-0.48487722873687744,-0.14711928367614746
7030,-0.12584532797336578,-0.05899912118911743
7031,0.7018693089485168,-0.11468255519866943
7032,1.3991427421569824,0.2659837007522583
7033,-0.7402047514915466,-0.06256526708602905
7034,0.4248330593109131,-0.03142571449279785
7035,-0.48137444257736206,-0.06309902667999268
7036,1.0465914011001587,0.04655790328979492
7037,-0.09982399642467499,-0.15159091353416443
7038,1.1666357517242432,0.1259915828704834
7039,-0.041067399084568024,-0.07930094003677368
7040,0.3624091148376465,-0.08754801750183105
7041,0.06329041719436646,-0.11567419767379761
7042,-0.17299669981002808,-0.1296064257621765
7043,-1.1295945644378662,0.29557281732559204
7044,0.4900727868080139,-0.1627652645111084
7045,-1.4111443758010864,0.5540646314620972
7046,1.0602664947509766,0.058244526386260986
7047,1.2368018627166748,0.1688162088394165
7048,-0.11684371531009674,-0.16379350423812866
7049,0.26629751920700073,-0.19034013152122498
7050,0.5265851020812988,-0.15878704190254211
7051,0.8353237509727478,-0.07891333103179932
7052,0.6446609497070312,-0.05703192949295044
7053,-0.1373676359653473,-0.1413324475288391
7054,-0.8085353970527649,0.0008050203323364258
7055,-0.8736523985862732,0.06057649850845337
7056,-0.6232268810272217,-0.17077094316482544
7057,0.341377854347229,-0.12205511331558228
7058,0.3953264355659485,-0.0837370753288269
7059,0.042581766843795776,-0.23563289642333984
7060,-0.7504546046257019,-0.0525168776512146
7061,-1.913745403289795,1.0155044794082642
7062,-0.49845659732818604,0.06825685501098633
7063,1.0062090158462524,0.02430856227874756
7064,-1.995674967765808,1.090724229812622
7065,-0.4994683265686035,1.020402431488037
7066,0.32964861392974854,0.26733386516571045
7067,1.2084280252456665,0.14982199668884277
7068,-0.7430046200752258,-0.05995839834213257
7069,-0.7363958358764648,-0.06542438268661499
7070,0.8470933437347412,-0.0678936243057251
7071,-0.7191129326820374,-0.08139204978942871
7072,-0.1848067343235016,-0.11147278547286987
7073,0.4227849841117859,-0.13105285167694092
7074,-0.13465268909931183,-0.05625593662261963
7075,0.9959035515785217,0.022776484489440918
7076,0.09685561060905457,-0.2048521339893341
7077,-0.8021001815795898,-0.0051010847091674805
7078,-4.99427604675293,3.84375
7079,-2.161405563354492,1.5791481733322144
7080,-0.32400083541870117,2.9014153480529785
7081,-0.09669125080108643,0.8299509286880493
7082,-3.424448013305664,2.4024858474731445
7083,1.2234493494033813,0.9146389961242676
7084,0.7714884877204895,1.4979761838912964
7085,0.34898680448532104,0.43135619163513184
7086,-0.9062696099281311,0.39094674587249756
7087,0.4384336471557617,0.4174535274505615
7088,-1.722429871559143,0.8398569822311401
7089,1.6063313484191895,0.3928447961807251
7090,1.3207173347473145,0.49833667278289795
7091,0.755727231502533,0.2525167465209961
7092,0.46276426315307617,0.11734503507614136
7093,0.8975374102592468,0.46253883838653564
7094,-1.133451223373413,0.29911357164382935
7095,0.5356454849243164,0.008413910865783691
7096,1.101508378982544,0.08666807413101196
7097,-0.31507450342178345,-0.12931710481643677
7098,-0.23739595711231232,-0.014201998710632324
7099,0.09251271188259125,-0.06886470317840576
7100,-0.06216568872332573,-0.08512341976165771
7101,-0.23721349239349365,-0.03111433982849121
7102,-0.021378934383392334,-0.0790286660194397
7103,-0.9286952018737793,0.11110413074493408
7104,0.9174026846885681,-0.025833308696746826
7105,2.029606342315674,0.6494530439376831
7106,-0.7149996161460876,0.11354410648345947
7107,1.0900393724441528,0.11598700284957886
7108,0.09265780448913574,0.1787039041519165
7109,0.377166211605072,0.12829077243804932
7110,1.988174557685852,0.6243299245834351
7111,-0.7391860485076904,0.1874644160270691
7112,-0.9447193741798401,0.11991506814956665
7113,-0.23115180432796478,0.0040395259857177734
7114,-0.10303635895252228,0.20625364780426025
7115,-0.17295390367507935,0.13963747024536133
7116,-0.25195395946502686,-0.024536550045013428
7117,0.5356593132019043,0.0033180713653564453
7118,-0.23616644740104675,0.44759035110473633
7119,-0.1889706254005432,-0.08279365301132202
7120,0.7119714617729187,-0.010926604270935059
7121,0.8025222420692444,-0.09551894664764404
7122,-0.15645021200180054,0.034695565700531006
7123,-0.5630046129226685,-0.09870052337646484
7124,0.801594078540802,-0.09997177124023438
7125,0.690652072429657,-0.09551447629928589
7126,0.35427242517471313,0.09867203235626221
7127,-0.2668539881706238,-0.018969595432281494
7128,-0.773520827293396,-0.03261756896972656
7129,-0.13175614178180695,-0.14265108108520508
7130,-0.0644104927778244,-0.0901719331741333
7131,0.1568768173456192,-0.07861554622650146
7132,1.3506733179092407,0.23782074451446533
7133,-1.0774418115615845,0.24769121408462524
7134,-0.7949892282485962,0.4990389347076416
7135,-0.9813269972801208,0.22042924165725708
7136,1.3635272979736328,0.24564647674560547
7137,0.8012428283691406,-0.09039628505706787
7138,1.330719232559204,0.22490167617797852
7139,0.5957602858543396,0.19129914045333862
7140,0.2538001537322998,0.042244017124176025
7141,-0.6330914497375488,-0.01355886459350586
7142,1.4889323711395264,0.32167065143585205
7143,-0.6032329201698303,0.16021591424942017
7144,-0.6643134951591492,-0.037395477294921875
7145,0.8386508822441101,-0.025636494159698486
7146,-0.8903382420539856,0.07591074705123901
7147,-0.7713818550109863,0.017362654209136963
7148,0.2020970731973648,-0.11689543724060059
7149,0.856161892414093,-0.06249380111694336
7150,-0.9846570491790771,0.16250520944595337
7151,-0.3887670636177063,-0.028487026691436768
7152,-0.7933242321014404,0.0921487808227539
7153,1.024576187133789,0.03926265239715576
7154,0.37166255712509155,-0.0928536057472229
7155,-0.6734090447425842,-0.10925465822219849
7156,0.030928567051887512,-0.15606027841567993
7157,0.3108745217323303,-0.05760502815246582
7158,0.8351325392723083,-0.07484310865402222
7159,0.17158152163028717,-0.2055656611919403
7160,1.104174256324768,0.08841508626937866
7161,-0.2455918788909912,-0.1108216643333435
7162,-0.24077895283699036,-0.16647306084632874
7163,0.6654937267303467,-0.184441477060318
7164,0.23151259124279022,-0.23176854848861694
7165,0.022880300879478455,-0.18499335646629333
7166,0.3372100591659546,-0.16757717728614807
7167,-0.19085508584976196,-0.2834971249103546
7168,0.051878854632377625,-0.26855385303497314
7169,0.6252106428146362,-0.20784786343574524
7170,0.08214446902275085,-0.1623939871788025
7171,0.5633311867713928,-0.24616482853889465
7172,0.4843641519546509,-0.1151127815246582
7173,0.2523236870765686,-0.15282133221626282
7174,-0.5467526316642761,-0.1266627311706543
7175,-0.3212413191795349,0.10263603925704956
7176,0.44462651014328003,-0.033702731132507324
7177,-0.3714491128921509,-0.01497042179107666
7178,-0.7998577356338501,-0.0071756839752197266
7179,0.24638356268405914,-0.14992886781692505
7180,0.17306287586688995,-0.10175323486328125
7181,-0.45373183488845825,-0.23452609777450562
7182,0.25711214542388916,-0.24300846457481384
7183,-0.14035412669181824,-0.2419624924659729
7184,-0.29691046476364136,-0.14267832040786743
7185,0.39548593759536743,-0.27044081687927246
7186,0.1018686294555664,-0.16637003421783447
7187,0.526226818561554,-0.2263871431350708
7188,0.03807453811168671,-0.24502083659172058
7189,-0.19155699014663696,-0.24478048086166382
7190,0.2792273759841919,-0.13324856758117676
7191,0.34747928380966187,-0.04643911123275757
7192,0.16367758810520172,-0.12180525064468384
7193,-0.031760022044181824,-0.267103374004364
7194,-0.3250601291656494,-0.24573510885238647
7195,0.14410926401615143,-0.24523109197616577
7196,0.39455312490463257,-0.31518450379371643
7197,0.019390210509300232,-0.2819318473339081
7198,-0.2685178518295288,-0.16045668721199036
7199,-0.33731135725975037,-0.05946141481399536
7200,0.29125332832336426,-0.16237178444862366
7201,-0.17542484402656555,-0.22162124514579773
7202,-0.5450032949447632,-0.08026814460754395
7203,0.3167847990989685,-0.05896180868148804
7204,0.6624363660812378,-0.17944380640983582
7205,-0.17138627171516418,-0.2576889395713806
7206,-0.6257463097572327,-0.16832903027534485
7207,0.5220192074775696,-0.19837114214897156
7208,0.31390029191970825,-0.2342400848865509
7209,0.07757541537284851,-0.2900897264480591
7210,-0.31890296936035156,-0.11519736051559448
7211,-0.0987078845500946,-0.23111435770988464
7212,0.021766796708106995,-0.32711225748062134
7213,-0.34995800256729126,-0.1948348581790924
7214,0.5217471718788147,-0.22550100088119507
7215,0.20487771928310394,-0.24037665128707886
7216,0.25008976459503174,-0.24540984630584717
7217,0.03762878477573395,-0.3263120949268341
7218,0.1175362765789032,-0.2900538444519043
7219,0.24275939166545868,-0.25799885392189026
7220,-0.1867261826992035,-0.3010909855365753
7221,0.5143030881881714,-0.2753516435623169
7222,-0.4657461643218994,-0.24170327186584473
7223,-0.21029478311538696,-0.2890153229236603
7224,-0.08573596924543381,-0.16801795363426208
7225,0.7658637762069702,-0.11672115325927734
7226,0.1835063248872757,-0.22955980896949768
7227,-0.21866485476493835,-0.21214905381202698
7228,-0.2569604218006134,-0.20549556612968445
7229,0.349426805973053,-0.2280324399471283
7230,0.07753197848796844,-0.20034486055374146
7231,-0.0005981847643852234,-0.16963249444961548
7232,-0.41134387254714966,-0.08619332313537598
7233,0.03604428470134735,-0.19404837489128113
7234,-0.05203428119421005,-0.27404773235321045
7235,-0.15352630615234375,-0.13784950971603394
7236,-0.7731280326843262,0.20216023921966553
7237,0.5341938138008118,0.028806090354919434
7238,-0.19958838820457458,-0.059992969036102295
7239,-0.5782392024993896,-0.09304207563400269
7240,-0.42682039737701416,-0.08809429407119751
7241,-0.6794964671134949,0.3466868996620178
7242,0.847105860710144,-0.06764543056488037
7243,0.6930667161941528,-0.1678629219532013
7244,-0.6226841807365417,-0.17192572355270386
7245,0.5542630553245544,-0.249333918094635
7246,0.7475873231887817,-0.12890499830245972
7247,-0.9656983613967896,0.14509916305541992
7248,-0.5427785515785217,-0.07791143655776978
7249,1.163435697555542,0.12434208393096924
7250,0.3642832040786743,-0.19166341423988342
7251,0.029830679297447205,-0.25087645649909973
7252,0.27929192781448364,-0.2677047848701477
7253,-0.7506763935089111,-0.052313268184661865
7254,-0.9016924500465393,0.08633512258529663
7255,0.8800992965698242,-0.04743748903274536
7256,0.6781280636787415,-0.17478057742118835
7257,0.09964907169342041,-0.2665286362171173
7258,0.45677632093429565,-0.2053123414516449
7259,0.808085560798645,-0.09123396873474121
7260,0.22186137735843658,-0.21022319793701172
7261,0.5412757396697998,-0.16717562079429626
7262,0.33646923303604126,-0.22928375005722046
7263,0.04685544967651367,-0.21478506922721863
7264,-0.5912414193153381,-0.20415794849395752
7265,0.5499770045280457,-0.25418755412101746
7266,0.3027605414390564,-0.2664083242416382
7267,0.04910169541835785,-0.27475228905677795
7268,0.5292558670043945,-0.26082465052604675
7269,-0.2727320194244385,-0.2557517886161804
7270,0.16299928724765778,-0.225642591714859
7271,0.10655054450035095,-0.18600815534591675
7272,0.24591554701328278,-0.28474685549736023
7273,0.5269846320152283,-0.22385114431381226
7274,-0.06557677686214447,-0.21755251288414001
7275,-0.4788331985473633,-0.1817896068096161
7276,0.16015924513339996,-0.25639691948890686
7277,-0.054707322269678116,-0.31352871656417847
7278,0.7422356009483337,-0.13107752799987793
7279,0.2021188586950302,-0.30109545588493347
7280,-0.17329758405685425,-0.27165091037750244
7281,-0.1252531111240387,-0.2888663709163666
7282,0.328069269657135,-0.28618553280830383
7283,0.26955336332321167,-0.25445300340652466
7284,0.13386186957359314,-0.3230411112308502
7285,-0.14880149066448212,-0.32952553033828735
7286,0.4115031361579895,-0.3305650055408478
7287,0.140329509973526,-0.2655355930328369
7288,0.27637749910354614,-0.22443649172782898
7289,0.25910860300064087,-0.20628297328948975
7290,-0.29152974486351013,-0.289868026971817
7291,0.18304343521595,0.01369774341583252
7292,0.7347808480262756,-0.127954363822937
7293,0.6718848943710327,0.1154489517211914
7294,-0.6864275336265564,-0.11523747444152832
7295,-0.47889769077301025,-0.18827727437019348
7296,0.24101708829402924,-0.1957530677318573
7297,-0.2406502366065979,-0.2650642395019531
7298,-0.02434166520833969,-0.14354485273361206
7299,-0.33338463306427,-0.2356245219707489
7300,0.02912762761116028,-0.23924389481544495
7301,0.2130735069513321,-0.2913355231285095
7302,-0.5493431687355042,-0.24072614312171936
7303,0.06525112688541412,-0.22240936756134033
7304,0.11197090148925781,-0.27891772985458374
7305,0.11371573805809021,-0.32035940885543823
7306,-0.6248228549957275,-0.13731694221496582
7307,-0.019139766693115234,-0.14730310440063477
7308,0.16828911006450653,-0.17269080877304077
7309,-0.25845828652381897,-0.24354234337806702
7310,0.9544282555580139,-0.0023691654205322266
7311,-0.3082578778266907,-0.23638775944709778
7312,0.6002774238586426,-0.2240891456604004
7313,0.19531233608722687,-0.23079878091812134
7314,0.08451569080352783,-0.2777074873447418
7315,-0.4123067259788513,-0.28031519055366516
7316,0.056965380907058716,-0.23286089301109314
7317,0.38147181272506714,-0.18778473138809204
7318,0.4555470943450928,-0.23730555176734924
7319,-0.24351616203784943,-0.23713204264640808
7320,0.34707391262054443,-0.24625849723815918
7321,0.8264565467834473,-0.0800202488899231
7322,0.2156113237142563,-0.08091068267822266
7323,0.1154894083738327,-0.20287829637527466
7324,0.3049693703651428,-0.10235798358917236
7325,0.3351975083351135,-0.05541253089904785
7326,-0.3454556465148926,0.014054477214813232
7327,-0.17173966765403748,-0.10340696573257446
7328,0.5791746377944946,-0.12842482328414917
7329,1.218376636505127,0.405592679977417
7330,-0.20139586925506592,0.11470025777816772
7331,0.1488642543554306,-0.07953506708145142
7332,-0.311742901802063,-0.07353013753890991
7333,-0.3481973111629486,-0.034657061100006104
7334,-0.08072473108768463,-0.13649356365203857
7335,-0.044245053082704544,-0.14419782161712646
7336,0.6101624965667725,-0.1601627767086029
7337,0.01727946102619171,-0.1936917006969452
7338,-0.4103250503540039,-0.15208345651626587
7339,0.3946138620376587,-0.214747816324234
7340,0.6947439908981323,-0.14938315749168396
7341,-0.13193966448307037,-0.22036415338516235
7342,-0.3410174250602722,-0.21810764074325562
7343,-0.13467034697532654,-0.13906484842300415
7344,0.19234086573123932,-0.2721090018749237
7345,0.24976746737957,-0.23399639129638672
7346,0.3894246816635132,-0.16044193506240845
7347,-0.1661425530910492,-0.26490911841392517
7348,-0.8193891048431396,0.010772109031677246
7349,0.5536046624183655,-0.2421458661556244
7350,-0.6536781787872314,-0.1424328088760376
7351,-0.7098909020423889,-0.09569787979125977
7352,-0.9767411947250366,0.15503937005996704
7353,0.45273059606552124,-0.12069207429885864
7354,-0.4291883111000061,-0.08575457334518433
7355,1.0328818559646606,0.04519450664520264
7356,-0.2736138701438904,-0.22299179434776306
7357,0.6574532389640808,-0.1826188862323761
7358,1.1200408935546875,0.09803348779678345
7359,0.30773627758026123,-0.07401418685913086
7360,0.16125212609767914,-0.1751975119113922
7361,0.22460760176181793,-0.19874092936515808
7362,-0.05099857971072197,-0.21669703722000122
7363,0.5198696255683899,-0.2043929100036621
7364,0.6485133171081543,-0.19267460703849792
7365,-0.06595088541507721,-0.21309000253677368
7366,-0.23660139739513397,-0.10354310274124146
7367,-0.1027468591928482,-0.08614760637283325
7368,0.14564423263072968,-0.2429349720478058
7369,-0.07757851481437683,-0.1867944896221161
7370,-0.9717606902122498,0.1506648063659668
7371,0.16073711216449738,-0.19743075966835022
7372,1.6487489938735962,0.41854357719421387
7373,1.4465596675872803,0.4416240453720093
7374,0.7336037755012512,0.3860379457473755
7375,-0.4735017418861389,0.10139143466949463
7376,0.168050155043602,-0.15532344579696655
7377,-0.014260903000831604,-0.17693877220153809
7378,0.22332943975925446,-0.1925690472126007
7379,0.3420006036758423,-0.18158599734306335
7380,-0.11919151246547699,-0.23876804113388062
7381,-0.14153148233890533,-0.21447783708572388
7382,0.6456393003463745,-0.18976983428001404
7383,0.5283728837966919,0.0931786298751831
7384,0.28321903944015503,-0.15626758337020874
7385,0.0893789529800415,-0.08969700336456299
7386,-0.09571331739425659,-0.1253393292427063
7387,1.0569331645965576,0.059745728969573975
7388,-0.09610291570425034,0.040659546852111816
7389,0.140998974442482,-0.08608138561248779
7390,0.10860295593738556,-0.18336769938468933
7391,0.06074373424053192,-0.11536496877670288
7392,0.19216792285442352,-0.10844612121582031
7393,-0.2189781218767166,-0.17045465111732483
7394,0.7927935123443604,-0.03962218761444092
7395,0.258952260017395,-0.12677431106567383
7396,0.7202588319778442,0.05046379566192627
7397,0.001442931592464447,-0.14338964223861694
7398,-0.07705456763505936,-0.1225547194480896
7399,-0.4590967297554016,-0.14257776737213135
7400,0.6110093593597412,-0.19568893313407898
7401,0.2254401296377182,-0.118308424949646
7402,-0.3390786647796631,-0.1258072853088379
7403,0.05898289382457733,-0.13694894313812256
7404,0.12942230701446533,-0.16042816638946533
7405,-0.07070498913526535,-0.13901513814926147
7406,0.5480547547340393,-0.152191162109375
7407,-0.12204627692699432,-0.231683611869812
7408,-0.5051838755607605,-0.223658949136734
7409,-0.10919727385044098,-0.11461275815963745
7410,-0.25388771295547485,-0.09678077697753906
7411,-0.4138295650482178,0.004414021968841553
7412,1.1544363498687744,0.11887866258621216
7413,0.32374441623687744,0.11326515674591064
7414,0.010259293019771576,-0.11342126131057739
7415,-0.3641732931137085,-0.08132457733154297
7416,0.31413733959198,-0.11142092943191528
7417,-0.02318328619003296,-0.17850381135940552
7418,0.12588898837566376,-0.19684910774230957
7419,0.0103517547249794,-0.16907957196235657
7420,0.5835743546485901,-0.009094655513763428
7421,1.1638357639312744,0.11954277753829956
7422,-0.3015153110027313,0.17576223611831665
7423,0.9098271727561951,0.02920222282409668
7424,0.7803875207901001,0.28895390033721924
7425,-0.47989392280578613,0.06973105669021606
7426,0.44026291370391846,-0.05462193489074707
7427,-0.3560138940811157,-0.012280583381652832
7428,0.44604265689849854,-0.10066956281661987
7429,-0.5085766911506653,-0.0571141242980957
7430,1.246514916419983,0.17470842599868774
7431,-0.4151344299316406,0.13370853662490845
7432,0.2249763160943985,-0.07599705457687378
7433,0.15299077332019806,-0.1201012134552002
7434,0.02732805907726288,-0.17525982856750488
7435,0.23907892405986786,-0.08188480138778687
7436,0.06709952652454376,-0.05475199222564697
7437,-0.31190258264541626,-0.14880585670471191
7438,0.5496002435684204,-0.17505845427513123
7439,0.4736681580543518,-0.12870728969573975
7440,-0.004396937787532806,-0.21712562441825867
7441,0.6092755198478699,-0.12121915817260742
7442,0.5222019553184509,0.06553983688354492
7443,0.5598933100700378,0.0023878812789916992
7444,-0.6191182732582092,-0.1598406732082367
7445,0.32666730880737305,-0.14798852801322937
7446,-0.3597548007965088,0.12302500009536743
7447,0.15048427879810333,-0.1304296851158142
7448,0.46076393127441406,-0.16306021809577942
7449,0.052341803908348083,-0.09529668092727661
7450,-0.49609214067459106,-0.22418251633644104
7451,0.3277316689491272,-0.21437153220176697
7452,-0.498934268951416,-0.06320774555206299
7453,0.1483362466096878,-0.21338337659835815
7454,0.5961965322494507,-0.16984570026397705
7455,-0.1875583678483963,-0.3119382858276367
7456,-2.8441436290740967,1.8697065114974976
7457,0.5784170627593994,0.9174327850341797
7458,0.8112984895706177,0.0809897780418396
7459,-0.6831445097923279,-0.02961629629135132
7460,-1.0588324069976807,0.23060572147369385
7461,-1.5571013689041138,0.6880667209625244
7462,-2.54905366897583,1.5972853899002075
7463,2.440580129623413,0.8986035585403442
7464,-0.7355214953422546,0.19214028120040894
7465,2.0712332725524902,0.6746891736984253
7466,-0.5098337531089783,-0.022033512592315674
7467,-0.07875761389732361,-0.26493608951568604
7468,0.39216768741607666,-0.13048315048217773
7469,0.1890176683664322,-0.1287127137184143
7470,-0.17778190970420837,-0.22065237164497375
7471,-0.884430468082428,0.07046741247177124
7472,0.6821524500846863,-0.09881812334060669
7473,1.6495201587677002,0.41902804374694824
7474,0.40596944093704224,-0.09310144186019897
7475,-0.6361662745475769,-0.144062340259552
7476,0.3377763032913208,-0.2538161277770996
7477,0.2350669652223587,-0.18453249335289001
7478,0.05908682942390442,-0.11313265562057495
7479,-0.38441628217697144,-0.20175102353096008
7480,-0.384549081325531,-0.19592764973640442
7481,0.302944540977478,-0.26887616515159607
7482,0.07468406856060028,-0.27693474292755127
7483,0.03320583701133728,-0.19151806831359863
7484,0.05258357524871826,-0.19634899497032166
7485,-0.21199581027030945,-0.17943808436393738
7486,0.6225832104682922,-0.20814543962478638
7487,-0.3088219463825226,-0.16016718745231628
7488,-0.5676109194755554,-0.13453102111816406
7489,0.12052783370018005,-0.15636023879051208
7490,-0.047436218708753586,-0.13666623830795288
7491,-0.7005041241645813,-0.10232830047607422
7492,0.5753078460693359,-0.1825917661190033
7493,0.37208878993988037,-0.08843052387237549
7494,0.09556470811367035,-0.14371490478515625
7495,-0.12631817162036896,-0.12020272016525269
7496,-0.9312395453453064,0.11346209049224854
7497,-0.00018624216318130493,0.05643582344055176
7498,0.0925075113773346,-0.04721194505691528
7499,0.014968261122703552,-0.06496328115463257
7500,-0.3089431822299957,-0.05825328826904297
7501,0.038620129227638245,-0.07675051689147949
7502,-0.5773820281028748,0.06275010108947754
7503,0.26593923568725586,-0.05669182538986206
7504,-0.8502253890037537,0.06343144178390503
7505,0.8627454042434692,-0.06177568435668945
7506,-0.7135182619094849,-0.08935731649398804
7507,-0.46274298429489136,-0.06081300973892212
7508,-0.05002876743674278,-0.11856675148010254
7509,0.4955015778541565,-0.13533753156661987
7510,0.7041466236114502,-0.15607428550720215
7511,-0.3636976480484009,-0.21016395092010498
7512,0.5027813911437988,-0.16378653049468994
7513,-0.765167236328125,-0.03946119546890259
7514,0.3345182538032532,-0.18479019403457642
7515,0.7320956587791443,-0.050190865993499756
7516,-0.9423484206199646,0.12321192026138306
7517,0.11366435885429382,-0.026954293251037598
7518,1.1388494968414307,0.10918611288070679
7519,-0.6616491675376892,-0.13431799411773682
7520,-0.7536516189575195,-0.03618001937866211
7521,-0.8279963731765747,0.14486169815063477
7522,-0.7403817176818848,0.6391309499740601
7523,-1.6794992685317993,0.7994320392608643
7524,0.816120445728302,0.4882526397705078
7525,-0.46632564067840576,0.04704749584197998
7526,0.012352220714092255,0.2507261633872986
7527,-0.5656762719154358,0.19297659397125244
7528,-0.3408306837081909,0.13700193166732788
7529,-1.815751314163208,0.9255316257476807
7530,0.08660963177680969,0.6969949007034302
7531,1.410300850868225,0.27400273084640503
7532,-0.055000945925712585,0.07417339086532593
7533,-0.38940805196762085,-0.06016051769256592
7534,0.6727072596549988,-0.17619037628173828
7535,-0.6210693717002869,-0.13705742359161377
7536,1.063439130783081,0.06371968984603882
7537,1.3181052207946777,0.2181096076965332
7538,1.183008074760437,0.12933450937271118
7539,1.1513534784317017,0.1854475736618042
7540,-0.3841336965560913,-0.10629129409790039
7541,-0.5480690002441406,0.04373288154602051
7542,-0.16129985451698303,-0.08632194995880127
7543,0.10113115608692169,-0.05126863718032837
7544,-0.044151294976472855,-0.2722551226615906
7545,-0.6270312666893005,-0.16597765684127808
7546,-0.33699655532836914,-0.012790799140930176
7547,0.5607770085334778,-0.07441443204879761
7548,0.6186202168464661,-0.02789968252182007
7549,-0.6258159875869751,-0.1684902310371399
7550,0.33288753032684326,-0.2023577094078064
7551,-0.3977120518684387,-0.1715584099292755
7552,-0.23063082993030548,-0.1858520805835724
7553,-0.6993071436882019,-0.09963053464889526
7554,0.7934591174125671,-0.09996479749679565
7555,0.7012404799461365,-0.1559203863143921
7556,0.5246379375457764,-0.20707067847251892
7557,-0.6208763718605042,-0.17704668641090393
7558,0.5082285404205322,-0.2007807493209839
7559,-0.5954950451850891,-0.15899857878684998
7560,1.1042811870574951,0.08848005533218384
7561,0.330161452293396,-0.18177270889282227
7562,0.6161118745803833,-0.16119280457496643
7563,-0.36436140537261963,-0.10457831621170044
7564,0.06401750445365906,-0.15225949883460999
7565,-0.40304696559906006,-0.19611048698425293
7566,0.17652450501918793,-0.1577804982662201
7567,0.8014776706695557,-0.10120624303817749
7568,-0.5324325561523438,-0.2539770007133484
7569,-0.08904824405908585,-0.18456342816352844
7570,0.48331838846206665,-0.2065792977809906
7571,0.29443061351776123,-0.28198593854904175
7572,0.696715772151947,-0.1395931839942932
7573,-0.19922077655792236,-0.24693483114242554
7574,0.48008716106414795,-0.23997536301612854
7575,-0.13229507207870483,-0.18873754143714905
7576,0.6689043641090393,-0.17615771293640137
7577,0.23182688653469086,-0.15395107865333557
7578,-0.052426405251026154,-0.21225351095199585
7579,0.3327428102493286,-0.2151024341583252
7580,0.12773801386356354,-0.09238660335540771
7581,-0.29223859310150146,-0.2597641348838806
7582,-0.10597696155309677,-0.04947710037231445
7583,-0.23812724649906158,-0.20569175481796265
7584,-0.570805013179779,-0.17464536428451538
7585,-0.19726896286010742,-0.14273738861083984
7586,-0.2897384762763977,-0.17066702246665955
7587,0.34406644105911255,-0.1740587055683136
7588,0.36081254482269287,-0.20967090129852295
7589,0.30531078577041626,-0.20009121298789978
7590,0.5531032085418701,-0.1832207441329956
7591,-0.5908650159835815,-0.19475150108337402
7592,-0.7278816103935242,-0.07332879304885864
7593,0.49822962284088135,-0.22430619597434998
7594,0.2664515972137451,-0.2013799250125885
7595,-0.18936440348625183,-0.24660038948059082
7596,-0.6002328395843506,-0.17420446872711182
7597,-0.13450871407985687,-0.08148705959320068
7598,-0.2884029150009155,0.01581108570098877
7599,-0.7117249369621277,-0.04862087965011597
7600,-0.5231649279594421,0.07336825132369995
7601,-0.972415030002594,0.37571728229522705
7602,1.0530359745025635,0.05424022674560547
7603,0.09713219106197357,-0.17883935570716858
7604,0.6807947158813477,-0.15180891752243042
7605,0.5168454647064209,-0.08482933044433594
7606,-0.00045972317457199097,-0.10625869035720825
7607,-0.5598882436752319,-0.08792096376419067
7608,-0.7246291637420654,-0.07990920543670654
7609,-0.09349936991930008,-0.08349019289016724
7610,-1.106647253036499,0.27449947595596313
7611,-1.441807746887207,0.8618911504745483
7612,1.556480050086975,0.45269787311553955
7613,0.840376079082489,0.20200389623641968
7614,2.114447593688965,0.7008830308914185
7615,0.32172179222106934,0.22110098600387573
7616,-0.17115163803100586,0.08080852031707764
7617,-1.3033190965652466,0.455069899559021
7618,-0.566871166229248,0.13883554935455322
7619,0.8927404880523682,0.14751392602920532
7620,0.3155894875526428,-0.021557927131652832
7621,-0.13574181497097015,-0.04956609010696411
7622,-0.5781882405281067,0.07098883390426636
7623,-0.739990770816803,-0.015188872814178467
7624,0.5556758046150208,-0.09454947710037231
7625,-0.2775833010673523,-0.08685439825057983
7626,-0.4884660243988037,0.05449831485748291
7627,-0.1363949179649353,-0.10250842571258545
7628,1.107559323310852,0.24082648754119873
7629,0.23373790085315704,-0.0008466839790344238
7630,-0.3207838535308838,0.6777023077011108
7631,-0.028960131108760834,-0.06816071271896362
7632,1.0159835815429688,0.07668912410736084
7633,-1.7107820510864258,0.8291630744934082
7634,2.055490255355835,0.6651450395584106
7635,-1.109013557434082,0.27667731046676636
7636,0.9717534184455872,0.00808650255203247
7637,-0.9029827117919922,0.08751875162124634
7638,0.17359264194965363,-0.09900909662246704
7639,1.0281381607055664,0.04231637716293335
7640,1.48936927318573,0.32193756103515625
7641,1.038808822631836,0.24941033124923706
7642,-0.9348741173744202,0.11678057909011841
7643,0.9189344048500061,0.03709763288497925
7644,0.19973616302013397,-0.03952229022979736
7645,0.7476832270622253,-0.13226264715194702
7646,-0.5217270255088806,-0.05344146490097046
7647,0.3725385069847107,-0.2064642608165741
7648,-0.34200766682624817,-0.11431646347045898
7649,-0.044317059218883514,-0.2564592957496643
7650,0.32472163438796997,-0.21773627400398254
7651,-0.3779379725456238,-0.19977068901062012
7652,-0.7611071467399597,-0.04668515920639038
7653,0.8262383937835693,-0.08149641752243042
7654,-0.44299715757369995,-0.15555649995803833
7655,1.1725033521652222,0.12983936071395874
7656,0.4470139741897583,0.12018030881881714
7657,-0.7944844365119934,-0.014016687870025635
7658,-1.2192846536636353,0.3779175281524658
7659,0.7063875198364258,-0.14699715375900269
7660,-0.6826018691062927,-0.08418768644332886
7661,-0.002068139612674713,-0.03027057647705078
7662,-0.12017111480236053,0.023595333099365234
7663,0.28176748752593994,-0.11026901006698608
7664,0.9574628472328186,-0.0006095170974731445
7665,-0.744644045829773,-0.05785322189331055
7666,0.5000134706497192,-0.1705610454082489
7667,0.6833803653717041,-0.17337927222251892
7668,-0.019524842500686646,-0.2313743233680725
7669,0.4673997759819031,-0.2209605872631073
7670,0.06913071870803833,-0.12414801120758057
7671,-0.5909597277641296,-0.20468837022781372
7672,0.25105202198028564,-0.13813823461532593
7673,0.6595097184181213,-0.18799442052841187
7674,0.04448762536048889,-0.08347350358963013
7675,0.3241592049598694,-0.1294497847557068
7676,-0.3091930150985718,-0.09941881895065308
7677,-0.38675248622894287,0.11249279975891113
7678,-0.5272706151008606,0.24430161714553833
7679,-0.3695952892303467,-0.10703134536743164
7680,0.19102807343006134,-0.1655798852443695
7681,0.08910445868968964,-0.17062100768089294
7682,0.49975597858428955,-0.0941392183303833
7683,-0.14969035983085632,-0.1488029956817627
7684,0.16077227890491486,-0.21201854944229126
7685,-0.22181354463100433,-0.2537197172641754
7686,0.7292678356170654,-0.14597082138061523
7687,0.2028474658727646,-0.18848958611488342
7688,0.058676525950431824,-0.14027130603790283
7689,-0.6105626225471497,-0.1757712960243225
7690,0.04535607993602753,-0.14351969957351685
7691,0.8579892516136169,-0.06611424684524536
7692,-0.06760302186012268,-0.15676826238632202
7693,0.30424773693084717,-0.05451011657714844
7694,-0.0754513293504715,-0.17257019877433777
7695,0.5014156699180603,-0.12376540899276733
7696,-0.3503180146217346,-0.2214045524597168
7697,-0.1594793200492859,-0.20581257343292236
7698,-0.3868873119354248,-0.13083738088607788
7699,-0.0198637917637825,-0.2325439751148224
7700,-0.13506491482257843,-0.2117658257484436
7701,0.19510965049266815,-0.1997624933719635
7702,0.6383231282234192,-0.15593022108078003
7703,-0.14778293669223785,-0.16326093673706055
7704,-0.5197415351867676,-0.1464807391166687
7705,0.47768211364746094,-0.2197360098361969
7706,-0.12622950971126556,-0.14284414052963257
7707,0.5822975635528564,-0.16924375295639038
7708,-0.6782661080360413,-0.1191486120223999
7709,-0.8186735510826111,0.02464151382446289
7710,0.521287739276886,-0.08954578638076782
7711,0.5225692987442017,-0.16778063774108887
7712,-0.815398097038269,0.006880819797515869
7713,-0.5749764442443848,0.23520171642303467
7714,0.9022020697593689,-0.027595460414886475
7715,-0.21205419301986694,-0.12985718250274658
7716,-0.2843705117702484,-0.15537333488464355
7717,-0.3340311050415039,-0.07504665851593018
7718,0.5869174599647522,0.0032629966735839844
7719,0.36484748125076294,-0.11225539445877075
7720,-0.267273873090744,-0.12958210706710815
7721,-0.7086149454116821,0.07442861795425415
7722,0.6230600476264954,-0.15742504596710205
7723,0.19220973551273346,-0.16378659009933472
7724,1.7698895931243896,0.4920008182525635
7725,-0.19199895858764648,-0.06142103672027588
7726,0.865437388420105,-0.06245589256286621
7727,-0.41177451610565186,-0.13766717910766602
7728,-0.23976708948612213,-0.22653239965438843
7729,0.4124189019203186,-0.2704973518848419
7730,0.18353064358234406,-0.16705715656280518
7731,-0.19361060857772827,-0.22148963809013367
7732,-0.4044116735458374,-0.23134058713912964
7733,0.4022594690322876,-0.3033633530139923
7734,0.45481884479522705,-0.27747607231140137
7735,-0.0034229978919029236,-0.2399756908416748
7736,-0.6014465093612671,-0.19004115462303162
7737,0.502905547618866,-0.2768935263156891
7738,0.0837503969669342,-0.21389278769493103
7739,0.22012461721897125,-0.21385148167610168
7740,0.1934184581041336,-0.09360748529434204
7741,0.0030527263879776,-0.28088507056236267
7742,0.7919776439666748,-0.1022070050239563
7743,0.061883345246315,-0.1681722104549408
7744,0.6580713391304016,-0.12807083129882812
7745,-0.2780040502548218,-0.15772435069084167
7746,0.31598812341690063,-0.17481014132499695
7747,-0.3224470019340515,-0.18910649418830872
7748,0.4813728928565979,-0.21846795082092285
7749,-0.1272498220205307,-0.2866208851337433
7750,0.44315391778945923,-0.10248351097106934
7751,-0.570855438709259,-0.21662285923957825
7752,0.42974668741226196,-0.2755833566188812
7753,0.17701996862888336,-0.22633156180381775
7754,-0.4150453805923462,-0.1879580020904541
7755,-0.49759429693222046,-0.23820316791534424
7756,0.7117414474487305,-0.1456499695777893
7757,0.5944470763206482,-0.18883982300758362
7758,-0.28220033645629883,-0.2517189085483551
7759,-0.08333135396242142,-0.25737854838371277
7760,-0.39234018325805664,-0.12686192989349365
7761,0.1606081873178482,-0.22952863574028015
7762,-0.11822871118783951,-0.23023319244384766
7763,0.42503637075424194,-0.15362101793289185
7764,-0.29794180393218994,-0.25545212626457214
7765,-0.013331331312656403,-0.17861029505729675
7766,-0.1457698941230774,-0.19106528162956238
7767,-0.7258310914039612,0.11294412612915039
7768,-0.40442681312561035,0.04250741004943848
7769,-0.31505876779556274,-0.0064969658851623535
7770,0.4852719306945801,-0.0983925461769104
7771,-0.3559563159942627,-0.015250802040100098
7772,0.8354613780975342,0.08328884840011597
7773,0.3710228204727173,-0.1556132435798645
7774,0.10738486051559448,-0.15187537670135498
7775,0.14319458603858948,-0.21891137957572937
7776,0.38591599464416504,-0.21775981783866882
7777,-0.18410760164260864,-0.15235108137130737
7778,0.27103477716445923,-0.22251653671264648
7779,1.3570314645767212,0.24170613288879395
7780,0.8884619474411011,0.21450328826904297
7781,0.9824045300483704,0.13373017311096191
7782,1.1578881740570068,0.2956336736679077
7783,0.1788599044084549,0.2661237120628357
7784,-1.1589895486831665,0.3225603699684143
7785,0.49750542640686035,-0.061461567878723145
7786,0.3681783080101013,-0.11903190612792969
7787,-0.5966222882270813,-0.13059455156326294
7788,0.22297973930835724,-0.13241595029830933
7789,-0.030396483838558197,-0.1337299346923828
7790,0.055213525891304016,-0.07534325122833252
7791,0.4392421841621399,-0.1356644630432129
7792,0.5231643915176392,-0.13313603401184082
7793,-0.3035321831703186,-0.14974790811538696
7794,-0.013086117804050446,-0.18565520644187927
7795,-0.07737147808074951,-0.24732935428619385
7796,0.42043912410736084,-0.25163188576698303
7797,0.12244775891304016,-0.21100077033042908
7798,0.15169645845890045,-0.14721885323524475
7799,0.04871167242527008,-0.2631540298461914
7800,0.36360788345336914,-0.15765416622161865
7801,-0.10960523039102554,-0.16214117407798767
7802,0.3759821653366089,-0.18326520919799805
7803,0.10856969654560089,-0.17828527092933655
7804,-0.44665956497192383,-0.02139914035797119
7805,-0.6668441891670227,0.12213402986526489
7806,-0.5189213156700134,0.05394071340560913
7807,-0.6142182350158691,0.11532807350158691
7808,-0.9380166530609131,0.11967748403549194
7809,-2.0217390060424805,1.1146537065505981
7810,1.0499986410140991,0.34610599279403687
7811,-0.15899524092674255,0.2827182412147522
7812,0.9272250533103943,0.06315052509307861
7813,-1.1201902627944946,0.28693705797195435
7814,-0.6249852776527405,0.20638048648834229
7815,-0.6043635606765747,0.6352118253707886
7816,-0.41848552227020264,0.1260172724723816
7817,-0.28203916549682617,0.11739295721054077
7818,-0.3125358819961548,0.2295284867286682
7819,-3.3995535373687744,3.785799503326416
7820,0.41526299715042114,1.4732223749160767
7821,1.5793057680130005,1.2627955675125122
7822,0.46719086170196533,0.4731029272079468
7823,-0.3572394847869873,0.23708659410476685
7824,0.2882300615310669,-0.047867417335510254
7825,0.032532960176467896,-0.1261129379272461
7826,-0.900638222694397,0.08530890941619873
7827,0.5496907830238342,-0.12606048583984375
7828,0.815274178981781,-0.08676844835281372
7829,0.405792772769928,-0.0635451078414917
7830,1.1028908491134644,0.08763372898101807
7831,0.30544036626815796,-0.05393111705780029
7832,0.2572712302207947,-0.11599093675613403
7833,-0.10194084048271179,-0.18643805384635925
7834,-0.4301910400390625,-0.12902939319610596
7835,-0.32288920879364014,-0.14415323734283447
7836,0.4669005870819092,-0.24453136324882507
7837,-0.5008049011230469,-0.21620851755142212
7838,-0.7471020221710205,-0.05864846706390381
7839,-0.29293423891067505,-0.1752026379108429
7840,-0.10504323989152908,-0.09480851888656616
7841,0.09329202771186829,-0.19654420018196106
7842,-0.20291075110435486,-0.14216333627700806
7843,0.7015771865844727,-0.16251826286315918
7844,0.6631891131401062,-0.18568915128707886
7845,0.15376047790050507,-0.27366146445274353
7846,-0.13747385144233704,-0.18480876088142395
7847,0.8067001104354858,-0.09198033809661865
7848,-0.028689555823802948,-0.17734047770500183
7849,-0.33785516023635864,-0.21274086833000183
7850,0.4830735921859741,-0.26451000571250916
7851,0.41461437940597534,-0.2537354528903961
7852,0.5927028059959412,-0.08896666765213013
7853,0.0962708443403244,-0.0568697452545166
7854,-0.5204929709434509,-0.14034998416900635
7855,-0.05286019667983055,-0.27610114216804504
7856,0.42938297986984253,-0.2944471538066864
7857,0.07496468722820282,-0.2840552031993866
7858,0.31509703397750854,-0.28117501735687256
7859,0.4304688572883606,-0.22764015197753906
7860,0.10228483378887177,-0.12887859344482422
7861,-0.1603153496980667,-0.29679346084594727
7862,-0.13282734155654907,-0.20704731345176697
7863,-0.030499786138534546,-0.23881670832633972
7864,0.012341208755970001,-0.2844770550727844
7865,-0.07808636873960495,-0.27030155062675476
7866,-0.03240533173084259,-0.14178454875946045
7867,0.7049442529678345,-0.10161548852920532
7868,-0.22941279411315918,-0.2657206356525421
7869,0.4222956895828247,-0.29226282238960266
7870,0.14260511100292206,-0.2533472180366516
7871,0.15841592848300934,-0.06325775384902954
7872,-0.0978347584605217,-0.23188725113868713
7873,0.1608472317457199,-0.24159890413284302
7874,-0.7158104181289673,-0.08848679065704346
7875,0.3398294448852539,-0.20300722122192383
7876,0.21599502861499786,-0.18515944480895996
7877,0.048064783215522766,-0.23050567507743835
7878,0.17818178236484528,-0.2706262767314911
7879,-0.07227683812379837,-0.25436440110206604
7880,0.5429805517196655,-0.22643181681632996
7881,0.8521393537521362,-0.0710376501083374
7882,-0.44784289598464966,-0.04987037181854248
7883,0.13943645358085632,-0.2121914029121399
7884,0.32475948333740234,-0.18040239810943604
7885,0.126186341047287,-0.09124243259429932
7886,0.4625582695007324,-0.14043456315994263
7887,0.1851012259721756,-0.1723349690437317
7888,-0.32385754585266113,-0.07791948318481445
7889,-0.04577924311161041,-0.18081414699554443
7890,0.1592632681131363,-0.1475275456905365
7891,0.022623375058174133,-0.18770352005958557
7892,0.17938415706157684,-0.23786085844039917
7893,-0.027013391256332397,-0.2242315709590912
7894,0.1893254965543747,-0.25670433044433594
7895,-0.2782825827598572,-0.1462858021259308
7896,-0.24105897545814514,-0.21325400471687317
7897,-0.39733433723449707,-0.11609721183776855
7898,0.2092985063791275,-0.22112911939620972
7899,0.061863973736763,-0.20158538222312927
7900,-0.8871943354606628,0.07302409410476685
7901,-0.5454791784286499,0.0578119158744812
7902,0.08550368249416351,-0.07938718795776367
7903,-0.5211551785469055,-0.020833253860473633
7904,0.9764232039451599,0.005934953689575195
7905,-0.5545071363449097,0.0513308048248291
7906,0.3110211491584778,-0.13570475578308105
7907,-0.9100173115730286,0.09382843971252441
7908,0.48012596368789673,-0.06540244817733765
7909,0.5693201422691345,-0.14070439338684082
7910,0.07865443825721741,-0.20235654711723328
7911,0.5312818288803101,-0.26427125930786133
7912,-0.8168919682502747,0.008479475975036621
7913,0.3745197057723999,-0.18120107054710388
7914,0.47187745571136475,-0.18081140518188477
7915,-0.6602314114570618,-0.14115917682647705
7916,-0.8733384013175964,0.2625347971916199
7917,-0.17464031279087067,0.0007035732269287109
7918,0.7459916472434998,-0.13212263584136963
7919,-0.19986562430858612,-0.14492517709732056
7920,0.17045475542545319,-0.09780609607696533
7921,-1.3200024366378784,0.4703868627548218
7922,-0.07686328142881393,0.204434335231781
7923,-0.11813226342201233,0.05121415853500366
7924,-0.09963769465684891,0.15240567922592163
7925,-0.5760626792907715,-0.12043440341949463
7926,0.9764564633369446,0.013424932956695557
7927,-0.13969473540782928,-0.16309061646461487
7928,0.7964202761650085,-0.10509192943572998
7929,0.4128574728965759,-0.012238502502441406
7930,-0.806221604347229,-0.0013170242309570312
7931,-2.936525344848633,1.9534715414047241
7932,-1.2449195384979248,2.612316131591797
7933,-1.12273108959198,0.2891906499862671
7934,1.746909499168396,0.47802281379699707
7935,0.4605717658996582,0.027388036251068115
7936,-0.85756516456604,0.03991776704788208
7937,0.5499709248542786,-0.09810954332351685
7938,-0.542433500289917,0.09325343370437622
7939,-0.5700510144233704,0.08417987823486328
7940,-1.011033535003662,0.5839115381240845
7941,3.279226541519165,1.4020744562149048
7942,-0.6820377707481384,0.61821448802948
7943,1.6319555044174194,0.405800461769104
7944,1.5126752853393555,0.48921632766723633
7945,-0.09673948585987091,0.04065549373626709
7946,0.059321850538253784,-0.018509387969970703
7947,-0.8967724442481995,0.07922554016113281
7948,-0.35427555441856384,0.12711060047149658
7949,-0.8698645234107971,0.05638992786407471
7950,0.19645176827907562,0.15983188152313232
7951,-1.074196219444275,0.24358594417572021
7952,0.16361217200756073,0.2019919753074646
7953,0.43702971935272217,-0.05440253019332886
7954,0.4242702126502991,-0.081931471824646
7955,-0.9667171835899353,0.14603418111801147
7956,0.546357274055481,-0.07943391799926758
7957,0.43010419607162476,-0.06469511985778809
7958,1.3430051803588867,0.2332019805908203
7959,-0.2458990067243576,-0.12464374303817749
7960,-0.35423946380615234,-0.16654622554779053
7961,0.6324073076248169,-0.1978316307067871
7962,0.5449917912483215,-0.12941282987594604
7963,0.389981210231781,-0.09369832277297974
7964,-0.5410819053649902,-0.21043071150779724
7965,0.8377148509025574,-0.07317715883255005
7966,0.6250301599502563,-0.15452641248703003
7967,-0.21650147438049316,-0.21361729502677917
7968,-0.03796083480119705,-0.19855660200119019
7969,0.20242439210414886,-0.24313700199127197
7970,-0.4281158447265625,-0.18567687273025513
7971,0.10307450592517853,-0.19549086689949036
7972,-0.8741105198860168,0.06099063158035278
7973,0.022003009915351868,-0.04168468713760376
7974,-0.08218099921941757,-0.02173435688018799
7975,0.45871055126190186,-0.21612343192100525
7976,0.17747081816196442,-0.13632023334503174
7977,0.06178338825702667,-0.2069246768951416
7978,0.11126978695392609,-0.059872448444366455
7979,-1.150730013847351,0.3149772882461548
7980,0.40168124437332153,0.02763575315475464
7981,-1.2076141834259033,0.36720287799835205
7982,0.9951881766319275,0.01785433292388916
7983,0.19520215690135956,-0.06595540046691895
7984,0.7514474391937256,-0.12703967094421387
7985,-0.5148518681526184,-0.11481714248657227
7986,0.741169810295105,-0.1374680995941162
7987,0.07558609545230865,-0.006038546562194824
7988,-0.2754032611846924,-0.10411465167999268
7989,0.42921507358551025,-0.11464816331863403
7990,0.09687161445617676,-0.03823667764663696
7991,-0.6653909087181091,-0.022058725357055664
7992,-0.4386882185935974,-0.07588708400726318
7993,1.130682349205017,0.10442781448364258
7994,-1.3144248723983765,0.4652661085128784
7995,-5.672416687011719,4.466353893280029
7996,-1.7123498916625977,3.164638042449951
7997,1.8759664297103882,0.8854756355285645
7998,-0.9870316982269287,0.7157480716705322
7999,-3.190234661102295,2.5320115089416504
8000,0.13841964304447174,1.399107813835144
8001,2.865260362625122,1.3468378782272339
8002,-0.986196756362915,0.796967625617981
8003,-1.1276992559432983,0.5297589302062988
8004,-0.18035449087619781,0.18600690364837646
8005,-0.8516355156898499,0.20036286115646362
8006,-0.09593410789966583,0.3582751750946045
8007,-0.1766917109489441,0.14414560794830322
8008,0.6012741923332214,0.46255767345428467
8009,1.6690325736999512,0.43085741996765137
8010,1.591059923171997,0.4265824556350708
8011,-1.300000548362732,0.45202314853668213
8012,0.9258210062980652,-0.01985079050064087
8013,0.29668623208999634,-0.04008007049560547
8014,-0.6002804636955261,0.018127858638763428
8015,0.6104757785797119,-0.04693681001663208
8016,0.2281884402036667,-0.19544878602027893
8017,-0.8946076035499573,0.07983046770095825
8018,-0.6885931491851807,-0.07020217180252075
8019,-0.2180839478969574,-0.04886120557785034
8020,-0.29871314764022827,-0.16337978839874268
8021,-0.1542220264673233,-0.1003875732421875
8022,-2.7657010555267334,1.7976881265640259
8023,-0.7831934690475464,1.9686700105667114
8024,3.3779513835906982,1.4668797254562378
8025,1.5548089742660522,0.3607891798019409
8026,0.2784700393676758,0.15462952852249146
8027,-1.117355227470398,0.2843358516693115
8028,0.7580918073654175,-0.036894261837005615
8029,-0.7380762696266174,-0.06391376256942749
8030,3.0557761192321777,1.2715626955032349
8031,-0.12633083760738373,0.16775226593017578
8032,2.1760709285736084,0.7382464408874512
8033,0.45836567878723145,0.09858208894729614
8034,-0.5211168527603149,0.11390852928161621
8035,0.9811820387840271,0.043525874614715576
8036,-0.3810654878616333,-0.05147165060043335
8037,0.3335500955581665,-0.03827333450317383
8038,-0.4439008831977844,0.18603873252868652
8039,0.5720492005348206,0.1491956114768982
8040,1.4053016901016235,0.270969033241272
8041,-1.1408195495605469,0.3039124011993408
8042,-0.19304296374320984,-0.0863456130027771
8043,-0.6804158687591553,-0.11703979969024658
8044,0.7855871915817261,-0.10564905405044556
8045,1.2037206888198853,0.1487644910812378
8046,-0.3435049057006836,-0.13812589645385742
8047,0.6808541417121887,-0.14545729756355286
8048,-0.09922026097774506,-0.12442898750305176
8049,0.26759999990463257,-0.18300822377204895
8050,0.4794192314147949,-0.1203804612159729
8051,-0.5274099111557007,-0.1561632752418518
8052,-0.2525789737701416,-0.16313374042510986
8053,0.5531473755836487,-0.2266773283481598
8054,-0.015873588621616364,-0.1649942696094513
8055,0.9118028283119202,-0.03510922193527222
8056,-0.27295780181884766,-0.16362419724464417
8057,0.22815944254398346,-0.2217540740966797
8058,0.7766128778457642,-0.06755900382995605
8059,0.26124000549316406,-0.18241536617279053
8060,0.15025977790355682,-0.19804704189300537
8061,0.9790753722190857,0.1132156252861023
8062,0.49086350202560425,-0.033334553241729736
8063,-0.5371362566947937,-0.05918961763381958
8064,-0.04857951030135155,0.06779247522354126
8065,0.61495441198349,-0.003996431827545166
8066,0.01697685569524765,0.061406493186950684
8067,-0.46230006217956543,-0.04721534252166748
8068,0.182441845536232,-0.13517862558364868
8069,0.3157895803451538,-0.22077852487564087
8070,0.4492226243019104,-0.0848206877708435
8071,-0.34948164224624634,-0.1534443199634552
8072,-0.4125034213066101,-0.21202334761619568
8073,0.39125752449035645,-0.20195922255516052
8074,-0.455718457698822,-0.16318103671073914
8075,-0.7836114168167114,0.02056676149368286
8076,0.27576059103012085,-0.058488547801971436
8077,0.30182474851608276,-0.1645844578742981
8078,-0.24816302955150604,-0.11648118495941162
8079,-0.580323338508606,-0.09997779130935669
8080,-0.5432674884796143,-0.11970406770706177
8081,0.7646994590759277,-0.11865431070327759
8082,-0.08321055769920349,-0.10280269384384155
8083,-0.565883219242096,-0.12330365180969238
8084,0.3701537847518921,-0.2083989977836609
8085,0.45181405544281006,-0.12721186876296997
8086,-0.2766638398170471,-0.12078112363815308
8087,0.04804472625255585,-0.16913655400276184
8088,1.1745400428771973,0.13107335567474365
8089,1.0554909706115723,0.05259305238723755
8090,-1.114903211593628,0.2820846438407898
8091,-0.3020751178264618,-0.11234569549560547
8092,3.4568159580230713,1.5146909952163696
8093,1.0788214206695557,1.0088834762573242
8094,-0.10944636911153793,1.1420009136199951
8095,-1.481914758682251,0.6190391778945923
8096,0.25237107276916504,0.14470481872558594
8097,-0.6779152750968933,-0.10376614332199097
8098,1.1370291709899902,0.10828697681427002
8099,-1.2410998344421387,0.3979461193084717
8100,-0.18946197628974915,0.07348322868347168
8101,-0.4019497036933899,0.03680306673049927
8102,-1.1798592805862427,0.4412959814071655
8103,-2.1371171474456787,1.2205829620361328
8104,0.871115505695343,1.169047236442566
8105,0.09727604687213898,0.593366265296936
8106,1.934960961341858,0.5896751880645752
8107,2.9171996116638184,1.187551498413086
8108,1.2249125242233276,0.8490054607391357
8109,0.10499800741672516,0.20645731687545776
8110,1.834768295288086,0.9321669340133667
8111,-0.5500794053077698,0.3267327547073364
8112,1.2087352275848389,0.37236976623535156
8113,-0.3712639808654785,-0.029577136039733887
8114,0.6336804628372192,-0.0005415678024291992
8115,-0.272411048412323,0.03466552495956421
8116,-0.4656534790992737,0.19555902481079102
8117,1.2205841541290283,0.15894466638565063
8118,1.435692548751831,0.4854351282119751
8119,1.8706233501434326,0.9144234657287598
8120,-0.4474802017211914,0.3658057451248169
8121,-0.6730943918228149,0.06482809782028198
8122,0.2206399291753769,0.1372632384300232
8123,-0.14752428233623505,0.16422605514526367
8124,0.11801840364933014,0.1611596941947937
8125,0.1619746834039688,-0.059428632259368896
8126,4.982846260070801,2.439838409423828
8127,2.2226576805114746,1.4349440336227417
8128,-2.3057363033294678,1.3753927946090698
8129,1.5612252950668335,0.7012708187103271
8130,-0.33596816658973694,0.17972421646118164
8131,0.2186206728219986,0.29988253116607666
8132,0.03840206563472748,0.24709159135818481
8133,-0.13941675424575806,0.09009933471679688
8134,-0.15062078833580017,0.1838294267654419
8135,-0.5514695644378662,0.01665961742401123
8136,0.17366616427898407,-0.029050767421722412
8137,-0.10599017888307571,0.09881293773651123
8138,0.2287469357252121,-0.15243074297904968
8139,0.4068908095359802,-0.07343184947967529
8140,-0.40726685523986816,-0.12191838026046753
8141,0.8292996883392334,-0.04213833808898926
8142,-1.0220732688903809,0.19685715436935425
8143,0.13317684829235077,-0.027646422386169434
8144,0.04812036454677582,-0.05339217185974121
8145,-0.5272923707962036,-0.07025724649429321
8146,0.572902500629425,-0.1671874225139618
8147,0.57865971326828,-0.03603947162628174
8148,-0.27166688442230225,-0.1367030143737793
8149,0.29524093866348267,-0.1627109944820404
8150,-0.3799586892127991,-0.1638445258140564
8151,0.4164630174636841,-0.25194254517555237
8152,0.028224840760231018,-0.2483687698841095
8153,0.26171404123306274,-0.07057911157608032
8154,0.8488168716430664,-0.06801468133926392
8155,0.85649174451828,0.06585437059402466
8156,1.076220154762268,0.12799078226089478
8157,0.7534956932067871,0.1539231538772583
8158,-0.5653464198112488,0.42903101444244385
8159,0.5521101951599121,0.08158040046691895
8160,0.6876455545425415,0.131352961063385
8161,-0.22376972436904907,0.0832054615020752
8162,-0.537943959236145,0.07873934507369995
8163,0.2121068388223648,0.05168968439102173
8164,-1.6352750062942505,0.768446683883667
8165,-0.840734601020813,0.26870858669281006
8166,-0.33831214904785156,0.2182466983795166
8167,0.762991726398468,0.12406176328659058
8168,-0.22659918665885925,0.08510255813598633
8169,0.056312888860702515,-0.15756896138191223
8170,0.28809911012649536,-0.1279328465461731
8171,1.3737928867340088,0.251863956451416
8172,-0.921970009803772,0.11740380525588989
8173,-0.21139562129974365,-0.1587769091129303
8174,-0.06491595506668091,-0.09459793567657471
8175,0.11442257463932037,-0.1680503785610199
8176,0.020859524607658386,-0.06005823612213135
8177,0.39230167865753174,-0.2076435387134552
8178,-0.37414830923080444,-0.10952240228652954
8179,0.8658124804496765,-0.030115604400634766
8180,-0.40516185760498047,-0.09165501594543457
8181,0.44406044483184814,-0.16993501782417297
8182,0.30965638160705566,0.16837722063064575
8183,-0.6486084461212158,-0.11715245246887207
8184,0.4511455297470093,-0.1147955060005188
8185,0.08756741881370544,-0.1402176022529602
8186,0.07174621522426605,-0.14208334684371948
8187,-0.3712954521179199,0.016057074069976807
8188,0.040235355496406555,0.0974319577217102
8189,0.20863546431064606,0.043099045753479004
8190,0.6924373507499695,0.050186216831207275
8191,0.7015623450279236,0.13238251209259033
8192,0.7709283232688904,0.05334204435348511
8193,-0.6433098912239075,0.01684647798538208
8194,-0.02393602579832077,0.041148602962493896
8195,0.2116035670042038,-0.0849682092666626
8196,-0.9295225143432617,0.11188602447509766
8197,0.6111509203910828,-0.1387803554534912
8198,0.12252148985862732,-0.14283663034439087
8199,0.9407743811607361,-0.010709047317504883
8200,1.296886682510376,0.1983351707458496
8201,1.2440521717071533,0.47476351261138916
8202,-1.2475529909133911,0.40386950969696045
8203,-0.9462511539459229,0.12657451629638672
8204,0.9224539399147034,-0.021756649017333984
8205,0.013802140951156616,-0.18152526021003723
8206,-0.6720995306968689,-0.12558388710021973
8207,0.299938440322876,-0.14447170495986938
8208,-0.3349653482437134,-0.18411785364151
8209,-0.28161653876304626,-0.17639893293380737
8210,-0.31990689039230347,-0.15662598609924316
8211,0.3062151074409485,-0.2914849519729614
8212,-0.08576259016990662,-0.2327638864517212
8213,0.4457981586456299,-0.09663403034210205
8214,-0.30604779720306396,-0.1767166256904602
8215,0.8919347524642944,-0.04025542736053467
8216,0.3441457152366638,-0.21447351574897766
8217,0.869892418384552,-0.057509541511535645
8218,-0.7093920111656189,-0.09029918909072876
8219,0.532576858997345,-0.26523321866989136
8220,-0.14991497993469238,-0.19121167063713074
8221,0.4331997036933899,-0.23463177680969238
8222,-0.5613049268722534,-0.09817719459533691
8223,0.08968757092952728,-0.26347991824150085
8224,0.22226200997829437,-0.25513821840286255
8225,0.3500210642814636,-0.2597804367542267
8226,-0.6147915124893188,-0.17781540751457214
8227,0.16709144413471222,-0.21955418586730957
8228,0.5475773215293884,-0.16566121578216553
8229,0.5532800555229187,-0.16809570789337158
8230,0.7386347651481628,-0.1116570234298706
8231,-0.5657857060432434,-0.2230468988418579
8232,-0.705070436000824,-0.09601229429244995
8233,1.2924840450286865,0.20257693529129028
8234,-0.1503521054983139,-0.15741202235221863
8235,-0.6050229072570801,-0.1303282380104065
8236,0.9883999228477478,0.01806020736694336
8237,-0.23857258260250092,-0.2316933274269104
8238,1.0790826082229614,0.11520034074783325
8239,-0.5680567026138306,-0.11186814308166504
8240,0.026457414031028748,-0.25348496437072754
8241,-0.03598780930042267,-0.19844359159469604
8242,0.17613081634044647,-0.16190728545188904
8243,0.1084517389535904,-0.18677771091461182
8244,-0.11167360842227936,0.0037602782249450684
8245,-0.1683816909790039,-0.05400878190994263
8246,-0.28155094385147095,-0.012991487979888916
8247,0.2952812910079956,-0.1293836236000061
8248,-0.6580178737640381,-0.14329195022583008
8249,0.31785154342651367,-0.20443031191825867
8250,0.0761650800704956,-0.1937418282032013
8251,-0.08366604894399643,-0.1907104253768921
8252,0.24774254858493805,-0.20980045199394226
8253,-0.03239694982767105,-0.23693659901618958
8254,0.168280228972435,-0.2080681025981903
8255,0.7055484652519226,-0.1565302610397339
8256,0.29564398527145386,-0.18888717889785767
8257,0.25078171491622925,-0.23399078845977783
8258,-0.1760711669921875,-0.2056412696838379
8259,1.0981554985046387,0.08469319343566895
8260,-0.0825083777308464,-0.1091386079788208
8261,-0.21068274974822998,-0.1200665831565857
8262,0.062255024909973145,-0.10560232400894165
8263,-0.7990952134132385,-0.007865369319915771
8264,-0.3787723779678345,-0.12810903787612915
8265,0.7561227083206177,-0.001725912094116211
8266,0.49126023054122925,-0.054578304290771484
8267,0.2477680891752243,-0.22887936234474182
8268,-1.2923078536987305,0.444960355758667
8269,0.6928384304046631,-0.11986643075942993
8270,0.17959947884082794,-0.10932278633117676
8271,1.0581880807876587,0.06022447347640991
8272,-0.4087693691253662,-0.13064271211624146
8273,0.45743101835250854,-0.20123735070228577
8274,-0.3518427014350891,-0.18464550375938416
8275,0.27411162853240967,-0.15624582767486572
8276,0.8263247609138489,-0.0829470157623291
8277,0.25751417875289917,-0.12335085868835449
8278,-0.6511912941932678,-0.11128056049346924
8279,-0.12587256729602814,-0.09275472164154053
8280,0.25096410512924194,-0.043701171875
8281,0.43701136112213135,-0.04469418525695801
8282,0.6801473498344421,-0.03296619653701782
8283,1.2322977781295776,0.4187678098678589
8284,-0.02748914808034897,0.21336859464645386
8285,0.34950292110443115,0.4134002923965454
8286,-0.6971739530563354,0.12412548065185547
8287,-1.6306767463684082,0.8607535362243652
8288,0.9872738718986511,0.21435624361038208
8289,-0.1713036149740219,0.09446495771408081
8290,-0.7902633547782898,0.20425599813461304
8291,-1.2665534019470215,0.42115628719329834
8292,-0.5048351287841797,0.5067672729492188
8293,0.26675331592559814,0.01863652467727661
8294,0.7983202934265137,-0.044552743434906006
8295,0.3737815022468567,-0.04166942834854126
8296,-0.7087918519973755,-0.08801954984664917
8297,-0.19931472837924957,0.03854161500930786
8298,0.9472185969352722,-0.006807506084442139
8299,0.5286654829978943,-0.06404304504394531
8300,-0.770559549331665,-0.034059107303619385
8301,1.0172873735427856,0.035739898681640625
8302,0.033740684390068054,-0.1727370321750641
8303,-0.18072062730789185,-0.19534999132156372
8304,0.09263254702091217,-0.15281757712364197
8305,0.019754141569137573,-0.2456214725971222
8306,0.9891368746757507,0.018604815006256104
8307,0.60085129737854,-0.13200539350509644
8308,-0.3704627752304077,-0.1873941719532013
8309,0.3541196584701538,-0.19312098622322083
8310,-0.22214782238006592,-0.24645331501960754
8311,0.13055889308452606,-0.23543906211853027
8312,-0.15589243173599243,-0.23795315623283386
8313,0.7011540532112122,-0.15681302547454834
8314,-0.4613940715789795,-0.10060238838195801
8315,-0.4030885100364685,-0.1760387122631073
8316,0.046115100383758545,-0.20341968536376953
8317,0.17879174649715424,-0.24942609667778015
8318,-0.3755301833152771,-0.1992625892162323
8319,-0.3025803864002228,-0.28236180543899536
8320,-0.3881887197494507,-0.19239932298660278
8321,0.14066119492053986,-0.19686585664749146
8322,0.03144276142120361,-0.15181055665016174
8323,-0.11912541836500168,-0.2606593668460846
8324,0.46542906761169434,-0.2929738163948059
8325,0.3001047372817993,-0.15087267756462097
8326,0.6659525632858276,-0.12850379943847656
8327,-0.16212454438209534,-0.1817033886909485
8328,-0.06161803379654884,-0.24793386459350586
8329,0.20177699625492096,-0.23064616322517395
8330,-0.2113889455795288,-0.2570539116859436
8331,0.8668105602264404,-0.05663454532623291
8332,0.5557085871696472,0.22432881593704224
8333,0.19734536111354828,-0.25743937492370605
8334,0.5546538829803467,-0.06750380992889404
8335,-0.1859305202960968,-0.168519526720047
8336,-0.2602463662624359,-0.22519302368164062
8337,1.3311102390289307,0.22363734245300293
8338,0.32579565048217773,0.42450904846191406
8339,-0.6922566294670105,0.03962528705596924
8340,-0.1431330144405365,-0.1552329957485199
8341,0.09999532997608185,-0.196099191904068
8342,-0.3893219828605652,0.102608323097229
8343,-0.29840901494026184,-0.19225773215293884
8344,-0.13236382603645325,-0.10998785495758057
8345,0.511428952217102,-0.19100317358970642
8346,-0.18832603096961975,-0.14187359809875488
8347,-0.4269648790359497,-0.13619548082351685
8348,-0.27383190393447876,-0.1774894893169403
8349,0.440280556678772,-0.17711251974105835
8350,0.4776471257209778,-0.08464020490646362
8351,-0.017651155591011047,-0.2474556565284729
8352,0.18415968120098114,-0.1896805763244629
8353,0.09988793730735779,-0.2355976402759552
8354,0.361514687538147,-0.15672656893730164
8355,0.5663442015647888,-0.007435858249664307
8356,0.34340357780456543,-0.12001907825469971
8357,-0.48889780044555664,-0.04940366744995117
8358,0.7267064452171326,-0.13860905170440674
8359,-0.6137458682060242,-0.17286783456802368
8360,-0.17056427896022797,-0.16912081837654114
8361,-0.06515942513942719,-0.22327852249145508
8362,-1.0149062871932983,0.190277099609375
8363,0.2350514978170395,-0.05213969945907593
8364,-0.2591249942779541,-0.01770228147506714
8365,-0.2324029952287674,-0.1157231330871582
8366,0.35404932498931885,-0.07071894407272339
8367,-0.06701595336198807,-0.166141539812088
8368,-0.14292089641094208,-0.10098034143447876
8369,0.1834252029657364,-0.011426806449890137
8370,-0.009360328316688538,-0.2636851668357849
8371,-0.3446160554885864,-0.12078738212585449
8372,-0.13067001104354858,-0.09407919645309448
8373,0.3166748285293579,-0.12211257219314575
8374,-0.27965956926345825,-0.09478706121444702
8375,-0.24386446177959442,0.020117104053497314
8376,0.40192437171936035,-0.12099975347518921
8377,-0.8470979928970337,0.03592073917388916
8378,-0.45867764949798584,0.038117051124572754
8379,0.2796919345855713,-0.004109501838684082
8380,0.43448418378829956,0.20114225149154663
8381,-1.3303900957107544,0.47882723808288574
8382,0.31028318405151367,0.09338420629501343
8383,0.9887788891792297,0.011338591575622559
8384,1.1157516241073608,0.08992123603820801
8385,-0.5705127120018005,-0.08862090110778809
8386,-0.10653470456600189,-0.16377943754196167
8387,-0.9602847695350647,0.14012324810028076
8388,0.5794181823730469,0.25283318758010864
8389,0.8428962230682373,-0.05029881000518799
8390,-0.46921902894973755,-0.06574708223342896
8391,0.20234675705432892,-0.08560901880264282
8392,-0.029690459370613098,-0.18457737565040588
8393,0.03285689651966095,-0.1776115894317627
8394,0.05225849151611328,-0.14656630158424377
8395,0.5690030455589294,-0.2061229646205902
8396,0.09858790040016174,-0.17898985743522644
8397,-0.5899105668067932,-0.09524691104888916
8398,1.0622539520263672,0.06300091743469238
8399,-0.6818837523460388,-0.11593878269195557
8400,0.07036000490188599,-0.1956520974636078
8401,0.16652078926563263,-0.22419044375419617
8402,0.12489694356918335,-0.23421236872673035
8403,0.47987961769104004,-0.1895046830177307
8404,0.6624512076377869,-0.18391308188438416
8405,-0.2902849018573761,-0.141215980052948
8406,0.46339690685272217,-0.2175033986568451
8407,0.3478689193725586,-0.22356736660003662
8408,1.2975159883499146,0.20562750101089478
8409,-0.9170644283294678,0.10038101673126221
8410,-0.9291036128997803,0.11150139570236206
8411,-0.1443362981081009,-0.057393431663513184
8412,-1.0843684673309326,0.24985915422439575
8413,0.5970768332481384,-0.11418682336807251
8414,-0.3603535294532776,-0.07525873184204102
8415,0.273614764213562,-0.11957579851150513
8416,-0.6699168086051941,-0.12869948148727417
8417,0.046553924679756165,-0.19041913747787476
8418,-0.2537336051464081,-0.19304007291793823
8419,0.6133791208267212,-0.21282070875167847
8420,-0.085970938205719,-0.1940610706806183
8421,0.031091734766960144,-0.21104371547698975
8422,0.0946464091539383,-0.24432319402694702
8423,0.544348955154419,-0.24556416273117065
8424,-0.8198946118354797,0.009470224380493164
8425,-0.7309088706970215,0.08938062191009521
8426,1.537606954574585,0.3511103391647339
8427,0.3569045066833496,-0.029568135738372803
8428,0.6857542991638184,-0.15803104639053345
8429,-0.07024440169334412,-0.1719491183757782
8430,0.5480754971504211,-0.23820069432258606
8431,0.22566132247447968,-0.16924825310707092
8432,0.3495415449142456,-0.19177642464637756
8433,0.17657972872257233,-0.22009649872779846
8434,-0.37721478939056396,-0.07132524251937866
8435,0.6944049596786499,-0.16025465726852417
8436,0.33918297290802,-0.24543693661689758
8437,0.005165427923202515,-0.2864166498184204
8438,-0.2049277424812317,-0.19616416096687317
8439,0.1402851790189743,0.04791015386581421
8440,0.22911988198757172,-0.16328787803649902
8441,0.17120717465877533,-0.21218660473823547
8442,0.4029378294944763,-0.198174387216568
8443,-0.7349998354911804,-0.06670671701431274
8444,-0.4001287817955017,-0.11858642101287842
8445,-0.2125099003314972,-0.1639852225780487
8446,0.2078171819448471,-0.008015096187591553
8447,-0.1372770071029663,-0.0623859167098999
8448,0.6903971433639526,-0.16397809982299805
8449,-0.06705409288406372,-0.21005874872207642
8450,0.6383055448532104,-0.194681316614151
8451,-0.4873185157775879,-0.11639404296875
8452,-0.9273993968963623,0.10993635654449463
8453,-0.046754900366067886,-0.020629942417144775
8454,0.5061055421829224,-0.07485020160675049
8455,-0.36670851707458496,-0.16704970598220825
8456,0.7752949595451355,-0.11321204900741577
8457,0.6688612103462219,0.041130125522613525
8458,-0.5882365703582764,-0.15244445204734802
8459,0.029382437467575073,-0.1553322672843933
8460,0.6288198828697205,-0.14192110300064087
8461,0.29258906841278076,-0.11164796352386475
8462,-0.5620412230491638,-0.21139827370643616
8463,0.1916283220052719,-0.21022802591323853
8464,0.039026737213134766,-0.2379884421825409
8465,-0.06685889512300491,-0.2378132939338684
8466,0.2642582058906555,-0.2596665322780609
8467,-0.4175003170967102,-0.19301488995552063
8468,0.38287198543548584,-0.21485677361488342
8469,0.24788673222064972,-0.2515026032924652
8470,0.18747250735759735,-0.19156089425086975
8471,0.719295084476471,-0.13736534118652344
8472,-1.1766009330749512,0.3387295603752136
8473,-0.3407689034938812,-0.15120500326156616
8474,0.7704911828041077,-0.12087428569793701
8475,-0.4121631979942322,-0.06852763891220093
8476,0.6134315729141235,-0.034774065017700195
8477,0.3294856548309326,0.08575505018234253
8478,-0.1845557689666748,0.2170988917350769
8479,-0.5426445007324219,0.025609731674194336
8480,0.31593871116638184,-0.011184990406036377
8481,-0.15470217168331146,-0.007769286632537842
8482,0.19852791726589203,-0.17208454012870789
8483,0.7578226327896118,-0.12498217821121216
8484,1.1868016719818115,0.13850617408752441
8485,0.3336164355278015,0.02043050527572632
8486,-0.41250813007354736,-0.07830315828323364
8487,0.7040005922317505,-0.0894593596458435
8488,0.5456157922744751,0.4855436086654663
8489,-0.0286579430103302,-0.014654815196990967
8490,-0.8175082802772522,0.009044945240020752
8491,-0.647663950920105,-0.15194055438041687
8492,-0.6654185652732849,-0.13623374700546265
8493,0.3284929394721985,0.06284624338150024
8494,-0.29056206345558167,-0.19381767511367798
8495,-0.5453969836235046,-0.04588496685028076
8496,-0.43843621015548706,-0.07485151290893555
8497,0.2232295721769333,-0.16872486472129822
8498,0.8586337566375732,-0.060573697090148926
8499,0.02801954746246338,-0.21077123284339905
8500,0.3323129415512085,-0.2226470708847046
8501,0.271165132522583,-0.13605737686157227
8502,0.7250040173530579,-0.14859148859977722
8503,0.19502173364162445,-0.24525445699691772
8504,0.4675947427749634,-0.26930344104766846
8505,0.320401668548584,-0.2618165612220764
8506,0.18862323462963104,-0.16718178987503052
8507,0.7114042639732361,-0.14738228917121887
8508,-0.3720833659172058,0.035200536251068115
8509,0.10692039132118225,-0.18086916208267212
8510,0.5056614875793457,-0.20857596397399902
8511,0.17217205464839935,-0.20074281096458435
8512,-0.061688877642154694,-0.18498113751411438
8513,0.03779388964176178,-0.2126278281211853
8514,-0.14705854654312134,-0.181547611951828
8515,-0.47145944833755493,-0.1899033784866333
8516,0.17722316086292267,-0.28878599405288696
8517,0.3945600390434265,-0.25345391035079956
8518,-0.48785650730133057,-0.191773921251297
8519,0.6765875220298767,-0.17405378818511963
8520,0.07685478031635284,-0.1809585988521576
8521,-0.14593994617462158,-0.23205101490020752
8522,-0.24815458059310913,-0.24022579193115234
8523,-0.05533766746520996,-0.22900667786598206
8524,0.6702159643173218,-0.18164923787117004
8525,0.7427915334701538,-0.13284051418304443
8526,0.12516847252845764,-0.09854596853256226
8527,0.45265835523605347,-0.2140347957611084
8528,-0.06477341055870056,-0.23932874202728271
8529,-0.3887462615966797,-0.24089491367340088
8530,0.05594657361507416,-0.25207436084747314
8531,0.30059564113616943,-0.2993951141834259
8532,0.13665573298931122,-0.27579832077026367
8533,0.1919250637292862,-0.25522249937057495
8534,-0.0802229568362236,-0.20693573355674744
8535,0.20275534689426422,-0.30063995718955994
8536,-0.05347978696227074,-0.2502062916755676
8537,-0.08373841643333435,-0.1879432201385498
8538,0.5299404859542847,-0.09964138269424438
8539,-0.17268890142440796,-0.29675060510635376
8540,0.08284342288970947,-0.15502077341079712
8541,0.10695360600948334,-0.2776736319065094
8542,0.5327054262161255,-0.2525466978549957
8543,0.3083763122558594,-0.20310789346694946
8544,-0.21989411115646362,-0.18760716915130615
8545,0.35864222049713135,-0.0545729398727417
8546,-0.012341037392616272,-0.13742780685424805
8547,0.27730756998062134,-0.16012075543403625
8548,0.055335089564323425,-0.14350533485412598
8549,0.52431321144104,-0.030021607875823975
8550,-0.38568615913391113,0.011990785598754883
8551,0.014276690781116486,-0.04754573106765747
8552,-0.11325400322675705,-0.2606183588504791
8553,0.012750700116157532,-0.18472331762313843
8554,-0.24185898900032043,-0.17408350110054016
8555,0.3067099452018738,-0.1978047788143158
8556,0.397908091545105,-0.15602228045463562
8557,0.2770090699195862,-0.12687891721725464
8558,0.06373859941959381,-0.22202405333518982
8559,0.260331392288208,-0.20555418729782104
8560,-0.15582990646362305,-0.1980781853199005
8561,0.04484061896800995,-0.26452401280403137
8562,0.15973921120166779,-0.20601952075958252
8563,0.10278081893920898,0.01888132095336914
8564,0.019674092531204224,-0.18917220830917358
8565,0.06781163811683655,-0.220249742269516
8566,0.05166162550449371,-0.2367461919784546
8567,-0.25893500447273254,-0.2377772033214569
8568,0.08174139261245728,-0.28282827138900757
8569,0.0020239800214767456,-0.21091023087501526
8570,0.16730882227420807,-0.26428136229515076
8571,-0.43863445520401,-0.13013505935668945
8572,0.058197274804115295,-0.27171796560287476
8573,-0.04866376519203186,-0.282798171043396
8574,0.4107646942138672,-0.2161789834499359
8575,0.39082950353622437,-0.22112402319908142
8576,0.1081414669752121,-0.1754457652568817
8577,0.13066494464874268,-0.25550520420074463
8578,0.24380327761173248,-0.26988694071769714
8579,-0.1144203320145607,-0.22943323850631714
8580,0.554947555065155,-0.231216162443161
8581,0.7700837254524231,0.06404387950897217
8582,0.2781792879104614,0.27310049533843994
8583,-0.0026569366455078125,-0.03109079599380493
8584,-0.1609228402376175,-0.042731523513793945
8585,-0.18826015293598175,-0.21199774742126465
8586,0.44470834732055664,-0.21061617136001587
8587,-0.04205501824617386,-0.19825264811515808
8588,0.7202911376953125,-0.114818274974823
8589,0.901987612247467,0.16943848133087158
8590,-0.4984867572784424,-0.06174057722091675
8591,-0.24451063573360443,-0.131941020488739
8592,0.03684021532535553,-0.22785645723342896
8593,0.5079999566078186,-0.15231043100357056
8594,0.02605515718460083,-0.211404949426651
8595,0.18096469342708588,-0.1622576117515564
8596,-0.14089742302894592,-0.21907073259353638
8597,-0.15557746589183807,-0.21169248223304749
8598,-0.0902460515499115,-0.166939377784729
8599,0.2507067322731018,-0.2277192771434784
8600,-0.12688304483890533,-0.2980373501777649
8601,-0.029135912656784058,-0.2653309404850006
8602,0.09591586887836456,-0.24917063117027283
8603,0.35465341806411743,-0.21188363432884216
8604,0.1204097718000412,-0.2917604446411133
8605,0.5789417028427124,-0.23674044013023376
8606,-0.07155653089284897,-0.22417029738426208
8607,0.33376508951187134,-0.2678346037864685
8608,0.26693230867385864,-0.24907967448234558
8609,-0.12025215476751328,-0.27832162380218506
8610,-0.07077087461948395,-0.2225170135498047
8611,-0.10471772402524948,-0.270074725151062
8612,-0.04962474852800369,-0.29985976219177246
8613,0.23474450409412384,-0.19460642337799072
8614,0.07171419262886047,-0.2079789936542511
8615,0.4985009431838989,-0.18354526162147522
8616,-0.26524972915649414,-0.23485013842582703
8617,0.2763810157775879,-0.21646782755851746
8618,-0.1995713710784912,-0.2895013093948364
8619,0.15375958383083344,-0.212493896484375
8620,-0.2468889355659485,-0.269535094499588
8621,-0.040808647871017456,-0.3210819959640503
8622,-0.28453606367111206,-0.12286150455474854
8623,0.0780908614397049,-0.2912244498729706
8624,0.4390367269515991,-0.2305549681186676
8625,0.13394151628017426,-0.2639502286911011
8626,0.042648300528526306,-0.2162274718284607
8627,0.23576153814792633,-0.2850702404975891
8628,-0.36095547676086426,-0.2726365029811859
8629,0.002235330641269684,-0.29203760623931885
8630,0.33007097244262695,-0.24981313943862915
8631,-0.10227233171463013,-0.23108404874801636
8632,0.10609444975852966,-0.321317195892334
8633,0.17739222943782806,-0.25146564841270447
8634,0.03381974995136261,-0.23008829355239868
8635,0.006261274218559265,-0.31858474016189575
8636,0.24250583350658417,-0.29160404205322266
8637,0.3638495206832886,-0.2988279163837433
8638,0.1667129546403885,-0.24031707644462585
8639,0.14910267293453217,-0.26795777678489685
8640,0.14350204169750214,-0.23367348313331604
8641,0.21414996683597565,-0.2549487054347992
8642,0.1553996354341507,-0.30816414952278137
8643,0.019359029829502106,-0.247745543718338
8644,-0.06224115192890167,-0.26668083667755127
8645,0.3340248465538025,-0.27179938554763794
8646,0.1606283038854599,-0.1957247257232666
8647,0.15072892606258392,-0.29470375180244446
8648,0.7248530983924866,-0.146989107131958
8649,0.1169544905424118,-0.22530120611190796
8650,0.07581545412540436,-0.15586307644844055
8651,0.36731863021850586,-0.23520973324775696
8652,0.3707800507545471,0.012545883655548096
8653,-0.27590131759643555,-0.1727086901664734
8654,0.725136935710907,-0.1275600790977478
8655,-0.05325304716825485,-0.1374567151069641
8656,-0.3185090124607086,-0.17416006326675415
8657,0.4323488473892212,-0.02114015817642212
8658,-0.24885717034339905,-0.194798082113266
8659,0.2630994915962219,-0.207049161195755
8660,0.3426746726036072,-0.21778997778892517
8661,0.6980451345443726,-0.08228766918182373
8662,-0.6681753396987915,-0.12525838613510132
8663,0.3180919289588928,-0.24596509337425232
8664,-0.36002373695373535,-0.18154138326644897
8665,0.6630938649177551,-0.1853838562965393
8666,0.004558652639389038,-0.20184189081192017
8667,0.03404611349105835,-0.26142552495002747
8668,-0.03613690286874771,-0.0929529070854187
8669,-0.05594075843691826,-0.13887327909469604
8670,0.5957522392272949,-0.18435081839561462
8671,-0.23272563517093658,-0.21388670802116394
8672,-0.8294830918312073,0.014369368553161621
8673,0.00422263890504837,0.10705339908599854
8674,0.1410888284444809,-0.08198875188827515
8675,-0.12685684859752655,-0.10851496458053589
8676,0.16550947725772858,-0.21779516339302063
8677,-0.4205756187438965,-0.1473415195941925
8678,0.1311102956533432,-0.1535572111606598
8679,-0.23784688115119934,-0.14102989435195923
8680,0.0066251978278160095,-0.15309500694274902
8681,0.555238664150238,-0.11143577098846436
8682,0.15799950063228607,-0.20291009545326233
8683,-0.2699824571609497,-0.25027838349342346
8684,-0.26894891262054443,-0.19137057662010193
8685,0.7140009999275208,-0.14827895164489746
8686,-0.1739135980606079,-0.24150323867797852
8687,0.5793755054473877,-0.2352403998374939
8688,0.33493727445602417,-0.22204378247261047
8689,0.16094695031642914,-0.15054506063461304
8690,-0.17048388719558716,-0.17528900504112244
8691,0.2021518498659134,-0.19516131281852722
8692,-0.4861884117126465,-0.21844136714935303
8693,0.19227881729602814,-0.2728126645088196
8694,-0.06755185127258301,-0.22373974323272705
8695,0.22231687605381012,-0.25958681106567383
8696,-0.1949414312839508,-0.2769715189933777
8697,-0.1722499579191208,-0.29574576020240784
8698,-0.03842499852180481,-0.12243825197219849
8699,0.6603763103485107,-0.18198981881141663
8700,0.6166549324989319,-0.21228721737861633
8701,-0.06569193303585052,-0.17926272749900818
8702,1.3396698236465454,0.23117965459823608
8703,2.6847898960113525,1.040745735168457
8704,0.26579439640045166,0.6343810558319092
8705,-0.16648253798484802,0.5933946371078491
8706,-0.15630191564559937,0.19537973403930664
8707,0.9951027035713196,0.017174720764160156
8708,-0.763887882232666,0.14294463396072388
8709,0.19138406217098236,-0.026905357837677002
8710,0.16043199598789215,0.079795241355896
8711,0.6420317888259888,0.16650390625
8712,-0.1959376186132431,0.20765680074691772
8713,-0.09961231797933578,-0.021132826805114746
8714,-0.8131369352340698,0.0035561323165893555
8715,0.19841326773166656,-0.1719036102294922
8716,0.4292489290237427,-0.1621398627758026
8717,-0.6177834272384644,-0.1764049530029297
8718,0.3425479531288147,-0.1933782994747162
8719,-0.26618602871894836,-0.18186968564987183
8720,-0.004475481808185577,-0.1421506404876709
8721,-0.4641183018684387,-0.1428673267364502
8722,0.11909162998199463,-0.24084419012069702
8723,-0.34927070140838623,-0.13156664371490479
8724,0.6315119862556458,-0.20039016008377075
8725,-0.11009245365858078,-0.15930616855621338
8726,0.11693118512630463,-0.22095724940299988
8727,-0.23642127215862274,-0.1907649040222168
8728,-0.4817313551902771,-0.13022392988204956
8729,0.10351994633674622,-0.19147682189941406
8730,0.46148085594177246,-0.2544853985309601
8731,-0.37182408571243286,-0.212479829788208
8732,0.34455835819244385,-0.27090325951576233
8733,0.25108957290649414,-0.09333586692810059
8734,0.014469772577285767,-0.23146981000900269
8735,-0.22019720077514648,-0.2042316198348999
8736,-0.8260290026664734,0.01686406135559082
8737,-0.6760420799255371,0.21510183811187744
8738,0.3939663767814636,-0.011407077312469482
8739,0.5359316468238831,-0.14490073919296265
8740,0.09221969544887543,-0.22314020991325378
8741,0.16523171961307526,-0.2556471824645996
8742,-0.18451808393001556,-0.14575067162513733
8743,0.07700078189373016,-0.11916393041610718
8744,-0.4682968258857727,-0.12976747751235962
8745,0.13686779141426086,-0.13835901021957397
8746,0.43650543689727783,-0.1997436285018921
8747,0.05757841467857361,-0.23350980877876282
8748,-0.5781701803207397,-0.14483916759490967
8749,-0.21611614525318146,-0.09893745183944702
8750,0.2108822911977768,-0.2084086835384369
8751,0.2546426057815552,-0.16717824339866638
8752,0.2800246477127075,-0.1960044801235199
8753,0.07604828476905823,-0.20697930455207825
8754,0.4191741943359375,-0.1856401264667511
8755,0.36010873317718506,0.06597316265106201
8756,-0.013477332890033722,-0.2751719057559967
8757,-0.26948240399360657,-0.19297745823860168
8758,0.15421931445598602,-0.24699535965919495
8759,-0.08517494797706604,-0.2011602520942688
8760,-0.2299954891204834,-0.1782795786857605
8761,-0.22281798720359802,-0.05648308992385864
8762,0.5456417798995972,-0.20549321174621582
8763,0.9523285031318665,-0.006770491600036621
8764,-0.7737240791320801,-0.03124445676803589
8765,-0.24508614838123322,-0.1708936095237732
8766,0.11612629890441895,0.15657544136047363
8767,-0.026036083698272705,-0.06199926137924194
8768,0.2735772728919983,0.002282083034515381
8769,-1.1764169931411743,0.3385593295097351
8770,0.30189239978790283,-0.007385551929473877
8771,1.7539377212524414,0.797371506690979
8772,0.5365293622016907,1.3044052124023438
8773,0.7551647424697876,1.4020041227340698
8774,0.5101666450500488,0.18174362182617188
8775,-1.037838101387024,0.29901009798049927
8776,0.6329551339149475,-0.03433865308761597
8777,0.5984067916870117,-0.027096271514892578
8778,0.36615312099456787,-0.013004720211029053
8779,0.19334609806537628,-0.13137286901474
8780,0.021687030792236328,-0.09153640270233154
8781,-0.5524606108665466,-0.1625475287437439
8782,-0.3079739809036255,-0.06955480575561523
8783,0.41630905866622925,-0.14481645822525024
8784,-0.41832512617111206,-0.029051661491394043
8785,0.25091058015823364,-0.2151096761226654
8786,0.9298020005226135,-0.015698254108428955
8787,1.2375731468200684,0.16923010349273682
8788,0.11256375908851624,0.1585415005683899
8789,1.2063535451889038,0.2512521743774414
8790,-0.6566664576530457,0.028201282024383545
8791,-0.2225244790315628,0.020038247108459473
8792,-0.1483801305294037,-0.10500991344451904
8793,0.03959636390209198,-0.11768615245819092
8794,-0.4218747019767761,-0.02725929021835327
8795,-0.15646269917488098,-0.16696405410766602
8796,0.11882027983665466,-0.1556549370288849
8797,-0.7536892890930176,-0.054252564907073975
8798,-0.04910909757018089,-0.12622952461242676
8799,0.27657264471054077,-0.15201693773269653
8800,0.20583270490169525,-0.1723836064338684
8801,-0.5360469818115234,-0.13636904954910278
8802,0.4849890470504761,-0.1304742693901062
8803,-0.370975136756897,-0.20224851369857788
8804,0.16356892883777618,-0.18183237314224243
8805,-0.21818776428699493,-0.08895528316497803
8806,0.7485010027885437,-0.10144829750061035
8807,-0.7160230875015259,-0.08150351047515869
8808,0.4679775834083557,-0.08303111791610718
8809,0.2955089211463928,-0.23813003301620483
8810,0.6720862984657288,-0.18020766973495483
8811,-0.15586046874523163,-0.11425292491912842
8812,-0.31099867820739746,-0.11883240938186646
8813,-0.4010245203971863,-0.14985719323158264
8814,0.022954612970352173,-0.17967045307159424
8815,0.46766912937164307,-0.23081320524215698
8816,-0.6123759150505066,-0.0972214937210083
8817,-0.49608314037323,-0.11612927913665771
8818,0.09716667234897614,-0.22292113304138184
8819,0.5383096933364868,-0.23459312319755554
8820,-0.10131219774484634,-0.20947211980819702
8821,0.3021957278251648,-0.1947719156742096
8822,-0.33353888988494873,-0.2238602340221405
8823,-0.4419634938240051,-0.18501266837120056
8824,-0.11341910064220428,-0.1875053346157074
8825,-0.6421893835067749,-0.022211074829101562
8826,-0.25222063064575195,-0.10802233219146729
8827,-0.3746095299720764,0.040368080139160156
8828,0.11066834628582001,0.1941053867340088
8829,0.4477679133415222,-0.14452916383743286
8830,-0.37936508655548096,-0.21598094701766968
8831,0.1995018571615219,-0.23113548755645752
8832,0.5467811226844788,-0.25591254234313965
8833,0.05241219699382782,-0.17405179142951965
8834,0.10124702751636505,-0.2229958176612854
8835,-0.1266474723815918,0.5817643404006958
8836,0.20699964463710785,0.018704712390899658
8837,0.6194738149642944,-0.017448365688323975
8838,-0.7111811637878418,-0.08861660957336426
8839,0.048742398619651794,-0.07259863615036011
8840,-0.549368679523468,-0.06150919198989868
8841,0.012126080691814423,-0.11816215515136719
8842,0.21612338721752167,-0.14243930578231812
8843,0.024280011653900146,-0.08640831708908081
8844,-0.20165525376796722,-0.06189084053039551
8845,0.31158119440078735,-0.18046730756759644
8846,-0.03497643768787384,-0.1395179033279419
8847,-0.11041846126317978,-0.1564861536026001
8848,-0.0001589953899383545,-0.12321829795837402
8849,0.38732922077178955,-0.12932747602462769
8850,-0.6592699885368347,-0.1320304274559021
8851,0.5029454827308655,-0.16901257634162903
8852,0.1268899291753769,-0.14448314905166626
8853,0.13424453139305115,-0.14535242319107056
8854,-0.08178132027387619,-0.16505074501037598
8855,-0.6488481760025024,0.15392357110977173
8856,-0.08935771882534027,-0.06318008899688721
8857,0.13928817212581635,-0.1385132074356079
8858,-0.4625762104988098,0.16384196281433105
8859,0.6909542679786682,0.10757273435592651
8860,-0.6866215467453003,0.272128164768219
8861,1.1408408880233765,0.11061710119247437
8862,1.0129554271697998,0.039281249046325684
8863,-1.3475408554077148,0.4956700801849365
8864,-0.8034557104110718,0.2627284526824951
8865,0.336523175239563,0.20188838243484497
8866,-0.4456028938293457,0.03329038619995117
8867,0.5970942974090576,-0.14546144008636475
8868,-0.3327335715293884,0.03275477886199951
8869,0.24230577051639557,-0.25027981400489807
8870,0.8991079926490784,-0.038048624992370605
8871,-0.3189418911933899,-0.16478723287582397
8872,-0.038169533014297485,-0.1912829875946045
8873,0.32510995864868164,0.1352354884147644
8874,-0.24272684752941132,0.04066580533981323
8875,-0.011543452739715576,-0.13676267862319946
8876,0.16071097552776337,-0.15568435192108154
8877,0.15514664351940155,-0.20358136296272278
8878,-0.29536303877830505,-0.2011357843875885
8879,-0.9206129908561707,0.10368907451629639
8880,0.19629733264446259,-0.16331207752227783
8881,-0.6008779406547546,0.2104085087776184
8882,0.4869633913040161,0.09172767400741577
8883,0.07245370745658875,-0.1147269606590271
8884,-0.667071521282196,-0.007970452308654785
8885,-0.3144207000732422,-0.18402773141860962
8886,-0.1773441731929779,0.2740297317504883
8887,0.8945702314376831,-0.039087116718292236
8888,0.4159003496170044,-0.2211354672908783
8889,0.26935869455337524,-0.1905776858329773
8890,-0.2497190684080124,-0.19038090109825134
8891,0.7688120603561401,-0.11833846569061279
8892,-0.211314857006073,-0.24102532863616943
8893,-0.030594155192375183,-0.26965850591659546
8894,-0.03790348023176193,-0.1664230227470398
8895,-0.17176398634910583,-0.261129766702652
8896,0.539060115814209,-0.2611847519874573
8897,-0.5894704461097717,-0.20540079474449158
8898,-0.6625341176986694,-0.1341845989227295
8899,0.5892167687416077,-0.22572115063667297
8900,0.33427077531814575,-0.27047255635261536
8901,0.3616962432861328,-0.23575863242149353
8902,0.25411808490753174,-0.15700000524520874
8903,0.08492636680603027,-0.2146136462688446
8904,0.06895028054714203,-0.2524937093257904
8905,-0.6452001929283142,-0.1510792076587677
8906,0.10484704375267029,-0.25703898072242737
8907,0.915557324886322,0.05971032381057739
8908,0.6656537652015686,-0.1812274158000946
8909,-0.020772337913513184,-0.21365505456924438
8910,-0.34987756609916687,-0.23599427938461304
8911,0.5026355385780334,-0.2109592854976654
8912,-0.01339913159608841,-0.17368662357330322
8913,0.561156690120697,-0.20568948984146118
8914,0.6566751003265381,-0.14422667026519775
8915,0.5035377144813538,-0.1234552264213562
8916,0.10966473817825317,-0.19773158431053162
8917,0.09665358066558838,-0.224741131067276
8918,0.2520850896835327,-0.02292454242706299
8919,0.28776490688323975,-0.20511490106582642
8920,0.180022194981575,-0.1963406205177307
8921,0.5871987342834473,-0.21209716796875
8922,-0.25387483835220337,-0.21049296855926514
8923,0.3943118453025818,-0.12902021408081055
8924,0.316699743270874,-0.22276362776756287
8925,0.28636419773101807,-0.15588292479515076
8926,0.38998162746429443,-0.1912202537059784
8927,-0.37334030866622925,-0.11785387992858887
8928,0.8888158798217773,-0.042146384716033936
8929,0.5061313509941101,-0.043920695781707764
8930,-0.4492565393447876,-0.026579737663269043
8931,-0.18625865876674652,-0.18202877044677734
8932,0.7470097541809082,-0.133617103099823
8933,-0.06533430516719818,-0.23927435278892517
8934,0.6501136422157288,-0.06189841032028198
8935,0.5780824422836304,-0.05336332321166992
8936,0.13770700991153717,-0.11343950033187866
8937,-0.041372112929821014,-0.013735413551330566
8938,-0.11930955201387405,-0.1109076738357544
8939,-0.23020929098129272,-0.16755935549736023
8940,0.2931952476501465,-0.14941784739494324
8941,-0.16295287013053894,-0.19394445419311523
8942,-0.015881851315498352,-0.1795617640018463
8943,0.3708871603012085,-0.2248634397983551
8944,0.5205133557319641,-0.2155221700668335
8945,0.09689715504646301,-0.11836493015289307
8946,0.40490007400512695,-0.11717039346694946
8947,-0.2764045000076294,-0.20180687308311462
8948,-0.40769368410110474,-0.1459241509437561
8949,-0.11911481618881226,-0.15337514877319336
8950,-0.3212958872318268,-0.17311367392539978
8951,-0.08585921674966812,-0.05088543891906738
8952,-0.4330596923828125,-0.11961817741394043
8953,0.5798709392547607,-0.23592746257781982
8954,1.0728590488433838,0.06942856311798096
8955,-0.2960684895515442,-0.21506786346435547
8956,0.7476938962936401,-0.022961437702178955
8957,0.0014366582036018372,0.046669960021972656
8958,0.744071900844574,0.07842183113098145
8959,0.31678032875061035,0.23994266986846924
8960,-0.39929747581481934,-0.02523571252822876
8961,1.2131736278533936,0.15449243783950806
8962,1.0352716445922852,0.6716985702514648
8963,-0.027837760746479034,0.3673654794692993
8964,0.5480613708496094,0.09755164384841919
8965,0.920141875743866,0.228948712348938
8966,2.5535576343536377,1.3195706605911255
8967,0.385895311832428,1.793178915977478
8968,1.1113425493240356,1.3980704545974731
8969,0.2160690575838089,0.8493180274963379
8970,0.1530812829732895,0.5922693014144897
8971,-0.014441803097724915,0.5681358575820923
8972,-1.3541083335876465,0.9082968235015869
8973,0.26632803678512573,0.2601308226585388
8974,0.36757898330688477,0.24018043279647827
8975,0.591035783290863,0.02334141731262207
8976,0.04441960155963898,0.10017526149749756
8977,0.38709646463394165,0.006710529327392578
8978,-0.1845221221446991,0.12446653842926025
8979,0.3688352704048157,-0.025816261768341064
8980,-0.5181074738502502,0.0014995336532592773
8981,0.9457677006721497,0.11020541191101074
8982,0.2040533870458603,0.04462862014770508
8983,0.3753899931907654,0.23586899042129517
8984,-0.446094274520874,-0.08348226547241211
8985,-0.5309893488883972,-0.08500128984451294
8986,0.5619821548461914,-0.01918160915374756
8987,-0.44328904151916504,-0.044336140155792236
8988,0.23896510899066925,0.06260693073272705
8989,0.6361640095710754,-0.07373344898223877
8990,-0.21624742448329926,0.08824789524078369
8991,0.040739864110946655,-0.21762233972549438
8992,0.0006616935133934021,-0.06772643327713013
8993,-0.2632374167442322,-0.18614250421524048
8994,-0.34820985794067383,-0.13563162088394165
8995,-0.6930009722709656,0.11918622255325317
8996,-0.8432843089103699,0.042922019958496094
8997,0.22160200774669647,-0.017300844192504883
8998,0.5592945218086243,-0.035072922706604004
8999,-0.46924012899398804,0.1392417550086975
9000,0.8822342157363892,-0.0462074875831604
9001,-0.3801129460334778,-0.22954431176185608
9002,-0.03514828532934189,-0.14788001775741577
9003,0.754707932472229,-0.11520355939865112
9004,-0.09569941461086273,-0.1799182891845703
9005,0.3621932864189148,-0.2046588957309723
9006,-0.558728814125061,-0.19136548042297363
9007,-0.6749662756919861,-0.12352156639099121
9008,-0.23828333616256714,-0.17382529377937317
9009,0.7744341492652893,-0.11166107654571533
9010,-0.10557026416063309,-0.23917505145072937
9011,0.6219181418418884,-0.14698657393455505
9012,0.156924769282341,-0.2182963490486145
9013,-0.4491084814071655,-0.2151009440422058
9014,0.6759830117225647,-0.17492878437042236
9015,0.42863112688064575,-0.22815537452697754
9016,0.0027122050523757935,-0.20328059792518616
9017,0.21551840007305145,-0.15964898467063904
9018,1.1381731033325195,0.1789209246635437
9019,0.5831035375595093,0.11011821031570435
9020,0.698391318321228,0.1493130922317505
9021,0.45331496000289917,0.036224186420440674
9022,-0.16698814928531647,-0.0021076202392578125
9023,0.8521372675895691,-0.013425707817077637
9024,0.12613080441951752,-0.06880629062652588
9025,0.10731960833072662,-0.07528954744338989
9026,-0.5127934217453003,-0.08682960271835327
9027,0.41537946462631226,-0.12384545803070068
9028,0.435499906539917,0.12636631727218628
9029,0.1722053736448288,0.06173962354660034
9030,-0.13812577724456787,0.0677109956741333
9031,0.46950024366378784,-0.010238587856292725
9032,0.002133667469024658,-0.0011839866638183594
9033,-0.7153283357620239,-0.037883222103118896
9034,0.8238813281059265,-0.07667601108551025
9035,0.48038429021835327,0.015244126319885254
9036,0.8611901998519897,0.1988028883934021
9037,-0.5722967386245728,0.06844371557235718
9038,-0.03691866993904114,-0.07473224401473999
9039,-0.5296371579170227,0.10928785800933838
9040,-0.054764289408922195,-0.01960045099258423
9041,0.1577996462583542,-0.1703094244003296
9042,-0.4790918827056885,-0.06526505947113037
9043,-0.33887797594070435,-0.10457438230514526
9044,0.3995020389556885,-0.16407063603401184
9045,0.033626750111579895,-0.20876803994178772
9046,0.31052225828170776,0.04155254364013672
9047,0.5157210826873779,-0.14568006992340088
9048,-2.382704496383667,1.4460574388504028
9049,0.5200924277305603,0.4366128444671631
9050,0.3149641752243042,0.2402440905570984
9051,-0.3993651866912842,0.2280263900756836
9052,2.3122751712799072,0.8207430839538574
9053,0.5888340473175049,0.8131550550460815
9054,-1.173333764076233,0.505217432975769
9055,-0.3226531147956848,0.1724262833595276
9056,-0.14416736364364624,0.3114664554595947
9057,-0.2974536716938019,-0.10726505517959595
9058,-1.010574460029602,0.18069475889205933
9059,-0.06097184866666794,0.11039060354232788
9060,-1.198795199394226,0.7344198226928711
9061,-0.7018483877182007,0.05357545614242554
9062,1.0915508270263672,0.07364797592163086
9063,-0.5214545726776123,-0.05940556526184082
9064,0.6166454553604126,-0.17546707391738892
9065,0.17145322263240814,-0.07033586502075195
9066,0.8659248352050781,-0.05627274513244629
9067,-0.3567555546760559,-0.11615133285522461
9068,0.3273007869720459,-0.22632509469985962
9069,0.177628293633461,-0.2541939914226532
9070,0.005346477031707764,-0.13413631916046143
9071,0.62880939245224,-0.20153608918190002
9072,0.08708074688911438,-0.22139689326286316
9073,0.18243388831615448,-0.2511990964412689
9074,0.31198394298553467,-0.21642866730690002
9075,0.41335809230804443,-0.19679072499275208
9076,-0.05432010442018509,-0.20850563049316406
9077,-0.059937942773103714,-0.2648838460445404
9078,0.34422385692596436,-0.21113726496696472
9079,0.4491923451423645,-0.2867562472820282
9080,0.2457706183195114,-0.2701666057109833
9081,0.04391239583492279,-0.18071359395980835
9082,-0.20858612656593323,-0.11054384708404541
9083,0.09242913126945496,-0.22825393080711365
9084,0.044714316725730896,-0.23569241166114807
9085,0.2876760959625244,-0.23897051811218262
9086,0.06747837364673615,-0.2050999402999878
9087,-0.13486400246620178,-0.1782805621623993
9088,0.11560516059398651,-0.26724743843078613
9089,0.33498501777648926,-0.2652517855167389
9090,-0.26135003566741943,-0.22959977388381958
9091,-0.32662057876586914,-0.20485937595367432
9092,0.024492397904396057,-0.2959149181842804
9093,0.29902034997940063,-0.24756956100463867
9094,0.3452657461166382,-0.21398437023162842
9095,-0.38026857376098633,-0.19462233781814575
9096,0.6393139362335205,-0.20013192296028137
9097,-0.4351518750190735,-0.22121480107307434
9098,0.5601362586021423,-0.24626761674880981
9099,0.18438909947872162,-0.2043892741203308
9100,-0.3576406240463257,-0.22626331448554993
9101,-0.023291215300559998,-0.23360759019851685
9102,-0.4098230004310608,-0.1368722915649414
9103,-0.032906390726566315,0.25961315631866455
9104,-0.9324687719345093,0.1145825982093811
9105,0.17307503521442413,-0.07690936326980591
9106,0.45134401321411133,-0.19665738940238953
9107,0.5992602705955505,-0.17613694071769714
9108,0.009898260235786438,-0.25507766008377075
9109,-0.2601057291030884,-0.24939942359924316
9110,0.2826254963874817,-0.3048408329486847
9111,-0.27783888578414917,-0.23520103096961975
9112,-0.557695746421814,0.008039295673370361
9113,-0.35588306188583374,-0.09100514650344849
9114,0.6415199041366577,-0.11700445413589478
9115,0.2544090151786804,-0.2161688506603241
9116,0.2933921813964844,-0.09312236309051514
9117,-0.2630111277103424,-0.13422900438308716
9118,-1.0001089572906494,0.17669039964675903
9119,0.05688053369522095,-0.11818909645080566
9120,0.3567381501197815,-0.18435391783714294
9121,0.16113023459911346,-0.2018323838710785
9122,-0.7722069025039673,-0.035145461559295654
9123,-0.3761664032936096,-0.015977084636688232
9124,0.021226033568382263,0.12083005905151367
9125,-0.4979953169822693,0.09096872806549072
9126,-1.0705417394638062,0.2593560218811035
9127,1.1376155614852905,0.10742771625518799
9128,0.7813191413879395,0.027409613132476807
9129,-0.2482706606388092,-0.23571956157684326
9130,0.5416085124015808,-0.16751116514205933
9131,0.45916247367858887,-0.12064242362976074
9132,0.053816139698028564,-0.11930811405181885
9133,-0.10634225606918335,-0.16009414196014404
9134,0.022460773587226868,-0.23803269863128662
9135,-0.17122316360473633,-0.2503964900970459
9136,-0.0935651957988739,-0.24433094263076782
9137,0.031630739569664,-0.22620627284049988
9138,0.41972070932388306,-0.21377068758010864
9139,0.4760425090789795,-0.21278735995292664
9140,-0.12231429666280746,-0.258604496717453
9141,-0.23113764822483063,-0.16574934124946594
9142,0.159349724650383,-0.19618049263954163
9143,0.21990855038166046,-0.23281949758529663
9144,-0.41419899463653564,-0.22038885951042175
9145,0.01719032973051071,-0.16951030492782593
9146,-0.4362756013870239,-0.06301110982894897
9147,-0.07251110672950745,-0.022627413272857666
9148,-0.5865005254745483,0.06675088405609131
9149,-0.9983000159263611,0.29310983419418335
9150,-0.7583677768707275,0.5960625410079956
9151,1.023208737373352,0.29138243198394775
9152,0.008814424276351929,-0.02279031276702881
9153,-0.5024815797805786,-0.12489789724349976
9154,-0.6318570971488953,-0.03680795431137085
9155,-0.19802191853523254,0.3431088924407959
9156,-0.12091992795467377,0.012642085552215576
9157,-0.2184273898601532,-0.03832602500915527
9158,-0.9641372561454773,0.4974607229232788
9159,0.06968022882938385,0.30931556224823
9160,0.14746512472629547,0.26273638010025024
9161,0.40011680126190186,-0.04471921920776367
9162,0.09632217884063721,-0.031451284885406494
9163,0.2561948299407959,-0.11631786823272705
9164,0.39675432443618774,0.008821547031402588
9165,0.5060256123542786,-0.1950906217098236
9166,-0.45134472846984863,-0.05594390630722046
9167,-0.4352594017982483,-0.12733763456344604
9168,0.47123104333877563,-0.19846710562705994
9169,-0.5008416771888733,-0.12647688388824463
9170,0.5889544486999512,-0.15983709692955017
9171,-0.8174957036972046,0.009033799171447754
9172,0.7646698951721191,-0.11743074655532837
9173,-0.15421852469444275,-0.2685801386833191
9174,0.7531084418296814,-0.12471437454223633
9175,0.3984737992286682,0.006752312183380127
9176,-0.2399725615978241,0.28147071599960327
9177,0.029791787266731262,-0.22509852051734924
9178,-0.14502093195915222,-0.17616146802902222
9179,0.5551632046699524,-0.23309457302093506
9180,0.03090706467628479,-0.24423202872276306
9181,0.4555938243865967,-0.23326337337493896
9182,0.5632103681564331,-0.17018035054206848
9183,0.33066326379776,-0.1296595335006714
9184,0.5395285487174988,-0.15145963430404663
9185,0.23550628125667572,-0.2593481242656708
9186,-0.4738130569458008,-0.06687933206558228
9187,-0.187692329287529,-0.2491740882396698
9188,-0.36326920986175537,-0.19820290803909302
9189,0.26064229011535645,-0.26127082109451294
9190,0.4772525429725647,-0.11429566144943237
9191,0.41848617792129517,-0.21097245812416077
9192,0.23379968106746674,-0.21892404556274414
9193,0.06455095112323761,-0.1870778501033783
9194,-0.272342324256897,-0.275030255317688
9195,-0.4252309203147888,-0.23368823528289795
9196,0.16524524986743927,-0.2609424591064453
9197,0.3223112225532532,-0.2854120433330536
9198,-0.24563448131084442,-0.22521236538887024
9199,-0.3396141529083252,-0.2738727629184723
9200,0.5101889371871948,-0.18354856967926025
9201,0.43130868673324585,-0.2503502070903778
9202,0.40653491020202637,-0.31551364064216614
9203,0.4529828429222107,-0.24240648746490479
9204,-0.07987366616725922,-0.11853522062301636
9205,0.30833810567855835,-0.2476852536201477
9206,-0.3101453185081482,-0.19466474652290344
9207,0.84187251329422,-0.07061415910720825
9208,-0.46075379848480225,-0.26793935894966125
9209,-0.4049457311630249,-0.24727237224578857
9210,0.13264469802379608,-0.24822890758514404
9211,0.30851203203201294,-0.3005179762840271
9212,-0.11202199757099152,-0.27110955119132996
9213,0.5225094556808472,-0.2586897611618042
9214,-0.036744244396686554,-0.2583483159542084
9215,0.6984187364578247,-0.16170087456703186
9216,-0.013001762330532074,-0.20202600955963135
9217,0.39740532636642456,-0.20127958059310913
9218,-0.27868637442588806,-0.038576722145080566
9219,0.13222558796405792,-0.21705135703086853
9220,-0.37754952907562256,-0.1448163390159607
9221,0.10328426957130432,-0.23303768038749695
9222,0.3692721724510193,-0.19286194443702698
9223,-0.26652008295059204,-0.24353384971618652
9224,-0.5674237012863159,-0.14344549179077148
9225,0.2110009342432022,-0.20916998386383057
9226,-0.3742479085922241,-0.24217891693115234
9227,0.03691878914833069,-0.24215272068977356
9228,0.2820609211921692,-0.2507075369358063
9229,0.7610872983932495,-0.12410444021224976
9230,0.05146797001361847,-0.19787678122520447
9231,0.1689394861459732,-0.2566401958465576
9232,0.04627542197704315,-0.26130610704421997
9233,-0.2628554105758667,-0.2294480800628662
9234,0.36979520320892334,-0.2475247085094452
9235,0.4438652992248535,-0.2743489742279053
9236,0.12786686420440674,-0.22835397720336914
9237,-0.32885250449180603,-0.25401321053504944
9238,-0.2218480408191681,-0.2331240177154541
9239,-0.1339682638645172,-0.2523592710494995
9240,0.3638576865196228,-0.2602313160896301
9241,0.39087361097335815,-0.2777882516384125
9242,-0.08598119020462036,-0.26706141233444214
9243,0.47356116771698,-0.24677148461341858
9244,-0.14702311158180237,-0.24502882361412048
9245,-0.22037245333194733,-0.2667699456214905
9246,0.06499932706356049,-0.26440688967704773
9247,0.27194786071777344,-0.21462231874465942
9248,-0.13971880078315735,-0.26552462577819824
9249,0.3799412250518799,-0.2649434804916382
9250,0.05570027232170105,-0.1860262155532837
9251,-0.2620760202407837,-0.2645303010940552
9252,0.01622931659221649,-0.25743794441223145
9253,-0.010603003203868866,-0.19312775135040283
9254,0.18507127463817596,-0.0946359634399414
9255,-0.25572165846824646,-0.20215889811515808
9256,-0.4123801589012146,-0.03524559736251831
9257,0.7797468900680542,-0.11524438858032227
9258,-0.275271475315094,-0.19516602158546448
9259,-0.07944352924823761,-0.24450978636741638
9260,0.3473249077796936,-0.2521762251853943
9261,0.2793425917625427,-0.25753405690193176
9262,-0.40163683891296387,-0.23749053478240967
9263,-0.3202030658721924,-0.1552528738975525
9264,0.2800333499908447,-0.27959051728248596
9265,-0.040667466819286346,-0.2424389123916626
9266,-0.16183049976825714,-0.2984007000923157
9267,0.6817365288734436,-0.16783839464187622
9268,0.34147876501083374,-0.30202871561050415
9269,0.27858227491378784,-0.29132896661758423
9270,-0.14664870500564575,-0.1753702461719513
9271,-0.14091786742210388,-0.29977795481681824
9272,0.5419968366622925,-0.25936537981033325
9273,0.4095553159713745,-0.2817179262638092
9274,-0.2131304144859314,-0.2394276261329651
9275,0.3676756024360657,-0.2930249869823456
9276,0.2528228759765625,-0.3082769513130188
9277,0.1163889616727829,-0.3337472975254059
9278,-0.11968490481376648,-0.24846449494361877
9279,0.2089400440454483,-0.3133610486984253
9280,0.2725052833557129,-0.2968815565109253
9281,0.313762903213501,-0.3130236566066742
9282,0.27081871032714844,-0.26867109537124634
9283,-0.16935917735099792,-0.24765744805335999
9284,0.06682363152503967,-0.2539896070957184
9285,0.08575853705406189,-0.2514898180961609
9286,-0.17350567877292633,-0.2959185242652893
9287,0.30177807807922363,-0.27494335174560547
9288,0.15793682634830475,-0.3055747449398041
9289,0.11518065631389618,-0.29087376594543457
9290,-0.20959867537021637,-0.23895815014839172
9291,-0.23417489230632782,-0.26213404536247253
9292,0.3068804144859314,-0.2632313370704651
9293,0.18618424236774445,-0.27478593587875366
9294,0.24899519979953766,-0.26046478748321533
9295,-0.2795986235141754,-0.2659875452518463
9296,-0.03621862828731537,-0.2666696608066559
9297,-0.21082696318626404,-0.2978588342666626
9298,0.20845909416675568,-0.23616129159927368
9299,-0.07919471710920334,-0.2542509436607361
9300,0.24444152414798737,-0.3013152778148651
9301,0.27724140882492065,-0.2799380123615265
9302,0.2945486903190613,-0.2701692283153534
9303,-0.27230602502822876,-0.2900402843952179
9304,0.13918353617191315,-0.3141307830810547
9305,-0.017271406948566437,-0.30315589904785156
9306,0.012288928031921387,-0.29574233293533325
9307,0.22353722155094147,-0.29891732335090637
9308,-0.17275124788284302,-0.23660388588905334
9309,0.09921123087406158,-0.28099527955055237
9310,0.5436208248138428,-0.17604929208755493
9311,0.2472570389509201,-0.154158353805542
9312,0.2511703372001648,-0.21256911754608154
9313,0.11596381664276123,-0.25158339738845825
9314,0.13813035190105438,-0.26280805468559265
9315,0.07938887178897858,-0.2299107313156128
9316,-0.19968071579933167,-0.2697773575782776
9317,0.03350813686847687,-0.28031718730926514
9318,-0.13177275657653809,-0.27523231506347656
9319,-0.1513546109199524,-0.1994783580303192
9320,0.6419381499290466,-0.19440233707427979
9321,0.13181735575199127,-0.19601622223854065
9322,0.28019988536834717,-0.2618725597858429
9323,-0.007223434746265411,-0.30060845613479614
9324,0.2691468596458435,-0.2745743691921234
9325,-0.6312480568885803,-0.15082868933677673
9326,0.33413684368133545,-0.1606784462928772
9327,0.45330309867858887,-0.1849469244480133
9328,0.5840947031974792,-0.16461795568466187
9329,-0.07900898158550262,-0.22495689988136292
9330,-0.1771174669265747,-0.1067611575126648
9331,0.25462013483047485,-0.26398637890815735
9332,0.3504033088684082,-0.26438745856285095
9333,0.3674934506416321,-0.21982187032699585
9334,-0.16261273622512817,-0.17933854460716248
9335,0.1641673594713211,-0.17582818865776062
9336,0.6129783987998962,-0.16879543662071228
9337,0.6793001890182495,-0.0004653334617614746
9338,0.09750901162624359,-0.11865133047103882
9339,0.8545799851417542,0.19288522005081177
9340,1.423841118812561,1.1259167194366455
9341,0.6596836447715759,0.9136184453964233
9342,-0.4457361698150635,0.3635261058807373
9343,0.12302440404891968,0.1381435990333557
9344,-0.7408363223075867,0.24269163608551025
9345,0.7862204909324646,0.04593414068222046
9346,0.3295472264289856,0.05825763940811157
9347,-0.27545052766799927,-0.06229656934738159
9348,-0.12428760528564453,-0.08614665269851685
9349,0.43875211477279663,-0.0443652868270874
9350,-0.20737215876579285,0.12694817781448364
9351,0.44241273403167725,-0.11970645189285278
9352,-0.08205348253250122,0.08535772562026978
9353,0.6756809949874878,-0.007002294063568115
9354,-0.5293865203857422,-0.0720527172088623
9355,0.3864631652832031,-0.09908217191696167
9356,0.2308887392282486,-0.1517772376537323
9357,-0.14026403427124023,-0.2288479208946228
9358,-0.23546090722084045,-0.22407832741737366
9359,-0.71822589635849,-0.07360434532165527
9360,-0.5382735729217529,-0.08058333396911621
9361,0.41415584087371826,-0.1290121078491211
9362,0.5092833042144775,-0.2149815857410431
9363,-0.06877722591161728,-0.2702488601207733
9364,-0.3314289450645447,-0.23867744207382202
9365,0.6841003894805908,-0.1733931005001068
9366,0.7647541165351868,-0.11889374256134033
9367,-0.2228662669658661,-0.17631158232688904
9368,0.15697048604488373,0.2686680555343628
9369,-0.37130802869796753,-0.21013224124908447
9370,0.800972580909729,-0.09541791677474976
9371,0.9551927447319031,-0.001965939998626709
9372,0.7672684788703918,0.47071969509124756
9373,-0.7686237096786499,-0.040072858333587646
9374,0.9587025046348572,0.07538765668869019
9375,0.06224697828292847,-0.039900779724121094
9376,-0.27300959825515747,-0.11631816625595093
9377,-0.15368527173995972,-0.25144681334495544
9378,-0.4358510375022888,0.09819108247756958
9379,-0.5659889578819275,-0.09113115072250366
9380,0.43363821506500244,-0.16420868039131165
9381,0.20663361251354218,-0.2361331582069397
9382,0.21619604527950287,-0.1988479197025299
9383,-0.642120897769928,-0.152104914188385
9384,-0.4170449376106262,-0.10024899244308472
9385,0.308413028717041,-0.2399609386920929
9386,-0.3679450750350952,-0.20033013820648193
9387,0.5266537666320801,-0.18253076076507568
9388,0.3571605682373047,-0.25848081707954407
9389,0.22456879913806915,-0.293434739112854
9390,1.0905052423477173,0.0801282525062561
9391,0.2712268829345703,-0.15609070658683777
9392,0.5349777340888977,-0.22657611966133118
9393,-0.5991196036338806,-0.17064964771270752
9394,0.15695489943027496,-0.2240021526813507
9395,1.035607099533081,0.08723831176757812
9396,-0.2616118788719177,-0.1544230580329895
9397,-0.5931993126869202,-0.17798548936843872
9398,0.14718307554721832,-0.20404484868049622
9399,-0.27018558979034424,-0.19798660278320312
9400,-0.10816878080368042,-0.2203654944896698
9401,0.024561673402786255,-0.26574158668518066
9402,0.1505742222070694,-0.269115686416626
9403,-0.06264416873455048,-0.24796119332313538
9404,0.31011611223220825,-0.14346283674240112
9405,-0.20279988646507263,-0.21901553869247437
9406,0.12761779129505157,-0.13902705907821655
9407,0.2748226523399353,-0.25719010829925537
9408,-0.7584800124168396,-0.04514878988265991
9409,-0.006155200302600861,-0.1400761604309082
9410,0.5321837067604065,-0.01702958345413208
9411,0.1691470891237259,-0.20492494106292725
9412,0.21528811752796173,-0.16175472736358643
9413,0.6214443445205688,0.06134963035583496
9414,-0.3523271977901459,-0.13773328065872192
9415,0.07658560574054718,-0.19944727420806885
9416,0.46296584606170654,-0.18339750170707703
9417,0.03633210062980652,-0.2283397912979126
9418,-0.31799638271331787,-0.20568513870239258
9419,-0.17436963319778442,-0.20653802156448364
9420,0.20178617537021637,-0.20006141066551208
9421,-0.19647619128227234,-0.18767842650413513
9422,0.006767876446247101,-0.054545819759368896
9423,-0.0859273225069046,-0.09627950191497803
9424,0.4187277555465698,-0.19263321161270142
9425,-0.2552602291107178,-0.187272846698761
9426,0.1603553742170334,-0.1649031937122345
9427,0.4235273003578186,-0.05039525032043457
9428,0.0661509782075882,-0.10682153701782227
9429,-0.2543761730194092,-0.23864465951919556
9430,-0.5030179619789124,-0.16242438554763794
9431,-0.4936666488647461,0.023597896099090576
9432,0.37885934114456177,-0.1027711033821106
9433,-0.21632975339889526,-0.17819637060165405
9434,0.10828539729118347,-0.20950594544410706
9435,0.8139292001724243,0.05793637037277222
9436,-0.6182051301002502,-0.06100594997406006
9437,1.6503487825393677,0.4195289611816406
9438,-1.3093538284301758,0.46060848236083984
9439,0.09971022605895996,-0.05663776397705078
9440,-0.4358070492744446,0.08058124780654907
9441,-0.008718177676200867,-0.1231231689453125
9442,0.8491402864456177,-0.06942063570022583
9443,0.23409371078014374,-0.0555189847946167
9444,-0.21582186222076416,-0.1350274682044983
9445,-0.3820430040359497,0.023565471172332764
9446,0.2872675061225891,0.027573466300964355
9447,-0.836255669593811,0.5084867477416992
9448,0.5382259488105774,-0.039007365703582764
9449,-0.8648515939712524,0.052510857582092285
9450,0.518476128578186,0.052149176597595215
9451,0.10773314535617828,-0.12037289142608643
9452,-0.2814509868621826,-0.09332501888275146
9453,-0.026339448988437653,-0.10116249322891235
9454,0.40535426139831543,-0.221166729927063
9455,-1.209298014640808,0.36874890327453613
9456,0.7265331745147705,-0.046995341777801514
9457,0.819057285785675,-0.08495640754699707
9458,0.3660329580307007,0.005560874938964844
9459,0.6256003379821777,-0.1396685242652893
9460,-0.5391311645507812,-0.11698359251022339
9461,-0.07594968378543854,0.07244211435317993
9462,-0.8124406337738037,-0.0012243986129760742
9463,0.07755883038043976,-0.04288280010223389
9464,0.19718106091022491,-0.21995386481285095
9465,-0.4203362464904785,-0.19564199447631836
9466,0.23031534254550934,-0.12307268381118774
9467,-0.8247728943824768,0.019165754318237305
9468,1.0162196159362793,0.03508269786834717
9469,0.42200785875320435,-0.1476426124572754
9470,-0.2880714535713196,-0.11955171823501587
9471,-0.4337460398674011,-0.16957545280456543
9472,0.7156161069869995,-0.14991706609725952
9473,-0.09308680891990662,-0.27714163064956665
9474,0.6185951828956604,-0.19578546285629272
9475,-0.011287719011306763,-0.22695034742355347
9476,0.245020791888237,-0.1947292685508728
9477,0.38623642921447754,-0.21793785691261292
9478,0.354719340801239,-0.06975537538528442
9479,0.5930496454238892,-0.1084892749786377
9480,0.2095550149679184,-0.12934118509292603
9481,-0.9547809362411499,0.14142519235610962
9482,-0.3349217176437378,-0.14094239473342896
9483,-0.362646222114563,-0.22063305974006653
9484,-0.3864240050315857,-0.1872161626815796
9485,-0.1529463827610016,-0.21364101767539978
9486,-0.18961572647094727,-0.06164151430130005
9487,0.94547039270401,0.0023166537284851074
9488,-0.7836772799491882,0.0750390887260437
9489,0.033389151096343994,-0.1984252631664276
9490,0.482033908367157,-0.264690637588501
9491,0.6025224328041077,-0.20763754844665527
9492,0.26214802265167236,-0.22962543368339539
9493,-0.016169168055057526,-0.2437461018562317
9494,-0.29409903287887573,-0.2256941795349121
9495,0.11330054700374603,-0.2854565382003784
9496,0.5502435564994812,-0.23740041255950928
9497,0.21996675431728363,-0.27882009744644165
9498,-0.15724195539951324,-0.2794974446296692
9499,0.5201741456985474,-0.25813615322113037
9500,0.23668457567691803,-0.2506940960884094
9501,0.05565449595451355,-0.1665516495704651
9502,0.24671517312526703,0.056543171405792236
9503,-0.321438193321228,-0.04365277290344238
9504,0.5364546179771423,-0.13597118854522705
9505,-0.10685345530509949,-0.2154735028743744
9506,-0.42168110609054565,-0.17096355557441711
9507,0.2855059504508972,-0.15491878986358643
9508,0.3509135842323303,-0.20894068479537964
9509,0.6798223257064819,-0.17067357897758484
9510,0.4737410545349121,-0.13452154397964478
9511,-0.31829607486724854,-0.12477153539657593
9512,-0.40072619915008545,-0.14570701122283936
9513,0.10599105060100555,-0.19153141975402832
9514,0.4655914902687073,-0.20600783824920654
9515,0.3135617971420288,-0.2135952115058899
9516,0.30459916591644287,-0.14682623744010925
9517,-0.10812844336032867,-0.12761318683624268
9518,0.3575538396835327,-0.06917029619216919
9519,0.34488046169281006,-0.053123533725738525
9520,0.8256432414054871,0.015008389949798584
9521,0.06752640008926392,-0.09272122383117676
9522,0.5963270664215088,0.16514098644256592
9523,0.24825121462345123,-0.10930657386779785
9524,0.12330830097198486,-0.074668288230896
9525,-0.37921029329299927,-0.1416410207748413
9526,0.4418545961380005,-0.15625077486038208
9527,-0.31917643547058105,-0.15471190214157104
9528,0.3142111301422119,-0.12299245595932007
9529,0.8268199563026428,-0.07247459888458252
9530,-0.3178017735481262,-0.17496466636657715
9531,0.025702103972434998,-0.14770907163619995
9532,0.3240453004837036,-0.058736205101013184
9533,0.14755453169345856,0.09438931941986084
9534,-0.9616743922233582,0.14130306243896484
9535,-0.3938090205192566,-0.11726570129394531
9536,0.6127351522445679,-0.12754768133163452
9537,-0.9349076151847839,0.11682915687561035
9538,0.38760149478912354,-0.16165414452552795
9539,-0.4915931820869446,-0.1533319354057312
9540,0.2885756492614746,-0.1755870282649994
9541,-0.04741834104061127,-0.17083904147148132
9542,-0.36480003595352173,0.0874793529510498
9543,1.075968623161316,0.0712965726852417
9544,-0.16364087164402008,-0.15309077501296997
9545,0.34165847301483154,-0.23001635074615479
9546,1.506321668624878,0.3322148323059082
9547,0.37354475259780884,0.3383216857910156
9548,-0.37356001138687134,-0.0011867880821228027
9549,0.7538822293281555,0.11306953430175781
9550,0.5287380218505859,-0.11896282434463501
9551,-0.18843993544578552,-0.15583524107933044
9552,0.12325067818164825,-0.13997161388397217
9553,0.5314433574676514,-0.1273348331451416
9554,-0.6070458889007568,-0.11205238103866577
9555,0.10837112367153168,-0.17570096254348755
9556,-0.6087328791618347,-0.18350842595100403
9557,0.2622132897377014,-0.12862926721572876
9558,-0.28401628136634827,-0.15065708756446838
9559,0.5275110602378845,-0.0893334150314331
9560,-0.34946319460868835,-0.15937456488609314
9561,-0.751276969909668,-0.05749189853668213
9562,0.6202081441879272,-0.10245603322982788
9563,0.08441336452960968,-0.11413168907165527
9564,0.5618984699249268,-0.1061246395111084
9565,0.1379532366991043,-0.1538602113723755
9566,-0.1288788914680481,-0.17634254693984985
9567,0.09274886548519135,-0.27995750308036804
9568,0.3646739721298218,-0.2814544439315796
9569,0.12300118803977966,-0.25803402066230774
9570,0.16993354260921478,-0.23297053575515747
9571,-0.3381049931049347,-0.22561413049697876
9572,0.49437958002090454,-0.2849612534046173
9573,0.04517866671085358,-0.2661600112915039
9574,-0.2773923873901367,-0.250156432390213
9575,-0.13301624357700348,-0.24823230504989624
9576,0.33574360609054565,-0.2948857247829437
9577,0.2383967489004135,-0.21759170293807983
9578,0.6981626749038696,-0.16391077637672424
9579,-0.7326664924621582,-0.06884819269180298
9580,-0.057952266186475754,-0.19379112124443054
9581,0.3479890823364258,-0.3026147186756134
9582,0.5065221786499023,-0.2804618775844574
9583,-0.2176540195941925,-0.2315768599510193
9584,0.4058878421783447,-0.19594570994377136
9585,-0.23580023646354675,-0.11386966705322266
9586,-0.3027840852737427,-0.18243873119354248
9587,0.052027612924575806,-0.1972620189189911
9588,-0.19729937613010406,-0.1955651342868805
9589,0.0896243304014206,-0.2323211431503296
9590,-0.002183951437473297,-0.23472923040390015
9591,0.16312985122203827,-0.16099858283996582
9592,0.5780044198036194,-0.21696147322654724
9593,0.5251190662384033,-0.2508801519870758
9594,-0.0015343651175498962,-0.18004187941551208
9595,0.01419779658317566,-0.25510701537132263
9596,2.1762332916259766,0.764031171798706
9597,-0.4591516852378845,0.1733120083808899
9598,-0.09378891438245773,-0.0730162262916565
9599,-0.05663437023758888,-0.11634188890457153
9600,-0.07130034267902374,-0.2076306939125061
9601,0.6096863150596619,-0.19774916768074036
9602,-0.4045327305793762,-0.13837939500808716
9603,0.3132167458534241,-0.2338695526123047
9604,-0.28574806451797485,-0.23111817240715027
9605,0.440548300743103,-0.21431201696395874
9606,0.16822536289691925,-0.2477465271949768
9607,0.013841740787029266,-0.11182546615600586
9608,0.07994833588600159,-0.23911383748054504
9609,-0.2013998180627823,-0.1713176667690277
9610,-0.41863346099853516,-0.14410430192947388
9611,0.2828482985496521,-0.1964375376701355
9612,0.2161353975534439,-0.19988688826560974
9613,0.310796856880188,-0.13753807544708252
9614,0.23040978610515594,-0.1260206699371338
9615,0.026729539036750793,-0.19042310118675232
9616,0.6339929103851318,-0.09107881784439087
9617,0.2975243330001831,-0.09078001976013184
9618,0.4082415699958801,0.043070197105407715
9619,0.19398806989192963,0.09260678291320801
9620,0.3791826367378235,-0.06988358497619629
9621,0.2903673052787781,0.2907319664955139
9622,1.0273693799972534,0.46889960765838623
9623,0.3156566023826599,0.2590891718864441
9624,0.13791784644126892,0.21415001153945923
9625,-0.5464527606964111,0.11586594581604004
9626,1.1501100063323975,0.2115355134010315
9627,-0.564738392829895,0.10491818189620972
9628,-0.3066050410270691,0.2280653715133667
9629,-0.6531262993812561,0.15616953372955322
9630,0.25688695907592773,0.08619999885559082
9631,-0.8374999165534973,0.2165204882621765
9632,-0.8017804622650146,0.36169958114624023
9633,0.7696780562400818,0.3689596652984619
9634,-0.2432047724723816,0.0716860294342041
9635,0.9297721982002258,-0.017921626567840576
9636,-0.2310231626033783,0.0078238844871521
9637,0.5311870574951172,-0.12189239263534546
9638,0.49502724409103394,-0.049706220626831055
9639,-0.027899757027626038,-0.03017258644104004
9640,0.24951045215129852,-0.14294248819351196
9641,0.3722553253173828,-0.07075822353363037
9642,-0.3883811831474304,-0.15324866771697998
9643,-0.5245164036750793,0.00955343246459961
9644,-0.002407558262348175,-0.07586044073104858
9645,0.1252678632736206,0.17023766040802002
9646,1.4593685865402222,0.3030983805656433
9647,0.4014694094657898,-0.029348015785217285
9648,-0.5850988030433655,0.014065146446228027
9649,0.20773614943027496,0.1871768832206726
9650,0.5605981945991516,-0.12928879261016846
9651,1.784951090812683,0.5010682344436646
9652,1.9095383882522583,1.46963369846344
9653,1.1418023109436035,1.212887167930603
9654,-1.0649563074111938,0.7292358875274658
9655,-0.7406975626945496,0.2582523226737976
9656,1.3459118604660034,0.9950478076934814
9657,-0.5459800362586975,0.21208584308624268
9658,1.1089617013931274,0.3078007102012634
9659,0.39979153871536255,0.07780331373214722
9660,-0.40115535259246826,-0.043998539447784424
9661,-0.23061762750148773,-0.03323239088058472
9662,1.3674564361572266,0.246082603931427
9663,-0.6601656079292297,-0.0570751428604126
9664,0.6073863506317139,-0.20742830634117126
9665,0.3478468656539917,-0.04965353012084961
9666,-0.40066832304000854,-0.038857460021972656
9667,0.2395893782377243,-0.10506612062454224
9668,-0.30319851636886597,-0.09511476755142212
9669,-0.3144374489784241,-0.11428701877593994
9670,0.4864266514778137,-0.15135452151298523
9671,-0.6827732920646667,-0.12060385942459106
9672,-0.3673210144042969,0.017827928066253662
9673,-0.3431572914123535,-0.054459571838378906
9674,0.616005539894104,-0.17247751355171204
9675,0.462574303150177,-0.18415352702140808
9676,0.4715927243232727,-0.14135736227035522
9677,0.32187819480895996,-0.11010324954986572
9678,0.8290812373161316,0.042065441608428955
9679,-0.15605607628822327,-0.03484135866165161
9680,-0.1821407973766327,-0.1726643145084381
9681,0.3469035029411316,-0.15304529666900635
9682,-0.09238756448030472,-0.21549999713897705
9683,-0.11643427610397339,-0.1526891589164734
9684,-0.22117085754871368,-0.1289292573928833
9685,0.23463837802410126,-0.18362104892730713
9686,-0.5795053839683533,-0.17099210619926453
9687,0.6128073334693909,-0.2163364589214325
9688,0.6690059304237366,-0.17267993092536926
9689,0.17216144502162933,-0.20029208064079285
9690,-0.3334695100784302,-0.1574355661869049
9691,0.2804868817329407,-0.16387468576431274
9692,-0.32365310192108154,-0.17730370163917542
9693,0.32172638177871704,-0.06316608190536499
9694,-0.05656198039650917,-0.09875541925430298
9695,0.5159063935279846,-0.1556408405303955
9696,-0.46262192726135254,-0.10771393775939941
9697,0.6898610591888428,-0.08314752578735352
9698,0.9300574660301208,0.20968514680862427
9699,0.12110339105129242,0.04104572534561157
9700,0.03029705584049225,0.10407865047454834
9701,-0.38869959115982056,0.39206254482269287
9702,-0.1296364665031433,-0.06164807081222534
9703,0.7000847458839417,-0.11747241020202637
9704,0.5224472880363464,0.048696279525756836
9705,-0.14035551249980927,-0.10780823230743408
9706,-0.28721386194229126,-0.11925095319747925
9707,0.21461661159992218,-0.047893404960632324
9708,-0.249437153339386,-0.05307483673095703
9709,-0.14314177632331848,-0.1148189902305603
9710,-0.6080864071846008,0.06021958589553833
9711,0.20299752056598663,-0.1667262613773346
9712,0.38661760091781616,-0.08637374639511108
9713,0.4779960513114929,-0.13862907886505127
9714,-0.27746713161468506,-0.003610074520111084
9715,0.3371227979660034,-0.26479557156562805
9716,-0.04440997540950775,-0.15392059087753296
9717,-0.06683516502380371,-0.1710280179977417
9718,-0.611778974533081,-0.13973313570022583
9719,0.2775827646255493,0.21056348085403442
9720,-0.43275463581085205,-0.04259520769119263
9721,0.44998496770858765,-0.13618820905685425
9722,0.31887906789779663,-0.1112639307975769
9723,0.7067688703536987,-0.09747421741485596
9724,-0.8211811780929565,0.4044877290725708
9725,-0.24725916981697083,-0.01637500524520874
9726,0.4670765995979309,0.09128516912460327
9727,-0.9094668626785278,0.15044617652893066
9728,0.6809694170951843,-0.07943189144134521
9729,0.6493363976478577,-0.15789219737052917
9730,-0.7816930413246155,-0.024599671363830566
9731,0.9537228941917419,-0.0030980706214904785
9732,-0.4585004448890686,-0.023975908756256104
9733,0.57882159948349,-0.05697232484817505
9734,0.07539060711860657,-0.08975672721862793
9735,2.4900200366973877,0.9285719394683838
9736,0.9953463673591614,0.7617212533950806
9737,-0.050034135580062866,0.32651209831237793
9738,2.1066408157348633,0.8385618925094604
9739,0.12159846723079681,0.44714176654815674
9740,0.8792969584465027,0.346081018447876
9741,0.6214224100112915,0.5452996492385864
9742,-0.785165548324585,0.33009451627731323
9743,-0.5375311970710754,0.6078277826309204
9744,-0.5720459818840027,0.32440948486328125
9745,0.9979515671730042,0.26870375871658325
9746,0.9712967276573181,0.11913460493087769
9747,-0.7997877597808838,-0.010626733303070068
9748,-0.01817077398300171,0.052682578563690186
9749,0.1167176216840744,-0.10610473155975342
9750,0.6499677300453186,-0.002904355525970459
9751,0.09419378638267517,-0.13114166259765625
9752,0.4209400415420532,-0.03632175922393799
9753,0.07448276877403259,-0.06435000896453857
9754,0.747930109500885,0.008542180061340332
9755,4.061259746551514,3.4151954650878906
9756,2.109436273574829,1.150884985923767
9757,-0.057517584413290024,1.0676915645599365
9758,0.2103693038225174,0.5306533575057983
9759,-0.2382563054561615,0.7134376764297485
9760,0.5383294224739075,0.06509292125701904
9761,0.5207253694534302,0.08777236938476562
9762,0.29214924573898315,0.3529921770095825
9763,-0.8367246985435486,0.18710798025131226
9764,-0.23171910643577576,0.21052533388137817
9765,0.9605208039283752,0.09665781259536743
9766,-0.5737095475196838,0.15285223722457886
9767,-1.51261568069458,0.6470444202423096
9768,0.29554009437561035,0.2894102931022644
9769,0.7473313808441162,-0.0610501766204834
9770,0.7832465171813965,0.1812518835067749
9771,1.402583360671997,0.2734073996543884
9772,0.11149093508720398,0.1146857738494873
9773,0.12716421484947205,0.14859819412231445
9774,0.5601958632469177,0.09001976251602173
9775,0.8288922309875488,0.2756110429763794
9776,0.1321973353624344,0.16660642623901367
9777,0.6535531878471375,0.17764580249786377
9778,-0.5527480244636536,0.19259393215179443
9779,0.25638723373413086,0.0014773011207580566
9780,-0.015792638063430786,-0.0039064884185791016
9781,0.5161089301109314,-0.030120551586151123
9782,-0.8179029822349548,0.11857521533966064
9783,0.23759840428829193,-0.06008702516555786
9784,0.2547754645347595,0.23385661840438843
9785,1.2727652788162231,0.20536595582962036
9786,0.952724277973175,0.404313325881958
9787,0.4474183917045593,0.43701207637786865
9788,0.9351270794868469,0.7946014404296875
9789,-0.5496106147766113,0.970777153968811
9790,0.6371716260910034,0.47012102603912354
9791,0.15284086763858795,0.10511952638626099
9792,-1.2710000276565552,0.42423295974731445
9793,-1.2448433637619019,0.8749047517776489
9794,-0.9892592430114746,0.7808177471160889
9795,1.8073201179504395,0.5146927833557129
9796,0.31581807136535645,0.505058765411377
9797,-1.262961983680725,0.42016565799713135
9798,0.8197467923164368,0.349653422832489
9799,0.7862116098403931,0.2180810570716858
9800,0.5104765892028809,0.25337278842926025
9801,-0.052346453070640564,0.1608409881591797
9802,0.2432168871164322,0.0680895447731018
9803,0.9584189057350159,0.20718884468078613
9804,0.5697227120399475,0.45938217639923096
9805,-0.007490724325180054,0.21709686517715454
9806,-0.14019480347633362,0.2894265651702881
9807,0.8531252145767212,0.18241959810256958
9808,-0.3997402787208557,0.10023647546768188
9809,0.14516867697238922,0.2080841064453125
9810,-1.086431860923767,0.5961668491363525
9811,0.025831356644630432,0.3968343734741211
9812,0.0492158979177475,0.2051454782485962
9813,0.21258486807346344,0.2083539366722107
9814,1.2778127193450928,0.2182345986366272
9815,-1.0811958312988281,0.25113773345947266
9816,0.5252659916877747,0.015823185443878174
9817,1.8054696321487427,0.5134754180908203
9818,-0.007134631276130676,1.767020583152771
9819,-0.15666607022285461,0.40495002269744873
9820,-0.456764280796051,0.7731105089187622
9821,2.4703681468963623,0.9109797477722168
9822,-0.4191399812698364,0.9230880737304688
9823,1.0960990190505981,0.7016630172729492
9824,0.4697316288948059,0.9078800678253174
9825,-0.7182087302207947,0.8593310117721558
9826,-0.47931408882141113,1.5715450048446655
9827,2.4437270164489746,0.8980343341827393
9828,-1.9372648000717163,1.6450749635696411
9829,-4.264285087585449,3.170210361480713
9830,-0.05165057256817818,1.8514803647994995
9831,1.3484958410263062,0.9016891717910767
9832,-0.6247966289520264,0.6540498733520508
9833,0.9119893908500671,0.8519343137741089
9834,0.4216092824935913,0.5224889516830444
9835,1.1789251565933228,0.35525667667388916
9836,-0.4892868399620056,0.44959163665771484
9837,0.9344804883003235,0.11110246181488037
9838,0.8479435443878174,0.14866936206817627
9839,-1.1227997541427612,0.28585588932037354
9840,1.0410943031311035,0.06269228458404541
9841,0.3161747455596924,0.01350027322769165
9842,-0.6216022372245789,0.1278807520866394
9843,0.2699127793312073,0.08755433559417725
9844,0.24745948612689972,-0.06352502107620239
9845,0.914499819278717,0.12483841180801392
9846,-0.681563675403595,0.06157183647155762
9847,-0.5178329944610596,0.10106766223907471
9848,-1.1825364828109741,0.3396138548851013
9849,-1.0449435710906982,0.21198558807373047
9850,-0.5550139546394348,0.350800096988678
9851,0.9960328936576843,0.021290481090545654
9852,-1.9901138544082642,1.0856186151504517
9853,1.1207197904586792,0.09437686204910278
9854,-0.9425486326217651,0.1234285831451416
9855,-2.321573257446289,1.4773331880569458
9856,0.5582675933837891,0.6798839569091797
9857,1.217459797859192,0.1570926308631897
9858,1.131596565246582,0.10436749458312988
9859,-0.024706833064556122,0.023170053958892822
9860,-0.07673027366399765,-0.030137479305267334
9861,0.012494884431362152,-0.11337447166442871
9862,0.2986332178115845,-0.04120999574661255
9863,-0.23077932000160217,0.0033074617385864258
9864,-1.4295936822891235,0.5710030794143677
9865,1.2288838624954224,0.16401970386505127
9866,1.8896268606185913,0.5645914077758789
9867,0.6939544081687927,0.017198264598846436
9868,-0.04728922247886658,0.08067667484283447
9869,0.3324926495552063,-0.03672313690185547
9870,0.6300957202911377,0.12039387226104736
9871,0.27979087829589844,-0.044212281703948975
9872,-0.03544652462005615,0.03053295612335205
9873,-0.8074046969413757,-0.0024663209915161133
9874,0.7989258170127869,-0.09738504886627197
9875,0.2974391579627991,-0.1540735363960266
9876,-0.3076954782009125,-0.10489064455032349
9877,0.25934845209121704,0.12851858139038086
9878,0.443473756313324,0.03486597537994385
9879,-0.24774512648582458,0.04595029354095459
9880,-1.2161260843276978,0.5991741418838501
9881,-0.5718517899513245,0.19156169891357422
9882,-0.7391292452812195,0.125968337059021
9883,0.9861869215965271,0.05675077438354492
9884,0.14421594142913818,-0.10189288854598999
9885,0.23680917918682098,-0.12523406744003296
9886,-0.3628532886505127,0.04747021198272705
9887,0.7993480563163757,-0.09811198711395264
9888,0.7320423722267151,-0.14173614978790283
9889,-0.15086187422275543,-0.19474706053733826
9890,0.41002100706100464,-0.003038942813873291
9891,-0.29728901386260986,-0.05426830053329468
9892,-0.679123044013977,-0.10915637016296387
9893,0.3384678363800049,-0.1375073790550232
9894,0.26871591806411743,-0.10326117277145386
9895,-0.21070852875709534,-0.16365069150924683
9896,0.006893932819366455,-0.04156607389450073
9897,0.1550852507352829,0.1028175950050354
9898,0.20769484341144562,-0.10955119132995605
9899,0.4361215829849243,-0.03519564867019653
9900,0.8391417264938354,-0.0743945837020874
9901,0.23456119000911713,-0.017195284366607666
9902,-0.5539310574531555,-0.04457879066467285
9903,0.1858886331319809,-0.08662128448486328
9904,0.75186687707901,-0.1264331340789795
9905,-0.17676377296447754,-0.029790103435516357
9906,-0.4022296071052551,-0.0814065933227539
9907,0.22936351597309113,-0.1481497883796692
9908,-1.0553457736968994,0.22728514671325684
9909,0.2242458015680313,-0.033478617668151855
9910,-0.4317188262939453,0.09416627883911133
9911,-0.7264900207519531,0.2519211769104004
9912,-1.0487260818481445,0.37264692783355713
9913,0.27367812395095825,0.7695653438568115
9914,-0.356684148311615,0.28216248750686646
9915,-1.0078003406524658,0.22903788089752197
9916,-0.16578441858291626,0.33512425422668457
9917,1.258971929550171,0.17525553703308105
9918,0.8701042532920837,0.3014720678329468
9919,0.09120404720306396,-0.066922128200531
9920,-0.8906415700912476,0.0757487416267395
9921,-0.8966348171234131,0.07779383659362793
9922,-0.887005090713501,0.42104172706604004
9923,-0.5935202240943909,0.6005241870880127
9924,-1.476853847503662,0.9820934534072876
9925,0.5839675068855286,0.42077434062957764
9926,1.3991583585739136,0.26174843311309814
9927,0.25912702083587646,0.05086386203765869
9928,0.22532187402248383,-0.15156424045562744
9929,-0.6366237998008728,-0.04857546091079712
9930,0.9998324513435364,0.025079846382141113
9931,0.91582852602005,-0.028050363063812256
9932,-0.06928089261054993,-0.048573195934295654
9933,0.32407283782958984,-0.17660808563232422
9934,-0.10906913876533508,-0.1587609350681305
9935,-0.012978941202163696,-0.19068023562431335
9936,0.2106235772371292,-0.1979982554912567
9937,0.27768397331237793,-0.08007442951202393
9938,0.20515669882297516,-0.16265597939491272
9939,-0.6397924423217773,-0.0827454924583435
9940,0.6412505507469177,-0.19406065344810486
9941,0.12352466583251953,-0.2022458016872406
9942,-0.6735243797302246,-0.12414371967315674
9943,-0.048654768615961075,-0.19686952233314514
9944,-0.5298870205879211,-0.1342686414718628
9945,-0.9064978361129761,0.0907469391822815
9946,0.6473003625869751,-0.1613696813583374
9947,0.9692183136940002,0.0065988898277282715
9948,0.7902120351791382,-0.10684216022491455
9949,0.019367694854736328,-0.2414856255054474
9950,-0.3648720383644104,-0.1781197488307953
9951,0.3000263571739197,-0.2567325234413147
9952,0.20395831763744354,-0.2927730977535248
9953,0.21598072350025177,-0.27065661549568176
9954,-0.4945058226585388,-0.1794770359992981
9955,0.4632744789123535,-0.2845320403575897
9956,-0.06947657465934753,-0.2354935109615326
9957,0.7889053821563721,-0.10351061820983887
9958,-0.056930795311927795,-0.18703627586364746
9959,0.7193286418914795,0.0013546943664550781
9960,0.1912519484758377,-0.10785567760467529
9961,-0.5834532380104065,-0.19347617030143738
9962,0.2095063477754593,-0.18092700839042664
9963,0.18006040155887604,-0.14241361618041992
9964,0.6362619400024414,-0.08879250288009644
9965,0.3859668970108032,-0.09556823968887329
9966,-0.3404655456542969,-0.12125128507614136
9967,-0.3339438736438751,-0.14421874284744263
9968,0.5702407360076904,-0.1931735873222351
9969,0.7417567372322083,-0.12985634803771973
9970,-0.49995094537734985,-0.19116124510765076
9971,0.6611825227737427,-0.16735517978668213
9972,0.30149513483047485,-0.1489461064338684
9973,-0.08382420986890793,-0.2143842577934265
9974,0.03406858444213867,-0.18850946426391602
9975,-0.07026790827512741,-0.17732256650924683
9976,0.5959957242012024,-0.16696324944496155
9977,0.7565333843231201,-0.12816935777664185
9978,-0.11773773282766342,-0.06100201606750488
9979,-0.02325674146413803,-0.183638334274292
9980,0.19532598555088043,-0.21995079517364502
9981,-0.46139365434646606,-0.07505202293395996
9982,0.7725695967674255,-0.11766016483306885
9983,0.7082328796386719,0.0034158825874328613
9984,0.6269404888153076,0.5395106077194214
9985,-0.6296302676200867,-0.05551105737686157
9986,0.26123398542404175,-0.10223716497421265
9987,0.4374590516090393,0.1973423957824707
9988,0.07375012338161469,0.023795247077941895
9989,0.4018615484237671,-0.07193410396575928
9990,0.14944569766521454,0.053138136863708496
9991,-0.20170365273952484,-0.04233032464981079
9992,-0.34486937522888184,0.1112322211265564
9993,-0.015835456550121307,0.07114005088806152
9994,-0.10474352538585663,-0.10242140293121338
9995,-0.14626479148864746,-0.036286890506744385
9996,-0.37693101167678833,0.08618545532226562
9997,-0.19078820943832397,-0.08369523286819458
9998,0.7600893974304199,-0.014712214469909668
9999,-0.004883989691734314,-0.21583691239356995
10000,-0.27193206548690796,-0.02919161319732666
10001,-0.38068801164627075,0.08119058609008789
10002,0.7939126491546631,-0.09981632232666016
10003,0.2753264904022217,-0.1280806064605713
10004,-0.35204100608825684,-0.16700401902198792
10005,0.4468647837638855,-0.18674030900001526
10006,0.133861243724823,-0.11359846591949463
10007,0.7535736560821533,-0.0546916127204895
10008,0.3570004105567932,-0.034668922424316406
10009,0.6725753545761108,0.3002123236656189
10010,-1.193782091140747,0.4632073640823364
10011,0.6988763809204102,-0.07071202993392944
10012,0.9217182993888855,-0.0018756389617919922
10013,0.25078141689300537,0.16989845037460327
10014,0.37192052602767944,0.05029475688934326
10015,1.824442744255066,1.3102036714553833
10016,-1.3300895690917969,0.47964799404144287
10017,-0.16405120491981506,0.37551116943359375
10018,1.147050380706787,0.13334977626800537
10019,-0.2536291778087616,0.14674341678619385
10020,-1.2519657611846924,0.40789949893951416
10021,0.17078594863414764,-0.009666860103607178
10022,0.34464162588119507,0.11850243806838989
10023,0.22299446165561676,-0.04166245460510254
10024,-0.30253806710243225,-0.018627643585205078
10025,-1.02687668800354,0.20037490129470825
10026,0.39670252799987793,0.011883020401000977
10027,0.6316354870796204,-0.1411229968070984
10028,0.642924427986145,-0.15913045406341553
10029,0.16371910274028778,-0.12194907665252686
10030,0.21768443286418915,-0.12597167491912842
10031,0.9411465525627136,-0.013589680194854736
10032,-0.07745768129825592,-0.06360381841659546
10033,0.08854758739471436,-0.03154420852661133
10034,0.1431998461484909,-0.13912194967269897
10035,0.815295398235321,-0.02956676483154297
10036,-0.6625927090644836,0.01743370294570923
10037,-0.4340682625770569,-0.07754391431808472
10038,-0.020658880472183228,-0.08685004711151123
10039,0.7958593368530273,-0.09878665208816528
10040,-0.336490273475647,-0.14961281418800354
10041,0.09673944115638733,-0.16331267356872559
10042,-0.6383415460586548,-0.15775233507156372
10043,0.18327902257442474,-0.1321479082107544
10044,-1.5942691564559937,0.7221873998641968
10045,0.01749444007873535,-0.011962294578552246
10046,-0.3848267197608948,0.07189488410949707
10047,-0.46170109510421753,0.09624320268630981
10048,1.2519397735595703,0.17799723148345947
10049,-0.6470449566841125,-0.1489858627319336
10050,0.3704177141189575,-0.16009914875030518
10051,0.11117398738861084,-0.059554874897003174
10052,0.3324359059333801,-0.19063368439674377
10053,0.891071617603302,-0.03188776969909668
10054,0.5256361365318298,-0.023774564266204834
10055,0.4475586414337158,0.06228548288345337
10056,0.5770637392997742,-0.05621695518493652
10057,-0.8453805446624756,0.030306756496429443
10058,0.08605515956878662,-0.091286301612854
10059,0.4632664918899536,0.09116649627685547
10060,0.5461912751197815,0.1003372073173523
10061,0.10752549767494202,-0.044418275356292725
10062,0.5613781809806824,0.07061988115310669
10063,1.6970802545547485,0.45403242111206055
10064,-0.10179293900728226,0.22707313299179077
10065,-0.09432941675186157,0.23690694570541382
10066,1.3105685710906982,0.20862609148025513
10067,0.4640699028968811,0.29629212617874146
10068,2.6253914833068848,1.482380747795105
10069,-1.1097750663757324,0.938683032989502
10070,0.4558226466178894,0.40056097507476807
10071,0.5561398267745972,0.22166651487350464
10072,0.5204806923866272,0.3346354365348816
10073,0.6210840940475464,0.16683322191238403
10074,0.31106263399124146,0.4144566059112549
10075,1.5322482585906982,0.9483457803726196
10076,-1.6223825216293335,0.7713824510574341
10077,-0.4478304386138916,1.0454343557357788
10078,-1.1324055194854736,0.5107593536376953
10079,1.17549467086792,0.16700845956802368
10080,-0.676092267036438,0.08548039197921753
10081,0.1466391235589981,0.0030849575996398926
10082,1.2057656049728394,0.1429976224899292
10083,0.49866777658462524,0.1615810990333557
10084,1.1501113176345825,0.7107672691345215
10085,-0.038494937121868134,0.5105800628662109
10086,-1.2960407733917236,0.44249701499938965
10087,-0.4621430039405823,0.3807199001312256
10088,0.9900198578834534,0.09479504823684692
10089,0.19202323257923126,0.3992372751235962
10090,-0.4582864046096802,0.11622530221939087
10091,0.26739197969436646,0.1682734489440918
10092,0.7076392769813538,0.2938535213470459
10093,-0.7294113039970398,0.4067561626434326
10094,-0.8995186686515808,0.4155089855194092
10095,0.5880017280578613,0.10017138719558716
10096,0.5376234650611877,0.12146967649459839
10097,0.10729381442070007,-0.003500819206237793
10098,-0.30028393864631653,0.1405157446861267
10099,-0.8450136184692383,0.3363161087036133
10100,0.42138397693634033,0.1462072730064392
10101,-0.6512759327888489,0.09617394208908081
10102,0.841223955154419,0.01602119207382202
10103,-0.48650723695755005,0.27352190017700195
10104,0.05464756488800049,0.04825747013092041
10105,0.34171605110168457,-0.056538403034210205
10106,0.033689022064208984,0.05017024278640747
10107,-0.44445085525512695,0.05918830633163452
10108,0.4013511538505554,0.3138207197189331
10109,0.5569560527801514,0.5407702922821045
10110,0.2733023762702942,0.3475203514099121
10111,-1.3742049932479858,0.5172135829925537
10112,-1.7585515975952148,1.0668039321899414
10113,0.9137879014015198,0.4342000484466553
10114,-1.2913323640823364,0.44404923915863037
10115,-0.3880256414413452,0.3594520092010498
10116,-0.7345159649848938,0.43343138694763184
10117,-1.23195481300354,1.282910943031311
10118,-1.2211880683898926,0.3796027898788452
10119,2.087418556213379,0.6845015287399292
10120,-0.22149762511253357,0.14777255058288574
10121,1.0713369846343994,0.15853595733642578
10122,-0.2188235968351364,0.10962545871734619
10123,-0.7794100642204285,0.09225112199783325
10124,-0.5614495277404785,0.18125200271606445
10125,0.5288329124450684,-0.1008947491645813
10126,-0.6397998929023743,-0.010519921779632568
10127,0.7323199510574341,-0.10533350706100464
10128,-0.5220407247543335,0.07073789834976196
10129,-1.0809942483901978,0.25094062089920044
10130,0.2626721262931824,0.06668025255203247
10131,0.285057008266449,-0.09715491533279419
10132,0.25660234689712524,-0.13943201303482056
10133,0.16810406744480133,0.11786621809005737
10134,-1.2667982578277588,0.4215400218963623
10135,0.9553186297416687,0.22219139337539673
10136,0.9499241709709167,-0.007369518280029297
10137,-0.060823772102594376,-0.027919471263885498
10138,-0.48918408155441284,-0.08266526460647583
10139,0.5413550734519958,-0.16577938199043274
10140,0.26897120475769043,-0.10763943195343018
10141,0.20706577599048615,-0.1516432762145996
10142,-0.10158713161945343,0.010413587093353271
10143,0.36561042070388794,-0.15784615278244019
10144,0.02754668891429901,-0.201716810464859
10145,-0.13599523901939392,-0.15897583961486816
10146,-0.29870980978012085,-0.16220074892044067
10147,-0.47477126121520996,-0.15266260504722595
10148,0.5422976613044739,-0.2092714011669159
10149,0.0972820520401001,-0.19292312860488892
10150,-0.7420228123664856,-0.06509178876876831
10151,1.246346354484558,0.17460626363754272
10152,-1.2874449491500854,0.44049572944641113
10153,-0.23785847425460815,0.17887425422668457
10154,-1.0571447610855103,0.2846635580062866
10155,-0.11553049087524414,0.27274996042251587
10156,1.2007324695587158,0.14692175388336182
10157,-1.2620832920074463,0.4172111749649048
10158,-0.18351095914840698,0.09119021892547607
10159,-1.6535941362380981,0.776658296585083
10160,1.4562501907348633,0.2989642024040222
10161,-0.2853364944458008,0.11382877826690674
10162,-2.031189441680908,1.1233303546905518
10163,-0.07985139638185501,0.7075262069702148
10164,-0.1303044557571411,0.43734097480773926
10165,0.17782451212406158,0.11744213104248047
10166,-0.08391512185335159,0.4073582887649536
10167,1.3058593273162842,0.2316085696220398
10168,0.47971779108047485,0.04067319631576538
10169,0.10974836349487305,-0.08321446180343628
10170,0.6840391755104065,0.020851612091064453
10171,-0.22331351041793823,-0.04220849275588989
10172,-0.7210841774940491,-0.03896230459213257
10173,0.4659603238105774,-0.12270975112915039
10174,0.023235410451889038,0.11035317182540894
10175,-0.26442837715148926,-0.06861799955368042
10176,-0.10636597871780396,-0.027387142181396484
10177,0.3135562539100647,-0.10166049003601074
10178,-0.13816016912460327,0.04319816827774048
10179,0.20944596827030182,-0.09245562553405762
10180,-0.555315375328064,0.03751170635223389
10181,-0.3624047040939331,0.16296476125717163
10182,-0.2346436232328415,-0.012420713901519775
10183,0.5794421434402466,0.1416318416595459
10184,0.30020076036453247,0.20784735679626465
10185,-0.3211269974708557,-0.0653829574584961
10186,1.1992897987365723,0.1460675597190857
10187,-0.3402583599090576,-0.0024596452713012695
10188,-0.15794116258621216,-0.05613124370574951
10189,-0.44822609424591064,-0.09890514612197876
10190,0.253274142742157,-0.1289955973625183
10191,1.0200228691101074,0.03543984889984131
10192,0.19928677380084991,-0.006237149238586426
10193,-0.0634009838104248,-0.023609280586242676
10194,-0.32233160734176636,0.002329111099243164
10195,-0.931219220161438,0.11343055963516235
10196,0.5834393501281738,-0.1437787413597107
10197,1.0284185409545898,0.03612774610519409
10198,-0.33050811290740967,0.024130582809448242
10199,-0.2476893663406372,-0.016591966152191162
10200,-1.1165099143981934,1.1612324714660645
10201,1.9716206789016724,0.6142997741699219
10202,2.1276113986968994,0.7088676691055298
10203,-0.8229802846908569,0.19863343238830566
10204,0.7575008869171143,0.22466087341308594
10205,0.21563522517681122,0.40614545345306396
10206,1.0838791131973267,0.2549164295196533
10207,-1.4252606630325317,0.567024827003479
10208,-1.9556589126586914,1.053985357284546
10209,-2.1441032886505127,1.2269846200942993
10210,0.8760190010070801,0.4610944986343384
10211,0.4646145701408386,0.1488814353942871
10212,0.9479721188545227,0.36357975006103516
10213,0.8316014409065247,0.24109673500061035
10214,1.2233717441558838,0.4122978448867798
10215,0.03994178771972656,0.013979971408843994
10216,1.635493278503418,0.4105243682861328
10217,-1.0301941633224487,0.20134997367858887
10218,0.39021700620651245,-0.08860719203948975
10219,1.3222581148147583,0.22052425146102905
10220,0.5071237683296204,0.19288372993469238
10221,0.6485434770584106,0.1451389193534851
10222,-0.5937358140945435,0.34190016984939575
10223,-0.9477583169937134,0.74233078956604
10224,-1.73898184299469,0.8538573980331421
10225,0.7059826254844666,0.2396954894065857
10226,1.1965479850769043,0.1373693346977234
10227,-0.6630064249038696,0.056744515895843506
10228,-1.2466444969177246,0.4030367136001587
10229,-0.6877260804176331,0.35633528232574463
10230,1.0157315731048584,0.10345345735549927
10231,0.031773582100868225,0.05044275522232056
10232,0.19125212728977203,-0.07577532529830933
10233,-0.3453068137168884,-0.10489696264266968
10234,1.45997953414917,0.30412012338638306
10235,0.3282313346862793,-0.1680023968219757
10236,1.2296829223632812,0.16450196504592896
10237,-0.04976557567715645,0.04893606901168823
10238,-0.26817941665649414,-0.058351755142211914
10239,0.281951904296875,-0.13252991437911987
10240,0.5581215023994446,-0.10352730751037598
10241,0.5162109136581421,-0.1355379819869995
10242,1.129620909690857,0.3274350166320801
10243,-0.19337186217308044,-0.043702781200408936
10244,0.5456387400627136,0.15959227085113525
10245,-0.10549994558095932,-0.08665215969085693
10246,-0.9482027888298035,0.12883472442626953
10247,0.9530159831047058,-0.006964683532714844
10248,1.412930965423584,0.2880483865737915
10249,0.31918805837631226,0.04144692420959473
10250,-0.4770525097846985,-0.0014150142669677734
10251,-0.1572401076555252,-0.10529756546020508
10252,-0.16286838054656982,-0.05674552917480469
10253,0.020718514919281006,0.041443049907684326
10254,-0.7829985618591309,-0.017671644687652588
10255,-1.2383967638015747,0.39542150497436523
10256,-0.737326979637146,0.060478031635284424
10257,0.8602507710456848,-0.060122132301330566
10258,-0.254743754863739,-0.1054762601852417
10259,0.5313928723335266,-0.12419629096984863
10260,0.5768356323242188,-0.0841856598854065
10261,-0.27367502450942993,-0.2056240439414978
10262,-0.8880936503410339,0.07384997606277466
10263,0.959191620349884,0.0005197525024414062
10264,0.30126118659973145,-0.22524809837341309
10265,0.34273314476013184,-0.1916486620903015
10266,1.0364959239959717,0.046039879322052
10267,-0.1928241103887558,-0.12378984689712524
10268,0.5222615599632263,-0.11162853240966797
10269,-0.4237741231918335,-0.07690650224685669
10270,-0.34314942359924316,-0.10978716611862183
10271,0.8781885504722595,-0.04878973960876465
10272,0.8123868107795715,-0.09561997652053833
10273,0.39123356342315674,-0.031784236431121826
10274,-0.48813456296920776,-0.0660390853881836
10275,0.7049822211265564,-0.154241144657135
10276,0.4118117094039917,0.13793116807937622
10277,-0.2739127278327942,0.09427142143249512
10278,-0.21196883916854858,-0.05247277021408081
10279,0.4234471321105957,-0.1300860047340393
10280,1.2171976566314697,0.1565086841583252
10281,-0.016095854341983795,0.12721610069274902
10282,1.0752809047698975,0.13559985160827637
10283,0.10425503551959991,0.2777862548828125
10284,-0.78693026304245,0.32421642541885376
10285,0.7838019132614136,0.14946907758712769
10286,-0.1533849835395813,-0.03521919250488281
10287,-0.019535154104232788,-0.002212345600128174
10288,-0.5534683465957642,0.11318427324295044
10289,-0.22133955359458923,0.0164492130279541
10290,0.7689985632896423,0.035309433937072754
10291,0.07305708527565002,-0.04857957363128662
10292,-0.11002366989850998,-0.05223715305328369
10293,0.048052191734313965,-0.06625545024871826
10294,0.2621201276779175,0.024868249893188477
10295,0.4739757776260376,0.006180942058563232
10296,0.30008184909820557,0.2107616662979126
10297,-0.8581528067588806,0.16837620735168457
10298,0.43040066957473755,0.1712946891784668
10299,0.282370388507843,0.06050986051559448
10300,-1.0553882122039795,0.22363442182540894
10301,0.953188955783844,0.23804587125778198
10302,-1.091904640197754,0.25898265838623047
10303,0.7395268678665161,0.15362626314163208
10304,1.3541444540023804,0.6952223777770996
10305,1.5342880487442017,1.2059093713760376
10306,-0.11451984941959381,0.9318857192993164
10307,0.15174506604671478,0.7923098802566528
10308,-1.440343976020813,0.6390635967254639
10309,0.8163011074066162,0.5639668703079224
10310,0.19145087897777557,0.8715195655822754
10311,1.7548272609710693,0.610253095626831
10312,-0.24739734828472137,0.5443342924118042
10313,0.6530411243438721,0.40242791175842285
10314,-0.19242233037948608,0.3414449691772461
10315,0.835310697555542,0.569355845451355
10316,-0.22252528369426727,0.13696962594985962
10317,0.46010756492614746,0.701125979423523
10318,0.9729529023170471,0.5322188138961792
10319,0.04503616690635681,0.27916789054870605
10320,1.2239203453063965,0.5907121896743774
10321,-1.3143328428268433,0.5759366750717163
10322,-0.7695882320404053,0.3260650634765625
10323,0.637584924697876,0.08162403106689453
10324,-0.55184406042099,0.2694603204727173
10325,0.6732006669044495,0.17052412033081055
10326,0.9542925953865051,0.3546769618988037
10327,1.4265354871749878,0.46414804458618164
10328,0.284432590007782,0.7139348983764648
10329,-0.33070895075798035,0.2870224118232727
10330,0.4311700463294983,0.2778744697570801
10331,1.8066152334213257,0.7080371379852295
10332,-1.765518069267273,0.8794164657592773
10333,0.29437291622161865,0.02959585189819336
10334,0.8944434523582458,0.2649189829826355
10335,-0.9731791615486145,0.2120366096496582
10336,-0.15173324942588806,0.1444447636604309
10337,-1.3639495372772217,0.5107027292251587
10338,-0.683165967464447,0.23334044218063354
10339,-0.028026245534420013,0.2525232434272766
10340,0.4502965211868286,0.034907639026641846
10341,-0.2748022675514221,-0.12012213468551636
10342,0.4865230917930603,0.020681321620941162
10343,1.231966257095337,0.16584879159927368
10344,0.8651615977287292,0.05107611417770386
10345,-1.0782285928726196,0.24837875366210938
10346,0.7171095013618469,0.2901911735534668
10347,-1.4642828702926636,0.6535317897796631
10348,-1.235427737236023,0.38990259170532227
10349,-0.5169084668159485,0.9760277271270752
10350,0.8473183512687683,0.12710344791412354
10351,0.7976241111755371,0.053780198097229004
10352,-0.34457558393478394,0.10579448938369751
10353,0.12043105065822601,0.018155813217163086
10354,-1.2494208812713623,0.40558576583862305
10355,-1.2639024257659912,0.41823065280914307
10356,-0.014076218008995056,0.32857125997543335
10357,0.7002350687980652,-0.040455639362335205
10358,0.6863951086997986,0.01995950937271118
10359,0.411554217338562,-0.07099932432174683
10360,0.35974425077438354,-0.03183478116989136
10361,0.8288281559944153,-0.0849466323852539
10362,-0.8216341137886047,0.012735545635223389
10363,1.1717517375946045,0.12937474250793457
10364,0.9225243926048279,0.44093024730682373
10365,0.4890033006668091,0.04566383361816406
10366,-0.06988833099603653,0.26381999254226685
10367,1.2828798294067383,0.3917192220687866
10368,0.2973361015319824,0.8229435682296753
10369,0.04605953395366669,0.2781292200088501
10370,-1.4551115036010742,0.5944309234619141
10371,-0.27641844749450684,0.017322957515716553
10372,1.7791306972503662,0.49760377407073975
10373,-0.15453507006168365,0.07514899969100952
10374,-0.17455047369003296,0.0241544246673584
10375,0.16889958083629608,0.5522990226745605
10376,0.3254837989807129,0.15123921632766724
10377,0.9261402487754822,0.1183120608329773
10378,1.0551248788833618,1.125072717666626
10379,1.5264790058135986,1.2186802625656128
10380,0.5807176828384399,0.8346925973892212
10381,-0.6659667491912842,0.7317479848861694
10382,-0.5780479311943054,0.8316031694412231
10383,-0.21006569266319275,0.45040392875671387
10384,-0.7211251258850098,0.2826707363128662
10385,0.8023610711097717,0.1724509596824646
10386,0.19356031715869904,0.2585951089859009
10387,-0.30660495162010193,0.35838890075683594
10388,-0.25458431243896484,0.2621946334838867
10389,0.005687534809112549,0.24427533149719238
10390,-0.8364384770393372,0.8147387504577637
10391,-1.076511263847351,0.3399689197540283
10392,1.9725955724716187,0.6148908138275146
10393,0.14973346889019012,0.25634825229644775
10394,-0.7849810123443604,0.4861488342285156
10395,-0.28604501485824585,0.3953326940536499
10396,-1.868057370185852,0.9735580682754517
10397,2.098912239074707,1.014793872833252
10398,0.7253799438476562,0.5354169607162476
10399,0.5358878970146179,0.3988450765609741
10400,-0.05844929814338684,0.23239529132843018
10401,0.26336967945098877,0.16930341720581055
10402,-1.6349064111709595,0.7595013380050659
10403,0.6628257036209106,0.2074902057647705
10404,1.4459835290908813,0.29563504457473755
10405,-0.4797719717025757,0.07939016819000244
10406,-0.8817746639251709,0.39525043964385986
10407,-1.1505539417266846,0.6883679628372192
10408,-0.07968179136514664,0.8491405248641968
10409,0.4723847508430481,0.17603057622909546
10410,0.8763703107833862,0.08504021167755127
10411,-0.36935514211654663,0.06766360998153687
10412,-0.202829509973526,0.06253063678741455
10413,2.080554246902466,0.6803399324417114
10414,-0.06294908374547958,0.28521883487701416
10415,0.8949783444404602,0.1641221046447754
10416,0.16251258552074432,0.09801691770553589
10417,0.4926713705062866,0.3641871213912964
10418,0.28268343210220337,0.1019892692565918
10419,-0.11197401583194733,0.04164344072341919
10420,-0.4969421625137329,0.24163943529129028
10421,-1.889053225517273,0.9928344488143921
10422,-0.8064926266670227,0.8677154779434204
10423,0.7326393723487854,0.35768067836761475
10424,0.7329158782958984,0.11712276935577393
10425,0.48223721981048584,0.06422626972198486
10426,2.7393457889556885,1.079728603363037
10427,1.7577341794967651,1.0159329175949097
10428,-0.826797366142273,0.6358857154846191
10429,0.20239530503749847,0.7532027959823608
10430,1.0711044073104858,0.5680007934570312
10431,-0.9954289793968201,0.31243056058883667
10432,1.1455446481704712,0.3170308470726013
10433,-0.7890397310256958,0.9098879098892212
10434,0.42377954721450806,0.4024214744567871
10435,0.5970925688743591,0.5142594575881958
10436,-0.6688836216926575,0.40676283836364746
10437,-1.074229121208191,0.4797961711883545
10438,-0.2704154849052429,0.4363309144973755
10439,2.2913784980773926,0.8081506490707397
10440,2.0487236976623535,0.949811577796936
10441,0.6416618227958679,1.0080485343933105
10442,1.724080204963684,1.6522630453109741
10443,-0.47504502534866333,1.5249050855636597
10444,0.22066958248615265,0.834858775138855
10445,0.7403751611709595,0.4863518476486206
10446,-1.2322381734848022,0.7905700206756592
10447,0.45436954498291016,0.2928279638290405
10448,-0.2967694401741028,0.3420445919036865
10449,0.4651920795440674,0.16391921043395996
10450,0.7230293154716492,0.2968040108680725
10451,0.00020886212587356567,0.2961735725402832
10452,1.4482544660568237,0.3494730591773987
10453,-0.19972842931747437,0.5202236175537109
10454,-0.8780572414398193,0.38877665996551514
10455,1.0271046161651611,0.4434645175933838
10456,1.1989723443984985,0.6701560020446777
10457,0.13351544737815857,0.4599885940551758
10458,2.163858413696289,2.205216884613037
10459,-0.08910050988197327,1.421878695487976
10460,0.01901792734861374,0.9689106941223145
10461,0.8996627926826477,0.9488216638565063
10462,-1.1562827825546265,1.273285150527954
10463,-1.2450132369995117,0.6389033794403076
10464,1.083821415901184,0.3705117702484131
10465,0.3555738925933838,0.5231627225875854
10466,-0.6088894605636597,1.2220697402954102
10467,-0.823904275894165,0.8186124563217163
10468,-0.5897111296653748,1.313201665878296
10469,-2.1693129539489746,1.4357603788375854
10470,0.2717001438140869,1.029100775718689
10471,0.67462158203125,0.4991292953491211
10472,-3.044889211654663,2.054011821746826
10473,0.78758305311203,0.608293890953064
10474,0.46830302476882935,0.9149963855743408
10475,-0.6903915405273438,0.5719481706619263
10476,0.6673503518104553,0.2762402892112732
10477,0.8335942625999451,0.26809364557266235
10478,-0.7830005884170532,0.36003732681274414
10479,-0.16207879781723022,0.38023173809051514
10480,0.45675450563430786,0.1747814416885376
10481,1.4080133438110352,0.2775459885597229
10482,-1.2162556648254395,0.3751366138458252
10483,-0.8869706392288208,0.4473576545715332
10484,1.2695434093475342,0.18533867597579956
10485,0.22051994502544403,0.10592430830001831
10486,0.10989037156105042,0.06480652093887329
10487,0.48615044355392456,0.09484726190567017
10488,1.3714181184768677,0.4143296480178833
10489,1.0876977443695068,0.6031783819198608
10490,-0.2642420530319214,1.3492577075958252
10491,0.14514987170696259,0.5602266788482666
10492,-0.01593497395515442,1.2801532745361328
10493,0.22677262127399445,0.5484424829483032
10494,0.7508979439735413,0.6491243839263916
10495,-3.9384915828704834,2.8744311332702637
10496,-0.5788180828094482,1.6941663026809692
10497,0.9212066531181335,0.5146905183792114
10498,-1.9213682413101196,1.0225030183792114
10499,-1.5608857870101929,1.9157565832138062
10500,-0.5761277675628662,0.8401737213134766
10501,1.0961781740188599,0.3461419343948364
10502,-0.35283082723617554,0.38999199867248535
10503,0.9086522459983826,0.4050419330596924
10504,1.3722889423370361,0.37370598316192627
10505,-0.6745780110359192,0.14819186925888062
10506,-0.43145114183425903,0.08723515272140503
10507,1.4410815238952637,0.2926633954048157
10508,-1.0705548524856567,0.5318653583526611
10509,0.2597431540489197,0.016959846019744873
10510,-1.1547222137451172,0.3186424970626831
10511,0.9950663447380066,0.43879175186157227
10512,-0.413791298866272,-0.07414758205413818
10513,-0.8943822979927063,0.07656121253967285
10514,-1.0315035581588745,0.5174309015274048
10515,1.5144983530044556,0.33717185258865356
10516,-0.9467520713806152,0.12770450115203857
10517,-0.07715321332216263,0.1243777871131897
10518,-1.2165634632110596,0.3987281322479248
10519,-2.2577812671661377,1.3313651084899902
10520,0.7273716330528259,0.9270879030227661
10521,1.3928576707839966,0.5693025588989258
10522,1.652312159538269,0.4207206964492798
10523,0.1811303347349167,0.08446753025054932
10524,0.3880500793457031,-0.08601886034011841
10525,-0.8080331087112427,0.0009154677391052246
10526,-0.5400553345680237,0.11938124895095825
10527,1.3726840019226074,0.2511976361274719
10528,-0.6789599657058716,-0.05468297004699707
10529,-0.8135170936584473,0.17255961894989014
10530,-0.7573919892311096,0.15423911809921265
10531,0.9806719422340393,0.060805439949035645
10532,0.5437800884246826,-0.13074815273284912
10533,0.6489066481590271,0.012017250061035156
10534,0.4483104348182678,-0.046949923038482666
10535,0.6379089951515198,0.05963808298110962
10536,-0.7203719615936279,0.20579475164413452
10537,-1.192594289779663,0.35341304540634155
10538,0.31258177757263184,0.28179222345352173
10539,1.3270536661148071,0.2210649847984314
10540,0.4949074387550354,-0.042635440826416016
10541,-0.0638127475976944,-0.029268205165863037
10542,-0.3784216046333313,0.0998692512512207
10543,0.0819953978061676,-0.08247196674346924
10544,1.0171289443969727,0.03564000129699707
10545,0.5584958791732788,0.042130231857299805
10546,0.7093219757080078,0.04549145698547363
10547,0.3561787009239197,0.005459487438201904
10548,0.9437280297279358,0.19449859857559204
10549,-0.015598513185977936,0.11195343732833862
10550,1.5136724710464478,0.36272120475769043
10551,-0.4916321635246277,0.18941980600357056
10552,-0.010440550744533539,0.19426000118255615
10553,0.07245387136936188,-0.024515867233276367
10554,-0.7810883522033691,0.2232288122177124
10555,0.500034511089325,0.014603018760681152
10556,0.49970269203186035,-0.02721792459487915
10557,-0.36944591999053955,-0.10238921642303467
10558,0.08086208999156952,-0.09944319725036621
10559,-0.9772550463676453,0.1556919813156128
10560,0.19383983314037323,-0.010465919971466064
10561,0.4214751124382019,-0.1577230989933014
10562,0.5613424777984619,-0.07568782567977905
10563,0.5264540910720825,-0.1004146933555603
10564,-0.5537418127059937,-0.10473001003265381
10565,0.19174854457378387,-0.13080120086669922
10566,-0.8814865350723267,0.062247514724731445
10567,0.2381168156862259,-0.0025745034217834473
10568,-0.05012092739343643,0.007512450218200684
10569,0.3892444968223572,-0.12170237302780151
10570,0.05073690414428711,-0.09390932321548462
10571,0.58936607837677,-0.12590211629867554
10572,0.5962002277374268,-0.08328986167907715
10573,-0.32969558238983154,-0.061718642711639404
10574,-0.4181642532348633,-0.08204519748687744
10575,0.5116273760795593,-0.1738181710243225
10576,1.1965230703353882,0.14402025938034058
10577,-0.9456287622451782,0.12072235345840454
10578,-1.0587546825408936,0.2305338978767395
10579,1.0350061655044556,0.20187509059906006
10580,-0.46095556020736694,-0.0379294753074646
10581,-0.7439588308334351,0.11225318908691406
10582,-0.4926852583885193,0.07261967658996582
10583,0.9039939045906067,-0.021694064140319824
10584,0.3470537066459656,-0.10449093580245972
10585,0.7475253343582153,0.05378580093383789
10586,-0.26999062299728394,0.00350189208984375
10587,0.05758655071258545,-0.13693773746490479
10588,-0.08962961286306381,-0.010385334491729736
10589,-0.5834553837776184,0.19779986143112183
10590,-0.8358311653137207,0.09725087881088257
10591,-0.496685266494751,0.05974555015563965
10592,-0.09276261180639267,0.2020767331123352
10593,-1.1073812246322632,0.26931512355804443
10594,1.0146450996398926,0.18349498510360718
10595,1.3636913299560547,0.245721697807312
10596,0.44162213802337646,-0.005919754505157471
10597,-0.5575681924819946,-0.08035391569137573
10598,-0.6178373098373413,-0.08892500400543213
10599,1.2933776378631592,0.2031186819076538
10600,0.2675222158432007,-0.02609992027282715
10601,-0.2019636631011963,-0.07538813352584839
10602,-0.4271478056907654,-0.15948987007141113
10603,-0.11843536794185638,-0.186558336019516
10604,-0.516667902469635,-0.03099745512008667
10605,0.2928597927093506,-0.18777796626091003
10606,0.8610408902168274,-0.06551975011825562
10607,0.18290717899799347,-0.16517478227615356
10608,0.1018848717212677,-0.2175562083721161
10609,-0.3372359871864319,-0.2018599808216095
10610,-0.15055227279663086,-0.11132287979125977
10611,1.0508573055267334,0.05601471662521362
10612,1.292900800704956,0.2024044394493103
10613,-0.4694087505340576,0.006430685520172119
10614,0.267630934715271,-0.08996939659118652
10615,0.05816790461540222,-0.10767942667007446
10616,0.4891687035560608,-0.0548434853553772
10617,-0.9058377146720886,0.4195791482925415
10618,-1.4187346696853638,0.5610328912734985
10619,0.11653412878513336,0.48282551765441895
10620,-0.4078786373138428,-0.006221413612365723
10621,1.026785135269165,0.04140716791152954
10622,0.27039527893066406,-0.046151816844940186
10623,0.00840170681476593,-0.14783579111099243
10624,0.47201693058013916,-0.19699150323867798
10625,-0.06940548121929169,-0.1868482232093811
10626,0.4950539469718933,-0.1791788637638092
10627,-0.18770335614681244,-0.14530262351036072
10628,0.6330674886703491,-0.17725297808647156
10629,0.19711656868457794,-0.17374789714813232
10630,-0.7234739065170288,-0.004893898963928223
10631,0.08367635309696198,-0.027698159217834473
10632,0.499386727809906,-0.05501079559326172
10633,0.9889939427375793,0.013821184635162354
10634,1.2734671831130981,0.5642838478088379
10635,0.4182274341583252,0.6100237369537354
10636,0.29455089569091797,0.6117331981658936
10637,-0.7357163429260254,0.1605932116508484
10638,0.08209241926670074,0.05484724044799805
10639,-0.5071029663085938,0.03620654344558716
10640,0.6764057278633118,0.04981714487075806
10641,0.11589908599853516,-0.061586201190948486
10642,0.38295525312423706,0.024672746658325195
10643,0.3672027587890625,-0.02998650074005127
10644,0.5789727568626404,0.3866305351257324
10645,-0.06808829307556152,0.02195078134536743
10646,-0.1845112144947052,0.06517767906188965
10647,0.5295531153678894,0.03834038972854614
10648,-0.9161755442619324,0.1998833417892456
10649,0.2357981950044632,0.011590242385864258
10650,-0.41429269313812256,-0.06556129455566406
10651,-0.3964695930480957,0.0654062032699585
10652,0.6911006569862366,-0.022022902965545654
10653,0.6436027884483337,0.033378422260284424
10654,-0.5105724334716797,-0.07545346021652222
10655,0.16929765045642853,0.08880752325057983
10656,0.057941704988479614,-0.1676129698753357
10657,-0.14357426762580872,-0.2023746371269226
10658,0.7192369103431702,-0.13270235061645508
10659,0.8860079050064087,-0.04695308208465576
10660,0.43898993730545044,0.16423088312149048
10661,-0.5870379209518433,0.043598473072052
10662,0.9122558236122131,0.02929753065109253
10663,0.35767126083374023,0.02009415626525879
10664,0.5717965364456177,0.09606963396072388
10665,0.6874253749847412,0.414420485496521
10666,-0.6485519409179688,0.6530712842941284
10667,-0.5187238454818726,0.3620448112487793
10668,0.6757544279098511,0.20410889387130737
10669,-0.4601377248764038,0.1398078203201294
10670,0.09860289096832275,0.1384265422821045
10671,0.4398912191390991,-0.027443766593933105
10672,-0.19881677627563477,0.026002705097198486
10673,-0.4751911163330078,0.0821986198425293
10674,0.2123909443616867,0.07016205787658691
10675,0.35684043169021606,0.05931490659713745
10676,0.5550101399421692,-0.08582824468612671
10677,-0.07334466278553009,0.35888493061065674
10678,-0.07103606313467026,0.1864989995956421
10679,-0.31718647480010986,0.2780596613883972
10680,0.14965660870075226,0.06225639581680298
10681,1.003952980041504,0.13926458358764648
10682,0.6580564379692078,0.10986435413360596
10683,-0.18826322257518768,0.11785358190536499
10684,0.4953174591064453,0.32457053661346436
10685,0.9515576958656311,0.4062793254852295
10686,-1.002315878868103,0.8232886791229248
10687,0.48687469959259033,0.3138926029205322
10688,0.0365208238363266,0.287841796875
10689,-0.2014593929052353,0.37697410583496094
10690,0.2631475329399109,0.2941893935203552
10691,0.1803983598947525,0.07211583852767944
10692,0.21148036420345306,0.006007194519042969
10693,0.7001793384552002,0.6004457473754883
10694,1.429626703262329,1.283094048500061
10695,0.14824636280536652,0.694900393486023
10696,0.871774435043335,0.5176852941513062
10697,-0.8867737054824829,0.39925694465637207
10698,-1.1049394607543945,0.9230514764785767
10699,0.3616909384727478,0.14487850666046143
10700,-0.37397074699401855,0.20259541273117065
10701,-1.1912504434585571,0.3830270767211914
10702,0.405845582485199,0.17827081680297852
10703,0.21902765333652496,0.08353281021118164
10704,0.21263258159160614,0.09088760614395142
10705,1.7594232559204102,0.48476219177246094
10706,1.071485996246338,0.48326754570007324
10707,-0.1924111396074295,0.1410643458366394
10708,-0.04025880992412567,0.16615939140319824
10709,-0.47001755237579346,0.23962467908859253
10710,-0.9077867269515991,0.43784332275390625
10711,0.23497335612773895,7.134675979614258e-05
10712,0.6739265322685242,-0.044021785259246826
10713,-0.3956565856933594,0.018042027950286865
10714,-0.9739494323730469,0.3052740693092346
10715,0.8386043906211853,0.00939100980758667
10716,0.1437413990497589,-0.07422637939453125
10717,1.0341899394989014,0.04594290256500244
10718,-2.748290777206421,1.7817035913467407
10719,1.017331838607788,1.859641432762146
10720,1.6880035400390625,0.451271653175354
10721,-0.4593226909637451,0.3232656717300415
10722,-0.3385123610496521,0.42610085010528564
10723,-0.2960566282272339,0.09786349534988403
10724,0.819110095500946,0.14964979887008667
10725,-0.05576375499367714,0.026598870754241943
10726,-1.6856626272201538,0.8061008453369141
10727,-0.34123939275741577,0.7081716060638428
10728,-0.1717545986175537,0.41530489921569824
10729,1.673940658569336,0.43382346630096436
10730,-1.134983777999878,0.3005197048187256
10731,-0.2428361028432846,0.0547175407409668
10732,-0.2919989228248596,0.23001468181610107
10733,1.2597366571426392,0.18231135606765747
10734,1.5053842067718506,0.3316456079483032
10735,0.7609052658081055,0.1404232382774353
10736,-0.24738356471061707,0.11637741327285767
10737,1.3284873962402344,0.5078186988830566
10738,0.8900846242904663,0.901762843132019
10739,0.34602272510528564,0.17149794101715088
10740,-0.24161817133426666,0.08124387264251709
10741,0.40007686614990234,0.19354957342147827
10742,-0.32643839716911316,0.5207139253616333
10743,0.3054649829864502,0.11720907688140869
10744,0.7694801092147827,-0.05767941474914551
10745,-0.73042893409729,-0.03588128089904785
10746,-0.07936722785234451,0.03824639320373535
10747,-0.3725641965866089,-0.03070974349975586
10748,0.9412779211997986,0.10535740852355957
10749,1.0408153533935547,0.3500059247016907
10750,0.2994096875190735,0.3513834476470947
10751,1.5174000263214111,0.58951735496521
10752,-0.8359971642494202,0.5383819341659546
10753,0.5554061532020569,0.27789396047592163
10754,0.6560779213905334,0.40202760696411133
10755,0.527827799320221,0.3808799982070923
10756,-0.6829764246940613,0.3161221146583557
10757,0.25485652685165405,0.2503652572631836
10758,0.40505748987197876,0.1931193470954895
10759,0.3656861186027527,0.15008658170700073
10760,-0.427511990070343,0.9053909778594971
10761,-0.45402461290359497,0.44598257541656494
10762,-0.34107133746147156,0.10503268241882324
10763,-0.6855412721633911,0.16643816232681274
10764,-0.49830836057662964,0.5043694972991943
10765,0.8989402651786804,0.114219069480896
10766,0.2187771052122116,0.20193421840667725
10767,-0.8509610891342163,0.2916838526725769
10768,0.7742770910263062,0.30003732442855835
10769,1.349814534187317,0.5235596895217896
10770,0.44026613235473633,0.5472664833068848
10771,0.42999982833862305,0.5820440053939819
10772,-1.3539212942123413,0.5040167570114136
10773,0.02084919810295105,0.690535306930542
10774,-0.24990980327129364,0.813757061958313
10775,1.3929948806762695,0.27342450618743896
10776,-0.23039217293262482,0.2564258575439453
10777,0.13731509447097778,0.24233359098434448
10778,-1.3853721618652344,0.5798187255859375
10779,1.1597622632980347,0.3354814648628235
10780,1.4743409156799316,0.5724824666976929
10781,0.39653241634368896,0.9263361692428589
10782,0.06158989667892456,1.1994645595550537
10783,1.1656301021575928,1.0995197296142578
10784,0.711256206035614,1.1311284303665161
10785,-0.2938823699951172,0.930144190788269
10786,0.08509764075279236,1.3045028448104858
10787,-0.5472595691680908,0.8980566263198853
10788,-0.9451735019683838,0.9858314990997314
10789,0.23522861301898956,0.8801288604736328
10790,-1.824300765991211,1.1189892292022705
10791,-0.7530211806297302,2.104936122894287
10792,0.22436906397342682,0.8321367502212524
10793,-0.2525635361671448,0.4730353355407715
10794,1.2461763620376587,0.34985095262527466
10795,-1.0136637687683105,0.5033471584320068
10796,-0.9562966227531433,0.4077833890914917
10797,1.3663667440414429,0.3490562438964844
10798,0.6003637313842773,0.0834854245185852
10799,-0.14498643577098846,0.2857704162597656
10800,-1.5147186517715454,0.6491565704345703
10801,-1.744120478630066,0.8800674676895142
10802,1.3228185176849365,0.2187349796295166
10803,-1.5007009506225586,0.6362868547439575
10804,-0.3614388704299927,0.6089328527450562
10805,-0.018821239471435547,0.33782172203063965
10806,0.8572095036506653,0.38516199588775635
10807,0.43698495626449585,0.24469298124313354
10808,0.06043069064617157,0.17812389135360718
10809,-1.1623032093048096,0.3254035711288452
10810,0.5050830245018005,0.14564883708953857
10811,1.0560892820358276,0.05916875600814819
10812,0.5777425169944763,0.024659454822540283
10813,-0.11552000045776367,-0.05869340896606445
10814,0.6974809765815735,-0.11217105388641357
10815,0.06267273426055908,-0.09944522380828857
10816,0.924421489238739,-0.0008451938629150391
10817,-0.6252935528755188,-0.037092387676239014
10818,-0.4710938334465027,-0.04812651872634888
10819,0.37225866317749023,-0.07753151655197144
10820,0.21197502315044403,-0.054910480976104736
10821,0.10444608330726624,-0.10186797380447388
10822,0.4597400426864624,0.0769391655921936
10823,1.1786813735961914,0.2394304871559143
10824,-1.424525499343872,0.5663498640060425
10825,-0.37021756172180176,0.17329782247543335
10826,-2.0681169033050537,1.1572335958480835
10827,2.18906307220459,2.247349262237549
10828,1.7214537858963013,1.5914252996444702
10829,1.2247209548950195,0.6503740549087524
10830,-0.4732621908187866,0.8214024305343628
10831,0.6503949165344238,0.43517017364501953
10832,-1.148081660270691,0.5932573080062866
10833,-1.614322543144226,0.7767320871353149
10834,0.07655127346515656,0.6105905771255493
10835,-0.695143461227417,0.8404953479766846
10836,-1.546154499053955,0.9055335521697998
10837,1.4878175258636475,0.6804088354110718
10838,-0.749326765537262,0.4787079095840454
10839,-1.4323047399520874,1.2446988821029663
10840,-0.42447370290756226,0.5844669342041016
10841,-2.6856889724731445,1.9649296998977661
10842,3.3151943683624268,1.511038899421692
10843,-0.028662726283073425,0.6365529298782349
10844,-0.5952699780464172,0.41696298122406006
10845,0.8390641212463379,0.27316898107528687
10846,1.326518177986145,0.22154754400253296
10847,0.5003518462181091,0.35468149185180664
10848,-0.6012979745864868,0.20453792810440063
10849,0.5232159495353699,0.2313825488090515
10850,1.7205787897109985,0.46165668964385986
10851,0.8771278262138367,0.42828428745269775
10852,-1.1571890115737915,0.3208533525466919
10853,-1.0906256437301636,0.3436080813407898
10854,-1.8966232538223267,0.9997773170471191
10855,-0.7403233051300049,0.8192909955978394
10856,1.8416779041290283,0.5355137586593628
10857,0.7431724071502686,0.26037585735321045
10858,-1.304883360862732,0.4525376558303833
10859,0.6722022891044617,0.5688660144805908
10860,1.5631312131881714,0.42795467376708984
10861,-0.4553349018096924,0.5748605728149414
10862,0.22852973639965057,0.3474047780036926
10863,0.28622472286224365,0.08047056198120117
10864,0.9138972163200378,0.12122964859008789
10865,0.7779622673988342,0.03294968605041504
10866,-0.36098968982696533,0.24732202291488647
10867,0.4066143035888672,-0.002124011516571045
10868,0.11294086277484894,0.011780500411987305
10869,0.766875147819519,0.3190152645111084
10870,-0.011251255869865417,0.24140024185180664
10871,-0.04401400685310364,0.0791061520576477
10872,0.5101848840713501,0.24282193183898926
10873,-0.14228764176368713,0.6124953031539917
10874,0.7630330324172974,0.34509092569351196
10875,-0.7429112195968628,0.2608795762062073
10876,0.8502031564712524,0.8745484352111816
10877,-3.0450966358184814,2.054202079772949
10878,0.9067372679710388,1.1312283277511597
10879,-0.3290269374847412,0.30144011974334717
10880,1.0561364889144897,0.22532635927200317
10881,1.870389699935913,0.5516834259033203
10882,1.1801753044128418,0.7822408676147461
10883,-0.6657723188400269,0.8302470445632935
10884,-0.7538374662399292,0.7341911792755127
10885,-0.2072245180606842,0.6965581178665161
10886,1.8167359828948975,0.5715423822402954
10887,-0.5114079713821411,0.3627924919128418
10888,-0.08335283398628235,0.10181206464767456
10889,-0.2520388960838318,0.025867223739624023
10890,-1.1791162490844727,0.33971524238586426
10891,0.20758162438869476,0.242315411567688
10892,1.3276315927505493,0.25361698865890503
10893,-0.08347774296998978,0.034683823585510254
10894,0.4839165210723877,0.1242896318435669
10895,0.259560763835907,0.29324203729629517
10896,-0.47088223695755005,0.12014645338058472
10897,1.6166443824768066,0.6055692434310913
10898,0.4780789613723755,0.0463411808013916
10899,-0.4362354874610901,0.06023085117340088
10900,-1.2374690771102905,0.39461278915405273
10901,-1.0995149612426758,0.41685378551483154
10902,1.5759443044662476,0.37434840202331543
10903,0.6421411037445068,-0.025668680667877197
10904,0.3383210301399231,-0.06004291772842407
10905,0.010769277811050415,-0.0017210841178894043
10906,-0.11366158723831177,0.005829453468322754
10907,0.11015820503234863,-0.025548815727233887
10908,-0.2050689160823822,-0.03656339645385742
10909,0.7162241339683533,-0.004828989505767822
10910,0.3236843943595886,-0.026423513889312744
10911,0.5284440517425537,-0.11447614431381226
10912,0.5762354135513306,-0.013324379920959473
10913,-0.34141266345977783,-0.06983006000518799
10914,1.135559320449829,0.10700756311416626
10915,0.9984949231147766,0.40487730503082275
10916,0.2209404855966568,0.3462284207344055
10917,0.35097283124923706,0.29560035467147827
10918,-0.3719329237937927,0.5751488208770752
10919,-0.40954703092575073,0.616580605506897
10920,0.9818099141120911,0.49604201316833496
10921,-1.0697991847991943,0.2887745499610901
10922,-0.9731794595718384,0.3041318655014038
10923,0.48447978496551514,0.023481011390686035
10924,0.5269643664360046,0.08807992935180664
10925,-0.26128262281417847,-0.019999563694000244
10926,-0.9838119745254517,0.32185864448547363
10927,0.6435286998748779,-0.027751564979553223
10928,-0.8650913238525391,0.19038349390029907
10929,0.8500247001647949,0.20328181982040405
10930,-0.39321595430374146,-0.0006317496299743652
10931,0.1380620300769806,-0.003166675567626953
10932,-0.09037604928016663,-0.05176430940628052
10933,-0.21579501032829285,0.13418805599212646
10934,0.377038836479187,-0.02620851993560791
10935,0.6637654304504395,-0.04612225294113159
10936,0.3693978786468506,-0.02269524335861206
10937,0.482685387134552,-0.018338441848754883
10938,-0.4849458336830139,0.19384276866912842
10939,-0.3936779499053955,0.004597723484039307
10940,0.03985781967639923,-0.04896634817123413
10941,0.0019470751285552979,-0.1194998025894165
10942,-0.4416244626045227,-0.03218287229537964
10943,-0.25542473793029785,0.25625079870224
10944,-0.9352121353149414,0.2116888165473938
10945,0.4913117289543152,-0.04861867427825928
10946,0.28404784202575684,-0.004073143005371094
10947,0.5007036328315735,-0.07719588279724121
10948,-1.073216199874878,0.2438107132911682
10949,0.01235973834991455,0.16188454627990723
10950,0.7517238855361938,0.12409025430679321
10951,-0.3684156537055969,-0.046501100063323975
10952,-0.6495562791824341,-0.007538139820098877
10953,0.880229651927948,-0.053404927253723145
10954,-0.9354109764099121,0.11415117979049683
10955,-1.0109715461730957,0.48402464389801025
10956,0.06608365476131439,0.3223925828933716
10957,-0.026914939284324646,-0.022068917751312256
10958,-1.4808744192123413,0.7914332151412964
10959,1.5993132591247559,0.38797223567962646
10960,0.3476737141609192,0.01656883955001831
10961,0.6499355435371399,0.018415629863739014
10962,-0.9528493881225586,0.13306111097335815
10963,1.5551365613937378,0.3618009090423584
10964,0.25391799211502075,0.1167868971824646
10965,0.023807302117347717,0.11558330059051514
10966,0.12443357706069946,0.2722201347351074
10967,-0.6682939529418945,0.03645968437194824
10968,-1.7120921611785889,0.8303658962249756
10969,-2.205542802810669,2.261183738708496
10970,0.5293503999710083,1.1618596315383911
10971,-0.06681173294782639,1.5436393022537231
10972,-4.668900966644287,3.5450220108032227
10973,-0.09319546818733215,4.399350166320801
10974,1.0853301286697388,1.7711173295974731
10975,2.1729865074157715,2.4653501510620117
10976,-1.0080924034118652,0.6331040859222412
10977,0.6996515393257141,0.17413824796676636
10978,-1.6937085390090942,0.8134877681732178
10979,1.2901090383529663,0.35986554622650146
10980,1.3967314958572388,0.2657549977302551
10981,0.31333810091018677,0.5014892816543579
10982,-1.7349731922149658,0.8513729572296143
10983,-0.09954395890235901,0.30750346183776855
10984,-1.3081865310668945,0.7627518177032471
10985,-1.6108275651931763,0.9578014612197876
10986,-0.8908838033676147,1.2273458242416382
10987,-0.5611804723739624,1.9099856615066528
10988,1.4482940435409546,0.4442328214645386
10989,0.9932453036308289,0.1567710041999817
10990,0.22107051312923431,0.3613142967224121
10991,0.3481401801109314,0.11898934841156006
10992,0.13954482972621918,0.029687106609344482
10993,1.1921474933624268,0.1388000249862671
10994,-0.5981130599975586,0.07849931716918945
10995,-0.1496313065290451,0.05793100595474243
10996,-0.3636016249656677,0.02130991220474243
10997,-0.3197494149208069,0.10972613096237183
10998,0.3463267683982849,0.24166470766067505
10999,-1.8173298835754395,0.9269850254058838
11000,-1.0594329833984375,2.3997745513916016
11001,0.5010203123092651,0.5409680604934692
11002,0.47702324390411377,0.34782618284225464
11003,-2.6649279594421387,1.7051676511764526
11004,2.173717498779297,1.1918960809707642
11005,1.1109023094177246,0.2622886300086975
11006,0.7228378057479858,0.2932131290435791
11007,1.3175328969955444,0.2162083387374878
11008,-0.0015877261757850647,0.12138652801513672
11009,-0.08874080330133438,0.08894795179367065
11010,1.0601450204849243,0.05514246225357056
11011,-0.2067907303571701,0.09126383066177368
11012,-0.298190712928772,0.06909137964248657
11013,0.24689318239688873,0.02333766222000122
11014,-0.4337022304534912,0.21824121475219727
11015,1.747511863708496,0.4771057367324829
11016,0.8029783964157104,0.334328830242157
11017,0.4620784521102905,0.12695902585983276
11018,-0.7545419335365295,0.19551599025726318
11019,0.013949595391750336,-0.028172969818115234
11020,-0.1516428291797638,0.09076368808746338
11021,1.1768157482147217,0.1323932409286499
11022,-0.4309898018836975,0.06464433670043945
11023,-0.7157464027404785,-0.0007100105285644531
11024,0.9502046704292297,-0.011044144630432129
11025,-0.3168519139289856,-0.0023939013481140137
11026,0.06833939254283905,-0.11501121520996094
11027,1.147146224975586,0.11443346738815308
11028,-0.7407694458961487,0.043471693992614746
11029,-1.203979253768921,0.3638657331466675
11030,0.3898131251335144,0.16102588176727295
11031,-1.2565016746520996,0.4120866060256958
11032,-1.706432580947876,0.8251698017120361
11033,-0.23719218373298645,0.4502490758895874
11034,-1.9204461574554443,1.0216095447540283
11035,-0.23061172664165497,0.6850531101226807
11036,1.4200084209442139,0.3496246337890625
11037,-3.765713930130005,2.7158031463623047
11038,1.9144145250320435,0.8696273565292358
11039,0.492297887802124,0.5266458988189697
11040,-3.2686922550201416,2.259486198425293
11041,0.5701383948326111,1.8577946424484253
11042,1.8304085731506348,1.6204463243484497
11043,1.1418864727020264,0.786776065826416
11044,0.5862356424331665,0.5124168395996094
11045,0.8709656596183777,0.4305025339126587
11046,2.084345579147339,0.9084566831588745
11047,-0.853205144405365,0.44940876960754395
11048,0.3686051368713379,0.4691253900527954
11049,0.6319541931152344,0.3618464469909668
11050,-0.26754307746887207,0.4241170883178711
11051,-0.048688869923353195,0.39366018772125244
11052,0.49915897846221924,0.3065207600593567
11053,-0.7337951064109802,0.7079696655273438
11054,-0.44370508193969727,0.5273926258087158
11055,-1.424993634223938,0.5667797327041626
11056,0.2337830811738968,0.24098289012908936
11057,1.2853355407714844,0.19820761680603027
11058,1.4666004180908203,0.307661235332489
11059,0.5263097286224365,0.20521628856658936
11060,0.9810813069343567,0.10774165391921997
11061,-0.11336331069469452,0.3355254530906677
11062,-0.4495243430137634,0.1425420045852661
11063,0.3900666832923889,0.21428942680358887
11064,-1.2139177322387695,0.3729226589202881
11065,0.9181494116783142,0.06896477937698364
11066,0.4037591218948364,0.12686371803283691
11067,0.26945269107818604,0.2864670157432556
11068,-0.5077382326126099,0.6266345977783203
11069,-1.4514650106430054,0.5910820960998535
11070,-0.8977820873260498,0.7328165769577026
11071,1.4578863382339478,0.3028388023376465
11072,2.7585668563842773,1.0913807153701782
11073,2.176470994949341,1.042241096496582
11074,1.35118567943573,1.32987642288208
11075,-1.8165407180786133,1.2734442949295044
11076,-0.7103419303894043,0.670856237411499
11077,0.41744494438171387,0.5298376083374023
11078,-1.096983551979065,0.36845290660858154
11079,-1.465761423110962,0.6033947467803955
11080,-0.9437152147293091,0.5732189416885376
11081,1.1252868175506592,0.28664517402648926
11082,1.726979374885559,0.4659872055053711
11083,0.8529121279716492,0.2709959149360657
11084,0.6925505995750427,-0.04153937101364136
11085,-0.2265894114971161,0.09282797574996948
11086,0.8671537041664124,0.29442423582077026
11087,0.09645052254199982,0.1005902886390686
11088,-0.9276500344276428,0.10599040985107422
11089,0.47342216968536377,0.040669381618499756
11090,0.6308982968330383,0.13352757692337036
11091,-0.4552494287490845,0.025476396083831787
11092,-0.791171669960022,0.03822779655456543
11093,-0.3188263773918152,0.1093340516090393
11094,0.45690661668777466,-0.08846348524093628
11095,0.20305235683918,-0.1213187575340271
11096,-0.012821570038795471,-0.1175658106803894
11097,0.5191095471382141,-0.055451035499572754
11098,-0.881208062171936,0.06744366884231567
11099,-0.5724722146987915,0.015240073204040527
11100,0.13137656450271606,0.07021939754486084
11101,-0.6234099864959717,-0.1418759822845459
11102,-1.064658284187317,0.39325881004333496
11103,1.0179513692855835,0.08363199234008789
11104,0.5558237433433533,-0.03961813449859619
11105,-0.8532702326774597,0.03947257995605469
11106,-1.3423049449920654,0.49051761627197266
11107,-0.17491793632507324,0.24298864603042603
11108,-0.04971743002533913,0.1536259651184082
11109,0.3458999991416931,0.02688807249069214
11110,-1.0850239992141724,0.5088378190994263
11111,0.1807599812746048,0.16811805963516235
11112,-0.5428246855735779,0.48015522956848145
11113,-0.5948287844657898,0.17018169164657593
11114,-0.13914239406585693,0.2680205702781677
11115,0.1853180080652237,0.3145714998245239
11116,0.785437822341919,0.20018738508224487
11117,0.47162026166915894,0.2548593282699585
11118,0.0558355450630188,0.19629281759262085
11119,-0.3803700804710388,0.06893700361251831
11120,-1.892642855644226,0.996130108833313
11121,-0.982195258140564,0.8865242004394531
11122,0.6234790682792664,0.6679798364639282
11123,-0.7823294997215271,0.5664913654327393
11124,-1.9467915296554565,1.4501813650131226
11125,0.8880333304405212,0.5565230846405029
11126,-1.1161530017852783,0.4845379590988159
11127,1.0152877569198608,0.230177640914917
11128,1.6060248613357544,0.4092864990234375
11129,1.608137845993042,0.3936678171157837
11130,-1.5129483938217163,0.647531270980835
11131,0.9242967963218689,0.06390011310577393
11132,-0.4666253328323364,0.07898962497711182
11133,-0.5252652168273926,0.238805890083313
11134,-0.3924832344055176,0.14200639724731445
11135,-0.24692903459072113,0.05770808458328247
11136,1.2711091041564941,0.18959897756576538
11137,-0.3418892025947571,0.06185746192932129
11138,0.5440095663070679,0.471560001373291
11139,-0.1060953438282013,0.3803384304046631
11140,-1.1564379930496216,0.32016295194625854
11141,0.8385894894599915,0.6351280212402344
11142,1.0847043991088867,0.27757328748703003
11143,0.9003090262413025,0.4368157386779785
11144,-1.597280740737915,0.7249571084976196
11145,0.6930437684059143,0.6673170328140259
11146,0.3817877173423767,0.21882426738739014
11147,1.8335168361663818,0.5305750370025635
11148,-0.4374731183052063,0.6384671926498413
11149,1.6786922216415405,0.43671131134033203
11150,0.24501053988933563,0.6350035667419434
11151,-0.9463286399841309,0.13107281923294067
11152,1.1669782400131226,0.12596553564071655
11153,0.03736773133277893,0.04379194974899292
11154,0.46248310804367065,0.1828184723854065
11155,0.8626600503921509,0.03200662136077881
11156,-0.983638346195221,0.17936939001083374
11157,0.4298862814903259,-0.04555696249008179
11158,0.7590625882148743,0.32690685987472534
11159,-1.1540240049362183,0.3180014491081238
11160,1.1657559871673584,0.24427789449691772
11161,-0.7152371406555176,0.004926621913909912
11162,-0.13040363788604736,0.009935379028320312
11163,0.09820827841758728,-0.008476674556732178
11164,-1.4208683967590332,0.5612543821334839
11165,1.556904673576355,0.3628638982772827
11166,-1.435089111328125,0.5760483741760254
11167,-0.8667089343070984,0.5884183645248413
11168,-2.27807879447937,1.350000262260437
11169,-0.6945174336433411,0.9200294017791748
11170,1.6354093551635742,0.4037529230117798
11171,0.43644940853118896,0.1840335726737976
11172,-1.4028621912002563,0.5916852951049805
11173,1.4349020719528198,0.2889167070388794
11174,0.5880340337753296,0.07690590620040894
11175,-0.35995036363601685,0.20449012517929077
11176,0.5442438125610352,0.024936378002166748
11177,1.4088886976242065,0.2731451988220215
11178,0.7358121275901794,0.18658751249313354
11179,-0.31385284662246704,-0.015369832515716553
11180,0.5134583711624146,-0.07972073554992676
11181,-0.40184128284454346,-0.04871553182601929
11182,0.9846624732017517,0.04000037908554077
11183,-0.3435761332511902,0.19019407033920288
11184,0.5835186839103699,0.08026081323623657
11185,-0.21746781468391418,0.016542553901672363
11186,0.4499925971031189,-0.06140720844268799
11187,-0.4009023904800415,-0.10325336456298828
11188,1.2544137239456177,0.17949533462524414
11189,-0.9208821058273315,0.10374504327774048
11190,0.2852843999862671,-0.19733163714408875
11191,1.1706440448760986,0.12871122360229492
11192,1.3010574579238892,0.20775288343429565
11193,-0.14781494438648224,0.04769402742385864
11194,1.137730360031128,0.12328958511352539
11195,0.352622926235199,0.13253182172775269
11196,-0.6145195960998535,-0.0005906224250793457
11197,0.6491028666496277,-0.14117175340652466
11198,0.1314837634563446,-0.06872904300689697
11199,0.19377805292606354,-0.0791211724281311
11200,0.6010449528694153,-0.08009082078933716
11201,0.24871878325939178,-0.06492781639099121
11202,-0.3413141965866089,-0.09052467346191406
11203,0.42247873544692993,-0.1455816626548767
11204,0.21160535514354706,-0.05196034908294678
11205,0.6937288045883179,-0.014368534088134766
11206,-0.6141032576560974,-0.021931469440460205
11207,0.5601715445518494,-0.08799922466278076
11208,-0.24412542581558228,-0.10616368055343628
11209,0.004083268344402313,-0.10814374685287476
11210,0.466106653213501,-0.08689373731613159
11211,-0.48631972074508667,-0.14034944772720337
11212,-0.6240987777709961,-0.050298213958740234
11213,-0.4727579951286316,-0.015264749526977539
11214,0.8608704209327698,-0.06251108646392822
11215,1.2370930910110474,0.1689806580543518
11216,-0.06714418530464172,0.1424350142478943
11217,0.2858859896659851,-0.1284165382385254
11218,-0.09924083948135376,-0.08407849073410034
11219,-0.4234538674354553,-0.11557275056838989
11220,0.45757365226745605,-0.22784113883972168
11221,0.23355789482593536,-0.18413203954696655
11222,0.38624173402786255,-0.09300893545150757
11223,-0.25512129068374634,-0.17593184113502502
11224,0.22695232927799225,-0.2314280867576599
11225,-0.19099649786949158,-0.22686052322387695
11226,-0.27063170075416565,-0.1267719864845276
11227,0.6059180498123169,-0.21649587154388428
11228,0.11329160630702972,-0.1524265706539154
11229,-0.00285542756319046,-0.21093827486038208
11230,-0.22155532240867615,-0.13827168941497803
11231,0.06417636573314667,-0.15901246666908264
11232,0.09463900327682495,-0.10908442735671997
11233,-0.1289980411529541,-0.14363980293273926
11234,0.4231500029563904,-0.17897126078605652
11235,-0.019911780953407288,-0.18322572112083435
11236,-0.005469076335430145,-0.11760985851287842
11237,-0.09841694682836533,-0.1957964301109314
11238,0.2203550785779953,-0.2708381116390228
11239,0.7453676462173462,-0.09931915998458862
11240,-0.1837753802537918,-0.05205923318862915
11241,0.41408658027648926,-0.08175933361053467
11242,0.2581223249435425,-0.06608253717422485
11243,-0.21197041869163513,-0.18511995673179626
11244,0.43642181158065796,-0.17252203822135925
11245,0.35275423526763916,-0.12874609231948853
11246,0.3312191963195801,-0.036743879318237305
11247,0.08395950496196747,-0.08073025941848755
11248,0.9837704300880432,0.011404335498809814
11249,-0.826949417591095,0.01765841245651245
11250,0.43109893798828125,-0.16734549403190613
11251,-0.7183487415313721,0.06212282180786133
11252,-0.3554965853691101,-0.01207965612411499
11253,0.40072089433670044,-0.13191008567810059
11254,-0.13828761875629425,-0.1209104061126709
11255,0.6323083639144897,-0.16367968916893005
11256,0.27680450677871704,-0.24531525373458862
11257,0.10767590999603271,-0.20001420378684998
11258,0.3777642846107483,-0.09970170259475708
11259,-0.18654823303222656,-0.07824480533599854
11260,0.7769502997398376,-0.11564779281616211
11261,-0.37035948038101196,-0.0485498309135437
11262,0.35586291551589966,-0.06379634141921997
11263,-0.525341272354126,0.14473599195480347
11264,0.08126518130302429,-0.07328557968139648
11265,-0.14517834782600403,0.0855984091758728
11266,-0.2775522470474243,0.0011715888977050781
11267,0.25997984409332275,-0.03825420141220093
11268,0.33694130182266235,-0.14479917287826538
11269,0.8255484104156494,-0.08704215288162231
11270,-0.33963871002197266,-0.024178147315979004
11271,0.5670139789581299,-0.058216094970703125
11272,-0.19856077432632446,-0.01628357172012329
11273,-0.1237320750951767,-0.08817017078399658
11274,-0.4618678689002991,-0.07413125038146973
11275,0.2839914560317993,-0.24604114890098572
11276,-0.5540016293525696,-0.043695032596588135
11277,0.31160587072372437,-0.23819008469581604
11278,0.21955417096614838,-0.09621965885162354
11279,-0.015619836747646332,0.06567364931106567
11280,0.5114413499832153,-0.12875449657440186
11281,0.4946296811103821,-0.15398523211479187
11282,0.1711551994085312,-0.05865246057510376
11283,0.1957072764635086,-0.19779697060585022
11284,0.35730594396591187,-0.14785504341125488
11285,0.4536898136138916,-0.08089017868041992
11286,-0.5698685646057129,-0.17030245065689087
11287,-0.4254274368286133,-0.18557468056678772
11288,0.5819725394248962,-0.23530101776123047
11289,-0.14208345115184784,-0.17124399542808533
11290,-0.214922696352005,-0.18455573916435242
11291,0.4896566867828369,-0.22684571146965027
11292,0.22263725101947784,-0.21043583750724792
11293,0.5677627325057983,-0.23952820897102356
11294,0.7714514136314392,0.016405224800109863
11295,-0.6319412589073181,0.1989954710006714
11296,-0.09131218492984772,-0.05359649658203125
11297,-0.36587226390838623,-0.11991274356842041
11298,0.021087676286697388,-0.0667378306388855
11299,0.09618374705314636,-0.1515975296497345
11300,-0.21200701594352722,-0.1309429407119751
11301,-0.13590922951698303,-0.06578272581100464
11302,0.20285136997699738,-0.1019129753112793
11303,0.3308432102203369,-0.16348403692245483
11304,-0.06500543653964996,-0.14245915412902832
11305,0.49990391731262207,-0.1621258556842804
11306,0.720782458782196,-0.08298271894454956
11307,0.393418550491333,-0.08950990438461304
11308,0.15171636641025543,-0.08702808618545532
11309,-0.4007290005683899,-0.16528603434562683
11310,0.5081951022148132,-0.14732420444488525
11311,-0.26509737968444824,-0.17819827795028687
11312,0.4468309283256531,-0.23072665929794312
11313,0.5001230239868164,-0.057579874992370605
11314,-0.6119576096534729,0.004086673259735107
11315,0.35821712017059326,-0.18143099546432495
11316,0.40498894453048706,-0.21763864159584045
11317,-0.1809004843235016,-0.2246716320514679
11318,0.026690423488616943,-0.1848747432231903
11319,0.36515212059020996,-0.21632716059684753
11320,0.47582298517227173,-0.130129873752594
11321,0.19898103177547455,-0.20547613501548767
11322,0.181477352976799,-0.17231538891792297
11323,0.597644031047821,0.027178525924682617
11324,-0.15724577009677887,0.05072909593582153
11325,0.04135291278362274,-0.09884077310562134
11326,-0.35074079036712646,-0.0548936128616333
11327,-0.2063864767551422,-0.16704079508781433
11328,0.3483162522315979,-0.21410387754440308
11329,-0.4841458797454834,-0.18146681785583496
11330,-0.06745313107967377,-0.15021005272865295
11331,0.13752251863479614,-0.23216310143470764
11332,0.03745245933532715,-0.12242931127548218
11333,-0.29024484753608704,-0.17593249678611755
11334,-0.08942613005638123,-0.1825699508190155
11335,-0.484639048576355,0.021557986736297607
11336,0.2947201728820801,-0.08934319019317627
11337,-0.029803112149238586,-0.053101301193237305
11338,-0.12694138288497925,-0.09563153982162476
11339,-0.13238412141799927,-0.14665675163269043
11340,-0.16293340921401978,-0.10718387365341187
11341,-0.022465281188488007,-0.05452537536621094
11342,0.7664763927459717,-0.11734223365783691
11343,0.3373175859451294,-0.11267924308776855
11344,0.8379152417182922,-0.07689040899276733
11345,0.2957566976547241,0.10770481824874878
11346,0.17849548161029816,-0.06396293640136719
11347,-0.05485064908862114,-0.024342119693756104
11348,-0.5347563624382019,-0.024276912212371826
11349,-0.3468427062034607,-0.054915785789489746
11350,0.49505615234375,-0.048805058002471924
11351,-0.7156901955604553,-0.0884827971458435
11352,-0.21474504470825195,0.05069899559020996
11353,1.061337947845459,0.06235837936401367
11354,0.1319563090801239,-0.057843148708343506
11355,0.16589681804180145,-0.12388449907302856
11356,-0.5193771123886108,0.13875406980514526
11357,-0.07794959843158722,0.0012972354888916016
11358,0.4561598300933838,-0.09747856855392456
11359,0.35860246419906616,-0.07731950283050537
11360,-0.44166308641433716,-0.10521900653839111
11361,0.2743515372276306,-0.0200689435005188
11362,-0.46183836460113525,0.02552008628845215
11363,0.5878987312316895,-0.013829529285430908
11364,0.2955470085144043,-0.06856262683868408
11365,1.755906343460083,0.5049980878829956
11366,1.9858754873275757,0.8543628454208374
11367,0.9188311696052551,0.9481086730957031
11368,-0.5286758542060852,0.7622519731521606
11369,-0.8880017995834351,0.4639871120452881
11370,-0.037134990096092224,0.1353846788406372
11371,0.6664859056472778,0.0765618085861206
11372,-0.10117741674184799,0.0034746527671813965
11373,0.6028637290000916,0.05326652526855469
11374,0.5857347846031189,0.13269972801208496
11375,0.19187645614147186,-0.05434823036193848
11376,-0.4533247947692871,-0.11344707012176514
11377,0.2998771667480469,-0.0052953362464904785
11378,-0.07390441745519638,-0.07759612798690796
11379,-0.26414984464645386,-0.13915789127349854
11380,0.24938718974590302,-0.010486006736755371
11381,0.11141185462474823,-0.11913818120956421
11382,0.6792795062065125,-0.04958486557006836
11383,0.11163550615310669,-0.21432477235794067
11384,-0.6065099239349365,-0.15614116191864014
11385,-0.12885673344135284,-0.049492835998535156
11386,-0.36491453647613525,0.49552857875823975
11387,0.9073850512504578,-0.03755068778991699
11388,-0.003080137073993683,-0.04584097862243652
11389,1.2599204778671265,0.18283545970916748
11390,2.0990657806396484,0.6893957853317261
11391,-0.4428844451904297,0.20056003332138062
11392,0.2529566287994385,0.004863142967224121
11393,-0.7120534181594849,-0.0019959211349487305
11394,-0.9957993626594543,0.22202008962631226
11395,0.770404040813446,-0.017340123653411865
11396,0.14598284661769867,-0.09335267543792725
11397,0.45028436183929443,-0.07926923036575317
11398,0.268731951713562,0.05403852462768555
11399,1.3128843307495117,0.5774368047714233
11400,-1.0417900085449219,0.2409501075744629
11401,-0.4223155379295349,0.0995602011680603
11402,-0.22248151898384094,0.14075881242752075
11403,0.2064434438943863,0.06892925500869751
11404,-0.923229455947876,0.10585302114486694
11405,0.5282262563705444,0.1689389944076538
11406,0.8231242895126343,0.12681740522384644
11407,1.3120379447937012,0.21405762434005737
11408,0.5302413702011108,0.9448204040527344
11409,-0.3096938729286194,0.23726177215576172
11410,-0.28833264112472534,0.058301448822021484
11411,-0.15825559198856354,0.03412073850631714
11412,0.23565714061260223,0.16765379905700684
11413,0.502335250377655,-0.00725245475769043
11414,-0.2058756947517395,0.06761449575424194
11415,0.006362408399581909,0.02734297513961792
11416,0.7352088689804077,0.03604000806808472
11417,-0.12120886892080307,-0.027820885181427002
11418,0.4947770833969116,0.009687542915344238
11419,0.8395907282829285,0.3759582042694092
11420,0.5161260366439819,0.2955266833305359
11421,0.4500619173049927,0.37014734745025635
11422,0.3984759449958801,0.2893574833869934
11423,-0.7859945893287659,0.2987515330314636
11424,-0.06136820837855339,0.011956930160522461
11425,0.32576972246170044,-0.03360515832901001
11426,-1.5876657962799072,0.7161296606063843
11427,1.0156384706497192,0.2501140832901001
11428,-0.26850682497024536,0.29029178619384766
11429,0.22763536870479584,0.03075796365737915
11430,-0.2970547080039978,0.12553191184997559
11431,0.5496598482131958,-0.012869536876678467
11432,-0.6988688707351685,0.11777001619338989
11433,0.660453736782074,0.08204907178878784
11434,-0.553294837474823,0.040057599544525146
11435,0.4859350919723511,-0.006098508834838867
11436,-0.5860686898231506,0.10650545358657837
11437,0.8175405263900757,0.05588632822036743
11438,-0.7918873429298401,0.14713144302368164
11439,0.6167343258857727,-0.09281086921691895
11440,-1.06388258934021,0.23523229360580444
11441,0.38867801427841187,-0.049512505531311035
11442,-0.5037646889686584,-0.05020254850387573
11443,-0.3031977415084839,0.04384273290634155
11444,0.6047936081886292,0.22293925285339355
11445,0.674017071723938,-0.025613129138946533
11446,-0.08447927981615067,0.014217615127563477
11447,0.7856065034866333,0.12075239419937134
11448,0.4615812301635742,0.06994765996932983
11449,-0.9564715623855591,0.17749512195587158
11450,-1.1650447845458984,0.325544536113739
11451,-0.7823184728622437,0.7373033761978149
11452,0.0827198475599289,0.8314964771270752
11453,-0.5621473789215088,0.2950122356414795
11454,-0.2280426323413849,0.3129134774208069
11455,-2.619035243988037,2.064727783203125
11456,1.0113856792449951,0.6134490966796875
11457,-1.207557201385498,0.3643261194229126
11458,0.9790492653846741,0.4614495038986206
11459,0.7629789113998413,0.3255997896194458
11460,-0.9020819067955017,0.08581101894378662
11461,-0.2700294852256775,0.29878485202789307
11462,-0.3815304636955261,0.2051495909690857
11463,0.7835714817047119,0.1900709867477417
11464,0.5864784717559814,0.19247126579284668
11465,-0.8819814920425415,0.07332319021224976
11466,-0.6019150614738464,-0.06879174709320068
11467,0.8702164888381958,0.35540151596069336
11468,-0.9593181610107422,0.13911902904510498
11469,-0.28751784563064575,-0.007080018520355225
11470,-0.13816222548484802,0.8040392398834229
11471,-1.121684193611145,0.49382519721984863
11472,0.7485175728797913,0.3097580671310425
11473,-0.12675486505031586,-0.010848283767700195
11474,1.3090167045593262,0.20546072721481323
11475,0.05488881468772888,-0.057653188705444336
11476,-1.2564071416854858,0.4119999408721924
11477,1.2031573057174683,0.180861234664917
11478,-1.0691783428192139,0.24010437726974487
11479,-1.2476986646652222,0.39839696884155273
11480,0.8493636846542358,0.06326043605804443
11481,0.461492121219635,-0.07233673334121704
11482,0.25986868143081665,0.025788426399230957
11483,-0.23203016817569733,0.0919649600982666
11484,1.3605318069458008,0.243830144405365
11485,-0.9443540573120117,0.12548953294754028
11486,0.2608402371406555,0.1151546835899353
11487,-0.24774226546287537,-0.05626702308654785
11488,-1.1568403244018555,0.5267236232757568
11489,0.585027277469635,-0.06142377853393555
11490,0.2504444718360901,-0.025590717792510986
11491,-0.49468594789505005,0.10140818357467651
11492,0.20125620067119598,0.008411109447479248
11493,0.5054601430892944,-0.00026679039001464844
11494,1.2101502418518066,0.15265601873397827
11495,-0.08514509350061417,0.3297683596611023
11496,-2.2066102027893066,1.284384846687317
11497,1.493166208267212,0.3242393732070923
11498,0.16218774020671844,-0.002933979034423828
11499,0.9134969115257263,-0.03352797031402588
11500,-0.307283490896225,-0.003924429416656494
11501,-1.222182273864746,0.38057780265808105
11502,0.5365992188453674,0.024534940719604492
11503,-0.6931506395339966,0.5215669870376587
11504,-0.22870543599128723,0.10170012712478638
11505,-0.043369174003601074,0.11132669448852539
11506,1.6358647346496582,0.41074955463409424
11507,-0.343109667301178,0.012427747249603271
11508,1.1262366771697998,0.09475231170654297
11509,0.673995316028595,0.09980261325836182
11510,0.5829201340675354,0.04378098249435425
11511,-0.45320868492126465,-0.07660740613937378
11512,-0.6130465269088745,-0.08675938844680786
11513,-0.30010491609573364,-0.06470286846160889
11514,0.5130177736282349,-0.04074859619140625
11515,0.4706574082374573,-0.14371216297149658
11516,0.8767640590667725,-4.76837158203125e-07
11517,0.5242590308189392,-0.04692286252975464
11518,-0.008934006094932556,-0.04467552900314331
11519,0.5350721478462219,0.035268306732177734
11520,0.5356394052505493,-0.05049920082092285
11521,-0.5785017013549805,0.13914096355438232
11522,0.22860373556613922,0.02051401138305664
11523,-0.13765579462051392,-0.039607346057891846
11524,0.9154844880104065,0.18307363986968994
11525,-0.04353441298007965,0.34918463230133057
11526,0.2845190167427063,0.050511837005615234
11527,-0.7662520408630371,-0.0315854549407959
11528,0.6964775323867798,-0.13764047622680664
11529,-0.3784269094467163,0.02739804983139038
11530,-0.628273606300354,0.004944860935211182
11531,0.7021212577819824,0.04012113809585571
11532,0.024864375591278076,-0.057599008083343506
11533,-0.016670487821102142,-0.02810424566268921
11534,-1.1685234308242798,0.3313053846359253
11535,0.41102325916290283,0.0001481771469116211
11536,-0.8822939991950989,0.06769317388534546
11537,-0.8923978209495544,0.17709088325500488
11538,0.8876910209655762,-0.017521679401397705
11539,0.6630849838256836,-0.11051452159881592
11540,-0.34612318873405457,-0.031496405601501465
11541,0.5859395265579224,-0.20856910943984985
11542,-0.2966425120830536,-0.03888815641403198
11543,1.496261477470398,0.3261154890060425
11544,0.6747256517410278,0.007077276706695557
11545,-0.7658954858779907,-0.017213761806488037
11546,-0.07898837327957153,-0.01202923059463501
11547,0.5047755837440491,-0.004583179950714111
11548,-0.8390682339668274,0.06981974840164185
11549,-1.2080386877059937,0.36757779121398926
11550,-1.7244378328323364,0.9555463790893555
11551,1.0594357252120972,0.0856093168258667
11552,-0.46215230226516724,0.09863674640655518
11553,-1.4850406646728516,0.8819608688354492
11554,-0.13170883059501648,0.4306858777999878
11555,-0.9860671162605286,0.36956942081451416
11556,0.09482142329216003,0.4282851219177246
11557,0.297355055809021,0.1432706117630005
11558,-0.6148492097854614,0.6031827926635742
11559,-0.3716328740119934,0.4444688558578491
11560,0.2278367131948471,0.7694028615951538
11561,1.0630968809127808,0.19005978107452393
11562,1.2015167474746704,0.15721487998962402
11563,0.3926938772201538,0.21881842613220215
11564,-1.04798424243927,0.21472513675689697
11565,1.0392396450042725,0.05221027135848999
11566,-0.4717063903808594,-0.021069467067718506
11567,0.4310704469680786,-0.1013486385345459
11568,-0.35514408349990845,-0.0005590319633483887
11569,-0.12435820698738098,-0.1058732271194458
11570,0.3010316491127014,-0.07718348503112793
11571,-1.3628627061843872,0.5612345933914185
11572,0.4916797876358032,-0.1542060375213623
11573,-0.24695029854774475,-0.06149667501449585
11574,-1.1045691967010498,0.27112627029418945
11575,1.2196989059448242,0.24528855085372925
11576,-0.7676740288734436,-0.02517879009246826
11577,0.7422059178352356,-0.017725884914398193
11578,0.006055280566215515,0.001713097095489502
11579,-0.15725387632846832,-0.017092108726501465
11580,0.14294789731502533,-0.12697845697402954
11581,1.3852128982543945,0.25879335403442383
11582,-1.0319181680679321,0.20589572191238403
11583,0.8346314430236816,-0.07505238056182861
11584,0.12213537096977234,-0.14789149165153503
11585,0.7180758118629456,-0.14811894297599792
11586,-0.041902653872966766,-0.14828723669052124
11587,0.3507845997810364,-0.14133280515670776
11588,-0.4449489712715149,-0.056937336921691895
11589,0.5945822596549988,-0.11509579420089722
11590,-0.26661527156829834,-0.12982147932052612
11591,-0.748228132724762,-0.05468565225601196
11592,-0.4468501806259155,0.06465810537338257
11593,0.9568682312965393,-0.0016592741012573242
11594,-0.13174445927143097,-0.1331464648246765
11595,-0.7720449566841125,0.08243542909622192
11596,1.6650285720825195,0.4284299612045288
11597,0.07413545250892639,-0.01039266586303711
11598,0.9079782366752625,-0.030674099922180176
11599,-0.5659952759742737,-0.062379419803619385
11600,0.3572661876678467,-0.10505098104476929
11601,-0.2563745379447937,-0.10277736186981201
11602,-0.014302708208560944,-0.15927746891975403
11603,0.1998322755098343,-0.07043594121932983
11604,0.3339913487434387,-0.17510688304901123
11605,-0.38265669345855713,-0.07353496551513672
11606,0.4320073127746582,-0.23931434750556946
11607,-0.46135538816452026,-0.1771101951599121
11608,-0.8003502488136292,-0.009678006172180176
11609,-0.21218770742416382,-0.165298730134964
11610,-0.837149441242218,0.027063965797424316
11611,1.252893328666687,0.1785752773284912
11612,-0.11943910270929337,-0.2179822027683258
11613,0.4962431788444519,-0.17710933089256287
11614,0.2759864330291748,-0.193636953830719
11615,0.3771892189979553,-0.13301688432693481
11616,0.43522530794143677,-0.05597245693206787
11617,0.0873676985502243,-0.09348952770233154
11618,-0.4554610848426819,-0.057788312435150146
11619,0.36907005310058594,-0.08097374439239502
11620,-0.7183291912078857,-0.017451822757720947
11621,-0.12223964184522629,-0.1848452389240265
11622,-0.5554602146148682,0.09015804529190063
11623,0.825316309928894,0.06112271547317505
11624,1.0244203805923462,0.03615039587020874
11625,-0.43055182695388794,-0.04353863000869751
11626,-0.655243992805481,0.07326442003250122
11627,-0.48263466358184814,0.06707406044006348
11628,-0.8721638917922974,0.3931382894515991
11629,0.4209446310997009,-0.01824253797531128
11630,0.6783126592636108,0.2041947841644287
11631,0.22548328340053558,-0.07540172338485718
11632,-0.05222170427441597,-0.03513205051422119
11633,-1.499473214149475,0.6351591348648071
11634,0.4191684126853943,0.04003411531448364
11635,-2.03432035446167,1.312347173690796
11636,-0.14034044742584229,0.2043800950050354
11637,-0.37235087156295776,0.8627454042434692
11638,-0.6438025832176208,0.3323519229888916
11639,1.4678744077682495,0.6463615894317627
11640,-0.9883207678794861,0.33577877283096313
11641,0.6869720816612244,0.10661131143569946
11642,-0.21439805626869202,0.19280272722244263
11643,-0.6023702025413513,0.30702728033065796
11644,0.9830757975578308,0.37272775173187256
11645,0.46050530672073364,0.2661142945289612
11646,0.4834340214729309,0.10399407148361206
11647,0.08331833779811859,0.4458160400390625
11648,1.2702770233154297,0.18289321660995483
11649,2.299516201019287,0.8130676746368408
11650,-1.4202662706375122,0.5624270439147949
11651,-0.3836537003517151,0.2503296136856079
11652,0.4088594317436218,-0.0237157940864563
11653,0.039073362946510315,0.059701502323150635
11654,0.15243001282215118,0.014571845531463623
11655,0.0064956992864608765,0.38736605644226074
11656,-0.16948431730270386,0.2252841591835022
11657,0.06729419529438019,-0.10001802444458008
11658,-0.1983019858598709,0.035868704319000244
11659,0.19745098054409027,-0.03701978921890259
11660,0.5463336110115051,-0.08180117607116699
11661,0.26734209060668945,0.010165870189666748
11662,-0.3249780833721161,0.43205201625823975
11663,0.17893986403942108,0.09829682111740112
11664,-1.1917551755905151,0.35193705558776855
11665,-2.8230533599853516,1.8503433465957642
11666,-2.5274858474731445,4.919172763824463
11667,1.2310174703598022,0.9438380002975464
11668,1.486670732498169,0.5634208917617798
11669,1.2408162355422974,0.350971519947052
11670,1.535831332206726,0.34538042545318604
11671,-0.8193255066871643,0.05349642038345337
11672,-0.2306470423936844,-0.014430403709411621
11673,0.035437047481536865,-0.13582205772399902
11674,0.2910436987876892,-0.14001858234405518
11675,-0.8381484150886536,0.02796715497970581
11676,-0.4757886528968811,-0.018523216247558594
11677,1.221530556678772,0.15956181287765503
11678,0.14669479429721832,-0.06592470407485962
11679,-0.5548705458641052,-0.08122903108596802
11680,0.5148485898971558,-0.1534615457057953
11681,0.4416854977607727,-0.2663355767726898
11682,0.8709750175476074,-0.018625855445861816
11683,0.6419209241867065,-0.12203174829483032
11684,0.7196171283721924,-0.08817023038864136
11685,0.09599906206130981,-0.08448779582977295
11686,0.031228572130203247,-0.07786965370178223
11687,0.9578902125358582,-0.0006340146064758301
11688,1.1771074533462524,0.12760591506958008
11689,0.24465666711330414,0.07353270053863525
11690,-0.05777706578373909,-0.11134988069534302
11691,0.1966957300901413,-0.10032308101654053
11692,-0.16485825181007385,-0.07991451025009155
11693,-0.28442177176475525,-0.13654083013534546
11694,0.26248854398727417,-0.10680478811264038
11695,0.1597728580236435,-0.18700140714645386
11696,0.9362512230873108,-0.010423541069030762
11697,0.011580735445022583,-0.0827627182006836
11698,0.06319564580917358,-0.05972939729690552
11699,0.23995794355869293,-0.09587085247039795
11700,0.3572239279747009,-0.15263983607292175
11701,0.07705976068973541,0.007989883422851562
11702,-0.09198705852031708,-0.1210142970085144
11703,-0.3311942517757416,-0.15446597337722778
11704,0.7639175057411194,-0.12381547689437866
11705,0.40690892934799194,-0.019169390201568604
11706,-0.16207757592201233,-0.12232941389083862
11707,0.4027937054634094,-0.14680427312850952
11708,0.07448598742485046,-0.2073441743850708
11709,-0.17559051513671875,-0.10860270261764526
11710,-0.3196852207183838,-0.13782209157943726
11711,0.5773044228553772,0.16437089443206787
11712,0.4863138794898987,-0.13390344381332397
11713,0.5967034697532654,0.08087819814682007
11714,-0.09803485125303268,-0.01927495002746582
11715,0.2935641407966614,-0.06456196308135986
11716,-0.15508446097373962,-0.10602545738220215
11717,0.08699819445610046,-0.18690508604049683
11718,0.2951534390449524,-0.11935430765151978
11719,0.34485161304473877,-0.0675729513168335
11720,0.6989032626152039,-0.05982661247253418
11721,-0.21141135692596436,-0.045692503452301025
11722,-0.06647931039333344,-0.10273927450180054
11723,0.2355511635541916,-0.1914236843585968
11724,0.15779118239879608,-0.13082069158554077
11725,0.6196537613868713,0.00025200843811035156
11726,-0.6106165647506714,0.2637936472892761
11727,-0.27599334716796875,-0.09205734729766846
11728,0.5307352542877197,-0.0766981840133667
11729,-0.4903072118759155,0.011153459548950195
11730,0.06553110480308533,0.015782296657562256
11731,-0.8125588893890381,0.13883793354034424
11732,0.050470396876335144,-0.09144139289855957
11733,-0.0890563353896141,-0.018558621406555176
11734,-0.32135799527168274,-0.06915420293807983
11735,0.30116909742355347,0.026635050773620605
11736,-0.9357161521911621,0.11725306510925293
11737,0.6210822463035583,-0.011527299880981445
11738,-1.370877742767334,0.517095685005188
11739,-0.35627269744873047,0.24427783489227295
11740,0.0627686083316803,0.49370503425598145
11741,0.9027581810951233,0.2570425868034363
11742,-0.7275851964950562,0.2639477252960205
11743,-1.6179479360580444,0.743931770324707
11744,0.18600477278232574,0.289581835269928
11745,-0.21302103996276855,0.047555744647979736
11746,0.6744210124015808,0.1453249454498291
11747,0.8973739743232727,0.15982985496520996
11748,0.948974072933197,0.06919753551483154
11749,0.07805506885051727,0.027356743812561035
11750,0.7233871817588806,0.07150846719741821
11751,0.8044102787971497,-0.020281493663787842
11752,1.3294917345046997,0.4625934362411499
11753,0.010485105216503143,0.21822786331176758
11754,-1.0658644437789917,0.23706096410751343
11755,-1.1009079217910767,0.2692326307296753
11756,0.4444742202758789,0.005150854587554932
11757,-1.03510320186615,0.2138504981994629
11758,-1.0597482919692993,0.31612300872802734
11759,1.3430861234664917,0.23325413465499878
11760,0.34017449617385864,-0.05476820468902588
11761,-0.7561997771263123,-0.05053430795669556
11762,-1.2664532661437988,0.4212232828140259
11763,-0.12964051961898804,0.026262760162353516
11764,-0.23842285573482513,0.08399492502212524
11765,-0.33490779995918274,0.18483728170394897
11766,-0.5083908438682556,0.431179404258728
11767,0.5205527544021606,0.14237433671951294
11768,-0.3130356967449188,0.040489256381988525
11769,-0.12357248365879059,-0.07597142457962036
11770,-0.21835166215896606,0.04131263494491577
11771,0.7335978746414185,-0.052988290786743164
11772,-0.08307214081287384,-0.07274240255355835
11773,-0.5581269264221191,0.348011314868927
11774,-0.8417773246765137,0.21072185039520264
11775,-0.04379924386739731,0.41650235652923584
11776,-0.753467857837677,0.35491442680358887
11777,-0.20521749556064606,-0.07535731792449951
11778,1.3171361684799194,0.21681785583496094
11779,-0.9403583407402039,0.12183272838592529
11780,-1.0278210639953613,0.7668247222900391
11781,0.11819957196712494,0.01546323299407959
11782,-1.7986911535263062,1.1284106969833374
11783,1.1848065853118896,0.4313889741897583
11784,-1.0536656379699707,0.5542188882827759
11785,0.7905402183532715,2.888612747192383
11786,-2.0443899631500244,1.1354496479034424
11787,1.7588764429092407,0.6034135818481445
11788,0.5903483629226685,0.28804606199264526
11789,0.029658615589141846,0.13855761289596558
11790,1.572219967842102,0.37215375900268555
11791,-0.2091227024793625,0.3493889570236206
11792,0.39124321937561035,0.1414703130722046
11793,0.48015522956848145,0.0244218111038208
11794,-0.7429006695747375,0.0739278793334961
11795,1.0708390474319458,0.06788301467895508
11796,-0.6894140243530273,-0.028709053993225098
11797,-0.5354307889938354,-0.03574848175048828
11798,-0.9201638698577881,0.16927337646484375
11799,-0.23477895557880402,0.1322956085205078
11800,0.4326714277267456,-0.12824487686157227
11801,-0.10889343917369843,-0.13636618852615356
11802,0.7840859293937683,-0.10810798406600952
11803,-1.0230709314346313,0.19776737689971924
11804,-0.26889318227767944,0.10118365287780762
11805,0.046557873487472534,0.0786699652671814
11806,-0.8360903859138489,0.17291748523712158
11807,-0.5953015685081482,0.18209731578826904
11808,-0.36625003814697266,0.20604264736175537
11809,1.3743867874145508,0.2522295117378235
11810,-0.41624313592910767,0.21534007787704468
11811,-0.6086879372596741,0.20966178178787231
11812,0.5136432647705078,0.17809772491455078
11813,0.5671914219856262,0.14921820163726807
11814,-2.826587438583374,1.8519009351730347
11815,-0.1658375859260559,0.5910059213638306
11816,1.2900491952896118,0.6206786632537842
11817,-0.5327056646347046,0.18153589963912964
11818,0.9760066866874695,0.5847445726394653
11819,1.0448106527328491,0.10263240337371826
11820,0.09921307861804962,-0.07647895812988281
11821,-1.0319017171859741,0.20588064193725586
11822,1.010351300239563,0.030358850955963135
11823,-0.31404775381088257,-0.1093176007270813
11824,0.6433506011962891,-0.026305556297302246
11825,-0.4640805125236511,-0.04112619161605835
11826,0.1980532854795456,-0.053070247173309326
11827,-0.021104998886585236,-0.04322022199630737
11828,0.8949863314628601,-0.014913022518157959
11829,0.9093529582023621,0.0020113587379455566
11830,0.7023561000823975,0.15365135669708252
11831,-0.4394463300704956,0.03742349147796631
11832,1.5494722127914429,0.7032676935195923
11833,-0.7367772459983826,0.1913476586341858
11834,0.4136640429496765,0.2341734766960144
11835,-0.832963764667511,0.1830396056175232
11836,-1.6394283771514893,0.763653039932251
11837,-1.990830421447754,1.4793225526809692
11838,2.573727607727051,0.9793218374252319
11839,2.3858566284179688,0.8654278516769409
11840,-0.9390621781349182,0.45666635036468506
11841,0.7053031325340271,0.17112195491790771
11842,-1.0945563316345215,0.26340413093566895
11843,-0.9899560809135437,0.38644468784332275
11844,1.50403892993927,0.3308308720588684
11845,0.07711680233478546,-0.03831756114959717
11846,1.168679118156433,0.12500536441802979
11847,0.12458853423595428,-0.05056464672088623
11848,-0.8583310842514038,0.30868393182754517
11849,-1.5444133281707764,0.6764193773269653
11850,-1.2486512660980225,0.40088093280792236
11851,0.7964995503425598,-0.022607028484344482
11852,-0.6031412482261658,0.3114432096481323
11853,-0.11021041870117188,-0.017709732055664062
11854,-0.37827134132385254,0.22293376922607422
11855,0.7729483842849731,0.5567547082901001
11856,0.4693848490715027,-0.020634353160858154
11857,-0.9740221500396729,0.18673300743103027
11858,0.218983992934227,-0.03556668758392334
11859,-0.055880237370729446,0.2615000009536743
11860,0.17553164064884186,0.23472434282302856
11861,0.6114783883094788,0.10489970445632935
11862,-1.8698152303695679,0.9751720428466797
11863,0.4858010411262512,0.4186286926269531
11864,-0.5089319944381714,0.3008660078048706
11865,1.548447608947754,0.3577533960342407
11866,0.754727303981781,0.07444369792938232
11867,0.006802491843700409,0.006298184394836426
11868,-0.1665513962507248,-0.1229255199432373
11869,-0.517388641834259,-0.17173755168914795
11870,-1.6232995986938477,0.748845100402832
11871,-2.2850513458251953,1.8714996576309204
11872,-0.48361045122146606,1.9225343465805054
11873,0.37157130241394043,0.5222991704940796
11874,1.4539724588394165,0.2946295142173767
11875,0.8684617877006531,0.026965677738189697
11876,0.27629590034484863,-0.07129919528961182
11877,-0.16818439960479736,-0.11412370204925537
11878,-0.10452085733413696,0.16233611106872559
11879,1.2029304504394531,0.1481800675392151
11880,0.19265349209308624,0.2316187620162964
11881,1.2520477771759033,0.28449147939682007
11882,-0.21415303647518158,-0.062461793422698975
11883,-0.6935078501701355,-0.10914957523345947
11884,0.5843126773834229,-0.21612250804901123
11885,0.5001423954963684,-0.14223378896713257
11886,0.4293789863586426,-0.1185653805732727
11887,-0.162650465965271,-0.1831241250038147
11888,0.09710615873336792,-0.21784237027168274
11889,0.059547021985054016,-0.16109275817871094
11890,0.38443422317504883,-0.20213094353675842
11891,-0.034303948283195496,-0.18865150213241577
11892,0.20336459577083588,-0.24148210883140564
11893,0.19406826794147491,-0.17302244901657104
11894,0.02355855703353882,-0.15725398063659668
11895,0.7601207494735718,-0.12536722421646118
11896,0.7470809817314148,-0.10561788082122803
11897,0.208161398768425,0.019884884357452393
11898,-0.6059646606445312,-0.07248646020889282
11899,0.5966859459877014,-0.1311638355255127
11900,-0.3097776770591736,-0.1727546751499176
11901,-0.13444112241268158,-0.17267754673957825
11902,-0.5374428033828735,-0.08319753408432007
11903,-1.8929591178894043,0.9964203834533691
11904,-1.0884079933166504,0.9181355237960815
11905,0.6950017809867859,0.09899789094924927
11906,-0.4560317397117615,0.14376205205917358
11907,1.5573928356170654,0.36317646503448486
11908,0.5397446155548096,0.07830995321273804
11909,0.8721300363540649,-0.026417434215545654
11910,-0.04864262416958809,-0.046679556369781494
11911,-0.5470019578933716,-0.0906267762184143
11912,-0.544438362121582,0.25836074352264404
11913,-0.41302525997161865,-0.0643046498298645
11914,0.7240973114967346,-0.14764687418937683
11915,-0.5628446936607361,-0.1350535750389099
11916,-0.5060809254646301,-0.07505953311920166
11917,0.780907154083252,-0.10761761665344238
11918,-0.8190138936042786,0.010098040103912354
11919,0.44566524028778076,-0.052267491817474365
11920,-0.7706280946731567,0.012128591537475586
11921,0.802264928817749,-0.09482347965240479
11922,-0.6022743582725525,-0.12686508893966675
11923,1.835981845855713,0.5320694446563721
11924,-0.42356330156326294,-0.02582252025604248
11925,-0.2460329383611679,-0.12759864330291748
11926,-0.262779176235199,-0.17093908786773682
11927,-0.12724202871322632,-0.18549883365631104
11928,-0.6054738759994507,-0.17459583282470703
11929,0.9518066048622131,-0.010714352130889893
11930,-0.7750766277313232,-0.02992326021194458
11931,-0.012347884476184845,-0.14597785472869873
11932,0.6368603110313416,-0.0905604362487793
11933,0.5541461706161499,-0.034850120544433594
11934,-0.751835823059082,-0.05290347337722778
11935,-0.4988667964935303,0.07026827335357666
11936,-1.3323724269866943,0.4773186445236206
11937,0.10805228352546692,0.18725407123565674
11938,0.7480134963989258,0.07693356275558472
11939,0.0693577378988266,-0.03848862648010254
11940,-1.0435749292373657,0.21471238136291504
11941,-1.073967695236206,0.6908601522445679
11942,0.14048561453819275,0.18954312801361084
11943,0.10861815512180328,-0.006604611873626709
11944,1.1722279787063599,0.5157240629196167
11945,0.0397084504365921,0.07618290185928345
11946,0.9573320746421814,-0.007232248783111572
11947,0.1428491622209549,-0.11732161045074463
11948,-1.0819350481033325,0.2518165111541748
11949,-1.8716024160385132,0.9738068580627441
11950,-0.870717465877533,0.2748922109603882
11951,-0.8411189317703247,0.8820527791976929
11952,0.11543203890323639,0.5225329399108887
11953,-0.3375653624534607,0.738440752029419
11954,0.20379625260829926,0.3675893545150757
11955,2.0016372203826904,0.6324970722198486
11956,0.07999582588672638,0.22356152534484863
11957,-1.169101357460022,0.3318440914154053
11958,0.9721543192863464,0.008333086967468262
11959,0.39786970615386963,-0.08503878116607666
11960,-0.4496006965637207,-0.01809215545654297
11961,1.2180964946746826,0.15739142894744873
11962,-0.9350430369377136,0.11289674043655396
11963,0.019330203533172607,-0.14605632424354553
11964,0.8294252753257751,-0.08343857526779175
11965,0.151022806763649,-0.1731906533241272
11966,0.13218483328819275,-0.1430700421333313
11967,-1.0729403495788574,0.24355846643447876
11968,1.2018563747406006,0.14763444662094116
11969,0.2530638575553894,-0.06737738847732544
11970,-1.0874797105789185,0.25690704584121704
11971,-1.2321096658706665,0.3896915912628174
11972,1.8153516054153442,0.5195624828338623
11973,-0.48761802911758423,-0.025857508182525635
11974,0.38904011249542236,0.12382549047470093
11975,-1.1593427658081055,0.3228846788406372
11976,1.7863337993621826,0.5272566080093384
11977,1.3065543174743652,0.29498928785324097
11978,0.1435384750366211,0.076321542263031
11979,0.7199105620384216,-0.054901719093322754
11980,0.193479523062706,-0.0383380651473999
11981,-0.41684460639953613,-0.0335383415222168
11982,1.1294866800308228,0.10370290279388428
11983,-0.3388908803462982,-0.0014240145683288574
11984,0.8544554710388184,-0.06354039907455444
11985,0.4130737781524658,-0.13581568002700806
11986,-0.246681347489357,-0.11675995588302612
11987,0.20545484125614166,-0.12785744667053223
11988,0.7989383935928345,-0.07521241903305054
11989,-0.32802873849868774,-0.1303275227546692
11990,-0.5849058032035828,-0.11200302839279175
11991,0.5523558855056763,-0.134135901927948
11992,-0.5258412957191467,-0.12426543235778809
11993,0.5300894975662231,-0.1998896598815918
11994,0.17922775447368622,-0.13753408193588257
11995,0.5642560124397278,-0.24211207032203674
11996,-0.31604668498039246,-0.14720487594604492
11997,0.33125996589660645,-0.20435220003128052
11998,-0.3325382471084595,-0.174876868724823
11999,0.4031420350074768,-0.2168041467666626
12000,0.1034654974937439,-0.1633296012878418
12001,0.49526333808898926,-0.12318843603134155
12002,0.708577573299408,-0.14495280385017395
12003,0.27716249227523804,-0.05643033981323242
12004,0.10520461201667786,-0.017658233642578125
12005,0.08967314660549164,-0.08564329147338867
12006,0.5775108933448792,-0.08669483661651611
12007,-0.4878709316253662,0.00680166482925415
12008,-0.1555800437927246,-0.11306869983673096
12009,0.5259640216827393,-0.07397466897964478
12010,-0.3889845013618469,-0.11442220211029053
12011,0.21355251967906952,-0.2109685242176056
12012,0.1158924549818039,-0.12139910459518433
12013,0.2934279441833496,-0.2264561951160431
12014,0.6868907809257507,-0.1296098828315735
12015,-0.11093804985284805,-0.04897874593734741
12016,0.27541548013687134,-0.17456087470054626
12017,0.20770405232906342,-0.10893207788467407
12018,1.4978147745132446,0.32705479860305786
12019,-0.9463955760002136,0.12613636255264282
12020,-0.3555869460105896,-0.00022029876708984375
12021,-0.10012136399745941,-0.12235826253890991
12022,-0.3788990378379822,-0.07066214084625244
12023,0.2633536458015442,-0.1036757230758667
12024,0.8476492166519165,-0.05349618196487427
12025,0.09382978081703186,-0.14889878034591675
12026,0.35842305421829224,-0.09409135580062866
12027,-0.6529310941696167,-0.054122984409332275
12028,0.03711913526058197,-0.16251236200332642
12029,0.3032705783843994,-0.15249276161193848
12030,-0.5444270968437195,-0.021881818771362305
12031,-0.5133350491523743,0.31829363107681274
12032,0.8641418814659119,-0.061189472675323486
12033,0.15021507441997528,-0.1267549991607666
12034,-0.10894664376974106,-0.055334389209747314
12035,0.5689558386802673,-0.08126074075698853
12036,0.24289847910404205,0.21123605966567993
12037,0.12497386336326599,-0.12835246324539185
12038,-0.6560381054878235,0.016599178314208984
12039,0.3668357729911804,-0.12160646915435791
12040,0.6881382465362549,-0.15434852242469788
12041,0.5292840600013733,-0.12222236394882202
12042,0.44411104917526245,-0.022324562072753906
12043,-0.6483281254768372,-0.0524907112121582
12044,-0.07365351915359497,-0.10469073057174683
12045,0.7021235823631287,-0.13505709171295166
12046,-0.3055482506752014,-0.11522132158279419
12047,0.47663599252700806,0.0031853318214416504
12048,-0.18329674005508423,0.0225333571434021
12049,0.6120729446411133,-0.03366369009017944
12050,-0.17113947868347168,-0.08774816989898682
12051,0.8555294871330261,-0.027850687503814697
12052,-0.3659106492996216,-3.039836883544922e-05
12053,-0.17762255668640137,-0.11685913801193237
12054,-0.4251503348350525,-0.09247857332229614
12055,0.09771372377872467,-0.1553468108177185
12056,0.6213799118995667,-0.18058878183364868
12057,0.08507399260997772,-0.15863952040672302
12058,0.4498257040977478,-0.10149425268173218
12059,0.19045241177082062,-0.0983356237411499
12060,-0.20534509420394897,-0.12133216857910156
12061,0.4893648624420166,-0.24321436882019043
12062,-0.7725402116775513,0.08610451221466064
12063,-0.11797145009040833,-0.05471396446228027
12064,0.6892848014831543,-0.16904598474502563
12065,0.27311021089553833,-0.2442055642604828
12066,0.7124291062355042,0.02856212854385376
12067,-0.3769667148590088,-0.04843580722808838
12068,-0.32145053148269653,-0.08397310972213745
12069,0.0464395135641098,-0.16744881868362427
12070,-0.0825873613357544,-0.031077563762664795
12071,1.2114455699920654,0.15304017066955566
12072,1.2709797620773315,0.18897509574890137
12073,1.2798470258712769,0.252547025680542
12074,-0.6039891242980957,0.2612878084182739
12075,0.07209441065788269,0.02961564064025879
12076,-0.3409309983253479,-0.014174342155456543
12077,-0.42100781202316284,-0.08116459846496582
12078,-0.7307208776473999,-0.07254582643508911
12079,1.090964674949646,0.07955384254455566
12080,-0.27233749628067017,-0.13749772310256958
12081,1.0128259658813477,0.03303563594818115
12082,-0.5150717496871948,-0.061452388763427734
12083,-0.20694983005523682,-0.04834693670272827
12084,0.16864483058452606,-0.15027344226837158
12085,-0.1985151320695877,-0.2604121267795563
12086,0.2101197987794876,-0.13653075695037842
12087,0.11603334546089172,-0.18595048785209656
12088,-0.7823378443717957,-0.0243833065032959
12089,0.2597438097000122,-0.17464596033096313
12090,-0.1928899884223938,-0.0839301347732544
12091,-0.17668789625167847,-0.13403546810150146
12092,-0.10168000310659409,-0.14769500494003296
12093,0.8223218321800232,-0.08270198106765747
12094,-0.5896927118301392,-0.13017505407333374
12095,0.17974714934825897,-0.15041100978851318
12096,0.7306680679321289,0.11581641435623169
12097,0.40755778551101685,0.029389023780822754
12098,0.3341063857078552,-0.06708091497421265
12099,0.03412608802318573,-0.15515485405921936
12100,0.6636992692947388,-0.0708433985710144
12101,0.09907466173171997,0.007374882698059082
12102,0.22658105194568634,0.18807095289230347
12103,-0.4176340699195862,-0.030298054218292236
12104,0.35125094652175903,0.08791869878768921
12105,-0.03201235830783844,-0.06342482566833496
12106,-0.02508692443370819,-0.0692560076713562
12107,0.44619905948638916,0.0342831015586853
12108,-0.3433077931404114,-0.10746026039123535
12109,-0.5719908475875854,-0.0872756838798523
12110,0.6884048581123352,-0.1239061951637268
12111,-0.17259502410888672,-0.07913929224014282
12112,-0.17383024096488953,-0.05699265003204346
12113,-0.029317952692508698,-0.18524685502052307
12114,-0.07394640147686005,-0.11326396465301514
12115,0.08076705038547516,-0.11761945486068726
12116,0.21768979728221893,-0.14895930886268616
12117,0.2079222947359085,-0.12897861003875732
12118,0.4141414761543274,-0.14251458644866943
12119,-0.14100052416324615,-0.12322497367858887
12120,0.06824947893619537,-0.13461172580718994
12121,0.6983800530433655,-0.1629478931427002
12122,-0.09091485291719437,0.029398858547210693
12123,-0.39676350355148315,-0.15798607468605042
12124,2.0324461460113525,0.651174783706665
12125,0.5606706738471985,0.570456862449646
12126,1.257194995880127,0.948300838470459
12127,0.5912773013114929,0.6075249910354614
12128,-1.303573727607727,0.4553036689758301
12129,-0.5371493697166443,0.35102468729019165
12130,0.9682837128639221,0.008710801601409912
12131,-0.2616640031337738,-0.06045597791671753
12132,-0.5755956172943115,0.043285369873046875
12133,0.39729779958724976,-0.02869635820388794
12134,1.0476644039154053,0.05079293251037598
12135,0.1205308586359024,0.161668598651886
12136,1.1141825914382935,0.0879666805267334
12137,0.6878964900970459,0.07451975345611572
12138,1.540138602256775,0.4143182039260864
12139,-0.8619211316108704,0.2036435604095459
12140,-0.8800130486488342,0.16818970441818237
12141,-0.21124210953712463,-0.050041258335113525
12142,-0.5991038084030151,-0.028389811515808105
12143,0.496421754360199,-0.09292811155319214
12144,-0.7688536047935486,-0.03767663240432739
12145,-0.06772129982709885,-0.016023457050323486
12146,-0.09544550627470016,-0.09531956911087036
12147,-0.28023552894592285,-0.17685139179229736
12148,-0.4660640358924866,-0.037370145320892334
12149,0.3326522707939148,-0.2337968647480011
12150,0.23363380134105682,-0.1885269284248352
12151,0.4250319004058838,-0.21737352013587952
12152,1.1237316131591797,0.09958082437515259
12153,-0.3716340661048889,-0.1511659324169159
12154,0.8811582326889038,-0.052369534969329834
12155,0.27195078134536743,-0.12102282047271729
12156,0.9005116820335388,-0.04192465543746948
12157,-0.3796060085296631,-0.050674498081207275
12158,0.5592161417007446,-0.008128762245178223
12159,-0.25323039293289185,-0.14134687185287476
12160,0.20311857759952545,-0.13242924213409424
12161,0.8847894072532654,-0.051721274852752686
12162,0.24528710544109344,-0.07901644706726074
12163,-0.19468462467193604,-0.19106245040893555
12164,-0.0685565173625946,-0.11769706010818481
12165,-0.08493028581142426,-0.132532000541687
12166,-0.33036351203918457,-0.0502970814704895
12167,-0.02137085795402527,-0.0872754454612732
12168,0.48834484815597534,-0.17939019203186035
12169,-0.1107202097773552,-0.0273284912109375
12170,-0.04130449891090393,-0.06176435947418213
12171,0.07598067820072174,-0.07667714357376099
12172,-0.26939868927001953,-0.12457823753356934
12173,-0.6727493405342102,-0.08568370342254639
12174,0.024447858333587646,-0.09174084663391113
12175,-0.04496336355805397,-0.18715006113052368
12176,0.33355534076690674,-0.16269266605377197
12177,0.6922166347503662,-0.16411426663398743
12178,-0.9391538500785828,0.12072855234146118
12179,-0.34859737753868103,-0.03165030479431152
12180,-0.18767641484737396,-0.08763116598129272
12181,-0.0878036618232727,-0.11591124534606934
12182,0.7704358696937561,-0.11194878816604614
12183,-0.5395560264587402,-0.09097111225128174
12184,-0.2089763879776001,-0.07694119215011597
12185,0.29906952381134033,-0.21158477663993835
12186,0.46271079778671265,-0.15305548906326294
12187,0.21270529925823212,-0.20677101612091064
12188,-0.33471977710723877,-0.18942832946777344
12189,0.8386085629463196,-0.07958841323852539
12190,0.24996249377727509,-0.17108029127120972
12191,0.36521321535110474,-0.1030954122543335
12192,-0.5021675229072571,-0.14487957954406738
12193,-0.853699266910553,0.04253697395324707
12194,0.005726724863052368,-0.06622099876403809
12195,-0.532313346862793,-0.06813609600067139
12196,-1.2555509805679321,0.6641818284988403
12197,-0.07845360785722733,0.251414954662323
12198,0.034349799156188965,0.10041260719299316
12199,1.0835496187210083,0.07590818405151367
12200,-0.08409484475851059,-0.0744141936302185
12201,0.22165943682193756,-0.18733692169189453
12202,0.7533433437347412,-0.1273006796836853
12203,0.3969172239303589,-0.050465941429138184
12204,0.8229042887687683,0.012956559658050537
12205,0.6432879567146301,-0.09054476022720337
12206,-0.06192418560385704,-0.09780526161193848
12207,1.3076112270355225,0.2117457389831543
12208,0.4177052974700928,0.10715770721435547
12209,-0.24130131304264069,-0.13103467226028442
12210,0.13697382807731628,-0.10771709680557251
12211,0.37028419971466064,-0.06122720241546631
12212,0.179646834731102,-0.07699477672576904
12213,-0.37388116121292114,-0.1352548599243164
12214,0.1707862764596939,-0.006548821926116943
12215,-1.257922649383545,0.4133913516998291
12216,-1.4014555215835571,0.5451693534851074
12217,-0.18962235748767853,0.13856661319732666
12218,0.15371836721897125,0.040777742862701416
12219,0.5596691370010376,-0.018408477306365967
12220,-0.08112327009439468,0.13575714826583862
12221,0.5835022330284119,-0.039903461933135986
12222,-1.7429369688034058,0.8586845397949219
12223,-1.9827929735183716,1.2881966829299927
12224,-0.9733481407165527,0.6715911626815796
12225,0.5764873623847961,0.42198073863983154
12226,0.943149983882904,0.1756659746170044
12227,-0.7222224473953247,0.14324253797531128
12228,-0.9910138845443726,0.3123775124549866
12229,0.4067050814628601,0.052018165588378906
12230,0.8988438248634338,0.042714834213256836
12231,0.4895361065864563,0.008157014846801758
12232,-0.7227920889854431,0.14782440662384033
12233,0.3334028720855713,-0.0008791685104370117
12234,0.18552015721797943,0.01018434762954712
12235,0.5867459774017334,-0.15873318910598755
12236,-0.10913857072591782,-0.12478220462799072
12237,0.9494312405586243,-0.00560450553894043
12238,-0.6253991723060608,-0.12287217378616333
12239,-0.20677754282951355,-0.1398370862007141
12240,-0.3575190305709839,-0.08097809553146362
12241,0.7999444603919983,-0.10195791721343994
12242,-0.201910600066185,-0.10319745540618896
12243,-0.14499732851982117,-0.17544594407081604
12244,-0.1875108778476715,-0.1592976450920105
12245,-0.23736801743507385,-0.01578158140182495
12246,0.7733353972434998,-0.11239415407180786
12247,0.840337336063385,-0.07215607166290283
12248,-0.749817967414856,-0.05310136079788208
12249,-0.3875787854194641,-0.10787898302078247
12250,0.1864563375711441,-0.17645996809005737
12251,0.6694179773330688,-0.17539501190185547
12252,-0.40508192777633667,-0.27891531586647034
12253,-0.5902707576751709,-0.06141316890716553
12254,0.6073855757713318,0.19238674640655518
12255,0.4826323986053467,-0.20255333185195923
12256,0.5678747892379761,-0.1634821593761444
12257,0.34772253036499023,-0.19036081433296204
12258,0.7653742432594299,-0.06888151168823242
12259,0.11705076694488525,-0.12631279230117798
12260,0.34936267137527466,-0.17789563536643982
12261,-0.09804380685091019,-0.17049595713615417
12262,-0.3457939326763153,-0.032768070697784424
12263,-0.07259390503168106,-0.1783132255077362
12264,-0.06475736200809479,-0.18510088324546814
12265,-0.9446597695350647,0.12057733535766602
12266,0.24335812032222748,-0.11584174633026123
12267,-0.8793866634368896,0.06585580110549927
12268,0.7832279801368713,-0.11175638437271118
12269,0.49668818712234497,-0.14716216921806335
12270,-0.7258437871932983,-0.07511734962463379
12271,0.6917926073074341,-0.16334134340286255
12272,0.21716608107089996,-0.23933687806129456
12273,-0.24464447796344757,-0.19399091601371765
12274,-0.28350403904914856,-0.21078145503997803
12275,-0.7569947242736816,0.07878762483596802
12276,0.7042643427848816,-0.16048279404640198
12277,-0.22441011667251587,-0.1903199553489685
12278,-0.48315536975860596,-0.12466365098953247
12279,0.6701144576072693,-0.16222265362739563
12280,0.07122461497783661,-0.11792629957199097
12281,0.345231831073761,-0.13913393020629883
12282,1.6468555927276611,0.41741275787353516
12283,0.28797388076782227,0.12442952394485474
12284,1.4157154560089111,0.27726179361343384
12285,-0.5430948138237,-0.008245885372161865
12286,-0.6460849642753601,-0.14921775460243225
12287,-0.020637258887290955,-0.16761928796768188
12288,0.7271595597267151,-0.14239776134490967
12289,0.16902412474155426,-0.1701977550983429
12290,0.7354379892349243,-0.1421450972557068
12291,0.4889068007469177,-0.11736679077148438
12292,-0.5136774182319641,-0.08791649341583252
12293,0.3786889910697937,-0.19294336438179016
12294,-0.3903120160102844,-0.010128021240234375
12295,-0.00947185605764389,-0.115672767162323
12296,-0.9875854253768921,0.16519373655319214
12297,0.5641448497772217,-0.10466045141220093
12298,0.8128859996795654,-0.08997219800949097
12299,0.22221843898296356,-0.13942664861679077
12300,-0.4544476866722107,-0.09706109762191772
12301,0.5682356357574463,-0.20638135075569153
12302,-0.09637875109910965,-0.18749868869781494
12303,-0.36298906803131104,-0.035410404205322266
12304,0.6375255584716797,-0.20085671544075012
12305,-0.3069069981575012,-0.10201478004455566
12306,0.6090935468673706,-0.15574604272842407
12307,0.5576025247573853,-0.18702414631843567
12308,-0.06103578209877014,-0.19729456305503845
12309,-0.31935834884643555,-0.23197951912879944
12310,-0.9021938443183899,0.08679497241973877
12311,0.48382633924484253,0.018651962280273438
12312,0.1373472511768341,-0.17748689651489258
12313,-0.3724381923675537,-0.1152910590171814
12314,0.6903865337371826,-0.1679973602294922
12315,0.024271860718727112,-0.08686405420303345
12316,0.5827887654304504,0.1751711368560791
12317,0.2588328719139099,0.16200143098831177
12318,0.6643087267875671,0.2525025010108948
12319,-0.4987228512763977,0.10311174392700195
12320,1.1455984115600586,0.11336630582809448
12321,1.911866307258606,0.5780739784240723
12322,-0.4876008629798889,0.37696242332458496
12323,0.010875731706619263,0.10279130935668945
12324,0.5480712056159973,0.18856406211853027
12325,1.4369821548461914,0.29841673374176025
12326,-0.8159960508346558,0.34762829542160034
12327,-0.1972183883190155,-0.03767663240432739
12328,-0.5518280863761902,-0.059876084327697754
12329,0.5603457093238831,-0.19361081719398499
12330,-0.02596304565668106,-0.14403945207595825
12331,0.8774096965789795,-0.049683451652526855
12332,0.7047756910324097,-0.16015243530273438
12333,0.5595291256904602,-0.1293119192123413
12334,0.928048312664032,0.030061006546020508
12335,-0.8405924439430237,0.029972732067108154
12336,-0.10984193533658981,-0.10988229513168335
12337,0.08300094306468964,-0.031964242458343506
12338,0.15942223370075226,-0.17477914690971375
12339,0.044105157256126404,-0.14901745319366455
12340,-0.31059664487838745,-0.23566442728042603
12341,0.3982471227645874,-0.12960761785507202
12342,-0.16578033566474915,-0.18373814225196838
12343,-0.1408022940158844,-0.2589064836502075
12344,-0.37910306453704834,-0.1611783802509308
12345,0.21917806565761566,-0.19351992011070251
12346,0.5045554637908936,-0.19342777132987976
12347,-0.06339804828166962,-0.22274285554885864
12348,-0.6841835379600525,-0.0329132080078125
12349,0.6172196865081787,-0.21341893076896667
12350,0.31829118728637695,-0.12750816345214844
12351,0.08669926226139069,-0.19844362139701843
12352,-0.1795194447040558,-0.20144596695899963
12353,0.3005342483520508,-0.2920701503753662
12354,-0.10542711615562439,-0.1595330834388733
12355,-0.07462719082832336,-0.20395654439926147
12356,0.25288182497024536,-0.25796350836753845
12357,-0.04585473611950874,-0.1952534019947052
12358,-0.15543603897094727,-0.09429931640625
12359,0.19281236827373505,-0.21261072158813477
12360,0.3874410390853882,-0.19766461849212646
12361,-0.015373952686786652,-0.20136681199073792
12362,0.1619568020105362,-0.1857525110244751
12363,0.9667890667915344,0.005082070827484131
12364,-0.42970383167266846,-0.1523057222366333
12365,-0.8828410506248474,0.0690268874168396
12366,0.33708226680755615,-0.10812497138977051
12367,-0.06415778398513794,-0.18093088269233704
12368,-0.675285279750824,-0.12496709823608398
12369,0.07653902471065521,-0.042925119400024414
12370,-0.1735173761844635,-0.1750807762145996
12371,0.11016973853111267,-0.17111697793006897
12372,0.3466159701347351,-0.22864708304405212
12373,-0.18151643872261047,-0.19908803701400757
12374,0.38984066247940063,-0.1946227252483368
12375,0.4507949948310852,-0.2572183310985565
12376,-0.3400685787200928,-0.17504703998565674
12377,-0.05800902098417282,-0.16046202182769775
12378,-0.009490445256233215,-0.18378838896751404
12379,0.6121267080307007,-0.2010726034641266
12380,0.08838069438934326,-0.09581166505813599
12381,0.7371974587440491,0.14795619249343872
12382,0.7242146134376526,0.3472954034805298
12383,-0.3796544671058655,0.05032569169998169
12384,0.23106597363948822,0.03169208765029907
12385,-0.0857715979218483,0.2225303053855896
12386,0.5598329305648804,0.017559826374053955
12387,0.2556324005126953,0.08992213010787964
12388,-0.2591356039047241,-0.007434844970703125
12389,0.2690303325653076,0.005047500133514404
12390,0.3971201777458191,-0.06928503513336182
12391,0.5372996926307678,-0.04285520315170288
12392,-0.38758689165115356,-0.12090623378753662
12393,-0.20664756000041962,-0.12938421964645386
12394,-0.24718643724918365,-0.07369178533554077
12395,0.6035559773445129,-0.1678464710712433
12396,0.04210712015628815,-0.26105931401252747
12397,0.26095032691955566,-0.11502528190612793
12398,2.4083027839660645,0.8787230253219604
12399,0.9719595313072205,0.714436411857605
12400,1.5763397216796875,1.0194581747055054
12401,0.25324201583862305,0.5098956823348999
12402,0.41472792625427246,0.19233936071395874
12403,0.7492216229438782,0.2704291343688965
12404,-0.16620787978172302,0.239854633808136
12405,-0.10609889775514603,0.5324345827102661
12406,-0.4812164306640625,0.5129595994949341
12407,0.12639951705932617,0.27785080671310425
12408,-0.17902210354804993,0.1263672113418579
12409,0.432983934879303,0.09005635976791382
12410,-0.13790962100028992,0.0986824631690979
12411,0.18931545317173004,0.17003047466278076
12412,0.4791252017021179,0.3130512237548828
12413,-0.2662411630153656,0.13244855403900146
12414,-1.095731496810913,0.2644384503364563
12415,0.07632361352443695,0.13369745016098022
12416,-0.04736942797899246,0.20166689157485962
12417,-0.18749037384986877,0.08426368236541748
12418,-0.07294405996799469,0.014092326164245605
12419,0.7612817883491516,-0.07728815078735352
12420,0.6821219325065613,-0.043279290199279785
12421,-0.020233459770679474,-0.06707745790481567
12422,-0.15718376636505127,-0.05704319477081299
12423,0.2307092398405075,-0.025102555751800537
12424,-1.266736626625061,0.4214833974838257
12425,0.09692783653736115,0.8733482360839844
12426,0.31070953607559204,0.0679173469543457
12427,-0.030480317771434784,-0.051840245723724365
12428,0.5516455769538879,-0.11886698007583618
12429,0.3543601632118225,-0.14917686581611633
12430,-0.6580541133880615,-0.11293059587478638
12431,0.7320865988731384,-0.14345073699951172
12432,-0.3524340093135834,-0.15517783164978027
12433,0.9053122401237488,-0.03265327215194702
12434,0.17786277830600739,-0.13437336683273315
12435,0.39031267166137695,-0.2159225344657898
12436,1.25888991355896,0.17522132396697998
12437,1.3033924102783203,0.5238991975784302
12438,-0.08731019496917725,0.03082031011581421
12439,0.7610747218132019,0.000823974609375
12440,0.05522921681404114,-0.006496906280517578
12441,-0.03287142515182495,0.12144732475280762
12442,0.1655762940645218,-0.019649386405944824
12443,0.9832643866539001,0.00910937786102295
12444,0.07011570036411285,0.20041102170944214
12445,0.26606905460357666,0.3285038471221924
12446,0.987470805644989,0.17914366722106934
12447,0.25941330194473267,0.09194505214691162
12448,0.12015135586261749,0.024052917957305908
12449,1.342394232749939,0.3899369239807129
12450,-0.9890304803848267,0.20496869087219238
12451,0.14867453277111053,-0.06891918182373047
12452,0.610277533531189,-0.06385451555252075
12453,0.49270325899124146,0.05800575017929077
12454,0.16168393194675446,0.6014851331710815
12455,-0.9812824726104736,1.5845550298690796
12456,1.343216896057129,1.3189537525177002
12457,-1.1358617544174194,0.3544871211051941
12458,0.46394968032836914,1.3367161750793457
12459,-1.1017251014709473,1.2648893594741821
12460,-0.38271069526672363,0.19051647186279297
12461,0.5485110282897949,-0.05237609148025513
12462,0.050938680768013,-0.011389493942260742
12463,-0.419463574886322,-0.04928785562515259
12464,0.5257280468940735,-0.13934260606765747
12465,0.23150913417339325,0.02760326862335205
12466,0.7851494550704956,-0.10942882299423218
12467,0.946128785610199,0.36803436279296875
12468,-0.7762081623077393,0.11028861999511719
12469,0.15547828376293182,-0.126137375831604
12470,-0.37869954109191895,0.1136622428894043
12471,0.2734130024909973,-0.10962992906570435
12472,0.17548178136348724,-0.054758548736572266
12473,-0.3306870460510254,-0.06469255685806274
12474,-0.21830697357654572,-0.023659229278564453
12475,-0.19659100472927094,0.022550106048583984
12476,-0.05582382157444954,-0.07890594005584717
12477,-0.18304874002933502,-0.14114099740982056
12478,0.5897447466850281,-0.08574718236923218
12479,0.6027916073799133,-0.14266151189804077
12480,0.5458053350448608,-0.1366821527481079
12481,0.5864318013191223,-0.12278145551681519
12482,-0.30809205770492554,-0.05182087421417236
12483,0.8272569179534912,0.22346746921539307
12484,-0.012251421809196472,0.1100195050239563
12485,0.5032840371131897,0.26941609382629395
12486,0.6939361095428467,0.22685152292251587
12487,-1.0003196001052856,0.1768757700920105
12488,-0.5433642268180847,0.1938188672065735
12489,0.1269659548997879,-0.030366182327270508
12490,-0.09059225022792816,-0.028267323970794678
12491,-0.2852005362510681,-0.05382651090621948
12492,0.16204850375652313,-0.049773573875427246
12493,0.7760169506072998,-0.117648184299469
12494,0.03406256437301636,0.08173173666000366
12495,-0.39346790313720703,-0.08639377355575562
12496,0.3010401725769043,-0.05510234832763672
12497,0.3622114658355713,-0.0896654725074768
12498,0.6955814361572266,-0.00575566291809082
12499,-0.12942659854888916,0.02098315954208374
12500,0.3043406009674072,-0.08118176460266113
12501,0.2628081440925598,-0.14108622074127197
12502,-1.1331406831741333,0.2963842749595642
12503,0.0081343874335289,-0.006749331951141357
12504,-0.09152114391326904,0.07305049896240234
12505,-0.3412678837776184,-0.009144604206085205
12506,0.34135180711746216,-0.07367682456970215
12507,0.7184978723526001,-0.06486064195632935
12508,0.7067402601242065,0.1549130082130432
12509,1.8156906366348267,0.9043482542037964
12510,-0.8771370649337769,1.2581369876861572
12511,-0.28626084327697754,0.367354154586792
12512,-1.3186249732971191,0.46859872341156006
12513,0.2729305624961853,0.17209452390670776
12514,-1.3432912826538086,0.48896801471710205
12515,0.08514553308486938,0.11095374822616577
12516,-1.3666186332702637,0.5131853818893433
12517,1.1911145448684692,0.13575071096420288
12518,0.2026766985654831,0.14321446418762207
12519,0.29210007190704346,-0.1174420714378357
12520,-0.10279159247875214,0.034100234508514404
12521,0.7012027502059937,-0.1628725528717041
12522,0.9763407111167908,0.00918126106262207
12523,0.44669109582901,-0.03666543960571289
12524,1.318092703819275,0.21597349643707275
12525,0.871584415435791,0.42981958389282227
12526,0.04111054539680481,0.28590989112854004
12527,-0.3365892767906189,0.2053673267364502
12528,-0.5844423174858093,0.3260599970817566
12529,0.1327032744884491,0.11499285697937012
12530,0.1543167382478714,-0.07264846563339233
12531,0.4021075963973999,-0.12195473909378052
12532,-0.025564879179000854,-0.15059727430343628
12533,0.9846917986869812,0.4173387289047241
12534,-0.711992084980011,0.08733183145523071
12535,0.07809902727603912,-0.05634772777557373
12536,0.6692238450050354,-0.16345077753067017
12537,0.4887714982032776,-0.08777016401290894
12538,-0.06938505172729492,-0.08700209856033325
12539,-0.30952781438827515,-0.09931498765945435
12540,0.5609908699989319,-0.15729373693466187
12541,0.018554963171482086,-0.14185571670532227
12542,0.30626243352890015,-0.0005227923393249512
12543,0.49188053607940674,0.010110557079315186
12544,-0.3998394012451172,0.029367506504058838
12545,0.06378677487373352,-0.1489059031009674
12546,0.3067556619644165,-0.17325922846794128
12547,-0.28368574380874634,-0.14053970575332642
12548,-0.4979742765426636,-0.03795844316482544
12549,0.026270389556884766,-0.16268455982208252
12550,0.5921092629432678,-0.16237998008728027
12551,-0.0011454150080680847,-0.1926594376564026
12552,-0.3755980134010315,-0.11797046661376953
12553,0.18742986023426056,-0.17202526330947876
12554,0.3456956148147583,-0.16965574026107788
12555,0.02663251757621765,-0.17408502101898193
12556,0.8211014866828918,-0.0699995756149292
12557,0.18823297321796417,0.011190414428710938
12558,-0.17249806225299835,-0.10998976230621338
12559,0.2663973569869995,-0.10350847244262695
12560,-0.1749003678560257,-0.1337469220161438
12561,-0.0516466349363327,-0.20320355892181396
12562,0.23734240233898163,-0.1009625792503357
12563,0.11848776042461395,-0.15279501676559448
12564,-0.11833184212446213,-0.10402911901473999
12565,-0.08627186715602875,-0.10896599292755127
12566,0.5693968534469604,-0.17143970727920532
12567,-0.08242792636156082,-0.10672956705093384
12568,0.4366145730018616,0.11996740102767944
12569,0.477989137172699,-0.08415049314498901
12570,1.4668188095092773,1.0905412435531616
12571,1.6614981889724731,0.5765410661697388
12572,-0.4578356146812439,0.5459789037704468
12573,0.07140028476715088,0.1541404128074646
12574,-0.8371596932411194,0.3004140257835388
12575,0.26067423820495605,0.19311290979385376
12576,-0.5108097791671753,0.15769648551940918
12577,0.25237518548965454,-0.03922069072723389
12578,0.7402942776679993,-0.0030227303504943848
12579,0.336201012134552,-0.06692558526992798
12580,-0.06499536335468292,-0.12313240766525269
12581,0.4189686179161072,-0.1173904538154602
12582,-0.047757115215063095,-0.08083343505859375
12583,0.5186206102371216,-0.017152130603790283
12584,0.7901144027709961,0.0431172251701355
12585,-0.49257373809814453,0.11619937419891357
12586,1.0149071216583252,0.03155297040939331
12587,-0.26780790090560913,-0.0578761100769043
12588,0.21239598095417023,0.04340672492980957
12589,0.6753488779067993,0.17548906803131104
12590,1.096832036972046,0.20106178522109985
12591,-0.2761152684688568,0.20653098821640015
12592,-0.3706666827201843,0.2435089349746704
12593,-0.20973710715770721,0.06613129377365112
12594,-0.6232279539108276,0.10036218166351318
12595,0.4927551746368408,-0.14159291982650757
12596,-0.33296486735343933,0.09829598665237427
12597,-0.2398185431957245,-0.008070170879364014
12598,0.7499586343765259,0.15966248512268066
12599,1.0832573175430298,0.3488923907279968
12600,-0.44208186864852905,0.1381136178970337
12601,0.6085126996040344,0.012368619441986084
12602,-1.3070032596588135,0.45845234394073486
12603,0.5137864947319031,0.03321492671966553
12604,-0.5131280422210693,0.12700331211090088
12605,-0.8974785208702087,0.3751620054244995
12606,0.5303658843040466,0.5340976715087891
12607,0.30286234617233276,-0.039485037326812744
12608,-0.2209627330303192,0.006090760231018066
12609,0.5491604804992676,-0.0865858793258667
12610,-0.30858302116394043,0.05062013864517212
12611,-0.5497108697891235,0.15886789560317993
12612,0.24153240025043488,-0.02773803472518921
12613,0.2578081488609314,-0.09058380126953125
12614,0.8979681134223938,0.36131954193115234
12615,-0.18693459033966064,0.005064249038696289
12616,-0.18871676921844482,0.07066065073013306
12617,-0.4058041572570801,0.0004329681396484375
12618,0.8368236422538757,0.007197976112365723
12619,0.316730797290802,-0.04111975431442261
12620,0.39805495738983154,0.19278085231781006
12621,-0.021078787744045258,-0.03644275665283203
12622,-0.2936513423919678,-0.00977170467376709
12623,0.5982356667518616,-0.12399762868881226
12624,-0.2739877700805664,-0.00398629903793335
12625,0.4374192953109741,-0.10661256313323975
12626,0.5564551949501038,-0.034441471099853516
12627,-0.30260926485061646,-0.04723227024078369
12628,-0.25262564420700073,0.0014139413833618164
12629,-0.21588337421417236,-0.05855858325958252
12630,-0.0715673565864563,0.09858918190002441
12631,0.7267709970474243,0.08305907249450684
12632,0.582032322883606,0.20265424251556396
12633,-0.14684508740901947,-0.014544546604156494
12634,-0.23270006477832794,0.008635401725769043
12635,-1.1222879886627197,0.2888645529747009
12636,-0.010786987841129303,0.006935298442840576
12637,0.5186600685119629,-0.17651471495628357
12638,0.24953274428844452,-0.11293739080429077
12639,0.7606891393661499,0.03260618448257446
12640,-1.069618582725525,0.23678219318389893
12641,-0.5211243629455566,0.28963035345077515
12642,-0.2059645652770996,0.01262897253036499
12643,0.09159788489341736,-0.15020805597305298
12644,0.6435595750808716,-0.08260184526443481
12645,-0.18467479944229126,-0.011333763599395752
12646,0.7672994136810303,-0.09612894058227539
12647,0.20092009007930756,-0.09259074926376343
12648,0.6102126240730286,-0.05432391166687012
12649,0.5732036232948303,0.14435464143753052
12650,-0.8179975152015686,0.09472078084945679
12651,0.5216813683509827,-0.0982169508934021
12652,0.6493517756462097,0.20988357067108154
12653,0.0223139226436615,0.17962676286697388
12654,-0.002585485577583313,0.11591076850891113
12655,0.38384848833084106,0.2717058062553406
12656,-0.7161732912063599,0.2261519432067871
12657,0.6416236162185669,0.06279832124710083
12658,1.1826454401016235,0.3762315511703491
12659,1.4483369588851929,0.9290728569030762
12660,0.03747522830963135,0.2334510087966919
12661,0.2976135015487671,0.2568718194961548
12662,0.48448097705841064,0.06929916143417358
12663,0.5032258629798889,0.10556226968765259
12664,-0.1592767834663391,0.005127966403961182
12665,0.24056921899318695,0.16028273105621338
12666,-0.8085638880729675,0.12499451637268066
12667,-1.4030508995056152,0.5466312170028687
12668,1.0235636234283447,0.1054336428642273
12669,-1.0406392812728882,0.20827794075012207
12670,-0.25804781913757324,0.05089229345321655
12671,-1.3521006107330322,0.6340415477752686
12672,0.8973584771156311,-0.043902814388275146
12673,0.10271115601062775,-0.04266637563705444
12674,0.40984392166137695,-0.09101569652557373
12675,-0.66987144947052,0.0015826821327209473
12676,-2.7579920291900635,1.7906101942062378
12677,0.5655758380889893,0.5487569570541382
12678,-0.33118027448654175,1.0894256830215454
12679,1.24773371219635,0.16966873407363892
12680,0.4384651184082031,0.01022946834564209
12681,0.6210399270057678,0.009448468685150146
12682,-0.21819637715816498,0.007736563682556152
12683,0.12350693345069885,-0.0854228138923645
12684,-0.03826175630092621,-0.1192401647567749
12685,0.22320161759853363,0.02788221836090088
12686,-0.4271765351295471,-0.07735389471054077
12687,-0.586113452911377,0.037772953510284424
12688,0.4437527656555176,0.0566975474357605
12689,-0.8070502281188965,0.05093979835510254
12690,0.03150884807109833,-0.06559765338897705
12691,0.7752799987792969,0.016517341136932373
12692,0.3513343930244446,0.18372100591659546
12693,-0.5373809337615967,0.10694724321365356
12694,0.12965956330299377,0.02862769365310669
12695,0.30759572982788086,-0.07513242959976196
12696,0.8153071999549866,-0.0804983377456665
12697,-0.08545266091823578,-0.08441561460494995
12698,0.3567991852760315,-0.11518657207489014
12699,0.1179991215467453,-0.0511285662651062
12700,-0.6858260631561279,0.007593393325805664
12701,-0.7017657160758972,-0.0074729323387146
12702,1.0260082483291626,0.033951401710510254
12703,1.1093757152557373,0.09003013372421265
12704,0.8005059361457825,0.22922003269195557
12705,-0.16779915988445282,0.10067152976989746
12706,0.5728160738945007,0.09551066160202026
12707,-0.105630062520504,0.09535622596740723
12708,-0.09171774238348007,0.06831091642379761
12709,-0.17057658731937408,0.26954907178878784
12710,0.27593278884887695,-0.04283857345581055
12711,0.13030141592025757,-0.023811280727386475
12712,0.27585411071777344,-0.02262014150619507
12713,-0.040264032781124115,-0.11421835422515869
12714,-0.21860039234161377,-0.08613145351409912
12715,-0.34970951080322266,-0.05650973320007324
12716,0.42242997884750366,-0.1775834858417511
12717,0.14938418567180634,0.03222125768661499
12718,0.5050689578056335,-0.12794798612594604
12719,-0.26409757137298584,-0.11268085241317749
12720,0.38190770149230957,-0.19206780195236206
12721,0.3817622661590576,-0.13913732767105103
12722,0.4518197178840637,-0.15498021245002747
12723,-0.21881337463855743,-0.12270432710647583
12724,0.1977185159921646,-0.08466470241546631
12725,0.00999777764081955,-0.09647554159164429
12726,-0.8290270566940308,0.14818733930587769
12727,-0.3720300793647766,0.3250298500061035
12728,1.0113884210586548,0.03160768747329712
12729,-0.6986045837402344,-0.10313636064529419
12730,-0.4928250312805176,0.14542239904403687
12731,-0.06990249454975128,0.0647386908531189
12732,-0.13799366354942322,0.026226043701171875
12733,1.1198232173919678,0.09790199995040894
12734,0.04110635817050934,0.07038772106170654
12735,0.17031164467334747,-0.07400178909301758
12736,0.552595317363739,-0.09524929523468018
12737,0.30384737253189087,-0.064663827419281
12738,-0.306501567363739,-0.041528165340423584
12739,0.04512745141983032,-0.11373823881149292
12740,0.5931748151779175,-0.04893261194229126
12741,0.2504369616508484,0.15696781873703003
12742,-0.2258419543504715,0.06237185001373291
12743,1.1552950143814087,0.11924386024475098
12744,-0.7432494759559631,0.04740875959396362
12745,-0.48599594831466675,-0.06504935026168823
12746,0.7549756169319153,-0.12891799211502075
12747,0.7678070664405823,-0.07322359085083008
12748,1.299037218093872,0.3341514468193054
12749,0.14558936655521393,0.017474353313446045
12750,2.5927445888519287,1.208759069442749
12751,0.7824242115020752,0.8264960050582886
12752,1.4078491926193237,0.6679277420043945
12753,0.2037663608789444,0.44889187812805176
12754,-0.2497635930776596,0.5364512205123901
12755,-0.7228130102157593,0.36510932445526123
12756,-0.4922470450401306,0.08027923107147217
12757,0.9159460663795471,0.06820732355117798
12758,0.8855586051940918,0.2892913222312927
12759,-0.2443617433309555,0.14221304655075073
12760,-0.046629730612039566,0.03529173135757446
12761,0.045062676072120667,0.33471041917800903
12762,0.9222038388252258,0.17539763450622559
12763,-0.7616174817085266,0.12150692939758301
12764,-0.21641497313976288,0.4679914712905884
12765,0.09170834720134735,0.25639379024505615
12766,-0.03441746532917023,0.06360620260238647
12767,-0.14856982231140137,0.17134296894073486
12768,0.4606185555458069,0.12151604890823364
12769,0.23209424316883087,0.2177709937095642
12770,-0.5724319219589233,0.12049496173858643
12771,-0.9524577856063843,0.2518329620361328
12772,-0.5318038463592529,0.3582848310470581
12773,-1.1268390417099,0.40767014026641846
12774,0.39026379585266113,0.3819962739944458
12775,1.0035666227340698,0.08189314603805542
12776,0.36343663930892944,0.14321964979171753
12777,-0.11987848579883575,0.047726333141326904
12778,-0.1162145659327507,-0.10331529378890991
12779,-0.36408084630966187,-0.021453440189361572
12780,-0.029994778335094452,0.03223526477813721
12781,-0.33707302808761597,-0.011140525341033936
12782,-0.5165766477584839,0.06093418598175049
12783,0.3270918130874634,0.17874079942703247
12784,-0.739591121673584,0.05516737699508667
12785,-0.23278401792049408,0.1508973240852356
12786,-0.9807261824607849,0.3110513687133789
12787,-2.089568614959717,1.1769284009933472
12788,0.9153395295143127,0.726815938949585
12789,-1.113999366760254,0.7059210538864136
12790,-0.20675906538963318,0.1942596435546875
12791,0.13416141271591187,0.12524914741516113
12792,-1.4571822881698608,0.7121671438217163
12793,0.6810267567634583,0.22858554124832153
12794,-1.1195124387741089,0.5285115242004395
12795,0.024251967668533325,0.13062816858291626
12796,2.5324370861053467,0.9542911052703857
12797,-0.1782708764076233,0.5285240411758423
12798,-0.06432540714740753,0.351004958152771
12799,0.22277425229549408,0.07282567024230957
12800,0.409618616104126,0.4231492280960083
12801,-0.2197900414466858,0.18435627222061157
12802,-0.575994610786438,0.26911866664886475
12803,0.22287078201770782,0.01355743408203125
12804,1.3159645795822144,0.21681177616119385
12805,0.42282629013061523,-0.04410743713378906
12806,1.1438921689987183,0.6699583530426025
12807,-0.5556390285491943,0.1246652603149414
12808,-1.3010519742965698,0.4529883861541748
12809,0.7558569312095642,0.07876372337341309
12810,0.028764069080352783,-0.002250194549560547
12811,0.32007575035095215,0.03201162815093994
12812,-0.6408560872077942,0.03418630361557007
12813,-0.4803639054298401,0.002550184726715088
12814,-0.17882013320922852,0.9132577180862427
12815,0.37915921211242676,0.1063656210899353
12816,0.061861515045166016,-0.04999512434005737
12817,0.824846088886261,-0.08159995079040527
12818,-0.511102020740509,-0.16088926792144775
12819,0.040347203612327576,-0.19889003038406372
12820,-0.875082790851593,0.06184113025665283
12821,-0.6963831782341003,0.6584829092025757
12822,-0.7295193672180176,0.10534268617630005
12823,0.6065711379051208,-0.10615086555480957
12824,0.24081508815288544,-0.02820420265197754
12825,-0.12330904603004456,-0.15182334184646606
12826,0.6623748540878296,-0.1193895936012268
12827,-0.6564826965332031,-0.04428678750991821
12828,-1.519625186920166,0.7359296083450317
12829,0.08711603283882141,0.22755879163742065
12830,-0.8261974453926086,0.026866793632507324
12831,-0.4340275526046753,0.3305243253707886
12832,0.8589527010917664,-0.04460453987121582
12833,0.5119435787200928,-0.1396116018295288
12834,0.5322027206420898,-0.13062191009521484
12835,-0.39405232667922974,-0.10633790493011475
12836,0.6558750867843628,-0.06335341930389404
12837,-0.6035183072090149,-0.022488892078399658
12838,0.5869046449661255,-0.08888047933578491
12839,0.7022696137428284,-0.007252514362335205
12840,-0.1527942568063736,-0.0754995346069336
12841,1.1314949989318848,0.10481691360473633
12842,-0.2878248691558838,0.08779692649841309
12843,0.6241970062255859,-0.14222508668899536
12844,0.2282358855009079,-0.18477797508239746
12845,-0.175828754901886,-0.09667021036148071
12846,0.21703384816646576,-0.10637503862380981
12847,0.7096375226974487,-0.09304285049438477
12848,0.4525548815727234,-0.014394104480743408
12849,-0.5828773379325867,-0.0076964497566223145
12850,-0.4807465076446533,-0.034764111042022705
12851,-0.2477964162826538,0.004905104637145996
12852,0.10446076095104218,-0.1938553750514984
12853,-0.09376459568738937,-0.21303540468215942
12854,0.6776002049446106,-0.17519104480743408
12855,0.5483918190002441,-0.17555251717567444
12856,0.27772682905197144,-0.03637295961380005
12857,0.006835475564002991,-0.10950547456741333
12858,-0.9028794169425964,0.08621656894683838
12859,-1.0407001972198486,0.2139570713043213
12860,-0.49459362030029297,0.11448025703430176
12861,0.9675329327583313,0.005118131637573242
12862,-0.6771659851074219,0.06627893447875977
12863,1.3887200355529785,0.26091623306274414
12864,0.07798387110233307,0.02398282289505005
12865,-0.41276222467422485,-0.11879509687423706
12866,1.2759548425674438,0.1923520565032959
12867,0.0612284392118454,0.05055665969848633
12868,-0.36295658349990845,0.015690624713897705
12869,0.13763587176799774,-0.09337931871414185
12870,-0.4399656057357788,-0.045620739459991455
12871,-0.33390378952026367,-0.033867716789245605
12872,1.039400577545166,0.04900681972503662
12873,-0.8324730396270752,0.022730469703674316
12874,-0.8741376399993896,0.06068617105484009
12875,0.6825846433639526,0.2865840792655945
12876,-0.35518938302993774,-0.12257075309753418
12877,-0.5574851036071777,-0.060632288455963135
12878,-0.5788034796714783,0.21808123588562012
12879,0.8517059087753296,-0.025007009506225586
12880,-0.38714170455932617,-0.12460565567016602
12881,0.16426916420459747,-0.10869961977005005
12882,-0.9262505769729614,0.26084041595458984
12883,0.9710239768028259,0.006769120693206787
12884,0.20215578377246857,-0.16494488716125488
12885,0.7530324459075928,0.038975656032562256
12886,-0.4509083032608032,0.013220131397247314
12887,1.12431001663208,0.10059201717376709
12888,3.1703855991363525,2.4840502738952637
12889,0.19114796817302704,1.0509127378463745
12890,-0.7273860573768616,0.6192525625228882
12891,0.996093213558197,0.353873074054718
12892,-1.5639030933380127,1.189084529876709
12893,0.1007530689239502,0.8319797515869141
12894,1.3492306470870972,0.31506848335266113
12895,0.48527413606643677,0.20525646209716797
12896,0.25792258977890015,0.10112112760543823
12897,0.8751322627067566,0.401486873626709
12898,0.15049554407596588,0.4338451623916626
12899,1.5697565078735352,0.6189217567443848
12900,-0.2525690793991089,0.49784326553344727
12901,1.1593472957611084,0.30701112747192383
12902,-0.15691757202148438,0.6914829015731812
12903,0.8685224056243896,0.8074140548706055
12904,0.2117982655763626,1.4049988985061646
12905,0.9387058615684509,0.9786767959594727
12906,0.5638225674629211,1.4095221757888794
12907,-0.5037217736244202,0.9115102291107178
12908,-0.16908958554267883,0.5081081390380859
12909,-0.06413617730140686,0.12795567512512207
12910,1.6855298280715942,0.4396998882293701
12911,0.40303850173950195,0.8618067502975464
12912,-0.3830314874649048,0.3355647921562195
12913,-0.5191969275474548,0.35940396785736084
12914,0.5886460542678833,0.2912150025367737
12915,0.8676184415817261,0.11373305320739746
12916,-0.2268819808959961,0.37274980545043945
12917,0.7752825021743774,0.1322961449623108
12918,0.013268187642097473,0.34649473428726196
12919,0.9573093056678772,0.7953462600708008
12920,0.30021733045578003,0.2388480305671692
12921,0.4207078814506531,0.26105135679244995
12922,-0.5275340676307678,0.298153281211853
12923,0.0864465981721878,0.2470683455467224
12924,0.16186930239200592,0.3602398633956909
12925,-0.5612355470657349,0.33913975954055786
12926,-0.1713113933801651,0.4078289270401001
12927,0.36325573921203613,0.2040332555770874
12928,-0.16042420268058777,0.1523861289024353
12929,0.32298707962036133,0.24415624141693115
12930,-0.2675274908542633,0.18539834022521973
12931,0.3016016483306885,0.021782279014587402
12932,0.37974292039871216,0.013678431510925293
12933,-0.394023597240448,0.09518760442733765
12934,0.5330443978309631,0.17099595069885254
12935,-0.2312428504228592,0.020193397998809814
12936,0.8992025256156921,0.32223695516586304
12937,-0.6529333591461182,0.27110838890075684
12938,-1.7312397956848145,0.8479453325271606
12939,1.2256817817687988,0.3101711869239807
12940,-1.146979808807373,0.3108336329460144
12941,0.5228032469749451,0.12799286842346191
12942,-0.7707415819168091,0.14377319812774658
12943,0.9691153168678284,0.1709790825843811
12944,1.6749587059020996,0.5839650630950928
12945,0.7422667145729065,0.48814964294433594
12946,-0.6873772144317627,1.091131567955017
12947,0.6736449003219604,0.41379809379577637
12948,1.036580204963684,0.3335379362106323
12949,-0.5186228156089783,0.367264986038208
12950,0.9643107056617737,0.5917719602584839
12951,-0.17070575058460236,0.6496226787567139
12952,-0.4191070795059204,0.19996166229248047
12953,0.05346179008483887,0.2702580690383911
12954,-0.08539825677871704,0.057980239391326904
12955,0.16170652210712433,0.06500375270843506
12956,-1.196338176727295,0.35387301445007324
12957,-0.5722704529762268,0.40489912033081055
12958,0.6053888201713562,0.28247660398483276
12959,-0.632175087928772,0.0725746750831604
12960,0.047738805413246155,0.1312999129295349
12961,0.7433481216430664,0.17427629232406616
12962,1.5069907903671265,0.8337507247924805
12963,0.4482607841491699,0.3885263204574585
12964,0.3226463198661804,0.4551180601119995
12965,1.1435595750808716,0.427082896232605
12966,0.969514787197113,0.5730831623077393
12967,0.3801252841949463,0.475996732711792
12968,0.4079495668411255,0.49870002269744873
12969,0.5455873608589172,0.3956848382949829
12970,0.7068020701408386,0.7147248983383179
12971,-0.5891671776771545,0.7813626527786255
12972,-0.182756707072258,0.7083613872528076
12973,1.0185648202896118,0.8429751396179199
12974,0.009555496275424957,0.5667067766189575
12975,0.15925268828868866,0.2892345190048218
12976,0.6510144472122192,0.24456185102462769
12977,-0.08987538516521454,0.3297743797302246
12978,0.07524757087230682,0.2909221053123474
12979,-0.37317025661468506,0.3829704523086548
12980,0.3726065158843994,0.00644075870513916
12981,0.0826394259929657,0.155889093875885
12982,-0.07689443975687027,0.22556424140930176
12983,0.5187438130378723,0.2710878252983093
12984,-0.0167025625705719,0.31686800718307495
12985,-1.036733627319336,0.5083750486373901
12986,0.9226762652397156,0.26609355211257935
12987,1.2201945781707764,0.5843526124954224
12988,-2.3393654823303223,2.0246787071228027
12989,2.2336974143981934,1.6846975088119507
12990,-0.32569420337677,0.8658125400543213
12991,-0.9410441517829895,2.024355411529541
12992,0.3524986505508423,0.5429855585098267
12993,-2.123008966445923,1.2076302766799927
12994,0.278864324092865,1.1461811065673828
12995,-1.033607006072998,0.8852198123931885
12996,1.8911150693893433,0.7754788398742676
12997,-0.8333964347839355,0.23438459634780884
12998,1.019036889076233,0.310935914516449
12999,1.0312507152557373,0.5328582525253296
13000,-1.3232111930847168,0.4733312129974365
13001,0.39932185411453247,0.041387856006622314
13002,0.6763227581977844,0.08995354175567627
13003,0.8262978792190552,0.08829784393310547
13004,-0.6660941243171692,0.15220826864242554
13005,0.366255521774292,-0.04134213924407959
13006,0.5801864862442017,0.07057684659957886
13007,-1.1687111854553223,0.3314858675003052
13008,-0.08101531863212585,0.18774914741516113
13009,0.6754940152168274,-0.0390247106552124
13010,0.38962608575820923,0.05216968059539795
13011,1.372175693511963,0.24536502361297607
13012,0.1429269015789032,0.06860065460205078
13013,0.9953272938728333,0.16468143463134766
13014,-0.4539058804512024,0.1141853928565979
13015,-0.38355255126953125,-0.04576075077056885
13016,0.6065165996551514,-0.0005917549133300781
13017,-0.04263119399547577,-0.029818713665008545
13018,0.3753659129142761,0.09166961908340454
13019,-0.005315870046615601,0.07056808471679688
13020,-0.5627859234809875,-0.013365566730499268
13021,0.4759283661842346,0.0054111480712890625
13022,0.8855813145637512,0.028212308883666992
13023,0.08912107348442078,0.05074399709701538
13024,1.6413166522979736,0.41207456588745117
13025,-0.7986936569213867,0.6445778608322144
13026,0.7134149670600891,0.7545015811920166
13027,0.33677446842193604,0.17847532033920288
13028,0.24855144321918488,0.29624682664871216
13029,-0.5713450908660889,0.1404118537902832
13030,1.4993548393249512,1.037835717201233
13031,0.8428055644035339,0.6119147539138794
13032,-1.1238923072814941,0.6569122076034546
13033,0.19212619960308075,0.7896190881729126
13034,-0.9767593145370483,0.527786374092102
13035,1.1193910837173462,0.3883688449859619
13036,1.5046448707580566,1.194061517715454
13037,-0.8086231350898743,0.5435075759887695
13038,0.3639684319496155,0.3336242437362671
13039,-0.2503111958503723,0.33225709199905396
13040,1.803869605064392,0.6299456357955933
13041,1.4694246053695679,2.0415115356445312
13042,-0.09902329742908478,1.0549191236495972
13043,0.026753440499305725,0.894477128982544
13044,-0.018416255712509155,0.648086428642273
13045,-0.3930751085281372,0.6142204999923706
13046,-0.6113563776016235,0.5822358131408691
13047,1.1880944967269897,0.7296872138977051
13048,-0.32575172185897827,0.46831464767456055
13049,-0.9799395203590393,0.6139031648635864
13050,-0.15456600487232208,1.446813941001892
13051,-0.6357698440551758,0.7650929689407349
13052,-0.9583482146263123,0.8207875490188599
13053,0.0677679032087326,0.4799821376800537
13054,-1.3740057945251465,1.4624863862991333
13055,0.22257719933986664,1.3725165128707886
13056,1.720542550086975,1.2800898551940918
13057,0.6462384462356567,1.136451005935669
13058,-1.551043152809143,0.9830015897750854
13059,-0.5168041586875916,0.4779554605484009
13060,0.5326279997825623,0.62989342212677
13061,-0.21750912070274353,0.464335560798645
13062,-0.6164509057998657,0.8563789129257202
13063,-0.1476333886384964,0.8849773406982422
13064,-1.2771819829940796,1.0217225551605225
13065,0.5641864538192749,0.2887890934944153
13066,0.6611464023590088,0.6180342435836792
13067,0.31438618898391724,0.1896073818206787
13068,-0.5373978018760681,0.43355345726013184
13069,1.0073355436325073,0.539339542388916
13070,-0.9370908737182617,0.32362502813339233
13071,0.16931433975696564,0.3076179027557373
13072,-1.805570125579834,1.323137640953064
13073,-0.18787114322185516,1.113179087638855
13074,0.11339879035949707,0.633987307548523
13075,0.06081129610538483,0.3366010785102844
13076,-0.24471314251422882,0.595026969909668
13077,0.44559913873672485,0.26163536310195923
13078,0.5262290835380554,0.40934252738952637
13079,0.681736409664154,0.6351747512817383
13080,-8.179872512817383,13.622598648071289
13081,-3.5823094844818115,3.566455841064453
13082,1.562785267829895,6.1737284660339355
13083,-3.0278289318084717,2.425154209136963
13084,0.8770127296447754,1.6672769784927368
13085,1.0880768299102783,1.5128241777420044
13086,-1.092143177986145,0.7785606384277344
13087,2.6585192680358887,1.0307281017303467
13088,-0.377113401889801,1.6052302122116089
13089,-0.03799201548099518,0.6516638994216919
13090,-0.6583218574523926,0.6712459325790405
13091,-1.4270557165145874,1.3206746578216553
13092,-0.034827426075935364,0.7500416040420532
13093,0.21463192999362946,0.4731156826019287
13094,-2.5660274028778076,1.614366888999939
13095,-0.2927950918674469,1.2047544717788696
13096,0.12056998908519745,1.0354282855987549
13097,0.3850572109222412,0.563663125038147
13098,-0.6638789772987366,0.6715582609176636
13099,1.9998377561569214,0.6311885118484497
13100,-1.147965908050537,0.31243956089019775
13101,0.38766157627105713,0.17859137058258057
13102,-1.069364309310913,0.24022948741912842
13103,0.8305513262748718,0.6854307651519775
13104,1.2247354984283447,0.16100066900253296
13105,-0.34747934341430664,0.06613785028457642
13106,0.23567266762256622,-0.12844008207321167
13107,1.0582695007324219,0.1282079815864563
13108,0.018726766109466553,0.20203173160552979
13109,-1.2488089799880981,0.4050239324569702
13110,-0.5972487330436707,0.16097009181976318
13111,0.9209935069084167,-0.009047627449035645
13112,-0.7648730874061584,0.04895597696304321
13113,0.14668120443820953,0.14720135927200317
13114,0.35645413398742676,0.18575423955917358
13115,-1.8974359035491943,1.0005306005477905
13116,-0.4891235828399658,1.2706923484802246
13117,1.276508092880249,0.19043630361557007
13118,0.15986762940883636,0.26874029636383057
13119,0.9927415251731873,0.014278888702392578
13120,0.5757739543914795,0.16120165586471558
13121,0.9466126561164856,0.5989984273910522
13122,0.48983997106552124,0.8903070688247681
13123,0.7088351845741272,0.9545166492462158
13124,-0.48901206254959106,0.3273921012878418
13125,-0.059020377695560455,0.07751524448394775
13126,1.3670860528945923,0.314350426197052
13127,-1.3996312618255615,0.5383678674697876
13128,0.7304520606994629,0.4462651014328003
13129,-0.8909887075424194,0.1595386266708374
13130,-0.5413811206817627,0.18467211723327637
13131,1.337491512298584,0.22845780849456787
13132,0.5337916612625122,0.3473256230354309
13133,0.2047005444765091,0.24019312858581543
13134,0.36218875646591187,0.07839071750640869
13135,0.57368403673172,0.09467196464538574
13136,-0.29625171422958374,0.13167840242385864
13137,-0.31952881813049316,0.11699706315994263
13138,0.7221386432647705,0.0054915547370910645
13139,1.099223256111145,0.0788201093673706
13140,0.21517504751682281,0.2933610677719116
13141,0.19933725893497467,0.16087377071380615
13142,0.6018368601799011,0.13520526885986328
13143,-0.011347055435180664,0.0582280158996582
13144,-0.3467366099357605,0.04535794258117676
13145,-0.6981784105300903,0.17458534240722656
13146,-0.5302376747131348,0.06295120716094971
13147,0.6686848402023315,-0.025435447692871094
13148,-0.15957555174827576,0.13560843467712402
13149,1.5175317525863647,0.3390107750892639
13150,0.4957834482192993,0.8837803602218628
13151,1.0303990840911865,0.4893057346343994
13152,0.1521662026643753,0.4496145248413086
13153,-0.47944390773773193,0.1839430332183838
13154,-0.9114164113998413,0.30833709239959717
13155,0.10566186904907227,0.05859929323196411
13156,-0.4001229405403137,0.029746532440185547
13157,0.44950032234191895,0.10903465747833252
13158,-0.006705254316329956,0.01717311143875122
13159,0.7556066513061523,-0.04847925901412964
13160,0.39260560274124146,-0.08033233880996704
13161,-0.8846205472946167,0.07065266370773315
13162,0.40495842695236206,0.035276055335998535
13163,-1.2084777355194092,0.3679940700531006
13164,0.5158839225769043,0.04253208637237549
13165,-0.43347305059432983,0.2224433422088623
13166,0.40621495246887207,0.2670403718948364
13167,0.8047118782997131,0.4226418733596802
13168,0.01298869401216507,0.06789147853851318
13169,-0.7016161680221558,0.2746388912200928
13170,0.3668891191482544,0.09828835725784302
13171,-0.5462520718574524,0.0904313325881958
13172,0.46590161323547363,-0.08817851543426514
13173,-0.10904356092214584,-0.09097921848297119
13174,0.6363089084625244,-0.044124066829681396
13175,-1.5060361623764038,0.6411850452423096
13176,0.761983335018158,2.0290122032165527
13177,-0.029715783894062042,0.15206587314605713
13178,-0.392142117023468,0.280193567276001
13179,0.22232039272785187,0.20366913080215454
13180,-1.997868299484253,1.0927377939224243
13181,-0.30453842878341675,0.7313792705535889
13182,0.9546744227409363,0.9252057075500488
13183,-0.7569711208343506,0.5139356851577759
13184,-0.6469280123710632,0.4546701908111572
13185,-1.3435839414596558,1.4052871465682983
13186,-0.4643375277519226,1.4416548013687134
13187,-1.7936155796051025,1.3051166534423828
13188,-1.2237627506256104,1.4120150804519653
13189,1.019111156463623,1.3500566482543945
13190,-1.221213936805725,1.2863421440124512
13191,0.8880393505096436,0.5659428834915161
13192,0.7502604126930237,0.43253588676452637
13193,0.43809884786605835,0.23077446222305298
13194,-0.9456496834754944,0.22833800315856934
13195,2.1296305656433105,0.7062556743621826
13196,0.7633633613586426,0.7496722936630249
13197,-0.6665189266204834,0.13427668809890747
13198,-0.4539636969566345,0.046302735805511475
13199,-0.07318911701440811,-0.11551576852798462
13200,-0.21218973398208618,0.02625352144241333
13201,-0.6019848585128784,0.57719886302948
13202,0.9326921105384827,0.18792110681533813
13203,-0.9441391229629517,0.1252065896987915
13204,0.0451350063085556,-0.022664964199066162
13205,-0.2359774261713028,-0.014575421810150146
13206,0.7491178512573242,0.12128883600234985
13207,0.36853134632110596,-0.1012842059135437
13208,0.18620969355106354,0.007296741008758545
13209,1.0890003442764282,0.07234036922454834
13210,-0.3562210202217102,0.24519193172454834
13211,0.4451087713241577,0.17067009210586548
13212,-0.10297948867082596,-0.07525098323822021
13213,0.6294611692428589,-0.11171579360961914
13214,-0.3387972116470337,0.12716573476791382
13215,0.8240997195243835,-0.08715903759002686
13216,0.7404289841651917,0.12496578693389893
13217,1.4245705604553223,0.27582770586013794
13218,-1.4236546754837036,0.5655504465103149
13219,-0.5441730618476868,0.21716314554214478
13220,-0.3141680061817169,0.05627483129501343
13221,0.9542986750602722,-0.0036513805389404297
13222,1.2241984605789185,0.15536415576934814
13223,-0.38989460468292236,0.100364089012146
13224,1.7566238641738892,0.4832315444946289
13225,0.4806045889854431,0.28170526027679443
13226,0.14923880994319916,0.1199524998664856
13227,-0.5130596160888672,0.1271074414253235
13228,0.5016576647758484,-0.08085602521896362
13229,-0.006705664098262787,0.010104537010192871
13230,-0.21056723594665527,0.16084134578704834
13231,0.006352715194225311,-0.08456730842590332
13232,-0.41956430673599243,0.007304549217224121
13233,-0.189301997423172,0.031007230281829834
13234,0.9956261515617371,0.01898789405822754
13235,-0.11784107238054276,0.1440557837486267
13236,-0.38638412952423096,-0.06358003616333008
13237,-0.35077041387557983,0.016598522663116455
13238,0.01852899044752121,-0.0007795095443725586
13239,0.8940751552581787,-0.03924185037612915
13240,-0.10794905573129654,-0.10744506120681763
13241,0.5956563353538513,-0.1661023199558258
13242,-0.23758967220783234,-0.14980804920196533
13243,-0.8217453956604004,0.007202446460723877
13244,-0.3381563723087311,0.0564197301864624
13245,0.015594609081745148,-0.1430807113647461
13246,-0.15959906578063965,-0.1314011812210083
13247,0.43171781301498413,0.004830420017242432
13248,-0.04701143130660057,-0.11157238483428955
13249,0.28982776403427124,0.3750375509262085
13250,0.672737717628479,-0.01565253734588623
13251,0.5649991631507874,-0.0856429934501648
13252,0.5274878144264221,0.07007169723510742
13253,0.03707584738731384,-0.03658503293991089
13254,-0.2754104435443878,0.0374988317489624
13255,0.10165625810623169,-0.11628109216690063
13256,0.523881733417511,-0.0559769868850708
13257,-0.13453884422779083,-0.10428816080093384
13258,0.2556752562522888,-0.08270478248596191
13259,-0.035088881850242615,0.030061066150665283
13260,0.07626290619373322,-0.00517117977142334
13261,-2.5466718673706055,1.596582055091858
13262,0.22693584859371185,0.8104780912399292
13263,-0.349476158618927,0.6784356832504272
13264,-0.31519633531570435,0.17940115928649902
13265,0.05182145535945892,0.11898088455200195
13266,0.8739950060844421,0.10964787006378174
13267,-0.37391984462738037,0.043515920639038086
13268,-0.4761039614677429,0.011593818664550781
13269,-0.6362314820289612,0.0749925971031189
13270,0.30404502153396606,0.03776341676712036
13271,0.3344826102256775,0.02076774835586548
13272,0.482358455657959,-0.01841139793395996
13273,0.621944785118103,-0.06817442178726196
13274,0.5577873587608337,0.09328651428222656
13275,0.30816179513931274,0.11265212297439575
13276,-0.6615665555000305,-0.03607451915740967
13277,-0.5720959305763245,0.08747291564941406
13278,0.2885246276855469,-0.011758267879486084
13279,1.065140724182129,0.05811673402786255
13280,-0.2160802185535431,0.010615944862365723
13281,0.7405714392662048,-0.04726719856262207
13282,-0.042474545538425446,0.0909644365310669
13283,0.49135440587997437,0.05038243532180786
13284,-0.4755247235298157,0.07706290483474731
13285,-0.004708424210548401,-0.05106663703918457
13286,0.8290311694145203,0.2719763517379761
13287,0.025330275297164917,0.47214770317077637
13288,-0.49264204502105713,0.03444284200668335
13289,0.12126995623111725,-0.1593913733959198
13290,-0.469332754611969,-0.06020015478134155
13291,0.1818767637014389,-0.11236858367919922
13292,-0.13915584981441498,-0.19213926792144775
13293,0.32586491107940674,-0.15677237510681152
13294,0.5228821635246277,-0.24497878551483154
13295,-0.20582333207130432,-0.1483992338180542
13296,0.052520349621772766,-0.23189297318458557
13297,0.2715478539466858,-0.08354395627975464
13298,0.2816944718360901,-0.18379491567611694
13299,0.2912443280220032,-0.1253184676170349
13300,0.21666721999645233,-0.1251734495162964
13301,-0.38619279861450195,-0.15123331546783447
13302,0.17146961390972137,-0.13894420862197876
13303,0.3363596200942993,-0.18132451176643372
13304,0.17271627485752106,-0.13049381971359253
13305,0.27019959688186646,-0.1768646538257599
13306,-0.5712050199508667,-0.15713244676589966
13307,0.5154370665550232,-0.23286187648773193
13308,-0.20756983757019043,-0.20788952708244324
13309,-0.08563274145126343,-0.21112945675849915
13310,0.10202501714229584,-0.14508873224258423
13311,0.37321144342422485,-0.18659141659736633
13312,0.44880908727645874,-0.16787809133529663
13313,0.1472765952348709,-0.20223495364189148
13314,-0.14777231216430664,-0.24328547716140747
13315,-0.37492191791534424,-0.22118833661079407
13316,0.2576254606246948,-0.18967556953430176
13317,0.5501638054847717,-0.08785545825958252
13318,-0.3099749684333801,-0.08107936382293701
13319,-0.07867589592933655,-0.1575397253036499
13320,0.20081152021884918,-0.054303109645843506
13321,0.2565772533416748,0.029496610164642334
13322,-0.3376333713531494,0.01186603307723999
13323,-0.261636883020401,0.01828920841217041
13324,0.8416029810905457,-0.0023711323738098145
13325,0.4561823010444641,-0.14070379734039307
13326,-0.16475558280944824,-0.11627095937728882
13327,0.7675409317016602,-0.1167670488357544
13328,0.44709670543670654,-0.07192742824554443
13329,0.4994109272956848,-0.05707746744155884
13330,-0.12082862108945847,-0.01984584331512451
13331,0.12111558020114899,-0.12195152044296265
13332,1.1239253282546997,0.09880936145782471
13333,-0.29411494731903076,0.0024186372756958008
13334,0.7930702567100525,0.11772918701171875
13335,0.4841815233230591,0.16088777780532837
13336,-0.05985148623585701,-0.005580246448516846
13337,0.9991565346717834,0.3629114627838135
13338,0.25184738636016846,0.167946457862854
13339,-0.14868201315402985,0.009134352207183838
13340,-0.13813632726669312,0.03932470083236694
13341,-0.26525700092315674,-0.024781763553619385
13342,0.5848358869552612,-0.07788717746734619
13343,-0.18969008326530457,-0.04008704423904419
13344,-0.3813321590423584,0.05315893888473511
13345,-0.3616025447845459,-0.03994780778884888
13346,0.8374218344688416,0.005701422691345215
13347,-0.09714266657829285,-0.07968860864639282
13348,0.3420887589454651,0.06445223093032837
13349,0.32661205530166626,0.5227528810501099
13350,-0.177983820438385,-0.005217611789703369
13351,0.4006783962249756,-0.1241757869720459
13352,0.19372998178005219,-0.044972896575927734
13353,1.2981010675430298,0.20922768115997314
13354,-0.20486555993556976,0.18463283777236938
13355,0.3039567470550537,0.1825709342956543
13356,-0.4460750222206116,0.09817850589752197
13357,1.1545652151107788,0.46010100841522217
13358,-0.32350224256515503,0.496280312538147
13359,-0.49568885564804077,0.10888910293579102
13360,0.5790326595306396,0.020706355571746826
13361,0.3506087064743042,-0.013663232326507568
13362,-0.33865785598754883,0.005841970443725586
13363,0.20889167487621307,-0.1354658603668213
13364,0.3657692074775696,-0.062467873096466064
13365,0.3892251253128052,0.08053195476531982
13366,-0.4056340456008911,-0.04331415891647339
13367,-0.34766459465026855,-0.021706223487854004
13368,0.0006841123104095459,-0.06012481451034546
13369,-0.17121228575706482,-0.07794415950775146
13370,-0.19940252602100372,-0.028895914554595947
13371,0.3055667281150818,-0.08447062969207764
13372,0.8056975603103638,-0.04904913902282715
13373,0.2817460298538208,0.07528239488601685
13374,-0.07157568633556366,-0.10850852727890015
13375,-0.005022041499614716,0.04838287830352783
13376,0.36250442266464233,0.07528269290924072
13377,-0.2308623045682907,0.04738283157348633
13378,0.5862362384796143,0.07250386476516724
13379,0.39986932277679443,0.08002299070358276
13380,0.9880654215812683,0.43369603157043457
13381,0.4482877254486084,0.4091905355453491
13382,-0.7402976751327515,0.4605976343154907
13383,-0.43247002363204956,0.3608565330505371
13384,-0.2499137967824936,0.5504530668258667
13385,-0.4921148419380188,0.17853403091430664
13386,-0.06120210513472557,0.08073163032531738
13387,0.08427740633487701,0.012446939945220947
13388,0.016311660408973694,-0.03650772571563721
13389,-0.26167482137680054,0.05324500799179077
13390,0.10014060139656067,-0.06822222471237183
13391,-0.256236732006073,-0.09321504831314087
13392,-0.08195091784000397,-0.1311953067779541
13393,-0.9945248961448669,0.9841358661651611
13394,0.4667913317680359,0.06064724922180176
13395,0.3108333349227905,-0.13078314065933228
13396,-0.6936008930206299,-0.05599600076675415
13397,-0.2942466139793396,0.06051361560821533
13398,0.5682069659233093,-0.07008051872253418
13399,0.1220308244228363,-0.1063457727432251
13400,0.5954875349998474,-0.10412043333053589
13401,-0.5639128088951111,-0.13756060600280762
13402,0.3313678503036499,-0.07597905397415161
13403,0.005593843758106232,-0.15598663687705994
13404,0.5691115260124207,-0.15851151943206787
13405,-0.08356922119855881,-0.2087327539920807
13406,0.7150377035140991,-0.004433870315551758
13407,0.4750733971595764,-0.052780091762542725
13408,0.9048812985420227,-0.03498196601867676
13409,-0.023891739547252655,-0.11003386974334717
13410,-0.7106398344039917,-0.09402322769165039
13411,-0.43058377504348755,0.06748247146606445
13412,0.39536988735198975,-0.16782337427139282
13413,-0.7706384062767029,-0.006396889686584473
13414,0.5941364169120789,-0.03994792699813843
13415,-1.1396615505218506,0.30481481552124023
13416,0.4576154947280884,0.2599110007286072
13417,0.1688631922006607,0.1383984088897705
13418,-0.30805492401123047,0.008742928504943848
13419,-1.7745250463485718,0.8876857757568359
13420,-0.8344985842704773,1.1034140586853027
13421,-0.61600661277771,0.632707953453064
13422,-1.0018588304519653,1.4481619596481323
13423,-1.1221657991409302,0.6815180778503418
13424,0.652614414691925,0.6087547540664673
13425,-1.8225681781768799,0.9317353963851929
13426,0.0071844905614852905,0.5157030820846558
13427,-0.763943076133728,0.4359261989593506
13428,-0.4175538420677185,0.8388849496841431
13429,0.9492633938789368,0.4378451108932495
13430,-0.28403356671333313,0.10636073350906372
13431,0.7840546369552612,0.0938306450843811
13432,0.1766509860754013,0.21255749464035034
13433,0.4944199323654175,0.009621381759643555
13434,0.6874482035636902,0.08313149213790894
13435,-0.9028451442718506,0.08726412057876587
13436,-1.1894673109054565,0.35053181648254395
13437,1.5670758485794067,0.36541831493377686
13438,-1.1362030506134033,0.30163997411727905
13439,-0.9806305766105652,0.6202456951141357
13440,-0.39888811111450195,0.4484807252883911
13441,0.894364058971405,0.3219456672668457
13442,0.21326740086078644,0.055436015129089355
13443,0.0843050479888916,0.1779349446296692
13444,0.08339162170886993,0.050876736640930176
13445,-0.16419240832328796,0.0027364492416381836
13446,-0.026533037424087524,0.05569559335708618
13447,1.0401860475540161,0.04856497049331665
13448,-0.5294526815414429,-0.003675520420074463
13449,-0.3713415265083313,0.08246809244155884
13450,-0.4953562021255493,0.09748959541320801
13451,-0.49707508087158203,0.4461972713470459
13452,1.8663984537124634,0.6127439737319946
13453,-0.20026573538780212,0.4527890682220459
13454,-0.3913142681121826,0.344774067401886
13455,-0.12417542934417725,0.25771719217300415
13456,1.2471381425857544,0.17203301191329956
13457,-0.5879236459732056,0.2287611961364746
13458,0.20525424182415009,0.05461621284484863
13459,-0.08787941187620163,0.028640806674957275
13460,0.3393644094467163,0.19884014129638672
13461,-0.5070028305053711,0.9764734506607056
13462,0.760823130607605,1.074498176574707
13463,0.19046835601329803,0.10388970375061035
13464,0.9664738774299622,0.17242693901062012
13465,0.9547011256217957,0.15538108348846436
13466,-0.6194320321083069,0.4931330680847168
13467,0.5593305230140686,0.24031084775924683
13468,-1.2362167835235596,0.42688846588134766
13469,-1.4663363695144653,0.6047365665435791
13470,1.488734483718872,0.3178951144218445
13471,0.4932255744934082,0.16750389337539673
13472,-0.8070252537727356,0.08292853832244873
13473,1.4163116216659546,0.27753114700317383
13474,-0.6808280348777771,0.03482741117477417
13475,0.11295869946479797,-0.010678410530090332
13476,1.022447109222412,0.21051698923110962
13477,1.129753589630127,0.2121504545211792
13478,-0.25424590706825256,0.18118548393249512
13479,-0.42862868309020996,0.19585460424423218
13480,-0.29317349195480347,0.04148668050765991
13481,-0.2125301957130432,-0.06735050678253174
13482,0.990527331829071,0.01932448148727417
13483,1.4656867980957031,0.307475745677948
13484,0.7516961097717285,0.5293707847595215
13485,-0.6546603441238403,0.0876736044883728
13486,-0.7976676821708679,0.0016774535179138184
13487,0.3875742554664612,-0.04063946008682251
13488,0.42023128271102905,-0.043332457542419434
13489,0.6255890130996704,-0.1559397280216217
13490,-0.7827023863792419,0.14320224523544312
13491,0.5554764866828918,-0.21668827533721924
13492,-0.4903520345687866,-0.08530163764953613
13493,0.49892765283584595,-0.025720953941345215
13494,0.4873671531677246,-0.10420417785644531
13495,0.04489655792713165,-0.19389069080352783
13496,-1.0105445384979248,0.18627244234085083
13497,0.8160418272018433,-0.08658212423324585
13498,0.7498266100883484,-0.13100653886795044
13499,0.3346880078315735,-0.12913000583648682
13500,-0.7698136568069458,-0.03484654426574707
13501,0.8976854681968689,-0.03689795732498169
13502,1.1775707006454468,0.13117432594299316
13503,0.4568415880203247,-0.08675336837768555
13504,-0.3256692886352539,0.006597757339477539
13505,-0.8088460564613342,0.0007105469703674316
13506,0.008624032139778137,-0.12592613697052002
13507,-0.3539488911628723,-0.00846177339553833
13508,-0.8253734111785889,0.012303054332733154
13509,0.1284302920103073,-0.05226123332977295
13510,0.3497387170791626,-0.12293100357055664
13511,-1.282146692276001,0.43563151359558105
13512,0.71183180809021,0.4736429452896118
13513,1.9250062704086304,0.5860400199890137
13514,-0.37287259101867676,0.23023241758346558
13515,-0.6236369609832764,-0.009179472923278809
13516,-0.9668095111846924,0.14561516046524048
13517,-0.16148093342781067,0.01494210958480835
13518,-0.32378101348876953,-0.08360791206359863
13519,0.1481410712003708,-0.08292233943939209
13520,0.2167164832353592,-0.03421163558959961
13521,0.11118105053901672,-0.016445457935333252
13522,-0.11851409822702408,0.1659485101699829
13523,-0.9669587016105652,0.14342105388641357
13524,-1.9009206295013428,1.0115842819213867
13525,-0.7266504764556885,0.7648223638534546
13526,-0.5634905099868774,1.0522480010986328
13527,0.21895940601825714,0.21127307415008545
13528,1.4687716960906982,0.3094501495361328
13529,0.7044285535812378,0.03050851821899414
13530,-0.732503354549408,0.274514377117157
13531,1.0278936624526978,0.04247564077377319
13532,-0.02511918544769287,-0.046956002712249756
13533,-0.5963467955589294,0.02679210901260376
13534,0.1961323767900467,0.1244591474533081
13535,0.400418221950531,0.09664618968963623
13536,-0.2217124104499817,0.02555793523788452
13537,0.1726447492837906,0.01770496368408203
13538,-0.49792057275772095,0.04466581344604492
13539,-0.5942239165306091,0.15671217441558838
13540,0.1598234623670578,0.18255949020385742
13541,0.9203171133995056,0.010785341262817383
13542,0.021287336945533752,0.14195340871810913
13543,-0.09833695739507675,0.06919389963150024
13544,-0.20703193545341492,0.03870266675949097
13545,1.1500053405761719,0.10943514108657837
13546,0.9272579550743103,0.11788475513458252
13547,0.2940230369567871,0.047289490699768066
13548,-0.06492719799280167,0.18582618236541748
13549,0.02475564181804657,-0.1304084062576294
13550,0.19619156420230865,-0.05951428413391113
13551,0.7778980135917664,0.068264901638031
13552,0.3796212077140808,1.0823627710342407
13553,-0.4540875554084778,0.2759278416633606
13554,0.15870358049869537,-0.026288926601409912
13555,0.28804677724838257,-0.001429736614227295
13556,-0.40417367219924927,-0.020672738552093506
13557,0.5478328466415405,-0.0678367018699646
13558,-0.12102917581796646,-0.048222124576568604
13559,-0.022447407245635986,-0.16805928945541382
13560,-0.0949145257472992,-0.07071852684020996
13561,0.17517532408237457,0.040168821811676025
13562,-0.5619105696678162,-0.05555814504623413
13563,1.090444803237915,0.08008325099945068
13564,-1.9771147966384888,1.0736839771270752
13565,0.938775360584259,0.26449453830718994
13566,-0.8332371115684509,0.09918665885925293
13567,-2.2975754737854004,1.3679002523422241
13568,-0.5515044331550598,1.2945425510406494
13569,-0.2890040874481201,0.7436016798019409
13570,-0.19909432530403137,0.9611573219299316
13571,1.8490734100341797,0.5728576183319092
13572,-0.6717431545257568,0.3059406280517578
13573,-2.1262238025665283,2.1240248680114746
13574,-0.36498284339904785,0.6973146200180054
13575,-0.27490299940109253,0.384732723236084
13576,0.1500496119260788,0.6586670875549316
13577,-0.4632570147514343,0.3507254719734192
13578,0.5375492572784424,0.5651295185089111
13579,0.44336646795272827,0.15281623601913452
13580,-0.010680653154850006,0.029907822608947754
13581,0.2912063002586365,0.037536799907684326
13582,-0.41829240322113037,0.19180941581726074
13583,-0.35284125804901123,0.09988188743591309
13584,-0.8136156797409058,0.10104608535766602
13585,-0.30972540378570557,0.5758795738220215
13586,-0.7916043400764465,0.4263190031051636
13587,1.961145043373108,0.6079490184783936
13588,0.009887754917144775,0.015024125576019287
13589,-1.0064047574996948,0.18202054500579834
13590,-0.6786909103393555,0.09012192487716675
13591,1.087514877319336,0.07714980840682983
13592,0.6550361514091492,-0.13003480434417725
13593,0.8135799169540405,-0.045935630798339844
13594,0.35140395164489746,0.004230201244354248
13595,-0.2790776491165161,-0.019987881183624268
13596,0.08754901587963104,-0.019089698791503906
13597,0.1479816883802414,-0.17541003227233887
13598,-1.0048959255218506,0.21494019031524658
13599,0.37508755922317505,0.11107194423675537
13600,0.22359691560268402,-0.10342925786972046
13601,-0.21800589561462402,-0.10874795913696289
13602,-0.7630254626274109,0.008160412311553955
13603,-0.8121992945671082,0.3045334815979004
13604,-0.09608186781406403,0.25406956672668457
13605,-0.7875010967254639,0.403262734413147
13606,1.0797427892684937,0.0670434832572937
13607,-0.41549015045166016,-0.007968485355377197
13608,1.1485306024551392,0.11457407474517822
13609,-0.25361067056655884,0.0840345025062561
13610,-0.056001707911491394,0.09879118204116821
13611,-0.5479915142059326,-0.02317875623703003
13612,-1.0556708574295044,0.5648171901702881
13613,2.1783432960510254,0.7393332719802856
13614,0.8898451924324036,0.25196921825408936
13615,0.09379146993160248,0.13174068927764893
13616,0.06815315783023834,0.07813233137130737
13617,-0.12010137736797333,0.17239904403686523
13618,-0.2941782772541046,-0.01526874303817749
13619,1.2983990907669067,0.2061605453491211
13620,-0.46052348613739014,0.20502370595932007
13621,0.20030565559864044,-0.018378853797912598
13622,0.44848376512527466,0.20174092054367065
13623,0.4434865713119507,0.10172003507614136
13624,-0.37164080142974854,0.353038489818573
13625,0.3452206254005432,0.04721176624298096
13626,-0.48187685012817383,0.1321442723274231
13627,0.1254589706659317,0.21047860383987427
13628,0.22459499537944794,0.059642493724823
13629,0.5301356315612793,0.061709463596343994
13630,-0.8931993842124939,0.22454345226287842
13631,0.4813350439071655,0.10056781768798828
13632,0.5695377588272095,0.07398253679275513
13633,-0.15977007150650024,0.04310077428817749
13634,0.492464542388916,0.2018083930015564
13635,-0.04314287379384041,0.2888430953025818
13636,-0.4661523699760437,0.13733845949172974
13637,-0.33415234088897705,0.023423850536346436
13638,0.535635232925415,0.005245029926300049
13639,0.8163000345230103,0.15608513355255127
13640,0.5984995365142822,0.3813079595565796
13641,0.3870914578437805,0.6021728515625
13642,-0.3329591751098633,0.7000188827514648
13643,-0.5938777327537537,0.19525033235549927
13644,0.23526619374752045,0.0367928147315979
13645,-0.5365548729896545,-0.005589544773101807
13646,0.057399168610572815,-0.08347815275192261
13647,0.1505744904279709,-0.1471477448940277
13648,0.5596792101860046,-0.09257948398590088
13649,0.13283059000968933,-0.048942506313323975
13650,-0.7680924534797668,0.1060492992401123
13651,-0.49408847093582153,-0.03996014595031738
13652,-1.5149284601211548,0.6493299007415771
13653,1.7105275392532349,0.456013560295105
13654,0.914141833782196,0.3332470655441284
13655,-0.46648889780044556,0.08185213804244995
13656,1.005234718322754,0.025313973426818848
13657,-0.3269704282283783,0.04660391807556152
13658,-1.1810284852981567,0.3427944779396057
13659,0.7682675123214722,0.0019102692604064941
13660,-0.9592717885971069,0.5335172414779663
13661,-1.7762773036956787,1.137754201889038
13662,-0.46854710578918457,0.848427414894104
13663,1.9469972848892212,0.5967447757720947
13664,1.6631407737731934,0.8924916982650757
13665,0.02789485454559326,0.2909390330314636
13666,2.564638614654541,1.1176209449768066
13667,1.0776287317276,1.0158549547195435
13668,-0.835635781288147,0.3574841022491455
13669,-1.2417967319488525,0.3985816240310669
13670,1.3971095085144043,0.2656323313713074
13671,1.5890510082244873,0.3752567768096924
13672,-0.7048288583755493,0.18959873914718628
13673,-0.27336129546165466,0.11599242687225342
13674,0.5761628150939941,0.329181432723999
13675,-0.2502526640892029,-0.04594987630844116
13676,1.7985163927078247,0.5093562602996826
13677,-0.3515878915786743,0.48412442207336426
13678,-1.3629961013793945,0.509859561920166
13679,-0.7234161496162415,0.3600606918334961
13680,1.0806041955947876,0.12701374292373657
13681,0.3426330089569092,0.05676215887069702
13682,1.739446759223938,0.4734879732131958
13683,1.3577373027801514,0.31944602727890015
13684,0.1348622590303421,0.1533840298652649
13685,1.2276551723480225,0.21763545274734497
13686,-0.5114936828613281,0.26429665088653564
13687,0.040919333696365356,0.08666497468948364
13688,0.42365026473999023,0.12812286615371704
13689,0.24332524836063385,0.07295715808868408
13690,0.6923564672470093,0.21360409259796143
13691,-1.1046991348266602,0.27271294593811035
13692,1.2016959190368652,0.14743846654891968
13693,-0.1697826087474823,0.00018006563186645508
13694,-0.07322999835014343,-0.003235459327697754
13695,0.13317543268203735,-0.11946111917495728
13696,0.17457173764705658,-0.03602093458175659
13697,0.3995109796524048,-0.0198976993560791
13698,-0.5423128008842468,-0.04708296060562134
13699,-0.40801990032196045,-0.02933412790298462
13700,0.3862106204032898,-0.06986850500106812
13701,-0.3477078676223755,-0.0012723207473754883
13702,-0.5534924268722534,0.041991353034973145
13703,0.12599490582942963,0.02844071388244629
13704,1.1318548917770386,0.1447305679321289
13705,-0.03104541450738907,-0.09345358610153198
13706,-0.22883924841880798,-0.05944478511810303
13707,-0.14574284851551056,-0.052818119525909424
13708,1.0053620338439941,0.023319661617279053
13709,1.5205985307693481,0.3952927589416504
13710,-1.5463765859603882,0.6782218217849731
13711,-0.7805242538452148,0.30166715383529663
13712,-0.46233969926834106,0.22772592306137085
13713,0.6450463533401489,0.013662993907928467
13714,1.9513658285140991,0.6420066356658936
13715,-0.7651728987693787,0.15454310178756714
13716,0.21550126373767853,-0.07136088609695435
13717,-0.7360369563102722,-0.03533053398132324
13718,-0.5361275672912598,-0.027875423431396484
13719,0.051058098673820496,-0.09768390655517578
13720,0.576474130153656,-0.005249381065368652
13721,-0.26187267899513245,-0.0766412615776062
13722,-0.5437653064727783,0.0285489559173584
13723,0.1747828871011734,-0.0017843842506408691
13724,0.6704806685447693,-0.1276092529296875
13725,0.6092661023139954,-0.14282715320587158
13726,-0.9467891454696655,0.127738356590271
13727,-0.07916201651096344,-0.07993203401565552
13728,0.7673924565315247,-0.12124419212341309
13729,-0.1426783800125122,-0.14062654972076416
13730,-0.6548556685447693,-0.008409321308135986
13731,-0.14191275835037231,0.319144070148468
13732,0.7603501677513123,-0.043116748332977295
13733,0.31990981101989746,-0.17458385229110718
13734,0.15821443498134613,-0.04297608137130737
13735,-0.847489058971405,0.036253392696380615
13736,0.23789452016353607,-0.0959634780883789
13737,-0.6501609683036804,-0.1081954836845398
13738,-0.889986515045166,0.6042953729629517
13739,0.034067362546920776,0.23351365327835083
13740,1.0575988292694092,0.24756526947021484
13741,-0.8097507953643799,-0.0008584260940551758
13742,0.18354164063930511,-0.08568382263183594
13743,0.16587762534618378,-0.01666814088821411
13744,0.02852460741996765,-0.14846467971801758
13745,-0.24554447829723358,-0.06960982084274292
13746,0.6944104433059692,-0.08155357837677002
13747,0.024501055479049683,-0.12892872095108032
13748,-0.4731455445289612,0.03260159492492676
13749,-0.3124607801437378,0.011744201183319092
13750,-0.11543768644332886,-0.12280350923538208
13751,0.1491333395242691,0.013174295425415039
13752,0.3612445592880249,-0.013269484043121338
13753,-0.761963427066803,0.09292352199554443
13754,0.592688262462616,-0.10761606693267822
13755,0.7556346654891968,-0.1254197359085083
13756,0.848090648651123,0.25152522325515747
13757,-0.9996971487998962,0.360642671585083
13758,1.3683879375457764,0.24858564138412476
13759,0.5875464677810669,0.17620855569839478
13760,-1.736004114151001,0.8523194789886475
13761,0.19642816483974457,0.03177922964096069
13762,-1.548849105834961,0.6804918050765991
13763,1.146107792854309,0.2359980344772339
13764,0.03731684386730194,0.11192172765731812
13765,-1.008088231086731,0.18399262428283691
13766,0.7793596982955933,0.0300866961479187
13767,-0.33578455448150635,0.004910528659820557
13768,-0.26790058612823486,0.010917067527770996
13769,-0.6932985186576843,0.028012335300445557
13770,-0.3495069742202759,0.24059736728668213
13771,0.0973023772239685,0.017093896865844727
13772,0.9580220580101013,-0.0006975531578063965
13773,-0.035156622529029846,-0.2008884847164154
13774,0.10367682576179504,-0.1576419174671173
13775,0.703779399394989,-0.03767138719558716
13776,-0.5008940696716309,-0.08335340023040771
13777,1.0162853002548218,0.03388082981109619
13778,-0.03141782432794571,-0.1236996054649353
13779,-1.016676425933838,0.1919022798538208
13780,-0.740594208240509,0.10271060466766357
13781,0.2460162490606308,0.007003903388977051
13782,0.29611754417419434,-0.17428633570671082
13783,0.30440372228622437,-0.14425128698349
13784,-0.06717054545879364,0.17439889907836914
13785,0.7855578660964966,-0.04477250576019287
13786,0.3384479880332947,-0.02055978775024414
13787,0.29949915409088135,-0.16193392872810364
13788,-0.24423669278621674,-0.15936598181724548
13789,0.4667001962661743,-0.19775834679603577
13790,0.5165809392929077,-0.22522911429405212
13791,0.08674603700637817,-0.1400831937789917
13792,-0.581281304359436,-0.21143627166748047
13793,0.36474496126174927,-0.20340320467948914
13794,-0.76854407787323,-0.03591126203536987
13795,0.36957889795303345,-0.10382473468780518
13796,-0.8635618686676025,0.051326870918273926
13797,0.7474892139434814,-0.13273948431015015
13798,0.9117403626441956,-0.029911279678344727
13799,0.3167194724082947,-0.15670135617256165
13800,0.202082559466362,-0.045205771923065186
13801,-0.4617077112197876,-0.16939765214920044
13802,-0.9126466512680054,0.09638530015945435
13803,1.120646357536316,0.0984000563621521
13804,0.633604109287262,-0.17415109276771545
13805,0.19688211381435394,-0.1118740439414978
13806,1.3990408182144165,0.26003754138946533
13807,1.1462252140045166,0.24516814947128296
13808,-0.7924346327781677,0.033987462520599365
13809,-0.29329073429107666,-0.09850561618804932
13810,0.5922276973724365,-0.10037600994110107
13811,-0.7612289786338806,-0.0426519513130188
13812,-0.7915655970573425,-0.019578516483306885
13813,-0.0065545812249183655,-0.07716619968414307
13814,0.9922894835472107,0.020580947399139404
13815,0.34837591648101807,-0.06233704090118408
13816,0.050994083285331726,-0.12043040990829468
13817,-0.47280746698379517,-0.14075994491577148
13818,0.6621769070625305,-0.11666238307952881
13819,-0.2221873253583908,-0.18083342909812927
13820,0.3296809196472168,-0.10864800214767456
13821,0.5317879915237427,-0.10328680276870728
13822,0.21848569810390472,-0.03149247169494629
13823,0.01527559757232666,-0.01642531156539917
13824,-1.150151014328003,0.3144455552101135
13825,0.5470764636993408,-0.06255221366882324
13826,0.881031334400177,-0.05200648307800293
13827,0.7349603772163391,-0.06867337226867676
13828,-0.18875709176063538,-0.03426867723464966
13829,-0.14802566170692444,-0.02499568462371826
13830,0.8479479551315308,-0.032566070556640625
13831,-0.0038693100214004517,0.1063423752784729
13832,-0.4707227945327759,-0.062401413917541504
13833,-0.4338684678077698,-0.030479729175567627
13834,-0.3973454236984253,0.03578156232833862
13835,0.11995066702365875,0.05573582649230957
13836,-0.3681897521018982,0.17273038625717163
13837,0.5656880140304565,-0.047044992446899414
13838,-0.8249467611312866,0.015842318534851074
13839,-0.19998881220817566,0.0300065279006958
13840,-0.42373961210250854,0.06079435348510742
13841,0.02241578698158264,-0.04375714063644409
13842,-0.9611731171607971,0.2653504014015198
13843,0.005964972078800201,0.04334235191345215
13844,-0.010004676878452301,0.07322245836257935
13845,-0.033370211720466614,0.026814401149749756
13846,-1.0248172283172607,0.7026325464248657
13847,-0.12023512274026871,0.17722010612487793
13848,0.4737635850906372,0.9998340606689453
13849,0.21535520255565643,0.545302152633667
13850,0.045643121004104614,0.22845447063446045
13851,-0.12764237821102142,0.5829204320907593
13852,1.6840195655822754,0.9258159399032593
13853,-0.38252168893814087,0.6085289716720581
13854,11.193659782409668,8.641470909118652
13855,-0.8379330039024353,7.07275390625
13856,1.2796674966812134,2.999675750732422
13857,0.4427603483200073,1.4719303846359253
13858,1.9176777601242065,1.6459559202194214
13859,0.7589808702468872,1.1536626815795898
13860,0.8300000429153442,1.2618482112884521
13861,-1.8313919305801392,1.3268290758132935
13862,3.3707053661346436,2.331660747528076
13863,-0.516596794128418,1.103991985321045
13864,0.3195682168006897,0.8046483993530273
13865,-0.8621618151664734,0.7867354154586792
13866,2.663144826889038,1.146994948387146
13867,0.9075255990028381,1.3162853717803955
13868,-0.8053789734840393,1.0602384805679321
13869,0.07275696098804474,0.45466434955596924
13870,0.816950798034668,0.3677361011505127
13871,-1.455494999885559,0.7412130832672119
13872,0.9216071963310242,0.10374850034713745
13873,-0.35270267724990845,0.05646008253097534
13874,0.688367486000061,0.11440199613571167
13875,0.13895075023174286,0.05943483114242554
13876,0.250932514667511,0.16223925352096558
13877,-0.18369638919830322,0.6577997207641602
13878,0.4912344813346863,0.20975887775421143
13879,0.33152109384536743,0.08229976892471313
13880,0.12338253855705261,0.05233192443847656
13881,0.5181403160095215,0.21401220560073853
13882,0.25068044662475586,1.2380379438400269
13883,0.8802616596221924,0.48724448680877686
13884,0.1872279793024063,0.49755382537841797
13885,-0.20226475596427917,0.4653257131576538
13886,-0.930682897567749,0.4834897518157959
13887,-0.1535717397928238,0.20681411027908325
13888,0.007367677986621857,0.29501038789749146
13889,0.1541006714105606,0.1373559832572937
13890,-0.13759294152259827,0.05913126468658447
13891,0.7401114702224731,-0.02971261739730835
13892,0.5186755061149597,0.15278726816177368
13893,0.019980669021606445,0.184892475605011
13894,-1.2763546705245972,0.4559592008590698
13895,0.5560917258262634,0.14546918869018555
13896,-0.8681425452232361,0.3003755211830139
13897,-0.14312461018562317,0.15375828742980957
13898,-0.3793907165527344,0.20799946784973145
13899,-1.4017583131790161,0.8703124523162842
13900,-1.0359967947006226,0.7683982849121094
13901,1.3825446367263794,0.255037784576416
13902,-0.7290225028991699,0.09200799465179443
13903,-1.491262674331665,0.6276215314865112
13904,-0.32030564546585083,1.0613151788711548
13905,0.8668151497840881,0.18934082984924316
13906,0.31673723459243774,0.12776172161102295
13907,-0.06400116533041,0.045902907848358154
13908,-0.9261506199836731,0.10879015922546387
13909,0.6731642484664917,-0.08020126819610596
13910,1.0930131673812866,0.0762065052986145
13911,0.23310281336307526,0.18604570627212524
13912,1.6079524755477905,0.9129390716552734
13913,0.34508275985717773,0.7571772336959839
13914,0.22103579342365265,0.623906135559082
13915,0.9599842429161072,0.6945860385894775
13916,0.8913400173187256,0.8257672786712646
13917,-0.1316959410905838,0.5860601663589478
13918,-0.6863808035850525,0.49445509910583496
13919,-0.04036078602075577,0.41213202476501465
13920,0.22419409453868866,0.13707011938095093
13921,0.3548746109008789,0.054804980754852295
13922,0.5144122242927551,0.20116513967514038
13923,-0.9408494234085083,0.13917148113250732
13924,0.3714810013771057,0.29837918281555176
13925,-0.41520756483078003,0.1193271279335022
13926,0.2440684288740158,0.24338674545288086
13927,-1.0107468366622925,0.6125622987747192
13928,0.852182924747467,0.5908726453781128
13929,0.08435139060020447,0.08005768060684204
13930,-0.2969338595867157,0.052930474281311035
13931,-0.17615802586078644,0.046200573444366455
13932,1.0435328483581543,0.1886504888534546
13933,0.15955756604671478,0.001037299633026123
13934,-0.738868236541748,0.036504149436950684
13935,-0.23307819664478302,0.012763619422912598
13936,-0.28048935532569885,-0.011220932006835938
13937,-0.17707130312919617,0.031165778636932373
13938,0.7415810823440552,-0.113727867603302
13939,-0.2536141574382782,-0.08898305892944336
13940,0.20421366393566132,-0.10200119018554688
13941,-0.20434631407260895,0.046723008155822754
13942,0.5331925749778748,0.050170302391052246
13943,0.07316435873508453,0.048908770084381104
13944,0.3362669348716736,-0.029845833778381348
13945,-0.5575243830680847,0.01821666955947876
13946,0.13281653821468353,-0.05986970663070679
13947,-0.3918263912200928,0.11277252435684204
13948,-0.43114304542541504,0.49099528789520264
13949,0.3220829963684082,0.10252875089645386
13950,0.11592015624046326,0.13836944103240967
13951,0.9268121123313904,0.22868293523788452
13952,-0.9347160458564758,0.11092877388000488
13953,-0.05391181632876396,-0.014982879161834717
13954,0.420612096786499,0.11781013011932373
13955,0.4038877487182617,0.14671307802200317
13956,-0.13546651601791382,-0.08722656965255737
13957,0.03427402675151825,-0.10678231716156006
13958,-0.3439418077468872,-0.03879499435424805
13959,0.023684948682785034,-0.022702932357788086
13960,-0.2905995845794678,-0.006913602352142334
13961,0.7919933199882507,-0.09723341464996338
13962,0.3066829442977905,-0.052626848220825195
13963,-0.5477014780044556,-0.035449206829071045
13964,0.35815078020095825,0.0358051061630249
13965,0.06785404682159424,-0.11968797445297241
13966,0.4664055109024048,-0.1343417763710022
13967,-0.05191531404852867,-0.14889174699783325
13968,0.4463663697242737,-0.15967541933059692
13969,0.03227017819881439,-0.1841340959072113
13970,0.1496022492647171,-0.04356420040130615
13971,0.261816143989563,-0.12600231170654297
13972,0.3233415484428406,0.041686058044433594
13973,0.4168948531150818,0.040108323097229004
13974,-0.2907271981239319,0.09828341007232666
13975,0.24092085659503937,-0.15796208381652832
13976,-0.5227451324462891,0.22865736484527588
13977,0.5732856392860413,-0.032904744148254395
13978,-0.5464836359024048,0.02988731861114502
13979,-0.25071704387664795,-0.04261273145675659
13980,0.192900612950325,-0.1120714545249939
13981,0.1397646963596344,-0.15999329090118408
13982,0.567525327205658,-0.1399502158164978
13983,0.006478011608123779,-0.20047792792320251
13984,0.28785240650177,-0.10436362028121948
13985,0.6563569903373718,-0.1374644637107849
13986,0.09154516458511353,-0.032613158226013184
13987,0.236964151263237,-0.1141582727432251
13988,-0.15878210961818695,-0.1414552927017212
13989,0.23578394949436188,-0.045146942138671875
13990,0.30917268991470337,-0.0252915620803833
13991,0.3569243550300598,-0.025693058967590332
13992,0.8195451498031616,0.034447669982910156
13993,-0.42448192834854126,-0.0083046555519104
13994,-0.24671858549118042,0.215124249458313
13995,-0.4282189607620239,0.07919621467590332
13996,0.9579711556434631,-0.006826043128967285
13997,-0.1116437092423439,0.406080961227417
13998,0.10617557168006897,0.35501235723495483
13999,0.5629852414131165,0.6119850873947144
14000,-0.894382655620575,0.2554427981376648
14001,-0.6919098496437073,0.28105539083480835
14002,-0.31925255060195923,0.16864663362503052
14003,-0.16082370281219482,-0.035033345222473145
14004,0.34824252128601074,-0.031463563442230225
14005,0.6802464723587036,-0.08291196823120117
14006,0.4049687385559082,0.008830368518829346
14007,0.09110057353973389,0.024403095245361328
14008,-0.43608343601226807,-0.05048578977584839
14009,0.6926541328430176,0.05091351270675659
14010,-0.35294872522354126,0.1091201901435852
14011,-0.17129677534103394,0.010819435119628906
14012,-0.06976337730884552,-0.013868153095245361
14013,-0.2042008638381958,0.202703595161438
14014,-0.4489325284957886,0.10171139240264893
14015,-0.2776040732860565,0.24436360597610474
14016,-0.2440035194158554,0.19517695903778076
14017,-0.6732814908027649,0.11051821708679199
14018,0.8376244902610779,0.0030651092529296875
14019,0.3552960157394409,-0.010095298290252686
14020,-0.31775879859924316,-0.0026807188987731934
14021,-0.5227987766265869,-0.013308823108673096
14022,0.604985237121582,0.1293817162513733
14023,-0.15724286437034607,-0.04126441478729248
14024,-0.17113418877124786,-0.05070012807846069
14025,0.333996057510376,-0.08529925346374512
14026,-0.5426090955734253,0.022444486618041992
14027,0.41075170040130615,-0.1275985836982727
14028,0.48105621337890625,-0.0677347183227539
14029,-0.5427348017692566,0.023056983947753906
14030,-0.7327216863632202,0.2530641555786133
14031,-0.3730148673057556,0.22743523120880127
14032,-0.09713618457317352,0.6526024341583252
14033,-0.17989203333854675,0.08891397714614868
14034,-0.36436522006988525,0.7592633962631226
14035,0.09141799807548523,0.2542518973350525
14036,-0.15135541558265686,0.03602498769760132
14037,0.4304248094558716,-0.08979225158691406
14038,0.4073365330696106,-0.03395569324493408
14039,-0.12562140822410583,-0.1161428689956665
14040,0.031469061970710754,-0.10133928060531616
14041,0.3703004717826843,-0.12599170207977295
14042,0.23735500872135162,-0.031096994876861572
14043,0.39830392599105835,0.046292662620544434
14044,-0.17700761556625366,0.09370535612106323
14045,-0.22199620306491852,-0.014188230037689209
14046,-0.34054744243621826,0.09208381175994873
14047,0.5623003840446472,0.11335885524749756
14048,0.10887840390205383,-0.06855958700180054
14049,1.059074878692627,0.17801618576049805
14050,1.0863937139511108,0.5569162368774414
14051,-0.005500458180904388,0.5173288583755493
14052,-0.4920681118965149,0.3909953832626343
14053,-0.7678884267807007,0.19928890466690063
14054,0.6019036173820496,0.296647846698761
14055,-0.6238008141517639,0.06806635856628418
14056,0.6098577380180359,-0.0670974850654602
14057,0.18204019963741302,-0.06577694416046143
14058,1.4731850624084473,0.31194132566452026
14059,-0.3939927816390991,0.07671833038330078
14060,1.7809226512908936,0.49829649925231934
14061,-0.41144001483917236,0.4502309560775757
14062,1.070711612701416,0.4085015058517456
14063,0.9880569577217102,0.7264680862426758
14064,1.1734204292297363,1.4179805517196655
14065,0.2737921476364136,0.7375732660293579
14066,0.33681172132492065,0.791085958480835
14067,0.3689344525337219,0.5903136730194092
14068,-5.806774616241455,8.41794490814209
14069,-1.6782816648483276,2.5691723823547363
14070,-2.712146043777466,3.0350842475891113
14071,2.575127124786377,1.4637035131454468
14072,0.8139774203300476,0.6266680955886841
14073,-1.2132591009140015,0.3671238422393799
14074,0.0017621144652366638,0.6503148078918457
14075,0.235765740275383,0.17327922582626343
14076,1.1521997451782227,0.19612079858779907
14077,-0.05630391836166382,0.1499084234237671
14078,-0.40609264373779297,0.43689441680908203
14079,-1.760877013206482,0.8751554489135742
14080,1.6977461576461792,0.44826483726501465
14081,0.8936255574226379,-0.010294795036315918
14082,0.45701515674591064,0.13564705848693848
14083,0.3565107583999634,0.06603950262069702
14084,-0.01982998102903366,-0.06685161590576172
14085,-0.5747921466827393,0.11842548847198486
14086,0.5280357599258423,0.23906266689300537
14087,-1.1159733533859253,0.28306370973587036
14088,-2.5853188037872314,1.6320785284042358
14089,1.2688544988632202,0.6870529651641846
14090,0.7911838293075562,-0.021180331707000732
14091,1.4480116367340088,0.6620678901672363
14092,-0.9855747222900391,0.16333872079849243
14093,1.062608242034912,0.05678999423980713
14094,1.5549813508987427,0.3585798740386963
14095,0.7372658848762512,0.8351995944976807
14096,-0.12907551229000092,0.4666036367416382
14097,0.5968783497810364,0.16184395551681519
14098,-0.33676570653915405,0.2931298017501831
14099,-0.48303890228271484,0.22162574529647827
14100,0.41664576530456543,0.1037856936454773
14101,-1.0319390296936035,0.20590811967849731
14102,-0.6813666820526123,0.38917791843414307
14103,-0.09174665063619614,0.4793984889984131
14104,-0.08937220275402069,0.16140878200531006
14105,0.03392811119556427,0.03410619497299194
14106,-0.9815748333930969,0.6063692569732666
14107,0.5258961319923401,0.20328140258789062
14108,-0.24540898203849792,0.2852746248245239
14109,-1.1443158388137817,0.6730732917785645
14110,-0.4321356415748596,0.7601186037063599
14111,-0.20123013854026794,0.4347494840621948
14112,-1.1723860502243042,0.6306686401367188
14113,-0.9973499774932861,0.8330044746398926
14114,0.890451192855835,0.7963477373123169
14115,-1.0655978918075562,0.36355161666870117
14116,-0.3624463677406311,1.140102744102478
14117,-1.5118377208709717,1.481896996498108
14118,0.04506245255470276,1.215840220451355
14119,0.4194117784500122,0.37814903259277344
14120,-0.09873214364051819,0.5376081466674805
14121,0.0999542772769928,0.09428125619888306
14122,-0.5126194953918457,0.37201881408691406
14123,-0.18505440652370453,0.12905853986740112
14124,0.771765410900116,0.31015336513519287
14125,0.5451942682266235,0.05377095937728882
14126,-0.9877914786338806,0.44444799423217773
14127,-1.9251846075057983,1.3216251134872437
14128,-0.20442456007003784,0.5095882415771484
14129,-0.02584313601255417,0.30345678329467773
14130,0.38631588220596313,0.10686016082763672
14131,0.07484467327594757,0.20669633150100708
14132,0.4764651656150818,0.3195837140083313
14133,0.7585273385047913,0.23617076873779297
14134,0.2739453911781311,0.13565868139266968
14135,1.0601489543914795,0.2454511523246765
14136,-0.006438426673412323,0.335205078125
14137,0.49147289991378784,0.14569330215454102
14138,-0.7715632319450378,0.20750397443771362
14139,0.5855273008346558,0.4024996757507324
14140,-1.6993075609207153,0.8186267614364624
14141,1.3676995038986206,0.6864358186721802
14142,1.3560250997543335,0.7563152313232422
14143,-0.07950388640165329,0.6166620254516602
14144,-0.004274234175682068,0.2432822585105896
14145,1.0789588689804077,0.14742189645767212
14146,-1.0831162929534912,0.3198557496070862
14147,0.8960005640983582,0.1266409158706665
14148,-0.4099968671798706,0.08860921859741211
14149,-0.6539584398269653,-0.01569133996963501
14150,1.3458540439605713,0.2901809811592102
14151,0.177203968167305,0.16510456800460815
14152,0.49811285734176636,-0.04694569110870361
14153,-0.9400574564933777,0.12155807018280029
14154,-0.4166891574859619,0.30558109283447266
14155,0.9291052222251892,0.01617252826690674
14156,-0.7195030450820923,-0.08355063199996948
14157,0.3755098581314087,-0.10128766298294067
14158,0.4191063642501831,0.05179184675216675
14159,0.08713379502296448,-0.05349373817443848
14160,-0.642244815826416,0.042992234230041504
14161,0.3008933663368225,-0.19129422307014465
14162,-0.7025913000106812,0.1399865746498108
14163,-0.6702926754951477,1.219516396522522
14164,-1.8840118646621704,0.9868125915527344
14165,-1.8304022550582886,1.1259208917617798
14166,-1.6360429525375366,2.337362766265869
14167,0.5707157254219055,0.8103100061416626
14168,-2.137206554412842,2.943051338195801
14169,-2.190045118331909,1.2670804262161255
14170,-0.09507261216640472,1.9487241506576538
14171,0.25082749128341675,0.4289768934249878
14172,0.9269638657569885,0.6354255676269531
14173,-0.2406013011932373,0.3244514465332031
14174,0.41484326124191284,0.4127434492111206
14175,1.3691513538360596,0.3164180517196655
14176,1.0371029376983643,0.3636460304260254
14177,-1.0602699518203735,0.23192542791366577
14178,-0.3676297664642334,0.19094425439834595
14179,-0.438576877117157,0.4581148624420166
14180,0.8951686024665833,0.003235459327697754
14181,-0.08306808769702911,0.02817690372467041
14182,-0.31230369210243225,0.37432360649108887
14183,0.22023294866085052,0.16263538599014282
14184,-1.4856579303741455,0.6208832263946533
14185,-0.12991300225257874,0.9880160093307495
14186,0.7692950367927551,0.42240703105926514
14187,1.5640623569488525,0.367215633392334
14188,0.04014350473880768,0.11374181509017944
14189,0.9881637692451477,0.3035469651222229
14190,1.0018866062164307,0.2874813675880432
14191,-0.61086106300354,0.163260817527771
14192,-0.5914352536201477,0.16281658411026
14193,-0.010707631707191467,0.2751057744026184
14194,-0.5870974659919739,0.0077697038650512695
14195,0.7081695795059204,0.0728539228439331
14196,0.47864294052124023,-0.10230445861816406
14197,-0.25703707337379456,-0.08897966146469116
14198,1.0679701566696167,0.06587201356887817
14199,-0.03635537624359131,0.10564923286437988
14200,0.23191244900226593,-0.07587409019470215
14201,0.2147405594587326,-0.05046659708023071
14202,0.48413920402526855,-0.06847375631332397
14203,-0.3668363094329834,-0.03547012805938721
14204,0.7754032611846924,0.01571786403656006
14205,-0.7151108980178833,0.07439714670181274
14206,0.3946434259414673,0.08252072334289551
14207,-1.0685198307037354,0.23560762405395508
14208,0.11575084924697876,-0.02538883686065674
14209,-0.15360376238822937,-0.06582283973693848
14210,-0.30196282267570496,0.07165038585662842
14211,0.3357071876525879,-0.039200782775878906
14212,1.4609256982803345,0.29911017417907715
14213,-0.17996537685394287,0.08670330047607422
14214,0.19684650003910065,0.058158934116363525
14215,-0.7668673396110535,0.009769320487976074
14216,0.30709993839263916,0.07927101850509644
14217,-0.022206515073776245,-0.09251511096954346
14218,0.4524998068809509,-0.00179213285446167
14219,0.3739457130432129,-0.04558950662612915
14220,-0.8377440571784973,0.027423441410064697
14221,0.6143582463264465,-0.04859644174575806
14222,0.6122332215309143,3.236532211303711e-05
14223,-0.15294764935970306,-0.08833938837051392
14224,0.5816242098808289,-0.09613770246505737
14225,-0.3942667245864868,-0.09440344572067261
14226,-0.15323865413665771,0.01026606559753418
14227,-0.8351914882659912,0.020356178283691406
14228,-0.2792893648147583,0.05858123302459717
14229,0.6825393438339233,-0.05506318807601929
14230,-0.8886298537254333,0.0742449164390564
14231,0.6350067853927612,-0.17220446467399597
14232,3.278472900390625,1.4065710306167603
14233,-0.7034364342689514,1.012089490890503
14234,-0.8929595351219177,0.28267574310302734
14235,-0.308053582906723,0.06621736288070679
14236,0.29255545139312744,0.8168960809707642
14237,0.3901049494743347,0.894091010093689
14238,-0.6711650490760803,0.30729907751083374
14239,1.523558259010315,0.4142181873321533
14240,0.6839442849159241,0.15263235569000244
14241,0.5868875980377197,0.3566317558288574
14242,-0.5217430591583252,0.3294679522514343
14243,-0.04894399642944336,0.10278183221817017
14244,-1.2800098657608032,0.4335336685180664
14245,0.5505834817886353,-0.03908652067184448
14246,-0.18016639351844788,-0.029192090034484863
14247,1.115073323249817,0.09072655439376831
14248,0.5809724926948547,0.12393993139266968
14249,1.2194210290908813,0.16818660497665405
14250,-0.626072108745575,0.07575494050979614
14251,0.09057356417179108,0.042953431606292725
14252,-0.8780834078788757,0.09593987464904785
14253,1.0585263967514038,0.058408260345458984
14254,0.36447805166244507,-0.07255524396896362
14255,1.027237892150879,0.03581815958023071
14256,0.8802208304405212,0.11254966259002686
14257,-0.1820056438446045,-0.034745991230010986
14258,0.04775586724281311,-0.007402658462524414
14259,1.3651930093765259,0.24608087539672852
14260,-0.18367436528205872,0.06617337465286255
14261,1.5147356986999512,0.33020466566085815
14262,0.28251510858535767,0.2474430799484253
14263,-0.04502454400062561,0.15422964096069336
14264,-0.6866379380226135,0.03218799829483032
14265,0.4434264898300171,0.13483428955078125
14266,-0.7231221199035645,0.11593872308731079
14267,0.23304812610149384,-0.04753178358078003
14268,0.2267807573080063,-0.09429281949996948
14269,1.0060186386108398,0.028212249279022217
14270,0.27158695459365845,0.08424943685531616
14271,-0.49239975214004517,0.09614527225494385
14272,-0.10511815547943115,-0.024552106857299805
14273,0.879367470741272,-0.054623961448669434
14274,1.1609221696853638,0.14938461780548096
14275,-0.8161110281944275,0.007750868797302246
14276,-0.09699566662311554,-0.033464133739471436
14277,-0.386957585811615,-0.16058093309402466
14278,-0.33922988176345825,-0.06679129600524902
14279,-0.07708120346069336,-0.03535252809524536
14280,-0.012474186718463898,-0.11798125505447388
14281,-0.6802491545677185,0.0953628420829773
14282,0.08946527540683746,0.019542574882507324
14283,-0.12901639938354492,-0.07965368032455444
14284,-0.15224416553974152,-0.1001589298248291
14285,0.9907682538032532,0.012533962726593018
14286,-0.5481854677200317,-0.08359348773956299
14287,0.9905964732170105,0.2635117769241333
14288,0.688072681427002,0.09769690036773682
14289,-0.5756939053535461,-0.04649055004119873
14290,-0.3062593936920166,-0.06201672554016113
14291,-0.4461706876754761,0.008760988712310791
14292,0.8425246477127075,-0.040701985359191895
14293,1.5474907159805298,0.9648363590240479
14294,1.0890988111495972,0.7632759809494019
14295,-0.43036675453186035,0.603702187538147
14296,0.7489879727363586,0.07918721437454224
14297,0.22597695887088776,0.1228935718536377
14298,-0.029098346829414368,0.11258435249328613
14299,-0.7324710488319397,0.028881430625915527
14300,-0.0294259712100029,0.05512505769729614
14301,-0.15701663494110107,-0.0516202449798584
14302,-0.34783226251602173,0.09841710329055786
14303,0.18830616772174835,-0.032966017723083496
14304,-0.1678750067949295,-0.038631975650787354
14305,-0.47781121730804443,0.04782271385192871
14306,-0.013294324278831482,0.08979743719100952
14307,-0.7956228256225586,0.2630695104598999
14308,-0.08677805215120316,0.1218985915184021
14309,0.2376265972852707,0.14165741205215454
14310,0.07442322373390198,-0.017731130123138428
14311,-0.291224867105484,0.05219686031341553
14312,-0.042006731033325195,-0.036164164543151855
14313,1.1604430675506592,0.11549973487854004
14314,0.3761287331581116,0.2678271532058716
14315,0.6050627827644348,0.005663096904754639
14316,-0.3087594211101532,0.0924915075302124
14317,-0.2041465938091278,-0.11540913581848145
14318,0.7008305191993713,-0.05536991357803345
14319,-0.049854036420583725,0.25494837760925293
14320,-0.315182626247406,0.01500248908996582
14321,-0.006263501942157745,-0.10868161916732788
14322,0.863136887550354,-0.01852869987487793
14323,-0.23716391623020172,-0.10059726238250732
14324,0.27583515644073486,-0.09161347150802612
14325,0.44245946407318115,-0.07590413093566895
14326,-0.15050119161605835,0.2331739068031311
14327,-0.5963910222053528,-0.07851523160934448
14328,-0.28728657960891724,0.013263583183288574
14329,1.062300443649292,0.0629008412361145
14330,-0.713855504989624,0.05934363603591919
14331,0.4765046238899231,-0.09005224704742432
14332,0.8471083045005798,0.9109315872192383
14333,-0.4290315508842468,0.3303852677345276
14334,0.605812668800354,0.12521272897720337
14335,1.4721494913101196,0.30481839179992676
14336,0.06672671437263489,1.012427568435669
14337,-0.4393395781517029,0.43275976181030273
14338,1.2490168809890747,0.2874162793159485
14339,-0.7502911686897278,0.37062013149261475
14340,0.07266028225421906,0.30642038583755493
14341,0.720018744468689,0.1059340238571167
14342,-0.46168380975723267,0.06403589248657227
14343,-0.25374025106430054,0.23020678758621216
14344,0.011616453528404236,0.12767601013183594
14345,0.8028857111930847,0.07031697034835815
14346,-0.43646711111068726,-0.002260267734527588
14347,1.0442358255386353,0.15337109565734863
14348,0.4292428493499756,0.2485640048980713
14349,0.15170885622501373,-0.0059247612953186035
14350,0.553083062171936,0.062278926372528076
14351,0.04293698072433472,0.33206939697265625
14352,-0.5589179396629333,0.12594550848007202
14353,-1.0661474466323853,0.2372336983680725
14354,-1.4200410842895508,0.82568359375
14355,1.0456615686416626,0.14083105325698853
14356,0.3520417809486389,0.029202818870544434
14357,-0.3586994409561157,0.09243625402450562
14358,-0.6512677669525146,0.9290947914123535
14359,1.1839313507080078,4.188361167907715
14360,0.9351599812507629,1.0928454399108887
14361,0.2164585143327713,0.16548097133636475
14362,-0.6415314674377441,0.14796018600463867
14363,-0.6501312851905823,0.13062578439712524
14364,-0.4207131862640381,0.10245990753173828
14365,-0.6707607507705688,0.042245447635650635
14366,-1.401036024093628,0.5435453653335571
14367,0.44537264108657837,0.06898027658462524
14368,1.2907443046569824,0.2015007734298706
14369,-0.7498379945755005,-0.054328083992004395
14370,-0.08916362375020981,-0.10116523504257202
14371,0.10832832753658295,-0.09551382064819336
14372,-0.9057891964912415,0.08922320604324341
14373,0.27336472272872925,-0.011526405811309814
14374,1.0563832521438599,0.05640166997909546
14375,-1.1070966720581055,0.2746965289115906
14376,0.25427812337875366,0.2601820230484009
14377,0.3369852900505066,0.29848992824554443
14378,0.7602330446243286,0.0011922121047973633
14379,0.005943909287452698,0.0037241578102111816
14380,0.6748268604278564,0.06863260269165039
14381,0.2969403862953186,0.029743731021881104
14382,-0.3677077889442444,-0.003968536853790283
14383,0.864296019077301,-0.041076481342315674
14384,-0.5291081070899963,-0.10095256567001343
14385,-0.14864251017570496,-0.07631951570510864
14386,1.1624079942703247,0.11948871612548828
14387,0.222626194357872,-0.06762367486953735
14388,0.31597578525543213,-0.06194412708282471
14389,0.48530715703964233,0.01566147804260254
14390,0.7288785576820374,-0.006327629089355469
14391,0.28886878490448,0.04009521007537842
14392,1.1475906372070312,0.24638044834136963
14393,1.1632353067398071,1.3646501302719116
14394,0.2221945971250534,0.6654349565505981
14395,-0.3200329542160034,0.5452827215194702
14396,-0.20408782362937927,0.11701256036758423
14397,0.3042635917663574,0.26057785749435425
14398,-0.3932388424873352,0.17178767919540405
14399,0.7536972165107727,-0.0358695387840271
14400,0.22476838529109955,0.004671871662139893
14401,0.37702590227127075,0.03790700435638428
14402,0.21558676660060883,0.06429237127304077
14403,-0.505328893661499,0.18990004062652588
14404,-0.07194317132234573,-0.03506749868392944
14405,0.7392596006393433,0.1221773624420166
14406,0.9753727316856384,1.5317662954330444
14407,-0.6225513815879822,1.0468134880065918
14408,0.3706508278846741,0.938543438911438
14409,-0.1313423365354538,0.5900684595108032
14410,-0.8190338015556335,0.34808439016342163
14411,0.24739353358745575,-0.015989482402801514
14412,-0.3908385634422302,0.06424969434738159
14413,-0.2243242859840393,0.1846688985824585
14414,0.6396614909172058,0.09493058919906616
14415,0.13407567143440247,-0.09838002920150757
14416,0.48999863862991333,0.0694887638092041
14417,0.4225619435310364,-0.09110617637634277
14418,-0.6414677500724792,-0.0110740065574646
14419,0.31926482915878296,-0.10760480165481567
14420,-0.15368400514125824,-0.0005782842636108398
14421,0.6211076378822327,-0.044896721839904785
14422,-0.0005183815956115723,-0.04692995548248291
14423,-0.0698668509721756,-0.04472118616104126
14424,1.1277025938034058,0.38169825077056885
14425,-0.03270972520112991,0.23601669073104858
14426,0.017228856682777405,0.018817245960235596
14427,0.13760344684123993,0.6151037216186523
14428,0.021107718348503113,0.8311140537261963
14429,-0.835842490196228,0.9800454378128052
14430,0.5369183421134949,0.7970141172409058
14431,-1.0196902751922607,0.42718183994293213
14432,1.1945033073425293,0.2717868685722351
14433,0.7280529141426086,0.25777721405029297
14434,-0.5057552456855774,0.30967241525650024
14435,-1.5376856327056885,0.66492760181427
14436,-0.38092029094696045,0.453945517539978
14437,0.01898234337568283,0.5775367021560669
14438,1.107286810874939,0.20523983240127563
14439,0.12779617309570312,0.24488329887390137
14440,-0.4197152853012085,-0.0017147660255432129
14441,-2.240309476852417,1.3153241872787476
14442,1.3676987886428833,0.9590779542922974
14443,0.9481328129768372,0.14399731159210205
14444,-0.0369691401720047,0.33304280042648315
14445,-0.14768213033676147,0.035816490650177
14446,-0.25832444429397583,0.04729992151260376
14447,1.1404035091400146,0.10982078313827515
14448,-0.3031952977180481,-0.06134241819381714
14449,-0.4655938744544983,0.038788676261901855
14450,0.26634281873703003,-0.0026671886444091797
14451,-0.155844047665596,-0.04180628061294556
14452,-1.027442216873169,0.20178502798080444
14453,-0.7305001616477966,0.1748119592666626
14454,0.8246526122093201,0.3226010799407959
14455,0.38411957025527954,-0.05108642578125
14456,0.13741448521614075,-0.1489151418209076
14457,-0.06460481882095337,-0.10567235946655273
14458,0.8096891045570374,-0.055409371852874756
14459,-0.23033393919467926,0.05827748775482178
14460,0.16031570732593536,-0.026663899421691895
14461,0.5944417119026184,-0.1543145477771759
14462,0.8310918211936951,0.06942194700241089
14463,0.8441048860549927,-0.054250240325927734
14464,0.1345410943031311,0.306527316570282
14465,0.23858757317066193,-0.03503906726837158
14466,-0.23414063453674316,0.24136894941329956
14467,0.10945762693881989,0.006576061248779297
14468,0.19716821610927582,0.0027585625648498535
14469,0.04131992161273956,-0.026943683624267578
14470,0.05676434934139252,0.13076752424240112
14471,1.1899441480636597,0.32584327459335327
14472,-1.2601057291030884,0.4153860807418823
14473,-0.028156735002994537,0.020997166633605957
14474,-1.0747984647750854,0.24945032596588135
14475,-1.2031328678131104,0.5110803842544556
14476,0.9288681149482727,0.21446043252944946
14477,-0.5659489631652832,0.048820555210113525
14478,1.2584824562072754,0.23732954263687134
14479,0.3293881416320801,0.26654356718063354
14480,-0.40016549825668335,0.13975942134857178
14481,-0.18952929973602295,0.032685041427612305
14482,-0.18155242502689362,0.16773808002471924
14483,0.5969781279563904,-0.02954620122909546
14484,0.45945048332214355,0.08809554576873779
14485,-0.036369018256664276,0.06372535228729248
14486,-0.34177708625793457,0.006830871105194092
14487,0.46542322635650635,0.17860305309295654
14488,-0.15656444430351257,0.062048375606536865
14489,-0.6604894399642944,0.2538808584213257
14490,-0.2773053050041199,-0.04229104518890381
14491,-0.42932426929473877,0.21349507570266724
14492,0.2713610529899597,0.14172375202178955
14493,0.2036241739988327,0.013997554779052734
14494,-0.8470600247383118,0.051971256732940674
14495,-0.5740783214569092,0.4028639793395996
14496,0.7568241953849792,1.6305190324783325
14497,-0.6211334466934204,2.133322238922119
14498,-2.6828432083129883,1.7216159105300903
14499,-0.571394681930542,0.8306405544281006
14500,-0.089827761054039,0.543325662612915
14501,-0.2721673250198364,0.4758259057998657
14502,-0.2931939363479614,0.5052133798599243
14503,-0.12081223726272583,0.6488295793533325
14504,-0.08541600406169891,0.35770857334136963
14505,-1.1557714939117432,0.6717880964279175
14506,-0.28420567512512207,0.8727647066116333
14507,1.1584258079528809,0.2898441553115845
14508,-0.14778923988342285,0.13291192054748535
14509,0.6268730759620667,0.12729942798614502
14510,0.5857985615730286,0.2606580853462219
14511,0.4418444037437439,0.05928456783294678
14512,-0.34296607971191406,0.11361944675445557
14513,0.03729943931102753,0.008270978927612305
14514,0.8119150996208191,0.3398092985153198
14515,-0.5348272919654846,0.12302029132843018
14516,-0.44944292306900024,0.06808233261108398
14517,0.6244009137153625,-0.1511252522468567
14518,0.9038198590278625,-0.010236740112304688
14519,0.21794791519641876,0.18397659063339233
14520,1.355888843536377,3.0447888374328613
14521,0.8439200520515442,0.3204768896102905
14522,-0.3751763701438904,0.23904073238372803
14523,-0.4245900511741638,0.03419029712677002
14524,-1.8963813781738281,0.9960360527038574
14525,-1.2371541261672974,1.2469900846481323
14526,-0.7084919810295105,1.963849425315857
14527,0.42654627561569214,0.7914067506790161
14528,-0.3814266324043274,1.1116231679916382
14529,-0.9891170263290405,1.1307289600372314
14530,0.7680524587631226,0.18716192245483398
14531,0.2706451416015625,0.5841931104660034
14532,0.20717792212963104,0.21411651372909546
14533,-1.097929835319519,0.7686289548873901
14534,0.48716944456100464,1.3018027544021606
14535,-0.2693139314651489,0.17446094751358032
14536,0.5778361558914185,0.09342634677886963
14537,-0.18887600302696228,0.07053279876708984
14538,-1.4798365831375122,0.6171311140060425
14539,0.4649121165275574,0.36398041248321533
14540,0.6235359311103821,-0.010592639446258545
14541,-0.41043317317962646,0.07517838478088379
14542,-0.04229868948459625,0.07359111309051514
14543,-0.8755872249603271,0.27818191051483154
14544,0.15890149772167206,0.13989078998565674
14545,0.09532928466796875,-0.011205017566680908
14546,1.0344897508621216,0.22569209337234497
14547,1.1536211967468262,0.11804848909378052
14548,-0.0637945681810379,-0.040870845317840576
14549,-0.716347336769104,0.09951692819595337
14550,-0.8408873081207275,0.1686946153640747
14551,0.2772802710533142,0.09984052181243896
14552,-0.6175081133842468,0.5252087116241455
14553,-0.22142595052719116,0.5036575794219971
14554,0.5523776412010193,0.33023834228515625
14555,0.5120918154716492,0.013866543769836426
14556,1.4301962852478027,0.28605979681015015
14557,-0.10179424285888672,-0.0629187822341919
14558,-0.8450544476509094,0.034279704093933105
14559,0.7277702689170837,-0.09149360656738281
14560,-0.14675651490688324,-0.10769438743591309
14561,0.5231025815010071,-0.2389315664768219
14562,0.4188903570175171,-0.07015931606292725
14563,0.42084187269210815,-0.043701171875
14564,0.6495290398597717,-0.05678468942642212
14565,-0.4316747784614563,-0.06658279895782471
14566,-0.42954355478286743,0.006131768226623535
14567,0.1699233502149582,-0.04144340753555298
14568,-0.5339794158935547,0.026060879230499268
14569,0.7482059001922607,-0.04434102773666382
14570,0.32109159231185913,-0.13980329036712646
14571,-0.8842430114746094,0.1471874713897705
14572,-0.05446946248412132,-0.07738989591598511
14573,-1.893677830696106,0.9970803260803223
14574,1.823824405670166,0.520235538482666
14575,0.28522807359695435,0.052694737911224365
14576,0.6161665320396423,0.14077454805374146
14577,-0.2736961245536804,-0.022616684436798096
14578,1.1134169101715088,0.09370720386505127
14579,1.1983238458633423,0.39798974990844727
14580,0.06832431256771088,0.2628088593482971
14581,0.2728937864303589,0.10865092277526855
14582,0.16940440237522125,0.0033506155014038086
14583,0.5106796026229858,0.0038054585456848145
14584,-0.888583779335022,0.26682180166244507
14585,-0.18215587735176086,-0.07080501317977905
14586,0.02537357807159424,-0.11925280094146729
14587,0.25500762462615967,-0.22558271884918213
14588,0.8152669668197632,0.12456941604614258
14589,-0.4008297324180603,0.09345924854278564
14590,0.01736270636320114,-0.07903200387954712
14591,0.09661759436130524,-0.09310322999954224
14592,0.5844663977622986,-0.13786274194717407
14593,-0.31880396604537964,0.011316955089569092
14594,0.14530755579471588,-0.06831216812133789
14595,-0.11284425109624863,-0.14074599742889404
14596,0.7409611344337463,-0.1297208070755005
14597,0.08700692653656006,-0.030737698078155518
14598,0.15704317390918732,-0.022819101810455322
14599,0.07776245474815369,-0.08701026439666748
14600,-0.22268955409526825,-0.08815968036651611
14601,-0.47578251361846924,-0.018607139587402344
14602,-0.317135751247406,-0.02713310718536377
14603,0.2424110621213913,-0.12252664566040039
14604,-0.3504963517189026,0.055737853050231934
14605,0.345320463180542,-0.13116639852523804
14606,0.3517877459526062,-0.018464207649230957
14607,0.39479076862335205,-0.07565706968307495
14608,-0.649797260761261,-0.056668221950531006
14609,0.2239312380552292,-0.16075399518013
14610,0.23883040249347687,-0.14934831857681274
14611,-0.09680010378360748,-0.18561920523643494
14612,-0.04468648135662079,-0.09284573793411255
14613,0.5186296701431274,-0.15869951248168945
14614,-0.3886701464653015,-0.15489515662193298
14615,-0.7234890460968018,0.05118685960769653
14616,-0.9961885213851929,0.8672974109649658
14617,0.7383373379707336,-0.004722654819488525
14618,-1.491339087486267,0.6728904247283936
14619,0.7073360085487366,0.07058709859848022
14620,-0.014707013964653015,-0.010103821754455566
14621,0.7901820540428162,-0.06440979242324829
14622,-0.5195927023887634,-0.09545940160751343
14623,0.3695659041404724,-0.09489500522613525
14624,0.40871185064315796,0.06474822759628296
14625,0.5232118964195251,0.10093742609024048
14626,0.05576224625110626,-0.0686684250831604
14627,0.7584173679351807,-0.022153615951538086
14628,0.6501588225364685,-0.027392089366912842
14629,-0.13069528341293335,-0.03473019599914551
14630,-0.774874210357666,-0.03604251146316528
14631,0.22532816231250763,-0.1322757601737976
14632,0.44860219955444336,-0.14430755376815796
14633,-0.16162854433059692,-0.16930070519447327
14634,0.6960786581039429,-0.16504135727882385
14635,-0.24916312098503113,-0.11793893575668335
14636,-0.42398786544799805,-0.1056663990020752
14637,0.3865009546279907,-0.18345940113067627
14638,0.027903661131858826,0.025589287281036377
14639,-0.10731268674135208,-0.16897165775299072
14640,0.07769358158111572,-0.22778284549713135
14641,0.21673239767551422,-0.21014341711997986
14642,0.07440218329429626,-0.2396022081375122
14643,0.4449096918106079,-0.12205106019973755
14644,0.4165368676185608,-0.21103286743164062
14645,0.03870809078216553,-0.22612297534942627
14646,-0.3756636381149292,-0.1609589159488678
14647,0.31564897298812866,-0.1901501715183258
14648,-0.34465640783309937,-0.15401878952980042
14649,0.45187002420425415,-0.0772048830986023
14650,0.35457277297973633,-0.13712459802627563
14651,-0.25001922249794006,-0.17498615384101868
14652,0.10290345549583435,-0.18551447987556458
14653,0.21404583752155304,-0.2105003297328949
14654,-0.3074404299259186,-0.1742677390575409
14655,0.5452448725700378,-0.17626172304153442
14656,0.22479693591594696,-0.2171730399131775
14657,0.17972420156002045,-0.17267072200775146
14658,0.4860920310020447,-0.11381316184997559
14659,0.37870603799819946,-0.051525652408599854
14660,0.07253335416316986,-0.04100233316421509
14661,0.07698048651218414,-0.19736087322235107
14662,0.28959888219833374,-0.004145026206970215
14663,0.25586801767349243,-0.14658355712890625
14664,1.1031572818756104,0.10095822811126709
14665,0.9452248215675354,0.4827340841293335
14666,-0.7828653454780579,0.11566263437271118
14667,0.6122111678123474,-0.029053151607513428
14668,0.5316107273101807,0.16848021745681763
14669,0.4057060480117798,-0.056953608989715576
14670,-0.2073778212070465,-0.07567155361175537
14671,0.06643731892108917,-0.03345370292663574
14672,-0.31584155559539795,-0.1318669319152832
14673,0.1280253827571869,-0.17925012111663818
14674,0.15390999615192413,-0.14074301719665527
14675,0.08075188100337982,-0.07831114530563354
14676,0.4593743681907654,-0.1229180097579956
14677,0.0335555374622345,-0.04754054546356201
14678,-0.41759365797042847,-0.1562020182609558
14679,-0.6790015697479248,0.03727453947067261
14680,-0.16420182585716248,-0.002302885055541992
14681,0.34136396646499634,-0.06475979089736938
14682,-0.3653836250305176,0.3238753080368042
14683,-0.3590053915977478,0.01933819055557251
14684,0.5598782300949097,-0.12259864807128906
14685,0.22948499023914337,-0.13792657852172852
14686,-0.005252078175544739,-0.12283748388290405
14687,-0.5779163837432861,0.01990950107574463
14688,0.1320113241672516,0.16495978832244873
14689,-0.16635699570178986,-0.010940790176391602
14690,0.5594462156295776,-0.08599984645843506
14691,-0.009190283715724945,-0.17901727557182312
14692,0.1220569908618927,-0.1363002061843872
14693,-0.11691521853208542,-0.16441285610198975
14694,0.531425416469574,-0.12489944696426392
14695,0.26142454147338867,-0.07871842384338379
14696,0.5895963311195374,-0.13761979341506958
14697,0.320160448551178,-0.01206272840499878
14698,-0.06524732708930969,-0.053164899349212646
14699,-0.21180784702301025,-0.11862003803253174
14700,-0.10446217656135559,-0.08737534284591675
14701,-0.745022714138031,0.13211840391159058
14702,-0.38064461946487427,0.061539411544799805
14703,-0.1282520294189453,0.046594202518463135
14704,-0.37408584356307983,0.0054125189781188965
14705,0.5833199620246887,0.24232029914855957
14706,0.1853211671113968,-0.17628410458564758
14707,0.41677528619766235,-0.07075262069702148
14708,-0.31941288709640503,-0.15650808811187744
14709,0.5297183394432068,-0.13871747255325317
14710,-0.4019152522087097,-0.03615748882293701
14711,0.008548274636268616,-0.05483132600784302
14712,0.0919223427772522,-0.009307384490966797
14713,0.4237995147705078,-0.046416640281677246
14714,-0.3838985562324524,-0.04952037334442139
14715,0.4278404712677002,0.06175732612609863
14716,-0.16010220348834991,-0.030495166778564453
14717,0.06840814650058746,-0.10917830467224121
14718,-0.44362539052963257,-0.0165482759475708
14719,0.47488105297088623,-0.18970513343811035
14720,0.44647616147994995,-0.13672703504562378
14721,-0.08771166205406189,-0.02355337142944336
14722,0.45055174827575684,-0.015088796615600586
14723,0.23913131654262543,-0.046510934829711914
14724,0.5941365957260132,-0.11078804731369019
14725,0.3156730532646179,-0.09837979078292847
14726,-0.11865407973527908,-0.060737431049346924
14727,-0.09907428175210953,-0.0840839147567749
14728,0.6595775485038757,-0.07229644060134888
14729,-0.017040707170963287,-0.08707320690155029
14730,0.016174308955669403,-0.1078256368637085
14731,0.057196781039237976,0.03328084945678711
14732,0.2145172506570816,-0.12668973207473755
14733,-0.08000805228948593,-0.17423704266548157
14734,0.1926199048757553,-0.1682651937007904
14735,0.28565889596939087,-0.17089468240737915
14736,0.37763601541519165,-0.12226521968841553
14737,0.3834275007247925,-0.031570374965667725
14738,-0.49198490381240845,-0.09287786483764648
14739,-0.15524417161941528,-0.05371987819671631
14740,0.36236995458602905,-0.1791650354862213
14741,-0.515672504901886,-0.17294475436210632
14742,0.5355680584907532,0.04312020540237427
14743,0.07764272391796112,-0.19386029243469238
14744,-0.014868639409542084,-0.1527900993824005
14745,0.3893105983734131,-0.27531206607818604
14746,0.06308850646018982,-0.1663835048675537
14747,0.1533275991678238,-0.15957823395729065
14748,0.3743765354156494,-0.1310921311378479
14749,-0.16022378206253052,-0.22651740908622742
14750,-0.09263725578784943,-0.10555005073547363
14751,0.3332586884498596,-0.1803784966468811
14752,-1.1275943517684937,0.29373639822006226
14753,0.24573062360286713,-0.08576595783233643
14754,-0.5632613301277161,-0.003774285316467285
14755,-0.9167351722717285,0.2794311046600342
14756,-0.9124490022659302,0.6894407272338867
14757,0.19393981993198395,0.14144259691238403
14758,-0.6873857975006104,0.431382417678833
14759,-0.586897611618042,0.5546473264694214
14760,1.126359224319458,0.2517351508140564
14761,0.17117442190647125,0.05566149950027466
14762,-0.12029749900102615,0.06961023807525635
14763,0.9544846415519714,-0.004620671272277832
14764,0.43589138984680176,0.04398667812347412
14765,-0.7125336527824402,0.058404505252838135
14766,-0.7812374830245972,0.21745985746383667
14767,-0.8622681498527527,0.7332479953765869
14768,-0.46253103017807007,0.23293781280517578
14769,-0.25050872564315796,0.728510856628418
14770,-0.37317371368408203,0.2537342309951782
14771,0.38702648878097534,0.06252038478851318
14772,0.3509015440940857,-0.037978172302246094
14773,0.3754144310951233,0.003685295581817627
14774,-0.02645009011030197,-0.057611048221588135
14775,-0.7732914090156555,0.02544581890106201
14776,-0.7376964092254639,0.3377612233161926
14777,0.4489825367927551,0.15716636180877686
14778,-0.3063693344593048,0.12173187732696533
14779,1.0061485767364502,0.10914766788482666
14780,1.0194629430770874,0.09965842962265015
14781,-0.25537359714508057,-0.09861445426940918
14782,-0.35388070344924927,0.12347453832626343
14783,0.665341317653656,0.23269343376159668
14784,0.820875883102417,0.007409334182739258
14785,-0.20765888690948486,-0.047205328941345215
14786,-0.504860520362854,0.11794763803482056
14787,2.5562469959259033,0.9686919450759888
14788,1.2679120302200317,0.9885120391845703
14789,2.7496328353881836,1.2492517232894897
14790,-0.1763647496700287,1.573983073234558
14791,-0.46036672592163086,0.41070258617401123
14792,0.9763842225074768,0.37737345695495605
14793,0.5504499673843384,0.38322508335113525
14794,0.7160971760749817,0.7000313997268677
14795,-0.6699692010879517,0.254488468170166
14796,0.014916233718395233,0.20742857456207275
14797,-0.8968178033828735,0.2946925759315491
14798,-0.31936362385749817,0.25888413190841675
14799,-1.0934549570083618,0.2623814344406128
14800,-1.1945217847824097,0.5530952215194702
14801,0.6885595321655273,0.2703723907470703
14802,0.010034367442131042,-0.011570274829864502
14803,0.014214225113391876,-0.044165194034576416
14804,-1.0054543018341064,0.1898091435432434
14805,0.7252688407897949,0.00724947452545166
14806,0.624508261680603,0.029730916023254395
14807,0.09386192262172699,-0.0455707311630249
14808,-0.23994019627571106,0.06229567527770996
14809,0.33845973014831543,0.004208743572235107
14810,0.12968051433563232,0.1274973750114441
14811,0.8639381527900696,0.19677966833114624
14812,-1.0364643335342407,0.2095944881439209
14813,-0.35627686977386475,0.23651200532913208
14814,0.8861076831817627,0.17517971992492676
14815,-0.36587220430374146,0.11850243806838989
14816,-0.22187849879264832,0.45544469356536865
14817,0.4273539185523987,0.1359652280807495
14818,-0.26904046535491943,0.3376813530921936
14819,-0.7873497605323792,0.02235114574432373
14820,-0.215149387717247,0.02685713768005371
14821,-0.09242303669452667,0.1430184245109558
14822,0.3341686725616455,0.12091833353042603
14823,-0.08686640113592148,-0.0452728271484375
14824,-0.12863555550575256,0.02827441692352295
14825,-0.2045535445213318,-0.03317064046859741
14826,-0.5243385434150696,0.16931623220443726
14827,-0.13913428783416748,0.10301119089126587
14828,0.36759358644485474,0.0556790828704834
14829,0.24654312431812286,0.008988678455352783
14830,0.7080709934234619,-0.01958256959915161
14831,0.29400843381881714,-0.08574891090393066
14832,0.23330070078372955,-0.15820464491844177
14833,0.3317731022834778,-0.09503734111785889
14834,0.29931145906448364,-0.11368387937545776
14835,-0.28719067573547363,-0.12638038396835327
14836,0.7115969061851501,-0.15498819947242737
14837,0.22215650975704193,-0.1843174695968628
14838,-0.34884727001190186,-0.12678343057632446
14839,-0.11720260977745056,-0.1677800416946411
14840,-2.4941439628601074,1.5483704805374146
14841,1.6578850746154785,1.6803432703018188
14842,-1.119920015335083,0.46247661113739014
14843,-0.755582332611084,0.2956080436706543
14844,-1.5672240257263184,0.6926546096801758
14845,1.0430883169174194,0.05995875597000122
14846,0.2615373134613037,0.12481814622879028
14847,0.1678534299135208,0.1766027808189392
14848,-0.33041220903396606,0.10715603828430176
14849,1.3167006969451904,0.2172541618347168
14850,1.0403501987457275,0.042664289474487305
14851,0.159542515873909,-0.09808570146560669
14852,0.8646228313446045,0.03399735689163208
14853,0.5574700236320496,0.11853200197219849
14854,-0.23063938319683075,-0.011414408683776855
14855,-0.006262198090553284,-0.004414498805999756
14856,-0.43477749824523926,-0.05812108516693115
14857,0.6548912525177002,-0.10805541276931763
14858,0.5391001105308533,-0.049053847789764404
14859,0.11608940362930298,0.09691953659057617
14860,1.205949306488037,0.14721542596817017
14861,-0.49598246812820435,0.0983307957649231
14862,0.32116371393203735,-0.1004486083984375
14863,0.4619266986846924,-0.00112992525100708
14864,0.5790112018585205,0.0001557469367980957
14865,1.7518365383148193,0.4810079336166382
14866,0.5612438321113586,0.36018049716949463
14867,-0.47723037004470825,0.24401694536209106
14868,0.17489145696163177,0.18406254053115845
14869,0.18333230912685394,-0.10627716779708862
14870,-0.07575306296348572,-0.0029243826866149902
14871,0.3483627438545227,-0.06220102310180664
14872,0.17177645862102509,-0.06396681070327759
14873,0.31535863876342773,-0.05224442481994629
14874,-0.18311980366706848,-0.10082113742828369
14875,0.005871668457984924,-0.17108812928199768
14876,0.1213245838880539,-0.11168867349624634
14877,0.33297550678253174,0.04735749959945679
14878,0.4621369242668152,0.2760313153266907
14879,0.03816680610179901,-0.06209981441497803
14880,0.22935457527637482,0.02774953842163086
14881,0.11930209398269653,-0.05241096019744873
14882,-0.6990891695022583,0.11759895086288452
14883,0.2782909870147705,0.06201237440109253
14884,-0.08839355409145355,0.05919456481933594
14885,-0.22149506211280823,0.17232245206832886
14886,-0.0938270166516304,-0.027066707611083984
14887,1.0719274282455444,0.06723064184188843
14888,0.35950249433517456,-0.012253344058990479
14889,-0.3784942626953125,0.05828523635864258
14890,0.6759719252586365,-0.06365823745727539
14891,-0.38813138008117676,-0.026774346828460693
14892,0.27797651290893555,-0.021189510822296143
14893,-0.00737328827381134,-0.05536806583404541
14894,-0.1778581738471985,0.021854877471923828
14895,-0.4561457633972168,-0.04267674684524536
14896,0.3542296290397644,-0.05825608968734741
14897,0.20272447168827057,-0.13688182830810547
14898,-0.7198267579078674,-0.08106726408004761
14899,-0.2405170053243637,0.06483840942382812
14900,0.23662646114826202,-0.08555662631988525
14901,-0.6712700128555298,0.09691846370697021
14902,-1.1691361665725708,0.3895595073699951
14903,0.4795406460762024,0.04311394691467285
14904,-1.4512958526611328,0.5909279584884644
14905,-0.7956356406211853,0.856197714805603
14906,1.2707608938217163,0.37419652938842773
14907,0.7171039581298828,0.27858030796051025
14908,2.9664957523345947,1.4088019132614136
14909,1.8191190958023071,1.0750223398208618
14910,-0.7395575642585754,1.0078589916229248
14911,1.481965184211731,0.46935582160949707
14912,-0.1319592446088791,0.43399620056152344
14913,-0.22582347691059113,0.22687143087387085
14914,-0.20554934442043304,0.2108827829360962
14915,-0.3543744385242462,0.15683293342590332
14916,-1.1371591091156006,0.3025128245353699
14917,-0.8340722918510437,0.2631373405456543
14918,1.0259701013565063,0.03452801704406738
14919,-1.0778977870941162,0.24810975790023804
14920,0.9257764220237732,-0.024543404579162598
14921,0.45681464672088623,-0.05893146991729736
14922,0.18374718725681305,0.012452781200408936
14923,1.0465792417526245,0.04661077260971069
14924,-0.05758979171514511,0.30812036991119385
14925,0.2960578203201294,-0.015668392181396484
14926,-0.7774636745452881,-0.0068659186363220215
14927,-0.2886863946914673,-0.038403451442718506
14928,-0.04393051937222481,-0.10748201608657837
14929,0.9773642420768738,0.21967202425003052
14930,-0.36753034591674805,0.1302315592765808
14931,-0.12651364505290985,0.03745555877685547
14932,0.4018808603286743,-0.050975799560546875
14933,0.5064936876296997,-0.08131009340286255
14934,1.0098044872283936,0.024850070476531982
14935,0.863200306892395,0.31437861919403076
14936,0.40521448850631714,0.16041451692581177
14937,-0.07786574959754944,0.04084080457687378
14938,0.6289629936218262,0.02968043088912964
14939,-0.5062875747680664,-0.022031068801879883
14940,0.65241938829422,-0.013866901397705078
14941,-0.18723872303962708,-0.14400047063827515
14942,-0.05844708904623985,0.047654807567596436
14943,-0.2054031789302826,-0.10651063919067383
14944,0.6626066565513611,0.04850989580154419
14945,0.43268895149230957,0.1419355273246765
14946,0.11230245232582092,0.12161374092102051
14947,-0.3652677536010742,0.08174270391464233
14948,0.11716938018798828,0.009754955768585205
14949,0.49696505069732666,-0.10040593147277832
14950,0.5945874452590942,0.2648468017578125
14951,0.30999231338500977,0.12583881616592407
14952,-0.5949974060058594,0.00612330436706543
14953,-0.43350112438201904,0.21217751502990723
14954,-0.6303023099899292,0.1768994927406311
14955,-0.36538225412368774,0.022052288055419922
14956,0.2500007748603821,-0.07394880056381226
14957,1.5730787515640259,0.37267112731933594
14958,-0.2088741958141327,0.18725502490997314
14959,0.9784018397331238,0.01784151792526245
14960,-0.18971654772758484,0.01666921377182007
14961,0.2241896539926529,0.019634783267974854
14962,-0.6419864892959595,-0.03290665149688721
14963,-0.12348756939172745,-0.03716599941253662
14964,-0.28964370489120483,0.03747224807739258
14965,0.36872124671936035,-0.07973241806030273
14966,-0.3369200825691223,-0.058629393577575684
14967,0.263888418674469,-0.09850555658340454
14968,0.2300211638212204,-0.14281708002090454
14969,0.20671124756336212,-0.13338178396224976
14970,-0.25653740763664246,-0.14955613017082214
14971,-0.4233245253562927,-0.11685287952423096
14972,0.08314131200313568,-0.023427188396453857
14973,-0.020291373133659363,-0.07915818691253662
14974,0.08897337317466736,0.40682780742645264
14975,0.5504289269447327,-0.13699853420257568
14976,-0.08894162625074387,-0.06913846731185913
14977,-0.09063645452260971,-0.063892662525177
14978,0.08540605008602142,-0.04862475395202637
14979,0.007507838308811188,0.046688079833984375
14980,0.7276953458786011,-0.08285284042358398
14981,0.37251603603363037,-0.03713351488113403
14982,0.6866025328636169,0.077694833278656
14983,-0.2504405677318573,0.03862518072128296
14984,-0.10586830228567123,0.0650600790977478
14985,-0.048020634800195694,-0.10917282104492188
14986,-0.6019625067710876,-0.019773900508880615
14987,0.789523184299469,-0.09201306104660034
14988,0.42893165349960327,-0.13673007488250732
14989,0.5605419874191284,-0.05365324020385742
14990,0.09848865866661072,-0.07851463556289673
14991,0.6250788569450378,0.0326085090637207
14992,-0.1824897825717926,-0.041024744510650635
14993,-0.11478173732757568,-0.06012403964996338
14994,0.7380678653717041,-0.03759968280792236
14995,-0.1596425473690033,-0.06809395551681519
14996,0.13581348955631256,-0.03259044885635376
14997,-0.40376901626586914,-0.07477688789367676
14998,0.20253373682498932,0.16751962900161743
14999,0.05873863399028778,-0.13533776998519897
15000,-0.757128119468689,0.046933531761169434
15001,-0.13478434085845947,0.02874767780303955
15002,1.0117357969284058,0.07611918449401855
15003,0.04848898947238922,-0.07206982374191284
15004,1.4142165184020996,0.3361554741859436
15005,-0.5302172899246216,1.02665376663208
15006,-0.3790593147277832,0.43255388736724854
15007,0.8977547287940979,0.1640351414680481
15008,2.209205389022827,0.7522149085998535
15009,-0.5764045119285583,0.21048885583877563
15010,-0.21850158274173737,0.25645965337753296
15011,-0.45363664627075195,-0.07472562789916992
15012,1.0873157978057861,0.14256632328033447
15013,-0.18463394045829773,-0.03518116474151611
15014,0.10677053034305573,-0.023902475833892822
15015,-0.6572932600975037,-0.034485578536987305
15016,-0.6525043845176697,-0.04248225688934326
15017,0.40689629316329956,-0.09802180528640747
15018,1.1970230340957642,0.14470410346984863
15019,0.13068298995494843,-0.06497597694396973
15020,-0.28323835134506226,-0.10541492700576782
15021,0.18110348284244537,-0.06390321254730225
15022,0.36907529830932617,-0.125982403755188
15023,-0.39958757162094116,-0.16447511315345764
15024,-0.5339243412017822,-0.029676377773284912
15025,0.2619895935058594,-0.0867341160774231
15026,-0.25427544116973877,-0.12827569246292114
15027,0.32981038093566895,-0.14855825901031494
15028,0.1311865597963333,-0.13025832176208496
15029,0.8416529297828674,0.026191771030426025
15030,0.09491147100925446,-0.0059926509857177734
15031,-0.48512929677963257,-0.03339552879333496
15032,0.33999478816986084,-0.15493255853652954
15033,0.12725761532783508,-0.13218319416046143
15034,0.01792111247777939,-0.16652542352676392
15035,0.10071180760860443,-0.1264389157295227
15036,-0.6078218221664429,-0.11277949810028076
15037,0.39800500869750977,-0.11520034074783325
15038,0.41542649269104004,-0.05566328763961792
15039,-0.279268741607666,-0.08110833168029785
15040,-0.006959602236747742,-0.20003467798233032
15041,0.2631288170814514,-0.2078341543674469
15042,-0.29538339376449585,-0.14631658792495728
15043,0.2357592135667801,-0.25835129618644714
15044,-0.44708508253097534,-0.11612540483474731
15045,0.3362919092178345,-0.03883999586105347
15046,0.3752405643463135,-0.022102057933807373
15047,0.5538250803947449,-0.021048784255981445
15048,0.0019402578473091125,-0.13615751266479492
15049,0.18232138454914093,-0.19484654068946838
15050,-0.8864705562591553,0.07235473394393921
15051,0.2508668899536133,-0.05807214975357056
15052,0.33515995740890503,-0.03270190954208374
15053,0.2068910449743271,-0.15576893091201782
15054,-0.39438706636428833,-0.09915316104888916
15055,-0.9760861992835999,0.15154850482940674
15056,0.2556852698326111,0.11931079626083374
15057,-0.2296951711177826,-0.08948308229446411
15058,-0.057716768234968185,-0.014941811561584473
15059,-0.16922993957996368,-0.06822776794433594
15060,-0.305462121963501,-0.0761834979057312
15061,-0.07633662968873978,-0.12812352180480957
15062,0.25935953855514526,-0.01686781644821167
15063,-0.09524203836917877,-0.08783984184265137
15064,0.23255746066570282,-0.06073266267776489
15065,-0.5022226572036743,-0.0593913197517395
15066,-0.625432550907135,0.14407163858413696
15067,-0.21456971764564514,0.21384114027023315
15068,-0.27076804637908936,0.05665379762649536
15069,0.48319727182388306,-0.08505964279174805
15070,0.03472582995891571,-0.03964376449584961
15071,-0.14238053560256958,-0.0731743574142456
15072,-0.15750999748706818,-0.05696547031402588
15073,-0.24613921344280243,-0.08708721399307251
15074,0.8722521066665649,-0.05306100845336914
15075,-0.3074634373188019,-0.13712424039840698
15076,0.008656531572341919,-0.14890214800834656
15077,0.4327405095100403,-0.1943429708480835
15078,0.693005383014679,-0.0909048318862915
15079,0.5227941870689392,-0.04006165266036987
15080,-0.24618099629878998,-0.12510895729064941
15081,-0.4524945020675659,-0.1188538670539856
15082,0.6345425844192505,-0.1527019441127777
15083,-0.23257237672805786,-0.09164679050445557
15084,0.059652820229530334,-0.13879036903381348
15085,0.36545485258102417,-0.14192402362823486
15086,0.6150440573692322,-0.02356088161468506
15087,-0.19343915581703186,-0.10615682601928711
15088,0.3532376289367676,-0.14067929983139038
15089,-0.5576469898223877,-0.1293731927871704
15090,0.9370021224021912,-0.014880895614624023
15091,-0.29064464569091797,-0.13768386840820312
15092,0.2016957551240921,-0.15704643726348877
15093,-0.45914405584335327,-0.0978233814239502
15094,0.7007237672805786,-0.08684098720550537
15095,-0.0467011034488678,-0.09629589319229126
15096,-0.7901543974876404,0.07333493232727051
15097,0.9710623621940613,0.007677197456359863
15098,-0.3893762230873108,-0.1500266194343567
15099,0.22555936872959137,-0.06870663166046143
15100,-0.41118305921554565,0.1443244218826294
15101,-0.288127064704895,0.04242992401123047
15102,-1.7921977043151855,0.9012447595596313
15103,0.8473085165023804,0.1321905255317688
15104,0.40960872173309326,0.053603172302246094
15105,-0.560440182685852,-0.03257256746292114
15106,-1.2886767387390137,0.4383277893066406
15107,0.21744303405284882,0.18650037050247192
15108,0.02340047061443329,0.0059490203857421875
15109,0.18525896966457367,-0.06315571069717407
15110,0.5604434609413147,0.006185710430145264
15111,-0.5465028882026672,-0.05227768421173096
15112,0.3831669092178345,-0.03513437509536743
15113,0.18526025116443634,-0.11690372228622437
15114,0.56917405128479,-0.033821702003479004
15115,0.5082106590270996,-0.11421281099319458
15116,-0.6836563944816589,-0.1139644980430603
15117,0.2998753786087036,-0.1436205506324768
15118,0.6587319374084473,-0.02268815040588379
15119,-0.8218067288398743,0.007278025150299072
15120,0.3233907222747803,0.18019086122512817
15121,-0.30084723234176636,-0.10083281993865967
15122,0.6566361784934998,-0.1709533929824829
15123,-0.1367611140012741,-0.17208057641983032
15124,-0.4603988528251648,-0.03925734758377075
15125,-0.0745866596698761,-0.09522676467895508
15126,1.1055190563201904,0.08917397260665894
15127,0.6814545392990112,-0.020983397960662842
15128,-0.20390057563781738,-0.06537443399429321
15129,0.2667384147644043,-0.10702073574066162
15130,0.1127827912569046,-0.14168471097946167
15131,0.20234616100788116,-0.19141116738319397
15132,0.5188687443733215,-0.1983281672000885
15133,0.16032104194164276,-0.12084120512008667
15134,0.11637648940086365,-0.0876232385635376
15135,0.6191033124923706,-0.08544576168060303
15136,-0.2681693136692047,-0.18108737468719482
15137,1.4236178398132324,0.28207528591156006
15138,-0.20102187991142273,0.06318819522857666
15139,-0.5584070682525635,-0.11738765239715576
15140,-0.7013731598854065,-0.09886080026626587
15141,-0.46837669610977173,-0.05314064025878906
15142,0.29555898904800415,-0.08808964490890503
15143,0.15895988047122955,-0.07332074642181396
15144,-0.0571199432015419,-0.14753302931785583
15145,-0.7394053339958191,-0.0178641676902771
15146,0.43456339836120605,-0.08597356081008911
15147,0.8459017872810364,-0.07079207897186279
15148,0.8926731944084167,-0.04654109477996826
15149,0.07712067663669586,-0.0503232479095459
15150,0.36447012424468994,-0.08733183145523071
15151,0.07382188737392426,-0.06615310907363892
15152,0.05194547772407532,-0.07882076501846313
15153,0.28961753845214844,-0.11166495084762573
15154,-0.5843896269798279,-0.15282943844795227
15155,-0.258969783782959,-0.12663263082504272
15156,0.3727772831916809,-0.21584653854370117
15157,0.5991586446762085,-0.11458593606948853
15158,-0.44537460803985596,-0.18492066860198975
15159,0.25741803646087646,-0.2110704779624939
15160,0.5879533290863037,-0.14384710788726807
15161,0.33862847089767456,0.014447271823883057
15162,0.23916371166706085,-0.08534574508666992
15163,0.01190280169248581,-0.010562717914581299
15164,0.295352041721344,-0.08889132738113403
15165,-0.07208767533302307,-0.13228416442871094
15166,-0.014449700713157654,-0.04687368869781494
15167,-0.2585192918777466,-0.05500590801239014
15168,0.5565330982208252,-0.16151872277259827
15169,0.6322281956672668,-0.06900578737258911
15170,1.069463849067688,0.3202134966850281
15171,1.2141172885894775,0.3312720060348511
15172,0.5507452487945557,0.37277960777282715
15173,0.43860161304473877,0.37778711318969727
15174,-0.6443958282470703,0.2892001271247864
15175,-0.05510077625513077,0.023476004600524902
15176,0.04496301710605621,-0.0384899377822876
15177,-0.014931805431842804,-0.0701678991317749
15178,-0.08407239615917206,-0.018648743629455566
15179,-0.9017957448959351,0.0858154296875
15180,0.685207188129425,0.003431081771850586
15181,0.3530346155166626,-0.13455384969711304
15182,0.04657095670700073,0.04195868968963623
15183,0.19206295907497406,-0.15660631656646729
15184,0.15416596829891205,-0.1341204047203064
15185,-0.12400911748409271,-0.18487244844436646
15186,0.10203249752521515,-0.08906292915344238
15187,0.5050755739212036,-0.12190794944763184
15188,0.18032298982143402,-0.09199881553649902
15189,0.018212758004665375,-0.15743961930274963
15190,0.028511956334114075,-0.1161794662475586
15191,1.1951613426208496,0.14169025421142578
15192,-0.042519889771938324,3.960303783416748
15193,1.6643491983413696,0.5883721113204956
15194,-0.3093997836112976,0.37135088443756104
15195,0.01860208809375763,0.1477757692337036
15196,0.5014863610267639,0.4622464179992676
15197,0.04512020945549011,0.4537619352340698
15198,-1.6822947263717651,0.8030087947845459
15199,-2.9995133876800537,2.0123519897460938
15200,-0.751863956451416,1.51419198513031
15201,-0.6289821267127991,0.8006932735443115
15202,0.6112363338470459,0.35632967948913574
15203,0.9073161482810974,0.24071353673934937
15204,0.4764917492866516,0.050963640213012695
15205,-0.839965283870697,0.023829221725463867
15206,0.23327688872814178,0.06364113092422485
15207,-0.20821809768676758,-0.06498676538467407
15208,0.627184271812439,-0.11262750625610352
15209,0.017019174993038177,-0.13645720481872559
15210,-0.176827535033226,-0.17271757125854492
15211,-0.06708717346191406,-0.0802122950553894
15212,-0.613955557346344,0.08346986770629883
15213,0.5981030464172363,-0.19843819737434387
15214,-0.08170610666275024,-0.045036911964416504
15215,0.9437965750694275,-0.009025514125823975
15216,0.7377241849899292,-0.06970125436782837
15217,0.1213904321193695,-0.012059152126312256
15218,0.2525421977043152,-0.15077269077301025
15219,0.62233966588974,0.035628318786621094
15220,-0.2547072172164917,-0.1127353310585022
15221,0.8409433364868164,-0.06424087285995483
15222,-0.24533294141292572,0.3107956647872925
15223,-0.00823412835597992,-0.1533883810043335
15224,0.5804982781410217,-0.07885360717773438
15225,0.6100346446037292,-0.03443962335586548
15226,-0.6683973670005798,-0.0059819817543029785
15227,-0.9605105519294739,0.8578424453735352
15228,0.16481690108776093,-0.04637354612350464
15229,-0.6984269618988037,-0.10140091180801392
15230,0.15650565922260284,-0.12597161531448364
15231,0.07945330440998077,-0.1246265172958374
15232,0.7928889393806458,-0.10041201114654541
15233,-0.019443586468696594,-0.23518171906471252
15234,-0.16205593943595886,-0.17351660132408142
15235,0.11832340061664581,-0.1926012635231018
15236,-0.09344130754470825,-0.16512006521224976
15237,-0.1348356306552887,-0.17508918046951294
15238,0.20955760776996613,-0.12078714370727539
15239,0.37823420763015747,-0.21368056535720825
15240,0.28041577339172363,-0.16369852423667908
15241,0.032419249415397644,-0.12216871976852417
15242,0.22141270339488983,-0.20007020235061646
15243,-0.050397470593452454,-0.20476272702217102
15244,0.4005773663520813,-0.17793425917625427
15245,0.16617579758167267,-0.2016790509223938
15246,-0.26001861691474915,0.14625686407089233
15247,-0.07901023328304291,-0.08940017223358154
15248,0.37396812438964844,-0.1403186321258545
15249,0.8630494475364685,-0.05795931816101074
15250,-0.034860625863075256,-0.1364237666130066
15251,0.393454909324646,-0.17221835255622864
15252,0.0842028260231018,-0.06593888998031616
15253,0.04703889787197113,-0.1397322416305542
15254,-0.5669751763343811,0.13571101427078247
15255,-0.1078919917345047,-0.07243168354034424
15256,-0.27609896659851074,-0.10558825731277466
15257,0.30400872230529785,-0.17977112531661987
15258,-0.046661440283060074,-0.1361902952194214
15259,-0.5008032321929932,-0.013860464096069336
15260,0.06462360918521881,-0.136910080909729
15261,-0.05726013332605362,-0.16022714972496033
15262,0.3023596405982971,-0.19004136323928833
15263,0.11659476161003113,-0.16558775305747986
15264,0.16417299211025238,-0.15577059984207153
15265,0.04076084494590759,-0.18032649159431458
15266,0.2729918360710144,-0.17889979481697083
15267,0.06528328359127045,-0.20358824729919434
15268,0.1330520361661911,-0.17932075262069702
15269,0.1269138753414154,-0.1578041911125183
15270,-0.1236993819475174,-0.19021916389465332
15271,0.062225595116615295,-0.21198463439941406
15272,0.3301633596420288,-0.19184166193008423
15273,0.06633906066417694,-0.14847925305366516
15274,-0.6233242750167847,-0.13215112686157227
15275,0.04243379831314087,-0.07103270292282104
15276,0.46887320280075073,-0.08556783199310303
15277,-0.37740635871887207,-0.07892292737960815
15278,0.16406778991222382,-0.07399308681488037
15279,0.08975866436958313,-0.09513276815414429
15280,0.4485552906990051,-0.12298440933227539
15281,0.22825469076633453,-0.11596977710723877
15282,0.06588523089885712,-0.11514049768447876
15283,-0.16689880192279816,-0.10417860746383667
15284,0.06867137551307678,-0.06295222043991089
15285,0.374634325504303,-0.16665419936180115
15286,0.4721018075942993,-0.10267519950866699
15287,-0.06874585151672363,-0.1381404995918274
15288,-0.012035183608531952,-0.16982954740524292
15289,0.0914754718542099,-0.15124639868736267
15290,0.3499160408973694,-0.19364678859710693
15291,-0.16747337579727173,-0.13349533081054688
15292,-0.11275914311408997,0.005362331867218018
15293,0.4545862078666687,-0.14298558235168457
15294,0.13140860199928284,-0.2188115417957306
15295,0.17113681137561798,-0.10846167802810669
15296,0.26002925634384155,-0.14094871282577515
15297,-0.12048286944627762,-0.2061372995376587
15298,-0.4301753044128418,-0.06089681386947632
15299,0.40130847692489624,-0.11103510856628418
15300,-0.25596505403518677,-0.13442754745483398
15301,-0.6984633803367615,0.0055980682373046875
15302,0.16859076917171478,0.05345660448074341
15303,0.032146766781806946,0.09299159049987793
15304,0.2262740582227707,-0.15814396739006042
15305,0.19559581577777863,0.01839625835418701
15306,-0.08801019936800003,-0.18313273787498474
15307,-0.19444909691810608,-0.20197615027427673
15308,-0.4401679039001465,0.07411849498748779
15309,0.41260093450546265,-0.13184446096420288
15310,0.45068371295928955,-0.18467658758163452
15311,0.06220829486846924,-0.17547562718391418
15312,-0.4022391438484192,-0.12270194292068481
15313,0.5006837248802185,-0.10632240772247314
15314,-0.11901186406612396,-0.1849983036518097
15315,-0.07090297341346741,-0.11596417427062988
15316,-0.27054399251937866,-0.13888341188430786
15317,0.014745384454727173,-0.10137313604354858
15318,0.28513646125793457,-0.24933642148971558
15319,0.16688652336597443,-0.2015487551689148
15320,0.44032609462738037,-0.21515309810638428
15321,0.3546440005302429,-0.17701929807662964
15322,-0.011230073869228363,-0.20819565653800964
15323,0.18284918367862701,-0.25142380595207214
15324,0.25163644552230835,-0.23726102709770203
15325,0.1602279096841812,-0.1749669313430786
15326,0.03589735925197601,-0.21261930465698242
15327,-0.012142382562160492,-0.1726054549217224
15328,-0.0114455446600914,-0.2313784956932068
15329,0.24524565041065216,-0.23458364605903625
15330,0.206721231341362,-0.2241579294204712
15331,0.6152702569961548,-0.1146007776260376
15332,0.0017749965190887451,-0.11376285552978516
15333,-0.2633399963378906,-0.1937175691127777
15334,0.5451084971427917,-0.12819314002990723
15335,-0.0509212501347065,-0.22021251916885376
15336,0.5234521627426147,-0.2229890525341034
15337,0.04541809856891632,-0.17059743404388428
15338,0.44528311491012573,-0.13114607334136963
15339,0.3349969983100891,-0.07041668891906738
15340,0.18083877861499786,-0.21509680151939392
15341,0.13438458740711212,-0.14232492446899414
15342,-0.05052652955055237,-0.13128352165222168
15343,0.11589376628398895,-0.19017359614372253
15344,0.24006421864032745,-0.2226322889328003
15345,0.6726484298706055,-0.15961071848869324
15346,-0.1512845903635025,-0.10243207216262817
15347,0.5175899863243103,-0.18753182888031006
15348,-0.1250484734773636,-0.091422438621521
15349,-0.02667730301618576,-0.21011638641357422
15350,-0.3010157346725464,-0.19388189911842346
15351,0.20562879741191864,-0.1924835443496704
15352,0.02892632782459259,-0.16362255811691284
15353,0.29538774490356445,-0.2183004915714264
15354,0.1655530482530594,-0.1763906180858612
15355,0.32716941833496094,-0.23222970962524414
15356,-0.03325565159320831,-0.21701577305793762
15357,0.28743165731430054,-0.1564885377883911
15358,-0.15487314760684967,-0.14088857173919678
15359,-0.08432914316654205,-0.18902131915092468
15360,-0.06399353593587875,-0.1838802993297577
15361,0.11672528088092804,-0.1183774471282959
15362,0.13077354431152344,-0.1878897249698639
15363,0.41352224349975586,-0.14499646425247192
15364,0.504180371761322,-0.11622601747512817
15365,-0.15711629390716553,-0.20783594250679016
15366,0.58665531873703,-0.0744483470916748
15367,0.7054303884506226,0.00956118106842041
15368,-0.1265660524368286,-0.11111217737197876
15369,-0.006899110972881317,-0.1665092408657074
15370,0.15945802628993988,-0.16857150197029114
15371,0.011132292449474335,-0.19365566968917847
15372,-0.44768112897872925,-0.11032617092132568
15373,0.4657004475593567,-0.13345563411712646
15374,0.32411712408065796,-0.17652475833892822
15375,-0.27954837679862976,-0.23040863871574402
15376,0.5873836874961853,-0.16845306754112244
15377,0.12299159169197083,-0.1887756884098053
15378,0.06065909564495087,-0.18769678473472595
15379,0.04618951678276062,-0.20005005598068237
15380,0.31423360109329224,-0.09021097421646118
15381,0.35269761085510254,-0.07840090990066528
15382,-0.08281569182872772,0.072543203830719
15383,0.34365975856781006,0.45305705070495605
15384,-0.04366401955485344,0.36913418769836426
15385,0.2441488653421402,0.09499967098236084
15386,0.42544013261795044,0.5864546298980713
15387,-0.1671331226825714,0.2527793049812317
15388,0.464724063873291,0.14869743585586548
15389,0.8502686023712158,0.7198289632797241
15390,0.5136707425117493,0.6521085500717163
15391,-0.26738420128822327,0.4503958225250244
15392,0.7483405470848083,0.6437236070632935
15393,-0.5251314043998718,0.12212425470352173
15394,-0.3193820118904114,0.3015211224555969
15395,0.8173037171363831,0.42475998401641846
15396,0.11991846561431885,0.18107497692108154
15397,-0.21591302752494812,0.35206520557403564
15398,0.055160000920295715,0.16685223579406738
15399,-0.3019334077835083,0.04523533582687378
15400,0.13443872332572937,-0.00549471378326416
15401,-0.15247339010238647,-0.09441906213760376
15402,-0.26357710361480713,-0.08588862419128418
15403,-0.3165595531463623,0.17243295907974243
15404,0.5579349994659424,-0.017635703086853027
15405,-0.6508375406265259,0.09867483377456665
15406,0.2186407893896103,-0.10013550519943237
15407,0.046084001660346985,-0.00025218725204467773
15408,-0.17581385374069214,0.07294851541519165
15409,0.47771763801574707,-0.09000730514526367
15410,0.20587323606014252,-0.10450732707977295
15411,0.2786625027656555,-0.06980186700820923
15412,0.8229588866233826,0.02819514274597168
15413,-0.10729257762432098,-0.1500520408153534
15414,-0.2347758710384369,-0.10657471418380737
15415,0.2973969578742981,-0.17278364300727844
15416,0.15732915699481964,-0.18863940238952637
15417,0.8005508780479431,-0.09435755014419556
15418,-0.16172540187835693,0.027359187602996826
15419,-0.029994957149028778,-0.13727426528930664
15420,0.0064907073974609375,-0.034635722637176514
15421,-0.12569326162338257,-0.13952016830444336
15422,0.6121037006378174,-0.05800551176071167
15423,0.484862744808197,0.03206545114517212
15424,0.2673167586326599,-0.020257949829101562
15425,0.6142691969871521,0.2876160740852356
15426,0.00019582360982894897,0.07920610904693604
15427,1.2048356533050537,0.3939695358276367
15428,-0.10309768468141556,0.15352606773376465
15429,-0.7191562056541443,0.19551914930343628
15430,0.0476570725440979,0.07085931301116943
15431,0.44540566205978394,0.23109716176986694
15432,0.4344360828399658,0.18619376420974731
15433,-0.9290044903755188,0.1113361120223999
15434,0.2951911687850952,0.05958002805709839
15435,-0.0990501120686531,0.01565176248550415
15436,0.20572565495967865,0.07596313953399658
15437,0.16830696165561676,0.011068344116210938
15438,0.17666225135326385,-0.05751758813858032
15439,-0.21318620443344116,-0.008941113948822021
15440,1.375689148902893,0.25039708614349365
15441,0.7205360531806946,0.5240222215652466
15442,0.35472995042800903,0.5042819976806641
15443,-0.2299690991640091,0.15663576126098633
15444,0.26180601119995117,0.503949761390686
15445,-0.4524883031845093,0.1773829460144043
15446,-0.4987558126449585,0.32776451110839844
15447,0.5521946549415588,0.10717588663101196
15448,-0.2836785316467285,0.05349743366241455
15449,-0.09837915003299713,0.0021972060203552246
15450,0.24317984282970428,0.0853341817855835
15451,-0.01918376237154007,-0.11275798082351685
15452,-0.4725807309150696,0.027997970581054688
15453,0.6334598660469055,-0.07727867364883423
15454,-0.679434597492218,0.24009156227111816
15455,0.7770682573318481,-0.11637580394744873
15456,0.05694633722305298,-0.07809925079345703
15457,-0.3356444239616394,-0.08652395009994507
15458,0.6765539646148682,0.2470414638519287
15459,0.5666451454162598,0.11758309602737427
15460,-0.186495840549469,0.19545632600784302
15461,-0.1586998701095581,0.009083926677703857
15462,0.13584180176258087,-0.030425846576690674
15463,0.856282651424408,0.19963568449020386
15464,0.3803090453147888,0.35534465312957764
15465,-0.44169580936431885,0.244060218334198
15466,0.8003897070884705,0.10259103775024414
15467,0.2044893056154251,0.24858593940734863
15468,0.059311643242836,0.08390384912490845
15469,0.7215165495872498,0.23707962036132812
15470,0.32779186964035034,0.7944390773773193
15471,0.5859045386314392,0.772118091583252
15472,0.24873508512973785,0.27226054668426514
15473,-0.13001452386379242,0.6303161382675171
15474,-0.7699593901634216,0.523040771484375
15475,0.008750267326831818,0.1857973337173462
15476,0.11908473074436188,0.10443902015686035
15477,0.6051377058029175,0.05304187536239624
15478,-0.10366668552160263,0.1787625551223755
15479,-0.021374203264713287,0.08269530534744263
15480,0.8920858502388,0.16888219118118286
15481,-0.05777748301625252,0.07047414779663086
15482,1.601083755493164,0.8160783052444458
15483,-0.5643799304962158,0.3957839012145996
15484,-0.41497886180877686,0.6598299741744995
15485,-0.6532877087593079,0.5341137647628784
15486,0.9910374283790588,0.4227384328842163
15487,0.5433931946754456,0.2791821360588074
15488,0.46028804779052734,0.5632674694061279
15489,0.1902744621038437,0.13113164901733398
15490,0.09214884042739868,0.5148348808288574
15491,0.8274667859077454,0.7406212091445923
15492,-0.5973004698753357,0.31485897302627563
15493,0.11887732148170471,0.25211673974990845
15494,-0.24833224713802338,0.19611507654190063
15495,0.6259899139404297,0.3012704849243164
15496,-0.6977843642234802,0.23662394285202026
15497,-0.12191281467676163,0.065951406955719
15498,-0.10943981260061264,0.03559178113937378
15499,1.3089224100112915,0.36521685123443604
15500,-0.8766759037971497,0.06284743547439575
15501,-0.22713449597358704,0.06270265579223633
15502,0.28258228302001953,-0.03439974784851074
15503,0.4407689571380615,-0.07724857330322266
15504,-0.028800547122955322,-0.12528711557388306
15505,0.8289666175842285,0.13725250959396362
15506,-0.719738781452179,0.16464483737945557
15507,-0.1475345343351364,0.3154228925704956
15508,-0.3962494134902954,0.07402926683425903
15509,0.286307156085968,0.06073659658432007
15510,0.15339897572994232,-0.030951082706451416
15511,-0.3210394084453583,0.0179254412651062
15512,-0.3196719288825989,0.015730559825897217
15513,0.48687833547592163,0.02447807788848877
15514,0.6639878153800964,0.14763379096984863
15515,0.554485559463501,0.2502831816673279
15516,0.24967838823795319,-0.024565160274505615
15517,0.3949618935585022,-0.03733789920806885
15518,0.33967918157577515,-0.018711447715759277
15519,-0.2206955850124359,-0.0709296464920044
15520,0.20385856926441193,-0.06093919277191162
15521,-0.2735428512096405,-0.12425452470779419
15522,0.1385602504014969,0.0851362943649292
15523,-0.4812413454055786,-0.070243239402771
15524,0.01877446472644806,-0.007379770278930664
15525,0.1031971424818039,-0.12456905841827393
15526,0.5379921793937683,0.11111873388290405
15527,-0.8183643221855164,0.390286922454834
15528,-0.6240296959877014,0.4212836027145386
15529,0.5539990663528442,0.09938579797744751
15530,-0.1137733981013298,0.14392364025115967
15531,-0.6826615929603577,0.2011529803276062
15532,0.5073506832122803,0.4064372777938843
15533,-0.3896893858909607,-0.04745900630950928
15534,-0.5519480109214783,0.07390576601028442
15535,0.06862108409404755,0.3633171319961548
15536,0.38977473974227905,0.13900864124298096
15537,-0.5572088360786438,0.34203171730041504
15538,0.3299553394317627,0.2056637406349182
15539,0.44858336448669434,0.022781014442443848
15540,0.41579699516296387,0.04669266939163208
15541,0.6357782483100891,0.07678395509719849
15542,-0.333196759223938,-0.06948214769363403
15543,0.9113605618476868,0.1408003568649292
15544,0.10836146771907806,0.004740774631500244
15545,0.23284904658794403,0.13320773839950562
15546,-0.4062751531600952,-0.10588443279266357
15547,0.19298221170902252,-0.030995190143585205
15548,0.1501721888780594,-0.11136692762374878
15549,0.9106311202049255,-0.03361588716506958
15550,1.606909990310669,0.3909527063369751
15551,0.3070743680000305,0.909003496170044
15552,0.7886020541191101,0.6858060359954834
15553,0.2856179475784302,0.5411370992660522
15554,0.5529685616493225,0.4906022548675537
15555,0.7401012778282166,0.9601737260818481
15556,-1.1283591985702515,0.3802281618118286
15557,0.34802645444869995,0.42502665519714355
15558,0.33368080854415894,0.12752187252044678
15559,0.1951369196176529,0.07475894689559937
15560,0.1968521922826767,0.08185923099517822
15561,0.023933783173561096,0.02529245615005493
15562,-0.18306508660316467,0.027976632118225098
15563,0.30274343490600586,0.18358832597732544
15564,-0.20977213978767395,-0.0290030837059021
15565,0.033058762550354004,0.09648078680038452
15566,0.48310601711273193,-0.02479684352874756
15567,-0.8465564846992493,0.05523782968521118
15568,0.7226493954658508,0.18071144819259644
15569,-0.3477187156677246,0.15953439474105835
15570,0.23487107455730438,0.0035341382026672363
15571,0.07433962821960449,0.1225212812423706
15572,-0.15307487547397614,-0.031168341636657715
15573,-0.2912411093711853,-0.0033394694328308105
15574,1.4511563777923584,0.4025897979736328
15575,0.3636709451675415,0.3563269376754761
15576,-1.37636399269104,0.521414041519165
15577,0.2627098560333252,0.15243762731552124
15578,0.2797749638557434,0.4812105894088745
15579,0.11119776964187622,0.3123348355293274
15580,0.6253464221954346,0.30961406230926514
15581,0.025481462478637695,0.16367268562316895
15582,-0.7064645886421204,2.043093681335449
15583,-0.9437357187271118,0.43142592906951904
15584,-2.705336570739746,2.1073269844055176
15585,0.9154416918754578,0.48834383487701416
15586,-1.256424903869629,0.6156446933746338
15587,-0.20546585321426392,0.904810905456543
15588,-1.3776494264602661,0.8874450922012329
15589,0.6720179915428162,0.5435110330581665
15590,0.5303031802177429,0.2558199167251587
15591,-0.5121059417724609,0.287716269493103
15592,0.5067614912986755,0.050193727016448975
15593,0.11638820171356201,-0.012180507183074951
15594,0.9759861826896667,0.11258769035339355
15595,-0.8577158451080322,0.08534824848175049
15596,0.390591025352478,0.040089190006256104
15597,0.10459259152412415,-0.07309240102767944
15598,0.2011731117963791,-0.08029770851135254
15599,0.8403260111808777,0.3701244592666626
15600,-0.3787347674369812,0.027781128883361816
15601,0.3974940776824951,-0.08636265993118286
15602,0.35465681552886963,-0.1066516637802124
15603,0.4533712863922119,-0.07438331842422485
15604,-0.03479228913784027,0.006362438201904297
15605,0.05000865459442139,-0.09043163061141968
15606,-0.3909614086151123,-0.08675873279571533
15607,-0.3278266191482544,-0.0768510103225708
15608,0.38040655851364136,-0.11175644397735596
15609,0.9832174181938171,0.012706637382507324
15610,0.5309152603149414,0.1109541654586792
15611,-0.7996922135353088,-0.00765758752822876
15612,0.3462578058242798,-0.11676037311553955
15613,-0.41299718618392944,-0.12610608339309692
15614,0.7242045998573303,-0.10074931383132935
15615,-0.05769193544983864,0.01201319694519043
15616,0.7672554850578308,0.01296931505203247
15617,0.3221844434738159,0.07103610038757324
15618,-0.056493308395147324,0.009427905082702637
15619,-0.3897607922554016,0.006490349769592285
15620,0.27653181552886963,-0.06837010383605957
15621,0.16598738729953766,-0.02489084005355835
15622,-0.24689912796020508,-0.026080012321472168
15623,-1.058722734451294,0.34945088624954224
15624,0.7294155955314636,-0.01675480604171753
15625,-0.9159780144691467,0.09780281782150269
15626,0.7051618695259094,-0.08861804008483887
15627,0.10972507297992706,0.041491568088531494
15628,0.4838956594467163,-0.0737195611000061
15629,-0.1213877871632576,-0.015501797199249268
15630,1.2295929193496704,0.2801271677017212
15631,0.39113712310791016,0.6427408456802368
15632,0.464221715927124,0.17474430799484253
15633,-0.17938095331192017,-0.007410645484924316
15634,0.1562514752149582,-0.0746622085571289
15635,-0.4138479232788086,0.030303597450256348
15636,0.4059843420982361,-0.10894006490707397
15637,0.33502185344696045,-0.07656258344650269
15638,-0.23564206063747406,-0.1399436593055725
15639,0.16772128641605377,-0.1369028091430664
15640,-0.48880070447921753,-0.06366312503814697
15641,0.448062539100647,-0.0916178822517395
15642,-0.24525023996829987,0.06790411472320557
15643,0.20465092360973358,0.10543197393417358
15644,0.5177537202835083,-0.09701430797576904
15645,-0.340129554271698,0.04536283016204834
15646,-0.16018784046173096,-0.054413020610809326
15647,0.8073639869689941,-0.06474971771240234
15648,0.47075939178466797,-0.0003083944320678711
15649,-0.10044775158166885,0.019531309604644775
15650,0.47867417335510254,0.07767432928085327
15651,0.963805615901947,0.5782243013381958
15652,-0.06595466285943985,0.5376827716827393
15653,0.45247459411621094,0.3315475583076477
15654,0.5166158676147461,0.19779932498931885
15655,-0.3438822031021118,0.17081940174102783
15656,-0.45610690116882324,0.044940829277038574
15657,-0.149368017911911,-0.09548527002334595
15658,-0.2863258719444275,0.0637628436088562
15659,0.5031358599662781,-0.03687012195587158
15660,-0.10146254301071167,-0.10101461410522461
15661,0.1968413144350052,-0.040162861347198486
15662,0.014356926083564758,0.14272284507751465
15663,0.010851599276065826,0.08185958862304688
15664,0.14176684617996216,0.20659774541854858
15665,-0.3075161576271057,0.2186102271080017
15666,0.5006610751152039,0.03593927621841431
15667,0.013838618993759155,0.007721424102783203
15668,-0.3251911401748657,0.0011903643608093262
15669,0.5550476908683777,-0.08690649271011353
15670,0.3969881534576416,-0.08011168241500854
15671,0.6568781733512878,0.13929778337478638
15672,2.199826955795288,2.886509895324707
15673,0.32029974460601807,0.6469831466674805
15674,1.4522191286087036,1.1842538118362427
15675,-0.059873856604099274,0.7809864282608032
15676,0.8347122073173523,0.5873808860778809
15677,0.10674543678760529,1.5283881425857544
15678,-0.22767247259616852,0.7629342079162598
15679,-0.23206132650375366,0.2766941785812378
15680,0.3173690438270569,0.3439522981643677
15681,-0.32308685779571533,0.24488180875778198
15682,0.6253079771995544,0.31061744689941406
15683,-0.7291871905326843,0.22325217723846436
15684,0.30175691843032837,0.2115892767906189
15685,-0.2753027677536011,0.20895814895629883
15686,-0.6213068962097168,0.20834749937057495
15687,0.34173136949539185,0.08811402320861816
15688,0.17093749344348907,0.06820213794708252
15689,1.2336137294769287,0.19392740726470947
15690,0.24586503207683563,0.2607601284980774
15691,-1.2923940420150757,0.44503962993621826
15692,0.8571419715881348,0.05853414535522461
15693,0.2863342761993408,-0.01949089765548706
15694,0.047817081212997437,0.1035810112953186
15695,-0.9935433864593506,0.17013394832611084
15696,0.46864938735961914,0.05993300676345825
15697,0.42829716205596924,-0.02651423215866089
15698,-0.9364895224571228,0.11716610193252563
15699,-0.5715621113777161,0.1370309591293335
15700,0.1324872374534607,0.6301956176757812
15701,0.1505834013223648,0.0013816356658935547
15702,0.5462532043457031,0.023706018924713135
15703,0.26158398389816284,-0.028948605060577393
15704,0.16717271506786346,-0.18567726016044617
15705,-0.20196667313575745,-0.19130751490592957
15706,0.7313297986984253,0.39038169384002686
15707,0.03986424207687378,-0.14229130744934082
15708,0.276714026927948,-0.06683218479156494
15709,0.3340529203414917,-0.1693468987941742
15710,0.48495322465896606,0.029684782028198242
15711,0.047059789299964905,0.03911834955215454
15712,-0.24946247041225433,-0.16335424780845642
15713,0.39756709337234497,-0.05262041091918945
15714,0.2318948358297348,-0.06710714101791382
15715,-0.23058049380779266,-0.0855245590209961
15716,0.25521987676620483,-0.09311717748641968
15717,0.4047483205795288,0.0871504545211792
15718,-0.40602219104766846,-0.0623316764831543
15719,0.3283489942550659,-0.0011319518089294434
15720,-0.23901548981666565,0.09220033884048462
15721,0.7512412667274475,0.046099960803985596
15722,0.7500492930412292,0.06009018421173096
15723,-0.26818984746932983,0.03271055221557617
15724,-0.05626948922872543,-0.09544777870178223
15725,0.05369770526885986,-0.09633409976959229
15726,0.41312581300735474,0.028638720512390137
15727,-0.6693912744522095,0.02242147922515869
15728,0.3878020644187927,0.014920473098754883
15729,-0.40721362829208374,-0.07656461000442505
15730,0.4436180591583252,-0.14936953783035278
15731,1.3369868993759155,0.39401817321777344
15732,0.001331329345703125,0.09535849094390869
15733,0.6547101736068726,0.08353334665298462
15734,-0.6368322372436523,0.079586923122406
15735,0.14242620766162872,0.06425893306732178
15736,0.27489787340164185,-0.04489976167678833
15737,-0.10714180767536163,-0.0894882082939148
15738,-0.5654317736625671,0.08262282609939575
15739,-0.060233693569898605,0.07452583312988281
15740,0.3189845085144043,0.23886233568191528
15741,0.27408039569854736,-0.05444216728210449
15742,-0.07813674211502075,-0.0773884654045105
15743,0.45415037870407104,0.001274704933166504
15744,0.4397137761116028,0.0427854061126709
15745,-0.025292344391345978,-0.0069547295570373535
15746,-0.45847535133361816,0.08361750841140747
15747,-8.171051740646362e-05,-0.08469295501708984
15748,0.5021774172782898,-0.04780310392379761
15749,0.04740631580352783,-0.09357446432113647
15750,0.07632243633270264,-0.06605207920074463
15751,0.01245783269405365,-0.08258157968521118
15752,0.32251089811325073,-0.043738722801208496
15753,-0.04389140009880066,-0.06728941202163696
15754,-0.2841714024543762,0.07430362701416016
15755,0.24685941636562347,0.24236786365509033
15756,0.09463918209075928,0.027831852436065674
15757,0.18348120152950287,-0.011906206607818604
15758,0.3151758313179016,0.1950446367263794
15759,-0.03660282492637634,-0.08631724119186401
15760,0.2968432307243347,0.07208251953125
15761,0.4459781050682068,0.20182466506958008
15762,0.2072375863790512,0.007723629474639893
15763,-0.47198593616485596,-0.07105571031570435
15764,0.07672007381916046,0.06897008419036865
15765,-0.06920091807842255,0.046882688999176025
15766,1.233276605606079,1.0845214128494263
15767,0.9024789929389954,0.31054335832595825
15768,-2.5047919750213623,4.610734462738037
15769,0.23535387217998505,0.6773067712783813
15770,-1.823753833770752,0.9271286725997925
15771,1.0730068683624268,0.5349643230438232
15772,0.6874046325683594,0.5870101451873779
15773,1.6317976713180542,0.40766894817352295
15774,-1.2585840225219727,0.4139983654022217
15775,-0.16806772351264954,0.24926388263702393
15776,1.1664273738861084,0.1225387454032898
15777,-0.21531789004802704,0.061871469020843506
15778,-0.34043994545936584,0.08206915855407715
15779,-0.18122130632400513,-0.05041694641113281
15780,-0.12282989919185638,-0.030137181282043457
15781,-0.17838416993618011,0.17029738426208496
15782,0.974476158618927,0.06577885150909424
15783,-0.4009159207344055,0.02151501178741455
15784,0.6979982852935791,0.11667752265930176
15785,-0.1206006184220314,0.0038577914237976074
15786,0.3674986958503723,-0.022882521152496338
15787,-0.09710104763507843,-0.03822356462478638
15788,0.7531446218490601,-0.13084715604782104
15789,0.004329472780227661,-0.07485014200210571
15790,-0.32971370220184326,-0.06077170372009277
15791,-0.0812675952911377,-0.06697791814804077
15792,0.10927082598209381,-0.09844839572906494
15793,0.1627434343099594,-0.1614018678665161
15794,0.18228350579738617,0.061964333057403564
15795,0.5382969975471497,-0.0698053240776062
15796,0.20547457039356232,-0.03634399175643921
15797,0.06326067447662354,0.020416200160980225
15798,-0.46569544076919556,-0.040947020053863525
15799,0.17593209445476532,-0.03366231918334961
15800,0.16809336841106415,-0.10740798711776733
15801,0.13054509460926056,-0.1087220311164856
15802,0.31834542751312256,0.15722930431365967
15803,0.08155091106891632,-0.09076768159866333
15804,0.4839146137237549,-0.09934741258621216
15805,0.03274977207183838,-0.09769546985626221
15806,0.5504031181335449,0.19552487134933472
15807,1.2340790033340454,0.3580375909805298
15808,0.02551187574863434,0.15497618913650513
15809,0.0856533944606781,0.04763376712799072
15810,1.0763128995895386,0.18733185529708862
15811,-0.20257999002933502,0.013416171073913574
15812,0.2594677209854126,-0.0008499026298522949
15813,0.10384450852870941,0.11040705442428589
15814,-0.3047744035720825,0.2856282591819763
15815,1.1987560987472534,0.17093497514724731
15816,2.1268510818481445,1.070955753326416
15817,-0.7335160970687866,1.3842545747756958
15818,0.17698051035404205,0.26834636926651
15819,-0.07801936566829681,0.20246881246566772
15820,-0.5067719221115112,0.3092188835144043
15821,-0.5966132283210754,0.14309906959533691
15822,0.5595132112503052,0.0413631796836853
15823,0.1179981678724289,0.007220923900604248
15824,0.25121402740478516,-0.01871943473815918
15825,-0.3492581844329834,0.07415628433227539
15826,-0.4232163429260254,-0.003198683261871338
15827,0.005023680627346039,0.0034104585647583008
15828,0.19749592244625092,0.216830313205719
15829,0.3888462781906128,0.2741158604621887
15830,-0.015530601143836975,0.11853086948394775
15831,0.8916803002357483,0.21051645278930664
15832,0.15361614525318146,0.5003979206085205
15833,0.11306609213352203,0.1497679352760315
15834,0.33375847339630127,0.15953630208969116
15835,0.2532331943511963,0.5928452014923096
15836,0.39501839876174927,0.2577857971191406
15837,0.28155648708343506,0.2349289059638977
15838,-0.5140861868858337,0.2970338463783264
15839,-0.026431702077388763,0.08964014053344727
15840,-0.01429121196269989,0.1100538969039917
15841,0.03138166666030884,-0.013366341590881348
15842,0.10115434229373932,0.2646997570991516
15843,-0.2546134293079376,-0.0932701826095581
15844,-0.3365497291088104,0.1807866096496582
15845,-0.10916687548160553,0.11368465423583984
15846,-0.13272380828857422,0.10837507247924805
15847,0.24756614863872528,0.1538562774658203
15848,-0.0838937982916832,-0.0764397382736206
15849,0.1097942441701889,-0.14460468292236328
15850,0.39510679244995117,0.06000632047653198
15851,-0.16523990035057068,0.030694186687469482
15852,-0.3389805555343628,0.05446130037307739
15853,0.45116257667541504,0.10684311389923096
15854,-0.2947300672531128,0.08726072311401367
15855,0.09794341027736664,0.015585541725158691
15856,0.28707796335220337,-0.13864654302597046
15857,0.1734558790922165,-0.056512653827667236
15858,0.04891233146190643,-0.035626113414764404
15859,0.5414873957633972,0.037354230880737305
15860,-0.3655405044555664,-0.009610295295715332
15861,-0.33892571926116943,0.038930416107177734
15862,-0.45782041549682617,0.6370567083358765
15863,0.8092358112335205,0.1199846863746643
15864,0.13555145263671875,0.029081761837005615
15865,0.6597430109977722,0.33806735277175903
15866,-0.12548986077308655,0.015086829662322998
15867,0.09403496980667114,0.09508144855499268
15868,-0.14599715173244476,0.33211320638656616
15869,0.6951743364334106,0.06648623943328857
15870,0.31449997425079346,0.8183170557022095
15871,0.664378821849823,0.7243854999542236
15872,-1.2056772708892822,0.365419864654541
15873,1.0489808320999146,0.05839335918426514
15874,-0.8917418122291565,0.35774874687194824
15875,0.07391504943370819,0.03197884559631348
15876,0.43609070777893066,-0.042671263217926025
15877,0.39323657751083374,0.10140275955200195
15878,0.6064808368682861,0.12741577625274658
15879,0.6389090418815613,0.36578524112701416
15880,-0.3586888313293457,0.16935056447982788
15881,0.7032325863838196,0.1005815863609314
15882,0.26645517349243164,0.0928657054901123
15883,1.1923832893371582,0.4955756664276123
15884,0.6188163757324219,0.5311429500579834
15885,-0.43124163150787354,0.43459296226501465
15886,0.49360156059265137,0.23385250568389893
15887,0.7466112375259399,0.4268592596054077
15888,0.5807995200157166,0.44857776165008545
15889,0.14718221127986908,0.21422678232192993
15890,-0.5696247220039368,0.06602334976196289
15891,0.6096166968345642,0.1356121301651001
15892,0.2537781000137329,0.08099186420440674
15893,0.4094845652580261,0.2594321370124817
15894,-0.6990814805030823,0.40552330017089844
15895,-0.4045029878616333,0.39723634719848633
15896,0.6164592504501343,0.09727650880813599
15897,0.2398369461297989,0.258903443813324
15898,-0.30548250675201416,0.35934269428253174
15899,-0.07042345404624939,-0.00677943229675293
15900,-0.1530483216047287,-0.0990864634513855
15901,0.2509186863899231,-0.08266043663024902
15902,1.1008424758911133,0.1888216733932495
15903,0.99803227186203,1.122087836265564
15904,-0.37258899211883545,0.23767399787902832
15905,0.15229399502277374,0.16109180450439453
15906,-0.5590258240699768,0.17327803373336792
15907,0.7182395458221436,0.14187407493591309
15908,0.06408034265041351,0.10630428791046143
15909,0.0028946474194526672,0.009671211242675781
15910,0.18853117525577545,0.5425988435745239
15911,-0.37481290102005005,0.40932559967041016
15912,0.9397780299186707,0.06842178106307983
15913,0.5170272588729858,0.1874847412109375
15914,0.4880046844482422,0.5618340969085693
15915,-0.2390013337135315,0.487440824508667
15916,-0.20481741428375244,0.2822052836418152
15917,-0.749701976776123,0.2182038426399231
15918,0.7405166625976562,0.24991095066070557
15919,0.07546029984951019,0.08871757984161377
15920,0.05083288252353668,-0.03655815124511719
15921,0.0641818642616272,0.00793766975402832
15922,0.19407935440540314,-0.008385121822357178
15923,0.37900519371032715,0.005975961685180664
15924,0.2881593704223633,0.18895971775054932
15925,0.30509787797927856,0.2742948532104492
15926,-0.050603218376636505,0.04423457384109497
15927,-0.21404710412025452,0.07401865720748901
15928,0.6068229079246521,0.07999193668365479
15929,-0.12039264291524887,0.19885659217834473
15930,-0.1268826723098755,0.12233507633209229
15931,0.1959240585565567,0.1106385588645935
15932,-0.047543965280056,0.18818604946136475
15933,0.09711381793022156,0.09620398283004761
15934,0.9961894154548645,0.6697090864181519
15935,-0.21118351817131042,0.2679373621940613
15936,-0.12560617923736572,0.12073612213134766
15937,0.3344302773475647,0.0845840573310852
15938,-0.06390869617462158,0.1794639229774475
15939,0.2117651253938675,0.051280081272125244
15940,0.3716997504234314,0.09893941879272461
15941,-0.19819337129592896,0.007195711135864258
15942,0.36754822731018066,0.07732415199279785
15943,0.5404511094093323,0.09288889169692993
15944,0.5999839305877686,0.2684856653213501
15945,0.31256598234176636,0.3660343885421753
15946,0.3337808847427368,0.7632611989974976
15947,0.52741539478302,0.5545480251312256
15948,0.43710678815841675,0.6122511625289917
15949,1.346389889717102,0.9599342346191406
15950,-0.2262173593044281,0.7499403953552246
15951,0.12436029314994812,0.48809707164764404
15952,-0.11255112290382385,0.7291241884231567
15953,0.02769547700881958,0.48973214626312256
15954,-1.0205227136611938,0.5646334886550903
15955,0.7753242254257202,0.3264612555503845
15956,0.6216720938682556,0.1115189790725708
15957,0.35976117849349976,0.1834152340888977
15958,-0.42567700147628784,0.47311437129974365
15959,-0.3106626868247986,0.1602662205696106
15960,0.8806836605072021,0.21142029762268066
15961,0.19178329408168793,0.22731703519821167
15962,0.30110156536102295,0.4560661315917969
15963,0.6708338260650635,0.5352187156677246
15964,-0.401215136051178,0.3196899890899658
15965,-1.9777933359146118,2.368319511413574
15966,-0.37614965438842773,1.1461896896362305
15967,1.3385694026947021,0.4386516809463501
15968,-0.4362006187438965,0.30706995725631714
15969,-0.23707304894924164,0.20403116941452026
15970,1.2253459692001343,0.43295466899871826
15971,-0.5564080476760864,0.5302525758743286
15972,-0.7890040874481201,0.74080491065979
15973,-0.05556458607316017,0.269443154335022
15974,-0.36581671237945557,0.7100045680999756
15975,-0.09216711670160294,0.509972333908081
15976,-0.8025844693183899,0.7565253973007202
15977,-1.046391248703003,0.7846237421035767
15978,-2.2306439876556396,2.1224684715270996
15979,1.4039769172668457,0.4512598514556885
15980,0.9511863589286804,0.15960538387298584
15981,0.15256227552890778,-0.0007608532905578613
15982,-0.20545394718647003,0.08635604381561279
15983,0.5330724716186523,0.005931258201599121
15984,-0.11361674964427948,-0.05596083402633667
15985,0.2541505694389343,-0.09144479036331177
15986,-0.006913028657436371,-0.08196848630905151
15987,-0.06293550133705139,-0.1288195252418518
15988,0.33218854665756226,-0.10521680116653442
15989,0.1561690717935562,-0.047686636447906494
15990,0.9712830185890198,0.11498099565505981
15991,-0.2173129916191101,-0.04124933481216431
15992,-0.10118599981069565,-0.14757919311523438
15993,0.4148891568183899,-0.07977461814880371
15994,0.6312211155891418,0.002348005771636963
15995,0.48620253801345825,-0.11933028697967529
