id,Y1,Y2
1,0.4335682327911833,-0.4299333531022076
2,-0.16477565143851683,-0.4960427482439005
3,-0.14313982181118326,-0.3881321501602662
4,-0.278140008273182,-0.27708733482568904
5,-0.8393614858747933,-0.22104516059219148
6,0.38181712196161544,-0.188079651656344
7,1.0459726677549277,-0.09306055568316002
8,-0.08958891062590942,-0.3464840453830078
9,-0.7196986383428138,-0.20034441567072625
10,-0.95751155367141,-0.25824865070026093
11,-1.1927577111290764,0.2660563294905267
12,0.07678083419540377,-0.25746712487262124
13,-0.47734605026201943,-0.0888378633055259
14,-0.17023862328938416,-0.18701001844205717
15,-0.06585580308744803,-0.23190486829190055
16,1.1747090314822308,-0.36726859622133945
17,0.8988620255457154,-0.28577254174572425
18,1.1663905989521326,-0.07112880197308533
19,-0.44833955447910373,-0.25478777700857685
20,-0.7522142304799846,-0.258721728858726
21,0.5986412545261707,-0.3876054793578586
22,0.7215736469390637,-0.18348687949650355
23,-0.8013330488187688,-0.2684182641549786
24,0.6862922120200681,-0.43600388937841866
25,1.4990133415903066,-0.0206202452881271
26,1.3667942127571968,1.3142250885125644
27,-0.6830792816889857,0.348173634399013
28,-0.40130616005319825,-0.2531986997918085
29,-2.677289196158399,0.7758444422764238
30,2.0785850549568354,0.7653622606089774
31,2.5670112884281915,0.6433573294591238
32,-1.4193227166656563,0.5194859520238899
33,1.5171535579278308,0.4178963953147178
34,0.9703437112534382,0.3967176757458934
35,-0.16072986595636354,0.2962335344356794
36,0.8234972676712952,0.1466317866960278
37,-0.5107927759143377,-0.20286614705951442
38,-0.40653310803921433,-0.27254409853574596
39,-0.39835988367701475,-0.2279643771243422
40,1.218657207691552,-0.4018505432581868
41,-0.7627172006367805,-0.3192931428673361
42,-0.44071767110485655,-0.2724736671698148
43,0.8616245095021279,-0.4631019377265837
44,-0.5727000023539489,-0.3494225454595692
45,-2.5206610776246845,0.10575821563836717
46,0.08427720306566497,-0.10452701942145501
47,1.4848785121766566,-0.205856027052922
48,0.6509420149824482,-0.20901488548384323
49,0.41347193521234626,-0.21597999300498738
50,-0.4097575083232065,-0.2890340578151442
51,0.3850962883205063,-0.454502995855796
52,-1.3165581378277007,-0.3233843308654534
53,-0.3399463473790658,-0.3907605860322186
54,-1.2386358078764736,0.04809100438657338
55,0.7268974611160344,-0.33911500490640434
56,0.4376107162920178,-0.5112230816201285
57,-0.198395235135758,-0.5272597836089449
58,-1.2445582403346827,-0.23630523346687154
59,0.8487414459866031,-0.4435601001641719
60,-0.16533530194094165,-0.5128204987362678
61,0.19569868694511106,-0.538321443020958
62,-0.31053346816842486,-0.5766760962825025
63,-0.71042356689429,-0.36262707369177666
64,-0.2640443087770403,-0.3786193982676877
65,0.1096810821805337,-0.5275962651580326
66,0.3920054823171945,-0.5981893493446064
67,0.5529990911738553,-0.3796352999261717
68,-0.7165350814035528,-0.28960786567894853
69,0.39318355822397666,-0.42318069566609295
70,0.06286338668088173,-0.3618675757203567
71,0.06883229687803433,-0.2791684858541614
72,0.707491850746168,-0.427163889413904
73,0.10995589489431187,-0.45663143791453886
74,-0.1447080096497877,-0.2150616610949459
75,-0.5413350364792068,-0.3863443183680713
76,0.5126259533665369,-0.45323069759585427
77,-0.6524392222232323,-0.43741321547448864
78,0.46932934656087,-0.5235020797198917
79,0.8107275906023597,-0.4635884939404129
80,0.22312361324253532,-0.3639412191198439
81,0.30536443096796856,-0.5309175581571852
82,0.7558220419673295,-0.37232394563113014
83,0.38257233816009006,-0.388134701150348
84,-0.43797253782809503,-0.30860027508823445
85,-0.24689891037761333,-0.42708587635564776
86,0.009477318071418113,-0.5482534747934455
87,-0.17743083464741832,-0.5321760341623215
88,0.2736838762771464,-0.5919571033664996
89,0.5000809449404244,-0.5252988249159367
90,-0.08033318864377241,-0.4942767458261085
91,0.5050203399507421,-0.47916933053422994
92,0.7109893733355328,-0.26476399623984004
93,-0.5918660538553244,-0.424383022126221
94,-0.720459836439467,-0.3605545168787633
95,0.12233555302331493,-0.39002007831299423
96,0.621325883153053,-0.43311290468279245
97,0.9669956366382227,-0.3158345435917324
98,0.153970885429917,-0.37534512126614034
99,0.16922544228003245,-0.35796641969042453
100,-0.2780251117922773,-0.4050377188250993
101,0.2715333800598581,-0.4539600250163691
102,-0.41498348978494215,-0.4603681378341806
103,1.225829136307679,-0.2722839030898806
104,1.6431747167959796,0.2629464490812594
105,0.15691920844223048,0.48988961608204623
106,0.7804205224772379,0.1563832624625628
107,0.020572092280356995,0.3348283219644779
108,0.19116918343118433,-0.13483262315013686
109,0.38914799968725683,-0.411103936761478
110,0.09345487686171774,-0.47621474326895397
111,-0.5283385913429751,-0.30370272478033017
112,0.19641838990020744,-0.3270834578772113
113,-0.9939348062572682,0.051863959615512656
114,-0.40327202673367735,-0.25844599369952953
115,-0.4488236833266783,0.13331607078302155
116,-0.19859008223709204,-0.3021627608585971
117,-0.5307719528180092,-0.24209512214818435
118,0.024103116542227115,-0.41383932907378806
119,0.9723590014267276,-0.28284628458574207
120,-0.2618308552794983,-0.323266244986261
121,-1.1858057977067022,-0.1437193608225557
122,0.07583954322583612,-0.28598788162197286
123,0.6545955537347776,-0.36247984309399145
124,0.011399296181172486,-0.35404272144842625
125,0.1122524203767198,0.08413863461619867
126,-0.1851135669047092,0.018834261088903823
127,-3.2583154747784318,1.8584012553757683
128,0.6782986586314674,0.4470827726032108
129,1.5891893129026602,0.4569669256086918
130,1.500072943803492,0.5821039102464278
131,2.3724222095440495,0.8187380321953108
132,-0.46897044532721377,1.6668196540855997
133,1.313884159684208,0.806217177561831
134,0.021754742151776082,0.32877458347063154
135,-0.7556801192676299,0.2626440155628381
136,-0.7808765484448422,-0.04787654179929854
137,-0.07120166843135554,-0.29231993352906105
138,0.3806686854907682,-0.3045771876058685
139,-0.13636540637941053,-0.3757680610216658
140,-0.1830388968907345,-0.38443227909572514
141,-0.09821253237454307,-0.4353588337759978
142,-0.09615975424938135,-0.4400510473077945
143,-1.0269385332751464,-0.26873106527809143
144,0.01766738507841033,-0.40668178032110963
145,0.5915893882469127,-0.4533696611330459
146,-0.19406487674870795,-0.3595643158842992
147,-0.05139714184842107,-0.372182953628794
148,-0.8018261360573153,-0.3069340832590578
149,0.31875639907239134,-0.4395942759856134
150,0.09705871289546457,-0.3831393754917383
151,0.0031696100348872387,-0.4406624926536199
152,-0.3647613273594559,-0.4634116398871371
153,0.3311974987771259,-0.5464643826767431
154,0.9743973982034552,-0.34147005654795365
155,0.43420107898482113,-0.4518779057822216
156,-0.31974109287443747,-0.480621504272397
157,0.37511219277904784,-0.49946837732178107
158,-0.5030800624374251,-0.5326921825312346
159,0.5384841219976112,-0.4423271861037673
160,-0.08660692529319743,-0.40646716842265673
161,0.028854327338827975,-0.41409995263132116
162,-0.36131983660295025,-0.4240978920781817
163,-0.44304064144983557,-0.4366037950899365
164,1.1311657629581537,-0.5310041196892213
165,-0.19269574589506272,-0.3010405851573931
166,-0.5013668049949791,-0.43428533988280166
167,-0.466024481451106,-0.4250995035809747
168,-0.29901391540043976,-0.4643599546296562
169,-0.07163447298447649,-0.4604192191006865
170,-0.3640868684845307,-0.4219039013089672
171,-0.54896711701224,-0.31159682011215123
172,0.1009825236337393,-0.4361436744765127
173,0.8453186849605435,-0.41598235136618716
174,-0.36407065612056044,-0.41363020030009084
175,-2.3134648596382426,0.17018505052152527
176,0.36844126014614725,-0.24855972625529948
177,-0.3410022295993787,-0.4368469896759232
178,0.22896439071369962,-0.4248330957906097
179,0.7965981477427886,-0.49647032905823696
180,-0.325831470653641,-0.42715757343709937
181,-0.2651877149267354,-0.2894433533463424
182,-0.2627807719072895,-0.4984996601985531
183,0.570217079590022,-0.49843141022943904
184,-0.16567318808136713,-0.48761881761269665
185,-0.7368448617197394,-0.3983236231291442
186,0.6226531840080219,-0.3844498039107136
187,-1.2551042460017678,-0.23655924614679358
188,-0.7490115360010703,-0.17179142605115438
189,0.008259602020955423,-0.4084470894609387
190,-0.6213383470021815,-0.33809368907116477
191,0.03907323296843696,-0.3292760242593252
192,0.5647807824939716,-0.38291109547901536
193,0.5613480574168511,-0.3824969893226049
194,-0.9635497326363489,-0.2970299807144875
195,0.15506401636344527,-0.4515430824123126
196,0.33525475726822057,-0.43780022791522555
197,0.5418456927765042,-0.18008257078856404
198,0.748527444328917,-0.2509158498453807
199,-0.28071095878430763,-0.2946705500485064
200,1.195759995142134,-0.2614259013060442
201,0.25507424343743035,-0.3086638705833381
202,-0.22674122334828667,-0.46610778755153315
203,2.4361507144754353,-0.046843066378056714
204,-0.8806798959608428,-0.0928425453327473
205,-0.3687768414679035,-0.27216855034238707
206,0.08705484146230748,-0.42467309242563
207,0.2312537482682091,-0.39272614103536196
208,-0.03681094630684572,-0.4289718286413126
209,-0.42101329307578184,-0.44290648181676306
210,-0.4971282846308426,-0.4149082497985353
211,0.17744180762268055,-0.4582960773686926
212,-0.11631689728151685,-0.527862423743326
213,-0.3199219451992041,-0.505573479708929
214,-0.6027616481611476,-0.4669174986693898
215,0.35650042452479713,-0.2785166646020903
216,-0.7726761298458021,-0.2451689837005787
217,1.4609142386133755,-0.27079040118203523
218,0.6694157733234661,-0.28300831442730606
219,-1.049458183345575,-0.17471210878086862
220,-0.8483688307293893,-0.2479505277950766
221,2.582579537598925,0.2533808713496297
222,-0.764816628592042,1.4347795160588954
223,0.21936679003202422,0.5027244368747229
224,1.1226783903088784,-0.03677958646586993
225,-0.43085060895440846,-0.07281196994238902
226,0.8531292289832606,-0.027668330520552814
227,1.5437735813323539,1.2137787505937672
228,0.8838047024147211,0.6419440407231667
229,4.94658602204998,5.462970873449223
230,-1.7222730238144115,3.934186489850465
231,0.6142106852572299,1.154088477682532
232,-0.0062444477919866275,0.20286886850223018
233,-0.2384320526765602,-0.030264941739752152
234,-0.08170007025059867,0.016328747398238936
235,0.6477390694365311,0.6919598950371327
236,-2.1919113738681184,0.3538882315097746
237,-0.7138754490649067,0.27589248644750963
238,0.1651627803651266,-0.11067817636297969
239,-0.08127078479895379,-0.28557221541085814
240,-0.4253805742080166,-0.34397955973369504
241,1.2101489277616686,-0.35357188921443417
242,-0.7763768382893714,-0.30507763791324677
243,0.1163255447751391,-0.3767377751862458
244,0.11847247150380583,-0.42676854236222994
245,0.18713201615112635,-0.5072268326172539
246,1.5435843625425467,-0.2300004778537526
247,4.5311510446158305,4.230324579756424
248,-5.887190546048015,5.953659902757728
249,-2.068966244375641,2.486610749904747
250,1.0917196696208662,0.23835269633732398
251,-3.5529918595653482,0.6916330142732993
252,-0.187809436612745,0.5235627175961369
253,0.33451619199464744,-0.349008333141887
254,0.4891314306818356,-0.27617725227377343
255,-4.915165384471916,1.8954333927050628
256,-1.3187949054825339,1.1149513403438247
257,-3.9131723484718344,1.7140151697656778
258,0.7015907114232481,0.7366724901263245
259,0.23107203169492613,1.114884992550576
260,0.7343535404338124,0.4994038209196709
261,-0.03809676986511947,0.4415507114208791
262,-0.8645784768944851,0.16257470282100836
263,1.1668700535420529,0.4951256400147161
264,0.8406841566351404,0.384830600270419
265,1.2278807339184659,0.1303745746202563
266,0.285661336129148,-0.2635064421487576
267,0.4577569862488735,-0.17906321231162417
268,0.3320351250404114,-0.17978331724355867
269,0.4019571019328645,0.012286796183990693
270,0.22346573571924697,0.2678336469260943
271,-0.09259280496711486,-0.122683942009682
272,-0.4278306390947078,0.04201772949340772
273,0.5914342360336569,-0.182025629546243
274,0.5564769242087119,-0.26683208659913343
275,-1.227331602015901,-0.17165453068731454
276,0.4659683523653951,-0.3432642859298992
277,-0.8419608339487052,-0.2409997392365561
278,0.41440392744658033,-0.4680730397554589
279,-0.0023887910414344205,-0.4406789907892013
280,-0.3672423996748426,-0.4803906633457201
281,1.7668895780708322,-0.25587198987407866
282,-0.4383056585617143,-0.440660425950364
283,0.0015557295869212569,-0.361244094253903
284,-0.43706605626185474,-0.4012018292080753
285,0.0540240497487571,-0.5107756820313649
286,-0.7140002329931338,-0.44209825515121726
287,0.012700705975578621,-0.47417316341762794
288,-0.13360516245226653,-0.4175945218832056
289,-0.5109240594701839,-0.2769685974920851
290,-0.6395064421305552,-0.2633027690007448
291,-0.015489709145568877,-0.18557884650675424
292,1.1376832042856075,-0.1855907438644528
293,-0.6876447155314301,-0.19953460154137248
294,0.6136134215030726,-0.3923238876633842
295,0.6614134319139389,-0.19560534276798242
296,-0.2851685465343592,-0.3479082708234792
297,0.3017123859189722,-0.2759995454997421
298,0.06557278780401261,-0.36559141351964686
299,-0.520663731264648,-0.3435502044193498
300,-0.006451969203538689,-0.46233631096163286
301,0.6065527678993619,-0.5233444622971054
302,-1.0902584501913846,-0.15665280246184304
303,0.30872920708930746,-0.11938629042004126
304,-1.3632370979962818,0.05114237055369514
305,0.005392906264504368,0.10394186778595486
306,-0.7500475328660658,-0.1166461338133877
307,0.7264727204216218,-0.17840173244858062
308,-0.9142668159144786,-0.29839828786261446
309,0.3939848189998181,-0.4469013525748339
310,-0.4149021468335272,-0.3970454686627856
311,-0.1446095614270184,-0.19073221569332036
312,-1.9081569566100496,0.09505121765697147
313,-1.6245895651059368,0.7537829702069021
314,-1.6260205620571735,1.466989475197678
315,0.03906595102881905,0.5325977680227397
316,0.5007748017978417,0.17116808541866796
317,1.457210849576772,0.921587978433971
318,0.1506463796888925,0.3335245676046417
319,-2.8328821335513097,1.0185575371983457
320,1.7048474183178117,0.4320676370004713
321,-2.0129969911805436,0.2616746641679385
322,-1.2741981675618288,0.9484679987459759
323,0.9358823434334833,0.3336902437891603
324,0.745384979500665,0.17676675586767446
325,1.3388214702035137,0.07023622092481233
326,-0.03508739418148685,0.08233724758701039
327,0.4501209853279176,0.052026252333364796
328,0.5555140698270435,-0.2993383919181446
329,-0.9404980072851098,-0.20888099291763162
330,-0.6951862339895438,-0.16970833897678544
331,0.35471299199604156,-0.39995046132298817
332,-0.16150810476047464,-0.31744100926791097
333,1.2958792365591418,-0.2967601398352974
334,-0.9730233429282228,-0.2503780752141956
335,-0.6887525699081596,-0.3314238190087902
336,0.4082125657981293,-0.4178257334111112
337,1.9703428959299916,-0.025576754666765775
338,-0.23170612181129688,-0.11963554351091268
339,0.4940161914033977,-0.34043292645648693
340,-1.0626598146524708,-0.2045474614423508
341,0.9084568620066091,-0.2778642395541584
342,-0.5905888056085812,-0.20609996854655743
343,0.19618795519820445,-0.18160016198805393
344,-0.8686010612840575,-0.15282474813680436
345,0.934816162776576,-0.36654933307498044
346,1.086299779420241,-0.20286134286940988
347,0.23914931667750916,-0.09598320841530203
348,0.14672240466860825,-0.4174079097671404
349,0.05310817975263756,-0.5097567390798121
350,0.9242645926439915,-0.39870143933363233
351,-0.14948279211091522,-0.3729587683420154
352,-0.10080318146880153,-0.4764309289228492
353,0.032676551390366584,-0.474939101437977
354,0.07782090408693361,-0.5739687689928513
355,-0.8055151082774041,-0.4469344446770134
356,0.6464373162728779,-0.5488650200857806
357,0.32381844972319646,-0.46238572926182175
358,1.0175110946562327,-0.1364923473393372
359,-0.5818401215287822,0.17451056902848477
360,1.0108168559002157,-0.1791245263941031
361,-0.26805772883640266,-0.31899263196485034
362,-1.2282423839014895,-0.25681188198734073
363,0.6173910553837073,-0.41995985304378664
364,-0.3116430275111355,-0.3915695833882121
365,-0.6178486331482292,-0.27507176888050044
366,-1.2324494912483777,-0.0032389114181202716
367,2.0198482030169855,-0.2550631419697696
368,-0.4892154992108788,-0.2856498180314234
369,0.19140535822888594,-0.4795064458555228
370,-0.15137973477967825,-0.48137219247844265
371,-0.23346767218013115,-0.51405363569157
372,0.37292247134526074,-0.5832404045142996
373,-0.43971344567060483,-0.48676368929010594
374,0.32129142355915247,-0.5564919823853279
375,-0.5314897850202299,-0.42809124156406236
376,0.43826766820175295,-0.5714518823059799
377,-0.35231717312076977,-0.36596270942422615
378,-0.15134686161033756,-0.5021583041199846
379,0.4227778236745935,-0.4723190202505507
380,1.085534784877002,-0.4025844164600359
381,0.7546680512806895,-0.2584778626414979
382,0.06685031375198944,-0.36518515154925496
383,0.13690762763961142,-0.3431764768651625
384,0.022734508292193433,-0.49417326981493814
385,-0.6819922302577394,-0.4632748505411868
386,-0.30843675705468176,-0.457070998216049
387,2.368109802238543,0.08175369672908878
388,0.2887543722614845,-0.053387987144658935
389,0.4170728009146514,-0.21709289268122284
390,0.8271926406374185,0.1535549931726092
391,0.789108100634622,0.2428069682380822
392,0.21074999030837405,-0.052496515019837584
393,0.43865586294271375,-0.2718082109498586
394,-0.4025586334234295,-0.20779586601438899
395,-0.04314480909594189,-0.3029493360751875
396,-0.2072746994735684,-0.3573127929812973
397,0.6004967949715485,-0.2459804752315486
398,0.05579424315646798,-0.358827759186212
399,-2.802353565515108,0.40566345176008645
400,-2.7120508584232614,2.071910223002234
401,-0.6444535730672306,0.5273296275577521
402,-0.8614410291222832,1.0912216122248783
403,-1.1256476350094764,0.8097065000048477
404,-2.003257227076801,0.5776863935068115
405,0.4651500964281966,0.30799996640992894
406,2.274133665540558,0.054594512080474514
407,-0.677488437543309,0.08521051238339251
408,0.041253270021046735,-0.07154286151444329
409,2.0845681877226427,2.3098148982664646
410,0.5660294947761645,0.1482672462032087
411,0.12911674562043252,0.27448628243107565
412,-1.2884976230839644,0.07776167102198854
413,-0.939233358312382,0.23846991066189047
414,3.2848762537814067,0.5153174281630092
415,-0.8580599232502151,0.48252712226805283
416,-0.4767355300093039,0.28532692231994217
417,-0.9129271077437924,0.24463015290614773
418,1.2997217658495892,0.503611349955506
419,3.962044800519291,1.5661471882416307
420,-0.9554870631499904,1.3081083760128678
421,-1.8899418425176575,0.8286391990608887
422,-0.17394976377133287,0.21477775414137515
423,1.4062674874454975,0.39525189551224926
424,-1.5841460381268506,0.11957808863636042
425,0.12272160946054318,-0.07453096552112112
426,1.0179687264025343,-0.22987359830164067
427,-1.0652775995108663,-0.06605369484842973
428,1.3283262375448612,-0.25958786371456877
429,1.8065856631233652,0.4496841020212404
430,1.3235672175247728,0.56949550237165
431,-1.5778575410557982,0.08320576732507917
432,-0.13962486009590294,-0.05557605668164421
433,-0.32622898190770333,-0.22217532935272272
434,-0.01806970927906455,-0.414511816714291
435,1.0521950327325045,-0.3562924768092918
436,-0.36715410376002044,-0.36956628700338423
437,0.0963766501444646,-0.4281173201588494
438,-0.5761123553331927,-0.3146157320017087
439,-0.3624835629210171,-0.35825885520800343
440,-0.21553584047262064,-0.40227559444686356
441,1.1274671230208013,-0.37631911811337343
442,0.25591923447676146,-0.40100232313692213
443,0.2967308259818462,-0.4467808358749721
444,-0.22007467988332657,-0.48057874924922583
445,0.7740485325814682,-0.43784678919093095
446,-0.7245393996169108,-0.4163272058404576
447,-0.04357784995018488,-0.4888706373654853
448,0.12323067164984143,-0.5088402821895388
449,-0.31104616712823746,-0.5403453405450894
450,-0.11646920575744586,-0.5876982251426884
451,-0.8436583699874338,-0.3631071408397445
452,-0.3905290811746486,-0.3256690835175581
453,0.23187951581854332,-0.4872046131137924
454,0.38137567301284997,-0.5367559777506401
455,-0.525190933571092,-0.4793250249401947
456,0.018951578916239876,-0.5374404327440836
457,-0.7962295740736197,-0.28747193669214205
458,1.1900186125170447,-0.4702471037514778
459,0.35852194181366454,-0.37627418882015246
460,0.5944243394874843,-0.42963127495002923
461,-0.4035664806730713,-0.48075141241369057
462,-0.34470008213925873,-0.5274879591052931
463,-0.3536884162072713,-0.503720518437339
464,-0.36842537716732976,-0.5421327969039578
465,0.9095984989129414,-0.5569173725958507
466,-0.5025811256455556,-0.5522392731459654
467,-0.48207335080427943,-0.472076023774206
468,-0.3468360766826644,-0.5309749206643419
469,0.060659563064996196,-0.5616874586019807
470,-0.26476867188880276,-0.5268132867060261
471,0.6575237340157297,-0.5210517560682683
472,0.12033719402627935,-0.5937282123461117
473,-0.4577246025935871,-0.5369149825013404
474,-0.28788544896011203,-0.46826936795486596
475,0.23098351719152774,-0.5718973099716327
476,0.46543794570585584,-0.6084704170455296
477,-0.47607312576712246,-0.5525638495886583
478,-0.21968306928383155,-0.5817681503546859
479,0.0723153411296807,-0.5841411751951706
480,-0.1581587981270292,-0.6046330448726472
481,-0.873791899055317,-0.3064727141130771
482,0.3929667103171528,-0.5060112229359358
483,-0.3075644663979947,-0.4059344012716268
484,0.6302592693210236,-0.531538673128307
485,-0.0779807130356563,-0.5349340398725064
486,0.21259221563060982,-0.5400155697384579
487,-0.13505526463733156,-0.5911028399420548
488,-0.3125558897026609,-0.5316802388433954
489,0.5178674387502294,-0.587299695925158
490,-0.0979217505362625,-0.5583957478209788
491,0.841325519704438,-0.5000093908274107
492,-0.1081934034503399,-0.4692482381379469
493,0.19658904285391102,-0.5316053434308463
494,0.25095918435713516,-0.5406267584767417
495,0.14278002713518112,-0.5650849025258653
496,-0.3139542516517845,-0.5728056536549212
497,-0.49995661237110883,-0.5147064436991999
498,0.06454499190363451,-0.6253340251112766
499,-0.4214222004170568,-0.44787741957119975
500,0.3929391261980227,-0.5028125763599737
501,-0.3163882098272855,-0.45979280520036014
502,0.022586332727451752,-0.5827219475066566
503,-0.013350913496759338,-0.5379249090613591
504,-0.20754725201915192,-0.4977755710980878
505,-0.9637681094916175,-0.17407997511257217
506,0.3443161140761473,-0.2784280700442466
507,-0.7308636436019769,-0.36573764738233344
508,-0.8987435017704518,0.03594907342918393
509,-0.6575783065751686,-0.22891872337888425
510,0.13064245352071424,-0.262589269807422
511,0.19353996126069145,-0.29822693484579227
512,0.3965428729606426,-0.39686115713665354
513,0.12354245281655989,-0.40547587322269524
514,-0.1311073007173206,-0.513324794150655
515,-0.7928918934300493,-0.37612930284453877
516,-0.18602705929976396,-0.461429849942803
517,-0.9523385287994418,-0.25336587550228373
518,0.9242703890959751,-0.40176079542216847
519,0.43455172781141577,-0.44329286110385085
520,-0.13913620439963592,-0.4807551605221744
521,0.4399486237005316,-0.5052814360817854
522,-0.2058899524317216,-0.5386749817889159
523,0.07064606744948866,-0.5963536967135812
524,0.6176112837271603,-0.5565014400151368
525,0.0780710770675738,-0.580221895908003
526,-0.33118250158622903,-0.573346375777838
527,0.8075636124538411,-0.5780815224499004
528,-0.40627095234454347,-0.4953324131404242
529,0.13300441023936507,-0.5568691285692943
530,0.1863817474756649,-0.6187670263340953
531,-0.02897654360517463,-0.5836752550786498
532,-0.16423997096958232,-0.57910007064237
533,-0.4218160828722322,-0.49868713390066544
534,-0.32354411710266157,-0.5485192366506758
535,0.4499250224554476,-0.580508355505941
536,0.32462018416942845,-0.611014373988059
537,0.0002154097170861671,-0.4912447769645337
538,0.06172612454005757,-0.5203942806345011
539,0.20396186237917258,-0.5458066284805391
540,0.2759237867707835,-0.5948279777669286
541,-0.6470972142230463,-0.516230525394265
542,-0.42787066726206796,-0.5230347783079561
543,0.5256133502357329,-0.5408826865499903
544,-0.1859440427696886,-0.5439162203861173
545,0.31929654681796055,-0.5559662744477839
546,0.3406633949235126,-0.5393568351023705
547,0.1337073925965182,-0.5599818715648708
548,-0.11076631175492792,-0.5706628220874961
549,0.4105222089472508,-0.5646111381376585
550,0.6142425668562688,-0.4670682908980799
551,-0.4007912702789155,-0.46600422508643424
552,0.3827670105535139,-0.5667021164072332
553,0.08949719643108285,-0.5323200990875547
554,-0.14474667777691497,-0.5871724988023834
555,0.02356366586464098,-0.5854092817920726
556,0.4134083057514104,-0.5863686716356987
557,-0.7223456654217574,-0.4106143027070887
558,-0.2220896483155168,-0.5087111172822819
559,-0.2586250277968741,-0.46201880768122283
560,-0.0543606611710755,-0.49484391338874945
561,-0.09961884010045674,-0.5976020980426978
562,-0.3624506530704456,-0.5486174853854804
563,0.17943652715737718,-0.5171976121944856
564,-0.3192674287809472,-0.5274198049917131
565,0.04754840732350783,-0.5149969297586215
566,0.3535809594087373,-0.5818085821327453
567,-0.2650675510850103,-0.5540364301173991
568,0.2971413652841339,-0.5265710360866847
569,0.07495746371576374,-0.590010149710742
570,0.2753309498335074,-0.6070834905052409
571,-0.2144001486733014,-0.5464357641212456
572,0.3183864209416364,-0.6128109928184329
573,-0.3771139327957227,-0.5052276666001211
574,0.3744383696713512,-0.6022299392330235
575,-0.2729365131125124,-0.5950724464829673
576,0.04884542951615813,-0.5887408073456329
577,-0.7566753384855522,-0.42141858003101595
578,-0.538169930479427,-0.39459306012883766
579,0.142655446498141,-0.43271749030188683
580,-0.4731554602026374,-0.4529301963762928
581,-0.06954625578649933,-0.4847034844117212
582,-0.16214841041279,-0.45493031769027037
583,-0.6451142861916302,-0.3657952708935156
584,-0.2904338098371522,-0.3564127878706788
585,0.8542831023256106,-0.4651611124103454
586,0.2946128898117214,-0.5422828952688672
587,-0.41657262350903834,-0.5181288853380239
588,0.7170339690358266,-0.5431092416243437
589,-0.1662042294037352,-0.5372662795149675
590,-0.13622859373479035,-0.5914493277319399
591,-0.4788876611968293,-0.4960390985862164
592,-0.33366426038262753,-0.4398189776402218
593,-0.09017520847758892,-0.5598473729602886
594,0.45393484212904367,-0.5881111701995871
595,-0.6758954617301551,-0.4232911800022925
596,0.28118183719589335,-0.4788974067512273
597,0.12445285969015622,-0.4569381973130582
598,0.2760618672041997,-0.5593508792952734
599,-0.1526121170087152,-0.5464517948251745
600,-0.09205925237572905,-0.5526734223291094
601,-0.7001071260157588,-0.3277055436616317
602,-0.4313360115683446,-0.432051993768599
603,0.10698112630454372,-0.4126222389739546
604,-1.3220760684076156,-0.02996337329667799
605,-0.5130741175414734,-0.15371807866368747
606,-0.9055233386543928,0.28620634167277076
607,1.5630078676324006,-0.18334548543268658
608,-1.090433833497375,-0.1875499307938613
609,0.9943466937080213,-0.3442021618511155
610,0.5814682681118942,-0.3828095487391421
611,-0.5772208569156232,-0.2502673768417316
612,-0.6698784542108219,-0.3554821412744858
613,0.8590639956759191,-0.4381107596035904
614,-0.40663577185628413,-0.37436017998604965
615,-0.6008999194150539,-0.30421245329626784
616,-0.00472706379833291,-0.34610366672473
617,-0.9766428412025032,-0.3012784814152305
618,-0.7388882219829609,0.3984995925102953
619,-1.0144790026738113,0.18371806922452924
620,-0.607039179926748,0.38042551146818127
621,-2.322511920196686,1.2232062324879749
622,-1.1830173348619477,1.40355121840201
623,-1.386800951554063,1.4352905621289618
624,-2.9115815722101206,2.218122846321324
625,-1.3273824055861476,1.5728173794781104
626,-0.302862325577715,1.723759412377218
627,0.6441074552770536,0.609210975740292
628,0.4388489194269641,0.7192208889567102
629,0.026438863053848082,0.18648515051655373
630,0.5197687661748638,0.022189432392925486
631,-0.5903308760362806,0.242811386694559
632,-0.330926612346761,-0.18959543371224402
633,-0.8855486809919187,2.4722919642727366
634,-2.0015205068761777,0.4847758030591762
635,1.7963058409617703,0.44367168742458524
636,-0.3251286214082637,0.27575530548579263
637,-0.18652605657200222,-0.0153808063844336
638,-0.7313858260410725,-0.21580446920368307
639,0.4811670092001962,2.5602104577067717
640,-0.13230349308430422,0.7112687871448804
641,-3.3632226294850542,0.5866908743823263
642,-0.6185078219428796,1.1121485653827348
643,-1.1817508094808977,2.1043247202920043
644,-1.811553557152572,1.832996387390827
645,3.922796372016721,0.9296462971126817
646,0.014186977862080077,0.7861377775349012
647,-3.7152679555301242,1.635736244940516
648,2.7230676081498135,0.6519030782565839
649,-1.737306166147238,0.5526231917767142
650,1.246892903447821,0.27891255814839305
651,2.3636291173992867,0.6183575070281168
652,1.3781250946391121,1.3565106493339862
653,-1.7716252868940578,0.4828364254949278
654,1.6100099353561088,0.23858060702392603
655,-0.64876023522972,-0.08537968972382337
656,-1.946281010848294,0.1692280310767593
657,-0.7282036918282179,0.0617420593900044
658,-0.18822860302357433,-0.1829160304021176
659,-1.935068702613319,0.146711897872969
660,0.6292421144589747,0.23938654427845057
661,-5.386052636624899,2.218838258566506
662,1.9986019177356746,1.0966703157295465
663,-0.5503672343591891,0.6454043409879265
664,0.7581852709640615,0.67106186717395
665,-2.625588713176957,0.8931478094048787
666,0.8724784424549925,0.5583552890501308
667,0.3741211888411384,0.6878769070885199
668,0.15002091866162254,0.7649527806894534
669,-1.3107005519905959,0.2592693908135414
670,-0.3160125437480777,0.35052583699739037
671,-0.37164250474133814,0.20372479289718334
672,-6.930231481334525,4.613862723825645
673,-4.031540381355941,4.796011668476537
674,-2.8988040126938626,6.3893686199242286
675,1.53315785856632,3.2805072166296396
676,-0.06257749494632117,1.4121852537328636
677,0.9135486749106488,0.9480879913797046
678,-1.0372499659432117,0.6593781369050897
679,1.6598313780376936,1.5739084723357264
680,4.729789346104175,1.9254042090867145
681,2.3083575712322397,1.9149141318986578
682,-1.8727476502270504,1.1973464351076903
683,-1.0058720833212857,0.5540505791742478
684,0.6812829989464856,0.4667991618026779
685,1.6077817082986834,0.402662257440606
686,-1.7756269701656064,0.5127656384571673
687,3.1093421595148536,0.6565834965624938
688,0.7817935473909796,1.250078435043346
689,0.3488528195945657,1.1128937935948282
690,-2.0549786376628387,0.809527457111484
691,0.5943997382472155,0.14046848734668643
692,-0.34065653751023595,0.15440975354344166
693,-2.2238103744769657,0.44493442342320433
694,0.4090779511036007,-0.06431217673615411
695,0.19662656946010285,0.06415522500213255
696,3.7145544047217354,0.9667548356432736
697,-2.332096079738258,1.1097236338659933
698,2.112704986456602,1.305016322204787
699,-0.7029575532201395,0.6589191954043573
700,-1.3943526100103274,0.6808646056994336
701,-2.973607346761791,2.003551898236991
702,6.314120696340463,5.416699285349293
703,4.803474118791702,4.781240141103507
704,-8.170801278673984,10.522498652250514
705,1.656957719658178,4.29122946709928
706,1.354870094924933,2.0818783047325393
707,-3.081078615418178,2.2138537480478915
708,-0.43689489033861395,2.151548661708918
709,3.4945687593444865,0.9399404248849831
710,-1.8225345891428995,0.27492847662711123
711,-0.9440613489111184,0.30820494662710735
712,-0.15802354607647887,0.6122227197469292
713,-1.4368430275763915,0.4797271945586172
714,-2.2536805055706326,0.5230391444564868
715,4.1319102947683035,1.4661329666232752
716,1.3126421445052752,0.4684306552909252
717,1.9928015773886805,0.6602048400545868
718,0.038601257613861066,1.070967318785819
719,-1.1258768450868633,0.15969273721996047
720,-0.7587613489166286,0.30533499643238665
721,1.0627509352790174,-0.0893756015297639
722,-1.8177554660860686,0.13376851193629474
723,-0.5528259203925415,0.1229323603756178
724,-0.1475339162400664,-0.15349301354656633
725,0.03590595621651088,-0.0306280198964462
726,-0.18662252971691345,-0.1272258507188595
727,0.6643419882479707,-0.3877738610855484
728,1.8679780829054862,-0.13722187724488
729,1.8116107401139099,-0.08110869313105196
730,-0.9685001017865114,-0.11426737598067022
731,0.1778780943086225,-0.09702027283155693
732,-0.8668321541872188,-0.14411785497578822
733,0.058403023656915846,-0.42463715996448465
734,0.9415009353646172,-0.3459603391562614
735,1.2855190442175144,-0.07956357457358307
736,0.9987103311780842,-0.06581881209940486
737,0.0916809205649178,-0.19814213180314824
738,-0.2786314498720089,-0.17374804204219452
739,-0.8096550582718506,-0.20344303761219906
740,-0.23187671690771705,-0.16515342119276852
741,-1.8310110366181374,0.05074245690157847
742,-0.22906746948132867,-0.04226057750843605
743,1.585977371216572,0.05887981025187686
744,-0.7030671482022159,-0.20682876279588852
745,-0.176847768924472,-0.29269204534214277
746,-1.3528246507996433,-0.1740408307131874
747,1.0172373384255184,-0.1846900963066621
748,2.157773535416578,0.04136406261793228
749,2.884036251615034,0.7029330380402744
750,0.614638303366144,0.488718955797059
751,0.9543894899070987,0.41363143306518013
752,-0.7012765083631269,0.11280778458928918
753,-0.8600934498026032,-0.0977843775757076
754,-0.716018635873975,-0.032442932889080206
755,0.05412881010337147,-0.3693420398719392
756,0.4738930734528445,-0.2329440964769347
757,-1.3974310780145813,-0.1322579983028781
758,0.23856088568750694,-0.34808231477155877
759,0.7303849273492287,-0.4390860586945096
760,0.9522963852489261,-0.3390875305814959
761,-0.13624087982347485,-0.2732088999158289
762,0.22217610334110485,-0.42399323801050065
763,-2.0439466063708824,-0.03367381831683949
764,-0.9703404528102932,-0.034995690629673726
765,0.44113713937045956,-0.36280291045991153
766,0.46485569467696614,-0.3693356398665315
767,-1.8844827806276871,0.22595856520327975
768,-0.2382513978017374,-0.2473386479197766
769,0.347779735764464,-0.264753381757152
770,-0.5824135114694743,-0.3672757275249476
771,0.03596537542689899,-0.3573856512046737
772,0.5025810312647031,-0.3720549032574114
773,-0.26423070873905924,-0.2485845347488953
774,0.3083522122896316,-0.3168530658331645
775,-1.8187410023896247,-0.13170102901110728
776,-0.40672130111305893,-0.038520149636335044
777,1.214011485279603,-0.15990058586333605
778,-0.11003408907133355,-0.2687120409442747
779,0.03795099373632612,-0.31203768381757796
780,-0.8201209822953704,-0.19222884497677517
781,1.2292939852709057,-0.2975374591625527
782,-0.9232014712065516,-0.10629761021078887
783,0.1126086536239765,-0.3814591469614119
784,0.33635616731348766,-0.4826663463032361
785,0.4041842247471235,-0.29179408316486494
786,-0.35143187615126964,-0.4388809123783787
787,0.7666761868187878,-0.2118491555002831
788,1.2015685792151964,-0.18858438854755094
789,1.4622930697955316,0.2803957584125534
790,1.73384721928348,0.39507164769241376
791,-0.3025753786700205,0.24399570924767078
792,-0.615679840692414,0.005955094053441995
793,-0.9731000385328966,-0.07266074259157934
794,0.5415199160645398,-0.2764464624313424
795,0.8101860760997772,0.35862661904792775
796,0.7639391939204083,0.1824116248950497
797,-1.4512585918318406,0.9753723823881258
798,0.32539593917077664,0.38901899552133856
799,0.4489795450797829,0.28829535280824914
800,-1.9456416072984306,0.46062232072249987
801,-1.6779177948696753,0.5946481183395598
802,-2.3880363194139513,0.7827241467199592
803,-0.22685639375772548,0.476718539879088
804,-0.24786539243738245,0.6148736194554422
805,1.1694510844897748,0.06816391237745911
806,-0.48082919909784855,-0.2126181097880498
807,-1.0887948072916407,0.19429115266828895
808,-0.3714690430393732,0.43787805265535473
809,-2.8288089072206057,0.7181382281998739
810,-0.7525765151427166,0.662046788410458
811,-1.9258208835356336,0.9042661779661811
812,-1.9622449444011785,1.3445099045211841
813,2.97792046311616,1.4717955972337848
814,0.25159433701428124,0.5446053832509234
815,-0.850564304049826,0.11519854891797042
816,1.0252166209723448,-0.01477930403734154
817,-0.026412544026181515,0.24889859377350423
818,-0.6082163316956242,0.03601878499970474
819,-2.1723326998615256,0.20424451764149124
820,0.5489379924910341,0.24776277615894526
821,-2.1127226269469412,0.4421598987917122
822,1.0495119744312156,0.4858575083030175
823,0.18335151930695676,-0.1598115641643587
824,-0.6271435456281862,-0.201418954505869
825,2.4274174406413285,-0.12796807977466895
826,-0.272313421655229,-0.24484629357517035
827,-0.6953211570931965,-0.29248762967659464
828,-0.7439300649489511,-0.11092470385379644
829,1.2099214392334274,-0.3770801978012166
830,0.1974208051649287,-0.5419553050045903
831,-1.527348540002816,-0.11457648897171491
832,-0.41325575071062465,-0.1291766196695695
833,-0.7082703439243031,0.03201720665179022
834,0.8824860428728551,-0.31789260684283027
835,-0.9362292940175372,-0.20021970399646782
836,-0.5578306741434352,-0.1543383143852105
837,0.1171836502426938,-0.4032759523124875
838,0.06896387373766603,-0.3013259898240958
839,1.071136087825617,0.5118101564637515
840,0.05093862631365325,0.14099682329114632
841,-0.4639055146819446,-0.048345490819813014
842,-0.6267670380518754,-0.07212871374308846
843,-5.490837789042234,1.8250535869143092
844,-3.0516941072148547,3.044626419375529
845,4.003213529433326,1.881309860189472
846,2.385154856315548,0.9670872059831217
847,1.0738129130258476,0.8143813990720722
848,-1.5110300329305462,0.5552622879668742
849,-0.9591950421569949,0.1391339465831619
850,-0.09139054681542043,0.2041224374516681
851,0.20066704765659063,-0.03229623961249857
852,-1.3805212151985202,-0.040540946281872825
853,-0.46096641704496216,-0.053564510451392225
854,-0.4622409831553724,0.04354652523493678
855,3.0905309782065142,0.8489382163067831
856,-0.4693642164658145,0.32726856775561325
857,3.3888087852289988,1.1863054682449254
858,-0.6956300853942905,0.31790062146504644
859,0.3857772496005103,-0.04567408369038406
860,0.9486557761902452,-0.05856463430241689
861,-0.37626974685103226,-0.06501109488078102
862,0.49548119008957925,-0.233496848309647
863,2.4003975630620866,0.25979952478848856
864,-1.739302641446116,0.022746870612789932
865,0.8712637868100894,-0.26088646269763655
866,-1.2012529805231615,0.05785860893100702
867,4.178205508581943,1.7881186045321975
868,0.09913352655217804,0.2961876873886741
869,0.9751268650413255,0.2812238095346883
870,-0.87785668260524,0.04947636810030478
871,-1.1579616205129581,0.20865460832577126
872,-0.027714766050327428,-0.23702496461379136
873,-0.3162311139683424,-0.085754605542923
874,0.4727855554685502,-0.2508391134142507
875,0.1624264269694623,-0.4339707938534774
876,-0.5772258443538227,-0.3341562991946483
877,0.4808430910358885,-0.38095224262837246
878,0.1332351270268059,-0.4007385254111396
879,0.20807661684398382,-0.32759366210544316
880,-1.0133765512994422,-0.28613522727525986
881,-0.47882672981050495,-0.2280426555102114
882,0.6869889281984832,-0.05720325521410051
883,-3.3126925695481457,3.219402983315122
884,-0.1359896763713352,0.4178294223848816
885,-2.920465143808037,0.8058238539252522
886,1.028158321530769,0.7379828414313696
887,1.0961472543034636,0.014664217901951063
888,-1.0159385987079463,0.09591681250314563
889,0.8793871913628586,-0.057632208161664616
890,1.348105981496756,0.3282621161555745
891,0.6163509612232256,0.40663584704199984
892,-0.702818981136382,-0.14348305882637186
893,2.79704100772165,2.09893612424257
894,0.9145353112671787,0.6007165597663471
895,-1.3775458673184426,1.096827414459986
896,1.2085034052306407,0.36726923295346237
897,-0.495808710464159,0.44580039165077096
898,-2.2065447836321566,0.7866595025602884
899,1.8151271518331795,0.23493312343424488
900,0.0706551804063455,0.0001622226196609372
901,-1.1287209936028275,0.06822752274295815
902,0.6341909773118284,-0.10410536171876505
903,2.1989214767584886,-0.10082145737687923
904,-0.7190492299216152,-0.17648602247357337
905,1.283393351388769,-0.03914659011255081
906,1.7354310568512201,0.4760151860428208
907,0.5855434650388002,0.889441512316589
908,8.639243652625556,10.498248549876902
909,1.4284749296975285,5.498427032126501
910,5.9061570748449,3.606099582071071
911,0.020411898805338353,2.9560395067143297
912,0.487437406510346,2.6160700587645143
913,-1.729521067732758,1.5756490662100648
914,-1.0699637244925484,1.0619452517566819
915,1.412869864013706,0.819145738882398
916,0.3952757635656856,0.6434003278641874
917,-0.4186767975511962,0.18995605526142761
918,0.0051594851350480935,0.34623249820188096
919,-0.1688671864248489,0.05235479511945928
920,-0.37900506813394785,-0.159053139704098
921,1.7556997521344013,0.09339272012390647
922,1.4505336588625872,0.7483860677136939
923,1.1381712685959857,0.8260933245987411
924,-0.5658419794341831,0.6648620841282971
925,-1.2597445838672205,0.5806709675777614
926,1.106513830783293,0.03784696418082705
927,-0.31191590732798974,0.011809388911755023
928,0.36908371744941043,-0.2402920005931542
929,-1.2270599112587743,0.029403633172887675
930,0.05426537449942292,-0.31559814286785
931,-0.4618167587414499,-0.20381079854782685
932,-0.46648586560375854,-0.03747610029944015
933,-0.051830382736334696,-0.28592842108247646
934,-0.5048345298192272,-0.21829066325059954
935,-0.7959896900934966,0.20886356471014686
936,-0.4679119327129062,-0.03355995092992407
937,-1.38658437940497,0.2113312763744092
938,1.1943816391969213,-0.15015131313324637
939,0.12769658324360783,0.005386446669499029
940,-0.5629175119403295,-0.22658988518281326
941,-0.17695572848936011,-0.09852618207271635
942,-0.12135650290849938,-0.354662543929002
943,0.9880560694326799,-0.28476630857410423
944,-0.22350812891688934,-0.22636566987687323
945,-0.4413803288784803,-0.37243482002179495
946,-0.5909123141457673,-0.0990543212003866
947,-2.70896504491695,0.5414410624011594
948,-0.599177686439453,0.4770972795813155
949,0.6051597282943186,-0.25671797338645547
950,0.3123210515040341,-0.3240236062067423
951,-0.2818667368159121,-0.22484991598842408
952,-0.40869082862335815,-0.3820469453832895
953,0.8943218000955715,-0.3683867115555321
954,0.9107867045642744,-0.3124318091643459
955,0.5887357367228347,-0.25194496339490885
956,0.650924655235555,-0.24257475191785804
957,-0.0006093751992452641,-0.296607452167508
958,-0.13340286667592707,-0.34560653748758463
959,0.6025522027819017,-0.30075051938758185
960,-0.5088582313878337,-0.36452410970455973
961,-0.7322188610015669,-0.24387947744206956
962,0.7448184022230353,-0.24290406062623277
963,0.009562281870896482,-0.3349395018174197
964,-0.7411133477391569,-0.22629540602584558
965,-1.360340263318238,0.43862444601741013
966,0.14933627499511087,-0.28890128282933286
967,0.5861892712473101,-0.1087640147745299
968,-0.1631682411037514,-0.3279445237959542
969,-0.6321501019586878,-0.24779582722526855
970,-0.20419409771783592,-0.30135318783811144
971,-0.09912358070263623,-0.3985787109252039
972,0.773848980768588,-0.19632799879926222
973,-0.05899974432457103,-0.1729484414835934
974,0.8044491317871156,-0.2941302971320325
975,-0.09001264574557921,-0.27724471791174976
976,-1.098163550076215,-0.05086825204298184
977,-0.5172009933670694,-0.17753489891180047
978,0.8998844315906568,-0.15493513972514314
979,-1.2077125595630978,0.02570852549286312
980,0.24970525523568027,-0.33686355923718364
981,0.8579904526186309,-0.2052943685193948
982,0.23068475305507277,-0.26853919668282256
983,-0.4447416565419323,0.5788085649963718
984,1.997838772682605,0.31511294741663365
985,-0.9427843817630752,2.255341129381637
986,-0.8245877983973097,0.3126814790119753
987,-0.45248586997991297,-0.1250745654650448
988,0.9312793713836521,-0.17414900155070384
989,-3.960735547443014,1.6123341171583525
990,0.28393208431262623,0.3939960729841103
991,0.5274740822761983,0.5149161633116432
992,1.0731028358856232,0.09313518407054432
993,1.2279938577836402,0.2597935531741108
994,-1.6521139965029359,0.18402979056237434
995,-2.234967410175208,0.4537275290404366
996,-2.7143277639880843,1.094563850045693
997,-3.1306888305219815,2.4097899409568275
998,-1.0338429098043123,1.6574523511016204
999,0.9151464562410482,0.8133876158917039
1000,-0.5750140277836203,0.540234189402168
1001,1.3489627845079397,0.3759887476681092
1002,0.8303173275152423,0.01219560421408862
1003,-1.8140789505582058,0.6638705343846544
1004,1.2057616070945156,0.10982279209323478
1005,0.3860329368163123,-0.1537359383598186
1006,0.025225171717180635,-0.1603385426351616
1007,-0.08898988704467904,-0.21024739735321984
1008,1.8438648846455044,-0.1437416352478698
1009,0.2541444726802888,-0.22123513597001926
1010,-0.5038054300326329,-0.21845294798834225
1011,0.14475547408144038,-0.3785677958167028
1012,-0.8357438488943374,-0.2123484382509606
1013,0.05899356392952159,-0.3720695617518568
1014,1.1107743580769898,-0.08158829599934375
1015,1.0448098982853458,-0.11549664047717179
1016,-0.987082464750691,-0.1949136708540372
1017,1.1311700750402163,-0.25023110576231977
1018,0.23890089035442402,-0.32259462958904345
1019,-0.3063268653454569,-0.3278454865216004
1020,-0.20276511610898998,-0.4010525549322172
1021,0.16762678493776098,-0.4785159797761692
1022,-0.42048343662834375,-0.5248174873328695
1023,0.2915427647871627,-0.40550324559029904
1024,0.03203221079893461,-0.5325467171189358
1025,0.8389849318549445,-0.41881541958210944
1026,-0.765193811581278,-0.42237147806474246
1027,-0.5803978321471289,-0.37942323801617456
1028,-0.15410716236072852,-0.36580168911456956
1029,0.6726921483966803,-0.43620922032143983
1030,-0.17903008380731494,-0.38588145459297574
1031,0.703645628463143,-0.21516064030709664
1032,-0.8696784513875608,-0.26236299814627445
1033,-0.08401557390602328,-0.3357116568544341
1034,-1.2283316091249055,0.11398898058875927
1035,1.6011046734885401,0.014410485260862478
1036,0.365507647157125,-0.26759555899842274
1037,0.6495193913086349,-0.08643649989317564
1038,1.9272150653566835,0.2733707194487416
1039,-0.7224991145616312,-0.24061528291480172
1040,1.6814666396852205,-0.028948190358094372
1041,-1.0749956330767747,0.08942680396037263
1042,-0.49012859817136123,-0.27960334754839694
1043,0.6758632921390716,-0.2954045553317506
1044,0.5613288087202144,-0.32896263873839326
1045,0.3864916418111675,-0.16220740378996085
1046,-0.06607413185425726,-0.3467621596965416
1047,0.5087203176743701,-0.35425517520730715
1048,0.05079668646134378,-0.3566066718635096
1049,-0.6541604000968524,-0.3186305418386894
1050,0.28998619801850645,-0.50395508851397
1051,-0.9264596268427636,-0.16103103487276998
1052,0.616311593086121,-0.3950501906277566
1053,-0.25124656238584603,-0.3737426593704198
1054,0.5752444280465417,-0.3778655260923931
1055,1.4607357852123262,0.16426164849036734
1056,-0.5574717426197114,-0.10379387421908715
1057,0.3111847284188564,-0.2856918273153352
1058,-0.27559193586998326,-0.27009322094474614
1059,-0.37236549528293234,-0.3321864976281864
1060,-0.5914995957000544,-0.25597242888961613
1061,1.4866153717254627,-0.13575191434711165
1062,-0.5156628799343489,-0.20862831472510074
1063,0.1061009583393544,1.0807662543053338
1064,-0.47647756981127737,-0.1670310313217791
1065,0.7059147440064952,-0.2581837919579842
1066,0.044549862278348916,-0.19675890699726412
1067,-0.5296651586404437,-0.29122688325296886
1068,1.666357713539918,0.0893799491436721
1069,0.5078853310275172,0.2109741010201351
1070,0.6861740135289836,0.07504398879182399
1071,-0.44952897890770344,-0.15440617209917024
1072,1.1820164892970586,0.2671436116893761
1073,-0.08360375550167634,0.344665497503458
1074,0.07206639882590085,-0.1142198450767834
1075,-0.518491995901974,-0.16102349480653638
1076,-0.6605775793943721,0.038529144848330775
1077,-0.22671177529616285,0.009550549426552632
1078,-0.31217297639130803,-0.18242362270903212
1079,-0.4537009791592723,-0.08842530535968146
1080,0.7539393325654365,-0.301001985771898
1081,0.25426904883796586,0.16745261548082346
1082,-0.6346621923364488,-0.0841665322902945
1083,-0.5676124765157183,0.009683624179177786
1084,0.4127846623339991,-0.14464754566344706
1085,2.7099335606945147,0.8685197921813883
1086,-0.038067397670842024,0.3026335334811768
1087,-0.9572547040347967,1.360020467703003
1088,-3.1513662806111196,1.2381668376011628
1089,1.7258577617035609,0.11846995113926219
1090,-0.3424237720336451,-0.011180225319084025
1091,-0.22512834098223214,0.1625075183343947
1092,0.7714113082755889,-0.18686638719354876
1093,1.0047011839676427,-0.02515135879297256
1094,-0.04609823844042673,-0.2241341439025708
1095,-0.8746141561115219,-0.1924956051707299
1096,0.06805317991161808,-0.30189381637155066
1097,2.0661950565319,0.03208843186284975
1098,-0.6701031115066723,-0.003521900981585037
1099,0.5496899131689338,-0.2680795225179683
1100,-0.13773039330036219,-0.14318077509235572
1101,2.9438469199374286,0.3339851394493149
1102,-0.189143873271248,0.4696641169195051
1103,0.3019662146119129,0.11994005237638701
1104,0.16466477704060584,-0.03821097135711138
1105,-0.4824967277748076,-0.24895624900869867
1106,-1.1635623048024621,-0.07390846170600532
1107,0.9390177532905972,-0.2438679615524243
1108,-0.4766355344151025,-0.22692186364245615
1109,0.17189783474654688,-0.4832389733739211
1110,-0.029682781745206357,-0.394759560331383
1111,-0.2938650105393372,-0.4621204405259278
1112,0.7906561448891352,-0.46419482439317683
1113,0.26738089245130514,-0.14359518448048997
1114,-0.366136160299714,-0.4347689932356041
1115,0.3679949287031297,-0.4790167894709375
1116,-0.1512662532419923,-0.2717377123999767
1117,-0.7123405322682017,-0.11348022188279366
1118,0.01707813416925774,-0.4899371166836939
1119,-0.22663894993418182,-0.4040416709928686
1120,-0.10548640017921586,-0.4600753900852653
1121,-0.3759261403670437,-0.4744885041505955
1122,0.0071413984471924005,-0.5099473628175716
1123,-0.705701443149746,-0.47577960661338825
1124,-0.37408824594571677,-0.462701740631406
1125,0.715173704319635,-0.48819479861261783
1126,0.006434177184083039,-0.44957542880340295
1127,-0.582528142926863,-0.4166576932843443
1128,0.43622061849939037,-0.45674884584346476
1129,0.44705500012592175,-0.4607152226330171
1130,-0.623306401620182,-0.46155994930155564
1131,-0.025826991318623767,-0.45911108971230985
1132,-0.6838695030622861,-0.2884941196491435
1133,0.5225676168389212,-0.5147242926253898
1134,-0.20583555427367836,-0.5290197032053063
1135,-0.3268759188653562,-0.5063277728017062
1136,0.2502326411663676,-0.5466626411159093
1137,0.0015647241806287472,-0.5347539633751185
1138,-1.5358777378673287,-0.13675052719870684
1139,0.6098795251540045,-0.4130214152919935
1140,0.41642269107436014,-0.5311511505904527
1141,0.3840752075284145,-0.4828670310518207
1142,-0.3536534368849599,-0.45198023656340097
1143,-0.1132852566572078,-0.5339446470960679
1144,1.1487369410136623,-0.39691160814495663
1145,-0.09063012606998311,-0.17236176630915956
1146,0.49738719121809266,-0.4546618216655125
1147,0.44693887920816483,-0.4460173465082596
1148,0.17893749523694527,-0.4012679468071204
1149,0.061024172575092926,-0.5007748489063535
1150,-0.01126541859832329,-0.5553497132555499
1151,0.8669846918160876,-0.289650328037273
1152,0.1774912799129276,-0.402377723030501
1153,0.44354075544605204,-0.3787004779624492
1154,-0.5823125972910823,-0.30526251345366345
1155,0.3169702306598378,-0.39511870068627647
1156,-0.04016621286667366,-0.43153342833020497
1157,0.5918090908852788,-0.23844933834776938
1158,-0.011233541739829392,-0.33699387327792835
1159,1.408426515270058,-0.15677373795339827
1160,-1.667723763777485,-0.010768510079651794
1161,0.1469510074400801,-0.23603439829307699
1162,-0.21733704715674146,-0.3539092463795263
1163,-0.32777433493389335,-0.38561800867193624
1164,0.10648716776871654,-0.496267193383929
1165,0.5076963053250688,-0.5293270544325268
1166,-0.10788053067338217,-0.5116928336171397
1167,-0.17048854281169207,-0.497003796915062
1168,-0.01106493886363753,-0.480127100227411
1169,-0.7557845473546718,-0.3673647710066176
1170,0.4560923934801384,-0.5399359847967835
1171,0.4454390799552931,-0.5001456575667994
1172,0.22591643880183204,-0.41935759044434356
1173,-0.35087535395695935,-0.46118293153172507
1174,0.04539278364264883,-0.5956856395521929
1175,0.5535878858366877,-0.47189495362801503
1176,0.24053975324941884,-0.47133338100606703
1177,0.3751685204641805,-0.36348445497793597
1178,0.14122666463159225,-0.49236388054726776
1179,1.1368677102106008,0.013414952873324747
1180,-0.3107356974475886,0.06313560742393776
1181,1.338033726360514,0.4500391718450485
1182,1.3847650580701223,1.0763900589810187
1183,0.3554437348649319,0.7301058747198688
1184,1.4555604965765998,1.063523780498314
1185,0.03215080705114933,1.048135998662655
1186,-0.14226737523830485,0.07577075182544982
1187,-0.5872905374417438,0.2144419165298183
1188,1.664455083791548,0.19971934412658277
1189,0.5326976746312336,0.22497218209426204
1190,-1.1848652529209616,-0.027824487847698864
1191,-0.43337736205977295,-0.038380275294078864
1192,0.38160461834796905,-0.3470042356696035
1193,-1.13609827875351,0.004026636616870839
1194,-0.03751055888330198,-0.1244398492377905
1195,-1.0419192032919538,-0.12924318044091415
1196,0.46979780446544955,-0.2608997674127973
1197,0.7200122841436146,-0.33293965536603276
1198,-0.4175948017526057,-0.4029333979580248
1199,0.4430193646379737,-0.46628952164625737
1200,0.7120958218661497,-0.39546511307190996
1201,0.21365447316644942,-0.5263405957722439
1202,0.4586215323856784,-0.34553761256442994
1203,-0.24711680094154967,-0.33954812419516556
1204,-0.3249083354089276,-0.30447612472251157
1205,-0.3214314251098882,-0.3805929716679366
1206,0.18005823544631863,-0.507083788630434
1207,0.5969198588979091,-0.3555265226853075
1208,0.45379082265714715,-0.4868747691823815
1209,1.9829721010385482,0.12360262317325216
1210,-0.8499976783888261,-0.000945924268637599
1211,-0.4036813651873398,-0.15569832421177213
1212,0.03431814463107416,-0.3493672094980628
1213,0.3407208176100913,-0.4243683507502951
1214,-0.3061344138482554,-0.4039622810382793
1215,0.6119679729758855,-0.4629849685854157
1216,-0.10001936332567053,-0.46979271668520917
1217,0.20225421218995704,-0.5273599421483763
1218,-0.7077395017169017,-0.5050977489522266
1219,-0.4407648958896705,-0.369670455579023
1220,-0.05756017651366783,-0.45873710188215666
1221,0.12958107980385936,-0.5322148152635802
1222,-0.027048023632390023,-0.5065264542387103
1223,0.5865008054884575,-0.4907435317206178
1224,-1.1114574164704079,-0.24706594769637102
1225,0.3705413834666897,-0.35262397667508116
1226,0.6856994473921726,-0.37006503451640155
1227,0.6234877957684973,-0.33508645230303263
1228,0.0054310102897166404,-0.35197808148458526
1229,-0.6053862574995074,-0.07434505818008716
1230,-2.057739479014181,0.26063346353015815
1231,-0.2582061251197633,-0.2364536738567785
1232,-0.8295086458000663,0.03323170428099339
1233,0.9221638814172334,-0.2961499281304004
1234,0.5097021868970996,-0.11841016203354976
1235,0.10417753630055669,-0.28413942525514274
1236,-0.45813476078481014,-0.30524614838564595
1237,0.6373856902584757,-0.42194923163681486
1238,0.0774873072703595,-0.41276770421037307
1239,-1.0367684993720998,-0.27044796280969435
1240,-0.24164019626729327,-0.4002695563436197
1241,-0.7947485057448418,0.18556375751871418
1242,-0.84011944988077,0.4697879330683867
1243,-0.8395935059040127,0.1524701731590642
1244,0.9441682604500826,-0.1442923438515455
1245,0.3906410068958728,-0.24572005402028024
1246,-0.727986092107515,-0.2997311530859155
1247,0.447643202125767,-0.46242110061157016
1248,0.19211031513709573,-0.4464812621708937
1249,0.17159739570077223,-0.4759183507118925
1250,-0.4894844487747112,-0.421170955120732
1251,0.6374414622356737,-0.5022338577574121
1252,-0.34642072936376284,-0.46026708815098016
1253,-0.8247662567237334,-0.2959521530438208
1254,0.000614080310083801,-0.5430101739154991
1255,-0.5451338477544405,-0.2307426652077192
1256,1.2033496930181298,-0.38883772006578926
1257,0.1320098674930163,-0.3813364181297354
1258,0.6080702814673223,-0.34458357470171763
1259,-0.2286408316673172,-0.41433433145627135
1260,0.8874095955091025,-0.37539003305176294
1261,0.3905431299370993,-0.38114973515907113
1262,0.5539512294233896,-0.15375930909444682
1263,-0.5659550786059924,-0.36124700433958873
1264,-0.9120987625731068,-0.25689415986786474
1265,0.12303319717673188,-0.4371408776510588
1266,0.474089902888875,-0.4069392146510651
1267,-0.046409406767083654,-0.2642436176934366
1268,-1.0165818173234618,-0.005604428833148947
1269,-0.35405941139584,-0.38295672985805523
1270,0.2162875227952748,-0.32488035522804254
1271,0.4005089030268011,-0.37597824604470065
1272,-1.329700805467604,-0.07904009509706728
1273,0.25421136392819277,-0.41553933945172505
1274,0.3183673327804342,-0.49505555499458376
1275,0.39419048114549665,-0.4517942908862481
1276,-2.244616955521912,0.40104579217239283
1277,-1.2813417222626322,0.29805976474915086
1278,-0.9246298351762239,0.6732654311730732
1279,0.6457802644186551,0.19229390388627715
1280,0.24400265098308382,-0.27467897889414034
1281,0.6444105320915491,-0.2448254159324174
1282,0.20025250881708753,-0.35150952386374607
1283,-0.9235485484410804,-0.16893515878711626
1284,-0.020946518326169145,-0.35326467989969534
1285,-0.14773897992620744,-0.376526521655645
1286,0.5886755929067592,-0.48647593754676055
1287,0.8599392111952813,-0.29920370376276473
1288,0.830633531106746,-0.10160519033860863
1289,-0.4867133740984466,-0.26340147191653596
1290,0.2355084221844629,-0.4833262817213154
1291,1.029797427430834,-0.34707662125035676
1292,1.0686674273247587,0.36053634253606887
1293,0.6428218791120309,-0.15079147385509772
1294,0.09002228582335997,-0.19874331462054928
1295,0.2486692900925649,-0.2679922307401988
1296,-0.7631363460140986,-0.2999410042839735
1297,1.040630608157142,-0.33581550847419983
1298,-0.6795919916723319,-0.3744053636654403
1299,-1.0761569689914585,-0.11453429378546362
1300,-0.3049166415452849,-0.3468087221527344
1301,-4.756579038955311,1.7167767713605349
1302,1.3687818715687803,0.27593291196265113
1303,1.3876775486629904,0.12633306160563137
1304,-0.30469022910152604,-0.25386630126896775
1305,-2.6812747801210204,0.5367086965286517
1306,0.22628549503696646,-0.17649501327754152
1307,-0.3903662705677554,0.021678846536837444
1308,0.6871598757610432,-0.30927479807206665
1309,-1.5932729248162523,-0.02333773570151597
1310,1.4434872429964214,-0.27016433635723114
1311,-0.7797591203588292,-0.012822368053527003
1312,0.3371322812994591,-0.3352249072244371
1313,-0.6397618571006761,-0.2534084970436935
1314,0.03595474708182937,-0.4844601606906771
1315,0.8808613431112782,-0.24808343571826874
1316,0.38694215480619604,-0.4836419394540228
1317,-0.6737676476055983,-0.3372594605070135
1318,1.0248740042798183,-0.1998608280098972
1319,1.6346546101347956,-0.25649924982941275
1320,2.947043817237049,0.9473975615057463
1321,-0.13221952075505294,-0.04546723721725032
1322,-1.7379409430886998,0.19396707382301903
1323,0.3280607712485192,-0.1438259634050679
1324,0.4197068313470954,-0.41186659178308527
1325,-0.30486227515485215,-0.21985157429020663
1326,-0.751965655450835,-0.1714189376728886
1327,0.5049276893547141,-0.3606469103084783
1328,2.5557535581677304,0.09540813624385514
1329,0.6087308210487343,1.1314597069789416
1330,-0.6346507026429054,0.397476118690625
1331,-1.2199815692994795,0.5163579442448797
1332,-0.15801319066882466,-0.06141058502253832
1333,-0.07408015283518918,-0.28080236709909895
1334,-0.4539146043997759,-0.3973015485879194
1335,-0.21622617950621045,-0.24165008537199734
1336,1.3881822471742349,-0.21435739994274916
1337,0.6255971409984482,-0.24888964097049354
1338,-0.30700033086128975,-0.20511442731682156
1339,-0.46331654743227607,-0.2384707297259226
1340,0.017976550072217927,-0.44621821056653943
1341,-1.459800675336249,-0.14309654500454816
1342,0.6912576790433301,-0.3965336625918328
1343,-0.7322589873474609,-0.19546821954563837
1344,-0.3383196773259846,-0.4245108586643823
1345,0.5845543665433348,-0.44172195544496895
1346,-0.20393199533666997,-0.4031680423328195
1347,-1.3009429323347204,0.08595509833771356
1348,0.8570916206507572,-0.19146816129017485
1349,0.005277804822393904,-0.4091055614661215
1350,0.7179717165258929,-0.45924011670416465
1351,-0.34115720927192456,-0.3625123977491894
1352,0.4426836783352843,-0.4852707047473699
1353,0.7809473408333004,-0.4201248903215345
1354,-0.26284272017073224,-0.34926343674742844
1355,0.40053328081994366,-0.45779743248125626
1356,-1.4257848504601136,-0.19117881120569735
1357,-0.5887935284265389,-0.33717500377687615
1358,0.4095140285254223,-0.37950393836206264
1359,0.1056923979524209,-0.33504528418635404
1360,1.054540314612131,-0.3276274242707792
1361,0.9623063321288229,-0.18813498993136793
1362,-0.20090100280036555,-0.253767459662274
1363,0.4977615161071392,-0.26979487287053733
1364,-0.07424376400330043,-0.2589169213664695
1365,0.029438912897907735,-0.3965901581055135
1366,0.49756181846955644,-0.46274128143338233
1367,-0.6406627460320323,-0.07819305879247433
1368,0.798321070530636,-0.25996981242630535
1369,0.1156614720238718,-0.28000427027496544
1370,0.020737103887344083,-0.3473059336990121
1371,-0.16528533499745407,-0.2988933975255484
1372,-0.5852723255217466,-0.291470153247161
1373,-2.5249578351839057,0.6513357496951245
1374,-0.17165157121666366,0.03831718614715668
1375,0.6780891162984506,-0.14609640440203409
1376,1.4126810029462982,-0.1063666252723367
1377,1.4563160747244612,0.46669265049830466
1378,-0.09067182965420288,0.34223049184646254
1379,-2.913085656446876,0.7642092311177823
1380,-0.3888831496050848,0.18585493604363118
1381,-1.0338979089355487,0.5475559603790554
1382,-0.8872049418550293,0.41160657992064664
1383,-0.16865971622422696,-0.08107097113127226
1384,0.08880538634382064,-0.19663360603670252
1385,1.5883853532521408,-0.10750850541769535
1386,-1.2714909326038992,-0.11206446975187276
1387,0.596076653013596,-0.06897055799624292
1388,0.6275320076892255,-0.3531775218533801
1389,-0.10772578382949573,-0.431693345952929
1390,0.9629128650352883,-0.397748364938288
1391,0.23178106862934153,-0.331178306453417
1392,-0.2649029600663255,-0.41928447668220414
1393,-0.007612289240887144,-0.4776407145893693
1394,0.34249235919108056,-0.44186339135307456
1395,0.4940224312502212,-0.25327222471095245
1396,-0.29014370930889805,-0.407374571869613
1397,0.13174561091805828,-0.39282671592906715
1398,-0.5444920314426109,-0.27360632526855627
1399,-0.3141243999728962,-0.2933757348064889
1400,-0.8488633252418577,-0.2920326105748154
1401,0.06676414577746115,-0.4777031551323022
1402,0.5807038717987519,-0.4824656183766959
1403,0.1304386834670656,-0.4585156143918766
1404,-0.6411028707822228,-0.39331759221165863
1405,-0.8660889420213777,-0.20372737734967408
1406,0.7494670969351283,-0.5082320885099678
1407,-0.48411981446496666,-0.3761721312132342
1408,-0.34217253142514326,-0.45210073355889874
1409,0.5774334555201229,-0.5124257434403167
1410,-0.469543693832176,-0.5111367002613624
1411,0.33476158749308427,-0.44873808975347634
1412,-0.055047661230490576,-0.4691724929089931
1413,-0.7244735611386828,-0.4027574177472966
1414,0.43689697747408357,-0.4819517247168298
1415,-0.7941194268473591,-0.2357804233306529
1416,0.7738434994188821,-0.42610334892043483
1417,0.6902994746280151,-0.42728518170506713
1418,0.16111897453672053,-0.4053083133355401
1419,-1.275140729321487,-0.24645191080297946
1420,1.3691049377881672,-0.35148106251728023
1421,0.23739529731838177,-0.31704088000256436
1422,0.12775793285200732,-0.434144999161779
1423,0.4734883986793071,-0.4251648828658256
1424,-1.4179591694047604,-0.18341618321586736
1425,-0.01690969514164149,-0.4083173802329983
1426,1.283287173243242,-0.3218259168958658
1427,-0.27558036252833473,-0.22422832277723487
1428,0.508104946549313,-0.40925285856168764
1429,0.3387433997364195,-0.35233544824747204
1430,0.4103095512594945,-0.4546096358915377
1431,-0.5846513051576026,-0.39160778014963393
1432,-0.47625911038546614,-0.4155535727621815
1433,0.6572206481333674,-0.5284722744637836
1434,0.7464962815720816,-0.2673803480236885
1435,0.3818464096655846,-0.28318442196765725
1436,-0.39157599076497845,-0.2676981199520682
1437,0.7384933841322837,-0.16099264109599104
1438,-0.8594892229620921,-0.26929421746639326
1439,-0.32651830162156786,-0.24122945243575872
1440,0.09219343034667872,-0.4478464682866248
1441,-0.052007192247122656,-0.5464939715318423
1442,-0.525724251902232,-0.48583381159716277
1443,0.702208440921808,-0.5195088363468289
1444,0.6872042404440255,-0.4572329575098312
1445,-0.06353217491296344,-0.4109769033684426
1446,0.04545143051235572,-0.5079839211433841
1447,0.6514044866651356,-0.12996620008387177
1448,-0.24080567071203976,-0.3324927608497801
1449,-0.07958562694381291,-0.30076562146168234
1450,-0.05067418353576517,-0.36736513043265534
1451,0.48518301352844767,-0.30540427891290783
1452,-0.05746080868899397,-0.3604463566878158
1453,-0.5700199904392217,-0.31451421179760497
1454,0.7044976529159651,-0.29077326601929376
1455,-0.8386662215573789,-0.21546903228956243
1456,-0.1936844784777208,-0.30113276326595195
1457,-0.9500818173753649,-0.08593440618326953
1458,0.5915560017472303,-0.3118412044429851
1459,-0.3300665397510421,-0.32738214585447645
1460,0.04454116682956749,-0.387472713638903
1461,-0.0663088705350423,-0.41639313971220626
1462,0.11112912936530307,-0.4501880892024656
1463,0.46194277627515834,-0.4915162341932586
1464,-1.0356025205462391,-0.11557951037913808
1465,0.2722611074986549,-0.46708379748534645
1466,0.9551892906904835,-0.4400354505242589
1467,0.0155975247280167,-0.32546337281253895
1468,0.25287076110800627,-0.4503503351514462
1469,1.0645247990950593,0.4541778517656316
1470,-1.8473414227347102,1.1653452098416461
1471,0.3531904180232706,0.2688880904027754
1472,-3.139828973565642,1.1039656298686142
1473,1.2640048691633454,0.08520311727866212
1474,-0.5764960653512161,-0.02149909524606318
1475,0.34109675132423856,-0.14450358267762534
1476,-0.11234737760191822,-0.371149901623301
1477,-1.2897537048199426,-0.041616707480661014
1478,-0.047544211716745305,0.022109511825915924
1479,0.32229597432603535,-0.28555995504409615
1480,0.307034122853049,-0.3824389276142057
1481,-0.22083857160069148,-0.5205606681419803
1482,-0.6369611971975904,-0.4484619810505701
1483,0.580653021758299,-0.46856024182227396
1484,-1.2791192465213856,-0.21152063807511734
1485,0.520868741202831,-0.3677420344388938
1486,-0.9334253843003959,-0.06144985681423479
1487,-0.010633310292355577,-0.28597062613020163
1488,-0.6132439218258392,-0.13954954643686318
1489,0.7171355765927881,-0.428287364835334
1490,-0.5800894079784575,-0.3549891603278556
1491,0.049519082492877654,-0.2899174057343194
1492,-0.36961534519167677,-0.33736426383105234
1493,0.08272333671638071,-0.5040034592460835
1494,-0.2031096536294807,-0.38541512284566776
1495,0.618474215374219,-0.48659090905741986
1496,-0.4778359123401445,-0.3975444508556348
1497,0.052636565358050856,-0.5039337695095424
1498,-0.4451142688520716,-0.23078765656749395
1499,0.03815877816143525,-0.45129388207852983
1500,0.37086390736030345,-0.44549898270648375
1501,0.3017366498565443,-0.48557495744538304
1502,0.012682742274817839,-0.5714869042387759
1503,-1.039742399115065,-0.17984093671709714
1504,-0.20127860786937374,-0.35610193052999145
1505,0.022310781691899647,-0.3824032822281589
1506,-0.4433128676459489,-0.1490679022123631
1507,-0.08296137317048743,-0.42112226217195164
1508,-0.031120078699990974,-0.4611060291493603
1509,-0.6414752522277833,-0.051517973159499936
1510,-0.012035533847089625,-0.3181141339924379
1511,-1.1253263076194882,0.12563669130240424
1512,1.225187645268916,-0.08715022752887425
1513,-0.6137163622701619,-0.3447461936739702
1514,-0.8289429385828926,-0.18538303916048857
1515,0.8857259777317419,-0.2905840774186898
1516,1.1738719510665965,-0.29142867433637387
1517,-0.3375503475661389,-0.21251115788589037
1518,0.6364714479747722,-0.34427207397476667
1519,0.507040746818358,-0.35994712267087686
1520,0.10964224322897911,-0.35206321899435084
1521,-0.7212072478541022,-0.4207027775674878
1522,0.718731884542899,-0.4754081305187542
1523,0.2905047872523626,-0.48384809633939396
1524,-0.44088058129210084,-0.4930016395537704
1525,-0.2864676395001337,-0.5148463735083668
1526,-0.19008065693862597,-0.5504527854991285
1527,-0.058631972282047716,-0.5199869761844406
1528,-0.5977692705774666,-0.38946797845951187
1529,-0.4583905415231539,-0.24765828564955705
1530,0.730569772454084,-0.44506128774239506
1531,0.58778842211744,-0.37824900611375134
1532,-1.9147423395351446,0.2575731402240598
1533,0.32502295521567165,-0.29506102044028437
1534,-0.3174763626048752,-0.32385612868914543
1535,0.526844282402364,-0.39759673679892354
1536,-0.14072431752302883,-0.40145729519821394
1537,0.3437292581318381,-0.3666458563371733
1538,0.10907608094141878,-0.3329372182017679
1539,-0.4407921015915928,-0.40631319901853324
1540,-0.7918039783869265,-0.3699645276785759
1541,0.11490283465906564,-0.49139247548194953
1542,-0.3190054862626695,-0.4362924698155519
1543,-1.0093076674407584,-0.11167832861295765
1544,1.5219842674966377,-0.23593666377767075
1545,1.3678067369753795,0.028917062908033357
1546,-0.5958552151010065,-0.18885116238176994
1547,0.23719346962034837,-0.33931305607148016
1548,-0.322506746557055,-0.3714362753396369
1549,-0.2452185865521745,-0.4834236807369562
1550,-0.9034063727019518,-0.36694870427253873
1551,0.781519037008634,-0.40973314770226976
1552,0.7572219563872361,-0.34492166761561444
1553,-0.16462320249875825,-0.43696250801325615
1554,0.2678407953730652,-0.5117234658518692
1555,0.08747746095298149,-0.45178735593927166
1556,-0.6233220232938206,-0.45994382254831834
1557,0.6366428645754401,-0.49331568306812035
1558,0.28928219927654364,-0.4246626796729284
1559,-0.2877251199385318,-0.5365275808485498
1560,0.876614009022477,-0.41471569284308735
1561,-1.119528120162516,-0.2847724663909021
1562,-0.6856822711248373,-0.18338932997158022
1563,0.05113948067958659,-0.3398809181665966
1564,-0.22962387195953066,-0.3326403447007632
1565,1.342421909879436,0.0460563155199875
1566,-1.2914131563326197,-0.11156350142247884
1567,1.0112011123869942,-0.3517980005554313
1568,1.6405900714847044,0.05407311301801283
1569,1.2740106086325524,0.23194891916948024
1570,-0.39429252774486173,0.025044042263123588
1571,0.5752013154776142,-0.14300290066093932
1572,1.4136309457371317,0.3312484079168406
1573,-0.5841970458602019,0.09306285499703613
1574,-0.666957745850752,-0.3097709655900346
1575,0.5150790981312012,-0.4015899827019077
1576,-0.7830268911177563,-0.3083948009407963
1577,-0.16198725082372928,-0.32273587110126933
1578,0.9769376976605636,-0.3150977773130631
1579,0.5132805191011472,-0.3677174117822737
1580,0.8555842635374885,-0.0402753894794356
1581,-4.233414347045246,1.296258546150293
1582,-4.179297134825115,2.122430570033796
1583,3.5149151110680172,1.3100126427536276
1584,0.8608068769559893,0.21090607038419124
1585,-2.0214794776753786,0.14451930399077925
1586,0.8311857638583152,-0.031794146080725796
1587,0.46006358588992513,-0.3169090973618539
1588,-1.493484229068951,-0.12654159138880042
1589,1.3262354148582622,-0.3617033243514924
1590,1.625338021892329,0.4454692287610988
1591,0.33932586410984494,-0.19858867112053094
1592,0.7819633843672118,-0.1896591370127212
1593,-0.8152106443923285,-0.24264829782763092
1594,-0.6594370398884971,-0.34881114396620794
1595,0.6757227679564333,-0.26354659590596
1596,0.6630627016128542,-0.398405122526192
1597,-0.39479648675164475,-0.4667512101647787
1598,0.2799248039300426,-0.5161479856136498
1599,-0.5868107069725095,-0.4072831877386825
1600,-0.2164247449467703,-0.5155494708190639
1601,0.5414382115507819,-0.6012186729287462
1602,-0.2118779819389362,-0.5789354652561889
1603,-0.7480891701278752,-0.4265237716938771
1604,-0.41767693459265726,-0.516818543133677
1605,-0.5001932960679106,-0.3484066090344891
1606,0.050174368331006934,-0.46062515240869684
1607,-0.01458037056807631,-0.4274853404776804
1608,0.1015347234579683,-0.4234067595895844
1609,0.033735942747843035,-0.5090851842416907
1610,0.5300309970744772,-0.524988677366415
1611,0.4876019524413909,-0.5072521656879893
1612,0.3550866054227743,-0.4902340799622963
1613,-0.35008271777318395,-0.47048192171157877
1614,0.2297953376582481,-0.5753340601734995
1615,-0.9214305638512453,-0.4159272263533974
1616,0.2801562375663171,-0.5077510262209258
1617,-0.3735159330527912,-0.511626600781064
1618,0.6557540384500812,-0.531498185231294
1619,-0.35277855525377444,-0.49335151126509513
1620,-1.3597578147234202,-0.23823553713855616
1621,0.3598568236013045,-0.5042478244679323
1622,0.557733708035129,-0.5149176814331189
1623,-0.3838512269710506,-0.4374416980138151
1624,0.36860195602741613,-0.5650446199696257
1625,0.19876279936104704,-0.5606870158538632
1626,0.674589801699529,-0.4803923119901332
1627,0.37412941097557495,-0.4429049291975702
1628,0.19978571854404822,-0.3745253068695964
1629,0.7381172002804944,-0.44393727117091486
1630,-0.19687648181321676,-0.48842539137641294
1631,0.12385624562078056,-0.4572753818569686
1632,0.9352631246934761,-0.3818050612884242
1633,0.3762116047620963,-0.26043830874684054
1634,0.009738085521147983,-0.3141668703308445
1635,-0.3537716012717438,-0.37240191067570505
1636,0.8987317177002491,-0.3712244859936418
1637,-0.7913961481324943,-0.2657686692776817
1638,-0.2344475610676629,-0.4358690799879056
1639,0.23811500305164202,-0.40203818033506494
1640,-0.4655461313823413,-0.44153990996782433
1641,-0.04668436235574273,-0.48567084083203216
1642,-0.5544331894312388,-0.41850743745463004
1643,0.06283346291462578,-0.4256967382679525
1644,-0.19565792944974744,-0.48288475571139
1645,0.7810521994261359,-0.47535356817973984
1646,-0.22156512962674973,-0.5311213721421729
1647,-0.9252890343900476,-0.426008427793269
1648,0.6097011259424221,-0.538868059428234
1649,-0.2562652344194189,-0.5533976928470304
1650,0.33879965099780723,-0.5777430260868688
1651,-0.24221745165944672,-0.4566682925265686
1652,0.6293684840441763,-0.5720026628581886
1653,0.5258952270998667,-0.5179425768827896
1654,-0.4872112560245662,-0.4121485558067919
1655,0.2975945500871616,-0.21731828756952276
1656,0.5071022718216638,-0.4111722305900629
1657,-0.04530372185704601,-0.38747287075402514
1658,0.034744613603468796,-0.47059625945690087
1659,-0.5207976442019354,-0.36478694249969473
1660,0.029258518043961842,-0.5155367202896889
1661,-0.22583924024286345,-0.37015872482301676
1662,-0.2907027705859639,-0.40219202837998935
1663,-1.0854656331465358,-0.17057024975450874
1664,-0.7421682707165367,-0.2367946452023051
1665,0.37866028771743704,0.22687344880450921
1666,-0.31836584054920114,-0.3746228176608072
1667,2.1624747568607225,0.011411881908761842
1668,-0.7185557436742191,-0.09689368782439725
1669,0.768883945986812,-0.3391058228766512
1670,-0.03536077690386035,-0.36890328213971607
1671,0.4668808377393192,0.058775817923503615
1672,1.3659912819884485,-0.04302628018543875
1673,-0.6946197132907002,-0.12315753682386821
1674,0.6580075012292617,-0.3268756370315903
1675,0.27085764008549706,-0.28202570776865044
1676,-0.014489071550649192,-0.38690345998748454
1677,0.21389424119843703,-0.358139503198916
1678,0.15924239137919097,-0.3759792668201526
1679,0.37736569297489475,-0.3683546242632652
1680,-0.037999729414104094,-0.44185285428659116
1681,0.22604542021758342,-0.5071608581995588
1682,-1.8756047103669677,-0.03626330090581194
1683,-0.15854748466306928,-0.2510575081359708
1684,-1.245789100231102,0.10760793484086079
1685,0.33035927428520706,-0.2809610338973416
1686,0.4290935715529576,-0.3921670950544932
1687,0.8406504529293972,-0.49987541571762584
1688,-0.009127849709883677,-0.5336544626643114
1689,-0.14462147820784982,-0.46754194004995286
1690,0.33985721856062134,-0.5110446138236926
1691,-0.3803832228969841,-0.4493614454103939
1692,-0.3675312070139195,-0.4235532065234089
1693,0.2695135255321664,-0.5050376462340601
1694,0.24312862058088203,-0.5817537285754691
1695,0.14396435579283953,-0.5765639682484802
1696,-0.24821854547520564,-0.5690424134359648
1697,-0.37669013309902455,-0.542713853106122
1698,-0.8881026357415771,-0.38471393634902035
1699,0.8314089885860162,-0.4765284595528928
1700,0.3562276604506013,-0.5575632118131004
1701,-0.3612248981557173,-0.5247759281984025
1702,0.23450203239681747,-0.5912519013282354
1703,-0.18656058634949807,-0.5405108769532777
1704,-0.059529542644205825,-0.5355354746820935
1705,-0.4037248497123212,-0.54139863648273
1706,-0.2222133609356563,-0.409520898637366
1707,0.9716688191769552,-0.43569512815352823
1708,0.2887978352662001,-0.4258864052808628
1709,-0.7971806303846841,-0.3660612405222039
1710,-0.06537722792165408,-0.5219973848601708
1711,-0.4377614881782082,-0.47232681770650153
1712,0.6624556932918734,-0.5747208696692754
1713,-0.032791858880265166,-0.5571305670868907
1714,-0.02464079373058941,-0.5245635090805306
1715,-0.4523319445669098,-0.5271254811264618
1716,-0.25635194132607814,-0.5274536570364039
1717,0.509933482038597,-0.5862693584240546
1718,-0.10847021394954881,-0.5900917653263167
1719,-0.7383833518355415,-0.43477787504889204
1720,0.3782007850883536,-0.5590020792578949
1721,-0.04594126763885601,-0.5411711987447323
1722,-0.039112287484212596,-0.4580933355119968
1723,-0.339955635640843,-0.5216827039698942
1724,-0.17416908919174384,-0.5491104942662586
1725,0.46095253960647237,-0.6143057541202352
1726,0.3938405230572469,-0.5713945953556538
1727,0.04818413989289521,-0.5376215472273855
1728,-0.1908975926611105,-0.5140409808176992
1729,-0.25067356085043213,-0.5271555850390851
1730,0.2847514759798984,-0.5209034499349262
1731,-0.5988759899151203,-0.4193739563958833
1732,0.07828318639071176,-0.39018636638542714
1733,0.5319152318789176,-0.4696930835216545
1734,0.03718068984429156,-0.5387991042930779
1735,0.44774434669334345,-0.4554952992298421
1736,0.07567752849709634,-0.5010486547314383
1737,0.054955685916490804,-0.4628913376003443
1738,-0.5410803848616463,-0.4560384304546282
1739,-0.2280788237983256,-0.4568862539651791
1740,0.10608721309180284,-0.5166157551795465
1741,0.27593696837972315,-0.540227200111676
1742,-0.18883644490591356,-0.5372328109180321
1743,-0.10369948399610045,-0.49583908399008536
1744,0.18345830854257308,-0.528773172002155
1745,-0.3123176224381345,-0.5284675724912086
1746,-0.1006284248328078,-0.520586080968134
1747,0.32853458267581337,-0.4164311197412579
1748,-0.34966932275370965,-0.48398401221738296
1749,0.28905989526235293,-0.572384270340327
1750,0.4523661636664911,-0.5760547261411165
1751,-0.12444029081756555,-0.5438769329149523
1752,0.1870933650582102,-0.5832600188607048
1753,0.4431506650011248,-0.4530282824643926
1754,-0.24831567206471755,-0.47390015958025333
1755,-0.5150883030000271,-0.46486446871266385
1756,0.12840077334209812,-0.562774829959616
1757,-0.20391707974122691,-0.46209246863207276
1758,0.45369500887435515,-0.5678625301203812
1759,-0.20424174189980165,-0.48933506804709626
1760,-0.18937006757363303,-0.4647947352071269
1761,0.3433840633133198,-0.49585008568471134
1762,-0.03694372077445355,-0.4796655307468669
1763,-0.472593476115338,-0.3263944775211311
1764,-0.3420390338594201,-0.453476683647936
1765,0.1692104884358425,-0.5662043463177839
1766,0.062669119398441,-0.5615252499470879
1767,0.35843670286551077,-0.5468266477236378
1768,0.08792654997994691,-0.4496971668529204
1769,0.07468421040698671,-0.5666081890454949
1770,0.09995271850930756,-0.6053714366933246
1771,0.1216413903505608,-0.5772581849220269
1772,-0.2452367379481809,-0.4827313559158437
1773,0.5933394393652123,-0.4782227427327763
1774,0.12203014289079796,-0.48944731366681316
1775,0.08194321723293765,-0.4986755806200128
1776,0.22260646681514007,-0.5013329684929756
1777,0.020084891809229493,-0.5239235997964704
1778,-0.20424869709424343,-0.5798150207000947
1779,-0.04943332073053617,-0.5899857618318892
1780,0.027804558571383895,-0.524359384924744
1781,-0.32518333332399,-0.5062761508829134
1782,0.09486116276805867,-0.6255099220313172
1783,-0.06816727203889988,-0.5331283684904125
1784,0.018971972604342018,-0.6234756902508464
1785,-0.23161997972717455,-0.6125130004552717
1786,0.25179266977154535,-0.5878686191772168
1787,0.0359408530361759,-0.5680622594973009
1788,-0.02553825602697825,-0.5924437689060122
1789,0.6873179185206327,-0.4887584137411318
1790,-0.11965880879119525,-0.5490701542847459
1791,-0.378380696807894,-0.4742824179786702
1792,-0.18156400040725418,-0.5408319477462676
1793,0.10633672576670906,-0.5898719953875436
1794,-0.1731584227668266,-0.6000828283883067
1795,-0.5558027136268182,-0.39348404198578185
1796,-0.02006200529255798,-0.49465412509854934
1797,0.28247362260315223,-0.6355269532428578
1798,-0.1701146174716857,-0.556417828631326
1799,-0.14033224068494887,-0.5372302627434041
1800,-0.20741189802357576,-0.5877699897928045
1801,0.359522492093183,-0.6071975814280176
1802,-0.13311328525476987,-0.5459827903682423
1803,0.4765129523779544,-0.5301210884948596
1804,0.2641543703146664,-0.5106243293538612
1805,-0.24564916037050882,-0.4903382241306322
1806,0.15425791220214563,-0.5470729994210355
1807,0.4358509599438311,-0.47023835130889347
1808,0.28410809092388706,-0.45818212764590405
1809,-0.31389032831160135,-0.5643777893115554
1810,0.46849821215033993,-0.5515362987212008
1811,0.33126306703358055,-0.4630109019837274
1812,0.13410854387209706,-0.48060424527049816
1813,-0.4063995577581709,-0.43872857239750845
1814,0.47305357276716115,-0.5853377218463752
1815,0.19344413522168422,-0.5349791168971602
1816,0.531689862109087,-0.4537116531026169
1817,0.20119861865957817,-0.32986393509453393
1818,-0.6693222852962333,-0.3646626669733818
1819,-0.00737267634660702,-0.48146219348254626
1820,0.5063504204164947,-0.3484967691570911
1821,-0.29460303250789094,-0.4919347999922261
1822,-0.19246825764797426,-0.5478715010980919
1823,-0.3475934111980091,-0.37169414413141233
1824,0.08566642138579024,-0.5958557502178605
1825,-0.42291877163114666,-0.44647977618438794
1826,0.07877476571751084,-0.5701420243059433
1827,0.2739413505389265,-0.5803523288441378
1828,0.514666819551163,-0.4650249517688182
1829,0.3019582869640957,-0.49315723025146185
1830,-0.11563016246148182,-0.5089676822349742
1831,-0.35936642503937205,-0.48512935553560843
1832,0.34806749564001566,-0.6058414221984695
1833,0.18792879872554236,-0.5174982233060126
1834,-0.04414292326627562,-0.5830450089813916
1835,0.27244072636692973,-0.5463491905607104
1836,-0.240975161567226,-0.5179999887845438
1837,0.06861201414012058,-0.5541545587671958
1838,-0.19754677081330232,-0.5332165458299274
1839,-0.24626476734795125,-0.5003817898689253
1840,-0.24518393182836723,-0.4378005940755455
1841,0.05522858503702333,-0.539089788931295
1842,0.05496721222326774,-0.5707354605879642
1843,-0.07068329309489027,-0.5698823375248149
1844,-0.1180105988362785,-0.582860634190486
1845,0.09301035159636675,-0.5519040764237721
1846,0.059375889800661726,-0.6082027496891794
1847,0.12223538491879281,-0.610918196830996
1848,0.1183975041822152,-0.5893363438124075
1849,-0.22030305861028715,-0.5536961168075897
1850,0.08692705781416443,-0.5939079579615507
1851,0.20100733954100589,-0.4979834958249326
1852,0.17356043700934548,-0.5430744704670847
1853,-0.16145721441895614,-0.6008273011770852
1854,0.31830705685034766,-0.5279929056952976
1855,-0.30742524204293825,-0.5049815148251708
1856,0.08808560614892286,-0.5157278958686784
1857,-0.41032995574572134,-0.49514262739135373
1858,0.23472590889082556,-0.5682108715253873
1859,0.1511191277560596,-0.5678804381282649
1860,0.49358097695181935,-0.18860564887320255
1861,-0.9396066782407426,-0.045136987045003976
1862,-0.2249254464925578,-0.3410231386514813
1863,0.22123442978920696,-0.4494815055052424
1864,-0.5096475868912118,-0.1760957913961565
1865,-0.35955368115199643,-0.3475553220875398
1866,-0.4990618172422855,-0.34103279964080246
1867,0.4611265224599438,-0.45129736622408717
1868,0.2748414418421734,-0.5304045922801941
1869,0.4847164293608617,-0.4924874257957942
1870,0.32787695531644956,-0.444673826641346
1871,0.23856102053529982,-0.5166864085727338
1872,-0.16238866793109982,-0.5257613732154899
1873,-0.21435845589702568,-0.4748058245375645
1874,-0.2057856098915804,-0.5093475907596464
1875,0.04784637851255132,-0.5567386260455515
1876,-0.006683951370035708,-0.6115437554219126
1877,-0.021098024248196245,-0.5662525014607576
1878,-0.008903593784154739,-0.605643090378584
1879,-0.06142136386315538,-0.6092270008148003
1880,0.320661587597855,-0.6012640672030412
1881,0.2862127535940014,-0.6156885886583423
1882,-0.15178920400485113,-0.5595871747532672
1883,0.5467261386743205,-0.49164334632342965
1884,0.07467961145566615,-0.5539567194981181
1885,0.07244261284375399,-0.5551972191272764
1886,0.20082963264166526,-0.6032286236797956
1887,0.01549891345696659,-0.6093045116726514
1888,-0.16504801398015514,-0.5728740283598447
1889,0.21709957075942973,-0.5952896230260547
1890,0.04311680815000753,-0.5891573289616606
1891,-0.2926600653112354,-0.5461649626799246
1892,-0.18926049773305292,-0.5558681919111992
1893,0.15399237393057238,-0.5928209603640904
1894,-0.09410840603521865,-0.559657906289623
1895,0.7064236959576613,-0.43597041786507584
1896,-0.10024378366103319,-0.3991638712945802
1897,-0.4001248954717785,-0.48324593790480674
1898,0.08113431442817941,-0.5167965633942733
1899,0.4921144290259456,-0.557434860689057
1900,0.0018245020965764218,-0.5707728609144497
1901,0.12720023066845051,-0.5309718657997574
1902,0.28131080733383945,-0.5467339379341464
1903,-0.3319945327516484,-0.47371253900320676
1904,-0.20692278510555803,-0.5684952818138825
1905,0.43125420490207506,-0.5591608099040382
1906,-0.30421332124782574,-0.5413436124705248
1907,-0.054816010185866286,-0.5716185183872293
1908,-0.12045866403340945,-0.5837545890513811
1909,-0.20790513059767377,-0.5303052842586281
1910,0.25331706101076734,-0.6016919239013565
1911,-0.0020725953248611787,-0.5444225865666045
1912,0.3007198226734885,-0.5844424617389967
1913,0.3260591904666841,-0.5600433735744585
1914,-0.16298522066132815,-0.5459429483850925
1915,-0.08968347585184872,-0.5409029557294035
1916,0.024992108026960263,-0.5746097601443426
1917,-0.09475553801566658,-0.5008545384645211
1918,-0.12318020185915421,-0.5582226286739809
1919,0.24486302856756914,-0.5298989145926255
1920,-0.35237006894584416,-0.5156108430076012
1921,-0.3483942361270895,-0.48114352923758674
1922,-0.26920488241712587,-0.26499276557305756
1923,-0.5257024949191302,-0.30196790597304624
1924,-0.5234494208285426,-0.17455346328348365
1925,0.0662358777199585,-0.44002916752197957
1926,0.31155565694666765,-0.5797107954901073
1927,-0.06772963011928951,-0.5226082386600261
1928,-0.23542178462950847,-0.4802932379652394
1929,0.03768937640746145,-0.5328653175208509
1930,-0.4001593544260202,-0.457801860896188
1931,0.010049394019765595,-0.572424045417382
1932,-0.08226176629693449,-0.5933293237676021
1933,-0.4089077028143655,-0.37759770782287966
1934,0.28925145161278193,-0.5317489026888649
1935,-0.17708334322598682,-0.4976674823724496
1936,-0.20254255391343412,-0.48296163632435285
1937,-0.6816130677591398,-0.14206605830166488
1938,-0.6499070181665658,0.24521226284704564
1939,0.2935329163715108,-0.3467293410198126
1940,-0.743389195892999,-0.3359235947171927
1941,0.04102892106634031,-0.4504113742448123
1942,0.2624752586877777,-0.535134364350738
1943,0.674854616433966,-0.3140744712761965
1944,0.23336748511121588,-0.5148768365124462
1945,-0.08540840160496997,-0.46988355360985123
1946,-0.036574429323944425,-0.5593812298223245
1947,-0.5703038460269189,-0.45129595491748464
1948,0.4928131041520561,-0.4528329222464485
1949,0.3754095532621537,-0.467405929190967
1950,-0.22715900806968886,-0.5212106177005094
1951,0.8392981673066345,-0.40202842182634146
1952,-0.08118014150378554,-0.4594675557126138
1953,0.07229918240388593,-0.5039405461784332
1954,0.25100970077997536,-0.5588309685141385
1955,-0.4285362993887201,-0.4261633503030759
1956,-0.7170675723012944,-0.4249584498405889
1957,0.47189086241604455,-0.5629504996106772
1958,-0.6348760514553853,-0.3064343893426057
1959,0.5334230099421892,-0.38952206795924643
1960,0.3817344875709812,-0.4158165813315073
1961,0.1667510286821616,-0.5275843223251677
1962,0.4044731973707891,-0.5601986350146151
1963,-0.6536438311365893,-0.5118494118564688
1964,0.06138570250370961,-0.6182383736751736
1965,0.15053835110346073,-0.619733931707979
1966,0.09947413017536973,-0.6085501145620302
1967,0.10036449569952824,-0.6245326328791205
1968,-0.11978024541384868,-0.6005910995934117
1969,-0.22330836660387599,-0.5506057460415096
1970,0.318921963799173,-0.639558624315295
1971,-0.19689458544093552,-0.6016041674119061
1972,0.03512990719276787,-0.6050159834035186
1973,0.21760472150704477,-0.6263358414770767
1974,0.5116433167988214,-0.5573659214507329
1975,1.1735155272168678,-0.2537554717536206
1976,0.4902924312276002,-0.10670663971825814
1977,-0.1284848340748854,-0.35449421840297024
1978,-0.2630754989268226,-0.4432446843059838
1979,-0.4157357935621582,-0.41371049865836196
1980,0.06288509373334471,-0.577313373742617
1981,0.3505583939956382,-0.5776039818912662
1982,-0.2300189714826134,-0.5475103598035492
1983,-0.5981287568818551,-0.41155227883875223
1984,-0.6701836243438526,-0.37910201247999376
1985,0.4753754068800153,-0.504179358414549
1986,0.1809539141999958,-0.5455556680086581
1987,0.9794668291874153,-0.5382690425013443
1988,-0.29580882125842867,-0.4440908515583565
1989,0.16624660274469613,-0.5457487108399123
1990,0.15379447229994064,-0.5604764889289297
1991,0.5870330302244371,-0.362039292517354
1992,3.5536268021813013,1.0935239299103188
1993,1.6081474954494663,2.601234013962925
1994,-0.44855664699409664,0.694302469732097
1995,0.7069138327065242,0.5320396107071215
1996,0.3821059236170635,-0.0876143209955095
1997,0.6733668062165739,0.04420004848968239
1998,0.1411140500114116,0.48522996679993413
1999,-0.09556181173417787,0.15160914812426385
2000,0.31321928946104477,-0.07753219199601147
2001,-0.9369987809767493,-0.03236472890835777
2002,0.5947847364455688,-0.30987492492218777
2003,0.1272591382933044,-0.24324990456852058
2004,-0.3063180679017566,-0.27588025516010567
2005,-0.205577072449373,-0.3072843277615099
2006,-0.2072241059411623,-0.3476657822736218
2007,0.231716038783834,-0.4014355261335835
2008,-0.360713233479168,-0.32559419142005064
2009,0.35610741615417035,-0.42247369826048375
2010,0.5299508231012506,-0.35327010212154986
2011,-0.040748902855396514,-0.325484481015332
2012,0.44192425635997135,-0.4490983736162964
2013,-0.039672124749362436,-0.4266769456285693
2014,0.6278152897886609,-0.07908127897962988
2015,0.07680285190718004,-0.3271305106582018
2016,0.09536426814796017,-0.3668060495040556
2017,-0.3805163999252638,-0.36780047592237214
2018,0.10625716766701837,-0.4948405800721769
2019,0.027595536443500202,-0.4111569353987505
2020,-0.35736864642413735,-0.3263397219988568
2021,0.5166578075103879,-0.475582137327934
2022,-0.3969869777659144,-0.44477421176589504
2023,0.37423199440917815,-0.42961818848544786
2024,0.28545245565804467,-0.410231827985007
2025,-0.2286187960467924,-0.36669218610501264
2026,0.09313903583180888,-0.5117831852918874
2027,-0.2714234314594544,-0.3304043889002287
2028,-0.4733299480859759,-0.3147471505133387
2029,0.06871637367998636,-0.3777236551968411
2030,0.3291897105831777,-0.26660986960686234
2031,-0.3477237297978772,-0.34369016785947387
2032,-0.4931692443046376,-0.41114066707728336
2033,-0.06937523380157817,-0.3563664536549849
2034,0.30589288779607865,-0.47486876533048605
2035,-0.7912960172066397,-0.3903349509505973
2036,-1.1124531998713576,0.1999843647034524
2037,0.42336071844108286,-0.24238277613903664
2038,0.026540310841169184,-0.3733332089145758
2039,1.1737337898116054,-0.014627555542689054
2040,-0.19516721294688724,-0.18994508771514906
2041,-0.522764388217649,-0.3077159901587801
2042,-0.4696758665481998,-0.3412823980177525
2043,-0.272233141446189,-0.07008236734370005
2044,0.9363762014542749,-0.19170129831004104
2045,0.32472316708497656,0.071153712246409
2046,-1.3952914289410472,-0.020582791412935744
2047,2.04590878846059,0.24170093429581616
2048,2.2360987632827367,0.7783835423318987
2049,-0.936910994784147,0.5528360430415353
2050,0.1614188371666898,0.01853117106596669
2051,-1.1672641271213937,0.13131180209940113
2052,0.8038310995904316,-0.18287913722597354
2053,-0.5311784618378281,-0.15820393802119084
2054,-0.339246457484306,-0.04878230759286306
2055,0.2684374617109216,-0.14715841413874264
2056,-1.2962384896356793,-0.034361955988455706
2057,-0.5360083688199431,-0.1818999380493153
2058,-1.999514281307384,0.3033785249106926
2059,-1.2234237885886812,1.2415115353005102
2060,0.7104948085464613,0.045650394971764194
2061,-0.6598895617295483,-0.05617165509185794
2062,-0.06767752883292018,-0.23771688772792027
2063,0.1524731671301516,-0.14897014589094884
2064,-0.2599084513104152,-0.36251261077762115
2065,0.2459888204495167,-0.4099916499863597
2066,-0.4451226147526571,-0.38997130665398494
2067,0.9131825729702632,-0.2976171108366882
2068,0.9093685074807341,-0.24740279289387568
2069,-0.07690892352305567,-0.2168069692527923
2070,0.35636394322901527,-0.2617701864272199
2071,-0.8490472960588382,-0.3617769627421743
2072,-0.15544429094109483,-0.49963355530957654
2073,0.5697258531488703,-0.5218913382371777
2074,0.2814328284428018,-0.552291143345331
2075,-0.598066937790099,-0.4563728095682835
2076,-0.10966985345214983,-0.467157230770603
2077,0.16354816964020902,-0.4141327081624487
2078,0.24252251118477577,-0.5226500201704541
2079,-0.6011236939545355,-0.3968242973144662
2080,-0.36378097106763213,-0.45688268845055213
2081,0.38875433855864977,-0.5257020630662007
2082,0.20548281722420686,-0.5132185992820778
2083,-0.016741490641353864,-0.3962020370984944
2084,0.4363056975442194,-0.5162170125618623
2085,-0.31519253429977895,-0.4699558917128245
2086,0.8971564881497358,-0.3481864043194728
2087,-0.24724203747086665,-0.30399167856013565
2088,0.3679648284131145,-0.440128931192447
2089,-0.8845416387972497,0.20577227188409997
2090,1.030463318254288,-0.28396218181556865
2091,0.35873885622447743,-0.31174205009794087
2092,1.7201911709430926,0.9574807965070744
2093,0.3967475140749201,0.05027818705173766
2094,-0.25004825115104407,-0.29873560735765914
2095,-0.3704065466510054,-0.23158958325442713
2096,-0.8942962777080977,-0.2851899655848513
2097,-0.5343319264252199,-0.31061925215688446
2098,0.7608375667253735,-0.31171769450558307
2099,-0.8213592308335904,-0.05288697249726071
2100,0.5347844402355513,-0.33982933292550466
2101,0.33933127417579495,-0.3714346698156853
2102,-0.0783336827231109,-0.4547967783748784
2103,0.1816883648003676,-0.38201253751547914
2104,0.013077154352614525,-0.48679286510820474
2105,-0.031180628334174388,-0.4946641958596595
2106,-0.7269705410873316,-0.36375928458122386
2107,-0.20823302124095078,-0.40078837084438496
2108,0.479485987091658,-0.5160095888712835
2109,0.5169065323941898,-0.3897927325419199
2110,0.2206132688495135,-0.414236858493394
2111,-0.35859818146608413,-0.2753124892001789
2112,-0.5832464466402721,-0.31349066078278054
2113,-0.03192162931911082,-0.33973687994637036
2114,0.7963739092966818,-0.4907536557311192
2115,-0.2326581444160783,-0.3623837698076168
2116,0.760210755536215,-0.4000594799223583
2117,1.4247803336749594,0.48011198553690737
2118,0.034321861092140096,-0.12890260647215654
2119,0.5990739444179215,-0.07576975355354144
2120,-0.6327263162066575,-0.19502419724086273
2121,-0.05313971491183089,-0.4216243549360581
2122,0.13844269147754615,-0.4552749676138953
2123,-0.2111516585957732,-0.38394967741828917
2124,0.746887494184855,-0.3202873071477141
2125,-0.20200083307126232,-0.42273437030273225
2126,-0.05403118595486088,-0.42015326293873695
2127,0.30123371308398594,-0.3861328803471959
2128,-0.7835867035832039,-0.2836145153756344
2129,0.7800233030595758,-0.3294714420926432
2130,0.08006498097613131,-0.42498636711559384
2131,-0.024905155559165584,-0.3449923427674403
2132,0.5412729596878335,-0.41066941738612195
2133,-0.6315952692455076,-0.25948128170629403
2134,0.3561449426893376,-0.2824554239998613
2135,-0.05370138556630214,-0.37693255101113526
2136,0.5135414939334806,-0.21866592868253454
2137,-0.37859262834038887,-0.12270249835679675
2138,0.744077855477158,0.21689720969617102
2139,2.0732754588283093,0.6617648645781127
2140,-0.6347686492273039,0.8826785764690706
2141,1.866037914172188,1.1923103333583716
2142,0.62654040638143,1.8467370193524473
2143,0.9814330977936412,1.1372695009967257
2144,-0.6132634560661321,0.5505629656797
2145,1.5500415729472157,1.075046606790652
2146,0.5003507851752441,1.4758692203903574
2147,2.6478224630880756,3.038335029201593
2148,-1.2192346445613798,1.1766255195188684
2149,-2.294048815623257,1.7970879396342494
2150,1.3600911823937034,0.3842605822721702
2151,-0.3519811528161044,0.28241443666119503
2152,-0.4125257949925865,-0.06677741172096834
2153,0.25514912010952984,-0.29693294013289756
2154,-0.38484670757182743,-0.2991227840265169
2155,0.38286822408535826,-0.1466625547728945
2156,0.21664492190050413,-0.055297900494919006
2157,0.7147456458326807,-0.10179470891495163
2158,0.3701163369634641,-0.14715063625378833
2159,-0.5177466042163802,0.04040498682065765
2160,0.05141501682104301,-0.2523465170073965
2161,0.6367565222667899,-0.386235804928133
2162,0.11032890298730665,-0.3578512704103298
2163,-0.04195142116018933,-0.3375679882005494
2164,0.1434832506042005,-0.40287846014889245
2165,-1.2180862760486793,-0.006198592417076605
2166,0.7877387190521956,-0.32120564443195243
2167,-0.3789678498200516,-0.3111615942378134
2168,0.02400131518653901,-0.3670272317699574
2169,0.04893023398472017,-0.40588949721595086
2170,-0.11015027807603316,-0.5077968654689534
2171,0.010102329470782972,-0.47621465295444476
2172,1.0837718146353306,0.19238536310428442
2173,1.3252586582557595,0.19355179705444475
2174,4.753667789757144,3.9718740232077763
2175,-0.6348237788140267,0.941056554775881
2176,-0.028638198850742282,0.10904040044857766
2177,-0.4122871021194421,0.20933875696787438
2178,0.27883509112029453,-0.12680597532412474
2179,1.186131455520783,0.05456304987842582
2180,0.5086562664301166,0.42510496451436947
2181,-0.08120215013579656,0.5930054290971464
2182,-0.1114984243090913,0.16712912210981584
2183,0.3489298786346073,0.06861879733478232
2184,0.05909136176335799,0.3100126577070268
2185,-0.9428357224445265,0.0688288394512743
2186,-0.7807897971354388,0.13793002727916298
2187,1.127528253682533,0.19420961413378082
2188,0.5022576926834712,-0.12182876888084568
2189,-0.9305586772721605,-0.07271097260719436
2190,-1.4665363620286693,0.3072890547927248
2191,0.8877648257634169,-0.15377538409561953
2192,0.722954104695875,-0.014188948071376835
2193,0.01956370266235883,-0.004008186647362438
2194,-0.030050745236217338,-0.2633963587751308
2195,-0.6896881770924703,-0.28731139697148955
2196,0.7710003883235317,-0.37998865971719614
2197,0.5628011485276114,-0.2863657961242657
2198,0.48091604882125344,-0.3078651223134039
2199,-0.13737098780155818,-0.18558281405514312
2200,-0.48039036085776665,-0.3488158778234893
2201,0.508654376504735,-0.3811351433537058
2202,2.7802362302127155,0.8528057635022183
2203,-0.8155778398258055,0.11123368673475965
2204,-0.440522197401542,-0.18883139700951718
2205,0.06747007841855072,-0.2941703720468705
2206,-0.30444339836273615,-0.1631450701252285
2207,0.8259209656640771,-0.3424955733861434
2208,0.03146102574066533,-0.31450002768027374
2209,-0.15031806491556007,-0.3689805604905339
2210,-0.13483469431073464,-0.33819732972321775
2211,-0.510334732422969,-0.13435548804660813
2212,0.29958457529604604,-0.41533382894064813
2213,0.14328286723133318,-0.16272410397883122
2214,1.3511683817256923,-0.029384349859480227
2215,1.0094805068281025,0.19872173090673964
2216,-0.4801602662019206,0.41813297581792425
2217,0.33419752045225154,-0.1680530415345396
2218,0.044883905695617676,-0.19453891013182212
2219,0.24658048406337568,-0.21691736348643992
2220,-0.6820369216748073,-0.17686510010158918
2221,-0.35994036849507954,-0.16940430188034283
2222,-0.6211079162212089,-0.2656933234463123
2223,-1.7475038698752872,0.8830648144455421
2224,0.9127773293435287,-0.08611417227619095
2225,-0.15138586203191529,-0.24487218474408412
2226,0.8128871224716321,-0.27264057588612417
2227,-0.04850084613711215,-0.32777181856671667
2228,0.12499206146712326,-0.2838415354980947
2229,-0.6027552882595929,-0.27692445239781244
2230,-0.16898748528622093,-0.37329872917865464
2231,1.2038184603469166,-0.11673681233420996
2232,-0.23996160984491322,-0.28934710783480033
2233,-0.2716742026450153,-0.34776428448010865
2234,0.5333336149214133,-0.4463953070708553
2235,0.7523027348540131,-0.17680515748460068
2236,0.10242588163310978,-0.27397901729735497
2237,-3.117122345861594,3.898573907194455
2238,-1.7938545061313662,1.8095547773416216
2239,0.9026252602389021,0.55294222911634
2240,-0.3815067080826879,0.6480229953130108
2241,0.40756274388476355,0.11298733304411564
2242,-1.079003714010869,0.0006699994047698055
2243,-1.2125157928711492,0.8538158505843095
2244,-2.273959890411834,2.559037483038155
2245,1.3662361322382226,0.4373165560044596
2246,1.4539249270704695,0.18259740511341097
2247,-0.3101600506487334,0.0354043495551421
2248,0.22227291118826203,0.1364320997258135
2249,0.9531064965735364,0.3093060435940492
2250,0.20075063901996906,-0.0005846761454568403
2251,1.0765542740580747,0.2937393076964482
2252,-0.5482848894455296,-0.11014602428980858
2253,-0.057593558756803796,-0.37447412738997177
2254,0.5264914746514167,-0.4188058162949728
2255,0.8424196032350577,-0.14739237064542027
2256,-0.4135521626193203,-0.2204756611982958
2257,-0.8606679738045439,-0.37330178654581075
2258,-0.1925808640597602,-0.3889575408206344
2259,-1.41156130394637,-0.1419314281317231
2260,-0.7696706083965857,-0.07831534000750937
2261,1.380655030776067,-0.2659893236038099
2262,-0.07634915753347053,-0.23183785001955093
2263,0.26372130589348336,-0.368603587590475
2264,0.6268108487089588,-0.41357589797705263
2265,-0.12438150384040071,-0.48515251940150983
2266,-0.01849340365514864,-0.5041896602993388
2267,0.3355717557105307,-0.5018979819856764
2268,-0.23796574882142318,-0.47589857307931616
2269,-0.89220836794644,-0.24241241403800362
2270,0.14891058045352118,-0.4708041523422123
2271,-0.6259815284604485,-0.3385760804229757
2272,0.4744328353489228,-0.4654247414040258
2273,0.9515601297825099,-0.4441077906424438
2274,0.3506007038735739,-0.4112435074415817
2275,-0.02441988935905623,-0.4856838072375538
2276,-0.3604495927164078,-0.5034580091492308
2277,-0.46764288385748726,-0.5089592796628466
2278,0.2176829479759449,-0.5624374824411763
2279,-0.6318506043496729,-0.19995359902175014
2280,-0.7395606122441941,-0.22004385387285735
2281,1.0973769846510992,-0.3698996109704418
2282,-0.946164979578806,-0.21346538915899171
2283,-0.6987457893972421,-0.32223211534138774
2284,-0.03845093093814904,-0.22527119592400474
2285,0.6646618590874006,-0.473977242199628
2286,0.2562586670683753,-0.4410510540633235
2287,0.5136284240165372,-0.37236357065368364
2288,0.004443750650316657,-0.4991076030336231
2289,-1.1450616930704705,-0.3331243687154438
2290,-0.9779839026062752,-0.11044718687359967
2291,0.24232780142839294,-0.29988411662258607
2292,0.892211676652023,-0.4035622614105238
2293,-1.9490537077806562,0.1446892935815306
2294,-0.7183575029935004,0.08799112373087908
2295,0.17436746943843084,0.06633459488002622
2296,0.22754803624291556,0.0003240249376984389
2297,-0.3344922399341338,-0.3274861371882705
2298,0.47920156094513017,-0.45667684336624714
2299,0.7022026196944877,-0.44565103375686727
2300,-1.0692907654969712,-0.30733324769578485
2301,0.21599490703691604,-0.473522586927852
2302,-0.22474466388980863,-0.46288439119982716
2303,-0.026787992480739414,-0.4013762367214443
2304,0.685027589908645,-0.3450041172978057
2305,-0.8388457495753644,-0.31920053127123216
2306,-0.3693693629958631,-0.41336375641972245
2307,1.0500013397601187,-0.25733130509398644
2308,-0.9734731111600723,-0.19511967946907
2309,-0.7150787602310633,-0.16226651271801618
2310,-0.22770671804312598,-0.28717191854387136
2311,-0.3529718006855698,-0.24341393115027826
2312,-0.7270284927119689,0.028811778495294656
2313,-0.5562720530693278,0.6758046832543423
2314,0.39100830307133555,0.29408143381626495
2315,1.084969750469981,-0.11244505938097354
2316,0.19970107946239962,-0.2779298174581194
2317,0.08169299368967366,-0.39435985148970476
2318,0.41894554178633864,-0.4155793210871653
2319,-0.028867734169673743,-0.4447422479212136
2320,0.6552369218375154,-0.31263583150514984
2321,0.2684945484348521,-0.38865376344295555
2322,-0.08016719501116108,-0.3823331177069062
2323,-0.7465467838513703,-0.2826507099468336
2324,0.3262799545187295,-0.5417048101266098
2325,-0.2097851729813203,-0.3546438029559127
2326,0.6567374047731438,-0.5064246345496152
2327,-0.1742491050709736,-0.4415487753582164
2328,0.11721023410141293,-0.3576448921615949
2329,0.2545480665952545,-0.42042436597128435
2330,0.5533602117468074,-0.4111985327010292
2331,-0.1815730272481301,-0.3484982115520826
2332,0.3028933845429768,-0.4995202667470917
2333,0.12624936353831204,0.7429903384546873
2334,-0.15213190266713633,-0.08531631232673015
2335,0.32157463447424195,0.5316341367241098
2336,0.005934271901287519,0.2517156870924284
2337,1.229893527072083,0.016827527691003187
2338,0.1434308885442084,0.2811308830978678
2339,1.2705473396447091,0.4007469647276624
2340,-0.6282620647238193,0.2901818094622177
2341,0.2847169019298021,-0.09155910297180384
2342,-0.39283946488236393,-0.20757744371184428
2343,0.8841111387318258,-0.3025780222132358
2344,0.5931157897098313,-0.15502845506013377
2345,-0.018786460697156303,-0.1402082262694415
2346,-0.27223407775523956,-0.16924097304865202
2347,-1.8358176644520714,0.003333551996307707
2348,0.2823864890927489,-0.0024759606665545122
2349,-0.8332502509379087,-0.26901041077915205
2350,0.9563725201201662,-0.2292840348159665
2351,1.2262750288575612,-0.33660323396518543
2352,-0.5372765868175167,-0.2321460742197991
2353,0.4117049127107905,-0.38539281358701727
2354,0.2757351520726214,-0.39722860431238616
2355,-0.6423792207849024,-0.3494588891830823
2356,0.8491437589375151,-0.4318757299651485
2357,0.19291892875832414,-0.4610491094514044
2358,-0.008009267961772596,-0.3822356886915527
2359,-0.25581386352002444,-0.1616634284578777
2360,0.04870133708067718,-0.4599749466775156
2361,-0.08472752786261535,-0.4660175506599409
2362,-0.05308750353006676,-0.5143835517301233
2363,0.34236791762424995,-0.3774111511944724
2364,-1.3472722013272418,-0.20735656206328823
2365,0.27811704029586237,-0.43128846969871376
2366,0.5704939606957722,-0.5354947406197932
2367,0.4229768358077264,-0.41630071809366714
2368,0.11656144184403401,-0.5113615335330551
2369,-0.24600511553666266,-0.48436934027945133
2370,-0.2620065627608901,-0.44483675468614503
2371,0.26343781156409146,-0.5302109790032401
2372,0.8697855272837588,-0.26540269645890924
2373,0.7128315579787783,-0.0012807487299344722
2374,0.13420760922849745,-0.2905539382913921
2375,-0.8560097393974357,0.12668447363478885
2376,0.031103061376213378,-0.36150600761840823
2377,0.7467511578644843,-0.4056020714141212
2378,-0.12734346612098998,-0.4009061931076092
2379,1.1790036193731135,0.20742331227901606
2380,-1.6519328318381066,0.1641371004638467
2381,0.6099440095187071,-0.30233183653797663
2382,-0.5827607979423863,-0.28824516293166497
2383,-0.4130071001668257,-0.2104045077979551
2384,-0.9618308861588767,-0.12373938680690985
2385,-0.43664213455422907,-0.2598417555422854
2386,-0.7691477843434695,0.01018029459494197
2387,0.4660468471777175,-0.33371425825390827
2388,0.08974868124774342,-0.40150220860469993
2389,0.7853024693893362,-0.3830706103065324
2390,0.05874844937513408,-0.43517220287489244
2391,0.7663088784001912,-0.311976226739453
2392,-0.9015731018370788,-0.2686070910356594
2393,0.23456290893220283,-0.3210639275270819
2394,-0.5315206111484686,-0.36694037944014735
2395,1.0527192586743397,-0.3917046081670873
2396,0.28637123730514424,-0.4488625864150096
2397,-0.5525734835086495,-0.37281652986941793
2398,-0.073144684199737,-0.47517290580051563
2399,0.6744431976666068,-0.41816841853946174
2400,0.43236749363143534,-0.31530666977335864
2401,0.389203027376215,-0.2740136474498096
2402,0.1257358017473002,-0.3470343563576999
2403,0.07343441278995844,-0.10569699847983913
2404,-0.3935818497883401,-0.3127174433147229
2405,0.47406076223636384,0.06872240533421957
2406,0.37076023191717294,0.2855066658392569
2407,-0.6291787415944072,-0.0818404359520502
2408,0.597161752500493,-0.23535275989046217
2409,-0.19751245404907444,-0.30071044596663893
2410,0.15753286629964555,-0.35566259807109035
2411,-0.31843566412447744,-0.18215527226787454
2412,-0.17018074704167255,-0.39995668189321026
2413,-0.005628773861605045,-0.40301852409545724
2414,0.6596225971824061,-0.31037531321860845
2415,-0.5836010989204097,-0.18607305926053774
2416,-0.34879559564188356,-0.13336898310105857
2417,-0.3829675928107231,-0.28086158056746907
2418,-0.12034187790957504,-0.40863335949591867
2419,1.3688066078018932,-0.2853150952847078
2420,0.04732206562704707,-0.06136239538091488
2421,-0.0991427978597489,-0.07207555834718898
2422,1.2618212784223133,0.24514179294826755
2423,1.162172202212276,0.8261159650610619
2424,-1.5694930528843316,0.5786433174625869
2425,0.8581933581595269,-0.11154198429808027
2426,-1.6684395500414075,0.2736982094491233
2427,-0.18279588105999306,-0.06378305765992004
2428,-0.6106773914395428,-0.20190249914531738
2429,0.729740461802564,0.06949237095270036
2430,-0.25174194121719096,-0.06472199393274818
2431,2.831061578765187,0.7856602566765621
2432,-1.876262369263469,0.7594333801453024
2433,1.7446476768768409,0.5040696872300469
2434,0.8183264414633442,1.378523986782883
2435,0.18230219530327973,0.6437442976886837
2436,-0.7009299485411387,0.24177233251934704
2437,-1.205157463619888,0.4341283479208523
2438,0.3410286395742273,-0.07492383488693866
2439,-0.8083299219773247,-0.1161602166371681
2440,0.610419500464073,-0.23109806567493846
2441,0.9771755779288664,-0.17669142219855669
2442,-0.320925456384239,-0.2616402445410201
2443,0.6619067170445658,-0.1923960673439602
2444,-0.21087076920602646,-0.39250157161453875
2445,-2.192189380253829,0.15159302589068485
2446,-0.8156556534354997,0.12674004146211615
2447,0.458508241622421,-0.28597085669537053
2448,0.6270203915031016,-0.4004147905252606
2449,0.596997042034483,-0.28069451531121026
2450,-0.8995329280473624,-0.25680355229901985
2451,-0.18247025423166724,-0.2972806873340017
2452,0.21541331433407104,-0.3699170497356414
2453,0.17385402323596982,-0.4780544255969096
2454,0.5555464497675701,-0.26014125934899307
2455,-0.5830268996412087,-0.42293474169515277
2456,-0.17860838432334528,-0.4242139336607133
2457,-0.3482221577608695,-0.2943846976273231
2458,0.20837917200543254,-0.5163262532716456
2459,0.41420841871360997,-0.5033814134610788
2460,-0.9843776341559685,-0.37381067917214517
2461,0.08908596279016069,-0.4620303629913576
2462,-0.6628848628090752,-0.24204580947267318
2463,0.7343272791534553,-0.5011777651610669
2464,0.2477507990186642,-0.4450363436153678
2465,0.555398782388234,-0.5114635825857448
2466,-0.20909995112754465,-0.46302421773114666
2467,-0.17083859557732295,-0.4158366777921066
2468,-0.30205144338719486,-0.4893298025838223
2469,0.06964232422908662,-0.583178874889156
2470,-0.35364235555594287,-0.47642696467347134
2471,0.6824423292095838,-0.4634637962054744
2472,0.0023921863416843667,-0.3013114902719805
2473,-0.45798088740233417,-0.27854868245127534
2474,1.1809023380443255,-0.05417863815552111
2475,-0.2932263917288507,-0.2509051084395005
2476,0.6821548581493249,-0.3115008923594559
2477,0.7351950322126372,-0.14926238024389812
2478,0.1278913629804345,-0.264833587161953
2479,-1.0732424503946651,-0.1797353402379635
2480,0.300246942947066,-0.3785226773692618
2481,0.6239380675120296,-0.368537726092695
2482,-0.3038751856977967,-0.354264399743793
2483,-0.043146779437716984,-0.39410024504371477
2484,-0.9702700331530281,-0.3401956384296376
2485,-0.06814905736947093,-0.43688036964729504
2486,-0.023911385099451826,-0.4688268930021957
2487,0.13616911382124597,-0.48867661668224394
2488,-0.461593420912589,-0.456064535362968
2489,-0.052563787219823264,-0.5011539742971365
2490,-0.5770610015179167,-0.40296138898748923
2491,-0.05245547249630171,-0.37576287803769376
2492,0.3731779585580328,-0.4878298084754177
2493,0.3059269008368653,-0.48548813316606676
2494,0.06292265233194175,-0.551819401873824
2495,0.3904941710249095,-0.6040092118388432
2496,-0.09924986430003961,-0.550347005205668
2497,0.3211767054798668,-0.38584266785589166
2498,0.12086587854051213,-0.4633535505723083
2499,0.6000598327000541,-0.39144274817436847
2500,-0.0875181294077913,-0.4655442354049054
2501,0.050762400118211384,-0.45494953665938576
2502,-0.7990249762074083,-0.3235509429968671
2503,0.15143716347522687,-0.4022035587634361
2504,0.5451889222478303,-0.3968907972300777
2505,-1.2935564898209952,-0.10540202434088558
2506,-0.4006932230495278,-0.18149883395137892
2507,0.1465897622934033,-0.3454263990139885
2508,-0.5379710632817942,-0.34494432852058815
2509,-0.5287678520046205,-0.23756638673505698
2510,0.4984673815194373,-0.47154747713101397
2511,-0.12280127321860021,-0.4419262416761122
2512,0.24981876470715986,-0.49954201142818755
2513,0.4531394557323031,-0.5241791924641716
2514,-0.7054970925702205,-0.3869367832712608
2515,-0.33938622353646064,-0.32377183759423994
2516,-0.2642110469232483,-0.43472968704207793
2517,-0.4404537656423186,-0.32652911953689967
2518,0.07850220321288397,-0.25842794222724896
2519,0.47553501876695486,-0.3989405882234585
2520,0.17796644754803553,-0.368553170529585
2521,-0.29855234713729134,-0.47125465773664954
2522,-0.13378709147732973,-0.4992453728300623
2523,0.08895286030372818,-0.5301228419794557
2524,-0.7465637168814198,-0.3464349694003933
2525,-0.336640379591322,-0.16670764913925587
2526,0.6750757205713817,-0.2228501265578346
2527,-0.2668183741388518,-0.32204975904681793
2528,0.24869231954727278,-0.42238182291612386
2529,0.41656035603826114,-0.4785404116966704
2530,-0.06554157496364207,-0.39076536311271176
2531,0.5800953108778087,-0.4293936590400372
2532,0.34466694723208624,-0.428494925182806
2533,-0.42673945680409103,-0.42878980091863017
2534,0.28583000118134605,-0.48854418566069113
2535,-0.4692300224120521,-0.4498342691649535
2536,0.44025834487862187,-0.5361833210807558
2537,-0.8498225763535995,-0.23452792329416777
2538,0.5385300129306309,-0.48223266075163496
2539,-0.2397339500969714,-0.4720799186483934
2540,0.35325571770988107,-0.5212419909687901
2541,0.06271053013788146,-0.5455433092309523
2542,-0.11747713965845123,-0.5951850757597072
2543,-0.28094982972024024,-0.5842670148428002
2544,0.31195661999683644,-0.6140008491702686
2545,-0.23681433473607222,-0.5931266918785415
2546,-0.29259984860873317,-0.512378823402039
2547,0.014268232231728985,-0.5929591913744745
2548,0.3386101907766084,-0.6185833597739254
2549,0.11712089340452515,-0.6266045984186156
2550,0.19318341256220156,-0.6192104786366944
2551,-0.17581561025489575,-0.5872572243656771
2552,-0.16463828297207522,-0.6248752670942813
2553,-0.14716111235604498,-0.5462059901662402
2554,-0.49900722160503197,-0.511026751983146
2555,0.8815606209223062,-0.47082373048947435
2556,-0.13668210220606644,-0.5213367813355015
2557,0.09826013065083483,-0.5205816647334889
2558,-0.04939456088686028,-0.5461623068246383
2559,0.9138595144524688,-0.4666236876514419
2560,0.014958439343710939,-0.4370193169360339
2561,0.32640923222377966,-0.5527114531993113
2562,-0.2007778215467652,-0.4972221355635662
2563,-0.38316726992298,-0.5184752317305773
2564,0.21050664252105278,-0.5902758520894833
2565,-0.21024502560014843,-0.5566483355940591
2566,0.048732203500822406,-0.5696301007765573
2567,0.4635448325009136,-0.516310197611421
2568,0.7339699064697759,-0.004418269538017057
2569,-0.0813052693517147,-0.4259659799340321
2570,-0.3750782536548103,-0.490295680444764
2571,0.3332422982391174,0.030454738191415594
2572,-2.112259722791638,0.6309093705826174
2573,-0.7963937880551009,0.4791207197442885
2574,-1.6199221137495985,0.10695212966350008
2575,1.2527113363105444,-0.17739256713946344
2576,-0.1978429127569409,-0.45053226548228387
2577,-0.26326503751873664,-0.48695581725025283
2578,0.2028520302135876,-0.49566904628082575
2579,0.07931988273265504,-0.5634650652969272
2580,-0.3565491689174049,-0.5253147917947786
2581,0.38440362778968024,-0.5674339159900017
2582,-0.17548421856824412,-0.5102458028196
2583,0.36608449642936086,-0.5784528183310634
2584,-0.35176062210100423,-0.5575243223087425
2585,-0.6846050613240288,-0.36275245398618267
2586,-0.3380730483508125,-0.3893789326246835
2587,0.2361781811943396,-0.4884179831521668
2588,-1.1983029413300232,0.15391486521200515
2589,0.6333277704975978,-0.34118811014735684
2590,0.10103454396690148,-0.5000606947226306
2591,0.40600949847548523,-0.5564694708563394
2592,0.13776585761570423,-0.5388033932898333
2593,-0.2457084081902074,-0.5378088178168406
2594,0.21674165181314717,-0.53011206145156
2595,-0.07727805140805434,-0.49692453645569357
2596,0.4015568401964214,-0.6003973360382864
2597,0.06070884563084127,-0.5513748526282816
2598,0.046787010316454714,-0.4965969796222728
2599,0.16410334658950992,-0.5269778077927307
2600,0.22663062800584202,-0.44257712126858667
2601,0.3279158889351174,-0.4845765277711962
2602,-0.12606403168092362,-0.45917594382082916
2603,-0.45033364814648974,-0.502753338642908
2604,0.14421479556223438,-0.562693845177897
2605,0.5014860995357137,-0.5779956886514163
2606,-0.3046613821718129,-0.4857322474450757
2607,-0.18551552410458316,-0.5469026943806558
2608,-0.36024069633499994,-0.5275907581876524
2609,0.0783344439091604,-0.4998233562513207
2610,0.12827658990577578,-0.5689442622729415
2611,-0.3311712703717293,-0.5294176942055644
2612,-0.001844195332622288,-0.6081172950599063
2613,-0.1434634097346636,-0.5766938737127832
2614,-0.0960593789033523,-0.5627346516793229
2615,-0.507987917291317,-0.3789066360842118
2616,-0.163335898655245,-0.4833177256314811
2617,0.37602246762112757,-0.2282263141268927
2618,-0.28104467739587624,-0.30745211658946153
2619,0.2976610593638557,-0.2525298199836381
2620,-0.1922627161646603,-0.46086148957511974
2621,0.7262068556942153,-0.39300885409227526
2622,0.3116288410085987,-0.42069357807706576
2623,-0.4728647276209247,-0.3678588552677412
2624,0.5366005594071266,-0.37140863748325315
2625,0.04958729746464278,-0.5111660821299415
2626,-0.17211464643602792,-0.5202126077401542
2627,-0.5311385151857085,-0.4834181163554404
2628,-0.5010380341682776,-0.41378777645727155
2629,0.2523176691014373,-0.5306236376382498
2630,0.13064572994760057,-0.5419402522224708
2631,0.08189442233821524,-0.5166483023130964
2632,-0.46719673781174337,-0.4325300743346243
2633,0.2497253564047074,-0.4609732880665276
2634,-0.06067831160824808,-0.5057152676269849
2635,0.7850338011162753,-0.36908345729918013
2636,-0.1911634924319348,-0.4679871650333305
2637,0.0875748284264372,-0.5398414343659501
2638,0.12871199692229726,-0.5460080730236966
2639,0.5569447581747878,-0.5592947707416405
2640,0.19112518043974158,-0.47159432613301067
2641,0.7062346126926182,-0.37446689209300815
2642,-0.32983071735709624,-0.4065869118321583
2643,0.16819002879177739,-0.47880779800760054
2644,0.5117752293022825,-0.44467925946299103
2645,-0.05272293047781445,-0.4449002347111622
2646,0.3773433267166649,-0.5173577740717364
2647,-0.3920225908721677,-0.42187035565412123
2648,-0.375120627052506,-0.4418435513674897
2649,0.15757431936331667,-0.49844474815605566
2650,-0.15641321007540362,-0.5163901944057728
2651,-0.24040216634852024,-0.5083445110830916
2652,0.7236155718058284,-0.5499333018245542
2653,0.3643373605738655,-0.4715244342830932
2654,-0.4155940990535932,-0.4422958019152912
2655,-1.2794726651969486,-0.19639394078674496
2656,-0.2937398789916823,-0.3038958167299757
2657,0.5426237486021018,-0.40753947992499007
2658,-0.2047461164266947,-0.4155353493069943
2659,-0.7345366779633026,-0.38660325198875534
2660,0.3267718124118081,-0.46078584782497034
2661,-0.27792382512289615,-0.48943207025268964
2662,-0.04070039958896325,-0.4935851768319771
2663,-1.3309771836419828,0.2577236136736094
2664,0.7015103457364997,-0.2576728817690039
2665,0.22353504237852273,-0.36364410872468367
2666,-0.6703974749200522,-0.43620766603771066
2667,-0.2733074662189623,-0.34802432727487354
2668,-1.1742977883914503,0.052710283597239206
2669,-1.045684821360889,0.2513642975196778
2670,0.20112395741761807,-0.283130065116145
2671,0.5273969989804757,-0.19988362655545533
2672,0.9610904239927995,-0.14857054993458377
2673,0.35923870841534616,-0.3318674154073208
2674,0.539155870099969,-0.4133574790452076
2675,-0.23548626697956074,-0.43639719691493334
2676,0.9514562234895,-0.26901676153336646
2677,1.069067829905164,0.015264317994453526
2678,-0.13013657735549622,-0.45225615365426797
2679,0.558443998165852,-0.2210270317394047
2680,0.8088308307679439,-0.0781700808017709
2681,-0.591319253897677,-0.30258146119505525
2682,-0.0903444007985162,-0.4449038199394255
2683,0.261797387568514,-0.45444104344826697
2684,-0.04999136129689078,-0.3638362695103361
2685,0.06179231660200724,-0.45583054908579734
2686,0.28961284297684325,-0.40491059257487777
2687,0.6405201297856901,-0.4607503151266047
2688,-0.016263940455562082,-0.4343911822144127
2689,0.9703236705874146,-0.3128257256415594
2690,-0.10249576761878988,-0.3489485302404994
2691,-0.3794395826581892,-0.33920999656414574
2692,0.7822708650681159,-0.32492979052184734
2693,0.19897609520331141,-0.26605870947539906
2694,-0.06844043397167925,-0.3335701577763941
2695,0.3670808335747355,-0.3420447924253701
2696,0.09499943941570324,-0.44426770881935473
2697,-0.3629875183835399,-0.3359047410913518
2698,-0.08866995160080259,-0.42766061091859686
2699,-0.10633694458877059,-0.45952063000425303
2700,0.2552433622951239,-0.4619617367897161
2701,0.3049195458317609,-0.45132742876411525
2702,-0.5103925005420991,-0.3734928038694931
2703,-0.2951531112458687,-0.1527366891035806
2704,-0.5082046497059369,-0.16235108463623932
2705,2.2506550053368906,0.5633198508974894
2706,-0.6490709164023446,-0.23579142443301054
2707,0.10104204996132954,-0.03198000955511704
2708,0.9678634893730553,-0.2294446605081376
2709,-0.1936756506776829,-0.10437787909307467
2710,-0.33517342014308815,-0.24474043453475447
2711,-0.8868554473156993,-0.0749313632648231
2712,0.441532126997076,-0.3549857619430604
2713,0.6426053029953164,-0.10743009922206712
2714,-0.7481104105456801,-0.058662998837081384
2715,-0.17023778325558153,-0.11690132865448777
2716,-0.7910006267918508,-0.2152535951856323
2717,-0.6463839532920242,0.43247564303364994
2718,-2.462034791810306,0.43614384424788877
2719,1.7231556979029579,0.1628832421587084
2720,0.24252041665491933,0.013599165598594531
2721,-0.2058413407949564,-0.2183664794932978
2722,-0.7947890419760276,-0.23321946425069856
2723,-0.9225834185670195,-0.22414622793464423
2724,-1.7825114723755953,0.500816839209345
2725,-0.06881238699495157,-0.2223250860390844
2726,0.526213758248806,-0.3263127621239286
2727,-0.9419287304138868,-0.12234998515900924
2728,0.6933044205157559,-0.17035172977124025
2729,1.2334222587736214,-0.3421874522889037
2730,-0.8350116531596528,-0.25630007709858593
2731,-0.30244172666260133,-0.24725967801671
2732,-0.14763982592440822,-0.43436541186447664
2733,1.0649081596785264,-0.41395119979406125
2734,0.8298364348351593,-0.29054337787686385
2735,-1.0052644400221027,-0.22488119275084134
2736,0.30415075409402653,-0.4603263049667987
2737,0.407487369960585,-0.47811562920699047
2738,0.5129479314493047,-0.4094383274811289
2739,1.2602221488365044,-0.03859984337735492
2740,1.1822561622363326,-0.023508288110648465
2741,0.7094659638536999,-0.20886440397303924
2742,-0.473447251123973,-0.2796464831510569
2743,-0.8752056821706504,-0.27087096037588604
2744,0.4241763061467348,-0.469827468147169
2745,-0.8016117294675638,-0.3746949538527707
2746,0.11804206249590961,-0.47021792662305517
2747,-0.42781695837568934,-0.4433086397127006
2748,0.2033318121291273,-0.5331132996850256
2749,-0.010103984759440712,-0.5635464232765068
2750,0.6837083864106007,-0.47196375692860937
2751,0.16890636816205742,-0.4216183881658463
2752,-0.45646500976400445,-0.45179009176358176
2753,0.4706279895263212,-0.5957415481844244
2754,0.45928700643989084,-0.4842077289919803
2755,0.04745412362855721,-0.4017409448861862
2756,0.05009306398032639,-0.371867999008627
2757,0.35797655652818694,-0.43163274427608145
2758,-0.24074564765712622,-0.4840070200136314
2759,-0.3590678535641845,-0.44310113783290894
2760,0.4935272119127624,-0.5043019062798324
2761,0.6951299148487569,-0.41987953564679487
2762,-0.1856567496036802,-0.3607844870708939
2763,-0.2488652751574134,-0.20174895310303073
2764,-0.0438348081432901,-0.34856709519358986
2765,0.5527728208113585,-0.35195427418783704
2766,-0.8408560321025319,-0.14640524618401166
2767,-0.32563839589634846,-0.28952485010556633
2768,-0.14615553172200055,-0.4379994300295208
2769,-0.2110245562724103,-0.4453859955258418
2770,-0.36440842867272905,-0.3992663128060103
2771,-0.08722923196306615,-0.41958752098984425
2772,0.6048193377668676,-0.53774071465816
2773,0.13332664385145415,-0.48173169061788246
2774,-0.12146652168521563,-0.5247078483396989
2775,0.39286900228789945,-0.5235467585068166
2776,0.22439173071394625,-0.5414548722109085
2777,-1.2980219787902407,-0.271587681488959
2778,-0.6732766188796218,0.032102082772953316
2779,-0.1692061778935335,-0.1728684711271259
2780,0.522206659032779,-0.3718651431021989
2781,-0.1919303903795275,-0.28306883141670963
2782,-0.001292066349383265,-0.2969845533156223
2783,1.0096538932541272,-0.3830343726470157
2784,0.8879692675260981,-0.16105398915561991
2785,-0.16964271695655472,-0.3008021483803623
2786,0.5633081917191836,-0.34015339812339224
2787,-0.1394195461575262,-0.3576084669810048
2788,0.45513730074382636,-0.4387458524484832
2789,-0.3875884002590342,-0.39157064829481125
2790,0.3524195769054529,-0.45822293296910577
2791,0.23222924502174136,-0.305492508451474
2792,-0.27230797683776164,-0.268823236000774
2793,-0.3230449644822256,-0.3187042626068649
2794,0.611033214887946,-0.3797027320788099
2795,-0.5102987486581163,-0.39144600437219057
2796,0.1694998631725649,-0.45781484884604484
2797,-0.1559272949704038,-0.39134309132929174
2798,0.3449229707191267,-0.4628282435563297
2799,-0.11692431001552905,-0.3633426149412148
2800,-0.34337046738587235,-0.43839045197265686
2801,-0.45272395525381565,-0.4403346677941045
2802,-0.2699374761767446,-0.32561346999156493
2803,1.2689938655423398,-0.32385176443411556
2804,-0.13568906900831793,-0.23923599282803604
2805,-0.5161696614461617,-0.2771930033117925
2806,0.34385910396469843,-0.44395361200099687
2807,-0.2346301057887838,-0.4012459345067402
2808,-0.7360744503997361,-0.2571101496085604
2809,0.39045591729607393,-0.32013003147671704
2810,-0.8847010445436391,-0.3062158512972833
2811,0.06490318313255398,-0.3281101113629228
2812,0.11116135528801095,-0.18979021110464286
2813,0.06414328322801802,-0.2890952464844884
2814,0.033685313559042265,-0.3467434060789401
2815,0.312727638981458,0.04318350923946582
2816,-0.3731281166816213,-0.24514086832246423
2817,1.2705571148161225,-0.23699004154921272
2818,-0.3825405796708681,-0.37332367665875854
2819,-0.3681973967367966,-0.3696369196248599
2820,-0.3792990525882037,-0.3784906954143438
2821,0.4241036703894853,-0.4533023892310422
2822,-0.3677598820406159,-0.37383939007375944
2823,0.3125821816779238,-0.40152060597352157
2824,0.6413336562106636,-0.3362890925572326
2825,1.2225488391906862,0.18024693375221268
2826,-1.5749795339811068,-0.12176399872199792
2827,0.10004352031121429,-0.12585671754936129
2828,0.3611198877780969,-0.43979203288210533
2829,-0.08167818177553825,-0.4064233078805766
2830,0.11882034988977765,-0.3493458066682663
2831,-0.31114082944640176,-0.3678488499891718
2832,0.7674411592170817,-0.3640532284062699
2833,0.050885346846677386,-0.46552849380690986
2834,-0.0495031274427109,-0.4087181355692477
2835,-0.21452926075141865,-0.3859909569656355
2836,-0.10213609675432393,-0.4540053730415583
2837,-0.3383993363977671,-0.50489953013541
2838,0.06669773034339004,-0.5426363603341933
2839,-0.6879346777766118,-0.438764816785097
2840,-0.6349905661174003,-0.2997939451722241
2841,0.0007605168302215227,-0.2997600988036355
2842,-0.1686251329796852,-0.44698060725325905
2843,-0.8114258714539767,-0.09373960628507755
2844,-0.4094607902268627,0.0035296441293423755
2845,0.3054800825383855,-0.22881438511838614
2846,0.28541421526890753,-0.3763222055385675
2847,-1.28039045231188,0.017097178505195522
2848,-0.35364727157779396,0.012169236583253397
2849,-0.420618100476399,-0.228561854576807
2850,0.3654750021034458,-0.4553092939538116
2851,-1.4237369108430356,0.16666612620328658
2852,0.3332684325361828,-0.31716375348093667
2853,0.831059975489128,-0.2976506819449946
2854,0.6088095129693335,-0.14946018461309982
2855,0.6326231971605675,-0.09451693646609341
2856,-0.09630252292096883,-0.26272634697521574
2857,0.3985499597777278,-0.3586484674741215
2858,0.03915535179592194,-0.5201241201374176
2859,-0.7885341907271053,-0.4121432923376368
2860,0.6522225985652915,-0.4139808886109866
2861,-0.865144140334207,-0.36138404471414165
2862,0.6787420356659226,-0.3907197172752529
2863,0.18412011987692126,-0.4335166515852644
2864,0.07515059595504664,-0.3871928803035998
2865,0.7978499953985932,-0.49776784875794233
2866,-0.20795025819909135,-0.4384853602062365
2867,-0.16696756453040776,-0.4522612252808829
2868,0.2464165105026308,-0.5192912203418719
2869,0.13740055907775595,-0.5311720191701442
2870,1.0183239699373545,-0.26501161130666073
2871,-0.25605650114696393,-0.33667787157750334
2872,-0.25867852544410475,-0.45139693833094974
2873,0.033657809453539245,-0.529271610148414
2874,0.43445759686612867,-0.528397874406758
2875,-0.3420747922304595,-0.5298395466654469
2876,-0.08838465422164499,-0.5308302009081313
2877,0.11020553959970944,-0.589176354643891
2878,-0.3402055145870998,-0.4713909720865256
2879,0.14514325188146152,-0.5486267754628215
2880,0.2506157901124876,-0.5658983410142961
2881,-0.6607743403522148,-0.4764473450774692
2882,-0.18577006257461096,-0.5041612192770217
2883,0.11171370925576604,-0.5031753861283808
2884,-0.2955598876352022,-0.43210165056834116
2885,-0.679355849465724,-0.26869965045110367
2886,0.19540408551987254,-0.33908461027324155
2887,0.2875191257610194,-0.45530145778901354
2888,-0.6390401717232019,-0.3917065767520317
2889,0.3181221605546341,-0.520210681594709
2890,0.12237281712399596,-0.46353158752530554
2891,0.15810794589475022,-0.5079967714142881
2892,0.42753419938059634,-0.5537796723374815
2893,0.5843184408469853,-0.40205608150155897
2894,-0.1442243641852818,-0.4916170516814645
2895,-0.0866902385968202,-0.4253289152881699
2896,-0.0979584272597507,-0.5528988817305298
2897,0.27012801040260126,-0.5861498818405088
2898,0.10932240148653631,-0.5112202556393732
2899,0.14793126134582882,-0.5365267493397465
2900,0.34952053979750924,-0.5277383200125125
2901,0.043280912563393024,-0.46288370151457825
2902,0.17825231139642053,-0.49637557991724535
2903,-0.2657259100824888,-0.464903152336699
2904,-0.8825667980292645,-0.2948442832911046
2905,-1.8687710631086425,1.3627149750540513
2906,0.07701314383695282,0.3780157814321456
2907,-1.4679546427385814,0.33003120834705735
2908,1.1041059813090994,0.19585566834633916
2909,-2.0233428736652193,1.3982444268588399
2910,-2.666935932328922,1.6061840703409667
2911,1.4738701409380075,1.4758680957318808
2912,1.8098018478046807,0.894650933685981
2913,-0.14469352217321654,0.43964612588940544
2914,-0.9857945762112431,0.20014935663968855
2915,0.5845043936739804,-0.16466883942236338
2916,-0.270356073802615,-0.13900383713809258
2917,0.7798071030835015,-0.2724519956306562
2918,-0.6626615672484011,-0.36400202069268717
2919,-0.8816055107798179,-0.19116788707431892
2920,0.10795636896710768,-0.3155951504592143
2921,1.169622855067962,-0.43102905256306107
2922,-0.22629994017739558,-0.36164126553771037
2923,-0.6379483833803751,-0.3369712763822304
2924,0.786680528264472,-0.4894677279804682
2925,1.0440293658709423,-0.24423340645570596
2926,-0.27658358423037016,-0.2728447720651843
2927,1.0441930180519812,-0.05088566561064663
2928,-0.6253367886439143,-0.24557789703629318
2929,-0.2991341684575227,-0.40099748519950223
2930,-0.03598525682593902,-0.476669308423876
2931,0.011049147718955581,-0.5315416420426693
2932,-0.9699742895537596,-0.3966248998230592
2933,0.7162528715765135,-0.538123173335513
2934,0.6470520152551117,-0.46516159562428183
2935,1.880322175741522,0.13729810265669332
2936,0.14862977747153677,-0.17075467887166634
2937,-0.45615147660242616,-0.34274370839191176
2938,-0.27568133288882896,-0.4253970673787225
2939,-0.06155676196634292,-0.4307780532746666
2940,0.28491206021280047,-0.5967135189246048
2941,-0.46640174655685346,-0.4654596622742492
2942,-0.33499436325032866,-0.5218205450017886
2943,0.525233562408673,-0.5793611509621456
2944,-0.6135561130319483,-0.4611639410343604
2945,-0.26234443386423933,-0.4246835020636858
2946,-0.2770622502104025,-0.4475164286805105
2947,0.5919187485279023,-0.41826835881904173
2948,-0.1197603483006593,-0.5166004178310184
2949,-0.252315754703606,-0.5566786189292673
2950,-0.06938662526125829,-0.5776863888547658
2951,0.509141224702802,-0.5277539890586767
2952,0.0625875519417914,-0.5673213504885988
2953,-0.00595869843235594,-0.5577911404252808
2954,0.36938950866976,-0.5074099594497529
2955,0.6199634796613555,-0.431493463618077
2956,0.17287577675212712,-0.44491483020156264
2957,0.25002947699351585,-0.44449077870710735
2958,0.030168975814973204,-0.5036266223040337
2959,0.19753657989630882,-0.435016261893226
2960,0.6902401300871475,-0.43243437403560714
2961,-0.18270778248462252,-0.4106362671168079
2962,-0.38386278921960937,-0.28501097730820774
2963,-0.11797250196317209,-0.17608030847413747
2964,0.1967808713151956,-0.48370322355521933
2965,0.08187640167536765,-0.2898188732630864
2966,-0.3361115573927195,-0.4785573985813296
2967,0.09872941651302995,-0.5328664391464919
2968,-0.5428871012828965,-0.5380960299443235
2969,0.3606672323476247,-0.5523216863342804
2970,0.3013136892708051,-0.6099478743496464
2971,0.3917352856795746,-0.5661159148577221
2972,-0.08003293944077354,-0.5750160053572144
2973,0.6166757410342989,-0.34348999952089543
2974,-0.014581390454313874,-0.46005666789247757
2975,-0.316390819547105,-0.48871851569483127
2976,-0.05481686054368133,-0.5306079694446821
2977,-0.4749041694543519,-0.5520533189843029
2978,0.17983204916330717,-0.5138967703473553
2979,0.26569648291183834,-0.5859457564484147
2980,0.0661531806827037,-0.5565161970047321
2981,0.2035562612667447,-0.5183021042260323
2982,-0.06845590611285879,-0.3280060285719492
2983,0.15950778089096282,-0.543333815676938
2984,0.6978656922543701,-0.40926962737866907
2985,-0.20943294395492504,-0.4349874400399274
2986,0.47455416181445853,-0.520297985530777
2987,-0.16454961893671047,-0.46709751896681995
2988,0.3652340948021008,-0.4053175736094488
2989,0.48974315599611873,0.002527384536493954
2990,0.25857254259439444,0.049707879357144796
2991,0.5304640396348544,-0.2626933807915749
2992,1.8917828641425318,0.7210506442402751
2993,-0.7086562715188582,0.14196049227963675
2994,0.1930515890490227,-0.24347073421261162
2995,0.05858752053612213,-0.307749906537153
2996,-0.7793213534399813,-0.2954570147632818
2997,0.4821688075569705,-0.3719176314962158
2998,0.27719409071335716,-0.42836112426861267
2999,0.21086724655500852,-0.39873334294554064
3000,-0.36250539824778255,-0.3719147208883857
3001,0.6211636814840769,-0.31619042545309867
3002,-0.22299578348125657,-0.4354790121734698
3003,0.4508280086982904,-0.38171015490346616
3004,0.15799481804712354,-0.2417550864027278
3005,-1.7415802899228656,0.6111397109507026
3006,-1.352623180497926,0.44871495154253027
3007,1.5045697599117809,0.47433994292525017
3008,0.6878899345413401,0.17968853884126962
3009,-0.10173368136128087,0.02373624625691892
3010,1.4255001980411661,0.002546415392316842
3011,1.6000030333035005,0.4354200601077542
3012,-0.8523557771815058,0.46574700242741907
3013,-0.7286668572269287,0.006761218204908111
3014,-0.650880373222344,-0.10705497818590226
3015,0.810597420612615,-0.23071110800263633
3016,0.19941541390257447,-0.3248091171895417
3017,0.6995784994341521,-0.2830276383207716
3018,-1.1714974266196696,-0.14497754404071245
3019,0.35119368197705775,-0.39638178124040463
3020,-0.46807597378925675,-0.2458872313142374
3021,-1.0717007950537116,-0.15414033521852766
3022,0.5363868937985066,-0.341698802287086
3023,-0.8739274954521965,-0.2761023377955826
3024,-0.16150091211050913,-0.29840675163039304
3025,0.9767395409433406,-0.36974145974921074
3026,0.39171697070395556,-0.3043716598331644
3027,-0.948117474643151,-0.285081666422506
3028,0.23750271304842227,-0.41964423183276245
3029,-0.23434723996420898,-0.4848621745417935
3030,-0.09348931713889101,-0.3768174345877409
3031,0.5838280125691989,-0.3133735354108781
3032,-0.059685842029091,-0.4178630568095256
3033,-0.40627966729835446,-0.4017926235178249
3034,-0.2772612590431427,-0.46493761938912825
3035,0.9425213546657871,-0.44793596588466056
3036,-0.3738754792496471,-0.441992159460694
3037,0.5353419937564443,-0.4476023867393089
3038,-0.7177186015871099,-0.32404502601414414
3039,0.490443795775925,-0.41329421510169473
3040,-0.17138173214193403,-0.48744320419235376
3041,-0.5020626875351746,-0.37609743944222124
3042,-0.1267725220700323,-0.4625393247140138
3043,-0.2739911600254832,-0.4420261748729426
3044,0.38166301019345833,-0.4947332862268927
3045,-0.5525419478905265,-0.39320720628522576
3046,0.5402390421762095,-0.5056715600491694
3047,0.08447043921322793,-0.320379062076662
3048,1.1305776860138517,-0.295998933321491
3049,-0.23691999204423417,-0.30156902031246324
3050,0.7085241811159871,-0.4346700310719868
3051,-0.04196852362027303,-0.29908566913691426
3052,-0.1520182584148297,-0.447850574733453
3053,-0.6260872633382911,-0.3426560985008366
3054,0.42305737944985417,-0.5450023124342989
3055,-0.1677581984852643,-0.27570320828938427
3056,0.884744229894367,-0.4070003778792921
3057,-0.05831625997950094,-0.33401035520665023
3058,0.3167081915526421,-0.2653179553986446
3059,0.8454447968634483,-0.2200296084894119
3060,-0.7388033220978732,-0.38084944072653876
3061,0.2608779462080303,-0.4428873973606413
3062,-0.44437862658784827,-0.4208207429530464
3063,-0.06879306224544847,-0.2672298475738364
3064,-0.2463676547618391,-0.40264533706466954
3065,-0.7360900124975014,-0.3527082220424099
3066,0.16166531327543537,-0.49682239653407745
3067,0.06052913037246154,-0.545813741983283
3068,-0.43115423418590876,-0.4142885665882159
3069,-0.09455328193031914,-0.48139149094832445
3070,-0.36016884105158675,-0.29705730092863264
3071,0.09855092772551743,-0.46319705279207946
3072,0.3583748184259439,-0.4953247737934965
3073,-0.7099530205373439,-0.3439591595509711
3074,0.39588222071288004,-0.5291987828264553
3075,-0.6649360831969513,-0.19943257076163756
3076,0.22363975348604054,-0.4195653384636889
3077,-0.5339457643058383,-0.24745741605438465
3078,-0.3719620384753918,-0.33392253040457526
3079,0.9360276356858135,-0.42206601127231436
3080,0.27924711043089023,-0.43014483702237294
3081,0.17221803098682034,-0.47488180065326147
3082,-0.12581583910323973,-0.535310161197609
3083,0.5192243947504118,-0.4826582693345395
3084,-0.25724519436996135,-0.5068674247169958
3085,-0.4710773062261678,-0.4981578978831184
3086,0.11242834736657484,-0.5623564751588548
3087,0.5561808354469384,-0.5019749397888075
3088,0.027188594884032972,-0.47068489266244473
3089,0.10166623832522423,-0.4930517848395717
3090,-0.09632476465370612,-0.5187472672643674
3091,0.6356434801204623,-0.3406222053151759
3092,-0.08819171658415936,-0.4425505064143664
3093,-0.006658987449374835,-0.5111599873282064
3094,-0.28505244499858207,-0.4995707194010175
3095,-0.3091133423664337,-0.4729826750592061
3096,-0.10725872455143177,-0.4761691741947631
3097,0.5123126583602619,0.3383966537104758
3098,0.8855119366478779,-0.30394977592207906
3099,-1.0147714738875087,-0.1279113941646498
3100,0.42734030725513744,-0.3488408849533828
3101,-0.10706833863892867,-0.2715201969464847
3102,-0.40221516891587855,-0.2797255270081404
3103,0.38470503485457996,-0.14284351010084279
3104,0.9306943639918072,-0.20029305016386548
3105,0.23273182311884788,0.23933661702120096
3106,0.8539382347753884,-0.04177967026288598
3107,-0.8531920644661274,-0.12772772490587767
3108,-1.2553129288633644,-0.057500881394825676
3109,0.93786464103375,-0.31639305381568583
3110,-0.2848926619604292,-0.38245890977345415
3111,1.2492097614642428,-0.2004339529301265
3112,-0.15714613797878313,-0.26225177894588
3113,0.18683431564946967,-0.49296448911918744
3114,-0.9835160784470055,-0.35728974185080997
3115,-0.648092843185905,-0.21358570166631036
3116,0.2817831609967882,-0.3310302109847791
3117,-0.28931385044675456,-0.43407653742879587
3118,0.3069294908812892,-0.439876266469343
3119,0.41903241116592577,-0.4923321979805422
3120,-0.42224278446785546,-0.4646988391528176
3121,0.36364356846350543,-0.5351468659662969
3122,-0.8847066037391691,-0.3109829609954997
3123,-0.6445850198261969,-0.1256187604846272
3124,0.27348253267180855,-0.38643576702245797
3125,-0.6370472073043575,-0.3016705204854797
3126,-0.016069015149594836,-0.4505852868299806
3127,0.38506834106359256,-0.519851766192908
3128,0.005521090778790751,-0.5246096251883537
3129,0.23859034220686093,-0.6043240141071377
3130,0.040152410358788644,-0.56890076697424
3131,0.28012532885938457,-0.6055615103625436
3132,-0.26988883148604004,-0.5621113851652519
3133,-0.36439746317967475,-0.5294055806568313
3134,-0.49764108027025716,-0.4753704996737691
3135,-0.14896455601133596,-0.48019142619270927
3136,0.15849078493214083,-0.5888068662748208
3137,-0.21820607501057904,-0.5758130463350514
3138,0.10554992640703405,-0.6214511608730909
3139,0.27290436476628094,-0.6151198542403019
3140,-0.11412168843802309,-0.572845142120288
3141,0.3141406341472063,-0.6375366759381014
3142,0.18616560869755452,-0.49339016980424855
3143,-0.24218335447200365,-0.3505608328401173
3144,-0.22074130035391715,-0.5300576763267065
3145,-0.28850989133676896,-0.548258027387486
3146,0.021032598344738557,-0.37992607627754943
3147,-0.5731551188069623,-0.433596547600393
3148,-0.002599083197325638,-0.384855458350594
3149,-0.2955320100856894,-0.44626608486590347
3150,0.11654322917886499,-0.5647185163277783
3151,0.5458517655949429,-0.5752429606590669
3152,0.30802307496829834,-0.5790120165793804
3153,-0.2597668341590284,-0.5710000407269352
3154,0.05815527752960004,-0.6157617249647149
3155,0.00940638046857135,-0.5873395454493752
3156,-0.331791139366261,-0.3862772903834797
3157,0.08875170557661673,-0.49447654498756877
3158,-0.1505549266197423,-0.5757085482290529
3159,0.34713944984709805,-0.6023640307483495
3160,-0.006949164270177391,-0.5606240028848822
3161,0.3390881204874248,-0.6215006478657368
3162,-0.06968522073952144,-0.5905968815070828
3163,-0.4138677115328873,-0.5176257391699519
3164,0.321714113676411,-0.5380629539039967
3165,0.335874543250348,-0.5751632480371065
3166,-0.5261606582735306,-0.4739726351263409
3167,-0.4234124864323112,-0.40173589139197374
3168,-0.5310014968668935,-0.40297276150083255
3169,0.4869010824881215,-0.497414171805458
3170,-0.30291793954868357,-0.49938149103073604
3171,0.17664240305078602,-0.5605203611637619
3172,-0.22525406307420068,-0.5011908127385741
3173,0.4586508746520718,-0.5851105283988097
3174,-0.051523647290335164,-0.5729504395496673
3175,-0.6116912807044641,-0.3390209824157534
3176,0.6064803897838507,-0.3746668010633984
3177,0.21360057287876813,-0.4036139535550666
3178,-0.25782057965453503,-0.4868052285486706
3179,-0.2736984728435867,-0.4485955933378996
3180,0.22739329121624108,-0.6047351252498571
3181,-0.26068500481023066,-0.5176434436754227
3182,0.02053353392969129,-0.561110571620284
3183,-0.3834180085040904,-0.4759120762024134
3184,0.021699798147276603,-0.5254669664254819
3185,-0.6845406064654357,-0.19262506530623275
3186,-0.3215257212224798,-0.09362600383067532
3187,0.34215261469661934,-0.40241742922875373
3188,0.309203037469022,-0.4473566998138917
3189,-0.21532299540358762,-0.5228199740291928
3190,0.004806780053087164,-0.5441804467289117
3191,0.1281667782278893,-0.519142695584971
3192,0.5617967264823223,-0.5107751971681416
3193,0.27504066853190695,-0.44057250577193297
3194,-0.1632559768537964,-0.5298014169180317
3195,0.3702745886546767,-0.5197241737197549
3196,0.3147466123011976,-0.45048220373884396
3197,-0.1003141897033626,-0.405435325672157
3198,0.22582027723246614,-0.538202008674297
3199,-0.1570876172036181,-0.514551674259999
3200,0.09241352090531231,-0.5140676845599327
3201,0.1469011643338698,-0.5798411523347081
3202,0.08129290278622396,-0.5573764729009462
3203,0.38015214335591996,-0.5251058957088292
3204,-0.1848773835090521,-0.5116327947331991
3205,0.008449220683951306,-0.5878721963030258
3206,-0.1652022648295795,-0.5077824335975479
3207,-0.5063251572102433,-0.4454203599496279
3208,-0.10271513174888701,-0.4347759440189977
3209,-0.6468965586966952,-0.3331419734305651
3210,0.2721937473309814,-0.437262351799823
3211,-0.9133305314028128,-0.09398821337004076
3212,0.3901915066305342,-0.36522794071106207
3213,-0.3248655504614494,-0.5317871897047123
3214,0.5965374197669524,-0.5169051308116738
3215,0.20879678612934185,-0.4859544334147592
3216,-0.12162815009294368,-0.5598178727720456
3217,-0.5133584374512549,-0.5264197521469742
3218,0.10403650765155616,-0.51833230290231
3219,0.2639812816139852,-0.5693549502468406
3220,0.4009328430044019,-0.5739692197292858
3221,0.03120624921985642,-0.5784050756613094
3222,0.34122460433216395,-0.6044544195757178
3223,-0.21357304807731842,-0.5486632260308378
3224,0.12745883890842383,-0.5566867193406422
3225,-0.2972978879293881,-0.5402461780680851
3226,0.030506116507405954,-0.5871093220424437
3227,-0.3686013773384459,-0.4365845842209902
3228,0.7795574331290307,-0.5026456480744486
3229,-0.4696755319750156,-0.5091932499846143
3230,-0.15787277893570545,-0.522824052506466
3231,-0.2748069467469096,-0.47418456267126796
3232,0.10011264596127221,-0.6109338770150928
3233,0.3609309173116634,-0.5876221448890717
3234,-0.33669002981371177,-0.5558854551222797
3235,-0.2335035235399204,-0.4794809342410655
3236,-0.6792521726680129,-0.378585457085402
3237,0.17511383134654374,-0.38503743355202114
3238,-0.2722134670425149,-0.4704637714428792
3239,0.3993500582597757,-0.42527626311067884
3240,-0.39151992603704294,-0.5113678228377535
3241,-0.4262670251838328,-0.2831547762682045
3242,0.23514061675851045,-0.4533456355208179
3243,0.39378003689178975,-0.5473536550258523
3244,0.17075302436332768,-0.49995049199406205
3245,-0.8717010192196594,-0.3044932593286248
3246,1.515663485171991,-0.20887431928108907
3247,0.8406761047980145,-0.2133683335329819
3248,-0.23573971370434568,-0.37568263952471903
3249,-1.0329028314738093,-0.2821732079135278
3250,-0.07621311637795244,-0.5489609382118448
3251,-0.6266579759470428,-0.3868343789412192
3252,0.3088945977143982,-0.44571401174691555
3253,0.10322716357137002,-0.5378497180262101
3254,-0.3494521070125666,-0.5162889419398793
3255,0.3027893315861986,-0.4737407373347229
3256,0.08307800026177146,-0.49046917504191945
3257,-0.6689246355699202,-0.3964488159424224
3258,0.045677388026434444,-0.3989247299904637
3259,0.5904421903221048,-0.4381301243806378
3260,0.23733900568850877,-0.4397749240769174
3261,0.13150560064664715,-0.5591878727049271
3262,0.1504599622906168,-0.44202609321167263
3263,-0.233324813246377,-0.4017944327971992
3264,-0.4055070789701648,-0.404823141207794
3265,0.18256551697967952,-0.45034951706152637
3266,-0.021692864509906352,-0.5161446552132376
3267,0.27664693781425254,-0.5017434300498014
3268,-0.5224424230328649,-0.44930882155022617
3269,-0.43605497076208133,-0.3548301685167278
3270,0.36833253372354696,-0.4012643917182164
3271,-0.10238088186264935,-0.5311529544056992
3272,-0.48379232877213385,-0.373727362333604
3273,-0.5720739247202262,-0.1547092347334403
3274,0.10422252754740105,-0.4423076977698891
3275,-0.24642798876375813,-0.3430042206710303
3276,-0.45471328037203024,-0.3808873216710231
3277,0.05341396566880449,-0.5182286301785141
3278,-0.052872975992034645,-0.5322352019112615
3279,-0.04885303797492873,-0.5174497201515852
3280,0.2266225222637886,-0.3600807524976309
3281,0.23404976887301976,-0.4255820326591432
3282,-0.30205740594204955,-0.46111176071775095
3283,0.19324225395204792,-0.45869670105447535
3284,0.17769395551874442,-0.5227531621818579
3285,-0.16791962967008525,-0.4522019034599794
3286,-0.1595798862627053,-0.5252020524426247
3287,0.3142646117164759,-0.540106391840754
3288,-0.2481730294326643,-0.5120769220620547
3289,0.22513538157168514,-0.6143799007770899
3290,-0.31358365608620775,-0.4915426639683189
3291,-0.027183107103583858,-0.586292205355883
3292,-0.42692094290784605,-0.14701519603841676
3293,-0.6879706726866225,-0.35176041549579473
3294,0.6176115227350859,-0.4214023612200832
3295,0.47872328958239235,-0.43642399801658327
3296,0.48993642717381297,-0.4322572075436241
3297,-0.04733229065590821,-0.4329632075285205
3298,0.20368770466858474,-0.47176326106964594
3299,0.1913655181279817,-0.3606389320977546
3300,-0.33697786123871887,-0.3247753653058121
3301,-0.538595868721256,-0.40400073703774914
3302,0.2219914112887569,-0.4853286101426856
3303,-0.21645746616838032,-0.512970323654737
3304,0.1279174194281061,-0.49716273985058024
3305,-0.8343131796558613,-0.3681180669813934
3306,0.10431059816224253,-0.41113744824591597
3307,0.4217426348414557,-0.4920844235194457
3308,-0.6651511802515825,-0.4407319712430017
3309,0.19098074476586083,-0.21764343445634043
3310,0.2528190912393417,-0.4821348550129805
3311,-0.19148508235190967,-0.48294411795427106
3312,0.466846744611155,-0.5431131227524398
3313,-0.10990256509094135,-0.5553132162577191
3314,-0.3411592040142378,-0.5114166136538902
3315,-0.04721341393343511,-0.5510115150939845
3316,0.3222723613913696,-0.5444082237399267
3317,0.5674704032381171,-0.540893349352758
3318,-0.2873735277409611,-0.5650738660392464
3319,0.2699043467887951,-0.5714013503601503
3320,0.4852050549300087,-0.551484859416754
3321,-0.14270834388163015,-0.5726863865572918
3322,0.11966595292061555,-0.6171574918689615
3323,-0.6039136021911409,-0.5275829270060468
3324,0.3960126452769736,-0.6064181319866349
3325,0.2864382639527442,-0.605269829213042
3326,-0.12110769404892208,-0.6122690892823252
3327,-1.8387217214551417,-0.03837710887662514
3328,-0.12419001873253481,-0.31218386453697194
3329,-1.0184199609899947,0.2364150511152713
3330,0.4435763237616128,-0.40358406585346546
3331,-0.5817799639204188,-0.22453736170581595
3332,-0.9792625651390381,-0.044747833744818444
3333,-0.3763701014019207,0.0498005048985498
3334,0.477926356277297,-0.24943572962111282
3335,0.571539481078227,-0.06787744781782254
3336,1.0105436107798857,-0.28243363963149526
3337,-0.2634182287108931,-0.33882534802803227
3338,0.2996217017817112,-0.48854529472516606
3339,-0.6564950263713349,-0.37820765898423886
3340,-0.9231703942789596,-0.1544794704151585
3341,-1.236842483787389,0.8511227635962656
3342,0.07684853100745531,-0.28387099021421236
3343,0.5322463723091616,0.2359647468975066
3344,0.9415706474403494,-0.14448032991092702
3345,0.08570610301595853,-0.24361682878140045
3346,-0.037135260114109385,-0.40116489189330173
3347,-0.39023776782215663,-0.4732387612238492
3348,-0.23734681993041354,-0.4467826218595989
3349,0.5741849179976232,-0.5449587054197537
3350,-0.5834984372776154,-0.49084301139263786
3351,0.4699289339206349,-0.3988829926234289
3352,0.7208826247186884,-0.43622010756717944
3353,0.4943652806176036,-0.37423674872138885
3354,0.0036544597168208627,-0.4581284854456422
3355,-0.3033619559165098,-0.3746032295358052
3356,0.5014318480747906,-0.5811238119313964
3357,0.0978826799309001,-0.47901894217361707
3358,1.0787351246867385,-0.32752827964746395
3359,-0.4139510138504223,-0.29868485566224595
3360,-0.08298802901538693,-0.4525819559711977
3361,0.1718310445115176,-0.5048119419585806
3362,0.1040924291887143,-0.537011022115724
3363,-0.446348746036923,-0.36773912456666713
3364,0.04838027494427726,-0.5039697073036229
3365,0.5071179239685198,-0.48152595153427225
3366,0.10972381456144545,-0.4501404087961838
3367,-0.183132514296378,-0.36504638900262015
3368,-0.2477067949003365,-0.4052129784984748
3369,0.04929939328479704,-0.49085473544568436
3370,-0.08461001151187027,-0.49060289855078154
3371,-0.11423896015429225,-0.5134794612835653
3372,0.42418944363715755,-0.5622499808324595
3373,-0.2439540170703829,-0.5275601124512103
3374,-0.25251402571559706,-0.5027688647829747
3375,-0.672405860921722,-0.2637657827627955
3376,-0.521842558639679,-0.30886726263290126
3377,-0.6266525228193238,-0.19460183017187857
3378,-0.26530882578746423,-0.3415212594071711
3379,0.3924120391599946,-0.3611711516237766
3380,-0.7574702652355119,-0.24896567758676924
3381,-0.3008477387388214,-0.2860789384953825
3382,0.3489485516158474,-0.45882301753528654
3383,0.6218265402264201,-0.32345438614603383
3384,0.2898916129367732,-0.27380020142720524
3385,-0.03553156441055679,-0.4099842790103979
3386,-0.02269682962277789,-0.44657291938653687
3387,-0.4982916355734071,-0.19328642324768341
3388,-0.11922534768855027,-0.37851038799832254
3389,-0.862606553615291,0.16454887430640158
3390,1.1897944452383398,-0.08857721463362528
3391,-0.5598584644387157,0.13567117947624302
3392,-0.033161861622782576,-0.07874850045253133
3393,0.37091315433735544,-0.2905690763175777
3394,-0.48792649406709687,-0.2517644371727766
3395,-0.2992244664867695,-0.23933959262915766
3396,0.12421469912026416,-0.3946435217355475
3397,-0.6877031639500568,-0.262833370482402
3398,0.15710072430910585,-0.2672774271118308
3399,0.6412158280675038,-0.4222096835143593
3400,0.9674351610286656,-0.31852376684844563
3401,0.17141330717734113,-0.34491038181738104
3402,-0.22171506268788266,-0.4484937009434165
3403,-0.3778918076175092,-0.336344826312105
3404,1.1002684861338052,-0.4721193309527516
3405,0.4360712945483279,-0.24221974667314794
3406,0.17873045019761033,-0.49726027043453846
3407,0.5255263672017483,-0.4100106519425085
3408,-0.23442455791563405,-0.45746478100313914
3409,1.0514139442179167,-0.3151939537700729
3410,-0.3199850692790739,-0.37610465660341014
3411,0.2089024139666897,-0.4977695664340782
3412,-0.5416692219359849,-0.39932346028718385
3413,-0.5830857338339307,-0.4417630913439153
3414,-0.40140923991458227,-0.4102923364805313
3415,-0.5636201845451816,-0.3858925559686502
3416,-0.09944331007934526,-0.4729999914135331
3417,-0.7794290815587156,-0.2692823243479116
3418,0.767773522973812,-0.4725888412266478
3419,0.9998383446470717,-0.41519877316535714
3420,0.109773882269228,-0.4550777214491034
3421,-0.3737796120924099,-0.4993771495333823
3422,0.5299159810593832,-0.5598574418066498
3423,0.4096839871538551,-0.5540120933350229
3424,0.16564478451074513,-0.5196534908946343
3425,1.1307675781384394,-0.42446344591780094
3426,-0.5118714820525686,-0.40985925619676805
3427,-0.2502756783279982,-0.45754161763048184
3428,-0.45413696442977747,-0.4605486232417607
3429,-0.23113885869580397,-0.5194398120378703
3430,-0.34680360704043683,-0.4751132757683816
3431,-0.07487177312406239,-0.3584004929219726
3432,0.37011107895064943,-0.539257071101947
3433,-0.8792852074253773,-0.3766002722497409
3434,0.4019605474394049,-0.5362596194301104
3435,0.46131924684672715,-0.5158723862564375
3436,0.22089444412508077,-0.4747928027819547
3437,-1.436005669915478,-0.30703924143754124
3438,-0.28732432326441315,-0.34999069984508535
3439,-0.2920942156105243,-0.33458750511915386
3440,-0.6509359223059836,-0.17090043471761554
3441,0.3690731079730584,-0.46914550918876663
3442,0.8263875506216908,-0.4153458709754353
3443,-0.40456707722182306,-0.4605602167393441
3444,0.6316388808774717,-0.5148859387236749
3445,0.42124581205850375,-0.4101758580054063
3446,-0.08036977980627012,-0.4653307405180429
3447,-0.24395092257982118,-0.5568882895506647
3448,0.6074871262716287,-0.5543058874879477
3449,-0.2963517942296872,-0.5117911569233986
3450,0.2835161713855395,-0.5347340223287901
3451,-0.18972213742052121,-0.4979141409949097
3452,-0.5411289485954491,-0.45230267731492624
3453,-0.13773855571378205,-0.5150605397653236
3454,-0.18819643891013074,-0.3920845642091597
3455,0.4869041406897473,-0.5350510765366525
3456,-0.1572000347064537,-0.5399443033405412
3457,0.27178727485201254,-0.5853566370001283
3458,0.16539217182897545,-0.527772266007124
3459,0.12349040303692045,-0.45650318698814685
3460,-0.3869890642527742,-0.4657179645415067
3461,-0.07417478741231079,-0.3737565551421635
3462,0.03782807241135365,-0.5049516289529655
3463,-0.7971084578829624,-0.34126145685423515
3464,-0.7747174578022515,-0.016911065360640354
3465,0.9092585499151056,-0.4044181487660816
3466,0.42939274652454085,-0.43232848372247035
3467,-0.5970415151719297,-0.3840297789589114
3468,-0.04452366584235869,-0.5122957615985099
3469,-0.45820103543531276,-0.36763805998973026
3470,0.4311381822055324,-0.428951059035872
3471,-0.358923824236636,-0.41120711129466203
3472,0.04313403084563895,-0.31877036914159745
3473,-0.6582965939850692,-0.30884294519470223
3474,-0.4857574781182237,0.15934185723971078
3475,0.3134796998837676,-0.3985529504374661
3476,-0.4701518276085025,-0.372007041444264
3477,-0.10989153683140304,-0.40020875906252296
3478,-0.34105477159698017,-0.2320077956197325
3479,0.28582626511884246,-0.42178458411507946
3480,-0.19581572501364536,-0.3989413771841849
3481,0.6773574921316569,-0.36498095482252046
3482,0.11684055198339895,-0.39103537917255826
3483,-0.8475735842469955,-0.2204807048245025
3484,-0.26527079030941125,-0.37250305512711784
3485,0.9864269646074016,-0.2460809244577174
3486,-0.9520200803401069,0.308193390876525
3487,1.6005013693991201,-0.09786373935244605
3488,1.2163809416505154,0.1933666300141238
3489,-0.32975950765870443,-0.18619280640188363
3490,-0.46815529688614554,-0.329193469062559
3491,0.46474838659806467,-0.4548330987101771
3492,0.7336643286922733,-0.41525556380400225
3493,-0.06655629987411368,-0.29505760647038265
3494,-0.23373969590105886,-0.37230333901242607
3495,0.8007860509521209,-0.2071796440229201
3496,-0.8614304731322788,-0.25109046943302105
3497,-0.1778416468121442,-0.38730512655369714
3498,-0.8522297745015347,-0.298892219382491
3499,1.1691414178270811,-0.283216535163444
3500,0.8679464231336775,-0.4177452438117784
3501,-0.6215816848353003,-0.3160926904312269
3502,-0.030449491430663115,-0.5220070193671549
3503,0.37204613032749945,-0.5705196388573136
3504,1.1439547788767366,-0.3025819439416035
3505,-0.4808493095051672,-0.36288356401316996
3506,1.2098372404666622,-0.2669394552203333
3507,-0.1805800620862382,-0.2884060006236549
3508,0.2274726058792363,-0.48864828397618887
3509,0.05229380600183309,-0.5559225039975093
3510,-0.5709856363255935,-0.44344830240006267
3511,0.18580242486333798,-0.5239875828873708
3512,-0.8690606934636074,-0.39621658084545747
3513,-0.3214280592451802,-0.431744934885326
3514,0.005011934194940827,-0.5331456522402269
3515,-0.10604008646239725,-0.48070769615176345
3516,-0.6841453081000236,-0.4649083514255039
3517,0.6681235869606678,-0.34227295477814434
3518,0.16855880724560224,-0.46693019338907793
3519,2.2391060188688736,0.5258942066292346
3520,1.358913825094637,0.15552788239837867
3521,0.36051613803493177,0.1281824199020326
3522,0.586363117291477,-0.014302307802538619
3523,-0.5259808580648587,-0.05826002977590855
3524,1.2018340140094648,0.015436053724858054
3525,0.8050531243878404,-0.17150000109379507
3526,-0.05826142083502378,-0.2032024977646626
3527,0.5134586539314038,0.048992206964028305
3528,1.3229924416185788,0.7068906436200676
3529,-0.21153976082778816,-0.15690617436643528
3530,0.3270305383707427,-0.30809316880678544
3531,0.16070237886885413,-0.12723015584960878
3532,0.30188167121626136,-0.38357453419494636
3533,-0.8233077421155575,-0.29517327622681294
3534,-0.2510541777424969,-0.3537652911344267
3535,-0.825367145134266,0.23172816496852144
3536,-0.25861879977060476,-0.16612766836324272
3537,-0.6423418370465892,-0.33155282489668375
3538,-0.22075012861132065,-0.3267798791708198
3539,-0.6346859401243234,-0.3199819449898015
3540,0.21181949641259765,-0.21128600651065627
3541,0.19014847023804124,-0.4161696402138568
3542,0.09219923313653867,-0.5486610983572076
3543,0.7691137179298527,-0.4543534544233099
3544,-0.4326039042952361,-0.44505452115716887
3545,-0.2165261996396786,-0.48783768888262713
3546,0.2242824257986358,-0.49237168468876236
3547,-0.2847240107597121,-0.5238125299178166
3548,-0.2304548957325554,-0.5102644155173054
3549,-0.240597385678737,-0.4347608700715769
3550,-0.012842443195534944,-0.4928813332744172
3551,0.9879761874368134,-0.2507827216222483
3552,-0.4390803466501209,-0.40851469013630065
3553,-0.18499574916385858,-0.46686359871873884
3554,0.34375942361464845,-0.5144058774521323
3555,0.3662118994343082,-0.5227562733976083
3556,0.4650802542015491,-0.43373594124459586
3557,0.33150860190028547,-0.4845899450830894
3558,0.31880864811175325,-0.4305531263180886
3559,-0.5538365846051149,-0.40034164227841945
3560,0.27108491744399804,-0.561832664630832
3561,0.48521681457624305,-0.38793052031708747
3562,0.06846411489248173,-0.4906551536910807
3563,-0.006338310260030706,-0.43104671825572505
3564,-0.2249553096869225,-0.5028561982275636
3565,0.37160245855095464,-0.5413635323992897
3566,-0.08977390178914985,-0.5572751575486401
3567,-0.19302067650622,-0.4935382900779629
3568,-0.441293820900943,-0.46078024404432405
3569,0.5951863955700748,-0.5665665632917977
3570,-0.08383697568886651,-0.5540252814547478
3571,-0.035613725011973824,-0.4984226362541364
3572,-0.26595358621240284,-0.4915474349248182
3573,0.34842068957978717,-0.6228953659647707
3574,0.0179270221085496,-0.5310651300618431
3575,-0.26796533263329797,-0.3994201891431927
3576,-0.07892356662407284,-0.4503173490746644
3577,-0.25490947276080883,-0.4506618847564879
3578,0.15418795176142033,-0.4740781546755334
3579,-0.5925135026811923,-0.3700947989060415
3580,-0.33784111738120903,-0.4279518854816862
3581,1.5782475955923356,-0.08985932445386124
3582,-0.7495749425666468,-0.14738277838153724
3583,0.3247278769526519,-0.24859340557678633
3584,0.6942786860993406,-0.3263103285498287
3585,-0.5027079732305577,-0.3386985817557346
3586,-1.1407178593912448,-0.1432496556270999
3587,-0.39741752697897476,-0.2585410304221582
3588,0.07733624772130275,-0.32821245071743005
3589,0.217101124895306,-0.3608638393549837
3590,-0.5768577201996116,-0.42007714600922846
3591,-0.3766076969818408,-0.2779584309288546
3592,-0.9994599383343824,-0.16027456915680915
3593,0.5071581117757766,-0.3179034883379336
3594,0.7061164382252576,-0.392345023540053
3595,-0.16616404118875064,-0.39803592622382056
3596,-0.4635903546264168,-0.470104265393951
3597,-0.07188503925106174,-0.519853232939907
3598,-0.4982608530353119,-0.2114025753882467
3599,-0.30755322707096494,0.6384836556466148
3600,1.1018181860615401,-0.34512817921585615
3601,-0.27533693522024427,-0.14573942481389818
3602,0.6439518932041496,-0.3233913727755811
3603,-0.5825484950624941,-0.3579917725362214
3604,-1.2802402843274143,-0.18330412439482463
3605,1.5962016047390932,-0.09002304649636231
3606,-1.035313383820457,-0.1271154244791024
3607,0.5279187459574193,-0.43250387325057504
3608,-0.42450069336492496,-0.42330490000630183
3609,0.05406802412750548,-0.4335218087823673
3610,1.180416842146799,-0.4169495990211915
3611,0.3172059955130222,-0.4581739161498066
3612,1.1613812598647457,-0.35900722102042526
3613,0.059633683513902226,-0.3797217974214143
3614,-0.2758054869843952,-0.4053829909370227
3615,0.39016714020025695,-0.3539455316379741
3616,-0.3423905969184207,-0.48240614337203913
3617,0.6782355752768091,-0.48902797564793365
3618,-0.03650673989200683,-0.4754843816824281
3619,0.6302636373053004,-0.419006182660328
3620,-0.5533730906255777,-0.45856632552416776
3621,-0.4104150457546504,-0.37790398871657943
3622,-0.02188987911711758,-0.5374808826874985
3623,0.16082287514942828,-0.5074755703663394
3624,0.23275604567652797,-0.5545446817207589
3625,-0.7545046901580287,-0.462858311346691
3626,2.812827345296705,0.4202824006032747
3627,0.44874941751441794,1.4124449630590554
3628,0.5121976672604245,0.11482251307926587
3629,-0.5105904248215135,-0.16719502302344902
3630,-0.31215068986038835,-0.28366007715803904
3631,0.8112660222867505,-0.3232744094022726
3632,2.0982189452041027,0.24672024800313994
3633,0.5624885401237829,0.7820383992244467
3634,0.018500654017630784,-0.028381736372260657
3635,0.49169389002861674,-0.04020861479767224
3636,0.3020859115844056,-0.24624474258147083
3637,1.2706780623429208,0.24800480982830037
3638,0.3140766618083188,0.2785511454943202
3639,0.6277490638792808,0.6652273816171672
3640,0.4524933251348017,0.006531210055163356
3641,-0.905361764764072,-0.02876227008208157
3642,-0.5643091513785116,0.277960934143161
3643,0.11686486245380402,-0.04165475963823452
3644,0.06822572065729848,-0.034956904404653585
3645,-0.11618946765814,-0.21844183989970212
3646,-0.33995154171497277,-0.3566082286314635
3647,0.7308107466798626,-0.2770964280411297
3648,-0.21438978241585938,-0.4662023707724079
3649,0.19593548002046524,-0.3838462395332303
3650,0.25927554009114995,-0.3603462012693622
3651,0.5004202935761194,-0.18937062641154004
3652,0.7291900663214457,-0.23585287491532497
3653,0.2342009789853963,-0.0036512608736448057
3654,-0.45695289694214847,-0.23440367458011951
3655,1.1071936226768297,0.28742919045304993
3656,0.2376963324208605,-0.03287496638156072
3657,0.35301529399625226,-0.2894729104031766
3658,-0.06693466745756983,-0.1009571095271391
3659,-0.012510942139040377,-0.3591760671056641
3660,0.1823331589915948,-0.38985750461429547
3661,-0.09969716755519722,-0.38428627752879246
3662,0.7978626441872159,-0.3228557830592029
3663,-0.08311536340996417,-0.10626395611311348
3664,0.4069137984173287,-0.20828814199454115
3665,-0.34426996514401526,-0.21491642043474612
3666,0.38355440208723574,-0.29345447871344743
3667,-0.531731365318283,-0.2965557723644798
3668,-0.5942225346290294,-0.13159364608633586
3669,0.02802340943333292,-0.3234687133616514
3670,-0.11882675885775117,-0.2713898924244185
3671,0.09159395916070145,-0.28371751260590605
3672,0.43329160250677917,-0.2849224078456457
3673,-0.550145086667905,-0.21085724702971298
3674,-0.05088385459239819,-0.33685105728988896
3675,0.1511948022826238,-0.34823560392946706
3676,0.4248694396445655,-0.33920438737789527
3677,-0.29199525699769086,-0.1845699436020589
3678,0.012408679673477911,-0.07782556140280225
3679,-0.4892453257435082,-0.2698844980246413
3680,1.2115454720323708,-0.1385752847981558
3681,0.5311445468085312,0.002703020839682116
3682,-0.2968353293679266,0.390457456073493
3683,1.3516905380036839,-0.078599227566405
3684,2.6653667249308532,3.601528223197912
3685,1.9837173435760567,2.2352532644929726
3686,-1.5885107798403593,1.9004153961728192
3687,0.6479770552479239,0.5513444073026633
3688,-0.35798154326636616,0.06289081490268296
3689,0.9365336809556852,0.05095968975811969
3690,0.1528691636434032,-0.1467200113755049
3691,-0.3668777025002312,-0.17775639118457381
3692,0.61777384125691,0.21682098345196663
3693,-1.473930134406604,0.3601716512648362
3694,-0.22240765609130295,0.1306643238742669
3695,0.6254497840728167,-0.17113448253334948
3696,0.10579589307071689,-0.32943657802299015
3697,0.1854805638703531,-0.355961022656301
3698,0.08713419898255659,-0.42828120527916036
3699,-0.5806733411577,-0.3379000009574587
3700,0.5207031824727391,-0.17124527439348464
3701,-0.11305819759032372,-0.3716200797926524
3702,0.7950231835700576,0.27004222156347635
3703,-0.06971921566318579,0.0845626265525929
3704,0.7077544271286315,-0.34967902633590064
3705,2.3814515001659182,1.5122840376614892
3706,2.7551705365825945,1.8407519817801936
3707,-0.7458352953538591,0.6580634305753461
3708,1.7400535777726256,1.9083817661574458
3709,-1.437590864195757,0.8992013350834112
3710,-0.04933310204104913,0.246867221957761
3711,-0.7998732991186667,0.01825756403855111
3712,0.5819671817653338,-0.08128444790600198
3713,1.03140034617215,-0.22342713736131936
3714,-0.42543470241031434,-0.2029848651466769
3715,0.024442234191619075,-0.18615428172146112
3716,0.10463426893271234,-0.2161208556924854
3717,1.0701912250816341,-0.20684022838126304
3718,0.8140385153312145,0.013239996423175304
3719,-0.8272267397072108,0.19566043817357154
3720,-0.6600412721222534,-0.1397588776068515
3721,-0.10322059382839681,0.02575266926595396
3722,0.37913397841306207,-0.2845859766995917
3723,0.22501097551899174,0.0018493241273252262
3724,0.018781309137049958,-0.11761537605732977
3725,0.10565713936660263,-0.31736975304213444
3726,0.8678378220009111,-0.2567771693671747
3727,-0.5074400862120473,-0.07468973160375984
3728,-0.6446457460813021,-0.11655268028233381
3729,-0.207185975348034,-0.24275870803726918
3730,0.11186274625878512,-0.1962409059251094
3731,0.9180884258344466,-0.12925520414026223
3732,0.026922490855036212,-0.2282688270558174
3733,-1.2215692611011175,0.0031966460926685647
3734,-0.41054399361544197,-0.11530963936269661
3735,0.8606340114896334,-0.3468319281018358
3736,-0.34923718952372146,-0.3057085941196496
3737,-0.14664270951512207,-0.3636846657637903
3738,0.41398036907145674,-0.3841398802322049
3739,0.15493933941691307,-0.27234998677443084
3740,0.010508558190793844,-0.4094776293769646
3741,0.5441066798081476,-0.36945157066240913
3742,0.22559552583620393,-0.4729326438653769
3743,-0.07031079548738825,-0.33892985348331606
3744,0.9146229808626666,-0.12184122179070447
3745,-0.12631801951189234,0.010538792558419864
3746,0.5896414914350586,-0.2857684580959344
3747,1.6282108953856964,0.4984071521824429
3748,1.3112352234203533,0.6987140725073635
3749,0.42277891950516483,2.058434928807696
3750,-0.8321292462087039,1.9152593259685795
3751,0.27480915142370566,0.7903460407808517
3752,1.3112431826035842,1.2399408372819436
3753,-4.520957269941458,3.0541792818126066
3754,1.453951965480367,1.3096518461068127
3755,-1.1122367480300424,1.22297033545992
3756,-0.5627728758430872,0.7325010675141339
3757,0.8638281764323552,-0.03666717964924682
3758,0.2962498367305605,-0.0366688316639749
3759,0.9654639669787485,0.25670485195907017
3760,0.0276450465053005,0.0673577991752202
3761,1.0243161736877922,0.17450547376864323
3762,0.7451646994712148,0.37576641366156416
3763,0.09436980758817348,0.7201793675291882
3764,-0.7298307423138172,1.359453522123263
3765,0.6077562789223064,0.16926026501755018
3766,-0.8324978231241998,-0.17916108361224697
3767,-0.47408852812885327,0.1941699140321489
3768,0.6959646503239529,-0.1996028382129077
3769,-0.40314089447527496,-0.2701257302200804
3770,-0.13284345185998367,-0.3150552883421348
3771,0.8124516336230704,-0.15634296195381633
3772,-0.5899828315235337,0.10258891363784019
3773,1.2800088508496819,0.32423244043809385
3774,0.9013125062046407,0.6083964490663675
3775,-0.4659876014308208,0.25680466175467564
3776,-3.3051187060153353,1.011479588236833
3777,0.6591110506277131,0.8194461780266418
3778,0.4186454351884102,0.17538938008709268
3779,0.33219882895204367,-0.066521710632097
3780,-1.0091002667484208,-0.03442417674843121
3781,0.06374016603339781,-0.20482348664966127
3782,0.5446414844006394,-0.12219930746987362
3783,-0.2670174820716091,0.09725822335898593
3784,-0.20240850719006565,-0.22402086694741347
3785,0.21980350305795365,-0.4093865397764644
3786,-1.2952860956015904,-0.04502140057714228
3787,1.2223906844161152,-0.24075850224330203
3788,1.2385616843547493,-0.1345133423074391
3789,0.2647079527565628,-0.14184722545250641
3790,0.40192585006293313,-0.3561908159854884
3791,-0.4604692672715989,-0.3535570193035517
3792,0.12538857830443126,-0.47245976411046264
3793,0.12058799538507059,-0.4867565897092513
3794,-0.3575881967022311,-0.42532960414398857
3795,-0.25983774483737204,-0.48395239158476167
3796,-0.20980493438320633,-0.3589723056851544
3797,0.18808337745266882,-0.5465385881865524
3798,0.23175106635639506,-0.4841628455141259
3799,0.15309858544318442,-0.43016689523283697
3800,0.28277872447333235,-0.5121190505234215
3801,-0.27978278956489205,-0.4332045559874118
3802,0.2825290644532663,-0.500999351127314
3803,-0.29386443959137576,-0.3982076005504554
3804,-0.5968315652097881,-0.28321413507930293
3805,-0.27053966055547934,-0.405873815353304
3806,0.49798566451799625,-0.507465204369029
3807,-0.09102271457788828,-0.5179661043435108
3808,0.4219149418182058,-0.5352658187117856
3809,-0.10806511626901702,-0.48013852136812474
3810,-0.5737207244081087,-0.41702402847987524
3811,0.3466165227154835,-0.3946109462700547
3812,0.391348580412597,-0.35605767551197015
3813,-0.34768368698353075,-0.4644689120368708
3814,0.337302403256761,-0.5390893252793919
3815,0.8570600526199711,0.2661764308065119
3816,-0.048394111542743035,0.18001391331802097
3817,-0.6626301303644238,-0.12143069786891517
3818,-0.7175533080840047,-0.021019230824496832
3819,0.5139925336020715,-0.4182257141940996
3820,0.8811111673821802,-0.4026010959189591
3821,-0.19061595068953593,-0.43083196692089865
3822,-0.2935576028324912,-0.3599358728347536
3823,0.4279302978340237,-0.5409214175037526
3824,-0.014107461498926315,-0.4688523640371298
3825,0.7573082995658327,-0.18099479209824018
3826,-0.103311546385411,-0.36041159208112594
3827,-0.5350610490423877,-0.3578751728571549
3828,-0.07648833052256433,-0.49965176279119294
3829,-0.1741794542583425,-0.34034009552351285
3830,0.313590020425605,-0.4199748133626073
3831,-0.7039207363740981,-0.13835059111354867
3832,0.13700633472846657,-0.3879061080203092
3833,0.07003409363019288,-0.5378089970799205
3834,0.23205256069276434,-0.47042211486706775
3835,-0.2949831966093479,-0.46034032047755835
3836,0.12064579085891702,-0.4425240108405832
3837,0.27154221008712554,-0.47941508643651876
3838,0.969734348452941,-0.3676145313785302
3839,0.434256031997107,-0.2419267135242804
3840,0.8802146895903882,-0.17042744494654982
3841,-0.3578908794293289,-0.21708118175327362
3842,1.3691998809159045,-0.08092620695145628
3843,-0.6020409588946448,0.1792854812194353
3844,-0.2620961330842739,-0.17445939232275604
3845,-0.029818545690734017,-0.23628189539126282
3846,0.5140929228782326,-0.1578649602412988
3847,0.27858781772148306,0.3271369414865609
3848,0.7162885951853174,-0.18377851731384212
3849,-0.45499422794426997,-0.21548425491815404
3850,-0.8402188452554618,0.1542736671873481
3851,-0.6776673350559522,0.0057523088816531995
3852,0.5753501164144987,-0.3572484260020045
3853,0.5987535078024654,-0.18486868259773487
3854,0.35538955730643057,-0.35788346718405084
3855,0.3903117610127118,0.09536483706403763
3856,-0.38533442236602133,-0.12934742652567072
3857,-0.05103875670602632,-0.3656789837446022
3858,-0.9262169008347697,-0.17465788044170596
3859,0.5186099875524043,-0.3471655815658271
3860,-0.685011569743675,-0.15054455873887837
3861,-0.7439398786475672,0.0428055365043418
3862,-0.10581996733691289,-0.30228123658423756
3863,1.0742780424132579,-0.2877443365529056
3864,0.5094595288359827,-0.3121369846991155
3865,-0.6323876855858018,-0.2793939329977217
3866,0.5511035123536969,-0.436965970195522
3867,0.23658072534185087,-0.3535795734288079
3868,-0.11213527600283964,-0.39684865067403485
3869,0.13906332005461144,-0.37057030738445623
3870,0.11151515912931634,-0.35319136851218275
3871,-0.3354231766565905,-0.20902255491813654
3872,-0.2540427236874999,-0.33468462430343476
3873,0.3103539237710247,-0.5050124366878913
3874,0.21568457437867003,-0.4945674272810383
3875,-0.28498809854057167,-0.34181103160824955
3876,-0.04970714641763509,-0.2795258875308424
3877,-0.614201178398718,-0.3004556255253038
3878,-0.33391889668895763,-0.20528759089856036
3879,0.5056326003787397,-0.3617823121873051
3880,0.6307414375496184,0.0020338296541986406
3881,0.4386047674667969,-0.18594032614168077
3882,0.3159021849039165,-0.35114887205460454
3883,0.17241005958017536,-0.10036933697175895
3884,0.5365784049310005,-0.21409522485899996
3885,-0.08213861397860035,0.10820824893229168
3886,-1.2055348946654374,0.5040987924041831
3887,0.4989199019966995,-0.2754514402962133
3888,-0.44729756036759,-0.3454463767914917
3889,-0.1514020566373518,-0.24795552331813459
3890,0.5203811960868229,-0.35164373083413436
3891,-0.8350233734927761,-0.334383104944838
3892,0.5445516010297088,-0.4059212563690978
3893,0.3148898426186936,-0.45866754510445473
3894,-0.23483541533689253,-0.43171672893645474
3895,-0.08725791781778149,-0.38202283244871377
3896,0.2209971942005662,-0.4818193951751447
3897,0.4132687382788076,-0.5099670664692186
3898,-0.06549622160324896,-0.42212366079683256
3899,0.24029523015503695,-0.37638904031366294
3900,0.14927654885559108,-0.42892921234911796
3901,0.5670561024523605,-0.39497023205495235
3902,0.9271233717017532,-0.11710973705508368
3903,-0.6978022018157927,-0.2358986247626617
3904,0.2894176331128014,-0.37885231984769346
3905,0.741235074288966,-0.18215116843626894
3906,0.07874377538359047,-0.24864024618336733
3907,1.8926056444017225,0.384043312368728
3908,2.243485194933458,2.6912128025233377
3909,-0.48260909574156213,0.6138774165490175
3910,1.3492326051399703,0.12025751876125515
3911,-0.047970722678645446,0.8423604521052898
3912,-3.549640744303874,1.6755977588988777
3913,2.265931466502738,0.7278122104958673
3914,0.19776815344573462,0.47195188854447323
3915,0.28626307655761096,0.0010822970371361373
3916,-0.6862366000316625,-0.016362840704884557
3917,-0.15944695280542295,-0.16687886456308268
3918,-1.4580182487152282,0.2892986008229406
3919,0.09587169941279663,-0.058239648856228676
3920,0.4721651207080604,-0.36975136816970805
3921,-0.2510694450419171,-0.25135408235446266
3922,-1.357832267541166,0.5355388514537506
3923,0.5460972316519096,-0.1556312971840511
3924,0.7617925003040262,-0.37742636408582547
3925,0.20686781807300922,-0.37434094513223337
3926,-0.5588399005483182,-0.30708598410164634
3927,1.1730332721300312,-0.17892875958422827
3928,0.07728624326357698,-0.3857655917375134
3929,-0.22429589751764767,-0.3549761774206592
3930,0.2278676459533415,-0.4968594106550802
3931,-0.1571240674386639,-0.4278760665190437
3932,-0.7609922510227762,-0.3310766222728356
3933,0.5301749961489628,-0.4543848037707515
3934,-0.830042237734384,-0.3106146169142048
3935,-0.5553509235760637,-0.057324221086266294
3936,0.7869160100657446,-0.4213988488992711
3937,-1.0762660096427294,-0.06097209855899545
3938,0.29084876552136324,-0.19773988691290192
3939,-0.9572020862351318,0.5678944623951131
3940,-0.3110438974938206,-0.11432793165811922
3941,-1.331686741354219,0.19410562442578727
3942,0.2385870767991069,-0.1892861783507462
3943,1.4504491569344782,-0.2987372822095636
3944,-0.2469558785583962,-0.26350736531008384
3945,0.17720333994381984,-0.21186075147100247
3946,-0.6776580064052983,-0.354116866664955
3947,1.6503932126682388,-0.12164926705830875
3948,0.4363986682045468,-0.2358965233695629
3949,-0.14584076737397766,-0.33130297229430894
3950,0.17358610304143812,-0.43589380305741005
3951,-0.3286247265139602,-0.37678791159040476
3952,0.8508586960577036,-0.361237115353974
3953,-0.5058594464454469,-0.32997876245053515
3954,0.7785200037806536,-0.24831666915851647
3955,-0.46779996756292,-0.20501778609856824
3956,0.2643940120617067,-0.39320703383336064
3957,0.13252559578409534,-0.3511609522587378
3958,0.2796860251009912,-0.45924866815478593
3959,0.3102366741335177,0.22154691087543593
3960,-0.79510304271619,-0.0833762733278276
3961,-0.24170688493968737,-0.2421896001294695
3962,0.2571928933941498,-0.4300027480533128
3963,0.1906660435295845,-0.4717405080034165
3964,-1.497461494750297,-0.0765478277012349
3965,-0.5366047429789601,0.4442982720229549
3966,-1.624931394702113,0.27688101972816626
3967,0.31058434390428674,-0.32227251567390364
3968,0.03333777395754347,0.0951933706133759
3969,0.9984172703743753,-0.13845544872034732
3970,-0.2655115644866495,-0.3289965646446984
3971,1.4693186461709806,-0.03744128562792658
3972,-0.793033611497916,-0.1985764001190937
3973,-0.43042366129153603,-0.3639567576515148
3974,-0.6763197940809959,0.23309082914919532
3975,-0.5980699283887676,0.10908234173133664
3976,0.7138840662155822,-0.3604472070098593
3977,-0.38357583359726066,-0.3956032247352699
3978,-0.11846598396968479,-0.4336741057468791
3979,0.40214016075426046,-0.37637928901684825
3980,-0.014035575399581064,-0.33541363721621775
3981,0.7096399486206554,-0.4000343474685731
3982,0.21219233613162397,-0.33604744587910784
3983,-0.4753533715098465,-0.4333122095828769
3984,-0.0580570536176309,-0.5501896095198927
3985,2.1409260879427743,-0.027326082807352103
3986,0.2155596347617917,-0.03754920240571172
3987,0.019490078205511917,-0.34926820865318886
3988,0.10617560850511089,-0.39897152830116056
3989,-0.31125495000726705,-0.38778347510122313
3990,-0.24600259252007967,-0.47120795945896365
3991,0.014620626574831142,-0.4692676650926072
3992,-0.11319856792838649,-0.5444146513078532
3993,-0.3271598614235181,-0.46399428367956186
3994,-0.06081710507831248,-0.5464349277527848
3995,-0.7387663451319391,-0.3314112500213765
3996,0.6482606220203119,-0.47970624610203416
3997,-0.1461737335021997,-0.4412083572941629
3998,1.0329839904369889,-0.4223849433849604
3999,-0.7700431510897312,0.04893949972266449
4000,-0.5817980162266907,-0.36459531703302733
4001,-1.1670476332198603,-0.18125086026105247
4002,0.993135678981866,-0.3787700273995674
4003,0.5114044726990105,-0.3440348012223881
4004,-0.006008269465168727,-0.4506683324397117
4005,-0.00319900189812121,-0.5346422262974491
4006,0.17536232580921052,-0.5291916024960177
4007,1.0681299850648025,-0.22417139004155245
4008,0.3843205540849539,-0.2874927749652536
4009,-0.10310107566038763,0.049980953802764065
4010,0.688038423105462,-0.35021252620495336
4011,0.895226055631207,0.7440959403170466
4012,-1.8567288916013316,0.11966360522095701
4013,-1.1216367839849923,0.25072285978388537
4014,0.13603058574336624,-0.23319042788606026
4015,0.3528162986886375,-0.18100306704778002
4016,0.14174205522667854,-0.3099960117892789
4017,-0.10387501324584862,-0.3094313889799156
4018,-0.021366041334582236,-0.1645318730361805
4019,-0.18692726160359632,-0.28801790504759306
4020,0.2767355661719135,-0.32644892891982363
4021,0.18141150788442625,-0.4112783205005925
4022,0.695266334440891,-0.4041098812662431
4023,0.044600914689262076,-0.2981046245160731
4024,-0.7495571622631959,-0.16806520998776509
4025,0.8116947982749246,-0.3952975781075094
4026,0.1600860233453894,-0.34001401623767163
4027,-0.6008459495045254,-0.3618176820052992
4028,-0.6773144516481234,-0.3035164711145873
4029,0.49663717336647434,-0.371069997465758
4030,-0.2193691292150649,-0.4121333127593034
4031,0.27086572290216177,-0.4180006843275134
4032,0.9913806510592785,-0.3582654118095637
4033,0.276561411613156,-0.33927972885893715
4034,0.2811311857604168,-0.3358917661879939
4035,5.804517405454024,4.314087466894955
4036,0.8394229775378049,2.278168019120599
4037,-2.223431442528091,2.3034025606480846
4038,-1.5313264578646655,1.489999414148516
4039,-1.1289215183136525,0.6927709933162561
4040,0.09819136159829438,-0.09531432961412056
4041,1.3758732675164935,-0.10572800776891197
4042,0.5408081062016001,0.08336415801248458
4043,-0.6144947590069699,0.14446145044847977
4044,0.5221282557217684,-0.13964125914989223
4045,-0.1867056976202964,-0.21208104884372414
4046,-0.6010070014036711,-0.24520298736249274
4047,-0.40295469564024405,0.033139522562141976
4048,0.21916802578144629,-0.25057752853829457
4049,0.37798083478326383,-0.37051696782074145
4050,0.5784334898339552,-0.4110698968305427
4051,0.3765448960686705,0.13994625073243688
4052,-0.4579003463931471,0.019014982421184188
4053,-0.6245795603892687,-0.01771774813497179
4054,-1.6208308823175945,1.0027881944644608
4055,1.1498078810249013,0.4149218512090668
4056,0.23231681438425003,0.2810859656726119
4057,0.9547126719714184,0.2563653236346475
4058,-0.7088498106540243,0.26151614616114915
4059,1.1504817095225135,0.2338228692143507
4060,-0.580123216266743,0.1294069958781986
4061,-1.7959777519332047,0.7491643105558096
4062,1.237405944102573,0.6616081906614782
4063,-1.1463466163961464,0.8823565016117222
4064,-3.699379873710238,2.3135847017315134
4065,1.6869083682498813,1.5479739532618426
4066,-2.8652343426923945,1.014228379892256
4067,0.37234913791123003,1.2099240856661044
4068,0.2219894307038954,0.303672646426902
4069,-1.1795260592068961,0.3621751602802888
4070,-0.23974864665132778,0.3338734444319818
4071,0.5771061113638822,0.4549506383093028
4072,0.8810845023902221,0.008635374952087882
4073,-0.067229902302552,-0.20358717812314137
4074,0.10541667774016847,-0.18197940568351512
4075,0.5362532264689499,-0.2585925885582314
4076,-0.4990528002935077,-0.11613778410999481
4077,-0.8889604783259711,-0.27033262682255776
4078,-0.9540749533137464,-0.0007369204636396148
4079,-2.0525284548390235,1.3870090692046793
4080,-1.5438924661892972,0.6809170304256603
4081,-1.0098215636409011,1.3011171205283212
4082,0.6398799715897231,2.21013598377791
4083,1.2451180383368534,0.49460126133273175
4084,-0.5543988607921835,0.24388087786594376
4085,-0.3484360715441565,-0.17683887099986395
4086,1.2453241165524196,-0.30540022513810494
4087,-0.3319475433557081,-0.3351043206480727
4088,1.3872269517698395,-0.2141161146825169
4089,0.8943334305525064,-0.1417933782415909
4090,0.35373798498653714,-0.16269870393131863
4091,-0.477878835743024,-0.19394151084557373
4092,-0.34600151806815826,-0.34464059966867255
4093,0.5988153863375307,-0.4003010816133246
4094,0.011479697889731157,-0.28249955837057944
4095,-0.1048281070907907,-0.33330782386507984
4096,0.41368103603570106,-0.46700000432269284
4097,0.37079372118958154,-0.3868061091326713
4098,-0.03404040005607668,-0.42292805884699114
4099,0.07210734780729687,-0.4429754539109009
4100,0.8448399930851075,-0.45454521334307574
4101,-0.9170376861346564,-0.3577649144849993
4102,-0.20116859428404535,-0.4084060761779855
4103,-1.2321226721739658,-0.055078534626127204
4104,-0.17565547614305205,-0.2216048423265518
4105,-1.1802720563651312,-0.1818610271250808
4106,-0.04174019785369743,-0.21768501712494887
4107,0.12795498418875056,-0.13543470913632158
4108,-0.37958609442829233,-0.24168798026451982
4109,-1.0413202132164627,0.0627649637705246
4110,0.6956513568531235,-0.3049898195523052
4111,-1.6672833865329457,0.4669348490331042
4112,0.946159047820657,0.5191924649180517
4113,-1.6692507872581237,0.06854651524089835
4114,0.5847642631751511,-0.2120989461853895
4115,0.24134936154623088,-0.3240267080872037
4116,-1.8111932171117497,0.1457147776395204
4117,1.0601246870909125,0.025233851054932588
4118,-0.6984195045702841,-0.14439815312693047
4119,0.5655764194464052,-0.1689122521084693
4120,1.7131185619304834,-0.09189837913727583
4121,1.1289784592460572,0.15684560746490134
4122,0.6814188752334474,-0.12337219115844478
4123,-0.10887970368526748,0.05734989101894607
4124,-0.3435375640943205,-0.22064226426626316
4125,-0.8613640387436238,-0.22367818082363244
4126,0.8347760392286077,-0.3795633187019012
4127,0.9285336600279062,-0.18169914526196346
4128,-0.9901388883138246,-0.1627559009803063
4129,0.7970509446900286,-0.40898209092215176
4130,-0.3692520875686551,-0.4271516069783716
4131,0.68732116130449,-0.3600365033558716
4132,0.29190094469476185,-0.2259403540015565
4133,-0.4912508388972996,-0.36994824619080396
4134,-0.12431619185772984,-0.44596622020946386
4135,0.5211427371095777,-0.44042954708568827
4136,-1.0734976871328776,-0.2054966175370172
4137,0.6941370642783807,-0.4105400044177281
4138,-0.20393961138190328,-0.40014000501703384
4139,0.869547987798964,-0.37271389195989096
4140,1.3180620549889444,-0.0916056512348403
4141,0.054053761730990746,-0.17752092351524457
4142,0.5612487403346146,-0.21154715551098502
4143,-0.4276518160569409,-0.25277848164973377
4144,0.15885843821471549,-0.3190796469906153
4145,-0.09320923133943934,-0.37372065426763695
4146,0.26510269470951114,-0.4089113453400769
4147,-0.2918515764256378,-0.37680265720000333
4148,0.5756026255534384,-0.4357306285192483
4149,0.7517298539631924,-0.09495884287659506
4150,-0.6211576639060049,-0.1630993609886405
4151,-0.8803084510751068,-0.1623248306579187
4152,0.13852943174539092,-0.298401903886787
4153,1.4640004254752128,2.741145033690381
4154,-0.25136904218452066,-0.11113029461819801
4155,-0.3782640542535703,-0.23261670644070365
4156,1.0543051039322942,-0.11785059503042025
4157,-0.6384401399116033,0.012036173328459764
4158,0.20325601226700535,-0.19705208061455376
4159,-2.3971384607104462,0.33182145686962583
4160,1.0360430042206052,0.3555401730295571
4161,-0.8779575838386322,-0.2214512174310635
4162,0.06916684834397464,-0.11738625391032856
4163,1.6713791139454168,0.14791997187578848
4164,0.018790360721450884,-0.22989329937835112
4165,-0.05364503306251063,-0.2517587927064971
4166,0.34294121787709164,-0.22809028113714513
4167,3.7770369206743832,0.6144308605872654
4168,-0.22935805467623313,0.44414638888174107
4169,-0.7119492063593128,0.06057958833456423
4170,-0.658748187941329,-0.048163281687265636
4171,0.530884485466371,-0.2690458176798704
4172,0.06423554569390195,-0.13201659722805054
4173,0.5534348186644681,-0.12956009856717746
4174,0.3109302486314944,-0.20307955027768432
4175,0.5538071388857386,-0.21962529848322881
4176,0.04676052667097207,-0.31412220527106044
4177,-0.5615786487055224,-0.10705273481184527
4178,1.161730206231873,-0.23122360730883584
4179,-0.3560357345504617,-0.21979613317417235
4180,1.80382311561435,0.31940892557252626
4181,1.0605768204544836,0.957886498478283
4182,-0.8582523682325154,1.4131204469831196
4183,-0.9562805842061791,0.27585605018731185
4184,0.11363858184210245,-0.27836542502802686
4185,0.001956549499835273,-0.3773510943917911
4186,0.22366150849349306,-0.40029835402759384
4187,-1.0163028963237262,-0.2672795835110044
4188,0.7583956607720067,-0.3077515117074664
4189,-0.7225555780281575,-0.27988059353548145
4190,0.3563808211130949,-0.4633636249612487
4191,-0.5500963531018864,-0.2735340800213364
4192,0.18522220738947168,-0.3822353081969097
4193,0.21858013586444242,-0.41634559969689094
4194,-0.42980724233937695,-0.3598684888878995
4195,0.253137925466799,-0.22916805560525094
4196,-0.35810789575881696,-0.3849475214961527
4197,0.6455881027745766,-0.49089363655673846
4198,-0.33176943306689405,-0.3640023384040106
4199,-0.35530445271860234,0.014865994334316637
4200,-0.24529093019930454,-0.23385325827489967
4201,-0.2877941988604968,-0.3623106928545714
4202,0.20646357521141187,-0.3317319944853854
4203,0.7546318736281199,-0.15329561373636608
4204,-0.3828494668118863,-0.23669090094106915
4205,0.6375819117369288,-0.25666602201428795
4206,-1.4557757759161596,0.12640133322712438
4207,-0.5334801307838772,0.23861782953138447
4208,-0.5148648058139399,-0.20425583086717003
4209,0.7824886856461282,-0.40016551651798676
4210,-0.1592695665154656,-0.381281315690506
4211,-0.22305772737034568,-0.32556114173808587
4212,-0.5244940044950882,-0.36277635048775253
4213,0.4846881272651253,-0.4914928570163659
4214,0.11823288663312222,-0.4980465324764839
4215,-0.3932797625794303,-0.4662704176175976
4216,0.5492073902535192,-0.46692730850628017
4217,0.921439560808993,-0.3353112439555028
4218,-0.06814317669254648,-0.460150557863931
4219,-0.22489813066313186,-0.3626677866001289
4220,0.11607422948820459,-0.5267350520303057
4221,0.4281992526805669,-0.4852341684424779
4222,0.32036992835163275,-0.32486611790208
4223,-0.1925978109725808,-0.33721780319989875
4224,-0.17847344431521853,-0.40750201940860376
4225,-0.22040772218499877,-0.4029620563277708
4226,0.20601561648952352,-0.43208474333298186
4227,-0.6101294999450926,-0.33165765415704107
4228,-0.8706839199539702,-0.11867462878028101
4229,0.6097573319869704,-0.35625904807192066
4230,-0.07666234988674082,-0.19152625540481158
4231,-0.7138776342085768,0.17104754508006825
4232,0.3748878552195998,-0.30985858214743545
4233,-0.005080266666007739,-0.12630049198319163
4234,-2.6876322820434524,1.1104688195955768
4235,0.22818174004012684,0.6189185535783737
4236,0.7151851425587837,-0.25375632492684524
4237,-0.07244720255087406,-0.12162174772772671
4238,0.7343560176061681,-0.23229090628142668
4239,0.39218240659760084,-0.2208899405916056
4240,0.5570831904162714,-0.13698116746851519
4241,-0.11564818932626321,-0.3282451662054669
4242,-0.4420610078241775,-0.23940816214012234
4243,1.014740269608211,-0.43364862766383727
4244,-0.020652474826654995,-0.4999201103169848
4245,0.9431303259007126,-0.2017769334984854
4246,-0.5284531748178325,-0.34368305804169413
4247,0.23440994909294127,-0.338721005744353
4248,-0.09522064559278529,-0.30845728609734285
4249,0.08162155603980825,-0.35317200371348495
4250,-0.7982196123561787,-0.1780797653465024
4251,0.18653039351113218,-0.09948581647363494
4252,0.03315730423091275,-0.28137796380209823
4253,-1.5108308327966267,0.5425668519609744
4254,0.9182360472748505,0.6761919670468757
4255,-1.514453662676429,0.34632302766457496
4256,-1.0092660864010103,0.7847005755973949
4257,0.8957376709754711,0.03462761476456141
4258,-0.239485558131236,-0.19457544617035416
4259,0.25554575046386135,0.0677946704843759
4260,-0.18273162656920722,-0.2617563103824227
4261,0.13060472316282676,-0.3892232003842144
4262,0.48455330789373524,-0.3670470772308297
4263,0.4412318142459708,-0.3765130141645401
4264,-0.8152514130535636,-0.3801997058338138
4265,-0.21486463689647228,-0.30697538254274404
4266,-0.03927425326679425,-0.3089690215110662
4267,-0.9352879056607034,-0.2340790266952304
4268,-0.341611515623983,0.04699694041958889
4269,0.8151916404757527,-0.3917467674453042
4270,0.5236919684057989,-0.44909680183595074
4271,-0.1719549260022227,-0.4201239007049911
4272,0.3447425460217541,-0.40142520380596197
4273,0.12920647924192177,-0.5043511311066207
4274,0.7034006647177501,-0.5089246330368177
4275,0.09158002215656356,-0.44337525383181986
4276,-0.16953002959171665,-0.4701141703969177
4277,-0.07158251839618178,-0.5515885356099659
4278,-0.16414704358135454,-0.49902005923442605
4279,-0.0931661447971326,-0.5443243513053431
4280,0.291908579641468,-0.5529392536423645
4281,-0.0116135613672491,-0.5622755867044985
4282,-0.0077584915311691245,-0.5225477561587454
4283,-0.5604565494236946,-0.44822725271130154
4284,0.48380629149457227,-0.5816915007455811
4285,0.19648141282517945,-0.5697809909355932
4286,0.4355810432361912,-0.6051747715478634
4287,-0.5689339094519018,-0.5091021860940256
4288,0.018747342824017854,-0.5148080924073382
4289,-0.3505874151106375,-0.5038517584268937
4290,0.025749445734590776,-0.5324154930924216
4291,0.10888360392462572,-0.5349213856057786
4292,-0.06662889543378392,-0.48872853896628476
4293,0.18549722260345589,-0.5937474490840914
4294,0.08313623522800262,-0.5679653551714295
4295,0.7952422054484742,-0.47919294642656884
4296,0.3367596527966036,-0.32471247813155807
4297,0.2469167667213314,-0.4498977097804947
4298,-0.11834051141789458,-0.5004776229844871
4299,-0.8803814253853189,-0.36778044058975035
4300,-0.6206363841824883,-0.32556523044963825
4301,-1.1127612268609042,-0.16534516913460653
4302,-0.9913531758585885,0.15200654395608412
4303,0.4252886150601962,-0.2747324966992703
4304,0.2672821573328475,-0.4081731148917125
4305,-0.35765568904866285,-0.46066619448881563
4306,0.4484379122679043,-0.5150097746872182
4307,-0.3510720641061251,-0.3437555553000112
4308,0.42219699480007145,-0.43469416005175876
4309,-0.35383849378159404,-0.43981153578771665
4310,-0.6649780295419753,-0.29775546271657416
4311,0.027841298609661554,-0.30941835206096296
4312,0.5341567115381496,-0.5652726501563048
4313,-0.0023991867774304987,-0.5035615039389857
4314,0.14881747025065173,-0.5655759658504073
4315,-1.0014083297313652,-0.31470836769954885
4316,-0.02559916737937769,-0.3823947644368175
4317,-0.31388579892299173,-0.29046658283193694
4318,-0.794327543873834,-0.1553342749873869
4319,0.8301032354679456,-0.12621286307684854
4320,0.12881889695487386,-0.4143280421117736
4321,-1.848701863824227,-0.14961274333528152
4322,0.6062807974919665,-0.3717841652810947
4323,-0.9405090462627065,-0.07215207680623116
4324,-0.8793703838148091,0.11199769043902116
4325,-0.12724559093787138,0.15876734362670655
4326,-0.5240856910785162,0.025331124112297126
4327,0.8701332824958475,-0.2932208225811923
4328,0.7016241606861104,-0.3456808529835576
4329,0.6257203045057478,0.023578690919388613
4330,0.5368472784204468,-0.3337048659156894
4331,-1.1590803300158483,-0.19225794220103376
4332,0.07978998690887111,-0.44435331371014136
4333,-1.5595033420617854,0.14176627353696394
4334,0.7135743575318457,-0.10925642322769463
4335,-0.5142715723268169,-0.22042853943743362
4336,0.49731421307429996,-0.3831761912540351
4337,-0.9883939421216815,-0.12495472690148507
4338,0.8117993597983137,-0.22256286201738018
4339,0.6438108563835399,-0.29053433935075057
4340,0.8414762515591018,-0.3107752042174523
4341,-0.05061981310669426,-0.2758150133402335
4342,0.38524071529399495,-0.39229341816124397
4343,-0.3963054439856354,-0.2759580878945683
4344,0.5559099532891867,-0.2915730373651187
4345,1.352727817388859,0.7639396499553194
4346,-0.9774712814086284,0.021022126999156253
4347,0.7676797673127722,-0.26785719067230535
4348,-0.6940947819333788,-0.34407851513548776
4349,-1.3867155593312823,0.3754012848320046
4350,-0.6168230208977418,0.34211995487069546
4351,-0.468731779090961,0.18488674814029182
4352,-0.31848020117814047,-0.033800053217924994
4353,-1.4973049158726564,0.3411675675467156
4354,1.2727860798572599,0.09656349882189318
4355,0.4352988467011127,-0.09127611107045455
4356,1.522541846289496,-0.09306730210127473
4357,1.7548107131765844,0.2930974620255115
4358,1.4574727364855418,0.5066773265041145
4359,-0.7764899953590622,0.10367531418631476
4360,0.1849916161380309,-0.22985174357154875
4361,1.6034077701596714,0.01826135943612269
4362,1.2100865650178763,0.3190322725013365
4363,-0.7014796600718127,-0.013981009225823869
4364,1.2482568062873747,0.2187475826134659
4365,0.03594942916447552,-0.15823615874760247
4366,-0.6871961028187873,-0.10294925311528857
4367,-0.10351308795923106,-0.2317227017604458
4368,-1.7590537157092807,-0.15868933448196523
4369,-0.8727868126605491,0.15381221328405006
4370,-2.0170594092405785,0.1450220251753886
4371,1.4567242352760785,-0.326757033506951
4372,-1.113517283886106,-0.11619395015654371
4373,1.0765570307404424,-0.2113928422495267
4374,0.2659813255559413,-0.3560768819343442
4375,-0.8727060617439334,0.04801704802933321
4376,1.3169463079924144,-0.2501468676208866
4377,-0.11565177079537896,-0.12698436040465716
4378,-0.14216945340572612,-0.4684260899985747
4379,-0.8806258706560022,-0.2862596148594425
4380,-0.8142042410599065,-0.11917478028115236
4381,0.7319991008096903,-0.42429497984562425
4382,0.4050111378039451,-0.49110146900500307
4383,1.149034462979,-0.3371063621114141
4384,-0.21982257978816214,-0.26990177572006396
4385,0.17467587180001717,-0.45973449648656517
4386,-1.2089635551127251,-0.1581891909140778
4387,-0.5778073940888626,-0.02232449367586932
4388,-0.08477167197927718,0.034116743544607975
4389,1.29410700660529,-0.2908034482084574
4390,0.21026344709625247,-0.493616079731119
4391,0.8885600508698381,-0.19167232760058586
4392,-0.605793555137083,-0.2814743988052566
4393,0.9913849558729522,-0.3354432271957814
4394,-0.8126451544174426,-0.3131029543521278
4395,-0.6683076661922629,-0.2100516177817649
4396,0.6094824381650067,-0.19828688517071935
4397,1.1901295712260318,-0.3405091036110218
4398,0.030805127899826677,-0.35762757110140453
4399,1.4419131651153996,0.23623802458675436
4400,0.028277385032509806,0.09718256476783574
4401,-0.5286783255572184,-0.2537600492663188
4402,0.26170208302553266,-0.4400536928266975
4403,-0.09532688923410045,-0.32679717707910494
4404,0.5502465112358226,-0.24675806667947026
4405,-0.5466961507838972,-0.32687857367775885
4406,0.06408129307797672,-0.4352709377851195
4407,0.016309790694052233,-0.3312539630056696
4408,-0.5378260478411413,-0.43044715036733705
4409,-0.5758374963277141,-0.25068724043501006
4410,0.5250735628211883,-0.5819425983738089
4411,0.5764118926250725,-0.4809269138310446
4412,0.21485311251726305,-0.49378099022183886
4413,0.04380726546976811,-0.46030165105098764
4414,-0.49488453088143664,-0.42031290167896906
4415,-0.08316024433391393,-0.3818204956853054
4416,0.14024509442814867,-0.41010940183972505
4417,0.13684234300065853,-0.47861216742597845
4418,0.032806380956145714,-0.4321088002702555
4419,-0.4332047989348735,-0.3346624431086873
4420,0.7810588255178285,-0.30681497815505426
4421,-1.0955972233216404,-0.20295781115146005
4422,-0.08055684706929843,-0.4336808176107296
4423,-0.5465916179536944,-0.3162448128328346
4424,-1.0848156043542263,0.25094882126932033
4425,-0.17490107228353688,-0.08396181661929708
4426,0.3269075536610463,-0.2817899405651263
4427,1.0232438093254703,-0.11119734207581422
4428,0.33714123236912524,-0.4296233460016773
4429,0.09685547926185974,-0.2113683552428437
4430,0.6672372242645113,-0.37386332592725285
4431,0.033103082072133104,-0.16623055740418177
4432,-0.41948164244833946,-0.4187323831790472
4433,0.31625150608168995,-0.4428622609140297
4434,0.33432394110887415,-0.39557905562522705
4435,-0.0011722358921592482,-0.2816023611690838
4436,-0.7209857680268221,-0.20790938204861137
4437,-0.2797631681717405,-0.4152811182402001
4438,0.36274320606787813,-0.4977959646657726
4439,0.21044659165097546,-0.5159068334517095
4440,-0.5899885051281619,-0.39290565447742043
4441,0.08280150630891722,-0.5503036869946962
4442,-0.35154730944954865,-0.5009134668572155
4443,0.6986659402435464,-0.5253783556513448
4444,-0.4529156199516641,-0.38974812465550146
4445,0.7583217658560026,-0.061115925842235214
4446,0.9196100913767716,-0.07489588695955378
4447,-1.3965088309587463,0.2385268249183845
4448,0.558462517409371,-0.0625204519650765
4449,-2.0408750183078084,0.017920290868163047
4450,0.8409828088962991,-0.3657829182202708
4451,1.6778755884556753,-0.08870828190341559
4452,-0.9419071226002987,-0.15141508740119744
4453,0.41394786798448263,-0.24158414924850624
4454,0.5313245253594975,-0.3417072584621075
4455,0.09954373078203443,-0.061716424330258174
4456,-1.203103271832072,-0.03703372541522984
4457,-0.3825012039529572,-0.21691272800466954
4458,0.9125027352570521,-0.3997119856321413
4459,-0.070686321700053,-0.3911032272097966
4460,0.4468320108995629,-0.5239652732498107
4461,-1.0228893420730865,-0.35406389796396504
4462,-0.572710350860082,-0.3176509726211432
4463,0.5581372343476189,-0.4530626935333503
4464,-0.6299198145990755,-0.41076241876189545
4465,-0.05921502519737302,-0.5128425203226543
4466,-0.16367189317571423,-0.4372619255192862
4467,0.14430228057100108,-0.5014045940300156
4468,0.09209043051797912,-0.5311536516896131
4469,0.15262629847490272,-0.5306559935198254
4470,0.6812738637502339,-0.5243066880334897
4471,-0.4872814286633002,-0.43474208059558894
4472,-0.4302659841918958,-0.5010834074636583
4473,-1.2215515966309993,-0.018071548632210332
4474,0.6039679305570064,-0.27837845031083946
4475,0.521937141514703,-0.4798099250338219
4476,-0.6934928242206764,-0.5017757703777715
4477,0.5963551135098241,-0.38203311716730487
4478,-0.5753913964408925,-0.48647603514424
4479,-0.8037668350313707,-0.21483695999339547
4480,-0.15679637626207124,-0.38887455347581584
4481,-0.18316628266796578,-0.4725831580330062
4482,-0.021148750804009974,-0.10277431706761092
4483,0.805401766250741,-0.41904544370827096
4484,-0.051671419810041794,-0.5485596427359991
4485,-0.27278022767111304,-0.5185131317765008
4486,-0.39731700290231037,-0.4834805184556449
4487,0.43352125816276604,-0.3481236952625374
4488,-1.430527251487798,-0.05924072074419452
4489,-0.3848689656769821,0.148711519365803
4490,0.45754270282786935,-0.3744065372746287
4491,-1.526058973544977,0.14275764093155618
4492,0.2538900412385315,0.12323006849241327
4493,-0.32939792426173325,-0.28234197784941306
4494,-0.5692029785741375,0.12184069911891843
4495,-0.6188914098632011,0.04463815912506115
4496,1.5222370902430185,-0.3524009468358301
4497,0.5811644806405252,-0.39509109009964194
4498,-0.052744253984147074,-0.41189319073808245
4499,-0.3875447556205392,-0.4487168159560071
4500,0.35287507353478725,-0.35742476951334057
4501,0.7224544725910451,-0.44961823169836135
4502,0.3328535512002452,-0.3859577222143629
4503,-0.0074559418150175515,-0.43228500160690636
4504,0.6354043346235181,-0.40198687219787993
4505,0.22593877008883137,-0.4773545554954177
4506,-0.1480365457071444,-0.48947451463750646
4507,-0.27325104851610077,-0.45351332968332797
4508,-0.10373953566359347,-0.5257040978477007
4509,-0.2843685396225318,-0.5423100495507996
4510,-0.6563062328298032,-0.364667320926717
4511,0.9977413433361234,-0.4111475138436551
4512,-0.6591433971826259,-0.3553829977422579
4513,0.585771350239166,-0.44231283303792607
4514,0.18780317287703116,-0.46492363285926086
4515,0.4044403609282268,-0.4517370466829351
4516,0.2536015938634733,-0.47026374063594345
4517,-0.8331412720212285,-0.4577475021938794
4518,0.08563531279032811,-0.45736806630971916
4519,-0.3678044043376319,-0.48184854016262013
4520,0.5103501733908987,-0.07496526909052069
4521,-0.24619239884599414,-0.4916278795288993
4522,-0.43634983254139326,-0.4676783105615565
4523,-0.5586532596501756,-0.3206326759414329
4524,-0.6938454694533273,-0.18481682813926503
4525,0.28962449470927315,-0.13551597015881928
4526,-0.06738636678713623,-0.28968743258628254
4527,0.5969290885071132,-0.4148289847319906
4528,0.12175818226314468,-0.48131680552057443
4529,-0.7387115434022048,-0.4333341999505886
4530,0.2567997499855996,-0.4959821034992973
4531,-0.4806823914243544,-0.4302625044008048
4532,-0.17107045163142484,-0.43219494173928047
4533,0.7580956772327805,-0.5246814259249489
4534,-0.17701957173683755,-0.51879934518807
4535,-0.3811571959071219,-0.4690990582258948
4536,0.35404594206830603,-0.5319363836469883
4537,-0.11659336688128052,-0.5567659957652055
4538,-0.3637945033272179,-0.5197241011795939
4539,0.6229751095385367,-0.42266307819969245
4540,-0.7316664446151411,-0.4033369317121527
4541,-0.6804376801990014,-0.3479599256070708
4542,-0.1522471302541384,-0.39830523470093804
4543,0.8929569209076237,-0.41715355427196127
4544,0.560680589881654,-0.4006681772452995
4545,-0.05256055310125063,-0.4391752753017835
4546,0.43266970481310446,-0.5084418639391927
4547,-0.19292612304399073,-0.4917355797749221
4548,0.07459696310462982,-0.5366022598987483
4549,-0.020278296472120153,-0.560890857801555
4550,-0.7001500056307688,-0.46898153831904277
4551,-0.03225361914989433,-0.4908090811231174
4552,-0.3428237313629017,-0.45188021259557815
4553,-0.807463070103459,-0.1155768583584793
4554,0.4175914631507777,-0.3774764981024614
4555,0.6745109080488301,-0.5039563430464956
4556,0.6367597409869533,-0.42339167290336005
4557,-0.0446220977618258,-0.45508038998915346
4558,-0.6089372578835408,-0.4675418709792246
4559,0.5211937928486665,-0.30334108590097447
4560,0.32167397352078786,-0.37173895547494173
4561,-0.5608795529190068,-0.34873951120099667
4562,-0.6612879821255713,-0.46903420837768206
4563,0.4807541199818989,-0.5277908849983934
4564,-0.09729136639646192,-0.5087443282457436
4565,0.17659871237090533,-0.5507298833664077
4566,-0.30558462857926433,-0.5499769531674709
4567,-0.3812771394279589,-0.5013378446530087
4568,0.5255308187888239,-0.437058234700013
4569,0.315291962332731,-0.5116714383257971
4570,1.037013744420898,-0.26126241661950844
4571,-0.24921607407633828,-0.44493056836751826
4572,-0.3040849674727655,-0.37500843169341247
4573,0.03228596140842332,-0.5330452895893789
4574,0.14042347998690627,-0.5314559796673838
4575,-1.3417133825371927,-0.12181123202082
4576,-0.5106218963125994,-0.22294131077635287
4577,0.6208794645714155,-0.508416347479674
4578,-0.030601255700359414,-0.5280292727123426
4579,0.5926223571565096,-0.47558177318474126
4580,0.33101603088796844,-0.5438420810813941
4581,-0.2482050490619982,-0.5537927193421408
4582,0.09084305376470801,-0.5854235940842192
4583,0.34420218639458183,-0.4935392295345732
4584,-0.04855034354138386,-0.5819790318949328
4585,-0.29393609687988104,-0.5250269137028152
4586,0.8216161416472959,-0.4752931910163708
4587,-0.4512391028835861,-0.4992657995175681
4588,-0.06825351742347857,-0.5618023554701612
4589,-0.054969762756314024,-0.576196216237842
4590,0.581909305359997,-0.5354867756905141
4591,0.22834525068672828,-0.6074265111179754
4592,-0.2810036817696887,-0.5864847057454994
4593,-0.2711735672540293,-0.5913430915824566
4594,0.2532652516257831,-0.6024400696454567
4595,-0.28224632473143696,-0.3354886949567643
4596,-0.545618266126483,-0.4641541497029146
4597,0.8493390845445157,-0.4058935531143003
4598,-0.1525507669347975,-0.5270013784429946
4599,0.40579231545392,-0.6204765516477508
4600,0.013771906951631534,-0.5967995966314639
4601,0.49351124246775563,-0.5414985299776041
4602,-0.10740387424250857,-0.5258443274601556
4603,0.42674909734329275,-0.44142644073862425
4604,0.49514494147002097,-0.4235582282305509
4605,-0.009187376782461953,-0.5411520269436461
4606,0.7730814013669633,-0.38085127167570615
4607,-0.085427973104301,-0.4394619597188617
4608,-0.526979143608826,-0.4959962664022801
4609,-0.0394779414930016,-0.455765679534449
4610,-0.11066377700881393,-0.5706188231532388
4611,0.4315961531716627,-0.51772376632912
4612,0.3034031775417294,-0.5032578683155011
4613,-0.09316006018780097,-0.5548917782269138
4614,1.0224062007149186,-0.39878715957039407
4615,0.3496531104253366,-0.038543533051269604
4616,0.5470967956908989,-0.3305006161806189
4617,-0.4788934054176462,-0.3462460454837069
4618,0.16440276032409937,-0.46458523093983584
4619,0.4532853379719103,-0.48882024370469945
4620,-0.355757505660205,-0.44288784893389455
4621,-0.6717015996809931,-0.4547339124756965
4622,0.08634499829096505,-0.5187181438852484
4623,0.4090145477748981,-0.6214532980692775
4624,-0.5707845875491254,-0.46713341953397347
4625,0.09236546156137418,-0.5951815932186815
4626,0.24553889216825472,-0.6198736646000419
4627,0.09343173854419021,-0.597965305107426
4628,0.03412543651723458,-0.5883088323815415
4629,-0.3737098620657937,-0.5384635916700298
4630,-0.08042774371820471,-0.5795077574061744
4631,-0.3248920075707756,-0.4653921694093506
4632,0.6250195854842518,-0.5529793820986295
4633,-0.09738366902165387,-0.5847360872649098
4634,0.5058853675074246,-0.6214340747199628
4635,-0.200765350882192,-0.6017105253936904
4636,0.06365797714857929,-0.5554305453481667
4637,1.6380411692265051,0.3692602968509322
4638,1.0468022943055866,0.25288498934645887
4639,-0.757925522018279,0.04372331854255006
4640,0.751173042210026,-0.2305347522919834
4641,1.9236941973239923,0.8675068321901923
4642,0.3326376484804763,0.7836836652207968
4643,-0.3112232233161149,0.2629370795770203
4644,0.7587773323007874,-0.03921817139968237
4645,0.8000560760858919,-0.26976283648689603
4646,0.4074093047755684,-0.03950909662736368
4647,-0.20034388722345683,-0.2023052069957425
4648,-0.11123891923844972,-0.25833566390926777
4649,-0.07176417554243072,-0.29567492140539237
4650,0.6838458903124408,-0.004531136985029174
4651,-0.1338961119394657,-0.2709207706354554
4652,-1.0087731199659415,0.09904938218742762
4653,-0.3098587245933522,0.09913382888289192
4654,-2.5250124347415945,0.32265596159575427
4655,-2.0908532763703462,1.2556382150387932
4656,0.9517148872490431,0.1714350947545803
4657,-0.3136433614819946,0.0619744880421432
4658,-0.3535336488543705,-0.25407772442836773
4659,0.41370859099135493,-0.3426136959971442
4660,-0.20419513275194756,-0.39834784620857877
4661,-1.4683412348409537,-0.12349558740364766
4662,-1.4542728007492394,0.0883511655259693
4663,-1.8244165884723647,2.665613983209591
4664,1.1860071991185557,0.016355883897198067
4665,1.274718811238144,-0.2130323505485361
4666,-0.1401784529991942,-0.2129243456094922
4667,0.9935865206219979,-0.3122501562972321
4668,0.5344430208099592,-0.41700722226847226
4669,0.05308960019987387,-0.2802191581364042
4670,-1.082549654279185,-0.30365656875040425
4671,-0.6171466078367975,-0.2369223847365181
4672,2.5650560770134625,-0.2827790499379462
4673,0.7734604748891527,0.10145749967921527
4674,2.2944553069621336,0.24392219316565578
4675,-0.9243628547375732,0.2512225794041949
4676,0.9708439867788389,-0.1035439842665086
4677,0.040897128701893895,0.05310733458561022
4678,3.087950927588001,1.2646831061951023
4679,-0.2757916892474799,0.8255732098316463
4680,-1.8358887322299597,0.7398482280377441
4681,-1.8003774513724136,0.5091162964022835
4682,-0.6118731936797418,0.12703173654550165
4683,-0.8270478788192803,0.2340697864384138
4684,-0.07765845766025298,-0.036559445172571564
4685,-0.3915190458265593,-0.33862296887098126
4686,0.19573606172042154,-0.49712872864534463
4687,-2.014546659229515,0.032949530568301966
4688,1.2624328919280254,-0.30995162201686494
4689,-0.3501011240299808,-0.2693455319128232
4690,-0.44838868211505684,-0.3005921499286536
4691,-1.7522376473416674,0.23813454396458528
4692,0.2929457144797248,-0.2956856292454695
4693,-1.26122537521929,0.12716639631359072
4694,-0.3497025387525668,0.17669782989081567
4695,0.6871095994268058,0.36995093836683135
4696,-1.2823867261459554,0.08817515560456746
4697,-0.4041837286918912,0.16758844903593928
4698,-1.098527946561905,0.3484022261662631
4699,0.10190056785758599,0.1326749787889533
4700,-0.5652562615634554,-0.006740654136080347
4701,0.9111957775099219,0.2840392219792951
4702,-0.12501247336888582,-0.07981512182089387
4703,0.557986406677823,-0.1434387209171427
4704,-1.7391649298941982,0.14107870052602017
4705,-1.3249597700429512,1.013294366823001
4706,-0.995678708883779,0.09262611521832187
4707,1.6759295026451324,0.22836487537824976
4708,0.8060445817813588,-0.09867002061841462
4709,1.0095751047863446,-0.12566114251832988
4710,-0.22597797077142312,-0.16953121623360198
4711,-0.3368687969220836,-0.10067577845640346
4712,0.1334152821829834,-0.37853896885862715
4713,-0.7965619584611039,-0.34598279465535386
4714,0.8694955061269,-0.3331594914394418
4715,-0.3811649118549156,0.42115734096903723
4716,0.5538382138820765,-0.33519687452024105
4717,0.17286037072356336,-0.37486582829718196
4718,-0.6396903720634036,-0.3944101064009344
4719,-0.8120825612197626,-0.2923060187074079
4720,0.7967808503893397,-0.25343842539890454
4721,0.10131705607856774,-0.3664055967887186
4722,-0.12896216712812508,-0.4579047029219383
4723,-0.18667337325130337,-0.43130237888436546
4724,0.47632875179875805,-0.42518402211329437
4725,0.4074347790908635,-0.3982827053145439
4726,-0.3514175071032347,-0.44169068467526007
4727,-1.0793759391814666,-0.04146080844877359
4728,-0.011763935473568427,-0.3402835679022962
4729,-0.8201673049795123,-0.08678644170443345
4730,0.08584027583055993,-0.2535650587406556
4731,-0.26060251035398735,-0.23677858130822915
4732,0.7841993146010089,-0.44235579999233254
4733,2.177259397743317,0.4164200234801998
4734,0.15989115845818125,0.6151418382371276
4735,0.30636279600985983,0.10411989583664447
4736,-0.05650796562668659,-0.09819255651727415
4737,0.9058822210701059,-0.23120990591005386
4738,1.2730133791261635,0.2857370022402169
4739,1.0705993869972479,0.07011728127299657
4740,-0.8106147448460965,0.10315538007841991
4741,1.1905455471510296,0.060466715184137286
4742,-0.3386005655219642,-0.23271067530414058
4743,-0.8711472795770541,-0.09424497384931307
4744,1.6296808240765528,0.060570882702765325
4745,-0.4814238551908511,-0.08659681515758119
4746,1.7099679005318615,0.08773001054948062
4747,-0.4776296432070111,0.3153368975648596
4748,0.5022831964244706,0.0019422104769751813
4749,-0.07072388280805646,-0.07896306927314337
4750,0.14125822500955743,-0.3876272251958999
4751,-0.2515689215472413,-0.2601986113284328
4752,-0.6107798099050096,-0.31858484387650754
4753,0.001253129045225519,-0.013176298729876967
4754,-0.6503836720981485,-0.29853904986295476
4755,0.32775376090999403,-0.4204823685786373
4756,0.05271524715014912,-0.39791975121134876
4757,1.2497769884459766,-0.12400209339273932
4758,0.2922277159783945,-0.24130205436898894
4759,-0.6348976415831825,-0.1303148067087994
4760,1.1270001799250755,-0.3589950862939352
4761,-0.8384158585358193,-0.3331825073252758
4762,0.1334385198251774,-0.43054211353033506
4763,-0.13159611326912785,-0.41584182770032513
4764,-1.2974799912214399,-0.29551478440384116
4765,0.8637166959396378,-0.44089275930054206
4766,0.5913136866924766,-0.4685146443465258
4767,-0.4364177776674237,-0.25712098034426184
4768,-0.5493636352062059,-0.2321121320704665
4769,0.7700511000313855,-0.22863348750138035
4770,0.2081341838918927,-0.43977677133874077
4771,0.44175939478758336,-0.311908486922532
4772,-0.5190008018306318,-0.45126600433115965
4773,0.6616756720543343,-0.5026966455570887
4774,-0.09034320776799723,-0.49760381981389235
4775,1.5422617484488903,0.008064374288632256
4776,-1.178017120462057,1.1005866926302894
4777,0.3407254937625287,-0.11028050475028825
4778,-0.6193835869941761,-0.19203341496698784
4779,0.5162890804623232,-0.37472467054139585
4780,0.889908982574627,-0.09672385911063594
4781,0.8414847822151926,0.11258660018929846
4782,0.23150764381581568,-0.014603451078026214
4783,0.8841551074943947,-0.18421217084763952
4784,-0.5928439060932619,-0.044984876770225043
4785,-0.48377593634439614,-0.035008138168924174
4786,-0.49302658256281184,-0.05509735267622924
4787,-0.5245934286872486,-0.18119110848936343
4788,0.35237131171306096,-0.1772376143186915
4789,-1.1314284226254987,-0.11340498183996348
4790,0.26836585517746037,-0.45506623340340746
4791,-0.6381196603520598,-0.4253411701861348
4792,-0.1187022638882411,-0.44236488684302866
4793,0.4746296575203438,-0.5361782623546474
4794,1.2978256292423187,-0.2250718125751534
4795,0.4189157180113107,-0.3529002504935109
4796,-0.10874209029638424,-0.3999162199754735
4797,-0.6973763092971632,-0.2938578606686448
4798,-0.120991423330771,-0.5224864628829796
4799,-0.9763301549574341,-0.22153806991828195
4800,-0.7047423078244707,-0.07806723849883937
4801,0.1724856775946161,-0.3881345182451375
4802,0.04071753436003011,-0.44433016173381296
4803,0.15929766856986394,-0.16038617084049553
4804,-0.5272984147536911,-0.3254662969981991
4805,-1.1337047333839558,-0.12411312757210591
4806,-0.2757497112826333,-0.13447472950499667
4807,-0.5225767930657111,-0.2157162576277663
4808,-0.050287268059048505,-0.3432620719892487
4809,0.9226416989406254,-0.4200881908065463
4810,0.2041589738595238,-0.4008500751619097
4811,0.05043652242129947,-0.4453080336470988
4812,-0.10132682867834439,-0.3802374991429101
4813,0.2710055734769814,-0.49424708775011295
4814,-0.33488449010345467,-0.5270446748870005
4815,-0.16756521973268654,-0.4256087730016503
4816,-0.23422817349501082,-0.39614070069047
4817,-0.1661913661606064,-0.40480834111731645
4818,-0.23625134830412173,-0.4494180384817323
4819,-0.43327305191842025,-0.45953500323656393
4820,0.544098479702152,-0.3891073679376925
4821,0.7300923123179767,-0.3971815072951096
4822,-0.42622286244332924,-0.4595804589093423
4823,-0.5066959674419385,-0.33185445354545406
4824,-0.657236039997219,-0.34841552447885626
4825,-0.313750034637086,-0.21274950888170086
4826,0.4112445283299674,-0.41656939741737836
4827,-0.5488011371153066,-0.23279015892118016
4828,0.2946157538395277,-0.45487450303975596
4829,-0.9384289273838881,0.41355988701186674
4830,0.1987497613384118,0.08574961505849718
4831,0.01463567447533749,-0.16872402069467873
4832,0.5895418346262244,-0.29684807589516937
4833,0.46865132891264744,-0.3796522758185645
4834,-0.78993542041866,-0.30768998493405486
4835,0.8752553587995031,-0.3531023428228912
4836,0.9925266175073993,-0.3501885793112339
4837,-0.010303858268293485,-0.16921893366623642
4838,0.4783134661114374,-0.3671866271622277
4839,-0.7288506783160617,-0.29152415806070614
4840,0.07662195043327062,-0.38876504455109556
4841,0.3983515046737504,-0.4957968827565902
4842,-0.6052203338046492,-0.37556569987595345
4843,2.3367790885965016,0.15623056529562612
4844,-0.03875433756572479,-0.15432189758239698
4845,0.26415771087777934,-0.38637505191360344
4846,0.011225037600921972,-0.18019008564602182
4847,0.19466507057598703,-0.42629404450026204
4848,-2.0304213068102537,-0.09297602088440743
4849,-0.11405827282157693,-0.18825993848996112
4850,-1.4421661706902205,-0.05785982981088035
4851,1.6153285336925347,-0.24156446494784367
4852,1.2681460569246963,-0.20989284972046907
4853,0.503801804712152,-0.11596439885757304
4854,1.8308598435537136,0.8202308134072859
4855,-0.6702295605696714,0.1724264675602494
4856,0.22596164891501708,-0.2505305766979515
4857,0.26343637193181596,-0.3333737782072863
4858,0.683441308288219,-0.09055798591289588
4859,-0.9465961864143324,0.07520146854788494
4860,-0.27532034656043197,-0.25830246299521514
4861,0.5762743583727089,-0.38631860674097873
4862,0.32586445034722583,-0.4509312728688973
4863,-0.7936488865313359,-0.39593835488146617
4864,-0.0711951621417003,-0.282186485543081
4865,0.3688261015952747,-0.47504918519330186
4866,0.5910498121545449,-0.45811769863071017
4867,0.5728901778849939,-0.35810496289129484
4868,0.25304023136284803,-0.18791124747238372
4869,-0.8393939874877523,-0.34810636372420894
4870,0.36863523587555935,-0.43378406677517006
4871,0.5350618679054823,-0.2861490575787843
4872,-1.0415461321059947,-0.03971264863421162
4873,0.08365781767001211,-0.30971206695876685
4874,0.17029661045045705,-0.467707234052003
4875,0.6136701225802741,-0.3806304577808788
4876,-0.40811650643818637,-0.46133049149716054
4877,0.19284460590220123,-0.45193122981140843
4878,-0.9593506693993697,-0.3280281168126494
4879,-0.40776595586901204,-0.23118772152455902
4880,0.2840220832588393,-0.3968175928760178
4881,0.8307301705051086,-0.37347883703400203
4882,0.4411297588509739,-0.41316914368457414
4883,0.6768049150192862,-0.19396238583328004
4884,0.3653790776608374,-0.23185603909857022
4885,0.1657651079260543,-0.013774899241544465
4886,-0.4023142218170576,-0.2986187505616492
4887,0.12675056133490062,-0.2825039243202817
4888,-0.31738525784968075,-0.4504576176234322
4889,2.1083039152910272,0.7401653589725893
4890,-0.9594052460123699,0.04232524231033213
4891,0.44027089128285546,-0.05256483633966626
4892,0.5966078409949879,0.09197417984037631
4893,-0.2969730935580044,0.022637463692943414
4894,0.2584131732121947,-0.2508808136761065
4895,-0.6639348474600975,-0.12506270161396948
4896,1.3381519281964969,-0.07152637476379015
4897,0.19561061044372044,-0.07058267053276403
4898,-0.6266413932229666,-0.19805506652337176
4899,-1.1747513971849688,-0.06654416293635693
4900,-1.6377251531109067,0.451345478310965
4901,-0.8699252951299715,0.3319074381119085
4902,-0.18074469642456842,-0.07153186446606954
4903,0.8619643045072212,-0.2032238915344966
4904,-1.1126249137098787,-0.14490523273066513
4905,-0.1805296694644497,-0.25934329811877055
4906,-0.3185894401355457,-0.3552768525600494
4907,-0.14196337154029418,-0.23095975940018254
4908,0.0717088318189901,-0.4607320003017221
4909,-0.5927115754308513,-0.32892664238718894
4910,0.33079656319692263,-0.38785632665863917
4911,0.7038565536927732,-0.3333321662457816
4912,-0.5202225976420597,-0.37614503086403206
4913,0.5391256203273234,-0.4335331806128715
4914,-0.04781702129686217,-0.4226523657927817
4915,0.8183679866858158,-0.3899401326487651
4916,0.5468129920139668,-0.29173626679848913
4917,-0.3161407364523953,-0.39189801844651445
4918,-0.19976991210359563,-0.442381147107994
4919,-0.2525510131830761,-0.43754725711356046
4920,1.2645360979637035,-0.2636150055388167
4921,-0.7078211113911962,-0.30648696930043073
4922,-0.22882710190209357,-0.4308030206519559
4923,-0.7383861332363154,-0.309227247292353
4924,0.2264042568137335,-0.45672975941447214
4925,2.40014310135063,0.15274608358702266
4926,0.015857000642896534,0.12557110272583785
4927,0.5533134868111975,0.11200752098862311
4928,-0.212745035604556,-0.09759245468531016
4929,0.7728458558362574,-0.038111692344087914
4930,3.1329710312244616,1.160693289955558
4931,-0.6617061410388766,1.9487574643084522
4932,0.574539823752631,1.1293917356279057
4933,-0.06449384301202511,1.336359857987563
4934,0.3240267143815201,0.17476919114786663
4935,0.5461765639957603,0.06025049241705842
4936,0.3952065896592116,0.05037278635431172
4937,2.272817290474245,2.5124839370273375
4938,-1.2843277187392792,1.0786923727649151
4939,-0.5515246912460384,0.8138474957103071
4940,-5.174013842918023,3.449752179018842
4941,-0.9078707659685401,2.8620635258749467
4942,0.07027439826502915,1.5548471655694232
4943,1.0624124306323612,0.6870504590606167
4944,-0.7234720899163918,0.14081452818848125
4945,2.1113772383222145,0.19715323137314802
4946,-1.4125483058830883,0.09076591875071724
4947,0.14043796037363654,-0.14690479567898687
4948,0.24332519782932555,-0.3122799292736685
4949,2.2822044347246986,0.31708291936132993
4950,1.2205837908430541,0.4618189436129136
4951,-0.9646628824518803,0.11750545687101882
4952,0.0527869626521125,-0.24678747656368988
4953,-0.6110566718421547,-0.30953344661812515
4954,0.6222912861787098,-0.3386647575498474
4955,0.32042843075342686,-0.41493335719773305
4956,-0.8907902652837333,-0.3432729726690426
4957,0.9029136697598112,-0.4414829554260941
4958,-0.1275338504320733,-0.412915483492903
4959,-0.04516604129276708,-0.35798157151192084
4960,1.050131861916682,-0.34948321533946003
4961,0.7194773122086126,-0.14366809334281133
4962,-0.18246278261044832,-0.11880790876952058
4963,1.0275724638587156,-0.019003843279980476
4964,1.7215217139653505,2.6096346127557553
4965,-0.4772931065361405,0.5132778542556076
4966,-0.23338174342124537,0.05358111622889542
4967,0.9397179634992822,0.2243848962975629
4968,-0.19647128382383816,0.22445233351792898
4969,-0.8861709297664899,0.2194320273023478
4970,1.7164282395486654,-0.0012635764578233927
4971,0.6486899448735262,0.5637257826485617
4972,-0.3276991304753588,-0.08263451685345352
4973,-0.8509650464856292,-0.18274858056918575
4974,0.17078212531128206,-0.3697461067479043
4975,0.605404870137423,0.16077226645731046
4976,0.8808973730230003,-0.028292069924067798
4977,0.2174508055060318,0.3757906030448599
4978,0.10406562887116201,-0.17333779604452684
4979,-0.04706457925238588,-0.2747043354955287
4980,0.8560720032489483,-0.07688675451284574
4981,1.529897265028085,0.7787569035418689
4982,0.5973880384861723,1.8534691467660616
4983,-0.6996496162841015,0.28031234955875295
4984,0.13304530111504795,0.053183086171911184
4985,0.6719016948139127,0.04208934227778991
4986,-0.4864414015190341,-0.1641413375089989
4987,-0.6039167590282575,0.046530654932299034
4988,0.5095477357141577,-0.2431564858164828
4989,-0.33013967621189766,-0.005259687847788699
4990,-1.7476878558146223,0.3070832592817953
4991,0.33708226304461564,0.031067445072383904
4992,-0.6125015827457307,0.1336768660853112
4993,0.1654121374344167,-0.18734610765956203
4994,-0.5721813998786716,-0.06358885868126778
4995,0.6612486876989471,-0.26076320444782064
4996,-0.2948665951057115,-0.09936505958184527
4997,0.9230601271602885,-0.024567926699001374
4998,0.5163767266616679,-0.11533034107130463
4999,0.12288983167187863,-0.1807709619332661
5000,0.07923349090576708,0.37141166482469146
5001,-0.45769895181055964,0.30355243616769134
5002,-0.12789236294718243,-0.0036357934116795776
5003,0.33407720776872457,0.0733480778990129
5004,0.9547913429645651,0.1008574657957484
5005,-0.5328285896554561,-0.08900379255983346
5006,0.12399792462540489,-0.21507899256482466
5007,-0.4453600410685723,-0.19480106910323136
5008,0.523475677322215,-0.42421809747388095
5009,-0.10054987791655194,-0.35462869984377815
5010,-0.4033382424358087,-0.2637694557140051
5011,-0.336261348799815,-0.14920112776643302
5012,-0.5793450332931467,-0.2651474977093714
5013,0.8239520483559366,-0.40152569416765344
5014,0.38930417003140133,0.06573514580310881
5015,-0.6188504792387145,-0.20115522186860998
5016,1.2647584585500844,0.020909171581313425
5017,0.16782432925146748,0.3180744276035592
5018,0.4217185527928899,-0.06353609293595429
5019,-1.1019558544268955,-0.013803615848997405
5020,0.5723182956246037,-0.3393844189474547
5021,-0.4158525480155885,0.5143013823370219
5022,-0.9494182510721142,0.15768054720393465
5023,0.0015160364025942038,-0.05310184687535137
5024,1.3065032739448408,0.1456033725550158
5025,-0.3604655914668368,0.3552748149227344
5026,-0.23396851234782318,-0.016867176523301802
5027,0.2519455951922456,-0.07141849837193207
5028,0.35066812289476146,-0.16405166512797037
5029,0.7709057893905576,-0.22155575295962388
5030,-0.753086694320986,-0.07660777400007755
5031,0.7362551285383816,-0.322611860915215
5032,-1.1156452400106738,-0.041945718160948636
5033,0.6009104626503265,-0.2645428603838004
5034,-0.8239958552921516,-0.262786630244619
5035,0.24904729445357532,-0.47570324954573806
5036,1.036609521361386,-0.1610513329221323
5037,0.07621800012549512,-0.31542548321151564
5038,-0.5863723828937735,-0.3199305902480147
5039,-0.1834678824355415,-0.35951065901211
5040,0.7729278508170071,-0.36042555548199484
5041,-0.026454682703914215,-0.3496063923299866
5042,-0.1412505598630622,-0.43702918918906547
5043,-0.0064263070266338965,-0.42081332149527106
5044,0.10231555838931546,-0.44591413288804976
5045,-1.2238074466821642,-0.11522680186240625
5046,-0.2797737334810882,0.008506310004598686
5047,0.5491759712657419,-0.3068925382352646
5048,-0.6604924650530032,-0.15803444439847453
5049,0.13559538087423667,-0.3567667825914874
5050,-0.1040300381835553,-0.35384165118218514
5051,-0.21480716357111665,-0.395631859868442
5052,-0.5682109757066716,-0.3988939350799157
5053,0.6281796767073865,-0.5344964372143173
5054,-0.24807025771491834,-0.5434595717784038
5055,0.9613773767343603,-0.3267550859573719
5056,0.04664290045211782,-0.4327736418253102
5057,0.4084467670618752,-0.47544064158714205
5058,-0.6597105362085462,-0.444672805487682
5059,0.7722942686786501,-0.446505051007724
5060,0.1929707722849048,-0.5367656138715134
5061,0.3861980264878133,-0.4549444587638002
5062,0.593489913310215,-0.31938654338245476
5063,0.5548654506744659,0.1836670369169325
5064,-0.8774411101508461,-0.06724493914807589
5065,-0.0426715551584522,-0.3259790021312469
5066,0.35667374836117227,-0.3774234831881347
5067,-0.37748595643584576,-0.05999119710892076
5068,0.20488122629001929,-0.20740298265026313
5069,0.18255478848708698,-0.18622976811680195
5070,0.3194545673367025,-0.24924953426236435
5071,0.9109654136078763,-0.02563856170142663
5072,0.5371301345879897,0.20128008666735983
5073,-0.4496849918890861,0.13730144503201236
5074,-0.2714224096246829,-0.12736080841417002
5075,0.023704722135303252,-0.33995098549925984
5076,-0.3787268705258665,-0.21445608552040052
5077,0.33683484175835005,-0.4129610839893323
5078,0.06065100069810484,-0.27976054086940005
5079,-0.49420509501538995,-0.3078766272751834
5080,-0.8262600485775534,-0.004281124054356614
5081,-0.8970101480499058,0.017753540729730143
5082,0.8619878859221013,-0.35016622642976364
5083,0.24553936553366212,-0.2826142877055611
5084,-0.9222568599286581,-0.26539860941776816
5085,0.25858550585384676,-0.25725007553151236
5086,0.345955786158691,-0.3530648458868784
5087,-1.1003542867058933,-0.035457746532450554
5088,-0.21149789632060423,-0.0272655224820518
5089,0.010192887552487373,-0.1974656381219886
5090,-0.5774218661636833,0.14557941183321504
5091,1.0765471780987264,-0.2951326952602731
5092,0.24095467054001832,-0.3798067861023717
5093,-0.43202178589370593,-0.05268032938101101
5094,-0.3808872202782887,-0.09188185794744852
5095,0.5401921080436098,-0.40228019430513917
5096,0.25927592256986176,-0.3813607536062806
5097,0.517692446242317,-0.27906224596489326
5098,-0.07686752145100542,-0.4205645501728882
5099,0.44126588756023727,-0.3783201815690102
5100,0.3009715024037011,-0.26308122699976394
5101,0.2539429580428062,-0.4378258905012687
5102,0.4744074012215849,-0.458629892743612
5103,-1.5816292681773398,-0.06926834988477071
5104,0.14593300826149155,-0.343155531535625
5105,0.11757541440766454,-0.4084101073059785
5106,0.02627647140804208,-0.4981675901795375
5107,-0.5260032851740869,-0.39729815578592304
5108,-0.506736890215384,-0.06441440061941325
5109,-1.513844339040533,0.1842768887215853
5110,-5.6483897084086525,4.9687347085032325
5111,-3.2430330075378593,3.350237287680161
5112,0.875350903889166,3.436702220318752
5113,0.44986792281530263,1.3493451943398052
5114,-0.28830754771667116,0.5529702701523168
5115,-0.016357424420103107,0.8816601778270703
5116,1.0910259657597872,0.16145569998001863
5117,1.5345275792604494,1.7300903928639078
5118,1.7532548376296015,0.7861992194958441
5119,0.4816142925359619,0.7011674176322039
5120,-0.8604416679420048,0.15164826607579762
5121,0.6679504192679157,0.05743464332977483
5122,-0.07092397777676296,-0.009664730067526217
5123,-1.3609982368798215,0.3051131039351827
5124,0.7855745451643252,-0.14934814355585718
5125,0.13673714232506096,-0.2719794549848319
5126,-1.9437897620717126,-0.005695130013095115
5127,-0.6418801351044356,0.4119012771158692
5128,0.4572248523883567,0.6959472768475717
5129,-0.6225468564860067,0.125931176417538
5130,1.2461197608986774,-0.32173412185871175
5131,1.119486930231871,-0.04236983846230333
5132,0.5913378073452564,-0.011669988307388454
5133,-1.5805421353381703,-0.0552937347611748
5134,0.5856284608545036,-0.3657302712709561
5135,-0.47606240521597754,-0.3710933823254089
5136,-0.5041413923500371,-0.22833415769396243
5137,-0.23265047975642614,-0.4226807772234087
5138,-0.8495202410547952,0.18736684675845053
5139,1.2334871306557884,-0.1802865922050087
5140,-0.6326058793406389,-0.3472636606426441
5141,0.19682391336142638,-0.49821847374958994
5142,-0.8438325470088052,-0.2812692028212895
5143,-0.91136785021381,-0.07862764214615278
5144,0.6659178665546261,-0.48219867494988033
5145,-0.9856841534960681,-0.1858865367082353
5146,-0.40343002749503154,-0.31045490211498994
5147,0.23146026593329885,-0.3201529616518345
5148,0.3585320546363431,-0.21818212677827442
5149,-0.06959083181484291,-0.4391596539413955
5150,-0.5192595227278447,-0.35116725739123517
5151,0.7762723016705873,-0.3543211736680739
5152,-0.6393650240564628,-0.39123973569404263
5153,-1.0344758397499305,-0.0975450349235153
5154,-0.7244476539011229,0.11055579992928596
5155,-0.31713055025807185,-0.08610775748158764
5156,-1.0447055017110478,-0.06360403271201029
5157,-1.2202790958337588,0.44727508906192787
5158,0.6394892222587826,0.25259917472743965
5159,0.8021670214366867,0.14687997583224705
5160,-0.5620957062614983,-0.026592600885854023
5161,0.7559072054744376,-0.19814356277418632
5162,-0.6858737195335121,-0.27622604690356944
5163,0.8358992811127264,-0.2769231731580298
5164,0.583826968157124,-0.3957380771350035
5165,-0.11541707686456629,-0.28419591850646175
5166,-0.5210612364191931,-0.4014503676053952
5167,0.7258867168646075,-0.40957939967151086
5168,0.40988496617557507,-0.41660198783042407
5169,0.41353365253356417,-0.4843827064767777
5170,-0.14377118356838492,-0.5423097261602939
5171,0.8591348183144437,-0.2641904510046453
5172,0.6244857303636356,-0.29705906015198397
5173,-0.672864319225288,-0.23496340783284475
5174,0.42455892706927273,-0.4890201326754058
5175,-0.07519501473037929,-0.41238021237559175
5176,0.4583666540177559,-0.4526622409617239
5177,0.1436316446173593,-0.4631140097861908
5178,0.11191445042340886,-0.5053212595497956
5179,-0.5952490477893234,-0.4010073193819871
5180,-0.06901823788185384,-0.4020290277673526
5181,-0.2905968883940101,-0.4919954574689682
5182,0.21405861195555664,-0.5126695155273526
5183,0.014417732244510904,-0.5216950654093238
5184,-0.17222805621883183,-0.5220826906345253
5185,-0.7436740789610732,-0.2263579266519986
5186,0.2701224217048805,-0.3468245776479203
5187,0.7196038511163279,-0.35262753598331487
5188,0.14946025911547967,-0.43218012937178274
5189,-0.8077757023287392,-0.37215316893271555
5190,-0.5130443788386163,-0.29497382196448524
5191,0.5369042885743223,-0.20437639681136427
5192,-0.07658581514932926,-0.334860780939771
5193,0.49008878690393093,-0.4654206535952634
5194,0.613458260547556,-0.42646059208019654
5195,-0.21267379973554537,-0.3122184400653371
5196,0.5006716804448571,-0.5195447651210975
5197,-0.22828393249939286,-0.4480940121105847
5198,-0.34377134836893897,-0.44765736477015705
5199,0.034243540682953655,-0.47624264625333246
5200,0.905761647086543,-0.10229047502068611
5201,1.3225508018082526,0.4786902091377505
5202,0.3025528941171932,0.19142149933347058
5203,0.23906890313785975,0.054428815068097346
5204,-0.0660519119015746,-0.2759301629553355
5205,-0.5744678555873831,-0.2490342869554234
5206,0.037622336329561294,-0.4539008054868986
5207,-0.6716844152558411,0.022094444506203355
5208,0.029359445834604484,-0.2553968211874148
5209,-0.07172572501853963,-0.42794684274291134
5210,0.009334676443858176,-0.40650498234107924
5211,-0.44499474361787306,-0.3542553883813331
5212,0.5135011015788885,-0.40864534156812227
5213,-0.5106508591387304,-0.23622734821494257
5214,-0.48193721121360045,-0.3312242893286544
5215,0.48654326700229306,-0.49204718197905384
5216,-0.2711657099713691,-0.5071025989914734
5217,0.5820618602746775,-0.5115978471387479
5218,0.42377957238194786,-0.5059260515402411
5219,0.3508531870348315,-0.4021092354811948
5220,-0.7554955717909264,-0.4072794088949855
5221,-0.2318584553053093,-0.4067121801534557
5222,0.28548482887514703,-0.5356808990357843
5223,-0.790940345621299,-0.307015300704392
5224,0.22799655277784955,-0.5060412807871204
5225,0.36365709025556187,-0.5641562542967542
5226,0.4772393213020863,-0.4366774763910303
5227,0.4614876014928821,-0.43151046789955216
5228,-0.47539471164158925,-0.47837061537042125
5229,0.08989315879878508,-0.5360195794141456
5230,-0.14667679454428148,-0.5303854034449635
5231,0.5336073646812631,-0.5906000334469377
5232,-0.087163331824938,-0.5515521979466358
5233,-0.31036807209230205,-0.5785750837615078
5234,-0.40669200537774836,-0.5118304696383188
5235,0.10653669793588191,-0.5260929730337068
5236,0.05607903859227948,-0.5625329114829187
5237,0.05327424632101305,-0.5352716791672144
5238,0.3147927832350415,-0.6006170297619253
5239,0.049427752552407944,-0.5180634284494374
5240,-0.04569557021797135,-0.6286420170037994
5241,-0.027698723601176856,-0.5781756104974747
5242,-0.25202691686454765,-0.5283646187061065
5243,-0.23996659913108243,-0.5014413939162667
5244,-0.5261153363878852,-0.32086059773133385
5245,0.31469221510960016,-0.5651577860705914
5246,0.1830532276969741,-0.5867341531613627
5247,-0.435546742979208,-0.4788812777387841
5248,-0.5017141465996593,-0.25748925238684495
5249,-0.4461443222041451,-0.361719280285373
5250,-0.40623728528147507,-0.2485622918351616
5251,-0.2265311115122387,-0.05126475510438855
5252,0.11367201046408018,-0.18849646307436924
5253,-0.7783215388711335,-0.19835993216144132
5254,0.3009347611720029,-0.3452988832235259
5255,0.1794133785744983,-0.17907041091756082
5256,0.23694848269402677,-0.42372249233191006
5257,-2.4397368197748857,0.29084785033735316
5258,-0.28586567312328404,-0.048174744043646925
5259,-0.5134955076688794,-0.1439655832923693
5260,1.2904053170718757,-0.038561108665565585
5261,0.27767952088567066,-0.3967265703090349
5262,-0.8628549993574772,-0.395887739030126
5263,-0.33070211763827884,-0.3377277605153003
5264,0.8236028940578374,-0.4385573423184666
5265,-0.20847969181580212,-0.3400163211443055
5266,0.8258686592535815,-0.4513533315046792
5267,0.5903566894351789,-0.36963280177939006
5268,0.020963298338752438,-0.4845149208721192
5269,0.2649665468669429,-0.48094466722181306
5270,-0.333137824047638,-0.5004303778701543
5271,-0.5419612136728542,-0.5110199341168261
5272,0.16338461234069018,-0.5536928563701894
5273,0.5803838288028298,-0.591225516236158
5274,0.4128695061146947,-0.5092763874961982
5275,-0.4227172353682192,-0.5441008975758579
5276,-0.07514278106658283,-0.5707189849178241
5277,-0.20686901803034646,-0.6143629365655411
5278,0.40094773577915105,-0.6400282516941754
5279,-0.4095581667579481,-0.5538592038109551
5280,-0.0022491726812832015,-0.6066536096025125
5281,-0.13776925015356714,-0.598011427065845
5282,0.028887214814109444,-0.524087840937513
5283,-0.8809603580690852,-0.40116834978292837
5284,-0.6317872609459312,-0.1738329645855011
5285,0.22257258789016215,-0.44227042856636645
5286,0.2459898223097507,-0.45548547587847465
5287,-0.8694753880636786,-0.35484376299035947
5288,-0.371705822792837,-0.21868203088881155
5289,-0.1768791274447688,-0.3641302226677509
5290,-0.6512826080559663,0.39258093874626115
5291,0.18249928043040822,-0.20871857303525032
5292,0.10795366193619214,-0.22458293986206612
5293,-0.7097637778610262,-0.018885951112413174
5294,0.8881947203500263,-0.30668319188154414
5295,0.07673826511956601,-0.3549837933889348
5296,-0.3939124039009428,-0.4207132533802612
5297,0.3757841563935315,-0.5376626424670837
5298,-0.6708316791167631,-0.06619558665139491
5299,0.7180994466621772,-0.41375010278676316
5300,0.21087485256703797,-0.4194912163454139
5301,-0.3863051615830878,-0.41425181722828763
5302,0.4811239252122071,-0.5633482094118185
5303,0.07336682365615317,-0.42891373634964425
5304,0.5410188011563293,-0.3181218501732981
5305,0.0711803886214291,-0.46857665810705174
5306,0.381650893854128,-0.4461435377061873
5307,-0.5096415498054221,-0.3539133988871334
5308,0.6341825821111917,-0.39112865908090055
5309,0.31012212996775895,-0.4051555708873942
5310,-0.38198971806520676,-0.3099317982615884
5311,-0.08969802021069928,-0.40588324406419385
5312,0.25304697496457873,-0.52287065964266
5313,-1.5229029060951933,-0.11083383879879122
5314,0.46327326490631027,-0.38514428990955313
5315,-0.5453711426899966,-0.09098153475411758
5316,-1.6002602735842277,0.5619199894175876
5317,1.3295139194422676,0.2508696076634968
5318,-0.19496638043041337,-0.1854566175524027
5319,-0.2654028059082135,-0.2656967800808171
5320,-0.809170660704921,-0.028606771382226753
5321,1.4218977087988347,-0.3604464811443325
5322,0.15728418906747071,-0.36962370495677976
5323,0.4145404796464723,-0.44687414372752676
5324,0.047868291137759096,-0.4638531416358863
5325,-0.29450741019953364,-0.5005735946342924
5326,0.31310025899439425,-0.5784837267081508
5327,0.2207088757736305,-0.5607744049298848
5328,0.5787835976936171,-0.5151787189223099
5329,-0.5024463520862087,-0.5169373680888752
5330,0.0670129568966125,-0.5730395975407222
5331,0.07500133443817573,-0.519112261130431
5332,0.4072341513722578,-0.564775713621648
5333,0.220842683037609,-0.5452519218426977
5334,0.15959776136997303,-0.4708344316169658
5335,-0.5993635607591365,-0.3684042449322593
5336,0.14532425638232183,-0.4996352722432469
5337,0.30886475484272274,-0.5637390473393155
5338,-0.221983017701412,-0.48859685141527376
5339,0.663483179781588,-0.5689611348079072
5340,-1.1297945521550987,-0.42077160537369557
5341,-0.14566530202873626,-0.4624526440815665
5342,0.04240925060855271,-0.5250317020028228
5343,3.1068015409642906,0.528103583347124
5344,0.16929848376599677,0.212666576698285
5345,1.1275662240538304,-0.16551721699549687
5346,1.0779424297342521,0.24770464909759946
5347,-0.6484522292398558,-0.06313591411283338
5348,-0.8083727246162752,-0.08862791115570093
5349,0.9702645332840897,-0.2623585720871721
5350,0.16161775179300553,-0.34736340162225726
5351,-0.41614677945304634,-0.3386612086818055
5352,-0.18587187982097256,-0.2873302639069471
5353,1.2608487030892095,-0.2982082328959754
5354,1.0668038995901605,-0.0791586666991462
5355,-0.699172654158356,-0.255367475020993
5356,-0.18458662491690028,-0.3186549645729396
5357,0.8949584510795091,-0.4168789627352519
5358,-0.25570328162764006,-0.2542109162160415
5359,-0.2294422449685389,-0.3778210875789628
5360,0.03455483583011637,-0.5019158399933505
5361,-0.659240486066692,-0.3836160082997774
5362,0.2733374967278044,-0.4083902997287979
5363,-0.12365517368867626,-0.534271507012807
5364,0.934283821490111,-0.41981984855448307
5365,0.3112830385552841,-0.27069191761527245
5366,0.03506389324383754,-0.2865571228769391
5367,-0.13152199000448914,-0.4364341253073263
5368,0.22957699025801517,-0.4684690059762787
5369,-0.12139370151310049,-0.5274440531739919
5370,-0.1222440599656068,-0.48165924600346366
5371,-0.24081437626495758,-0.5263866343749125
5372,0.48773204532814884,-0.4681578389236908
5373,0.010293461343500135,-0.43155475950644917
5374,0.12669645875825983,-0.577682934828948
5375,-0.15286813858462014,-0.4496939122852668
5376,0.5163598544403011,-0.4276125136372574
5377,-0.5307567194282966,-0.3999244701442393
5378,1.006108857853958,-0.33508142753510306
5379,0.04904353122533065,0.1493068936404125
5380,-0.041728079172388445,-0.3199352478431773
5381,0.411773024589976,-0.35588419523022263
5382,0.3181473982357353,-0.43594518799989973
5383,-0.41485901816728676,-0.24041021233021453
5384,-0.4093576528195717,-0.392991299264189
5385,-0.47169813439587155,-0.32601622041756095
5386,-0.18032850143638157,-0.40558809729061085
5387,0.5190988546816666,-0.5175959475783257
5388,0.03434818612481686,-0.5267339136349417
5389,-0.7532565673208053,-0.24431559375893713
5390,0.029971044584497102,-0.43242382755389447
5391,0.11387706761048064,-0.44124020061458236
5392,0.29889200775727687,-0.5356201876939655
5393,-0.07720593485231914,-0.6032321613990846
5394,-0.591866192766675,-0.4805817542462578
5395,0.0530540314639836,-0.5081889775307739
5396,0.12226313715917182,-0.548363645481327
5397,0.24728261395880446,-0.43059510253509664
5398,-0.06801240330011293,-0.5033833502558851
5399,-0.28442108911027786,-0.5113035422778637
5400,0.14436035060725697,-0.5119801116925266
5401,0.08095594080940753,-0.5187021519017957
5402,0.4719062943648165,-0.42932587233415004
5403,-0.31603663773230534,-0.36972676234485635
5404,0.013533372440088114,-0.34884979792374915
5405,-0.008440972571299818,-0.4328745657841789
5406,-1.0181069263961415,-0.17982690057010653
5407,0.5190195103403431,-0.39356874894242794
5408,-0.28128172420511355,-0.2660610796219196
5409,-0.3677442833892501,-0.364085214773391
5410,0.42131091154044553,-0.4289048471257707
5411,-0.19805809572200442,-0.5127952526096946
5412,0.9235504973042987,-0.469875405527043
5413,0.5467871311620696,0.38573225067330197
5414,0.13253118575691603,-0.0982284663820249
5415,0.0042214215814094696,-0.12865315959730222
5416,-2.4406911986643105,0.45042050366138264
5417,0.6972448366837174,-0.17992929306525188
5418,-0.5172568687664759,-0.22143513780971624
5419,0.17250352625609472,-0.37059736080044736
5420,-0.4617096379375539,-0.2673204270465767
5421,-0.6044313955054869,-0.2890395426581259
5422,-0.21717516838537518,-0.21209996811914578
5423,0.554931431789829,-0.4500229665762594
5424,0.16978213386596275,-0.4975604282151799
5425,-0.09986193908700766,-0.5684198849075845
5426,-0.6680328838148999,-0.5086681169707298
5427,0.10213497874632001,-0.5373020737498543
5428,0.21973233257289138,-0.5535570517706176
5429,-0.29589902602389645,-0.5489516196432138
5430,0.24005170467630052,-0.5793944411153779
5431,0.4208938535957284,-0.5940380361241921
5432,-0.16844780051262254,-0.5934377246836795
5433,0.7297227165018613,-0.48639433499437557
5434,0.5410354511922185,-0.4462168612030175
5435,-0.7174469824588087,-0.41534590134213734
5436,-0.03346369534348159,-0.5269407374444962
5437,-0.23990416431157183,-0.5155832769026318
5438,0.40483198740305965,-0.5770044232715451
5439,1.0330929422980781,-0.4357730881656739
5440,-0.7081037728325373,-0.43293415301164306
5441,-0.1622395993364719,-0.457916110511027
5442,-0.624533869325034,-0.3963911518450386
5443,0.24871963809242142,-0.5533502749954949
5444,-0.241308842222705,-0.49398567042868
5445,0.47396531607692743,-0.5549956446673507
5446,0.35000730427483573,-0.5611697091495734
5447,0.327384675029182,-0.5617884111167907
5448,-0.5155251292347697,-0.4839412103708023
5449,-0.5446314509914084,-0.5591196949477621
5450,-0.28033828500822705,-0.4909770610615285
5451,-1.7675083422801177,0.546392569647622
5452,-0.7726337966396485,1.766826246932086
5453,-0.10015889697626437,-0.2152586304527327
5454,0.34097451741710205,-0.3973150069524293
5455,0.18188024539762676,-0.3776905780397083
5456,0.7835107767459866,-0.37900220657017625
5457,-0.12324648960012782,-0.4529783023010114
5458,-0.6308137355439513,-0.2604969671211546
5459,1.7362543219406619,-0.09325529164955948
5460,-0.26784133508664526,-0.18039573708965767
5461,0.16352346352511837,-0.46774992423134465
5462,-0.2582765401792844,-0.5058620282005983
5463,0.1697077206180078,-0.4931533020102866
5464,0.32334445158800995,-0.5885235811272069
5465,0.038523383368771216,-0.5417962762376486
5466,-0.48600457200050196,-0.3429397626437553
5467,-0.17213268454876876,-0.44572054463815175
5468,-0.5771671112260613,-0.324768972252693
5469,0.5720308892239618,-0.5019225878488287
5470,0.5222214901060247,-0.4922867432994643
5471,1.3294347181965058,-0.05900498930651468
5472,-0.05810881776074761,-0.3073198274803395
5473,0.5694680017178891,-0.22897460137267794
5474,-1.586885323667129,0.05103803742767042
5475,0.9172534840297785,-0.39045120144675677
5476,0.15314917221244137,-0.4795969832982796
5477,0.9558463092269609,-0.17350689036415315
5478,0.12041265979189959,-0.2624772070792872
5479,0.6782929480189732,-0.14997111147654843
5480,0.30855970922837284,-0.3106820845053892
5481,-0.2993899790739674,-0.29120450051325414
5482,0.28000454549467074,-0.44349036638784844
5483,0.09784869129884291,-0.44509416736246565
5484,-0.6633393487188042,-0.25778277706624386
5485,0.28984171006355364,-0.43499099937494945
5486,0.504129421833354,-0.28975412616045526
5487,-0.0904578661233918,-0.3929249310543386
5488,0.10547506923358714,-0.46524603174365076
5489,-0.3362039234747897,-0.38630702867944405
5490,0.12163074033636155,-0.538261792952378
5491,-0.2413320728364952,-0.3798899462019648
5492,0.05022973776625761,-0.39875362134422027
5493,0.10731998820822734,-0.4971742564348206
5494,0.16106407347928153,-0.4600911819444078
5495,0.021929053384055704,-0.4302382807347195
5496,0.5266449557640241,-0.47248490073898275
5497,-0.9143390893480824,-0.3405655456757326
5498,0.5330951758169152,-0.46309538003579653
5499,2.3330427837031804,1.7156670407030052
5500,0.15005926357513605,0.9237418452240419
5501,-0.9227444949925618,0.42258805782216324
5502,-0.8732005663427721,0.3794159246238467
5503,0.7755925390245602,-0.0739734609867281
5504,-1.6999259886640297,0.18718794649859405
5505,0.21936780683508506,0.9341819008139634
5506,-0.5538120607796693,-0.10284127322898354
5507,0.44812264602918794,0.008598186925767998
5508,0.3273753535966608,-0.18790666536021491
5509,0.7170009168882633,-0.21058798193916928
5510,0.3411678380105956,-0.12492112143004039
5511,0.01833211800610603,-0.21728567686008915
5512,-0.18773079341762253,-0.3246580299914057
5513,1.0438491594349164,-0.3418973942063874
5514,-0.596044266578304,-0.2934973094144674
5515,0.0329526239565724,-0.3225638778175452
5516,-0.21288463209856742,-0.36164988793910974
5517,0.727818575343236,-0.37702399895615873
5518,-0.3911813725693115,-0.23441616599907067
5519,-0.1700249562270563,-0.39164032227391443
5520,-0.4249706165593432,-0.382491195634194
5521,-0.31100017718860695,-0.37557489016791673
5522,-0.17669188001460973,-0.4056886687746159
5523,-0.16124249126597898,-0.3710079980786901
5524,-0.22770490743047317,-0.4796087214513006
5525,0.31629028653496427,-0.3687808575478419
5526,-0.27268861509383513,-0.4943410130115754
5527,-0.04573480627746188,-0.4746892236844992
5528,0.21748848759870237,-0.5914063413043082
5529,-0.42010800261315717,-0.5469116180413057
5530,-0.10635457644003861,-0.5329700730675017
5531,0.5339224508159968,-0.5184030666452135
5532,-1.6321693160286361,-0.190503933631223
5533,-0.44844323238835965,-0.08498105392945338
5534,0.15324531689273768,-0.4132515224016741
5535,-0.3935597737222579,-0.2984231898569403
5536,0.12288127720837923,-0.4932199063793641
5537,0.2921867071017327,-0.45194386365139433
5538,0.0589755529245684,-0.5045465515083994
5539,0.052215597667132074,-0.5243737509926918
5540,-0.5026031522192342,-0.5177148860787256
5541,0.4847862057848739,-0.5232594785305311
5542,-0.11359182137776841,-0.5179994422634392
5543,-0.8504690400642356,-0.31551065721015875
5544,1.1181073318667223,-0.33518627199425005
5545,-0.04585754975460942,-0.46044162450868764
5546,0.5610493805718443,-0.38478143455579983
5547,-0.6622239474739497,-0.38324295081521037
5548,-0.5070225422111974,-0.39449051928328266
5549,0.06763398030357251,-0.4460528798405673
5550,-0.7214814207173696,-0.3710653553627796
5551,-0.17921540433183666,-0.2733850827779087
5552,-0.5723789931160642,-0.15044544357670098
5553,0.9404744058839462,-0.4074401039985836
5554,-0.4134721549395381,-0.3713158526303167
5555,0.4209131238193991,-0.40818899301399086
5556,-0.4463071591244482,-0.3772190483978743
5557,0.4848583385045034,-0.5323539625993107
5558,0.11435665145645181,-0.51724468506807
5559,-0.4107170093681192,-0.5316555089114845
5560,-0.37908508221064935,-0.48073959859525617
5561,1.3279084582477512,-0.4858366599457795
5562,-0.07162821929667627,-0.4347866067198642
5563,-0.5818462871757143,-0.40541204346255866
5564,0.19837973889044985,-0.5533258857854909
5565,0.004625887475763978,-0.532682204610936
5566,-0.023345068104089973,-0.5642859594342851
5567,-1.166722490539433,-0.13354966241838778
5568,0.5158031121537462,-0.42448388712876584
5569,-0.2224380666486243,-0.42964641229425765
5570,-0.17191364845252383,-0.5102460290961105
5571,0.5587859572392887,-0.4780622020540827
5572,-0.03854427048639901,-0.5070767298522102
5573,0.491996469554639,-0.5020535734226714
5574,-0.47477838144037915,-0.425371727001981
5575,-0.2870042642582006,-0.43649464082780703
5576,0.6216423819498937,-0.5172828298391807
5577,0.5467210146224805,-0.356659990640519
5578,-0.10018415088984715,-0.441357147830726
5579,-0.7957451116508459,-0.30561061515599053
5580,-0.5780868686466151,-0.3741677447659448
5581,0.5577835959752686,-0.3059119055642403
5582,-0.040128660348446005,-0.40326616478450245
5583,-0.2981287545930139,-0.31032660389601985
5584,0.22984784212610787,-0.41794748174280927
5585,0.3778979930590313,-0.45104705123451927
5586,0.39942244020024864,-0.3648982458981763
5587,0.035223047473720265,-0.5006959289125943
5588,-0.3691946367379026,-0.4692782912712714
5589,0.4747120869755372,-0.5269494404646228
5590,0.3102632349749139,-0.48531095948485103
5591,-0.08360583308881991,-0.460684215310305
5592,0.5379703128993486,-0.4636365341276908
5593,0.20464166140707557,-0.3833750510671763
5594,-0.5894827184955711,-0.35493276256498535
5595,-0.19598940437091933,-0.40996950155178447
5596,-0.3276012162541509,-0.35858324250960133
5597,-0.7511055658395863,-0.09473171063505648
5598,-1.4007536088958137,0.24460643860989512
5599,-0.6146932867356464,0.5880986342564595
5600,0.27324903853441135,0.23303073859850892
5601,-0.9399893378910098,0.2251488217683513
5602,-0.5618670762463631,0.05414067180923654
5603,-1.3903616861675994,1.043111199322933
5604,0.6869639740435809,0.0669363939331746
5605,0.3503719731464258,-0.2862502985175012
5606,-0.8947732494025025,-0.2439489099936022
5607,0.5234724962878674,-0.1784960903290085
5608,0.7156999657741278,-0.27668007102432113
5609,-0.42163524057220064,-0.3403328135805339
5610,0.4517003084053669,-0.4853143981016217
5611,0.7878117730884955,-0.11172458331831273
5612,-0.30463700046259473,-0.33069567350880236
5613,-0.7164250375635435,-0.3538229483499328
5614,0.7252223145657908,-0.48298023153949265
5615,0.6123336311479813,-0.40023735744036965
5616,-0.942775017331218,-0.2907713043432931
5617,0.5048366622503555,-0.47947968287464615
5618,-0.9645920354329783,-0.2783850828176427
5619,0.7578848501299946,-0.4464900827793312
5620,-0.5617302478814624,-0.4211289891198713
5621,-1.400116806770996,-0.13005336302061676
5622,-0.26635972579094297,0.10035491898142926
5623,0.4383637434338021,-0.4065230135038751
5624,0.6012278600653737,-0.2762991288193427
5625,0.4805095006553212,-0.4317133985383912
5626,0.20339801293823415,-0.5126842110341582
5627,-0.09419444441853483,-0.5473288618022197
5628,0.14585946714545867,-0.5331875686593069
5629,0.5056674772628045,-0.589258350548336
5630,0.1968128427373279,-0.5625344053592707
5631,-0.7385643545710502,-0.47592997549716154
5632,-0.21625030118154506,-0.5054870859695151
5633,0.21307909652674223,-0.48723308815431254
5634,0.3396899468809395,-0.5646557125302267
5635,1.4381177484151413,-0.20738591088635394
5636,0.3613084143436124,-0.17889052689916574
5637,-0.008952820383762584,-0.38066441593547995
5638,-0.2387193849058534,-0.40381606933992614
5639,-0.6665906638015932,-0.2782865767006966
5640,1.823987681532724,-0.16967352360520366
5641,-0.35353925668959624,-0.2972025123617623
5642,1.964064291873266,-0.028477841959127212
5643,-0.9138869403390183,0.027704744421630657
5644,-0.35630906498053777,-0.37626363445662975
5645,0.2882008603583576,-0.4196444263361861
5646,0.28297362905560874,-0.316707671114626
5647,-0.667918288971126,-0.42681669435076564
5648,0.6801175069931892,-0.17970218770730717
5649,0.4177208987648035,0.20581488076470433
5650,0.9549771964136526,-0.16751376580271748
5651,-0.8797519234990328,-0.1736798072329692
5652,0.08374051284974543,-0.3768735684768736
5653,-0.6892903753490106,-0.155769944155055
5654,0.038980050228224934,-0.37582760830906786
5655,-0.5537018578376562,-0.3963928352149157
5656,-0.10819365287086213,-0.39748464691085655
5657,-1.5090977684987523,0.09248403462381494
5658,0.4760978823622041,0.18424823090298068
5659,-0.15630271435245224,-0.32136148541270537
5660,0.24842780052884195,-0.4932548632357321
5661,0.4434768565981406,-0.525961623879671
5662,-0.3302003988800288,-0.41998063320308276
5663,0.2455352231430356,-0.5473356806569583
5664,0.5070007026066211,-0.4837736766484497
5665,-0.177890375150411,-0.4741665461513097
5666,0.10257076297443808,-0.5665062469131739
5667,0.07584352971532435,-0.41854918671971186
5668,0.2171526075373715,-0.5497249976159159
5669,-0.4182906541165947,-0.507012000582643
5670,-0.06998155805582833,-0.5175230584815297
5671,0.21228275550422726,-0.3967225724699314
5672,0.36908708360199294,-0.3721623711004663
5673,0.08221337784760072,-0.3988468349489626
5674,0.6578303634636475,-0.3863906346978841
5675,0.03897836320474946,-0.3569369909841507
5676,-0.10013245424631671,-0.42956815792909936
5677,-0.11556025486726246,-0.45227413743355205
5678,0.28781179634223086,-0.49480485883022884
5679,-0.29926632675992854,-0.40963077179134644
5680,-0.11864710498049,-0.558968765446676
5681,0.2892420777461376,-0.5616086611442341
5682,0.48161029801471994,-0.3394369872503184
5683,0.11858448525154813,-0.3863648308464601
5684,-0.001945304058558456,-0.4826829861134794
5685,-0.11200993811449515,-0.48034331991035784
5686,0.13953874048472364,-0.5175594573551862
5687,-0.6372533901363578,-0.3093073313942538
5688,0.07074674249344931,-0.48154084108522544
5689,-0.9940954976462751,-0.27972843517163587
5690,0.2354955039674814,-0.4197802949254212
5691,0.4154595654977006,-0.49325104096916295
5692,-0.5000653332425128,-0.27954590363769266
5693,-1.9913303363583337,0.764086487649678
5694,0.13584387941131174,0.14433512238722118
5695,-0.6871731708697275,0.10825922569627992
5696,-1.0890263300530594,0.38022818665394503
5697,0.7863176711957826,0.24987450563666763
5698,1.231166414248955,-0.015713172809181483
5699,-0.5352540511799343,-0.15140643514861857
5700,0.17261902313348795,-0.4410504252173215
5701,-0.842935746436776,-0.22980808051664936
5702,-0.4446191776790888,-0.21261612407227232
5703,-0.03220731558643045,-0.13840275033448599
5704,-0.2083563054833217,-0.34548357348296843
5705,-0.05108056773423786,-0.37264106089061605
5706,-0.6101613077429994,-0.20510425874952115
5707,0.10658268596850576,-0.34938223255655676
5708,-0.23752717853722272,-0.38106743037544605
5709,-0.5901163216562384,-0.23870822376464784
5710,0.7171293019980941,0.06460620986250389
5711,0.6552151563494083,-0.29486217984058266
5712,-0.6086730828541392,-0.2910512454367419
5713,-0.7994983705612968,-0.30205712230776965
5714,-0.5640665548437437,-0.21345157995454067
5715,-1.1589625907607362,0.20833036258838003
5716,0.5803015680511084,-0.07634501076048829
5717,-0.4464414348909108,-0.18747752756032865
5718,0.2165073322201284,-0.21782641235485228
5719,0.4859036287166434,-0.06730565140456166
5720,0.4631168718749839,-0.39435926559929113
5721,-0.5487707609671264,-0.3510508731130454
5722,0.674770233662132,-0.42333449292292746
5723,0.38789026575850555,-0.41196068238871125
5724,-0.36514227390757276,-0.33886671089414877
5725,0.7197191153088501,-0.488409497982078
5726,0.5073702636818059,-0.5092497517399553
5727,-0.5081095278577226,-0.3445390671572105
5728,-0.3648780454692967,-0.36625589919904505
5729,-0.3929588663149133,-0.4782434491901171
5730,-0.651367565625789,-0.33467486425673054
5731,0.11484666269694205,-0.5028642330439401
5732,-0.8277144940427132,-0.2919392974259278
5733,-0.036796217558107934,-0.4780626506648994
5734,-0.7465823171112618,-0.015523952430142728
5735,1.1437943752451776,-0.2576126976025709
5736,0.030493743107695166,-0.35163258179472284
5737,-1.0266600041734617,-0.027293317028594236
5738,-5.447616655515141,3.8201369029824788
5739,2.542577939702077,1.4346793541007137
5740,0.868529514131783,0.470826397356515
5741,0.2109997308397608,0.12068570772776477
5742,-0.6887232788585167,-0.06236201867721883
5743,1.0013051869900345,-0.1972048924177715
5744,0.36954846481596626,-0.21730316562290525
5745,0.42389545149684993,-0.2177625193895647
5746,-0.6257847272386264,-0.2970365849879038
5747,0.25491263487650245,-0.3228970357049352
5748,0.43825877319310846,-0.4619753436941363
5749,-0.25093596879356395,-0.4233630075719054
5750,-0.2244830685695242,-0.4857440533023538
5751,-0.41168253407369404,-0.18733014048113897
5752,0.0815486214002524,-0.45538261939953495
5753,0.3026665091831466,-0.4795277100096883
5754,0.40509581196081196,-0.5115831094487289
5755,-0.1261015059495585,-0.4270928169494794
5756,0.26718312910142206,-0.5000668224697692
5757,0.18446577154794527,-0.38308663281098776
5758,-0.31248563150233355,-0.40620369128104183
5759,-0.4920308279771829,-0.39270558986938964
5760,-0.6215589160681155,-0.06428509070146399
5761,-0.3824624825287527,-0.1656382969346677
5762,-0.2561641384163578,-0.028496279244826353
5763,-0.4944588219348071,-0.14147432492357254
5764,0.6691093749687267,-0.31243895173969866
5765,-0.9762338755030799,0.25647332083669916
5766,-0.42922873372184084,0.42144613381325063
5767,-0.14719344474019178,-0.10219640960053164
5768,0.7146912189886384,-0.28664604559744034
5769,-0.014338292196234344,-0.31346022122858846
5770,-0.16151095007953953,-0.3817997973481691
5771,-0.1962048674008669,-0.38528461582385787
5772,0.3741946020764722,-0.3868883892782151
5773,-1.0005795975510992,0.22473044084765895
5774,1.9213967697874546,-0.06480378771842213
5775,-0.9239213674346947,-0.05888794031714237
5776,1.132281978967955,-0.33305135608765196
5777,-0.005487864485363953,-0.35870482665314435
5778,0.5859661490755567,-0.3691601382295791
5779,-0.28385518812610117,-0.3683706496069164
5780,-0.23983199336392233,-0.4456170252532227
5781,0.05342013077885041,-0.48405094478791044
5782,0.4376340253556799,-0.427460876084235
5783,-2.1833608413047103,0.22924875690973645
5784,0.6320120886973708,-0.2428857143482276
5785,1.369651097342765,-0.20092708647089735
5786,-0.6429225816895641,-0.18139071701454135
5787,-0.42489182400407793,-0.3269503541066828
5788,-0.18764210065970335,-0.09797074263638236
5789,0.4571814267730815,-0.034733551892414394
5790,-1.496712766359558,0.06916810179160778
5791,0.5422178010279031,-0.1260042582928444
5792,-0.944067497891442,-0.08610528220806082
5793,1.0161543600826242,-0.316941998219246
5794,-0.3815510080057334,-0.17567773961402297
5795,0.8322882954703459,-0.2286574938739548
5796,0.5508242658249984,-0.3792344551517394
5797,-0.5039116102643236,-0.31742685321297603
5798,-0.7018533563697319,-0.4004278889795128
5799,-0.2455424606469945,-0.3756778349363095
5800,-2.453248067843944,0.2467937770264837
5801,-1.6728966981828735,2.6395252509715195
5802,-0.9343536068735783,1.1745863895919548
5803,0.8702349038777613,0.2554117292463226
5804,-0.29269104007384844,-0.08764421444367143
5805,0.29247747815985836,-0.20950973945229834
5806,0.2724254156020726,-0.372847821445875
5807,0.5769700559021723,-0.30144877387795854
5808,1.6146977519533674,0.017643007378588774
5809,-0.09654476412867678,-0.3029419212048429
5810,0.6170942048615492,-0.4095186849087998
5811,-0.17410315581258157,-0.40884427339257035
5812,0.20217984233523414,-0.4530637691501153
5813,-0.34641830055665934,-0.46310572145399165
5814,-0.026022608877635686,-0.4440642749485537
5815,-0.6786240464585446,-0.3068754729986816
5816,-0.07064454176963672,-0.45430757917145126
5817,0.845571792677655,-0.4762779063445075
5818,-0.6792942726683675,-0.392875910279991
5819,0.48687186050702974,-0.47917262783717773
5820,0.028195078536994354,-0.48594295187489067
5821,-0.6980750447137691,-0.4592717059935051
5822,-0.013396474398201817,-0.47015611639272703
5823,-0.10516983641841554,-0.4229702755003662
5824,-0.9188203156211405,-0.25624732402045836
5825,-1.9243623822951421,0.08559112831834258
5826,-0.45864999672046136,-0.008985276365745837
5827,0.25496846381901467,0.03693605200447307
5828,-0.5866032281037407,0.13851638285955797
5829,0.04384205759539374,-0.31818888567744996
5830,0.4047213655772477,-0.30311292399715517
5831,-0.5770527445720643,0.12787140401959998
5832,-0.7330137577258394,0.7478031141280982
5833,1.4851429871414914,-0.17872651941424034
5834,-1.2302783423951866,-0.17008399719283634
5835,0.5763721812159269,-0.13730210441227783
5836,-1.0485019249755738,-0.16802304672557017
5837,0.057905042082777525,0.7207338850174122
5838,-0.7047922937886927,0.17248216562574065
5839,1.077302246167695,-0.1383791515597092
5840,-0.3388033783982454,-0.2404449223049222
5841,-0.6200795985010538,-0.24107511396629355
5842,-1.1444873606930293,-0.1272945735715674
5843,-0.15421417151540048,-0.12307473280419406
5844,0.7360996630714828,-0.14801420571836543
5845,0.32213411806760417,-0.26491509212062925
5846,0.4789249713445696,-0.36740469297371703
5847,-0.42115159719538126,-0.3128044024679915
5848,0.9038905602910507,-0.332521210150769
5849,0.07341920311561201,-0.40041839280954483
5850,0.48661841842162434,-0.47663290820429105
5851,-0.3696587173947002,-0.4269672324165177
5852,-0.14654046857228653,-0.40966343528653687
5853,0.3009749311863488,-0.5444600480958303
5854,-0.8271042420468097,-0.40207141848713346
5855,0.4576330241282391,-0.4887080104185967
5856,0.4467399444376395,-0.5246309035256534
5857,0.626484241454926,-0.4693379169764377
5858,-0.37242224749120634,-0.5051179692969604
5859,-0.595643848229319,-0.40865152463437665
5860,0.19353577602471397,-0.47796108021203654
5861,-0.03070569524987495,-0.46347168395909955
5862,-0.08636169491055047,-0.5346970608760552
5863,-0.23635505111700575,-0.3989262828695799
5864,0.3321439953693019,-0.43808263763533367
5865,-0.5836492556202962,-0.3522464066651253
5866,0.5066967461917243,-0.39765920769598057
5867,0.04891757816031104,-0.4911557165959146
5868,-0.7665311406796916,-0.40317113873773824
5869,0.1785663415829747,-0.4226973742817189
5870,0.07109063631375752,-0.49218347245035
5871,0.3275134341312351,-0.2475421096564393
5872,-0.40194293143376086,-0.40159891928571345
5873,-0.5718702436783414,-0.4161988951632759
5874,0.4789224781973351,-0.49274426021792295
5875,-0.42300724742583257,-0.5269855452285359
5876,0.22281079154257175,-0.550829606447007
5877,0.17533481842065096,-0.5112313825091386
5878,0.006772724226565105,-0.5150310496127829
5879,1.5869328658895259,-0.2649416080872262
5880,-0.2864278168756572,-0.24398006794705995
5881,0.3800118708215132,-0.48083338359188776
5882,0.8401318655312597,-0.3340906044995421
5883,0.6151397122882755,-0.12774629966851042
5884,-0.2636494184763395,-0.23278672873807515
5885,-0.11145573055271774,-0.4490978923548792
5886,-0.006898977448144905,-0.4921192348590099
5887,1.1284181982679105,-0.1464074426913961
5888,-0.1915194887335199,-0.3407892880472648
5889,0.2987590295359984,-0.443131996876177
5890,0.28795202764636507,-0.37094285217709705
5891,-0.00553383153418847,-0.41699236554424074
5892,0.8059213256086191,-0.27497209662007555
5893,-1.0105119992595128,-0.13331440248620013
5894,-0.03907439189418691,-0.4038780221770333
5895,0.4091334256737444,-0.3754710947356431
5896,0.40768980474969796,-0.43142579243630536
5897,-0.6884866012011445,-0.36722078655807155
5898,0.3428445367663567,-0.5347345401622927
5899,0.07340623940476874,-0.5012250238983679
5900,-0.27030782784391216,-0.503623381953235
5901,-0.0643895179986284,-0.5731185237037393
5902,-0.5998903638805506,-0.34975669565294876
5903,0.7031053742008639,-0.5492619494456543
5904,0.11022924265265761,-0.5314659915667389
5905,-0.36205817890119263,-0.5404285099133807
5906,0.26636675091184175,-0.6168097384110584
5907,0.8257678521330603,-0.44775110559050485
5908,0.18613071111996393,-0.5294319064306229
5909,-0.0056729200725305585,-0.5753451645162124
5910,-0.0813855673198703,-0.5653378160799458
5911,-0.4254976148748791,-0.5375440804107474
5912,0.3976966927890429,-0.6182440254960954
5913,0.036644927980412544,-0.5650804419673237
5914,0.33077612434659687,-0.6237810102051904
5915,-0.15595750345772877,-0.3391766890226595
5916,0.3394406268957524,-0.6091421114928692
5917,0.06507576051582407,-0.5208905092695068
5918,-0.005914374991791938,-0.6025769569881404
5919,-0.20144526802074464,-0.5367714860443825
5920,-0.37431390319257013,-0.5219726522423521
5921,-0.051840975740804394,-0.5840288747973545
5922,-0.4483130269447797,-0.538186744116958
5923,0.6153757361144465,-0.3875599902894486
5924,-0.5083283464423669,-0.40544051663277086
5925,-0.1642602961962462,-0.5590511688354367
5926,-0.10964459412854038,-0.5523988329579606
5927,-0.5275310426871795,-0.4492080458949164
5928,-0.3706869308462549,-0.384041794319578
5929,0.3614294014918308,-0.5962224812017196
5930,-0.009812584727672352,-0.5569429876409324
5931,0.23551796709470274,-0.5824727440951426
5932,-0.3437818491297893,-0.48054326562396776
5933,-0.7033642839620274,-0.43519244234568155
5934,-0.39391503496231856,-0.3513853537986797
5935,-0.858099217732204,-0.2388429882960426
5936,0.9588651633931345,-0.4874676990277448
5937,0.3623237291572285,-0.5388816338252307
5938,-0.14810834647923524,-0.5386579761557363
5939,-0.5935935707766511,-0.41114981657813876
5940,0.14045882058009695,-0.4825803436233863
5941,0.5989971393155921,-0.5730805520940156
5942,0.24124887533286782,-0.49068588610061725
5943,0.0352676797138577,-0.5712653932343059
5944,0.4019256621655395,-0.605075802747196
5945,0.7090441014736654,-0.5291019587872923
5946,-0.17472134792247482,-0.5155139663666075
5947,0.06641392065565693,-0.5077094489975885
5948,-0.34273337638029644,-0.5474378163192547
5949,-0.09652187269985878,-0.5530308548115348
5950,-0.046424597126722034,-0.5902672248590876
5951,-0.6585140405585361,-0.4470486051608075
5952,-0.09938138949031064,-0.5075298740082075
5953,0.046638597889100776,-0.5990393113687791
5954,-0.28696922572111727,-0.5852105815418079
5955,-0.021673744471282824,-0.49535039995465646
5956,0.11650521753865176,-0.6488805010628401
5957,-0.2568550121851721,-0.5595855498665072
5958,0.14703292508411947,-0.5968120786681114
5959,-0.3800000451919963,-0.525723419720365
5960,-0.12295547549331598,-0.49763065441540877
5961,0.19390810383042822,-0.597112966383299
5962,-0.0808153238866742,-0.5156153015675531
5963,-0.513596728880527,-0.40550927079519855
5964,-0.8741470773339975,-0.14243602629387897
5965,-0.6780083133587891,-0.22591370936180438
5966,0.20120855505942312,-0.10125735118460438
5967,0.2876701746022333,-0.45151643688623055
5968,-0.09663108512016406,-0.4988075033995626
5969,-0.44022676802873656,-0.4386416500495357
5970,0.5350170846205856,-0.558756261442056
5971,-0.23419328584781057,-0.4813431787590179
5972,0.6810497780757744,-0.5259514039203363
5973,0.4320300918808419,-0.44011027054057844
5974,-0.22830142356346886,-0.5254297760877938
5975,0.17141065728555568,-0.5409728154622877
5976,-0.5547576303365237,-0.4831552220951588
5977,-0.5773609318995193,-0.3429250625763426
5978,0.13105668143194768,-0.5574725540811866
5979,0.8693696941916154,-0.4919022617405655
5980,-0.09151340766627943,-0.47687343397619963
5981,0.6783330540824929,-0.5081111784653014
5982,-0.313184427519997,-0.4790857035391085
5983,0.9590399777956405,-0.37296807695843615
5984,1.2089004558362,-0.1683542625512971
5985,-0.18876726368686633,-0.32499118842058955
5986,-0.41043914421719124,-0.3517305791102057
5987,-0.3243245902081288,-0.4618683333058933
5988,0.9973089841910269,-0.4581473730697686
5989,-0.1264691432916316,-0.4681675964968113
5990,-0.023711177541464835,-0.5050042987809108
5991,1.7464083140173665,0.21946239117316313
5992,0.011604161109431053,-0.203166589789429
5993,0.4638167833075617,-0.35446970223314206
5994,-0.7372473690502581,-0.22743910394764438
5995,-0.08915322674267523,-0.34664549911451675
5996,0.09614271365524056,-0.5437370966625936
5997,-0.13536572369426092,-0.5326808756785145
5998,0.02985664017172088,-0.5674914652809802
5999,-0.4225182673089349,-0.4336469294451655
6000,-1.0771192395549154,-0.24236292762233913
6001,-1.1070810874894668,-0.09763753175127032
6002,1.5531651945167122,-0.27922927611482834
6003,0.04754686203671248,-0.2940574855867354
6004,0.4782862893336696,-0.5261637062665564
6005,0.08162877878195607,-0.4991326685507811
6006,0.38555827801283077,-0.5863806764427766
6007,-0.5799661870677318,-0.4030085311001475
6008,0.6857568433628657,-0.573047473134151
6009,0.4841787104238797,-0.5063660149421428
6010,-0.9675922923953139,-0.35587549543728764
6011,0.6444661039281675,-0.46437957869051827
6012,0.30302513379185914,-0.5685165521485335
6013,0.375542236578762,-0.43676847701825766
6014,0.37442010360982303,-0.5659375110382533
6015,1.0726048515481774,-0.32095433972687265
6016,-0.8642320878295215,-0.2758922741061742
6017,-0.08882882321425395,-0.452422529460453
6018,0.15654354199205972,-0.5804024312517455
6019,1.197915868820079,-0.29678362148081033
6020,-0.5153360436264908,-0.41221539238396815
6021,-0.13895019097219288,-0.5115064126488681
6022,0.013009781203936515,-0.5485427169741083
6023,-0.08700903518213426,-0.49719647627631114
6024,-0.5240218787968028,-0.4303719015656398
6025,0.5025267257593636,-0.4957064829551546
6026,-0.4237274961455493,-0.4647521356476587
6027,0.9318597282385473,-0.45065741601032133
6028,-0.6023852119575377,-0.4411255865069274
6029,-0.46376041410412305,-0.44980664653326496
6030,-0.13237224404982417,-0.5158547171729692
6031,-0.5019326619728718,-0.3596359396663291
6032,0.09892473798120334,-0.4677903303801343
6033,0.031239815054236782,-0.5501180449800736
6034,-0.9588626347407226,-0.3227316702456111
6035,-0.9511055750845342,-0.17394691685764577
6036,0.19027511563262867,-0.37301957262234425
6037,0.4110070541267784,-0.4197295268295226
6038,-0.4373611282037195,-0.4772691338087195
6039,0.45013399021867095,-0.5367769668742043
6040,-0.0026901783987219622,-0.5693982372105876
6041,0.06631974752491743,-0.5973301470875516
6042,-0.5491823282908217,-0.5113624753737132
6043,0.650906611127002,-0.5496880743923692
6044,-0.3277859897592658,-0.5420816381721344
6045,-0.7261300328383559,-0.45572881259647013
6046,0.6728626275361121,-0.5269887224452772
6047,-0.27837128190464716,-0.4392476499803658
6048,0.5315457038351846,-0.49562858446571334
6049,0.7765646081511186,-0.29856638773692107
6050,-0.23451718315497633,-0.4350235574335589
6051,0.6407035008092403,-0.42136403112989596
6052,-0.2849968636050662,-0.40702370989250614
6053,0.2921333315417626,-0.48151457685513654
6054,-0.32993141136073795,-0.48379700128207803
6055,0.20403841335145187,-0.4627166493026339
6056,0.7631459705287331,-0.39496034424976123
6057,-1.164659896659511,-0.16432791428885618
6058,-0.39214227853178163,-0.22668033911609242
6059,-1.3939278461724902,0.08830288315022286
6060,0.06454312189270313,-0.30908582572307153
6061,-0.25849634385484693,-0.46277574647449393
6062,-0.17385532917395774,-0.44741606361472236
6063,0.44629178218822724,-0.3433686696221325
6064,-0.8279896304092418,-0.2247160487092864
6065,-0.2176276317195709,-0.35016358851652263
6066,0.2515142036493179,-0.5109271664414289
6067,0.0076229452552398986,-0.45936192232796724
6068,-0.31919355314145037,-0.5016064095802588
6069,-0.6091367739491386,-0.43623905962356474
6070,0.17098836353616378,-0.47277192415023106
6071,0.033916278143173224,-0.37777958311547255
6072,0.2435275713984573,-0.4679910506587295
6073,0.7731212033155214,-0.3538186285533168
6074,0.037920262813404236,-0.48903032401147783
6075,-0.22343115167247085,-0.37397037679242545
6076,-0.17741589144036143,-0.4405834566209269
6077,0.7393641277065547,-0.0656760329110688
6078,-1.3624914688550118,0.17174286067301228
6079,0.831184046860634,-0.029119664122891936
6080,1.2744956956141946,0.004252639263153855
6081,-0.33696964058554213,-0.24918640856717184
6082,-0.3634475682091999,-0.2772813028816905
6083,-0.003246644500241009,-0.3831424682090168
6084,0.42317021247914816,-0.3694370980617724
6085,0.20703678898788694,-0.47761339602066766
6086,0.048645603663696226,-0.5397894193731372
6087,-0.5858937832021601,-0.36744996747348896
6088,-0.4560434848048571,-0.4413453218812912
6089,0.11357302748683057,-0.5169422018841885
6090,0.7988111567748916,-0.4676879280350327
6091,-0.5502818486263509,-0.33612010268032616
6092,0.969026292484559,-0.4073319119161095
6093,-0.6402294981107214,-0.31395377956089465
6094,0.671603146991922,-0.46817568914921404
6095,0.024885938551538447,-0.4768401524585105
6096,0.7504021647246581,-0.406063824274711
6097,-0.7325751580487494,-0.3833170701478711
6098,-0.2507526721423826,-0.40709618169389256
6099,-0.5107238993015497,-0.40887745370367656
6100,0.411931330978568,-0.5977624451559574
6101,-0.9080307886979281,-0.38299519969392426
6102,1.148371759080324,-0.45523403981028976
6103,1.8525834539992379,-0.2239436779381323
6104,-0.09707119543269753,-0.29310133839258645
6105,-0.15130367869233644,-0.48387762054859795
6106,0.05502311928258774,-0.5703221816512538
6107,0.6907284110950808,-0.3995068451128982
6108,-0.5940905572019765,-0.4205511156726187
6109,-0.11608105479868941,-0.5144019034070205
6110,0.846030568863887,-0.5015726045123964
6111,1.135420888250845,-0.03889747881913329
6112,1.5094879856213672,0.07083706071313496
6113,-0.921189656519814,-0.17049348984031554
6114,0.36882463293441003,-0.4603533919075541
6115,0.10746926413883817,-0.32739546572941103
6116,0.43562490642237023,-0.41650339181983687
6117,0.23585496723854418,-0.4009897873804927
6118,-0.2560619859956789,-0.44629179795433416
6119,1.087711046238928,-0.2232338360266649
6120,-0.0760247392580957,-0.13276704370250708
6121,0.5202970135608206,-0.3620641675912332
6122,0.11874791980380255,-0.45136499424414694
6123,-0.05568474607796464,-0.24665638693449077
6124,0.8559971727065061,-0.3391197908765584
6125,-0.05176478288758961,-0.3196522807873837
6126,0.7063533974018826,-0.2788525967464107
6127,-0.4934932761631618,-0.1059907493471392
6128,-0.7016712949693875,-0.23534737045126064
6129,0.009446371943692255,-0.3447832023673172
6130,-1.0816849435957405,0.017427712956307503
6131,-0.9240996081068743,-0.1619182157077551
6132,0.05637216368144509,-0.41143579646797096
6133,0.22380960436526706,-0.40485500536447405
6134,-0.08374494671720935,-0.5184580365370084
6135,-0.503033432197931,-0.5171831004220815
6136,-0.06400116007169127,-0.5106933586960355
6137,-0.17452820583058012,-0.5057880033956541
6138,-0.21011422264674254,-0.5384169221518268
6139,0.8069713979019602,-0.5090743991508034
6140,-0.20170294122581509,-0.5273142673761009
6141,0.3248408866175901,-0.5643952719064391
6142,0.4007166649816871,-0.49936845207621616
6143,-0.30934955275857934,-0.4780189145589572
6144,-0.4323273460003909,-0.5034279339624849
6145,0.2243487496548045,-0.5508342820337786
6146,0.6044833279791667,-0.445406219058955
6147,-0.2673710407107705,-0.4415842293764495
6148,-0.48920769742075026,-0.4220540074486982
6149,0.18626832634885776,-0.5154953987351794
6150,-0.3520648856252862,-0.40962407535487333
6151,-0.5300570985034597,-0.35328225800771657
6152,-0.24338321385051162,-0.42095199737485983
6153,-0.04570586458271156,-0.4868448670545189
6154,0.49006390936529126,-0.549839392525649
6155,0.042159000157717966,-0.5910380005231491
6156,-0.23942901686905144,-0.579071721000551
6157,0.8908916661464992,-0.4608271583515101
6158,-0.08943876134128959,-0.5029591100721305
6159,0.41121646481476337,-0.5135648306147443
6160,-0.046261665171882405,-0.5399157652830177
6161,-0.011070551506657322,-0.5139666839020949
6162,0.04230251258107771,-0.6015334507912087
6163,0.19337609806489772,-0.4662723198319981
6164,-0.3563230200743692,-0.5133213422061457
6165,-0.1493681414677866,-0.6048265719449429
6166,0.11884467542161398,-0.5582354818863537
6167,0.2772171171584917,-0.5069608565622452
6168,-0.07265061156692341,-0.5181336567838282
6169,-0.21713025096136976,-0.45750601353176723
6170,0.12030920346796255,-0.5479889583931269
6171,0.34691450285780834,-0.4855365946051968
6172,0.2611569256349393,-0.47506774589004985
6173,0.08788129565034118,-0.24560872687121516
6174,-0.54280659443986,-0.26121883732232976
6175,-0.8945914364137544,-0.07053066326810814
6176,1.9179856716215768,-0.2377547570376939
6177,1.5431401669053797,0.28101810172812675
6178,0.9713231124531285,0.617284301045866
6179,-0.6897680499199501,0.20492006321413114
6180,0.8555671491925022,-0.15008059388965683
6181,-0.03835280235573305,-0.2900243241730077
6182,-0.3704304895440022,-0.2425483802100898
6183,-0.4615811265190306,-0.29224371992216014
6184,-0.7022013937857775,-0.19143479637332816
6185,0.14330347358532755,-0.41245137577345004
6186,-1.0495127476221104,-0.12775999852311473
6187,0.40200378417977933,-0.36884235071220195
6188,0.6224203185777691,-0.4134806577385429
6189,-0.6543572524217007,-0.3900363208123276
6190,0.16802534395425256,-0.5232736797579679
6191,-0.8319579085286427,-0.3746674131876477
6192,0.21689812712536538,-0.4537636124837986
6193,0.5545054197430955,-0.4241126727645325
6194,-0.05039849436736787,-0.5159877895857142
6195,0.3754251737252927,-0.5221297173793903
6196,0.7521479605370107,-0.4047239912179987
6197,-0.23275363616752462,-0.5023850428769762
6198,-0.11016459021932283,-0.4760514378864795
6199,-0.8330304572224794,-0.39234312333890187
6200,-1.873052022689349,0.009752577679000493
6201,0.7926200523496829,-0.23424981091054897
6202,-0.2780549345910895,-0.43960409220613006
6203,-0.3842162271545238,-0.4115236864448711
6204,-0.015210959416692395,-0.45661449239734053
6205,-0.6843869890406677,-0.48598848536286277
6206,-0.7090306489380296,-0.2968517846806887
6207,1.1282050664193553,-0.37698328542817044
6208,0.5232832595206973,-0.49516189255157117
6209,0.3493139063684567,-0.47908099547228133
6210,-0.24679936454700846,-0.44671997402963176
6211,-0.004353412316017747,-0.5433868254892127
6212,-0.6513912800950549,-0.504721908343055
6213,-0.36056141844025574,-0.44222276362479535
6214,0.12740245387607188,-0.5709822138430426
6215,-0.022843434207884632,-0.46471546830138477
6216,-0.14792588928033296,-0.41572522976234116
6217,-0.1448961407316927,-0.4266371401817712
6218,0.9683970356431556,-0.4672073680470342
6219,0.927382905850021,-0.2544120775687304
6220,0.18117705366198433,-0.3936519484711668
6221,-0.2231855084839257,-0.39668674250817687
6222,-0.055578411270321135,-0.502805444113401
6223,0.5828604586977977,-0.41147969732821305
6224,-0.38271264164893565,-0.42736588903746814
6225,-0.43559118082245146,-0.4647343599063548
6226,-0.21330994383498547,-0.5325780358349914
6227,0.8173718764464827,-0.43306464440269943
6228,0.007244189385461386,-0.42265549158211363
6229,-0.016795259236429806,-0.5699183812610911
6230,-0.31800711933579284,-0.4874387447600096
6231,0.26116904040724775,-0.5587013343553804
6232,0.09390558391721532,-0.5615067863169807
6233,-0.40968366591420213,-0.5213181005929794
6234,-0.08937279064373246,-0.5361762780494878
6235,0.17904940145188264,-0.4042582701565497
6236,-0.451875861232101,-0.360351188003649
6237,0.1776246245265489,-0.40037900152070754
6238,-0.15717961687850945,-0.5109078241510254
6239,-0.10433112225510197,-0.496435836409891
6240,-0.020080895695276442,-0.5238839124022068
6241,0.3594907796723197,-0.5287838395340473
6242,-0.28881844649719784,-0.5148256415156239
6243,-0.03548250946900452,-0.5535019543293286
6244,-0.11569339243379177,-0.5365917267149286
6245,-0.037945099733372595,-0.5470791389818532
6246,0.24525532463321945,-0.5951178740665247
6247,0.2721826497238051,-0.5397449008164052
6248,0.3171456314594463,-0.4067094124780124
6249,-0.13214384015052155,-0.5080550122129845
6250,-0.1501527795726355,-0.5390609632392313
6251,-0.0011872593821244835,-0.5014588892683258
6252,0.038357637447350754,-0.5621706824429336
6253,0.529244148811425,-0.46346312260835576
6254,0.27810286693937036,-0.29049457056723527
6255,0.3366927417757957,-0.41595567384591825
6256,-0.8758966439336586,-0.35365081527417
6257,0.0869337786869486,-0.5213851431756281
6258,-0.285406239308229,-0.4353343758071768
6259,0.1055632307706704,-0.363230380201069
6260,-0.8347627851413882,-0.1711717580838272
6261,-0.5068382789964364,-0.11556254835642113
6262,-0.2984360687674351,-0.18361468764864317
6263,0.26543768421430136,-0.3234547877524268
6264,-0.9343838928260266,-0.20338134607673367
6265,-0.031241770041660604,-0.4106960941876577
6266,0.01549020803545378,-0.49885935028722894
6267,-0.31428882870917596,-0.48122440209890716
6268,0.17337406597939348,-0.532399207027426
6269,0.42031787287970734,-0.4886908571151086
6270,-0.7017072310240654,-0.3365378199625218
6271,-0.8597151536026353,0.5605955325403174
6272,0.35809923635236357,-0.12245399725328238
6273,0.3709167881292768,-0.36628848405703013
6274,1.1151262145816527,-0.2656639407027068
6275,0.11354554828544665,-0.31495678042950964
6276,0.7522644509644255,-0.21231294458100708
6277,0.132549458307475,-0.2907511569497442
6278,-0.38711032923182287,-0.334032715919843
6279,-0.2665880210404745,-0.386508232856506
6280,-0.3480221653971113,-0.4253194336549636
6281,0.5326562589190582,-0.5583010632641102
6282,0.27330448937838514,-0.5721406266987515
6283,-0.4631461569186599,-0.4182202671306814
6284,-0.7875370477524141,-0.38438955291666094
6285,-0.3086166998056895,-0.20118616465912437
6286,0.1378209360266146,-0.45962558238247486
6287,0.1130950114107174,-0.5532023955968245
6288,0.3317222986931717,-0.575120526394894
6289,-0.2732387821899916,-0.5367078034167454
6290,-0.5608602563972261,-0.4753439479335023
6291,-0.24247318342153104,-0.460480089825141
6292,-0.027302941536088407,-0.5365918039686389
6293,0.42261323803997697,-0.553424778361836
6294,-0.682224476783378,-0.46925158002148504
6295,-0.7253021949993398,-0.312896452493334
6296,-0.05705528284235506,-0.18478847111194696
6297,0.10052112666887718,-0.5310804493188953
6298,-0.4475947451274943,-0.40782727741182706
6299,0.20122918710955948,-0.3312534770754975
6300,-0.012990335256533914,-0.4467548372542489
6301,0.8028189302332388,-0.38937054546012434
6302,0.16588874509088053,-0.49848042661940095
6303,-0.25084881476726434,-0.46197164059429896
6304,-0.5520078762778845,-0.5060117100318482
6305,0.34378972328375396,-0.5654778658632883
6306,-0.4149263874666473,-0.538405214557833
6307,-0.27232295587412897,-0.4720000154466636
6308,-0.13039929280052956,-0.4429136358550802
6309,0.3933464159217289,-0.617246607080341
6310,-0.3718550205277392,-0.5034201762000612
6311,0.14428062652226126,-0.5247632250153057
6312,0.3158377638035917,-0.5376683458656671
6313,0.345466792534427,-0.4760037356458753
6314,0.19433233777326425,-0.5505994182499491
6315,0.38282651791120625,-0.5460343837914923
6316,-0.3118207361879688,-0.44653737924103054
6317,-0.33170043867563237,-0.532265140598556
6318,-0.21742557398124768,-0.5117893746045155
6319,0.842913802381215,-0.5378331661569594
6320,-0.4210516003314408,-0.4739731334403703
6321,1.0172937921073415,-0.33772241952694754
6322,-0.7186785304318092,-0.3368278778759042
6323,0.055210104464591084,-0.5138931410526407
6324,-0.19693065693405343,-0.5544532208553333
6325,0.2675853009085897,-0.5812664258278314
6326,0.18945383128933752,-0.5895608552781856
6327,0.32146515353412286,-0.4816193268922666
6328,0.0036151718851396867,-0.6033359154417494
6329,0.2677146610319352,-0.5896302047020459
6330,0.03547902625163665,-0.6158139657572971
6331,-0.47381678833069113,-0.3643384080132439
6332,-0.5012571765041174,-0.44917243431211423
6333,-0.5446590635210815,-0.39688019829622645
6334,-0.009624842764990996,-0.43497124446237734
6335,0.02888149729654565,-0.46699493211863363
6336,0.45058480246968113,-0.41745349160513023
6337,-1.0872064151539398,-0.27720003956133005
6338,0.14645923451492368,-0.4427604207322418
6339,0.4568658390183667,-0.4901900660698415
6340,0.4075852100564102,-0.4867363028752464
6341,-0.47338226054047455,-0.40527358835173544
6342,0.011472201502814559,-0.5102594062072259
6343,0.29548194168716063,-0.527030820930246
6344,0.11731298672748153,-0.5287434472542314
6345,-0.18955845496083928,-0.5193633455013126
6346,0.22562119743136325,-0.5664189154066086
6347,0.4313981146012998,-0.5028461202282014
6348,-0.06851698188040233,-0.4620837160664206
6349,0.3079799742693221,-0.5187219020132865
6350,0.1823525020377767,-0.5357829722125356
6351,-0.1833805564449055,-0.47075589992214917
6352,-0.7230333864276587,-0.4371756750658861
6353,-0.31266648874005515,-0.23718405189286923
6354,0.2721689170483546,-0.49740238925455327
6355,-0.19769863521141945,-0.4784206745311975
6356,0.43668850848058965,-0.5332707643366846
6357,-0.061293092058156425,-0.5742564327210269
6358,0.22868993159569895,-0.5724465726677598
6359,1.094400888847202,-0.36296677294678015
6360,1.0517816684245302,-0.15383283272930703
6361,0.05998661928087246,-0.2813435865409645
6362,0.4206833609824649,0.009301792184793448
6363,0.370132581272095,-0.30678757912993143
6364,-0.1296799338760788,-0.37083247622290294
6365,-1.0398034950213613,-0.06369077677207131
6366,-2.525401404745874,0.7229594991996762
6367,-0.43162825216544237,0.30048091375010144
6368,-0.3759804729060051,0.3093649618318236
6369,1.0380045180673132,-0.05615655351426632
6370,0.30940782038620385,-0.10396088293495842
6371,-0.7676046521152325,-0.3222089259728314
6372,1.3678397345369748,-0.28734217779697135
6373,-0.3349850496978324,-0.419533148901243
6374,-0.7157574535621458,-0.3306037264103183
6375,-0.8240713251024417,-0.3106018935642902
6376,-1.6794651549438597,0.3775426540072973
6377,-0.6553542250393747,0.24419869148561174
6378,-0.7994547580918392,0.25018780420600273
6379,0.513667357484153,0.10163360424005419
6380,0.17422030049348552,-0.30009571932080165
6381,-0.41413817195593666,-0.3622483599636838
6382,-0.1796674488382172,-0.42877124776477415
6383,-1.8630102425328887,0.4001252531121
6384,1.6696249631432707,-0.1729346811192763
6385,-0.5999031688030151,-0.1543651818282462
6386,-0.07811761957866455,-0.33024241496827705
6387,-1.6839630073338554,0.08053309607734122
6388,-2.466640178543573,3.7484951107689883
6389,-0.0008283917766134224,-0.01243140616946957
6390,-0.7339621010541706,-0.011035029768861636
6391,-1.2450579699005424,0.6947894651715312
6392,-1.0771584322370553,1.971464443860493
6393,-3.3296445794769585,1.5399361484691916
6394,-1.334630309783853,1.8317673196366075
6395,0.19012001929107233,1.14663807226207
6396,1.526437934892706,0.3498255056253201
6397,2.1459275539058975,0.5819587414734966
6398,-0.2587053260311429,0.10372724954496335
6399,-1.7733161613502284,0.1323282019175414
6400,0.7136512103682702,-0.1875572079860218
6401,0.8794924203635622,-0.33765691137746073
6402,0.16080891227834967,-0.309496711986041
6403,0.36583971374072327,-0.29397878653035336
6404,0.4773870132416792,-0.28276095609971424
6405,-0.7603049540329482,-0.20758914670481676
6406,-0.26536946638844916,-0.324163566765774
6407,-0.45158563193003365,-0.22043316838966742
6408,0.6507102454137926,-0.14999889885256928
6409,0.8529797495604247,-0.321273382636596
6410,0.4790962735277698,-0.27101656446304284
6411,-0.22205064126756105,-0.35234782013631255
6412,-0.0928438975396801,-0.45968744251477245
6413,0.29684327660716714,-0.4572430808382141
6414,-0.04028926583917119,-0.4753445403468114
6415,-0.19827206856536972,-0.38903673552587315
6416,-0.46685530060472136,-0.3149289630592513
6417,0.8531203687593801,-0.4058293421688268
6418,1.0443840336563726,-0.3081086346547629
6419,-0.22698177423955185,-0.36408147212240993
6420,0.8370465390119666,-0.21734621923269626
6421,0.7603549987309207,-0.22057920896031596
6422,0.3335327127699634,-0.32769976253653954
6423,-0.14796706706147705,-0.3889539502303553
6424,-0.011557143821488928,-0.3896900256900478
6425,0.6649797529441341,-0.456120335639673
6426,-0.01473537163739927,-0.4066013816781586
6427,0.23456228390870656,-0.39761973536989303
6428,-0.6747982928367149,-0.2913674662870225
6429,0.7448361052329524,-0.4730777248183582
6430,-0.015322804315835301,-0.4474812334775419
6431,0.71356485027902,-0.17486160276129076
6432,-0.6108314477375526,-0.3075276889245099
6433,-0.13600662008081532,-0.45122081355767313
6434,0.3010160211253819,-0.4211327093754817
6435,0.33132616222894706,-0.5505741719813833
6436,0.35569465305536246,-0.3693954645967509
6437,-0.7112147121460501,-0.2844828763623741
6438,-0.04629422386614356,-0.43012930431342106
6439,0.5294042778963539,-0.41576409586053403
6440,0.08232420502775929,-0.4499122224515831
6441,0.13636369402627693,-0.4527672498668217
6442,-0.05436892115509838,-0.49079618017803983
6443,0.5094161769552205,-0.4203518189164701
6444,-0.04333495491844959,-0.273315927085401
6445,0.21746939987142896,-0.4830791385172222
6446,-0.3530109451859359,-0.44737246933084873
6447,0.8214516991011344,-0.4251245826256089
6448,-0.014233756874134015,-0.42624960029958153
6449,-0.2844173197331834,-0.40923446011055403
6450,0.18388056862988572,-0.5536719144988194
6451,0.4078604996855185,-0.47319710661337133
6452,0.33939439432282725,-0.4017498395677386
6453,0.14010634732327695,-0.4322484977941328
6454,0.043812479049941615,-0.3986274295470496
6455,0.4044772075931475,-0.27355361799449524
6456,-0.09849496647920784,-0.385864577750915
6457,-0.13808139238454814,1.2470578965659556
6458,0.10263711329013261,-0.3051536717904926
6459,1.093989335574368,-0.14538201695347494
6460,-0.13796266222241488,-0.3690986751983816
6461,1.1213587293283012,0.20898640769233562
6462,-0.7496526326699527,-0.12014835479672553
6463,0.7470764937189442,-0.20118889996963515
6464,0.41270821455868406,-0.14027108747407246
6465,0.4135287520664509,-0.1481640528132985
6466,0.03584875485055752,-0.11804692977965842
6467,0.822376391846255,-0.02837742280139549
6468,-1.371776876802074,0.060079647554604834
6469,-0.6457016962535541,0.009299285788564114
6470,0.9262831247546942,-0.35219246797757425
6471,-0.2106760211700111,-0.4182599404104189
6472,0.04080244068932301,-0.2975406647681826
6473,-0.587368026074849,-0.18886964491627656
6474,-0.48438745679323153,-0.3522368677065129
6475,-0.50454499514164,-0.26325320826517007
6476,-0.2268788146059358,-0.32331572692465643
6477,-0.026416598049312425,-0.43394206530369933
6478,1.042940368680754,-0.4192753522125694
6479,-0.7985037988225824,-0.3197396923118046
6480,-0.6709314109259829,-0.3580656058920951
6481,0.34842357718839645,-0.40707961596496195
6482,-0.3213408242007733,-0.47414591059019096
6483,0.31897390597479064,-0.5444206865331844
6484,-0.7497382071026035,-0.46719838458680807
6485,0.22332498135278545,-0.47690737928873084
6486,-0.21149153576936816,-0.40287874980639116
6487,0.4698484722088203,-0.5119166663206248
6488,0.08415620258829985,-0.5272709521407847
6489,0.4706831346690642,-0.47989188209336053
6490,-0.4729863205716645,-0.45215684272218104
6491,-0.39982945073635584,-0.4373961502388187
6492,-0.031215322027272067,-0.4913552235401272
6493,0.6939805126981281,-0.5189673189650068
6494,-0.22810444710502642,-0.4868980866202671
6495,-0.6068917760360868,-0.39889047958982893
6496,0.2601637595976368,-0.571627279503058
6497,-0.24604990266830462,-0.5673192367033679
6498,0.440501789258435,-0.5224493969439903
6499,-0.8262988923334956,-0.392856235933584
6500,0.516022099717301,-0.4876675182965198
6501,-0.031752631055800916,-0.5514032911679198
6502,-0.2566669243111225,-0.5714628553652377
6503,-0.7219879211901125,-0.416588182146551
6504,0.4413046065874775,-0.2026823657325112
6505,0.6966456923915623,-0.44068845514114163
6506,0.890563216979251,-0.37900008964784665
6507,-0.18089384774733425,-0.42507000146739543
6508,-0.5383793455209829,-0.48597652393427804
6509,0.015128256391126343,-0.5577129206318259
6510,0.17191206330447373,-0.5857812193081439
6511,-0.10111216048720455,-0.524202389048562
6512,0.4035934048417508,-0.5703134052507091
6513,0.08013437725041576,-0.5173714964688474
6514,0.39085301781857945,-0.5415409883314879
6515,0.6583649829241255,-0.4779615864775426
6516,-0.009070445832586656,-0.44649322296530297
6517,0.2994041571404248,-0.5459951466131331
6518,0.20394868327430415,-0.49861807783185275
6519,-0.609466946990312,-0.45629028274111705
6520,0.07588899269065474,-0.5866976518155625
6521,0.2252103338157769,-0.5777432719857868
6522,0.08094279578115463,-0.5587647943777748
6523,0.26428153866540316,-0.5015386748182574
6524,0.13416783633954998,-0.5546940337921591
6525,0.4658958519055909,-0.5205907042580477
6526,-0.022806780516791633,-0.5307904979160307
6527,-0.21963089764689706,-0.5064519594485314
6528,-0.1841593165855723,-0.5568673459923379
6529,0.5282774344456099,-0.5958886987846818
6530,1.5904674963432757,-0.12320485517996257
6531,-0.7938678320718449,-0.30937060837522923
6532,0.30374985000702026,-0.3902798773901723
6533,0.06826859570793992,-0.4637662947961514
6534,-0.2013643825706423,-0.4885082661261759
6535,-0.19276260770777917,-0.4897716539656234
6536,0.20681074636878713,-0.5716084712088929
6537,-0.3228332775655258,-0.5070587022209868
6538,-0.2461924299900974,-0.3675641072900145
6539,0.3052370511656874,-0.5546129311687952
6540,0.14455922242782274,-0.544395093645731
6541,-0.5534164923225517,-0.4998446339916389
6542,0.15660670266450097,-0.5771269688015683
6543,0.4957545535401168,-0.5487128211662116
6544,0.5806663797813416,-0.41571401196145086
6545,-0.3445681727873602,-0.48705740714276047
6546,0.342674870249886,-0.5060424211098444
6547,0.018947329007346397,-0.5552776398387608
6548,0.2797906071411142,-0.5609661934276355
6549,-0.23512582627748674,-0.4970672530366459
6550,-0.09951246927852467,-0.5307564927162409
6551,0.326382322220689,-0.5465359029721119
6552,0.14805112398617137,-0.5169518891099282
6553,0.7657283908931575,0.09976490310331396
6554,-0.4524521178791375,-0.3567644389278341
6555,0.14835477748823803,-0.44833693237295646
6556,0.06388377177130962,-0.4147089290988564
6557,0.4511885674995948,-0.5119866523539651
6558,-0.22601576910900475,-0.47310276629903913
6559,-0.07551679601295454,-0.5537004164615449
6560,-0.30112512200965147,-0.43905726326465394
6561,0.3297582980161552,-0.5504847029250896
6562,-0.3172536208186231,-0.5459367333025158
6563,-0.2026775675210648,-0.49037919196970137
6564,0.22675368051408068,-0.47384050987601534
6565,-0.28988857847285576,-0.5148672845369292
6566,0.3485239968071444,-0.6134134905045521
6567,0.15440477339217093,-0.4910562782084096
6568,-0.5161142797064087,-0.4914012783062529
6569,-0.20637917688381696,-0.4161308711787393
6570,-0.3842697228237026,-0.5324528553387516
6571,0.4991972548304729,-0.49978601183059546
6572,0.007666939036169869,-0.5741307185936584
6573,-0.29462581760578344,-0.5455182580191544
6574,-0.3524152699276343,-0.5213773175206723
6575,0.7134037018426912,-0.4358273347488609
6576,0.4064823051993648,-0.48616255851186974
6577,-0.6207040129496275,-0.48304478236047244
6578,0.08430845470001748,-0.46657570855589614
6579,0.3861858604729403,-0.5461711420566885
6580,0.39326441142203983,-0.5438149613587023
6581,-0.45464049205151075,-0.4883146284636286
6582,-0.012937431711572012,-0.5544132993873814
6583,0.405413012157088,-0.5942237030704938
6584,0.08624586118768672,-0.5961487994949649
6585,-0.30421061280082684,-0.6132280290652129
6586,0.253674301541545,-0.5934187451908333
6587,0.04481870860415183,-0.5604914502670587
6588,0.12107483256901995,-0.6058892431657013
6589,0.2240673125566931,-0.629982263514263
6590,-0.1728192059448595,-0.6007701474737287
6591,-0.1673336461556505,-0.5945869005731281
6592,0.17774492868327638,-0.6646589417004303
6593,0.21476394455294623,-0.5839723356732818
6594,-0.19079294712951717,-0.6166202346654251
6595,-0.5579848526743645,-0.5268041520188743
6596,-0.03898318490613204,-0.641942352213487
6597,-0.22705413381250594,-0.5096211893719332
6598,0.01729204641467544,-0.5892945928683953
6599,-0.6148234370796912,-0.44297397134812844
6600,0.0832041657082302,-0.5331331277139443
6601,-0.02707513168835411,-0.5768035988024953
6602,-0.02761924534371434,-0.5948595873190606
6603,0.11375585456851935,-0.550970791970242
6604,-0.09518265748911688,-0.6191533147175358
6605,0.57826231164078,-0.4826668213747576
6606,0.25438819827137105,-0.5848750206372701
6607,-0.6035209654207209,-0.5000650179082915
6608,0.007661428516071495,-0.5508156963961692
6609,0.29968783585046854,-0.6049304718374336
6610,-0.4130537918598581,-0.5588758999965703
6611,-0.07569381674182307,-0.5646522336320923
6612,-0.034766633093501885,-0.6109030093129076
6613,0.2843315857960996,-0.6348138033544353
6614,-0.1309178426033083,-0.5842849910343981
6615,-0.04683628519216814,-0.5842885030506855
6616,0.17087999417469968,-0.6514805271944749
6617,0.4587038839896488,-0.5732542441918164
6618,0.13899347982710508,-0.6143095062923934
6619,-0.38586650532877986,-0.5481573262179062
6620,0.4236323051840279,-0.6184432939046489
6621,-0.344133959160048,-0.5409587933815746
6622,-0.20114461893726776,-0.5830638548936907
6623,0.5378878540212573,-0.5347475537254495
6624,0.1254810721842348,-0.5173229548136127
6625,-0.104566124631177,-0.5339338524939845
6626,-0.3334423718693808,-0.5472845179368887
6627,0.24092312325943926,-0.5820457445093904
6628,-0.20276367195251974,-0.5611929505974927
6629,-0.213056626096193,-0.5497314929091848
6630,-0.05525520636886196,-0.5456273785495543
6631,0.15099931751633963,-0.6177320652012642
6632,-0.134998225660457,-0.5421897685304522
6633,0.01836474857637278,-0.5510801428701321
6634,-0.12640327887964875,-0.583417682488994
6635,-0.41558205601572135,-0.4450451826003949
6636,-0.6218046379471944,-0.2519700896059453
6637,0.1093043415449959,-0.4601114842857643
6638,0.045271359872961915,-0.541543920666946
6639,-0.3806602145887293,-0.46829803649238244
6640,0.15776074370767776,-0.5596288949968189
6641,0.9809008374868183,-0.4061684888183221
6642,0.012679107967292939,-0.4999840172969443
6643,0.32173485470713975,-0.4538908467047247
6644,0.5452353444282734,-0.31364015380681665
6645,0.2269639531831586,-0.44138843888234996
6646,0.2739309927003232,-0.44794285812514073
6647,0.31842516216039224,-0.4116982309517019
6648,-0.440820379760584,-0.40946240882962376
6649,-0.24836684058554642,-0.44198179661795867
6650,0.5224186236226468,-0.5573710491442517
6651,-0.0944600765476649,-0.43620716906270895
6652,0.14145271656224265,-0.5271997769599192
6653,0.6604733912351447,-0.30657222950590396
6654,-1.0279273170986694,0.2753973653653195
6655,0.30751240800168744,-0.39384196724643283
6656,0.016486607757037884,-0.4125052856315366
6657,0.13625754589826294,-0.5194345968002629
6658,0.2522485126630659,-0.5033615470405279
6659,0.706903557253548,-0.3955926573701325
6660,-0.11127707604970201,-0.4217570716162282
6661,0.04073328794623861,-0.564090975037349
6662,-0.17021848511911505,-0.5047388334428969
6663,0.6848374639783535,-0.41624638028879674
6664,-0.12882732209768052,-0.3262460634875016
6665,0.1985488560712748,-0.4446999479279253
6666,0.13677721981654906,-0.49183366498329417
6667,-0.02772766849727468,-0.46353602949353945
6668,0.15668777945449572,-0.5139070924759556
6669,-0.06271135800174985,-0.4927234442055125
6670,-0.4744326482709606,-0.45795405227023267
6671,0.6393105319886362,-0.46021207440694123
6672,-0.02894585741372765,-0.5198662183418299
6673,0.11913580990077917,-0.5644996028895438
6674,0.09946409947324263,-0.5946945172210957
6675,0.11640680312530936,-0.5660347787326173
6676,8.956896474488722e-05,-0.5144747721505042
6677,-0.342397295929225,-0.521104851459216
6678,0.40517599871096616,-0.6393866330581531
6679,0.025175058614742698,-0.5058477895018539
6680,-0.008797741128570607,-0.560223631509339
6681,-0.057673063390158465,-0.5918126101847258
6682,-0.4208369467599503,-0.560527932319164
6683,0.34245038540180706,-0.5538827748657409
6684,0.13072769994859998,-0.6125522213625249
6685,-0.0498616400233031,-0.6306716325919861
6686,0.06953179879195218,-0.5322621543497327
6687,-1.1949245972167652,-0.24519213931183093
6688,0.025353383365569793,-0.3905722844805266
6689,-0.22416172854674396,-0.28954793028481157
6690,-0.41964709828325886,-0.37931086340264236
6691,-0.23997275607738144,-0.45162164975485924
6692,0.02807541307855699,-0.5903012622383175
6693,0.0610106867532395,-0.5659756254643167
6694,0.12051660421994721,-0.6126286559864085
6695,-0.18864471306278882,-0.3671322157810915
6696,0.06813004146409696,-0.45037266301929635
6697,-0.02513190166345849,-0.4938519857921092
6698,-0.11052120596189877,-0.5232298926568736
6699,-0.4387237834304591,-0.4773697951001794
6700,0.23807451348254757,-0.5496395260584093
6701,-0.4162492836661128,-0.5550145552186617
6702,-0.3079091222986943,-0.4603113259566497
6703,0.5611777107654398,-0.5072466811858967
6704,-0.08724437487757898,-0.5413621654314166
6705,-0.5135665317050189,-0.39916906938969876
6706,0.05683022622301116,-0.6047077784733899
6707,-0.42465447365243997,-0.3637605612241422
6708,0.1135421402607229,-0.46717911945019286
6709,0.2916912314672011,-0.5500081303261041
6710,0.4003027558374647,-0.5832102259625052
6711,-0.07624990828519579,-0.5447087678040521
6712,-0.24703004308342563,-0.5042248287038622
6713,-0.257990258072203,-0.5198854259792017
6714,-0.34087607203827686,-0.4614038832703037
6715,-0.1036094772707009,-0.4981297336958521
6716,-0.041887292826200254,-0.590985065371506
6717,-0.2216035038198497,-0.5799294464734887
6718,-0.0513595518887176,-0.5931835034898526
6719,0.012698053859434958,-0.4957816619189013
6720,0.45475132231465626,-0.5240706155771536
6721,0.2907758358592575,-0.5089069117386014
6722,0.49879990451601514,-0.5291136819633737
6723,-0.44407759377602046,-0.48680367777702094
6724,-0.20240712240851613,-0.5671055444634973
6725,0.2723773148065087,-0.611518033683009
6726,-0.03380439004850195,-0.5212022420751949
6727,0.06563163856751363,-0.5220529436439999
6728,-0.28021430197288005,-0.519189942456561
6729,0.6900720100572274,-0.4990630729953601
6730,0.7008069637794742,-0.342848350494502
6731,0.03479457655395976,-0.4800495473264371
6732,0.6418986222259171,-0.32583849686353344
6733,1.6475566350475042,-0.04808394648019265
6734,-0.10759605758950819,0.13677959238763132
6735,1.8087823738112854,0.3074119856035995
6736,-0.03107295379648715,0.45996400951286404
6737,0.28357435023891486,-0.18515276097150296
6738,-0.16082364376575956,-0.30151223054093573
6739,0.4593025229477848,-0.23929030344370694
6740,0.16258271372834165,-0.20244751686495288
6741,0.6383833806648542,-0.10673137522308074
6742,-0.1905057610875449,-0.22141958774065407
6743,-0.7035387514400397,-0.2485419762661839
6744,0.015282871375895603,-0.39794976416723754
6745,1.0617367060478355,-0.2696893968903519
6746,-0.20502620642310576,-0.21888678374160153
6747,-0.5047106831187015,-0.32672394065032107
6748,-0.44977678238509017,-0.34787787660626984
6749,-0.46213868488799875,-0.13518706360201338
6750,-0.9805546356675928,-0.011974173924766192
6751,1.1789154555076404,-0.21317522277895679
6752,0.2905976075382949,-0.3328615914112601
6753,0.6534971384423609,-0.3093385756033683
6754,-0.5346597858120238,-0.21232421605283136
6755,1.0149196886137424,-0.26510729090472185
6756,0.1842880826515619,-0.36278546503410447
6757,-0.6640125221289942,-0.2926544533917935
6758,-0.13974337011404067,-0.4027487327883773
6759,0.7611768406673086,-0.4038811766747865
6760,0.7107713107444048,0.013529239736790162
6761,0.20093228709928965,-0.1667194421754813
6762,-0.8634586720376244,-0.21254583694450624
6763,1.580175686488276,-0.1704814588460667
6764,0.009788473269591674,-0.3084693153773095
6765,-0.26551461184086245,-0.37387816858148365
6766,0.04998988509827432,-0.44638566723646556
6767,0.3393757041524555,-0.4139564097466079
6768,0.12317193680905932,-0.5295718825359275
6769,-0.3127050918987442,-0.48437365313497494
6770,0.300754037853689,-0.5018033760111843
6771,0.06541304722848192,-0.4884357523230577
6772,0.28239115675021464,-0.3469456180733651
6773,-0.8086690981463978,-0.33403352138667064
6774,0.2859864061333967,-0.4389691233193197
6775,-0.07877030746950364,-0.4188279126474676
6776,0.7734494538380173,-0.5227543465122201
6777,-0.025639134967511242,-0.5599764843494273
6778,0.11053773807120477,-0.5292060486162463
6779,1.7586737086258173,0.42176336425495725
6780,3.0391040403113845,1.0653763204194342
6781,-1.564873940111039,1.0577187768815173
6782,0.4559959386042588,0.2514384402187922
6783,0.09263888747522775,0.08259548672910526
6784,0.8851265447729555,-0.10185828272446709
6785,-0.08182456156951005,0.22451173413648579
6786,0.07179849883746676,-0.2930764461362122
6787,-0.7981548159441546,-0.16509697117325722
6788,0.0772246013117179,-0.1300164796015031
6789,0.7941500920754871,-0.28021871911507207
6790,-0.1182967006909692,-0.32343705964894576
6791,-0.3728075132212149,-0.18224097428154112
6792,1.1120454152386345,-0.08306363119558041
6793,-0.5935539637153762,-0.2445122247111038
6794,-0.24023004417802282,-0.27286612097417745
6795,-0.4601161700327424,-0.2903555854695658
6796,0.33245841239312507,-0.37951387552721544
6797,0.20337565911894184,-0.32213674541491766
6798,-0.1946168543369489,-0.4234810236972484
6799,-0.66862463455659,-0.23215560577736044
6800,0.007963439496629594,-0.43032408545887235
6801,-0.035556274368569556,-0.45044179892042285
6802,0.019796008721646337,-0.5424369340938794
6803,-0.8362434359255088,-0.34478620393180665
6804,0.05747942438553206,-0.4859767917180967
6805,-0.16986233969003633,-0.44257721804818256
6806,0.18629325972354102,-0.5125410067846066
6807,-0.40382518276171775,-0.4514793236254275
6808,-0.12100518442561131,-0.5025528810723814
6809,0.30171356515999703,-0.5059780639105267
6810,0.1012039808317199,-0.4660658034513948
6811,-0.04617295563397954,-0.49524215335237864
6812,-0.5529125115520596,-0.30516602569817114
6813,-0.1545603273678752,-0.363748700950691
6814,-0.23866759653037894,-0.42050325316727777
6815,-0.6474399751872483,-0.3413732099917653
6816,0.7418261756125759,-0.44276302093971426
6817,0.5133932012491893,-0.31890913855620073
6818,-0.15970489495409493,-0.4409183669597577
6819,-0.43679334357885874,-0.4484924849790365
6820,0.47143985619545437,-0.43727736077597856
6821,-0.9264216315291076,-0.15756449446578075
6822,0.2666021675236853,-0.3035789383353076
6823,-0.05422405370012538,-0.3976890003191589
6824,-0.3809327350188373,-0.42370490792977267
6825,0.2010097871652377,-0.49359294388127384
6826,-0.6206353769334604,-0.3438213445963196
6827,0.321700896861803,-0.32278011580426647
6828,0.35046648910199035,-0.38723491440454033
6829,0.2504936988653391,-0.38075859661735595
6830,0.6711044040632224,-0.40117802874500835
6831,-0.08902102656099938,-0.4660485925840767
6832,-0.2807004141499494,-0.5182033924881836
6833,-0.7244407054767622,-0.34672564360511765
6834,0.3878846299094999,-0.4630902371341252
6835,0.23481667238472034,-0.3534897034637839
6836,1.758027204957557,0.08892620948128975
6837,0.8626657610003698,0.7037849425193626
6838,-0.39713406477915125,0.08095079653529819
6839,-0.37682386680906726,-0.04773150188032296
6840,0.2734615903879441,-0.21056644876243635
6841,0.6478817276039682,-0.18482016065728746
6842,0.46259582929393744,-0.18775314559585723
6843,0.17198437788627824,-0.2711497414114398
6844,-0.5238744845081986,-0.1727245708850978
6845,-2.646495948575555,0.46468464967540646
6846,1.013590628229787,0.04180316797371395
6847,-0.5055582598732932,-0.07715607993952403
6848,-0.8524280170556566,0.06534136969888063
6849,-0.9842713878250854,0.14625766703169138
6850,0.14412171559394218,0.0037739731920672717
6851,1.4218023630600156,-0.0049139495778244835
6852,-0.1719699608617098,-0.19750527764297493
6853,-0.998794577324326,0.32613438334421274
6854,0.7963877424047374,-0.3002873652077686
6855,0.5479010299109821,-0.3663896917741469
6856,-0.2817703149778381,-0.31143640234852515
6857,-0.29819192120072746,-0.4239992615673571
6858,-0.49558728569521204,-0.3796675578307458
6859,0.8051631775670482,-0.43728904642688776
6860,-0.34239014970943255,-0.43373505212726365
6861,0.020950192417498046,-0.4997771087556261
6862,-0.11385737270834816,-0.5118416992080586
6863,-0.15617717892533767,-0.5534203826727769
6864,0.5579560830728015,-0.5525924736730669
6865,0.5941401490859586,-0.5094229429395705
6866,1.0000958639564195,-0.032644247066868456
6867,0.5956631697603157,-0.10951918507695899
6868,1.1452873019968102,0.09646609993035021
6869,-0.19344223333989022,0.2357247152193551
6870,-0.9314581628933374,-0.012605759782141616
6871,-0.73247628496885,-0.10122394388795533
6872,0.5425366067459898,-0.27642998883879694
6873,0.3863057013135016,-0.4047169940312442
6874,0.9627228655528666,-0.35701553332846747
6875,-0.40271344240178253,-0.18858830205902596
6876,0.26031941167235406,-0.19721999125382364
6877,-0.0451546111093853,-0.38489846283354257
6878,-0.0893303621702695,-0.5642105720214484
6879,0.9368895150550325,-0.1718946622957583
6880,0.1791403304371174,-0.3120425230640735
6881,-0.7305663713481957,-0.301827669176938
6882,0.1012305346613573,-0.44262524875444603
6883,-0.06456833307428414,-0.3372609676508802
6884,0.4185171831552184,-0.36112682710434174
6885,0.6537487018019471,-0.3579583975900198
6886,0.2504047029995343,-0.41075705192044565
6887,-0.4887763209505601,-0.16017371157508395
6888,-0.5845934018203873,-0.06895042773988011
6889,-0.08607900670039012,-0.3556123073202116
6890,-0.3480810443678068,-0.40973229691152896
6891,-0.21976595707540864,-0.3213002550914462
6892,-0.343343701893763,-0.45367263762128757
6893,-0.10028931579342662,-0.45817174481524303
6894,-0.18529968376852377,-0.4818711717968246
6895,0.6220215191896719,-0.4385456543319028
6896,-0.37912341351564555,-0.47365667867754047
6897,-0.08596241447301166,-0.49452868714703113
6898,0.1864993842960176,-0.5487988584449679
6899,0.7242404362641932,-0.4835923151410594
6900,0.10365924109492997,-0.41346857833045125
6901,-0.31891956610790806,-0.36485638907005
6902,0.22287405044060474,-0.4779692927525083
6903,-0.5847488919547241,-0.48188213087496967
6904,0.17255814942333084,-0.5503399315862304
6905,-0.11896063300012757,-0.4909261952441477
6906,0.0665869298129225,-0.5474030097714934
6907,-0.28311051975236873,-0.5211862196682873
6908,0.44417835468758216,-0.5745652092406548
6909,-0.4249789044111161,-0.5353263358225141
6910,0.08677883311806497,-0.6178729108082118
6911,0.43502430141613324,-0.4799626424203902
6912,-0.14724923346249863,-0.41154062363473154
6913,-0.057572387698884356,-0.4694921994543485
6914,0.45826848643988355,-0.4823041699834637
6915,0.1420460586885923,-0.3118076092650609
6916,-0.1684572434174628,-0.34400120836853787
6917,0.01067472865420412,-0.41673563734364094
6918,-0.17696462919858616,-0.40053904720865147
6919,0.47597323520128676,-0.3069051747271355
6920,-0.31598349366192824,-0.3170608747833122
6921,0.16470055345343873,-0.3675877426256782
6922,-0.19444051234310725,-0.4039502089789002
6923,-0.23496814589455622,-0.43874929823747183
6924,-0.07691498718000614,-0.42351370907312197
6925,-0.5907208199364161,-0.2838591287664742
6926,-0.3927861612711862,-0.25380915192177445
6927,0.06431855739433805,-0.2367049852226093
6928,-0.026425619440069697,-0.4653954241280496
6929,-0.030827179555907948,-0.4524825793981481
6930,0.32914529295067163,-0.49712511343442023
6931,-0.34011286261082857,-0.4692711424519771
6932,-0.29074508586555153,-0.4024271832625725
6933,-0.2689923875864323,-0.45001298823695524
6934,0.275110461691387,-0.5532065082533248
6935,0.32720955337375024,-0.3702437492075497
6936,-0.3882788962635582,-0.37005734068295465
6937,2.834753250259252,1.5350840613756955
6938,-0.5096372403300997,-0.09335457558649732
6939,-0.297136785803605,-0.3075937522400354
6940,0.5627773097397774,-0.2984408432491085
6941,-0.5506885316694036,0.19264094613766705
6942,-0.20838297256518346,-0.34844076422617404
6943,0.9810964882616597,-0.34650610825295014
6944,1.1609083052470768,0.19862245058555708
6945,-0.3687248880201005,0.17101238123741302
6946,-0.5606196380516698,-0.22367006657511646
6947,-0.6813526992248492,-0.032495222999309445
6948,0.3607881439316719,-0.310105419863251
6949,0.03885626812863826,-0.25869918451118246
6950,0.20915178465733317,-0.4077111208819353
6951,-0.8070122349801346,-0.12348597670131961
6952,0.6401189614230568,-0.32843337576195997
6953,-0.44853602990029084,-0.3916861195050331
6954,-0.19387492303147424,-0.3686752630676813
6955,-0.05887778720561822,-0.410592084828222
6956,0.4403956746688344,-0.5447949522416865
6957,-1.4083052086441068,-0.11717179787063009
6958,-1.138815781059338,0.008853811405859044
6959,-0.7965427086067349,0.006485358190463177
6960,-0.12073792137778631,0.03747153484947074
6961,0.7217022994565448,-0.35590676306154373
6962,-0.34857068711894096,-0.39640843741267
6963,-0.0551803601252534,-0.3453426773195678
6964,0.17501845610567102,-0.5088119961595343
6965,-0.3398477564178117,-0.42703834691910825
6966,-0.08801376735414124,-0.5281917961399194
6967,0.22878704713970943,-0.3168927533660656
6968,0.22451552263595242,-0.4776597012177787
6969,0.17274778773733376,-0.5554895675395123
6970,-0.21824267580375908,-0.524247566750479
6971,1.0460405797479668,-0.4607781136280761
6972,-1.1850780481307426,-0.25087511007192376
6973,-0.9538096697344037,-0.14100320405915884
6974,-0.9099033732425801,-0.20159622361620622
6975,0.4805635944365245,-0.07878300708312558
6976,-1.0984626233397567,-0.13675172312055509
6977,0.1051861198472897,-0.3542624435508862
6978,0.30090431413023366,-0.4538284528597022
6979,0.2749220772680993,-0.4633003953701227
6980,0.4345534277430284,-0.4881731502136729
6981,0.24226227164400546,-0.4570879702947134
6982,-0.07542107611590987,-0.5299642976837264
6983,-0.15437214997248047,-0.41544685029923967
6984,-0.36777495177358516,-0.43522701795215796
6985,0.5433830334736017,-0.40219754155251053
6986,0.13071375065394258,-0.5088455034068552
6987,-0.41793288903743353,-0.500643492279871
6988,-0.35766300346604085,-0.4923626978201514
6989,0.22086898211181008,-0.32228669561572504
6990,0.27380506741246136,-0.4906547152192895
6991,0.24373917868345157,-0.5233842246982731
6992,-0.2960438506239988,-0.5001518426810743
6993,-0.37452731883464874,-0.44328573990358655
6994,-0.026035477227172428,-0.20312853355467939
6995,-0.20596247983822555,-0.4365992746355012
6996,-1.2870592312136528,0.28302419231355047
6997,0.8089569812916372,-0.19968688802307366
6998,-0.6713605801707783,-0.2791661737854416
6999,-0.39334642577193124,-0.36725098768899384
7000,-0.01609837421870031,-0.16370706270696703
7001,-0.4167699791578366,-0.33506399027574957
7002,0.7175768413208322,-0.42338704456429865
7003,-0.26551067418403196,-0.3977761211686257
7004,0.7479833874139059,-0.47617857760179494
7005,-0.5916922665688754,-0.4110596239142337
7006,0.39530217923355454,-0.5519104054786699
7007,-0.14710045089373433,-0.47882577504070845
7008,0.08473568274066512,-0.4809719948359159
7009,0.6223921109144264,-0.4624510513473282
7010,-0.3249325933805754,-0.4799098192459412
7011,-0.06461067769386344,-0.512433361363558
7012,-0.6561028264730312,-0.4151702276910574
7013,-0.4067527817292239,0.01797626019118234
7014,-0.004095190495997562,-0.4147652431472229
7015,0.3012503509625715,-0.321039006341977
7016,-0.03700535325123556,-0.3031014266194276
7017,-0.0003799243583409726,-0.4754892568384319
7018,0.0931704083709971,-0.5513009926887688
7019,-0.20336808172564538,-0.5281499769469546
7020,0.02232121332274663,-0.5202092181977782
7021,0.2284434094335017,-0.5162355663346572
7022,-0.24731282193651488,-0.5037574022552328
7023,-0.5482843375875838,-0.4432704267609257
7024,-0.3038809440608266,-0.31370759604016596
7025,-0.046293777013505295,-0.47950576694527347
7026,0.21029467718878472,-0.47376976387788006
7027,-0.29458967773074074,-0.46762109797262086
7028,-1.0162274157296267,-0.11819768085394422
7029,0.3692685012760782,-0.37002221588692435
7030,-0.5441214783911031,-0.3539442690129805
7031,-0.11970034704246309,-0.3757943438499131
7032,0.49927904466899325,-0.4180956032402935
7033,1.6346294226185887,0.06747693916614517
7034,-0.9197806124117774,-0.1634696941186314
7035,0.2650607569497487,-0.32415112001630325
7036,-0.558647434214891,-0.20802427101149723
7037,1.0628951837899225,-0.06943068140268581
7038,-0.21283647278800766,-0.3571956048157757
7039,1.2200138767096587,-0.131584991119858
7040,-0.13144492071315853,-0.28924898496612134
7041,0.25491684807124654,-0.3134086547365821
7042,-0.011937829121830196,-0.4173413210164478
7043,-0.16526522881616734,-0.45227675476219736
7044,-1.4020015827897632,-0.17724462031506716
7045,0.4508259249917335,-0.4448976232699642
7046,-1.668518843777632,0.06722834042714243
7047,1.152413882726424,-0.26119140731248364
7048,1.489273493137594,-0.2181878907186836
7049,-0.20356504134134867,-0.3772041758907664
7050,0.18640418520046304,-0.4588480696385495
7051,0.4778116307219723,-0.4783550920868139
7052,0.7550064101912842,-0.32659646994761843
7053,0.48998940370432426,-0.36561120047045537
7054,-0.1129974329512992,-0.4084380833672021
7055,-0.8824179116957404,-0.3246659566210618
7056,-0.9935947798830962,-0.22784240585792426
7057,-0.6481951404577011,-0.3173466622232034
7058,0.16549255286923664,-0.2738377890581788
7059,0.3413182235143432,-0.4190017427344114
7060,-0.010292995833112748,-0.5018176470690797
7061,-0.9575589475237657,-0.4397846534362617
7062,-2.7394060090208363,0.8531298407509252
7063,-0.5098330472894598,0.11280936026121315
7064,0.9761189380027587,-0.02301904567388982
7065,-3.018389875475544,0.9478740363296291
7066,-0.3777508114006137,0.9598500576607869
7067,0.512020126937554,-0.05477825329430078
7068,1.087638369650411,-0.1300023856686439
7069,-0.8645186115368831,-0.2026642612891705
7070,-0.927044529981017,-0.32823551474082335
7071,0.8910301098190484,-0.3508801377589962
7072,-0.8927405625324387,-0.24281483816813737
7073,-0.27003889195777575,-0.3406848237053386
7074,0.2989834780899678,-0.4364126345121673
7075,-0.22633125848368613,-0.3063549304035487
7076,1.0683999643621105,-0.4284744554333782
7077,-0.0371315100051793,-0.45457102388354076
7078,-1.1331373173755215,-0.2828869290229001
7079,-6.472499866566928,5.595200024885999
7080,-2.215867316940639,2.953601677139797
7081,0.12181959811112851,2.9137895415433555
7082,-0.17559384452087115,0.41418696713192416
7083,-3.1970836323243454,2.4805927247854656
7084,1.1583894717788852,0.4576660414174569
7085,0.9979774583577675,0.8107678782114501
7086,0.4536161054778826,0.39333868119808035
7087,-0.6347532607420573,0.029528614661555576
7088,0.17900337207928413,-0.14054400384881457
7089,-1.9850818316811059,0.4141704831310131
7090,1.5232230526524078,-0.07555300270718016
7091,1.2096882594334457,0.04056965065273937
7092,0.6506616668221992,0.10203614976626638
7093,0.36210071305624886,-0.135865167901995
7094,0.824322803285511,0.2496353083326336
7095,-1.1810796592531823,-0.11273027902517252
7096,0.3153425435479838,-0.18927641604989154
7097,1.1641164078175825,-0.2920865949424207
7098,-0.314249874257788,-0.3415908362201081
7099,-0.32152098231536097,-0.3079336969238007
7100,0.039208632836231494,-0.37893489248422063
7101,-0.13795831570955006,-0.4343730586537975
7102,-0.3187876899407708,-0.3466482651754452
7103,-0.015724742220551688,-0.42072577228079566
7104,-0.9190821663242836,-0.2092226306076223
7105,0.7498311942790876,-0.4069590520003313
7106,2.66987172544398,0.2031480866254229
7107,-0.7089593890207454,-0.10481510875321393
7108,1.1519095166069662,-0.04810986002821141
7109,-0.05248972458012339,-0.020902784025436466
7110,0.3516253374726385,-0.036453706466623076
7111,2.3907017673428386,0.5871173162612656
7112,-0.7853878669154924,0.13151413162996536
7113,-0.943757079880823,-0.06470644575664529
7114,-0.3329479575621745,-0.21737226865617
7115,-0.12643309847934123,0.0026483536803087737
7116,-0.19358303332675214,-0.14153515664797617
7117,-0.22411621965717704,-0.31769840667322424
7118,0.4595522500039227,-0.3221632329570485
7119,-0.2540893202183024,-0.23443471141897126
7120,-0.32599631922988986,-0.40591966692627185
7121,0.568934112217146,-0.3540556999052276
7122,0.5920544447916856,-0.4006925146853547
7123,-0.16391005610810683,-0.34106862619189143
7124,-0.5106491142414389,-0.36168905189564493
7125,0.6376002194645033,-0.47299282880582627
7126,0.6004450428213447,-0.36447534147390087
7127,0.31356920747873773,-0.21474505105154434
7128,-0.32158305931706765,-0.3355631861540755
7129,-0.7405988132010476,-0.374538064772713
7130,-0.1607834447222853,-0.4347227045204785
7131,-0.08071128177328639,-0.42681295151997484
7132,0.1417506593838389,-0.4110951617071813
7133,1.3674438207970319,-0.06483539540934526
7134,-1.4401813574082971,0.0047524396762663595
7135,-0.8189008903019246,0.2066989074496611
7136,-0.9997580054767318,0.09614659559440616
7137,1.537955100980718,-0.19527987877205144
7138,0.6232438621369849,-0.2924367767448185
7139,1.2315983781992288,-0.05204925913121128
7140,0.5727634758522282,0.11427318140660626
7141,0.14895989261199805,-0.1937551557497363
7142,-0.6518947438191933,-0.20478574799250138
7143,1.5198600291418762,-0.15508956897884923
7144,-0.5232763952294055,-0.04516085421071972
7145,-0.6728011486243164,-0.30060537180944213
7146,0.6260913955958278,-0.2879852454857688
7147,-1.1744169713873485,-0.13334088491852725
7148,-0.8116898177996561,-0.17907322384268629
7149,0.22346455468152512,-0.3927831259748182
7150,0.8135589562086808,-0.36256176684844305
7151,-1.2280369842009693,-0.20680571468089493
7152,-0.3512484436864832,-0.23756530245729296
7153,-0.7044231941400706,-0.23166034010135733
7154,0.994309237868358,-0.37529751225192154
7155,0.3530376021416722,-0.41586404037531366
7156,-0.7346449068509949,-0.3604955505150738
7157,0.048098049844539456,-0.4399494295137587
7158,0.19815523405252344,-0.40736569900106673
7159,0.7979632723531442,-0.47054549919643496
7160,0.044710899163315714,-0.47205011074282255
7161,0.9782835687361704,-0.4508594140673114
7162,-0.2801039431280742,-0.39529677512581446
7163,-0.2280360263032662,-0.4712427703157287
7164,0.6129225171155159,-0.49032004157566333
7165,0.21743167842402658,-0.5387987914120951
7166,-0.04194518967727083,-0.5106047991959873
7167,0.2682751737128778,-0.5547769780601856
7168,-0.30589603773999624,-0.563123127519406
7169,-0.06476851940331009,-0.5673044125686274
7170,0.5414859330635751,-0.5521962371992053
7171,0.045543017595077305,-0.49671401599529164
7172,0.4360268773900427,-0.579608797794459
7173,0.3743589178779584,-0.5056559469811471
7174,0.16433849782849494,-0.4743308564090615
7175,-0.5053711344977352,-0.4759064039922597
7176,-0.42094713198651396,-0.24619659008972372
7177,0.3999553163241644,-0.3519371062383387
7178,-0.4268402801813938,-0.22527564336699402
7179,-0.9328373825629463,-0.21616671145879246
7180,0.15968899314924934,-0.35720133968132267
7181,0.06952041274507449,-0.2826810421840357
7182,-0.3886055890827409,-0.447884904414802
7183,0.13499345657753503,-0.5163613975779323
7184,-0.2127801885619909,-0.521862861227863
7185,-0.285683361386887,-0.5336277814113618
7186,0.3041000417874223,-0.6321468467279175
7187,-0.042174091476773715,-0.5212173220567292
7188,0.350671678579696,-0.5804091967291741
7189,-0.07047157084377893,-0.5817032467193212
7190,-0.2754388853131745,-0.5454119442311128
7191,0.19423445006581905,-0.5481115982653855
7192,0.2285036260766003,-0.49890146135032765
7193,0.06099772512934106,-0.5550893880500228
7194,-0.01974634567936791,-0.5831100088515656
7195,-0.3337107835128586,-0.546455710666514
7196,0.07499500269914601,-0.5740431891967746
7197,0.2572994293478444,-0.6355555033591688
7198,-0.06862257155635178,-0.5946295712717802
7199,-0.27601862674991623,-0.4657246787228788
7200,-0.3752579960908183,-0.3497871781180503
7201,0.19592924242325616,-0.5512040695623246
7202,-0.2381303756160692,-0.5713355220950944
7203,-0.6001836033400492,-0.428267580376826
7204,0.20937690981437262,-0.4012696647325848
7205,0.6117603041429174,-0.5433919467059605
7206,-0.23716916532681503,-0.5044073654231881
7207,-0.6448619136326966,-0.4477433945365806
7208,0.46538821019256105,-0.5079281164696432
7209,0.21976994126493896,-0.5254818606136362
7210,0.04787848894717302,-0.6094592892233455
7211,-0.2541543288084277,-0.4947884903434382
7212,-0.1575225850732262,-0.5599788694022527
7213,-0.045943858749490064,-0.6078433034440931
7214,-0.37965317722488623,-0.5111924804507767
7215,0.40814639185501894,-0.5575831253902571
7216,0.09705599494923912,-0.5773329377532712
7217,0.11651382968885506,-0.598113754466945
7218,-0.027300246943212092,-0.6255647299081666
7219,0.017717827752878813,-0.6391812975893879
7220,0.13206492951407628,-0.5994093399503877
7221,-0.20595336069516307,-0.6130010149816879
7222,0.4236759515005536,-0.6358363889946466
7223,-0.42093792473046576,-0.5537080195489665
7224,-0.24953785295900416,-0.5913840590613054
7225,-0.15786178467683784,-0.4419235120546498
7226,0.801893207078,-0.5811287233647234
7227,0.042590038553270496,-0.5154189526106515
7228,-0.2696709369773856,-0.5036450653775458
7229,-0.130762258115442,-0.5392633719756774
7230,0.24157610809681404,-0.5767210850132278
7231,0.09065795758519367,-0.6002747825103274
7232,-0.06735852286336798,-0.5682480146306628
7233,-0.42831609634663415,-0.5182884189330683
7234,0.0002471071565065047,-0.5193148916880949
7235,-0.08501617721045444,-0.5924858005215713
7236,-0.1584174602853836,-0.4807285965284873
7237,-0.7966756131045182,-0.13146352217150828
7238,0.4499465946499438,-0.3982174148554
7239,-0.20675518647806596,-0.42473230302488757
7240,-0.5070086861083759,-0.42701059889236387
7241,-0.3593320421343279,-0.43620348329758657
7242,-0.6135840982120677,0.14191824681705725
7243,0.7307912244019441,-0.4159366407052875
7244,0.4905195610998506,-0.43963874295741034
7245,-0.5835560608103902,-0.4589150442366924
7246,0.4512684360602911,-0.5563607457829117
7247,0.7206422416606733,-0.503958595339383
7248,-1.36960781574418,-0.2106519581691274
7249,-0.588769464504276,-0.2166183207863981
7250,1.426254923225923,-0.3225482099733235
7251,0.29225836207126976,-0.4078372681442103
7252,-0.10602689994388037,-0.495190868957034
7253,0.1658426388744836,-0.5456120245518422
7254,-0.9767229754197898,-0.4395652322368091
7255,-1.071992876381094,-0.20098507859413495
7256,0.9475956096627122,-0.4150849251273559
7257,0.5904735204993931,-0.40541441595025257
7258,-0.013971443738473595,-0.49391132077631816
7259,0.35722913142459056,-0.5094814000228116
7260,0.7477017703413956,-0.4339025316841016
7261,0.0809618927380385,-0.4883391148038557
7262,0.4615785722434793,-0.43158136281638476
7263,0.26114209859562276,-0.5282141478481606
7264,0.011601945350605412,-0.5360074964407507
7265,-0.6033106813787799,-0.479120698770388
7266,0.4574637103337546,-0.5815000321655021
7267,0.13609695596676982,-0.575004613194761
7268,-0.07319043259420187,-0.5378131552425173
7269,0.39632946718062406,-0.599239276876815
7270,-0.28527373843413895,-0.5933829234699678
7271,0.11218922823710516,-0.575161635105657
7272,-0.0038896541072991923,-0.5600358602705908
7273,0.15575169910231365,-0.6363589368295663
7274,0.42814671030701373,-0.5681826374023997
7275,-0.15065384382455593,-0.529201783593028
7276,-0.5249881518054007,-0.4361209604917581
7277,0.06817429235725224,-0.5659266839234938
7278,-0.14515702705979455,-0.605900695623847
7279,0.7044039873754846,-0.5672887515773939
7280,0.06211790407044759,-0.6178159958337588
7281,-0.22593919122229086,-0.5862399353770641
7282,-0.18834522845154605,-0.6090575540505743
7283,0.19139096870614797,-0.6439917108617855
7284,0.14780214609960282,-0.618497617786454
7285,0.046548868800816635,-0.6635512793755984
7286,-0.20479450824414436,-0.6184404488524238
7287,0.2584779399487591,-0.6598449848286474
7288,0.03760320790091704,-0.6151882209707749
7289,0.15056806234624415,-0.5867799702196168
7290,0.1449931901780044,-0.5694141052993537
7291,-0.2708103422933815,-0.5942174930134952
7292,0.1680648773652465,-0.6065947810372889
7293,0.5897834940854784,-0.4965669277261767
7294,0.5944234476754349,-0.22156877583009993
7295,-0.8632435327571095,-0.3078768403848995
7296,-0.5731580584071287,-0.3539461281492841
7297,0.02535891465284568,-0.4141467147591969
7298,-0.2896927368462169,-0.5131340663928331
7299,-0.03994342474757899,-0.4248976516112339
7300,-0.4156897738770595,-0.5062834610717474
7301,0.030230400722130044,-0.5750272418965826
7302,0.14461996446303532,-0.6253432373760409
7303,-0.5572672640896764,-0.5503669211905197
7304,-0.01848799887505018,-0.5791764728221283
7305,0.01534312507773606,-0.6198491395839308
7306,0.004790027346512192,-0.6490710145179942
7307,-0.6682717925491352,-0.43137238215621054
7308,-0.07860680658341766,-0.46119526369423425
7309,0.0871664933721702,-0.51813449703458
7310,-0.27166406045847996,-0.5381538605852924
7311,0.9269350550043887,-0.49022644674035487
7312,-0.3685150050807195,-0.5031136493527782
7313,0.42665032333423253,-0.565247250039384
7314,0.1007891012458129,-0.5983591134856024
7315,-0.004900937336769512,-0.620329479091359
7316,-0.38888542887923205,-0.5752158835922481
7317,-0.03069823854098132,-0.5649429697719195
7318,0.2400472259855631,-0.5290616887515313
7319,0.34886363709703755,-0.5476356197787943
7320,-0.3220851771778772,-0.5223578867353933
7321,0.23934174011337664,-0.5946662380162437
7322,0.7282747977074783,-0.5040163849711223
7323,0.1832689784321818,-0.45963310588884987
7324,0.11982711297447872,-0.5494378706531191
7325,0.18007078881120048,-0.5622356069915555
7326,0.17792468485594548,-0.49287792847257317
7327,-0.44422549298172803,-0.40113144226695574
7328,-0.20550566892893826,-0.4886778020807615
7329,0.45325964861100465,-0.5232196110117578
7330,0.7395223091455785,-0.3098052989559443
7331,-0.2516111401990226,-0.4074773591687626
7332,0.10681580941827032,-0.5011225122311611
7333,-0.3058963265644944,-0.4845271104712212
7334,-0.2530525108635339,-0.45747173433926414
7335,-0.07798114630835146,-0.5072747849345767
7336,-0.20323231218558324,-0.48360127262284125
7337,0.3564093052499823,-0.5493518511997713
7338,0.009683253771126749,-0.5708555381979906
7339,-0.3769947163131199,-0.5136116251230921
7340,0.2768018292717243,-0.5916350581632795
7341,0.5600544431947134,-0.5356516862574281
7342,-0.17294393642280476,-0.5248300355294035
7343,-0.37705942867672065,-0.5551274976934716
7344,-0.1000032808120346,-0.532225342376638
7345,0.05157312178252115,-0.626491387657748
7346,0.10672370834516234,-0.59203663450519
7347,0.3033796171741913,-0.5677364143855371
7348,-0.24357527300269022,-0.5779990091882325
7349,-1.0128444167912627,-0.3257152526293705
7350,0.4815271131694695,-0.5524611420930047
7351,-0.7482676444492213,-0.3774449219970292
7352,-0.6572707529935353,-0.3833927052853647
7353,-1.0137578522476163,-0.1770292441188268
7354,0.35462266066970377,-0.4602864719470011
7355,-0.45655001806965856,-0.3039825788624971
7356,1.0335690653223948,-0.43128388383215277
7357,-0.3844363162621185,-0.44228192237876873
7358,0.5400751993625087,-0.5501951514785757
7359,1.2538794601086922,-0.35205655974977484
7360,0.20120949427468904,-0.35343321012672463
7361,0.07011663458868715,-0.4850912148039207
7362,0.08557216032303203,-0.5330844367097741
7363,-0.10137605930881158,-0.5540000330377383
7364,0.4231707062547044,-0.5257267336884314
7365,0.5613664437629424,-0.5480350750398378
7366,-0.1089250575327272,-0.5456903269526459
7367,-0.2703270543132929,-0.45495925419381145
7368,-0.11908668924323186,-0.46881794241392194
7369,0.13025664808113302,-0.6095360002924451
7370,-0.1920027980884379,-0.516613437171314
7371,-1.093215925825085,-0.2965921848792214
7372,0.025807524336088936,-0.4268405751374151
7373,1.7042477392069741,-0.20968999596245852
7374,1.0794760724444865,0.037978660114952247
7375,0.771557223395746,0.12735479558981358
7376,-0.4660626685109783,-0.20075841825807822
7377,0.06992250972050723,-0.4857516788924463
7378,-0.10314629320036876,-0.5072626206656946
7379,0.1994326645030384,-0.5489707700477755
7380,0.23419921769084953,-0.5425095805463704
7381,-0.18756321775723428,-0.5504867675162779
7382,-0.1254214327655201,-0.5824814204322363
7383,0.464328754347439,-0.5407078889493097
7384,0.44860309283122074,-0.0610769714826616
7385,0.17923567484814215,-0.4253692759908121
7386,0.0664671758028292,-0.43598858619584496
7387,-0.19038665919147907,-0.42196624647428727
7388,1.122167082007304,-0.3808198264671397
7389,-0.23558947631513444,-0.2639599075564952
7390,0.01810855387789077,-0.41305124127412934
7391,0.020535415599241855,-0.476483823533173
7392,0.011874765901969484,-0.49972237655907537
7393,0.06980949319002806,-0.4145762162604915
7394,-0.21076731121832276,-0.512528484688686
7395,0.6445886584466924,-0.4069386131975384
7396,0.21744776924093828,-0.43848474917296304
7397,0.7031875219115412,0.07602529148610448
7398,-0.15887874505682376,-0.3341841250608514
7399,-0.07694285782362677,-0.4133165723420649
7400,-0.4978199524416956,-0.3756250246333365
7401,0.4434148887186397,-0.5140738344286344
7402,0.17659512159158366,-0.47488335721286845
7403,-0.4103785991186595,-0.3251922117064749
7404,-0.02679842715191839,-0.43483725373930493
7405,0.07670283049969362,-0.49777815292797056
7406,-0.17686116564820942,-0.36406862171631604
7407,0.5499211555992086,-0.430500385029422
7408,-0.18115472646340613,-0.5152337581898087
7409,-0.5298018327979307,-0.4664021437929958
7410,-0.18348328062979002,-0.3899653716471454
7411,-0.26961213367468334,-0.41415059065567966
7412,-0.3636520927050653,-0.33300729587131267
7413,1.0084584153914717,-0.38428816001021726
7414,0.09411990803759807,-0.3022397178176327
7415,-0.18772693149057357,-0.3926657025535546
7416,-0.3183778461653364,-0.4257079517255741
7417,0.2620122574269887,-0.4780525475047199
7418,-0.10823877917437517,-0.49944302517962524
7419,-0.03655011636151459,-0.4757114698034607
7420,-0.04563466774194204,-0.5276404926008649
7421,0.4972852014686398,-0.34663501477021325
7422,1.1852568018689007,-0.2369045861174756
7423,-0.45669906109551467,-0.14825284708191866
7424,0.862202943475337,-0.24559925329500776
7425,0.7150357606288029,0.21980010821031054
7426,-0.4625645216267616,-0.07035044184334953
7427,0.322509255287008,-0.30728376833750126
7428,-0.4131479455959288,-0.3128801854512877
7429,0.27939614938141183,-0.40716105463107205
7430,-0.4822839311709187,-0.36861276446984453
7431,0.9772555052284811,-0.27988996022486795
7432,-0.22355935490536072,-0.27659066696701223
7433,0.1755693853409363,-0.3598869877110351
7434,0.14272763954119522,-0.4262816119992967
7435,-0.09450503323595495,-0.4893594488072037
7436,0.24609139075492076,-0.46810165720022445
7437,-0.02271563335886684,-0.3918016691908901
7438,-0.2963375142644588,-0.46333570891878106
7439,0.46242082149439506,-0.4923387586630238
7440,0.35420711433142243,-0.472736252419214
7441,-0.10848523511134557,-0.48622537238188424
7442,0.47518793921536595,-0.40233703407159827
7443,0.49100167436163583,-0.10408977669048694
7444,0.44169862625405387,-0.024037913021305132
7445,-0.7453277181027348,-0.23020605542784606
7446,0.25200944013382326,-0.38511126664417716
7447,-0.3426902292944363,-0.10406865472738425
7448,0.0689126436543487,-0.4522682888507536
7449,0.35851730494145584,-0.48274371109753056
7450,0.0005644070602160408,-0.40438579100447397
7451,-0.5581203229165596,-0.4501784212271607
7452,0.27874870250205974,-0.5205624660299202
7453,-0.516850741364485,-0.313777010575107
7454,0.06336729982073067,-0.5075317367939747
7455,0.4805328027353108,-0.4423817031405547
7456,-0.28259746807351255,-0.5600380164328982
7457,-4.555787812077179,0.7887372338445726
7458,0.635371447819049,0.6572596341083582
7459,0.684956307102184,-0.047455492238238375
7460,-0.6227460324402244,-0.13559824640565987
7461,-1.2630915118114516,-0.031044002477757585
7462,-1.6457839344912337,0.33659392016488027
7463,-2.4825812732174937,1.422820493967352
7464,2.1069805710229237,0.10805260791572245
7465,-0.47039579533182335,-0.18797334043834293
7466,1.7896940325936397,-0.14616506563031706
7467,-0.39532543920831903,-0.3159227200853606
7468,-0.21780889702238224,-0.5177626626940881
7469,0.2278769465752477,-0.39061574111205116
7470,0.13894913048623136,-0.5059446225385087
7471,-0.24666394737572664,-0.5307796452902819
7472,-1.0133973192314445,-0.2603600583839359
7473,0.6033153108131599,-0.3898636946722579
7474,1.8070268060872776,-0.22052494000687145
7475,0.27182956989517776,-0.28656623299560424
7476,-0.740911916862011,-0.3054934921855218
7477,0.2488446479118409,-0.530052378206011
7478,0.1820284307323082,-0.5009725646076653
7479,0.011587845673978948,-0.47299066588315675
7480,-0.4561838268480149,-0.4743065974603148
7481,-0.41711724950153034,-0.45950954310127734
7482,0.14466150086733764,-0.5778505837527584
7483,-0.05296414960565741,-0.5821441324636459
7484,-0.05297301909815752,-0.5186620933483306
7485,-0.036556195514563385,-0.5464118821886187
7486,-0.22921353186786758,-0.5249580030359124
7487,0.4662324809936718,-0.55501255490944
7488,-0.48990018095460625,-0.45733962947888274
7489,-0.5131526470854495,-0.47676399706562644
7490,-0.0064200899148690585,-0.42648590671307923
7491,-0.1406884949455169,-0.4386063947874371
7492,-0.6832769819479303,-0.35988930460026863
7493,0.48585394822002503,-0.4863606262598903
7494,0.27122073937367747,-0.4380021575500006
7495,0.016993479633443505,-0.4347592630248352
7496,-0.08820267192699059,-0.491244198680456
7497,-1.055676229752677,-0.24663408064801756
7498,0.04549701919773923,-0.3169756000291869
7499,-0.022430851654248157,-0.359149144154273
7500,-0.10777209065934171,-0.3980292409894076
7501,-0.380782021402933,-0.34081720867907805
7502,-0.09212137743368898,-0.36170674233824307
7503,-0.4173882054143862,-0.37664547522764186
7504,0.15335100126458023,-0.43329105312890714
7505,-0.8913554041038694,-0.17287321542058745
7506,0.7518423967690695,-0.4520616466440746
7507,-0.7872644145864873,-0.3040143341127557
7508,-0.49749283081129064,-0.2595837983734015
7509,-0.10924907381997308,-0.3918519160785652
7510,0.3869697171232213,-0.43837446053813783
7511,0.5189130703110791,-0.4308262501053601
7512,-0.36199285341773024,-0.5032246784291965
7513,0.33058016885670255,-0.4634459540429964
7514,-0.8589693168562657,-0.33192731476774584
7515,0.2448957179935261,-0.512999148624049
7516,0.5459189121194769,-0.30360201108636076
7517,-1.0645867201390482,-0.10259289498364077
7518,0.17860129474323824,-0.30955167791966864
7519,1.068534253031207,-0.24775732791327487
7520,-0.838477873934977,-0.2861534896783237
7521,-0.8708352203239695,-0.049711112000912674
7522,-0.8688728961636029,0.09127697266699375
7523,-0.6644551947716333,0.5791960134268768
7524,-1.6042268148836618,0.5584702998631196
7525,0.7477584790020406,0.15976205028233775
7526,-0.5067968851430987,0.03902272569220343
7527,0.001893120122338162,-0.040467308983025085
7528,-0.619197984452138,-0.07100482527005945
7529,-0.2998415443239096,-0.15333547671530207
7530,-2.055613555218583,0.8718426870078493
7531,-0.07521591611876097,0.6462003480045179
7532,1.2464237748532419,-0.29842567858180674
7533,-0.1262877623944092,-0.05871184485557156
7534,-0.3536621955244292,-0.3393434934960634
7535,0.4516316585635404,-0.47005274763466
7536,-0.6513818414908911,-0.3965891195961009
7537,1.2153847735467338,-0.38487022980477015
7538,1.5007734085495241,-0.19977975653030822
7539,1.1846432217265783,-0.0558506642903252
7540,1.3140095687061757,0.16520680162028578
7541,-0.50089516621568,-0.11323362473260903
7542,-0.5972101034917845,-0.22408860272404058
7543,-0.23999281025557237,-0.2809118931317456
7544,0.036478749686191934,-0.3520942744505315
7545,-0.10074781495049881,-0.5530745765111861
7546,-0.6255273512227777,-0.45861011520000494
7547,-0.15929670675081453,-0.39556996181953913
7548,0.36933034055281777,-0.40451147999164455
7549,0.5515804319830939,-0.4209294011746269
7550,-0.6652147835979519,-0.4381196692141287
7551,0.2802433472770893,-0.5004990843681866
7552,-0.3422517236107299,-0.43563034230577813
7553,-0.22578569218357522,-0.5014136696616585
7554,-0.863530678299832,-0.3111432644336139
7555,0.8504082869281359,-0.540578546812958
7556,0.6792876868030895,-0.5281190283191781
7557,0.42771938819353683,-0.4515046206725143
7558,-0.6336371459587242,-0.4372100009584507
7559,0.2975271306342497,-0.5110444260878648
7560,-0.6211200076399915,-0.41350903358275876
7561,1.2431280828778637,-0.4514540166173169
7562,0.23982040894119386,-0.4799302613252766
7563,0.46198686347917306,-0.46470499943526766
7564,-0.49679927382849864,-0.37924185785100994
7565,0.048660826974239485,-0.544866094876705
7566,-0.35619797389336666,-0.5531785208998942
7567,0.09589155356164153,-0.4975516893974776
7568,0.8037348927373273,-0.42385140062841287
7569,-0.5802373932244639,-0.4810797080998407
7570,-0.16153662870460928,-0.4648309889086687
7571,0.41152854362776775,-0.5373329017536246
7572,0.1696334900234854,-0.5922184581644631
7573,0.6433474400377721,-0.52573660344027
7574,-0.24491071722890725,-0.5445019177092175
7575,0.343378426675964,-0.5907212636563427
7576,-0.1813399364771297,-0.504336003699209
7577,0.6092062136923991,-0.5768192439284457
7578,0.16938280091897343,-0.4686284536668269
7579,-0.08353043314742953,-0.5273331840132685
7580,0.1992540552959194,-0.5376422256417606
7581,0.10611091841479069,-0.483775209467427
7582,-0.3460601315911143,-0.5550267377025555
7583,-0.14071948908530788,-0.4573468274839977
7584,-0.3541551182973304,-0.5080808537095828
7585,-0.5997992056295548,-0.42075847759070933
7586,-0.2526545301089092,-0.40126101270488623
7587,-0.3453571632830876,-0.48342926392416796
7588,0.27093532820140614,-0.466160301143262
7589,0.22110177779972814,-0.5254630112895222
7590,0.15190984211706327,-0.5117132435250281
7591,0.46104590534227946,-0.4359686553461019
7592,-0.6153037901404956,-0.44077648615175363
7593,-0.833708432278709,-0.3028980171333302
7594,0.45168473259421676,-0.5071775968647239
7595,0.14463521777744287,-0.4840146391906841
7596,-0.24854676587472654,-0.5155367331738826
7597,-0.6249350548367828,-0.42471100043248333
7598,-0.11885709506484575,-0.39974408261200006
7599,-0.2739251272652274,-0.30591507472093515
7600,-0.7133757723898616,-0.3263438081258792
7601,-0.41429544992214923,-0.26201323227640033
7602,-0.8409546629678583,-0.13439676717150523
7603,0.8754701963077356,-0.37768761973582715
7604,0.022105268103663023,-0.4782801084977524
7605,0.6237992502724622,-0.4471405213487657
7606,0.46217062099635636,-0.3306278193917536
7607,-0.08784688369782892,-0.40089866367913096
7608,-0.5232210468043947,-0.3596025673677369
7609,-0.7370139521903393,-0.33728556149274447
7610,-0.0911620364037385,-0.4558854245121188
7611,-1.3580547248137664,0.0675739157479747
7612,-1.1577894663119834,0.6381893053708046
7613,1.2434822620586885,-0.03266997150278976
7614,0.7995233930708084,-0.06464051259404371
7615,2.287015304537141,0.29317038356631925
7616,0.22382313024825934,0.11133863190964001
7617,-0.21496476400432699,-0.18918735198864384
7618,-1.669214457275132,0.11111595574829153
7619,-0.5611646569765839,-0.07733008536071624
7620,0.8323768821659451,-0.2578853884855871
7621,0.2668149698590313,-0.2735007111412503
7622,-0.20738352251644973,-0.3120087120036237
7623,-0.5608932791614303,-0.24813800576441997
7624,-0.8264654514982148,-0.21673062895892325
7625,0.49573609961291004,-0.4201418875582087
7626,-0.3770138784772795,-0.3496159519070255
7627,-0.5279468310307066,-0.2196558905660113
7628,-0.25666696198163236,-0.37913134715224617
7629,0.8592705598499949,-0.013406175647290915
7630,0.24634412822489882,-0.3054808256860623
7631,-0.34632312745372584,0.1787366285969359
7632,-0.17064441825740254,-0.3464027528155471
7633,0.8676613232783078,-0.25901148590797807
7634,-2.7768462260692446,0.27333545125464453
7635,2.4286916092546997,0.1332796894706808
7636,-1.2887000993088733,-0.06835414175062163
7637,1.0690075170089242,-0.32711150766515185
7638,-1.2369905979024882,-0.08880244204844456
7639,0.0653633192207143,-0.32268007064652765
7640,1.1243586957287162,-0.38242192356617366
7641,1.7686240257042924,-0.09270361908415711
7642,0.9984265312533281,0.30435984469588706
7643,-1.164547843063685,-0.07883962349917994
7644,0.8448524745128135,-0.2364738796068866
7645,0.19953823092905976,-0.3075622046615317
7646,0.6434884973301738,-0.4007189474397619
7647,-0.5639575403836838,-0.30497639085501543
7648,0.28618817314258993,-0.4972113307656265
7649,-0.3382435179469729,-0.44311916848975424
7650,-0.16074318846879176,-0.5415340892946782
7651,0.28489371290596066,-0.5433689982321795
7652,-0.4129513323268127,-0.49768024227823937
7653,-0.6698559592920514,-0.4073047486498236
7654,0.8422364385312788,-0.42321461102616864
7655,-0.47520006534600606,-0.3944668153768039
7656,1.39092180953963,-0.33487740309587843
7657,0.32027558813640095,-0.16795685723477277
7658,-0.8081003576591658,-0.26224564348510593
7659,-1.4771253564908762,-0.04645378153770513
7660,0.6005285798016181,-0.40416768337193654
7661,-0.6485285003607038,-0.30164741237716247
7662,-0.03580925806364028,-0.3835322984208186
7663,-0.13427719098943325,-0.45633958123886764
7664,0.2556750066023638,-0.4823605109320972
7665,0.9793309898932211,-0.46962212231999667
7666,-0.8849113396728203,-0.3621288782249412
7667,0.3992021839226125,-0.4226978861061499
7668,0.6483571424081552,-0.46835648074103353
7669,-0.11263039610742229,-0.5285515852125064
7670,0.38260538344448836,-0.5596863349072561
7671,-0.07991418687261628,-0.4498731881269591
7672,-0.6230745910772701,-0.47104390699583054
7673,0.19317565624238262,-0.4992845189635049
7674,0.5680920340864033,-0.5173851913193088
7675,-0.034218733301945733,-0.3877994433894349
7676,0.17761911204140313,-0.45155993079775925
7677,-0.28070140024041296,-0.4576628683908598
7678,-0.3879544420494651,-0.46253657318846264
7679,-0.485809259305742,-0.37065341392749057
7680,-0.33763261822937213,-0.435383133190394
7681,0.1608436152424366,-0.5507336619010421
7682,-0.003159694782405819,-0.5338413004372791
7683,0.3689083140276865,-0.5764129458569291
7684,-0.20299887717718892,-0.5205110500264792
7685,0.08847139925907258,-0.5677478518978509
7686,-0.2949558514139201,-0.5574402978175289
7687,0.7102789476189474,-0.5083314390851453
7688,0.08193429359143284,-0.5404996391554939
7689,0.08363004004726235,-0.4857716983571868
7690,-0.6478389398141183,-0.46918027023325193
7691,0.027811967019444588,-0.502453620442343
7692,0.648889731153707,-0.44336321372193177
7693,-0.14742520181752566,-0.505812981207116
7694,0.23643611353747543,-0.4102808976507503
7695,-0.1077465398278088,-0.4783615005591756
7696,0.3361216385479241,-0.5092807707546398
7697,-0.3291568962075562,-0.519755163819558
7698,-0.1431927846180332,-0.5225996308638715
7699,-0.41430225209277216,-0.4848074173605297
7700,-0.11565152086628838,-0.5656136206340098
7701,-0.18205422830869997,-0.5405681908638303
7702,0.12602281566247897,-0.5458075806555458
7703,0.5370380150246647,-0.4847844197986364
7704,-0.20010738213487483,-0.5353716371481485
7705,-0.5161481846704383,-0.43398182196186447
7706,0.3151453647862228,-0.5413399403121371
7707,-0.215620085889576,-0.44761624178418724
7708,0.49374912844326657,-0.5090805420663865
7709,-0.8026798746007736,-0.4229799578017084
7710,-0.8636876600135456,-0.20616990282524267
7711,0.4828799620039094,-0.3530834902548409
7712,0.4487280373769442,-0.45076010986574916
7713,-0.9201457320641419,-0.31980211871790265
7714,-0.6122519781147375,-0.17879283495331766
7715,0.8311081623411195,-0.42315813104397054
7716,-0.254502341801344,-0.38638836355606676
7717,-0.26621177354326886,-0.463144062833004
7718,-0.38789078642254643,-0.4086311057834914
7719,0.5976188632788866,-0.42240164625433624
7720,0.2699157251722099,-0.473201359614946
7721,-0.32432254860757836,-0.44497698645024775
7722,-0.6993523685404925,-0.31607736575168743
7723,0.4300788131058095,-0.49980013372284526
7724,0.1371739060727577,-0.5129828833281974
7725,2.1134338746562045,0.11286344685676498
7726,-0.3389931185700149,-0.2238627567423423
7727,0.6433705937126858,-0.338317598397405
7728,-0.47326890185007237,-0.35144221618203225
7729,-0.23123746307050075,-0.5094550482387866
7730,0.17301453478722256,-0.588978585396487
7731,0.049271720823536175,-0.5040508227953832
7732,-0.24769668361447122,-0.5119176346114891
7733,-0.41593815415389157,-0.504940616084305
7734,0.29872437327212453,-0.6237968081780408
7735,0.3429318840107724,-0.6178477037561981
7736,-0.027109185154062253,-0.5883432412022006
7737,-0.6620003725521526,-0.48542118866253103
7738,0.4073141751068717,-0.5933694402747429
7739,0.019183114631526905,-0.5458184536189049
7740,0.15725839233116598,-0.5441855799914999
7741,0.09021421686486637,-0.43071996508690524
7742,-0.06503164527526269,-0.5876400704414729
7743,0.7227167475858334,-0.4960699595580711
7744,-0.04691401654858071,-0.48365036947062845
7745,0.5889800677774618,-0.463299219738155
7746,-0.30180810971562855,-0.44204775431967047
7747,0.2582134718514739,-0.4913153375570771
7748,-0.3313867921965694,-0.4490135220364278
7749,0.3580707586088746,-0.5560763657884806
7750,-0.17891368914312686,-0.5785324292358801
7751,0.2924205231460887,-0.5193322121162053
7752,-0.546272954370737,-0.4944904164538343
7753,0.35304802339648983,-0.6038282709607096
7754,0.07816292702065902,-0.5706071600325734
7755,-0.459563183471265,-0.5002066866056155
7756,-0.5454679833852282,-0.5042725179588118
7757,0.6181287250915477,-0.4814958325270642
7758,0.49480925409316084,-0.44968458349724943
7759,-0.32868477972243304,-0.5034478090338891
7760,-0.11417782438680105,-0.5433574436608715
7761,-0.42591472580505024,-0.39835136085247336
7762,0.10260094796351531,-0.5678380013092765
7763,-0.15371747650574077,-0.5980999457352094
7764,0.3412113365457578,-0.5750468182752451
7765,-0.30560136945663535,-0.54497533774523
7766,-0.05403685583356919,-0.5932415004243491
7767,-0.14424356337593597,-0.5086876697307011
7768,-0.6523804883227149,-0.3977229073989921
7769,-0.47721623315353895,-0.33530039549340773
7770,-0.33465302226739785,-0.31778605320358516
7771,0.41542126919502037,-0.5145262261876394
7772,-0.24495611056587438,-0.4077137836828558
7773,0.7056007563934457,-0.4115161414017958
7774,0.3420870068522952,-0.5087017862388834
7775,0.067042282764231,-0.5131035919568612
7776,0.05717005318391464,-0.5491589160278716
7777,0.29968869778109053,-0.5743456444994959
7778,-0.20494471719858334,-0.5099035566722131
7779,0.17678640197449283,-0.5711081625355415
7780,1.6368296926203003,-0.033033823353926434
7781,1.0108668900972202,0.11459358639258888
7782,1.1345050119134799,0.1379641313259874
7783,1.3398607562300002,0.41904592617664455
7784,0.16016878833703066,0.16484179181916903
7785,-1.479504414964373,0.29845521485871374
7786,0.3283866580237306,-0.280686991743424
7787,0.28009917346482766,-0.409460881404329
7788,-0.6352823076294457,-0.3466289670124978
7789,0.1967544754572968,-0.5068076478273815
7790,-0.03968147159135609,-0.43089826422494254
7791,0.05000162336694589,-0.3585802229094542
7792,0.28769446908286667,-0.49808671352673584
7793,0.39068258834607733,-0.4473742186267411
7794,-0.39856948468487735,-0.4423914126628245
7795,-0.0852100320279299,-0.5098334122539064
7796,-0.10951327969991172,-0.5451979438975584
7797,0.29264359744010326,-0.605648624014333
7798,0.010459229529686805,-0.5721707343509369
7799,-0.0003043186818725242,-0.5632707188662189
7800,-0.031072382108708944,-0.5985574268950635
7801,0.24415840737909575,-0.5557820397972332
7802,-0.17724380647474175,-0.5073350311703416
7803,0.2823385540542356,-0.5196033601262211
7804,-0.03449238033436449,-0.5037406419070014
7805,-0.5721479213306031,-0.31341993101343035
7806,-0.6856675452879843,-0.0352930173194855
7807,-0.5640861135916352,-0.22054653136383934
7808,-0.6666497799506543,-0.11589631480423546
7809,-1.0782386815563623,-0.09008308537854753
7810,-2.616296759773981,0.8111946368502072
7811,1.0760640559666097,0.2572558179426438
7812,-0.08667372411477853,-0.004151361390500444
7813,0.8919476601207431,-0.17777533145768207
7814,-1.2685441778532571,-0.10767988346424548
7815,-0.6792785036523954,-0.14588439800093794
7816,-0.3504627917460616,-0.019425870386938993
7817,-0.47950867385615126,0.03461357235164282
7818,-0.33166069793065295,-0.1641801052729604
7819,-0.3133916444609091,-0.11187072602896891
7820,-3.487845286036449,2.310445045112934
7821,0.21133116297344773,1.1585050544336317
7822,1.3406070753894088,0.43786340153156655
7823,0.2762812616153731,0.21837658887403089
7824,-0.2784722781187568,-0.08422239039137039
7825,0.21220065089981813,-0.3298951549065387
7826,-0.07369786910712231,-0.44058849533479705
7827,-0.6472193486607658,-0.32129743046290193
7828,0.3904373510479453,-0.4479171623749453
7829,0.7352858636015622,-0.45879658911686216
7830,0.261162033788792,-0.39240163231723435
7831,1.1951834554953715,-0.29984399508960785
7832,0.18622167745047874,-0.3200629273474508
7833,0.1640562162743957,-0.44602383180052985
7834,-0.11149784869584349,-0.5171139118349651
7835,-0.4668957025533235,-0.44283737828998593
7836,-0.2916783710534327,-0.4599586791271183
7837,0.35569713450387885,-0.5734246650032502
7838,-0.43616438309485905,-0.5074903271685369
7839,-0.8166048568293337,-0.259949853454193
7840,-0.3347708013339919,-0.3929945995099866
7841,-0.20662577089730405,-0.3511287073687199
7842,-0.0007471296881002452,-0.503017126716575
7843,-0.22174341172633172,-0.4599130428875541
7844,0.6468871129883006,-0.49691178593167296
7845,0.501937194123215,-0.49128060436756193
7846,0.03437862498234668,-0.5696378418154364
7847,-0.24601225146674546,-0.4640450760796687
7848,0.8503709592857921,-0.519228276926534
7849,-0.09406273815102066,-0.4656974140254505
7850,-0.35442634569366693,-0.5105696430513558
7851,0.23774481324672214,-0.5794675325007573
7852,0.2566489352365194,-0.597372756474628
7853,0.5195887926692769,-0.5033715675851618
7854,0.03621439598683945,-0.4769836141804673
7855,-0.5202495938603588,-0.4561289726407791
7856,-0.13809567392708327,-0.5959615419830815
7857,0.3155572869869858,-0.6370541278212523
7858,-0.004383442900088364,-0.6018485086698246
7859,0.21606091133178248,-0.6041096265433679
7860,0.3313019695171523,-0.5408804726922369
7861,-0.007196647955847751,-0.5187454870734588
7862,-0.2067715851715933,-0.5976040528664303
7863,-0.19360039578217172,-0.5076472008334172
7864,-0.07818056934417737,-0.5649828866205234
7865,-0.037215168872414155,-0.6219447949149223
7866,-0.11900493311065115,-0.6279649955411118
7867,-0.1283306407807884,-0.5428264063914339
7868,0.511208301249643,-0.5071406403804422
7869,-0.2977715777533339,-0.5581310961113192
7870,0.28255187382525654,-0.6053704490688885
7871,0.017570328176488185,-0.6020387592007268
7872,0.16464010831623332,-0.5251702777955677
7873,-0.0815663993620579,-0.5566217592327682
7874,0.10260128558582142,-0.5937319038849277
7875,-0.714325565037995,-0.34775815597475007
7876,0.2638943681229556,-0.5216417876332377
7877,0.08663233902178959,-0.5032404769986939
7878,-0.006225950776586261,-0.5322281799649045
7879,0.11188099506834588,-0.5993221850125883
7880,-0.06202876914683343,-0.5790652194494658
7881,0.42668660333025427,-0.5750973987636687
7882,0.850079141760578,-0.3463047641863479
7883,-0.48679216961195476,-0.340939985160344
7884,0.08343546244170331,-0.5206896850409668
7885,0.19031447178366412,-0.5118147870304942
7886,0.11915286081869893,-0.4747631336224638
7887,0.34663206967512966,-0.5176749401798456
7888,0.10458068252306543,-0.5577383318170785
7889,-0.31959095194369846,-0.5012208669234454
7890,-0.1284075684535688,-0.524297114565358
7891,0.08292828417458692,-0.5358582107618968
7892,0.007946846141085099,-0.5480191763552865
7893,0.0780612106589892,-0.592745700670901
7894,-0.06857186084218839,-0.5599784822553705
7895,0.13405983590596054,-0.6165658805910262
7896,-0.28059834106127407,-0.4958192880208495
7897,-0.26652354548989093,-0.5565926973204313
7898,-0.29998333075349426,-0.4706622889714144
7899,0.10890155213903242,-0.5618414117286866
7900,0.044586406405283684,-0.5572248834572381
7901,-0.9192128045367732,-0.2864566301087262
7902,-0.5864671178803604,-0.147945160680429
7903,-0.010667964383740198,-0.3989318430001538
7904,-0.5688130477681206,-0.33370221326303867
7905,0.9008614041588263,-0.3877908363158916
7906,-0.5983628592069954,-0.30769476605144686
7907,0.21897407178803757,-0.47145060074602474
7908,-0.9055190626507624,-0.3340201864362992
7909,0.4121244572528055,-0.3282129705066547
7910,0.36260253695234795,-0.4488237471164139
7911,0.024778705749159687,-0.5253297680492328
7912,0.3122744037218933,-0.5529604126687993
7913,-0.779758906752992,-0.41235957891408714
7914,0.3183165102215477,-0.483999969796994
7915,0.31976015092770044,-0.5284247459991316
7916,-0.6364842162614979,-0.41896935332019747
7917,-0.7223087569519356,-0.037463502529441264
7918,-0.2594444256888902,-0.3338314020411568
7919,0.6141549260271492,-0.4905418260134866
7920,-0.24735888758317479,-0.42365627584460436
7921,0.05078042314371079,-0.45196825392834633
7922,-1.8156255112535677,0.26301067495428876
7923,-0.14375398065561595,0.0010993466814442979
7924,-0.21589236004793308,-0.24985072692970217
7925,-0.10668993693449176,-0.16643541312712984
7926,-0.5930852914856248,-0.3823254917295179
7927,0.849652003382097,-0.3314535668112847
7928,-0.16955099143081512,-0.4424053342508654
7929,0.663127056859361,-0.4191099147048056
7930,0.3067195486629425,-0.3673175403161857
7931,-1.005277487724212,-0.3448998668996363
7932,-3.037215421062977,1.6857640465386368
7933,-0.7708407052542678,1.9469229307179057
7934,-1.076191024038966,0.23863994303380356
7935,1.4607810631704763,-0.11994276306749063
7936,0.29921986283017127,-0.23177788622918294
7937,-0.8252080359637602,-0.2472740779461272
7938,0.4093381259235268,-0.3955436770237755
7939,-0.5617033762048456,-0.32944261654770857
7940,-0.5974756300839548,-0.19647990026077253
7941,-1.0000435660448714,0.40290217841667336
7942,3.3366992573106176,1.354828063982144
7943,-0.5997313717841439,0.6272968912036214
7944,1.462321585855851,0.26287462742423395
7945,1.3016159318772083,0.34613889263156106
7946,-0.13312547627054622,-0.04154046735126973
7947,-0.10680970202932527,-0.2627492642109625
7948,-0.9207327126245103,-0.09978154534728706
7949,-0.23318955859852053,-0.2239403094668685
7950,-0.8834769643180698,-0.21927344060170284
7951,0.12358267476190511,-0.02073487002017395
7952,-0.9614094512554305,-0.0497811254044334
7953,0.13629912846331751,-0.12703807215957408
7954,0.18678074340270284,-0.3662423840142154
7955,0.24076224404336966,-0.3889821127906013
7956,-0.9813705713443067,-0.2504910352940228
7957,0.37447890793401684,-0.42736242795032287
7958,0.3448039481148906,-0.4348159690567331
7959,1.2431790271244851,-0.27953327270550427
7960,-0.30481276856718786,-0.40990408003237455
7961,-0.4134253604049811,-0.4424497866975204
7962,0.5258710567024036,-0.5391046814453296
7963,0.4583510531441058,-0.45211059778817536
7964,0.31350291448883577,-0.43758902572305874
7965,-0.5987831343531881,-0.44978430670137703
7966,0.7830539609581341,-0.45552858469527635
7967,0.39900495178765827,-0.4191001722267234
7968,-0.25279023012722485,-0.4976823894252519
7969,-0.166624392639372,-0.5029378447686258
7970,0.09946332705646613,-0.5878793458634682
7971,-0.4275579732337252,-0.49467964572169243
7972,-0.01855964194201777,-0.5215895437758649
7973,-0.9788983950342158,-0.2408521559532017
7974,0.0649029053362912,-0.4077844385723375
7975,-0.084266609985864,-0.35745896576257685
7976,0.4100982463094557,-0.5391109125530391
7977,0.11140731976526845,-0.4841624251040313
7978,0.058909227707510815,-0.5293291885123833
7979,-0.06122199247664086,-0.35343774506569975
7980,-1.12146038896068,-0.24777963268274056
7981,0.2813570343488194,-0.30070534788503395
7982,-1.0871310828791485,-0.12396544629821399
7983,0.7902759419834735,-0.36660826417970155
7984,0.17291151825211273,-0.42515389611165383
7985,0.5287336028327781,-0.5152195475714806
7986,-0.3698901071838212,-0.46110029444209844
7987,0.5760007188373927,-0.4590353948155266
7988,0.05143521748894514,-0.31364823883606935
7989,-0.13307979483232651,-0.4540821201528751
7990,0.28084557989113285,-0.48433435879692344
7991,-0.004931152099553522,-0.3928506502442322
7992,-0.49025631855698115,-0.35881130326088695
7993,-0.256443205542703,-0.4417171442121132
7994,0.6644532248839663,-0.4805214714413636
7995,-1.6958785129808027,0.01948670431629812
7996,-6.545833818586053,3.1860885660428093
7997,-2.098534972661117,4.156259575977159
7998,1.6954128311310388,1.20571293822506
7999,-0.8508567942521941,0.680651780551868
8000,-3.244695832068516,3.4568377270170845
8001,-0.33224256182450623,2.3149029237028818
8002,2.0988942553088576,1.893389196145078
8003,-0.799531420212411,0.8497766625422493
8004,-1.0070731525709051,0.40724258951106324
8005,-0.22396656172562446,0.04067707537661166
8006,-0.8851220974872719,0.2989395735225555
8007,-0.11738954482540281,0.25711453132622886
8008,-0.33840726422937034,0.09352372478026286
8009,0.532760023026825,0.15937485769005363
8010,1.7623168720268403,0.007157728651739179
8011,1.717333303590716,0.7354395048548914
8012,-1.751855392828242,0.06574080346916363
8013,0.7564413937717877,-0.3094147503021424
8014,-0.08536237984598034,-0.23408930107262582
8015,-0.4827808160248112,-0.2878015617109518
8016,0.44024373776503756,-0.4002942856035116
8017,0.22797246556555545,-0.5151035344458923
8018,-0.8964938704775219,-0.3260996937011479
8019,-0.7336826926973394,-0.20208425893905385
8020,-0.2558992765415723,-0.335221080121521
8021,-0.16764274958472325,-0.39731682523025813
8022,-0.32444422388658706,-0.2996379356586591
8023,-2.342801798505423,1.280783891338491
8024,-0.25788875406359374,0.5971631553741409
8025,2.8348620154615456,0.2983980665223405
8026,1.4294553786941782,0.08418625679488688
8027,0.019918715782305422,0.0016572685949865981
8028,-1.01777678295587,-0.1166452255480272
8029,0.7238886336727727,-0.3118187260714008
8030,-0.7458785419329823,-0.3414720892761081
8031,4.679769413112804,0.7438116501479283
8032,-0.07774587204084911,0.09728010747036989
8033,2.573292921962961,0.32529182219454544
8034,0.3086516635748648,-0.07792639877152557
8035,-0.6172684817298353,-0.1987479253918988
8036,0.8763912311196708,-0.185993011587086
8037,-0.4117697380132477,-0.2863872234909557
8038,0.29294397553219104,-0.2949872152390538
8039,-0.5445389786154747,-0.04538086896734926
8040,0.4879895533358779,-0.09550049932822788
8041,1.5939425163964005,-0.15669278573669854
8042,-1.191788699183327,0.239893318294033
8043,-0.316628150696234,-0.269185365969211
8044,-0.7638319480895487,-0.3326362771770842
8045,0.7633901240636957,-0.4363449637174025
8046,1.4725566082206447,-0.33002867146152004
8047,-0.3717504759759636,-0.2780719559107404
8048,0.630153227633252,-0.4624723226774373
8049,-0.12338637887997377,-0.3365735372100868
8050,0.21261382050923003,-0.510437933523702
8051,0.2086164906509212,-0.34473260392729665
8052,-0.5038212880246883,-0.4401158769792103
8053,-0.26763721755386327,-0.4543268679444774
8054,0.35821397729532667,-0.5492764057322926
8055,-0.16571575620371412,-0.49880559135388836
8056,0.9135913964776536,-0.3603498215640755
8057,-0.2830509642613361,-0.4371333505153563
8058,0.1126905044761297,-0.5130729689325797
8059,0.6422784791952857,-0.3979883521244827
8060,0.2386770897745148,-0.48281989246175416
8061,0.052541337745040474,-0.4773861618200643
8062,0.9587063230167284,-0.2354172875163253
8063,0.3974474010210907,-0.300539256678483
8064,-0.5507931889858607,-0.29354310253213
8065,-0.12315467876998008,-0.2539800410666307
8066,0.5838864611193976,-0.3059581317632509
8067,-0.08339231011985875,-0.2721099252456749
8068,-0.351852606486246,-0.36548343893746715
8069,0.08911962239282292,-0.4267297985322824
8070,0.19675040293629648,-0.5725840294257034
8071,0.34544644168626665,-0.3862248517926815
8072,-0.35825431218613707,-0.42251382725651493
8073,-0.4395048246584923,-0.43904267921985224
8074,0.28303181471581434,-0.4870414407448236
8075,-0.5476364873953821,-0.3698927787123555
8076,-0.7445173990484255,-0.1554344074175789
8077,0.10826958665307819,-0.4013536856470297
8078,0.23051180146396097,-0.5042864862597746
8079,-0.2962771506296044,-0.37601502435788337
8080,-0.5689585323483454,-0.4017901391517105
8081,-0.5476388941143369,-0.38312408359146427
8082,0.7077630232367371,-0.4555625946249897
8083,-0.19711055396540014,-0.3332686742307547
8084,-0.5916079771767812,-0.3577000706889267
8085,0.23462984726788594,-0.5012796784958764
8086,0.2683415188337114,-0.4158772430198648
8087,-0.3007738317638888,-0.41108652786751465
8088,-0.020842309939337965,-0.5050820053134036
8089,0.9764934402483075,-0.34824633674034494
8090,1.050412405935073,-0.18376417778478377
8091,-1.4605689546854101,-0.1579543632903423
8092,-0.35852221926275674,-0.30220769744363996
8093,5.34725708039702,1.7598858310711516
8094,1.002967867380825,1.2007467109407823
8095,-0.13179808523929104,0.8136618653514972
8096,-1.8062860735949107,0.21972121041254425
8097,0.05918713042044326,-0.10675862539820985
8098,-0.6129205095145827,-0.3061300942197855
8099,1.0746685586360405,-0.32832910614621796
8100,-1.7962243745514543,-0.06586654252257867
8101,-0.09588681509722584,-0.1027964100880488
8102,-0.6420543342264559,-0.14748500601432424
8103,-1.2629808834686267,0.14205483961819856
8104,-2.6633422481454736,1.1671388426805707
8105,0.891896757817647,0.7491259419641455
8106,0.11573953672397243,0.6117900354426069
8107,1.7689820554666276,0.23104822989682045
8108,2.971090103820663,0.8173038882580526
8109,1.388655546668482,1.7109491249901088
8110,0.03489862297486585,0.114150817542762
8111,1.6269155783939657,0.6747685462836134
8112,-0.6595428717673145,0.21633922343725215
8113,1.1694847794982979,0.1294346285087189
8114,-0.353352435118027,-0.2127493111871096
8115,0.4940719913357854,-0.3009287512276422
8116,-0.37342430912326013,-0.23555156150725143
8117,-0.5033411120845319,-0.1718190663384642
8118,1.2973504895009667,-0.2739091691817451
8119,1.2085122801313501,0.3506983336697157
8120,1.8567449405985736,0.8004159415869382
8121,-0.27285309966429516,0.08456936603312236
8122,-0.6720199622264348,-0.2417638755266116
8123,0.18982639154696004,-0.19805389275175397
8124,-0.2811931647037048,-0.12583251441058219
8125,0.009723284528098175,-0.348584109381608
8126,0.11981889047613739,-0.36973951508049774
8127,6.857494908197712,2.94074344201238
8128,2.1867122056093224,2.5591202770781725
8129,-2.841069594122273,1.1658818351041025
8130,1.1999351088411971,0.35541755606592834
8131,-0.5040245796889469,0.11069068606623672
8132,0.19151566204876838,0.026429912748144085
8133,-0.06942418306291402,-0.11553409091866607
8134,-0.162314244481478,-0.2685089794223067
8135,-0.21940022420298158,-0.24337241282901284
8136,-0.3809915749145153,-0.3302412780923105
8137,-0.014307471929893949,-0.2756439057097726
8138,0.003950644080153001,-0.2115279033682323
8139,0.024130803732396205,-0.47078053208647164
8140,0.28905759840488954,-0.42597450293261685
8141,-0.344668897017864,-0.45601974666826073
8142,0.7221547873844637,-0.32442331232137855
8143,-1.391375744785748,-0.11346409789531392
8144,0.12423173674824352,-0.2326223858835026
8145,0.07778162858863072,-0.3117011442618522
8146,-0.5586586663012404,-0.10717788121608898
8147,0.4082000518066674,-0.41492639012579563
8148,0.47168925734005773,-0.31877706697981056
8149,-0.343108698112865,-0.3723780856837779
8150,0.21406800036080714,-0.53175048346789
8151,-0.4535946661874558,-0.469454061674639
8152,0.34671911379144343,-0.5707325395384626
8153,-0.13023530259714594,-0.5304514984835031
8154,0.12134533322034523,-0.47047629165697125
8155,0.7984560197852613,-0.42482477693501286
8156,0.6359879909772139,-0.15446117953469785
8157,0.8704059375736619,-0.11708458930597654
8158,0.5039010860369557,-0.11570165665597856
8159,-0.2909050724655156,-0.166928314658007
8160,0.3567591353893441,-0.3263638013585351
8161,0.6061046164791278,-0.19482429854508448
8162,-0.24956987219822538,-0.32345509464185634
8163,-0.5350880939254166,-0.304276381840046
8164,0.2133618248315624,-0.32841306851644003
8165,-1.5236228418103235,0.07966024941646294
8166,-0.8084431229834628,0.10484903611962845
8167,-0.34396843949272915,-0.007869240139227476
8168,0.7132925574241428,-0.15389446002998758
8169,-0.18342467139185592,-0.20553549684956546
8170,-0.03144249699971352,-0.43887106608348103
8171,0.26081588764476865,-0.46657054119051933
8172,1.1423209064705615,-0.25803668268955077
8173,-0.5345035111198139,-0.24028240418394275
8174,-0.26774295848962354,-0.40555983116108085
8175,-0.16151317158002626,-0.4451877093303459
8176,0.004994224491251109,-0.532238621199651
8177,0.026831017707343603,-0.456458269760064
8178,0.2648233555340827,-0.5519103411816091
8179,-0.41307019882265505,-0.42240472156150055
8180,0.6907086854030745,-0.3576577929216057
8181,-0.4752719895167451,-0.3452802427860553
8182,0.26126308301697143,-0.4588730122243029
8183,0.23426310490343472,-0.4447090646732421
8184,-0.6235124837715276,-0.3365451068117537
8185,0.3564834513200314,-0.4376848026552609
8186,0.023439942199662476,-0.4785631083354066
8187,-0.0038868759834047835,-0.48223100471836877
8188,-0.42125423706498133,-0.23243195907425945
8189,-0.01646766080259846,-0.24629375528302194
8190,0.11754824936038753,-0.37922099711716506
8191,0.5509443565720344,-0.31621932370029754
8192,0.6215244686529536,-0.06436571128663696
8193,0.7059506773437468,-0.27842015620534194
8194,-0.6121510005517113,-0.22864011459563094
8195,-0.013047061257313163,-0.31860800311058424
8196,0.18677393062471082,-0.4043898228192789
8197,-1.1564205673740617,-0.28075995736604925
8198,0.3639768706238431,-0.4135012100726986
8199,0.0607894900018544,-0.43358532908006664
8200,0.6802208345333716,-0.4221604465429204
8201,1.4728441940362058,-0.0388420315118088
8202,1.4811384591917716,0.6485007963949502
8203,-1.2607959065686192,0.07139697821426916
8204,-1.0480554418343997,-0.09200143816945816
8205,0.9117243028325962,-0.3997817036501431
8206,-0.03412421584956904,-0.43306635615839517
8207,-0.7208905825041735,-0.41409203676461875
8208,0.15880400485849014,-0.4387870755328354
8209,-0.37535750786983313,-0.484819972589956
8210,-0.34792528522699556,-0.4359115185661358
8211,-0.410451167487073,-0.4097188397194393
8212,0.24224043895366879,-0.5889118897613588
8213,-0.11953831350376216,-0.5410387281201037
8214,0.3886041065326822,-0.4400382095095681
8215,-0.40418000160605283,-0.4499903929607838
8216,1.0490560987075048,-0.5199236876693759
8217,0.259194602150526,-0.4429059831029543
8218,0.7271687346617518,-0.38220545504910663
8219,-0.8025086137375458,-0.3553864273496948
8220,0.44139770251192334,-0.5601256664584456
8221,-0.2168168023907723,-0.4773753530134962
8222,0.34571440037116735,-0.5685088346004652
8223,-0.527325738530183,-0.4355797374967675
8224,0.08546326462286553,-0.5554217389110069
8225,0.12693909329044956,-0.5891978914079834
8226,0.2965203127987064,-0.5768176786917021
8227,-0.6403017454513554,-0.515808787159277
8228,0.04548965266835605,-0.5569427955536074
8229,0.36139751889546157,-0.518330771190159
8230,0.46546679102371896,-0.535766675603721
8231,0.6887462267896695,-0.4083061789484309
8232,-0.6506465159426851,-0.33417636798619327
8233,-0.8203477433538129,-0.2773010818445251
8234,1.692956015998606,-0.22792919025554792
8235,-0.13324942895920427,-0.31278882496919835
8236,-0.7083220840441412,-0.23488383696649795
8237,1.0028144501162068,-0.3281404086973626
8238,-0.26830241349480194,-0.483224306330696
8239,1.041262553091081,-0.05529316958308153
8240,-0.6313827628460874,-0.2969529826126525
8241,-0.010334215668164226,-0.5294468284896812
8242,-0.11210127582786175,-0.47276519074289347
8243,0.18157541995714077,-0.5340926308754651
8244,-0.07461968324603756,-0.5353556301469384
8245,-0.33952332287979,-0.4855633979749361
8246,-0.344749128516269,-0.44327405180744334
8247,-0.2563455846559216,-0.4425213489477163
8248,0.3398946482805444,-0.554273823374667
8249,-0.7409210263721671,-0.4305299432681713
8250,0.2746702216063916,-0.5422487421450767
8251,-0.07879789953744576,-0.4786499247177728
8252,-0.12317495512448878,-0.5023706374194662
8253,0.22773229898379307,-0.5202791512695918
8254,-0.08382759641136704,-0.5419147791562511
8255,0.03164271384294117,-0.53188583035769
8256,0.6722682515253484,-0.5133081997007525
8257,0.17492622518744932,-0.490974939844413
8258,0.12721842839513592,-0.5314338035073431
8259,-0.1900219081424195,-0.5318436187380001
8260,0.9496696662888147,-0.4625940952758494
8261,-0.06949257976147429,-0.43160996600435536
8262,-0.2626313909268083,-0.40739582188623347
8263,-0.01251290056170054,-0.4773646322342846
8264,-0.7744629850103966,-0.40163762993577207
8265,-0.3411753626481195,-0.4495957328865601
8266,0.7034100019788638,-0.40856807676693563
8267,0.4614688858435896,-0.2612389906978873
8268,0.12766868203375278,-0.49762520145396494
8269,-1.4553666961778655,-0.10323105028855104
8270,0.5882083663109292,-0.42358026863391746
8271,0.1290370500404434,-0.43442971125998336
8272,1.079106121503626,-0.2167781349992996
8273,-0.5516706790420604,-0.33343481807080455
8274,0.37068743012364425,-0.4906340077737902
8275,-0.4468704414122198,-0.44015404763077853
8276,0.17220008061780123,-0.46953459436344147
8277,0.8222862182795265,-0.4370133011117968
8278,0.11650383501573074,-0.37542878438519256
8279,-0.6143610179644198,-0.3651405903497808
8280,-0.17559324194149456,-0.3710237027160963
8281,0.1870504577066865,-0.3816597196158612
8282,0.3393251513949383,-0.3184718952253128
8283,0.6167879335485712,-0.3149173633284074
8284,1.3370730299168405,0.5072360013523063
8285,-0.10974580375553188,0.32321628816512715
8286,0.28061635804621715,0.23485011814768178
8287,-0.45365083921022253,-0.07928083841827038
8288,-1.445991670623115,0.505359106072639
8289,0.8319131509078541,-0.021705594461842156
8290,-0.226589639738547,-0.14961664533794197
8291,-0.671457478480042,-0.03613137256402989
8292,-1.3115773490987517,0.281301983642496
8293,-0.5340329106803969,0.23843619700872914
8294,0.23872549645058594,-0.1519200799532877
8295,0.6821574197865627,-0.31540607037440666
8296,0.1816081672140267,-0.30471624465069336
8297,-0.6632309958959435,-0.34917120217158826
8298,-0.19934916255355214,-0.3481561972040945
8299,0.9108706877737107,-0.42419604959416085
8300,0.240434217646734,-0.34768444729633563
8301,-0.9645989504944082,-0.2870112574874811
8302,1.2039840732483578,-0.35092197841488043
8303,-0.00991255215257112,-0.4626924231023699
8304,-0.25081724846358805,-0.4454044779947192
8305,-0.05431265295457444,-0.46692259154035487
8306,-0.05578502045982983,-0.5730380594071165
8307,1.0803752715422068,-0.340702141337577
8308,0.49070389057709135,-0.33573122667109145
8309,-0.4940898602545753,-0.3416260453942085
8310,0.21806583651883543,-0.455669769078497
8311,-0.35411876807317755,-0.48873521197120684
8312,0.10770777171075095,-0.5628297148098027
8313,-0.16061400769901601,-0.5747761924873501
8314,0.5234603073524423,-0.5648726775260506
8315,-0.5286962658094091,-0.344061340990407
8316,-0.38667490995686604,-0.45878095200351476
8317,-0.11443180161581053,-0.49054390615475785
8318,0.183408157480874,-0.5392623075687052
8319,-0.42893970323988423,-0.4707083340707584
8320,-0.2970535173609688,-0.5595186625272595
8321,-0.36278011914739605,-0.5041206812928424
8322,0.024366285484540822,-0.5370763307788416
8323,-0.006020748594603745,-0.5291805616031644
8324,-0.222524440094563,-0.5493760884350992
8325,0.26048545464450956,-0.6095947674257051
8326,0.2476498731949356,-0.5364772343578347
8327,0.575819673889889,-0.38536936008752065
8328,-0.2503167727686663,-0.4701275595691825
8329,-0.16869121284003274,-0.512366246088751
8330,0.05088134698997642,-0.5342571489479171
8331,-0.2710640907033069,-0.5783792941935972
8332,0.8418886096083475,-0.44192566836222213
8333,0.5428008144575799,-0.023665922348024754
8334,0.1065843350237014,-0.5370733060934211
8335,0.43848002398510283,-0.37133104774551834
8336,-0.21888170969683465,-0.45566974427636864
8337,-0.2596337343352728,-0.5293454777310853
8338,0.9780652940588255,-0.1576637569253041
8339,0.2579879515668605,0.10872297985376615
8340,-0.5570548077715778,-0.22584686828209205
8341,-0.19247882615217596,-0.44144507324977644
8342,-0.013179152886760553,-0.540720801274531
8343,-0.3015485259737113,-0.48790895820684665
8344,-0.29698050122316855,-0.5120706315114283
8345,-0.12774754625959123,-0.5136369775312408
8346,0.3422353361470795,-0.5350396922239616
8347,-0.19863409269898158,-0.49165482617068135
8348,-0.4370414497170703,-0.5010849286730322
8349,-0.2806683791036097,-0.522774324130745
8350,0.319274000289134,-0.5468365756326578
8351,0.36997516979950856,-0.4195266668228613
8352,-0.011022556832011188,-0.5732091486044445
8353,0.08633524230435488,-0.5698480249832394
8354,0.05361224676974314,-0.6107642264181794
8355,0.24335881487781336,-0.5629266349810845
8356,0.4949037069467621,-0.36556500377523177
8357,0.20829374056632807,-0.4857530521480923
8358,-0.5617184470853435,-0.43939209113753336
8359,0.6630268288402293,-0.47699762154767567
8360,-0.6500919630601144,-0.38346597129529914
8361,-0.2260624416517935,-0.41229240050958177
8362,-0.1406192543704643,-0.4792775732582142
8363,-1.2659214212930454,0.014893329510190706
8364,0.23474345659934395,-0.253070317770089
8365,-0.2636552930753617,-0.24477643397426097
8366,-0.30522560727511455,-0.35754088304052073
8367,0.2202784009677869,-0.4050196487259147
8368,-0.11805898241223113,-0.5172075880209327
8369,-0.13301295034778177,-0.457352788493086
8370,0.09913317546558825,-0.5068173807120837
8371,-0.07925653430545239,-0.6038602232165245
8372,-0.41907848043341306,-0.3794675153125521
8373,-0.19417602234438233,-0.4896010903056317
8374,0.34450499652386674,-0.43173235858023407
8375,-0.29494105549561767,-0.38974988213805345
8376,-0.20851969344550633,-0.40048681315040463
8377,0.3159535227668574,-0.49777146744930345
8378,-0.7531989669597783,-0.2765611395750825
8379,-0.3470869185031377,-0.298306699390709
8380,0.18963358403626998,-0.3608566237149117
8381,0.3528423289598573,-0.19545647288245108
8382,-1.0824860456021639,0.05591907590293621
8383,0.24206459512102874,-0.240061947689112
8384,0.6855834790130161,-0.3062651166053094
8385,1.0126879246532763,-0.18611191401075142
8386,-0.5470914585583321,-0.29711101075341845
8387,-0.23750274149760622,-0.4016819338990368
8388,-1.1295926142292672,-0.1370229731014229
8389,0.40289253188870683,0.0016736961260061106
8390,0.7376466239675774,-0.3260393217482258
8391,-0.3718298051274106,-0.33703927600845207
8392,0.10057289722298007,-0.40467978734632365
8393,-0.12510425980778736,-0.46130904035071996
8394,-0.07293491125594678,-0.5234626492935797
8395,0.01028831630053648,-0.47135160449882774
8396,0.38336582138752573,-0.5032036530139129
8397,-0.023751691708899302,-0.5005253722686078
8398,-0.49394486246266056,-0.4807950306356584
8399,1.1353369822726889,-0.47433615791798656
8400,-0.7801769483925605,-0.3378396915688641
8401,0.054808665112416756,-0.5001216450145692
8402,0.09904594170818563,-0.5021135329523075
8403,0.028450184398392062,-0.55814941534318
8404,0.3650966372021131,-0.5719625807064322
8405,0.5100325039931767,-0.5040244099657969
8406,-0.3134462837165297,-0.44449682694888537
8407,0.2675452303851958,-0.5221403767472287
8408,0.26101298028917447,-0.5621194293832408
8409,1.4051972381956468,-0.26718646975228844
8410,-0.8720427229496834,-0.2654272980516569
8411,-1.2600660422864238,-0.26417349493036574
8412,-0.22617339898058456,-0.32882696131288414
8413,-1.0516585862499717,-0.09715356274404718
8414,0.4592201779128227,-0.39817358724780727
8415,-0.2971584025540731,-0.39718333041406106
8416,0.25862365416827765,-0.4676153105076034
8417,-0.7818637664830215,-0.4709485867136255
8418,0.02883560235675874,-0.5480299653396371
8419,-0.29264493416390874,-0.5379062106137243
8420,0.4803976392762347,-0.5881044355404083
8421,-0.17241630037477698,-0.5456081397171231
8422,-0.03760360432100956,-0.5516106674483575
8423,0.04285606665474367,-0.6072275012883882
8424,0.413917956050009,-0.6009193936474179
8425,-0.8871775046919153,-0.34289994078018265
8426,-0.7887185986077637,-0.20323603693165365
8427,1.3710051641945573,-0.1353476428355541
8428,0.3577106250362077,-0.31469764447347043
8429,0.46845418422035107,-0.4574569416666746
8430,-0.13737815442520684,-0.49616547324871296
8431,0.4214981891928877,-0.5771910231207315
8432,0.0564327756215548,-0.5232226082699849
8433,0.1958837992213661,-0.5416159500675833
8434,0.08251824748098133,-0.5668515174976337
8435,-0.36504320453611083,-0.42076461346749233
8436,0.6527382572442674,-0.5932648880529685
8437,0.2761934225570051,-0.5407075654709478
8438,-0.13246774471395328,-0.5632842847077009
8439,-0.21373556518872114,-0.5278349049321092
8440,-0.057283474123833646,-0.5903888093591791
8441,0.11121359159612883,-0.5554878925042581
8442,0.08612907915866272,-0.5695146195032154
8443,0.28162579592750486,-0.5560315250984224
8444,-0.7891963228021701,-0.45638577819384096
8445,-0.26606760900894894,-0.49294177084305324
8446,-0.21435829012843122,-0.525827417166376
8447,0.22130762640932639,-0.49992864563262274
8448,-0.18297113088254577,-0.5152510201080777
8449,0.4545571622016061,-0.5606046985182964
8450,-0.11814824559115539,-0.5046594964540132
8451,0.5943068040662145,-0.5115612064532925
8452,-0.5315498440807753,-0.39014037643089877
8453,-1.116197793572436,-0.12786582484154352
8454,-0.0807857867586406,-0.24629937490505033
8455,0.2982175128360461,-0.3919514101446624
8456,-0.45420318999375986,-0.4633960303669671
8457,0.5958894558029991,-0.46385621246452535
8458,0.6203699845275162,-0.2561032773949613
8459,-0.6047436832478846,-0.36270700253210164
8460,-0.024145831569311504,-0.42416356047902687
8461,0.5556122208388048,-0.40687426980579794
8462,0.17022476392002303,-0.37512424374784376
8463,-0.43882083835687247,-0.4477708466696561
8464,0.09060431115814593,-0.48792028278172106
8465,-0.039344904933427106,-0.5720813365977396
8466,-0.13225184972072715,-0.5630412059507947
8467,0.14708217634716506,-0.6193419283519984
8468,-0.36625377842110407,-0.5611676764916913
8469,0.27302677948521115,-0.594950932306094
8470,0.0604496281956396,-0.6077048112204223
8471,0.07674803334063934,-0.5457340878086524
8472,0.5814789440977521,-0.4317923729579909
8473,-1.318389410600835,-0.05451133783037036
8474,-0.32880545267109645,-0.38206766073480647
8475,0.4829046352775877,-0.4353287426962784
8476,-0.4033048684606799,-0.3959566018268827
8477,0.5175090900700218,-0.4341380920628342
8478,0.17630544125581163,-0.2732063129812736
8479,-0.222433500329056,-0.13053720656789938
8480,-0.5549473697130888,-0.12446568562167432
8481,0.20909409114074265,-0.23861945017344688
8482,-0.1226557878209921,-0.22571809706637347
8483,0.07601182181203354,-0.4293876744679632
8484,0.6563471272721213,-0.48430082430066246
8485,1.339352281603209,-0.34425097148299494
8486,0.25832648782056244,-0.23561422187007924
8487,-0.5082980220759363,-0.3168854272279108
8488,0.5430633931152034,-0.4590010462834633
8489,0.5371685979856943,0.02253792147118528
8490,-0.03861020574903866,-0.29175891563898276
8491,-0.9137418369385221,-0.31214234338805447
8492,-0.7434235437614478,-0.3177442981812698
8493,-0.6596369978260643,-0.34153970525694005
8494,0.24870332122727384,-0.24585866600041462
8495,-0.2793849904261155,-0.45111604386525467
8496,-0.4736306446867027,-0.42697826525712046
8497,-0.4435649239104753,-0.36502580897781445
8498,0.20976815069108837,-0.49977525190462124
8499,0.7191701161525428,-0.4344610289977704
8500,-0.075826029834547,-0.4977767196624032
8501,0.17565712731952332,-0.535937691474413
8502,0.13322622465695663,-0.44646088438141507
8503,0.673391059786149,-0.46863263694427104
8504,0.06956408099770403,-0.5344948500354028
8505,0.32686464834474455,-0.5510099314996787
8506,0.1879167216454112,-0.5964586444875678
8507,0.10897839587622486,-0.5466187616345921
8508,0.22260071751261906,-0.5048320010977843
8509,-0.3118816483579114,-0.39199955969140693
8510,-0.01377932349664554,-0.5325208703277674
8511,0.3887644209143361,-0.6004477825290283
8512,0.07654524803056202,-0.5688049427669494
8513,-0.13674366336149196,-0.5285363283539253
8514,0.027446742490133447,-0.5680856134384579
8515,-0.11357885006614463,-0.5543698106432735
8516,-0.4978333253781581,-0.4905478515902263
8517,0.04140816376400696,-0.5997354725147661
8518,0.29474610677201457,-0.6326793097154324
8519,-0.5153018620901576,-0.498605915529315
8520,0.46407379622830813,-0.5527047852440773
8521,0.043838731693039035,-0.5403739293276927
8522,-0.1754974438342359,-0.554996539934057
8523,-0.31789887424974583,-0.5575415433376806
8524,-0.15798086895554633,-0.5238425611460642
8525,0.5377885029736998,-0.534858413317111
8526,0.4855387207448424,-0.49039230648724186
8527,0.007729121491721297,-0.46616971976135835
8528,0.3286040841506788,-0.5636023646768161
8529,-0.11863506073081785,-0.5806637085997103
8530,-0.31013439663259545,-0.592128872887643
8531,-0.051964240874400096,-0.5682908967054564
8532,0.2348526934547468,-0.6501555315948818
8533,0.0389276521869778,-0.6055242712837478
8534,0.13399483851378358,-0.6085346307450994
8535,-0.14576944642542436,-0.5515620187106955
8536,0.10640238287765695,-0.6450251551794678
8537,-0.09984299707192637,-0.6062341519850979
8538,-0.11516672099553645,-0.5774206934465598
8539,0.4032235203236758,-0.5069716704233322
8540,-0.2257995507160279,-0.617775406026088
8541,0.02148126176730609,-0.5885884900716147
8542,0.024479054252582514,-0.6282621676601664
8543,0.34378978500635726,-0.6316750912341351
8544,0.1873043330996947,-0.5853286052088353
8545,-0.2515027688510996,-0.5335384343203619
8546,0.16558783953286052,-0.5499340500833428
8547,-0.06353738629054168,-0.5650522438689086
8548,0.15126530951224532,-0.5701765755251902
8549,-0.03677450928084903,-0.5597249544590588
8550,0.23904642504631846,-0.5429390924913001
8551,-0.4477703188438172,-0.5114884077130089
8552,-0.0029771370445697285,-0.5329349040286998
8553,-0.18279280616155863,-0.612658065069811
8554,-0.020106503694949884,-0.5976198638737544
8555,-0.28678950362695205,-0.5414145105127189
8556,0.1807962460020102,-0.5939575525003187
8557,0.17355096597715278,-0.5782273897514522
8558,0.14906522901544644,-0.5607805149810983
8559,-0.017024400920370247,-0.5905614042986768
8560,0.12548481027192832,-0.6025164607292497
8561,-0.22303652311355499,-0.5698017306403668
8562,-0.034126268857111015,-0.5918821049209438
8563,0.06410871523753515,-0.5634033548355455
8564,0.047741442992847855,-0.5946951494676755
8565,-0.023120322472853373,-0.5713094305089477
8566,0.025653673012225337,-0.6094620824542157
8567,-0.05798475772254332,-0.5883994064835011
8568,-0.24391706013335007,-0.5883398937153383
8569,0.02228068329523854,-0.6451340226151444
8570,-0.030684678789215592,-0.6100069732354151
8571,0.06022404120019654,-0.6241116655478547
8572,-0.5072431393467844,-0.4667355859151261
8573,-0.08750080185547442,-0.595285817476469
8574,-0.1103315896707942,-0.6163829915438255
8575,0.30567321501463884,-0.5844611161337779
8576,0.30003629989065844,-0.5978586899728041
8577,0.016265170635482735,-0.5327978702410616
8578,0.02725335731199913,-0.6079788494500964
8579,0.13069582405167096,-0.6357113210069241
8580,-0.1644676661003652,-0.5802583871149345
8581,0.37705248824870463,-0.5899416717479183
8582,0.7119132637150951,-0.3142218442371113
8583,0.04228423446845491,-0.3255817409258455
8584,-0.12513914469781343,-0.44754774605905595
8585,-0.16362951457756894,-0.53782098176652
8586,-0.17940527955614388,-0.5968676588818141
8587,0.2646858865967413,-0.6121832461760405
8588,-0.13615106674734764,-0.567982118652176
8589,0.49053498042674565,-0.551757454453263
8590,0.5639868516398243,-0.342616318944338
8591,-0.3589536996037762,-0.49559379118759184
8592,-0.2690324279034924,-0.4869264434998729
8593,-0.04741919571443539,-0.59126295251555
8594,0.325595629905934,-0.5428054532217572
8595,-0.04932195479281285,-0.5709609243923995
8596,0.0527106588188129,-0.5749394510852752
8597,-0.22054301774811902,-0.5645074309946556
8598,-0.17692266226556966,-0.5681962390420982
8599,-0.1567561180413086,-0.5643298624740887
8600,0.1630048110086907,-0.5839083923629704
8601,-0.1682487947148705,-0.6282209094758174
8602,-0.0585166251327199,-0.6316787545608525
8603,0.039918563931934804,-0.6071145800151617
8604,0.2252239194242922,-0.6066441866346882
8605,0.055630873688557014,-0.6401960404490642
8606,0.4055235535592453,-0.5811008342395908
8607,-0.18831425871861246,-0.5738377782120545
8608,0.22446331886492624,-0.6081375996016549
8609,0.17039263553416234,-0.6067677908874783
8610,-0.15487536602615473,-0.6117716886271868
8611,-0.10943479863769145,-0.5892260882147204
8612,-0.14264127625845144,-0.6213440469024485
8613,-0.10597400838193696,-0.6287374018669748
8614,0.10928495586988153,-0.6399247802913276
8615,-0.06303170015938905,-0.5884999705607291
8616,0.4079231861626485,-0.528678046091806
8617,-0.21587215523930656,-0.5183190166488665
8618,0.1987444115993066,-0.5960960141191365
8619,-0.2492922034569419,-0.5879291930329171
8620,0.0718347368722957,-0.6014353917077575
8621,-0.2892367065341704,-0.6013664566700802
8622,-0.09226662826108269,-0.64301568925305
8623,-0.3247331902397379,-0.5450765567774531
8624,-0.047148692581930614,-0.6393200936070564
8625,0.3130457834101493,-0.6244003546947592
8626,0.03633237830531159,-0.6214814735713048
8627,-0.057110330344619695,-0.5927973181223136
8628,0.1164319759209904,-0.64727680150572
8629,-0.36768971992637844,-0.589032970386294
8630,-0.04278716661639153,-0.6200559535562842
8631,0.19469606164848907,-0.6068411351762081
8632,-0.08753368280436863,-0.5801079208061861
8633,0.03518132610937783,-0.6442455540829943
8634,0.07977988047523608,-0.6226894523957258
8635,-0.04166267370360046,-0.5968780527207613
8636,-0.060884135837128754,-0.6597862199794473
8637,0.13294149856332155,-0.6418572844572025
8638,0.19207995901187605,-0.6548521335276387
8639,0.11661928929752756,-0.6221837218532665
8640,0.09370076285695865,-0.6281334449758736
8641,0.057766707411144196,-0.6153227650071303
8642,0.14188091091607188,-0.614268356611924
8643,0.06271687703784556,-0.6536499555773213
8644,-0.06586648391607312,-0.5996366133501355
8645,-0.07863533219281434,-0.6237251476830428
8646,0.21084526700330886,-0.6238584831965596
8647,0.08974823809654559,-0.5642243768676616
8648,0.05993892349059359,-0.6127907576596999
8649,0.7034879428952354,-0.4756775663485797
8650,0.02497119664002134,-0.5337831110493039
8651,0.042924087585723324,-0.4836190460970048
8652,0.2481304982474517,-0.5432274589513764
8653,0.3172348968136078,-0.3761620678597382
8654,-0.268358151323061,-0.5007973138280243
8655,0.6420331091055226,-0.38401307949154545
8656,-0.15263914721921282,-0.4065691593264636
8657,-0.43054858255904616,-0.4097986733356984
8658,0.36351947852118804,-0.3282878550867807
8659,-0.283993262261418,-0.5096267282345824
8660,0.15240482939201666,-0.530110447970958
8661,0.20327176099191255,-0.5566286007034403
8662,0.6317760035309791,-0.37661547082698893
8663,-0.7783115983978275,-0.29226755431799467
8664,0.22260987106683752,-0.5206726548781496
8665,-0.442126777308713,-0.34325385683530096
8666,0.6285000672594568,-0.5195598413995389
8667,-0.07766498872658248,-0.4866874316964358
8668,-0.07102722913446034,-0.5486862226355493
8669,-0.030923799679738333,-0.4594047305259906
8670,-0.19158362001995025,-0.47139520539626756
8671,0.5042661656090726,-0.5574254645642097
8672,-0.3263559789135887,-0.5232648031783849
8673,-0.7506986369554289,-0.3478665750815255
8674,-0.0005176876899261875,-0.34837068326430254
8675,0.14303312913093522,-0.45188298827579854
8676,-0.16018415245356601,-0.5009811443943187
8677,0.053554679813815446,-0.5904800119173795
8678,-0.4723652047616197,-0.4751771608383907
8679,0.017848579330277916,-0.43927776153266096
8680,-0.31984462199771263,-0.3753345274460712
8681,-0.061525484674817034,-0.45944426378599157
8682,0.3344810085622745,-0.4148832406763204
8683,0.03513158742859837,-0.5221062813831333
8684,-0.386072893889079,-0.5096200841465197
8685,-0.25829142524346566,-0.49936749088135335
8686,0.6157242596286548,-0.5708525019890696
8687,-0.2738789990512723,-0.5229286591815512
8688,0.4897110138284921,-0.5492245871851877
8689,0.1963022559353313,-0.5373634881732539
8690,0.05664123452061818,-0.5270628104472758
8691,-0.22377996422199645,-0.5017608795170053
8692,0.10789771113974185,-0.5503657102572722
8693,-0.48685466882706374,-0.5063071491128938
8694,0.08701138294662165,-0.6122154654631949
8695,-0.09485980584260165,-0.5775859927100666
8696,0.17273080215771797,-0.6154940462561337
8697,-0.2208868472225261,-0.6199657709788745
8698,-0.22981525674534228,-0.6155513487669522
8699,-0.012157138469471918,-0.439491941896015
8700,0.441248414514062,-0.6010212907874067
8701,0.5597344597101075,-0.5376890553560978
8702,-0.18130053910479188,-0.46582803505578985
8703,1.0521523291539927,-0.3335798285390906
8704,1.977496407725757,0.7829585155462586
8705,0.3912483853599597,0.2065349215538052
8706,-0.21088594280097292,-0.06029826928307966
8707,-0.13811336512011552,-0.3592484419589613
8708,0.8887678588196263,-0.3855850678846429
8709,-0.5948837914857734,-0.20942104853892113
8710,0.16813151565328122,-0.39444650713968277
8711,0.09955746610299902,-0.3398063103382815
8712,0.6244950883628372,-0.19918916547140492
8713,-0.07191844126457236,-0.2327066256867395
8714,-0.14739193128877745,-0.3906681862307916
8715,-0.7599900278126416,-0.2873372387118815
8716,0.1613509213508656,-0.4661152206077761
8717,0.3154419886210652,-0.48795514532217843
8718,-0.7268638531941866,-0.40531612124271926
8719,0.24120751808371588,-0.5208831762325097
8720,-0.2196193396316174,-0.46007332190120076
8721,0.017705065823504455,-0.45244013874162453
8722,-0.4845914331230814,-0.4289574551510898
8723,0.06120720325278629,-0.5604073768183019
8724,-0.2664702758856742,-0.45543976565952216
8725,0.45475245632534217,-0.5559269299167245
8726,-0.15804076333084616,-0.5195492664281164
8727,0.056824829107773,-0.575279690385934
8728,-0.2757166861713758,-0.5291781027355994
8729,-0.4264116975602901,-0.44500249236549744
8730,0.002219763654328335,-0.526534000158644
8731,0.2746470610528578,-0.6048618032692736
8732,-0.3694304390547525,-0.5153388000894524
8733,0.12128456410549947,-0.5880035720189769
8734,0.15485506468098958,-0.5065358013349575
8735,-0.10401401264879066,-0.5725452758025207
8736,-0.20018397733266236,-0.5453596482066918
8737,-1.0600207335637943,-0.19733057598256953
8738,-0.7265120627048699,-0.1805295911927759
8739,0.2813285379042936,-0.24904663030880703
8740,0.44569782919187795,-0.3870395740856342
8741,-0.04685682341210801,-0.4900007108634169
8742,0.03221176312686481,-0.5675107996209643
8743,-0.17228272282958562,-0.4728204151061284
8744,0.04480191593440939,-0.47980576775610373
8745,-0.4090758316328665,-0.4468348502787307
8746,0.001515583922564634,-0.45990703360231777
8747,0.41526175645276564,-0.502089021185538
8748,-0.04182379278286673,-0.5571894367467329
8749,-0.5838818135831382,-0.4374552985136989
8750,-0.2164010168465274,-0.4283762363343465
8751,0.09125591051314527,-0.5726339567168868
8752,0.19986237837037232,-0.5294830233912114
8753,0.21374921284271026,-0.5573387950413049
8754,0.029936011719580578,-0.5475375934155393
8755,0.3078497984270149,-0.5209031805840518
8756,0.28444370593987356,-0.4156774611491508
8757,-0.1008318543395738,-0.572290404367132
8758,-0.3542382698077095,-0.5180828130437616
8759,0.11858117178535893,-0.5988276258272002
8760,-0.07652949796318809,-0.5646436096921249
8761,-0.29492667336344125,-0.4828698846754962
8762,-0.24676598333165817,-0.4327673663590798
8763,0.40915118148654706,-0.5253202511881884
8764,0.7633403289003445,-0.3323199044233912
8765,-0.7906819068195616,-0.3144377381300121
8766,-0.32423559428051896,-0.42066291217857144
8767,-0.09087178392309418,-0.11853249167236643
8768,-0.12360066908655683,-0.3035918198355988
8769,0.02205481955692989,-0.36581850525594367
8770,-1.3374707540419146,0.041851427117675824
8771,0.18593209392545879,-0.20381622447592457
8772,1.0817695676069203,-0.17902084680375951
8773,0.4010085740140005,0.018747804577908016
8774,0.7971449541361376,-0.018965775333633278
8775,0.45394555700557576,-0.1749697462730696
8776,-1.0257949529953303,-0.14826868720563086
8777,0.6149543901133573,-0.43931394737711704
8778,0.44880744302416153,-0.35362929412568955
8779,0.14381959256143065,-0.35052651572240096
8780,0.143178748552972,-0.44585339119687833
8781,-0.03233082239180373,-0.45839370615152797
8782,-0.6290291712712878,-0.4126470007967026
8783,-0.35735981402075884,-0.379001248755832
8784,0.18081325953153116,-0.42449729295135086
8785,-0.3291133783332453,-0.4193184518434807
8786,0.061615160951171026,-0.5422518082987361
8787,0.6340227298001934,-0.46455050765648476
8788,0.6684819030458258,-0.3366135088042739
8789,-0.02412817844600091,-0.4275099972087652
8790,0.9475224632992223,-0.2289236685138425
8791,-0.5912042539207973,-0.3334566274110618
8792,-0.15163055126034491,-0.31052497368551035
8793,-0.1322549469215334,-0.4603183878691359
8794,-0.06372147006522146,-0.4901471433071899
8795,-0.3098646245802972,-0.4200000922871639
8796,-0.20705678845621153,-0.4845727903837347
8797,0.02502011567251715,-0.5181477806959839
8798,-0.7517430081184509,-0.3247943722623206
8799,-0.06117826655416846,-0.443041450231241
8800,0.1881574415654566,-0.5059385330604256
8801,0.1050424927471734,-0.5123943884271407
8802,-0.5343900629790016,-0.46575611096105407
8803,0.3998119388137142,-0.520354841768884
8804,-0.34771029449025165,-0.5458408690608387
8805,0.047609987295925256,-0.5553734367644632
8806,-0.1876435805496211,-0.5480313059551615
8807,0.6399513461535496,-0.448276258832181
8808,-0.7005989668488726,-0.373360729768628
8809,0.4313221725343071,-0.43128827678711495
8810,0.18464951607245417,-0.5372033830752272
8811,0.5062507382553465,-0.500759828428357
8812,-0.2165867409807326,-0.40694647805488315
8813,-0.2786820936419881,-0.4904580764364518
8814,-0.4555048255837368,-0.5073012760773649
8815,0.0003852755546254758,-0.5167259869787132
8816,0.3064178078120754,-0.6084054988303808
8817,-0.3866764595090706,-0.4423608530409308
8818,-0.5258585316674265,-0.4250953274091214
8819,0.014183577704229906,-0.5730467071813568
8820,0.42888928908712276,-0.5621188326907578
8821,-0.1600782943172427,-0.5396035716814005
8822,0.1869976132225678,-0.4957075448345213
8823,-0.2559597182833292,-0.5327504393944771
8824,-0.43148745904000724,-0.5110230701466454
8825,-0.16944468526744846,-0.5454551740150142
8826,-0.6088073122981655,-0.36521660600817224
8827,-0.29348902105662844,-0.39754875258775996
8828,-0.31791109665043926,-0.3562917417832798
8829,0.1257368049171007,-0.36563958004424973
8830,0.34927203754000896,-0.5131038017632635
8831,-0.4329821378482982,-0.48987967829741497
8832,0.10520555052185757,-0.5665277932172025
8833,0.3920116435008838,-0.6032872403918509
8834,0.029179879460920762,-0.5320416570928499
8835,0.03444700299644027,-0.5952226981180364
8836,-0.1619652848716711,-0.27460747737135416
8837,0.08222801039071755,-0.48578686689670203
8838,0.5623135457463431,-0.46065480499638944
8839,-0.854669687730982,-0.38614077624424226
8840,-0.026498325105945925,-0.38511411254234496
8841,-0.5448050321378715,-0.38795359804792295
8842,-0.08450227012443973,-0.4583504163668014
8843,0.10027145688020439,-0.5117037400759692
8844,-0.02238788885658831,-0.4921974853728265
8845,-0.3327115488651559,-0.32889886595510576
8846,0.25180182415346347,-0.5229375319438639
8847,-0.10731345549355377,-0.47312678082992643
8848,-0.11443423683785263,-0.5174385556949963
8849,-0.10309733437298545,-0.42576464069495457
8850,0.3129534865948602,-0.4835419351366975
8851,-0.6736949449607436,-0.45862791183247165
8852,0.4294622309646787,-0.4742988249859309
8853,0.0692384835321464,-0.46979619716731724
8854,0.09136349818726076,-0.5108189115140045
8855,-0.12582211996486573,-0.4978529253485432
8856,-0.4962138998467901,-0.45704976607857684
8857,-0.04724845151342682,-0.472725778488135
8858,-0.0022729595733199737,-0.46168445861849006
8859,-0.2740884949194864,-0.328564370959152
8860,0.5621053766113463,-0.030084012631033344
8861,-0.665729613729653,-0.08923319607121522
8862,1.0971671955105082,-0.3373304062704866
8863,0.9651011224814778,-0.2117223455080227
8864,-2.263023633884905,0.011523039419997771
8865,-0.9627421488329622,0.43874354266156157
8866,0.16166135431892614,0.014769439604933342
8867,-0.4943790634562963,-0.001055844859670245
8868,0.4775412035394797,-0.3194719343195168
8869,-0.30420979293356104,-0.287230689416186
8870,0.14797106598102272,-0.5358053538686771
8871,0.874132356660471,-0.4092519700242939
8872,-0.28174677553677263,-0.469630260809894
8873,-0.13882855842548064,-0.4596802554351792
8874,0.0427414987720495,-0.45524975688782165
8875,-0.07110284222006323,-0.4688832867545395
8876,-0.019089796504172505,-0.46282858914140623
8877,0.0484098088866991,-0.5262398468421154
8878,0.058330438594958366,-0.5797169405473594
8879,-0.3494112911001152,-0.543502445275537
8880,-1.0402476088325197,-0.16699155325422987
8881,0.13112684091544885,-0.4880105183558554
8882,-0.5259469887773901,-0.27015913799230584
8883,0.17629499064979298,-0.2640485037070974
8884,0.0755549689032939,-0.4138096131310978
8885,-0.6607107385029535,-0.3311377658118521
8886,-0.32632740223782897,-0.4291237110621959
8887,-0.13118038510921926,-0.2374319445541606
8888,0.790439201419991,-0.42444765758552644
8889,0.32848009253014915,-0.5571682997128501
8890,0.22110099728277433,-0.4779994608947101
8891,-0.2518808941798139,-0.5079445545622139
8892,0.5232673589612532,-0.46618398265284866
8893,-0.3154398755125192,-0.5143917329118204
8894,-0.11681663805500457,-0.5812327560271627
8895,-0.04204699161263137,-0.5226232217191195
8896,-0.2392618523168665,-0.5704522006239043
8897,0.39776665860909244,-0.625130202753402
8898,-0.6610143736893734,-0.46012733570180286
8899,-0.7411323152550542,-0.3387407828365876
8900,0.46588618444201907,-0.5262805567321893
8901,0.2276371733254657,-0.5577899800735696
8902,0.30643903487982643,-0.5632024796192706
8903,0.20078922761242124,-0.5220737878221304
8904,-0.026381789721736233,-0.5303707393722553
8905,-0.02118637831606626,-0.5723219086737322
8906,-0.7209385220708027,-0.4624692603648016
8907,0.02379378629380278,-0.5422997628959622
8908,0.8331518126227366,-0.2567778320764254
8909,0.5641336500350842,-0.4139284606576067
8910,-0.07622924413159791,-0.473131782328454
8911,-0.4256873476884359,-0.5301196305185666
8912,0.3855715951026118,-0.5647479673078765
8913,-0.09193322668663824,-0.5280797937784529
8914,0.5082821568773079,-0.5313206676007037
8915,0.527124389939082,-0.46376149162331215
8916,0.355244958312509,-0.4246647361403281
8917,0.051080431602465566,-0.4975847781275716
8918,0.050517844493318795,-0.5563037426979371
8919,0.055759202958009686,-0.5118933983173223
8920,0.18137485840875628,-0.5545358062484534
8921,0.07545772184845104,-0.5911377357036869
8922,0.4333115724981251,-0.5586655667505119
8923,-0.31488170834279533,-0.5082340942644719
8924,0.34505293047391106,-0.464801360504444
8925,0.2738029393298359,-0.537284575009713
8926,0.21356443322477203,-0.49032816010302294
8927,0.29855224915023393,-0.514545146462498
8928,-0.2994169277135378,-0.4799913819276146
8929,0.8438181222393846,-0.5284668489484053
8930,0.354256005157843,-0.36033684087403406
8931,-0.4414926980934735,-0.3696669768976343
8932,-0.19169555290684534,-0.5000420419127533
8933,0.6216726164509929,-0.427341612548122
8934,-0.07425827765202966,-0.5342450160091851
8935,0.693944030551329,-0.35683802486647037
8936,0.4695916835375852,-0.2430913656836246
8937,0.05208867660636229,-0.31019653791413
8938,-0.0632679625837718,-0.2488865070296053
8939,-0.22580518591352416,-0.3668519467061192
8940,-0.27780696895821205,-0.46040887202460057
8941,0.21758200014093962,-0.5100162779277135
8942,-0.15455364565184043,-0.5287583379043259
8943,-0.004454240449333032,-0.5176002770864337
8944,0.23782254759333227,-0.5783629394236802
8945,0.3192790050863009,-0.5580722167573341
8946,0.039964229978896,-0.4524419964027949
8947,0.18076822739255968,-0.4783013069984404
8948,-0.2668046021049742,-0.5325830788917909
8949,-0.5023735837980982,-0.3840696606816192
8950,-0.22406151483403797,-0.44205998644915534
8951,-0.30806431768370013,-0.46000387758842487
8952,-0.20074804674617694,-0.3844938703886762
8953,-0.4688321737712239,-0.4215542436292124
8954,0.4825197728736629,-0.5822637637570677
8955,1.0150161899014545,-0.38432114945934676
8956,-0.3772733271956726,-0.4654113792614384
8957,0.6083858682742758,-0.4049785154973367
8958,-0.05068097907848893,-0.32797367922174997
8959,0.6546367137623557,-0.36158294686992093
8960,0.01668807822844596,0.09147195452721085
8961,-0.3162464746910033,-0.2735774206426463
8962,1.1725250420353193,-0.24468732293230055
8963,1.3117914352173308,0.6057562099505501
8964,-0.1642979259058277,-0.10078837696374057
8965,0.48134951029394835,-0.18632857805322267
8966,0.7702553707471907,-0.09832454850407588
8967,3.3228781904623843,1.4414885447591153
8968,-0.11541064435656492,0.8701167766744873
8969,1.0747681340255106,0.6745392198529981
8970,-0.015488931961993968,0.3925662942677836
8971,0.06478596739249026,-0.03633980158895361
8972,-0.19651959292618043,-0.07381074409997665
8973,-1.0600071964922897,0.2617974860052485
8974,0.027255865301517596,-0.166307109646854
8975,0.08973913075761895,-0.23093546612892984
8976,0.544807009283959,-0.30199230817691297
8977,-0.00043931566139984723,-0.2997303054941929
8978,0.3384458655751853,-0.26919095329146897
8979,-0.27011867801088235,-0.1764467417865089
8980,0.2486414955195665,-0.3394766610709171
8981,-0.52886962441948,-0.2330847098294725
8982,0.88484651433758,-0.25704422867768195
8983,-0.20960375775009896,-0.22594098115486078
8984,0.3487980764013882,-0.16132669352344386
8985,-0.3773154791172784,-0.33993583886939066
8986,-0.5723357003210048,-0.3191000051540574
8987,0.3864300339871599,-0.36320713780373776
8988,-0.281047904721067,-0.3373162783599963
8989,0.09180580276365612,-0.37601820311380507
8990,0.541193274250631,-0.33507827283070013
8991,-0.31221004041614725,-0.21155266163620984
8992,-0.00474244100011595,-0.4659263215221817
8993,-0.10463931931702031,-0.325716623939438
8994,-0.22021321573144287,-0.4964795769198491
8995,-0.31742854777571833,-0.48432373669310147
8996,-0.6718394260014118,-0.24798610950061795
8997,-0.8436091741622991,-0.0972065909063046
8998,0.2131628233402963,-0.25298638319839756
8999,0.37760191903920287,-0.33284872362725054
9000,-0.34956340918078627,-0.3586187907718419
9001,0.8442847125176866,-0.4420892957510354
9002,-0.4838981377617348,-0.4206247070957724
9003,-0.11280387839095421,-0.46733735406285926
9004,0.6205257551055913,-0.3757218734089729
9005,-0.1913546020204986,-0.4642147559638522
9006,0.22078905865323517,-0.5351932134447516
9007,-0.5829438428033504,-0.482383308530412
9008,-0.7863425339729408,-0.3429764054800923
9009,-0.2132631461834319,-0.46039064401998997
9010,0.6584889221674469,-0.4502351097825684
9011,-0.2064561481328243,-0.48355100176722543
9012,0.4568905591119525,-0.5056914709874926
9013,0.104093400325528,-0.5471607938000652
9014,-0.5312192246163036,-0.49805707943252786
9015,0.6037216681769971,-0.5180414307714035
9016,0.34058591182954046,-0.523217666362451
9017,-0.11907702996807525,-0.49800303050872397
9018,-0.0015792925255283313,-0.46132403827144397
9019,1.028713219967121,-0.22227151656761457
9020,0.35181221190217,-0.33168234919722933
9021,0.6223641753666002,-0.2494992672654922
9022,0.2893465678634872,-0.30503675750899856
9023,-0.22018897485316413,-0.4033192007459227
9024,0.6583418116170182,-0.4014140332627264
9025,0.08261817552521217,-0.4072252315434302
9026,0.01728109474739945,-0.4395158475272348
9027,-0.6134145501309828,-0.32202193329627654
9028,0.2516991650090049,-0.4328296963957943
9029,0.21918482030846775,-0.3068014605496577
9030,0.08691417326447562,-0.330464026860001
9031,-0.05887618404798583,-0.2962403774019376
9032,0.35614981458065853,-0.3491524914975725
9033,0.017025052682994313,-0.3373463748826902
9034,-0.6353463702150575,-0.3853512876735175
9035,0.7289649100901396,-0.3314352578837969
9036,0.45043033310846525,-0.1676025548106193
9037,0.855636075296072,0.06760414583080046
9038,-0.6700531472224454,-0.048366160285299636
9039,-0.056923684939685686,-0.32541152078847513
9040,-0.5847219667538087,-0.08357657022730233
9041,-0.00016911488125200165,-0.31965875641195424
9042,0.1237004531790024,-0.4674749008967798
9043,-0.5090768659704167,-0.3400064087190165
9044,-0.2880113716199557,-0.4293034640315532
9045,0.18809531794510526,-0.45588551390370546
9046,-0.08016187873221993,-0.536314358020181
9047,0.17450190046578012,-0.274652363709741
9048,0.29170761303430903,-0.4947666061891932
9049,-2.8673788305306505,1.1505764803560643
9050,0.48686836639891673,0.10718175357682182
9051,0.3139086877442803,-0.0807843135871115
9052,-0.2586760535333006,-0.23305378849730973
9053,2.5594448576256554,0.27609485705508496
9054,0.5584004595069747,0.6766436331443332
9055,-1.1738918191375243,0.26925953093349375
9056,-0.3199006152545104,-0.12924321729918906
9057,-0.15814412582192727,-0.15601923028834205
9058,-0.3047843824183245,-0.3814227195217852
9059,-0.8871012670930633,-0.15752905186657049
9060,-0.05370296188721223,-0.3079076162175809
9061,-1.0942969154105155,0.2049990620250188
9062,-0.6603759473275093,-0.20143504531507847
9063,0.8825231856597823,-0.22718726544283308
9064,-0.5157800105427476,-0.3103094706974978
9065,0.5535242935457004,-0.47827186742177996
9066,-0.0035524275020979426,-0.304345075638531
9067,0.8691827652035597,-0.44758380187241764
9068,-0.36500646142401116,-0.36958045094368336
9069,0.19438853316639504,-0.4939808307546024
9070,0.04201697108347423,-0.5598907130784612
9071,-0.12712149067109463,-0.4594826952681429
9072,0.5096604553205019,-0.5437095884535712
9073,-0.01985880060136792,-0.5552545499217411
9074,0.11942653833199816,-0.5988317731984921
9075,0.2534484840478787,-0.5798906201292874
9076,0.24079719991881912,-0.6172705227911898
9077,-0.15114227340081968,-0.5424654119248862
9078,-0.11456071680938248,-0.6176526694016242
9079,0.20255148040840093,-0.5865700955052752
9080,0.24963136051143653,-0.6041972286978897
9081,0.1261376990025213,-0.6012982189038537
9082,0.01044634427607595,-0.5563385920279947
9083,-0.31423254147827046,-0.4564598222809949
9084,-0.01778436817601375,-0.5694181780277973
9085,0.014344747839611493,-0.5597777586148327
9086,0.15758875787000953,-0.5677779793299279
9087,-0.05220018068555407,-0.5328259482893553
9088,-0.1397621083571845,-0.5508125675500414
9089,0.05376905386388173,-0.6016304156609114
9090,0.1340662504283999,-0.6014074472827191
9091,-0.26887410718246035,-0.5680878530982097
9092,-0.28124095468137383,-0.5337381657753043
9093,-0.07221335164676264,-0.6116025414958008
9094,0.17480125310737676,-0.6174650538567723
9095,0.22076998430095732,-0.589384449109495
9096,-0.4176039039901882,-0.5323878080086484
9097,0.5187062727626964,-0.5385773601330095
9098,-0.4745814860334371,-0.5171458921298862
9099,0.4246696680484982,-0.6122193184480151
9100,0.13761711546874322,-0.515121405910106
9101,-0.3959033386992224,-0.5206728158011734
9102,-0.08728438478886949,-0.6067041916401118
9103,-0.35609805314240706,-0.4387033558746587
9104,-0.1643765295246833,-0.36726638444034676
9105,-1.0324340237649103,-0.19357160324439454
9106,0.15227247768023677,-0.3556343276996515
9107,0.2817328182095917,-0.5018486829288058
9108,0.4975860552163493,-0.4809998691719315
9109,-0.11408496814130413,-0.5420537919449266
9110,-0.29080763898117784,-0.5287671051300665
9111,0.15088928151748943,-0.6198834049312838
9112,-0.31524451500417816,-0.5572978370314768
9113,-0.6106655273984333,-0.4057121631925591
9114,-0.38358669191620104,-0.3898295241373822
9115,0.5014420544108265,-0.44703628726765027
9116,0.10097544861648454,-0.5171521184989819
9117,0.16306475650822697,-0.5197673013064286
9118,-0.3033803756238281,-0.4491479363017315
9119,-0.9511853744496946,-0.21796966882866697
9120,0.015322330838381509,-0.41877290485399193
9121,0.20506585366628197,-0.5058674486191264
9122,0.12844968294148318,-0.5612211372574619
9123,-0.6865650167395467,-0.4105697242421079
9124,-0.4129493529862681,-0.3137346701846568
9125,0.04321425112685786,-0.2642588608987975
9126,-0.5171937391356374,-0.32946095732437203
9127,-0.6829360331007749,-0.1784902270094284
9128,0.9810550077323449,-0.33657027737931794
9129,0.582341596210024,-0.39801151728024126
9130,-0.29534413691517547,-0.46257428624901664
9131,0.46676173980324187,-0.4647789803233986
9132,0.37258011587200357,-0.408576284882425
9133,0.012299277487095507,-0.4454057508172455
9134,-0.16765167137689402,-0.480424096366576
9135,-0.03693928527837634,-0.578394694874115
9136,-0.18895264255479116,-0.5962218164427445
9137,-0.14490582968105398,-0.595948211429371
9138,-0.07514201492886377,-0.5672749171223388
9139,0.2927841830305659,-0.5745692437038303
9140,0.3733560825326675,-0.5703085721215254
9141,-0.1857053031024897,-0.5755745813324283
9142,-0.3202954891159652,-0.5314659286792665
9143,0.09113709911860869,-0.5412776352037759
9144,0.12606098302671326,-0.5659704028910943
9145,-0.4065819821536851,-0.5262185205134197
9146,-0.07063837421752917,-0.5231947536783628
9147,-0.41615524195807474,-0.42381482200240483
9148,-0.12361765719008819,-0.3620486152788492
9149,-0.608439943137086,-0.0750723804062305
9150,-1.0450777691545579,0.07553463630670378
9151,-0.8132061909294863,0.201906278956884
9152,0.9457895420190204,-0.0022348790805141114
9153,-0.07608983827871928,-0.15755081516134814
9154,-0.5671430640412387,-0.2748903170313744
9155,-0.5639043195913764,-0.32915231556031077
9156,-0.23049251215197897,-0.033164690319536436
9157,-0.19968792373747246,-0.2681869898389173
9158,-0.2711574086772841,-0.32254686018948964
9159,-0.8140398541368933,0.23950321322891982
9160,0.11178174947016176,0.0003972839337144929
9161,0.12649984933719044,-0.1691706346796513
9162,0.2510193942166908,-0.4302050078420013
9163,0.10069255303998653,-0.40121710660930104
9164,0.13419914133158384,-0.5152126060318143
9165,0.28192376418156767,-0.46447182174328117
9166,0.29623048249783235,-0.5177350525495289
9167,-0.5048092298371938,-0.28287922033905727
9168,-0.4139046765528597,-0.4052040289050634
9169,0.29389308265124287,-0.48959339726330675
9170,-0.5197805962834725,-0.28601469272148006
9171,0.4542940720645815,-0.3469743186845476
9172,-0.9899454724145325,-0.2407339909837189
9173,0.8955353600543392,-0.4936676609861489
9174,-0.19271362333167946,-0.48621155524658466
9175,0.6258497170220741,-0.5266880506998228
9176,0.2578676324163207,-0.48162548225771806
9177,0.12894604266290635,-0.5599423611273272
9178,-0.11532804075543536,-0.568651802172885
9179,-0.10960797705543879,-0.5577219051527028
9180,0.42082235100412757,-0.6035507672866924
9181,0.02372956953483465,-0.5649407516565466
9182,0.2792270074318852,-0.6007969037327131
9183,0.48272593434123506,-0.5037347342688726
9184,0.24370562982269198,-0.49612807179866447
9185,0.4106473373411939,-0.4950630000281241
9186,0.1309720620475743,-0.5876723640029723
9187,-0.5206017081781137,-0.44006507906332193
9188,-0.18652631416442506,-0.5829275059888529
9189,-0.4379692652457409,-0.5194025407214939
9190,0.1215900855363289,-0.6139994560611776
9191,0.2675367820887694,-0.580757229714498
9192,0.32939814076418855,-0.5608829902567051
9193,0.18060348975064466,-0.5848483199612822
9194,-0.029842855985837063,-0.6003311832025289
9195,-0.31154622580491703,-0.5667081896395056
9196,-0.47335236690955845,-0.5017472676885254
9197,0.12593614318149274,-0.5737204211033109
9198,0.19546764860053284,-0.6279563031742623
9199,-0.2827926510569724,-0.5451863111281446
9200,-0.34539955151394497,-0.5635197940420339
9201,0.4006003286715051,-0.5297574507772926
9202,0.3426555754065976,-0.5461117491260782
9203,0.28236122237904593,-0.6087190083634542
9204,0.37372064906690644,-0.5722780272990273
9205,-0.22829216324645846,-0.4199202653180542
9206,0.19895860776784036,-0.5627703773656917
9207,-0.3031736461489454,-0.5314784100743445
9208,1.0324432187960089,-0.5000509724024145
9209,-0.6011980677294598,-0.4806639518858261
9210,-0.38175907290087885,-0.5162341967033269
9211,0.0016610299588250702,-0.558109105132766
9212,0.15017503301228932,-0.6336344753898246
9213,-0.15737680016434288,-0.625944479890697
9214,0.4230881921789155,-0.6295525131579396
9215,-0.11250027373501602,-0.6191206525189676
9216,0.5612584311398047,-0.5436393482330307
9217,-0.08225959687573639,-0.5294219127157389
9218,0.3187497626995314,-0.5625079976281392
9219,-0.3716964960263378,-0.4371658146027554
9220,0.059385684111859925,-0.5791758519759471
9221,-0.372704075678899,-0.5281297511817933
9222,0.02916526866132593,-0.5812642807894695
9223,0.2495166745848032,-0.568264317639187
9224,-0.23330600279920782,-0.5979424313177508
9225,-0.5286116836774769,-0.47830589636177956
9226,0.1498540289127399,-0.5481173152113461
9227,-0.38339642597326956,-0.5715869714943942
9228,-0.0037380523160135187,-0.5966135104767935
9229,0.14098861341081795,-0.5883192124408047
9230,0.6449872111008425,-0.5308269098426223
9231,-0.010927007983254473,-0.5610636309852476
9232,0.0994973844522657,-0.5938385591005078
9233,-0.020446017611866974,-0.6045629325496287
9234,-0.29770929208145175,-0.5499711400997447
9235,0.23627945148456017,-0.6191836317188335
9236,0.2799585176555236,-0.6212362770063616
9237,0.06957007808616782,-0.5968644352280966
9238,-0.37505915805240614,-0.5677439112079458
9239,-0.25903198545551315,-0.5476606700383634
9240,-0.12521716183835258,-0.5814448007670491
9241,0.2584370724580097,-0.5973046708981071
9242,0.29023391418445654,-0.6338343592018937
9243,-0.09636358160930869,-0.6227184603535352
9244,0.3250095887483819,-0.6313837364838691
9245,-0.18118456223971116,-0.6031957524201225
9246,-0.25060635288709726,-0.6005397766061191
9247,0.0046054756463805675,-0.6170223190115661
9248,0.14673260821053416,-0.587541972795192
9249,-0.17686167591253005,-0.5875111820461102
9250,0.23927540834045607,-0.6172493484238686
9251,-0.0008520734704935079,-0.5918731531190475
9252,-0.2957003466788022,-0.5689486275627192
9253,-0.07457789273598563,-0.5933611932975206
9254,-0.07718877743260753,-0.5824201731958031
9255,0.054314528859989546,-0.5672672257535729
9256,-0.28637742595964827,-0.5542259045214821
9257,-0.30628552621886607,-0.42216816404241586
9258,0.6049167121257814,-0.5102564376234494
9259,-0.3502600311454744,-0.5040907145920176
9260,-0.1290889676447856,-0.5781416310296661
9261,0.25816519144959643,-0.5994137717575732
9262,0.17627592169086015,-0.5954810993085209
9263,-0.36760690975236127,-0.5664554142181443
9264,-0.3057984308276871,-0.5262097972580554
9265,0.1687559882761387,-0.6239899011869887
9266,-0.06947506163856357,-0.5866447996292415
9267,-0.19892659624084535,-0.6183263419633699
9268,0.5686662564257164,-0.5847486663186325
9269,0.24799531463376123,-0.587777329465695
9270,0.12502292810439317,-0.6037771140249322
9271,-0.2176184883963859,-0.5285888300668704
9272,-0.16264209032412136,-0.6299616054666343
9273,0.38470813768799916,-0.6262815309639732
9274,0.26677047641267715,-0.6066715547483685
9275,-0.2142241249559572,-0.5663178395003339
9276,0.19924263162513028,-0.631127046809797
9277,0.12032758693756483,-0.6443163438594998
9278,0.019889469427051137,-0.6428013418094594
9279,-0.1287477938718382,-0.6115453982861605
9280,0.11779833731320065,-0.6681881727165574
9281,0.14393589024315318,-0.6616107969287446
9282,0.1643113182769107,-0.6600994081644841
9283,0.17167323158988942,-0.6194905213018442
9284,-0.20105930231197675,-0.6042437386541264
9285,0.017411122401173686,-0.6334468104302664
9286,-0.021164800983134446,-0.6205997995454727
9287,-0.23874546748094969,-0.6224781344277778
9288,0.23863507004495438,-0.6477669367920305
9289,0.08455472242281217,-0.6493201779333343
9290,0.013172917680412288,-0.6337329209389596
9291,-0.22593252474499131,-0.5809339672768412
9292,-0.2601537210606332,-0.5570421935115025
9293,0.16909423467087853,-0.6137673085571226
9294,0.12484459774490096,-0.6219152609902656
9295,0.1391660377543485,-0.6017254988816709
9296,-0.3259338874576172,-0.5725569780272359
9297,-0.09973946888817913,-0.6027130472523825
9298,-0.25591152441121995,-0.6143266264821053
9299,0.1304029293149563,-0.6242872986923663
9300,-0.14733523404280696,-0.6379836152146114
9301,0.13194086560809848,-0.6667187469170449
9302,0.09778796680559505,-0.6243005916099238
9303,0.23050662610882092,-0.6016079537282799
9304,-0.34675266362999263,-0.5856705819343295
9305,0.08299965161504358,-0.6505936368055981
9306,-0.07608141660840424,-0.6428148477314787
9307,-0.05963433096048142,-0.6415290327735459
9308,0.10895928825579979,-0.6459437208408996
9309,-0.21190134102462702,-0.6181917003072399
9310,0.023394869371467047,-0.6267253869906237
9311,0.3469983116405046,-0.619398220237332
9312,0.17660588680936742,-0.5253546028830728
9313,0.12333500629433229,-0.6111778037833323
9314,0.014306035506520837,-0.6106464258353733
9315,0.05176679207068535,-0.6380472457427546
9316,0.00634646274605082,-0.6286969672935822
9317,-0.26672373336450284,-0.6110818391581236
9318,-0.03367846364073197,-0.6337524910502595
9319,-0.15933041100922585,-0.6390756142468277
9320,-0.20893422199213083,-0.5044331413836358
9321,0.36536286226960457,-0.5841514438705857
9322,0.06518679520254654,-0.5481356598975974
9323,0.18373424447843642,-0.5806045803692403
9324,-0.07671306296204311,-0.641167782821012
9325,0.13928625225355978,-0.6110503893557423
9326,-0.6388683027811464,-0.46814484478854024
9327,0.18282322890279554,-0.4813501464972745
9328,0.2557233632136119,-0.5523541805535824
9329,0.4304319617190014,-0.5057417434071936
9330,-0.09507549470486805,-0.5605557992809989
9331,-0.1449668729924567,-0.5267454299526699
9332,0.13889120653081724,-0.6020291950685756
9333,0.20511588018062088,-0.59852049978642
9334,0.19587517727267045,-0.5958524717469288
9335,-0.1984295600087012,-0.5391718470693856
9336,0.1094497548523344,-0.5530046857356287
9337,0.39716957741347025,-0.5582301151363113
9338,0.4987314697783139,-0.43158666690940994
9339,0.005320712524608219,-0.43694326206069684
9340,0.7128477817299065,-0.3626839153907468
9341,1.1734928437548606,0.028213021726289082
9342,0.48293467216765906,0.14530467149187543
9343,-0.22777607057093896,-0.1305515742711787
9344,0.1012634892667322,-0.341348924826569
9345,-0.6834171954237885,-0.17006723592513173
9346,0.6842533393223239,-0.34478972483482817
9347,0.13839475336492474,-0.23799311810117862
9348,-0.294077752647507,-0.41657555232734467
9349,-0.1568195245307764,-0.4538407376009065
9350,0.33608715462599725,-0.5295750013340544
9351,-0.28760167489010896,-0.31032283573773584
9352,0.36332592249944856,-0.5196319909524537
9353,-0.18330850480857278,-0.4664614431380252
9354,0.49369719943037976,-0.5490457430457638
9355,-0.44713943997255323,-0.5113009008658016
9356,0.28458005386437174,-0.5658815279152083
9357,0.17634883006553786,-0.5565134337877264
9358,-0.17677808503707765,-0.6005651237591219
9359,-0.32096584591407007,-0.565940076392281
9360,-0.7580434239901608,-0.34088065368913706
9361,-0.5444334125714075,-0.3986872618653033
9362,0.333586509840751,-0.4932683716825417
9363,0.36923777432123456,-0.5603291866996838
9364,-0.17243161600499637,-0.587021171071075
9365,-0.3526675410172125,-0.5477782403583117
9366,0.5950577578872938,-0.5246932855697911
9367,0.8236210528815223,-0.47128834852241863
9368,-0.2653111236788065,-0.4411208541402277
9369,0.17897383404994255,-0.5652109924030055
9370,-0.36801999614931913,-0.5019388638889517
9371,0.7863889204391419,-0.5641123506523543
9372,1.1736855654846088,-0.3460235086171787
9373,0.6638345171245797,0.3917175038267491
9374,-0.8276339884865493,-0.14898363950804777
9375,0.7347271408406834,-0.1552631718462244
9376,0.01793226945305974,-0.3637144278241938
9377,-0.36084221486241996,-0.4185456475611818
9378,-0.2199412600558663,-0.5352661350395488
9379,-0.2996300175121176,-0.3315508134835251
9380,-0.6221711393511187,-0.41620096830636655
9381,0.36994845111530217,-0.4863416141884672
9382,0.08294384675337343,-0.5737779653529084
9383,0.14786152654982954,-0.5645203271251666
9384,-0.8198959089266329,-0.4463253449072969
9385,-0.46865529585694504,-0.36181819064201903
9386,0.16503780557732897,-0.5501675872632271
9387,-0.34302287099885376,-0.5048912446024376
9388,0.4219847638571655,-0.5333343276187892
9389,0.27736274566410263,-0.588002725718931
9390,0.11104906300680263,-0.6272998542799698
9391,1.3765088377424504,-0.3747672436361212
9392,0.15310498241356574,-0.4436058689140923
9393,0.28742777284075666,-0.509809937888674
9394,-0.5547063578359587,-0.4664636007523483
9395,0.08649381020062265,-0.5607360535286318
9396,0.6998845982974018,-0.37593914341249274
9397,-0.27570443135156736,-0.4451019197464704
9398,-0.5433729980231666,-0.4617643084166846
9399,-0.028105701233330994,-0.5010870971190797
9400,-0.3117980625189208,-0.5231564688151104
9401,-0.16429385766433108,-0.5490187183885518
9402,-0.03459549068511597,-0.6008648243587189
9403,0.07321943104687054,-0.6013524686512847
9404,-0.10032221179893323,-0.6012979987741736
9405,0.21330616675496983,-0.4936300166550427
9406,-0.26540178877837634,-0.5429333064457414
9407,0.08661475766529457,-0.5275665853806595
9408,0.1264787936766516,-0.6184577900317316
9409,-0.9561976835279818,-0.41135635657232544
9410,-0.1295699068373046,-0.4545470940290077
9411,0.4470225931837033,-0.3149547920307725
9412,0.07765434503964089,-0.49950666788092113
9413,0.12458192253830187,-0.49636099859146543
9414,0.3980880406135982,-0.41527263105275225
9415,-0.4429446925374863,-0.3824035743753025
9416,-0.04671567783474969,-0.5200045010117397
9417,0.3759169056079231,-0.5115965502478907
9418,-0.06610677395174872,-0.5174832638145503
9419,-0.3932129705135996,-0.5143840347320089
9420,-0.17995937378937657,-0.5278026382988222
9421,0.11421031810208726,-0.5442872574433542
9422,-0.27277968613375186,-0.4826809635596212
9423,-0.027838802340636893,-0.2893033759130056
9424,-0.20095313811360974,-0.3227263761508397
9425,0.24786854229029154,-0.46865678783831455
9426,-0.2786367261562147,-0.4504220494694688
9427,0.09289273222629944,-0.4620031371168637
9428,0.2692745095323879,-0.457321194618888
9429,0.005505944535167363,-0.4627583453401546
9430,-0.3213213446825984,-0.5415224461178465
9431,-0.5076838828711906,-0.4717235739478597
9432,-0.4472687962320451,-0.2511184209836231
9433,0.2955638065498348,-0.370122891746295
9434,-0.30458856194201916,-0.41222334176143155
9435,-0.02418905040854106,-0.4988145724199712
9436,0.6362985123223509,-0.20941307017555305
9437,-0.6983549746334701,-0.25903066559051846
9438,1.2128171640819014,-0.2203353787061783
9439,-1.2836301279655882,-0.0340899153721238
9440,0.02646780159054944,-0.3123603176567292
9441,-0.16734546094357933,-0.32968906326689146
9442,-0.018979861094359785,-0.43285868114107057
9443,0.6688077292193567,-0.4753783697763114
9444,0.13604103364186057,-0.4342200335039476
9445,-0.24220060822465636,-0.42305614497079036
9446,-0.42941617047006164,-0.2961920357951619
9447,0.0826154802591961,-0.3115893742858301
9448,-0.6734725815791913,0.056381557789985354
9449,0.40704278029581054,-0.4211838826022934
9450,-0.9638917619279109,-0.29106245581426304
9451,0.3504864088397161,-0.3407395066010775
9452,0.14789520048961455,-0.5153309898751142
9453,-0.3565219649414727,-0.43352879612105943
9454,-0.04820786458983486,-0.505442300895755
9455,0.31619460583641723,-0.5912234885357246
9456,-1.6736431389102149,-0.023622703502863385
9457,0.6853833631592667,-0.30643592165734246
9458,0.8195651741451928,-0.44203735304700975
9459,0.2748760413450295,-0.3249573074463625
9460,0.3670644989803341,-0.41066996203256445
9461,-0.42987536660412534,-0.44774255117014095
9462,-0.10238489866190978,-0.3612413268010488
9463,-0.5866753009130751,-0.45141961663515456
9464,0.1181568877520509,-0.4860921301861808
9465,0.04302059322894807,-0.5557301489910358
9466,-0.3703691135779131,-0.5353285199522326
9467,0.16098453534627918,-0.54364166189511
9468,-0.7155302023942871,-0.31734145436419564
9469,0.9661785751819024,-0.4580215288151699
9470,0.36617001020184375,-0.47655802522353563
9471,-0.39017194638645564,-0.4244862137714411
9472,-0.3664865814417464,-0.5223223107628957
9473,0.5470539094736341,-0.5327861237912472
9474,-0.16911658937515012,-0.5778525949798293
9475,0.5434865465522821,-0.5286149884111531
9476,-0.05395833456249691,-0.5635834967895638
9477,0.1413914779285486,-0.5757740255790342
9478,0.25119767503741697,-0.567786397484771
9479,0.2700267689083395,-0.4961621178710144
9480,0.5016141949240027,-0.4806558342014974
9481,0.14572907355380973,-0.46095959990683977
9482,-0.880589405908035,-0.22876414523337263
9483,-0.36416198020575063,-0.4254292560474506
9484,-0.3758802253944136,-0.48246740789000864
9485,-0.4153018780358402,-0.45778606770998875
9486,-0.22463991475380835,-0.5048900294188275
9487,-0.21790867876994782,-0.341873568386417
9488,0.9069585581208173,-0.19297065642795963
9489,-0.8078850320724916,-0.04937410156754603
9490,-0.001262595853631675,-0.41640470610891944
9491,0.20894376321079047,-0.5386804314021515
9492,0.477606387365422,-0.5471967189568768
9493,0.1736260336771642,-0.560098971093636
9494,-0.08317917369718464,-0.6113490489553711
9495,-0.30795239711233585,-0.5563154417323376
9496,0.08584331232401905,-0.6248519240574184
9497,0.4072508852837199,-0.6147699012609859
9498,0.11086098062017409,-0.5973570284427404
9499,-0.20291842221720818,-0.6219148141362862
9500,0.3645406265708577,-0.6235761524604178
9501,0.13964977398126752,-0.6212884017665163
9502,0.10672178347411823,-0.5458252622608681
9503,0.06410114340855659,-0.5032582334516559
9504,-0.29752207044438767,-0.4794488137577366
9505,0.44077686761674245,-0.5196886052918862
9506,-0.1726726042042784,-0.5602094104236531
9507,-0.3413491180795644,-0.5229298186993356
9508,0.189657108814989,-0.5129460751254082
9509,0.20881997772881195,-0.5716021366831492
9510,0.43142909909095745,-0.49774900474639105
9511,0.16644236732646148,-0.4564592993889415
9512,-0.3554858567175698,-0.4449898039327783
9513,-0.37020202796625085,-0.47363872078715297
9514,-0.02088071947494106,-0.5732464350761108
9515,0.3300581088264328,-0.5761114799560881
9516,0.20560592603871247,-0.561658292492449
9517,0.2707828758895425,-0.5131262280088438
9518,-0.1412493218927299,-0.4815463880357598
9519,0.32059015816008535,-0.4619234670310506
9520,0.1780530221491588,-0.40678412856250906
9521,0.8120416990009629,-0.37972250749254255
9522,-0.1527156140190521,-0.443171231468117
9523,0.43772831956785313,-0.3296645145793915
9524,0.03250001125656745,-0.45514818240593546
9525,0.04043719501555342,-0.47018418046359867
9526,-0.4256044508801965,-0.48205600314327113
9527,0.2965936684928372,-0.5579031336200715
9528,-0.36919162649288706,-0.5165394203358409
9529,0.26469493900426844,-0.530445189301015
9530,0.6042825657820265,-0.487438161929313
9531,-0.36395170424919066,-0.5067444101076257
9532,0.012686251758592476,-0.5249347393302141
9533,0.2738070099902308,-0.46362319838001553
9534,0.0738560588585079,-0.21804295698545212
9535,-1.0703912605019612,-0.18769725614816746
9536,-0.4245669237788069,-0.4204208723664355
9537,0.5002176665950739,-0.44809294076053496
9538,-1.1667155032539294,-0.1699632999393309
9539,0.2819574837662149,-0.40575778901830295
9540,-0.5020476392093843,-0.39666823138354596
9541,0.18352427121024492,-0.5148360543128858
9542,-0.10567366801504278,-0.49134958968720066
9543,-0.38631946661063427,-0.4893486457468955
9544,1.076846645531145,-0.4781800267932297
9545,-0.24615590059953404,-0.4427631566266248
9546,0.24587988863077848,-0.5663370736982333
9547,1.5703678404972485,-0.22464443265446654
9548,0.39240060659075193,0.22322828290403865
9549,-0.4766592532333677,-0.25366770062505756
9550,0.597730255687771,-0.286460728224091
9551,0.4560406924599562,-0.3772671402332618
9552,-0.23629139361963838,-0.456934641493413
9553,-0.03435611216578087,-0.4600090391634808
9554,0.4454939442907607,-0.469499923050525
9555,-0.6348907113884797,-0.41438010865041625
9556,0.024279941560583548,-0.5337545893761564
9557,-0.6295063071115924,-0.4446940810288336
9558,0.11798661559177788,-0.4579155802735564
9559,-0.24501667271892805,-0.5392084673780889
9560,0.48761067852572043,-0.4897710897918177
9561,-0.38355485022587255,-0.5497647077177842
9562,-0.7149218408116195,-0.47394145061052984
9563,0.4874898560477815,-0.522592519012663
9564,-0.026127027673631613,-0.553341727589379
9565,0.4465523589919914,-0.5189372976166984
9566,0.021136825903785048,-0.5373472606302714
9567,-0.1351117706596445,-0.5400215654048447
9568,0.03678737494349178,-0.6268224069532653
9569,0.23665006776788275,-0.6369023619188713
9570,0.04270203321428274,-0.6158407649445697
9571,0.09080340952394839,-0.5970584445316977
9572,-0.3955067302655309,-0.5695294251411303
9573,0.36520278565990877,-0.6305868939849334
9574,-0.044570753817623224,-0.6264351004523331
9575,-0.2952348163218229,-0.5774669791447544
9576,-0.10473132465321236,-0.619485462744936
9577,0.2320052585141677,-0.6589181062166725
9578,0.14247976797024703,-0.5876702687765905
9579,0.5913619980968524,-0.5103750238351638
9580,-0.9253634925712056,-0.4469157691364642
9581,-0.13931791492997636,-0.518271719452054
9582,0.22773842785905882,-0.5998203288070548
9583,0.3465140398304676,-0.576338152066102
9584,-0.3270368867255042,-0.5677332276605251
9585,0.228874752575802,-0.5431186450291013
9586,-0.3414713940608995,-0.5068904008553275
9587,-0.3698175416087091,-0.4891313908996623
9588,-0.043566081477596795,-0.5576946104645615
9589,-0.2078671226631373,-0.5669712718437069
9590,-0.013960074675812877,-0.59973154375476
9591,-0.06954247549855633,-0.6250738836003558
9592,0.0999618813142951,-0.6018142014546434
9593,0.42463228701208466,-0.6138465310551016
9594,0.32494533255325714,-0.5702526634136434
9595,-0.034358828184574655,-0.5353356569288401
9596,-0.08284367247293038,-0.5857271804429786
9597,1.5045167022993804,-0.0865295548512334
9598,-0.38411553067062326,-0.20797555189726907
9599,-0.13817232331766105,-0.3884992552600359
9600,-0.07307426120881759,-0.4771595043627114
9601,-0.1261214173307949,-0.5577249206961991
9602,0.4856494723466956,-0.5738502853547197
9603,-0.35321943613728257,-0.4749723667750362
9604,0.17690370878785586,-0.5657826054910814
9605,-0.3059510209533708,-0.5661694491833741
9606,0.2652082029533419,-0.5618185108035496
9607,0.10769992378936527,-0.6076163051155038
9608,-0.017621678702016138,-0.48745256573822593
9609,0.004497614850372501,-0.5876046837345477
9610,-0.3257625723042223,-0.5248842244928935
9611,-0.4239732665132443,-0.4466897181642092
9612,0.18373703257211413,-0.5576363029637735
9613,0.1516816798509073,-0.5653752711111331
9614,0.16118720431237343,-0.528987307752273
9615,0.13005611656829008,-0.4887515795171419
9616,-0.008545401774415665,-0.5217858533969864
9617,0.4329352512482493,-0.46834804633961635
9618,0.1479395202853903,-0.4395629963311857
9619,0.33410470236084616,-0.42573268378003515
9620,0.04727580385793209,-0.3296806161772508
9621,0.1991268919611969,-0.3972755138311473
9622,0.07271203370003401,-0.30314882934836274
9623,0.972822222624281,-0.11362587520663181
9624,0.3203264194195481,-0.031167915948544553
9625,-0.09560419382201049,-0.09659059210162455
9626,-0.4981385694943478,-0.21568841617133572
9627,1.0906370079458048,-0.004675897424062762
9628,-0.5704876409528545,-0.16739584708663455
9629,-0.3466536885492843,0.014655733322151754
9630,-0.6877792782291603,-0.020380133354615027
9631,0.2061387982732773,-0.234676990546409
9632,-0.9383912346927968,-0.1647471307100491
9633,-0.71732684325806,0.1262790725254317
9634,0.6195568686245452,0.1163337560477035
9635,-0.21896332104099744,-0.12548221099326937
9636,0.6983563238192274,-0.33368475364240924
9637,-0.3125401932616082,-0.22677281672189842
9638,0.4690691608790849,-0.4353018308413691
9639,0.32899577475233976,-0.38156443138280827
9640,-0.011808802079245513,-0.4162306566335367
9641,0.2122422030808977,-0.47031617228234934
9642,0.2412209840518119,-0.499796194539345
9643,-0.4020663476718966,-0.4884696707499161
9644,-0.5406178591839048,-0.33906580035903794
9645,-0.0014057141217275566,-0.4749914972768401
9646,0.050412428566147235,-0.5261057992342377
9647,1.2483274301315699,-0.1205668893937934
9648,0.3440416477309548,-0.343796562714431
9649,-0.5863394943799984,-0.358199275603652
9650,0.2924900200570177,-0.48050071326718724
9651,0.41869566319247015,-0.48862512435365857
9652,2.1339747142795575,0.49288187011413237
9653,2.14583999474542,2.8410326196406808
9654,1.227190636717508,2.2037607196353295
9655,-1.0285758018940527,0.9710093881977706
9656,-0.9202762079391116,0.25065173775129446
9657,0.08417294978300591,0.04413848012526431
9658,-0.6161027123349113,-0.04435198995980734
9659,1.123508645121129,-0.05748680238068854
9660,0.5185515744956352,-0.1688230457690328
9661,-0.46420016497387334,-0.32017047870571563
9662,-0.3162214833305846,-0.29921444029902433
9663,1.487888348781546,-0.031138560077431793
9664,-0.6304718928358068,-0.26259274994670895
9665,0.5060064875849791,-0.4391749736168336
9666,0.24102224354998325,-0.2865974846111499
9667,-0.31915661999389655,-0.4092308588103385
9668,0.139376473706551,-0.4029383759618376
9669,-0.29236889437990743,-0.4514696416903797
9670,-0.3949666191913382,-0.3875237523717789
9671,0.2774224842079855,-0.47834705377802733
9672,-0.6260423348426037,-0.4182230063190711
9673,-0.42950141075055964,-0.35133132807286543
9674,-0.3557174805509069,-0.3934284157590435
9675,0.46387067336201626,-0.493443422870705
9676,0.3509805216004425,-0.5200869921337962
9677,0.3698141237367752,-0.5483173772196287
9678,0.1791503996179574,-0.41323183982250866
9679,0.5534941455543435,-0.39573022160525445
9680,-0.19549794892915917,-0.3458110401397771
9681,-0.2306721899785937,-0.4817813996358382
9682,0.1573001471620487,-0.5487860577132513
9683,-0.19427876876332992,-0.5275504020679683
9684,-0.1636526777027199,-0.5035796013939953
9685,-0.24684955298810518,-0.4884732489568755
9686,0.18782252670448868,-0.5645363678255803
9687,-0.5967422342116854,-0.49213046547856065
9688,0.46442684040380605,-0.5411721754265285
9689,0.5173125704803389,-0.5252764571743451
9690,0.09443181210705005,-0.5174416853508953
9691,-0.43320058161019837,-0.4180799000748767
9692,0.11934734738773616,-0.48049819312481334
9693,-0.3237394289368287,-0.46909967215149684
9694,0.2911068706696294,-0.38779301611658035
9695,-0.07216905804428234,-0.4672218544553711
9696,0.4176970857058724,-0.49517999183947425
9697,-0.4745033413218789,-0.4026518390879677
9698,0.46297437027690197,-0.49630221508483396
9699,0.8333811914183289,-0.15182222164614373
9700,-0.05994167204238009,-0.2689107958988572
9701,-0.1427751669027915,-0.3178917053128165
9702,-0.23231481077808522,-0.2786429794357904
9703,-0.20186627989021383,-0.35320034010496765
9704,0.49224106264295847,-0.4587939540648903
9705,0.5151515717118749,-0.3883982939527822
9706,-0.2245941259672703,-0.4079508931565424
9707,-0.3052641095101945,-0.43538527703594915
9708,0.02336447766040024,-0.4524123434768551
9709,-0.20392314423702124,-0.4076397792848289
9710,-0.1392565571734725,-0.49011230110977566
9711,-0.45354479169484213,-0.33793452315420147
9712,0.10754032426459612,-0.5216428277420934
9713,0.08610311163571148,-0.51555880779295
9714,0.3786994812164627,-0.50537628797239
9715,-0.2312005313647275,-0.3526468857859176
9716,0.28271356388923824,-0.5920398307553324
9717,-0.2007779812396986,-0.4134491458010995
9718,-0.1662823388055713,-0.5198772301904555
9719,-0.566636195428421,-0.3844296606711949
9720,0.2333345193405967,-0.37329938977474825
9721,-0.4249948157180239,-0.39331778158069014
9722,0.2644823198187725,-0.5150811015878133
9723,0.19161365287561793,-0.4996571571617938
9724,0.5202527276575791,-0.4761129418603678
9725,-0.8104085167868231,-0.07895325045058305
9726,-0.2138453415688582,-0.3533660301278478
9727,0.4081788358051491,-0.2677579877342973
9728,-0.8120498124930682,-0.16370405664336357
9729,0.5886754383828049,-0.35341550371657726
9730,0.5514036039082292,-0.41216656641846566
9731,-0.8141447304550092,-0.36099200718611957
9732,0.8552081553706727,-0.3711508307939408
9733,-0.502692466119386,-0.23752841129629926
9734,0.484322152687535,-0.3702750424392809
9735,0.030790876849620192,-0.4100601984233953
9736,2.867652791330211,0.7949594277592854
9737,0.7850252374716385,0.8077555761562834
9738,-0.050848707570687025,0.3299098411643835
9739,1.9930181203009774,0.7991355014685273
9740,-0.08426010912873358,0.2032809141519094
9741,0.6779012534992678,0.02158606066304533
9742,0.44081764560126485,0.23914197485292105
9743,-0.7900158727185725,0.13054158184911416
9744,-0.6885777731299123,0.5999548821383237
9745,-0.47045130554271436,0.07164845898922073
9746,0.9508647233845433,-0.1762258309520681
9747,0.9874121697652151,-0.12883843011692858
9748,-0.9410600716220693,-0.2145253332653997
9749,-0.1590634267803746,-0.2618157110179473
9750,0.06803302807341949,-0.38211428296244787
9751,0.5287626968739242,-0.3175663517793924
9752,0.022619243796961154,-0.3778036329412685
9753,0.32677724688416976,-0.43840955024843187
9754,-0.028558751418913095,-0.36875226048817533
9755,0.5255095246977011,-0.38828360960934727
9756,5.047694103954851,7.20704011117881
9757,2.0594221392805676,3.0665424905212366
9758,-0.06204705271544833,1.4560826706252765
9759,-0.12410974834689503,0.8113396158467749
9760,-0.28129600607820127,0.3292660680606706
9761,0.24364628975526953,-0.14886078873850525
9762,0.31314386708086545,-0.08024898244957157
9763,0.07030661902777563,0.09217447668640757
9764,-0.7516981879297248,-0.09006379224349628
9765,-0.25791671347731193,-0.04497805331318036
9766,0.7888060927481206,-0.28696877658896586
9767,-0.4751869758886334,-0.06979864339753161
9768,-1.38888484648796,0.32889651901658756
9769,0.17322793203553177,-0.019286960960856803
9770,0.5527144423132441,-0.379051935163451
9771,0.6664660504877987,-0.09883171649082872
9772,1.139743983643001,0.011142359778379865
9773,0.1122466515279128,-0.24544883310232268
9774,-0.04428252449379832,-0.12603558543865018
9775,0.19832002946005148,-0.2219664563739543
9776,0.7861822722326569,-0.17497991007337496
9777,0.11003263884753191,-0.12414957874947968
9778,0.5604342736856665,0.07740910100144013
9779,-0.6131370443043223,0.028447058672021595
9780,0.12779201298146786,-0.26362043389819445
9781,-0.0035341901531498717,-0.3284885772415933
9782,0.43599001791978415,-0.2871422252890029
9783,-0.7605488744756704,-0.19170201658766176
9784,0.013988365972755146,-0.37613451382549407
9785,0.10639481836844643,-0.25489668848487185
9786,0.9086037175316846,-0.18696418712775265
9787,1.0180693333995883,0.3001284943907823
9788,0.5497824474778681,0.3282060382139881
9789,1.0464746528038296,1.329682303681765
9790,-0.5651917126461996,0.919959268271613
9791,0.5165342331918348,0.16825375300964554
9792,0.17472704286974475,-0.26878808929523473
9793,-0.7686400019256684,0.14259498725865125
9794,-1.0948463521215415,0.2734747319423224
9795,-0.9120369806930354,0.5829745073006561
9796,1.3275391938439278,0.1846472155949881
9797,0.23190098922539243,0.2863138466291617
9798,-1.1993432012124858,0.5195885454469104
9799,0.5496898480874203,0.10272058197709903
9800,0.6178403149733408,-0.24157697357300317
9801,0.31849495093654046,-0.20126394867616643
9802,-0.12019326214630138,-0.2967003951916212
9803,0.13033850016110834,-0.3377571408272603
9804,0.6374355769995197,-0.29636766857640934
9805,0.5527180602463694,0.5786405970801622
9806,-0.1135186284739919,0.12414223076641516
9807,-0.3278111860899565,0.20248581485355788
9808,0.6689732895626436,0.02891123203436802
9809,-0.4219103188143728,-0.15508660535528992
9810,-0.0802989273165896,-0.1712805205186246
9811,-0.9167070435177629,0.07494348937573907
9812,0.021419412235516133,-0.08684779102181311
9813,0.0899361799716921,-0.1605442107886997
9814,0.09635393959430431,-0.2770051706534029
9815,0.9651774304205747,-0.32907425081080965
9816,-1.2472289969872135,-0.11918291384641039
9817,0.31630155710329283,-0.23241645597102245
9818,0.7309882318112485,-0.06375042914621161
9819,0.07997631849482822,0.4030275721209173
9820,-0.24075641675413637,0.09849034724166189
9821,-0.4805034332667409,0.21630571504237445
9822,1.4490667424941706,0.24461566834306447
9823,-0.1511831538145486,0.1319921564632168
9824,0.5555861600531028,0.21387027006635645
9825,0.30233448859630485,0.13601015191160096
9826,-0.5689606883492184,0.19566948786133403
9827,-0.7287252850442053,0.1521197418542934
9828,0.7004789660000332,-0.1794541409120906
9829,-1.013031335365415,0.18407703876803044
9830,-2.487367016886247,1.5404867768649813
9831,-0.12407947027358256,0.3894281881202126
9832,1.1497712855785907,0.1478227670916599
9833,-0.1483210810113068,0.07048449830868943
9834,0.5334130660932405,-0.09228582267363608
9835,0.2907022655393385,0.1961007004911885
9836,0.44197443007597303,-0.15011318374115795
9837,-0.36211362729960866,-0.09980846299721255
9838,0.80270565180916,-0.2523373964316819
9839,0.3063000648837032,-0.16833563367418186
9840,-0.8937964837796271,-0.12957997674187158
9841,0.8980525257129037,-0.30885505158547916
9842,0.20811065351143643,-0.3840787734364072
9843,-0.2594516645582239,-0.32372677134187966
9844,0.22566473328790004,-0.2656220716371916
9845,0.03422043689072738,-0.44334588677974973
9846,0.8112551162270906,-0.23527429410930506
9847,-0.5467176008742545,-0.2617098251317153
9848,-0.31279516696814286,-0.2196012693349026
9849,-0.6801885822831722,-0.20042180812597027
9850,-0.7216819761648021,-0.2240833306027724
9851,-0.4154198514671993,-0.1307909120458568
9852,0.7203185276529869,-0.34297557495795483
9853,-1.6181884070282033,0.14274661575608133
9854,0.7439273621704303,-0.16535121714983747
9855,-0.6478792887487766,-0.26669751846567163
9856,-1.1309644984957405,0.49198186424988255
9857,0.4337100869599615,0.016245406412008587
9858,0.8604428829644406,-0.2509780422717784
9859,0.6249488960217222,-0.3483477764145056
9860,-3.188542581248049e-05,-0.3504944467153994
9861,-0.13371494337050482,-0.40171153796538056
9862,0.013239755741118204,-0.5059843804641613
9863,0.1511707109007077,-0.39252094254153663
9864,-0.19372945301284503,-0.3741891899257275
9865,-1.166316975478922,-0.06090586189446026
9866,0.9763275019138339,-0.44360687628814727
9867,1.3796966671322632,-0.022041887458019604
9868,0.5054339755911402,-0.1781029989333912
9869,-0.12883612933272165,-0.32615525172578913
9870,0.07475143767948082,-0.38985279021869784
9871,0.19668789250532118,-0.2761925717817071
9872,0.27541439030225745,-0.4464304978154434
9873,-0.12056736050342438,-0.44276430495826263
9874,-0.49158800318628904,-0.3380454389566012
9875,0.6969280076097626,-0.48630060444060463
9876,0.21353238735502572,-0.47177037105707165
9877,-0.2797937614742368,-0.4477788388953132
9878,0.04445876733674393,-0.2643402189093657
9879,0.2426710276972187,-0.35004143758177236
9880,-0.0606199169255452,-0.3858559580464546
9881,-0.5505102435183968,-0.31395755132978787
9882,-0.43278974255599145,-0.2452866196226986
9883,-0.4820520521587312,-0.32663427492732633
9884,0.64789713622595,-0.3428460536488505
9885,0.1122064323765664,-0.4526073014972402
9886,0.19670450216796467,-0.5296216597640371
9887,-0.22161986203367454,-0.39645524029034607
9888,0.6260979144309413,-0.4931439707600197
9889,0.48712205209750303,-0.44381623701872747
9890,-0.22776366546645269,-0.4712283150944264
9891,0.2697017239119167,-0.43055058655935297
9892,-0.19981136541190522,-0.45234551663682726
9893,-0.6757557820967786,-0.3869506261902377
9894,0.20581016255512677,-0.47269990834810305
9895,0.22444099925425992,-0.44508654542941806
9896,-0.1364634656361667,-0.5016084573533834
9897,-0.10065539792502487,-0.3544776417140296
9898,0.1386363312707818,-0.17923865297533276
9899,0.03977859469747055,-0.43698249436072306
9900,0.24979740830743674,-0.36605292731675476
9901,0.5423926393837635,-0.4658273998436453
9902,0.21982067967079688,-0.4432637271241706
9903,-0.42272074023251593,-0.35080108045115355
9904,0.16202325899251893,-0.48370201133240853
9905,0.34824016849953154,-0.4647011987351838
9906,-0.15404075590780708,-0.36177311841643517
9907,-0.4282097078006648,-0.4439831606575265
9908,0.08573682214024449,-0.5387272382770749
9909,-0.9388623895133235,-0.15305414384615273
9910,0.212232985701616,-0.3258682027292935
9911,-0.2751866768232157,-0.3064940561806405
9912,-0.541548384956139,-0.1353273127216567
9913,-0.7035546263930035,-0.16770814293352937
9914,0.2572856220984987,0.4153454741046061
9915,-0.32608341520280004,0.05480167365898125
9916,-0.772306631913806,-0.12074547088759185
9917,-0.17869044183207705,-0.0642519417988042
9918,0.7723680745423579,-0.29664261525070784
9919,0.595208419316757,-0.19781340679684467
9920,0.033274634025218255,-0.40070828507179995
9921,-0.8145889546369608,-0.2802265869591757
9922,-0.6030510143388688,-0.2870583473694799
9923,-0.30458416899392426,-0.1957984818638557
9924,-0.4652190460566925,-0.12891082751560992
9925,-1.2254658089770756,0.1351844103332716
9926,0.4003100927375412,-0.10176538964658427
9927,0.8402747961504967,-0.1367278769152081
9928,0.1755299467427957,-0.2687351386147081
9929,0.10129134605642273,-0.5076773793957923
9930,-0.44032925846827586,-0.4381428511244554
9931,0.6044471329173736,-0.43706602419796464
9932,0.6057302712319323,-0.41552028984115863
9933,0.005655605773784471,-0.39647179178708425
9934,0.16848257060841837,-0.5361927967387229
9935,-0.1434262000126729,-0.47736157294117343
9936,-0.0717824431708743,-0.5540177903633862
9937,0.08746463905478054,-0.5445147589216414
9938,0.24322742273351108,-0.45360451209970143
9939,0.18408720518561505,-0.5420872381192987
9940,-0.5546760696361362,-0.43020564286337337
9941,0.5451943340151242,-0.5776114684026736
9942,-0.010126943951913697,-0.5524486490815402
9943,-0.5641982750952561,-0.4820099348885558
9944,-0.11223375312914288,-0.540548742619273
9945,-0.3995349287744191,-0.5072180814052935
9946,-0.9905745580757868,-0.29719263791256934
9947,0.3912248385398997,-0.4233874925277451
9948,0.8283269336151271,-0.5224078327736568
9949,0.7974827390428056,-0.3853284897426823
9950,-0.13625620067574734,-0.5105756664008394
9951,-0.3040758687331422,-0.4385743567463762
9952,0.15529802733168008,-0.5718843667624659
9953,0.023130987987778868,-0.5750243662657601
9954,0.11548573232379282,-0.6174041531514906
9955,-0.4630435455473697,-0.5617359723260635
9956,0.3125920210355252,-0.6057000204740606
9957,-0.10451568317703226,-0.5972575195778874
9958,0.7043649629673758,-0.43566338781340463
9959,-0.18163551929319144,-0.4434032526076781
9960,0.46575317472745115,-0.3498882849818464
9961,0.08360376228272068,-0.46258386446209165
9962,-0.542102664598501,-0.5089513899094441
9963,0.1465405202102155,-0.5561127283401358
9964,0.0923147095283167,-0.5340604739183005
9965,0.4818319577681449,-0.43110827251519274
9966,0.18595475873725487,-0.4567170244559293
9967,-0.35439103905628966,-0.4453894660219551
9968,-0.2953421403995244,-0.4888753108178504
9969,0.3886481023806996,-0.5565972319028666
9970,0.5167551643874907,-0.4865917677118997
9971,-0.3142828714822532,-0.5434342028917292
9972,0.5493481779352606,-0.4813519020018452
9973,0.11009387660443577,-0.4301907477386881
9974,-0.05398932541794215,-0.5556284668297813
9975,-0.026660970571399302,-0.5355655144776078
9976,-0.058351651801665745,-0.5362740660823309
9977,0.3162297276920426,-0.523007602629628
9978,0.3604097732476859,-0.529455628321103
9979,-0.09036488463062647,-0.40732516124014584
9980,-0.1104340567277777,-0.521255081253377
9981,0.03503616189878334,-0.5587925631839189
9982,-0.2765329994822286,-0.4550089916242984
9983,0.3213808990601726,-0.47378682923655224
9984,0.436711486268711,-0.45972771831714665
9985,0.5327756867965453,-0.3286420000634793
9986,-0.42293493226245993,-0.3846015904565571
9987,0.15557224992065213,-0.5087364987165269
9988,0.3102682005224803,-0.4660533513242864
9989,0.0774876819755051,-0.3884548474849231
9990,0.23114925523356794,-0.4402491295156357
9991,-0.04070495182222427,-0.3661834346651287
9992,-0.2593201121788813,-0.4152067452653993
9993,-0.27576426810751076,-0.4823278269298463
9994,0.049421034167590805,-0.4493445059194931
9995,-0.1388763727480939,-0.5325708514188814
9996,-0.16904605117327742,-0.49174882952170806
9997,-0.30867142395762664,-0.4284094552260972
9998,-0.19225334166996944,-0.48104910666925493
9999,0.5287838255251416,-0.5073122860815171
10000,-0.113509830079551,-0.5452738063098289
10001,-0.1598764312542785,-0.4803899955200164
10002,-0.336957027748732,-0.37796475506406146
10003,0.6588577002085559,-0.47823749290148587
10004,0.2915861502267338,-0.43684624880155987
10005,-0.33437978374168714,-0.45422409667590236
10006,0.25839352716557,-0.49243101618459406
10007,-0.10282340775029966,-0.4811513921508941
10008,0.5659135650375952,-0.48039045076715403
10009,0.06139141181337531,-0.31754497408357724
10010,0.7024538082393686,-0.017301839971989197
10011,-0.8834282522624316,-0.11953163161766284
10012,0.4404342080881331,-0.37198993175398687
10013,0.7676629201839611,-0.30998536366223023
10014,0.04288506727363509,-0.2711478833454317
10015,0.24230932199702024,-0.3184415146343277
10016,2.0141079459303475,2.189388790104851
10017,-1.3965979426855395,0.2928657087401082
10018,-0.22554349620689462,0.13463218963400977
10019,0.727260354186501,-0.1955414809637252
10020,-0.17070974430996744,-0.219248671586262
10021,-1.1209067324239268,-0.04731098275004922
10022,0.07558029683549473,-0.310634686505471
10023,0.2882237446742055,-0.2962267073805898
10024,0.07320941052906181,-0.37980215046919996
10025,-0.1787719464304836,-0.45284431768105454
10026,-1.0052644835921716,-0.15853170058856977
10027,0.2709602332701624,-0.32467180671882506
10028,0.3934985613038361,-0.46554591222107167
10029,0.4576745010132212,-0.4841485367950811
10030,-0.037380575336268686,-0.4114658942262932
10031,0.14448715344740184,-0.49044955171249494
10032,0.7856321622792408,-0.4248942525489779
10033,-0.20496825576183103,-0.3536801719457326
10034,0.20464565854396954,-0.35922815855072016
10035,0.11525169797668798,-0.505428647906647
10036,0.5934831164457038,-0.4123090535886398
10037,-0.5652625508672283,-0.2506349441911591
10038,-0.42348197798290177,-0.4036221662741344
10039,-0.08603471834280055,-0.38916989544895086
10040,0.7822789670864896,-0.5006160422251946
10041,-0.41610391430149346,-0.42712742640582424
10042,0.04694747211134737,-0.517904717143518
10043,-0.612361489325528,-0.44089367383226497
10044,0.12048444907525353,-0.4415114452209081
10045,-1.1814801038416813,0.05703968465658999
10046,-0.041190897046284515,-0.3088173347727431
10047,-0.4133239090600155,-0.2509394759408959
10048,-0.28793052231567184,-0.28181254918328713
10049,1.2635238739613603,-0.4262231092861759
10050,-0.6959587547709702,-0.36658159675484864
10051,0.1888716618480763,-0.43292760586361845
10052,0.08113568136048536,-0.3857331219900811
10053,0.21315256554559076,-0.5298862944670165
10054,0.784132203998624,-0.40377238833771245
10055,0.2883938564139279,-0.3322749951039494
10056,0.30453041154845356,-0.3023931489743758
10057,0.48418656190117254,-0.27556219366265877
10058,-0.9367579461379791,-0.2530733838276854
10059,-0.08322836914739994,-0.39849465031488746
10060,0.05391724791969738,-0.33743286694628616
10061,0.5570625411755562,-0.33728181290402726
10062,-0.07358512637000818,-0.43695315630805104
10063,0.35998099978317044,-0.3466916910501376
10064,1.686654259644239,0.33651745901526137
10065,-0.1504759193137212,0.053399812359953266
10066,-0.23653708032809004,-0.12401071098989505
10067,0.7452154972888937,-0.22282977765634615
10068,0.3307534718194825,-0.2455234193352669
10069,2.700314898931964,2.8598686084312686
10070,-0.9970373947718828,1.3263412846449327
10071,0.27423546270483795,0.2687299723272977
10072,0.4508633453910294,-0.09745511361905657
10073,0.4540556827055524,0.17443687585293144
10074,0.47167081497904295,-0.0580579565006283
10075,0.06613074544047116,0.07672426463657558
10076,1.692734644552866,1.8091275261221127
10077,-0.8070818313653708,0.7774016304198813
10078,-0.26292561824407235,0.6912227131691595
10079,-0.9468938308754486,0.32302761712809486
10080,0.7670617986432336,-0.06710740252333577
10081,-0.6103554677738825,-0.11306256502575893
10082,0.02160654945696545,-0.24226975860254413
10083,0.715238201555019,-0.027074470562955838
10084,0.32476583700135503,-0.17025981510511656
10085,1.277158433241667,1.289392943416571
10086,-0.23374697927229995,0.5090052635186131
10087,-1.1134424315653646,0.27010908763507324
10088,-0.28018965546156555,0.061494667291023514
10089,0.7058214554033273,-0.268852426242588
10090,0.05689108945819073,-0.13857187056648906
10091,-0.47064248184740803,-0.20124515389203018
10092,-0.06008642513078443,-0.029117359857438532
10093,0.34211519879827657,0.12526759624848954
10094,-0.3094928845291582,-0.11924618801364734
10095,-0.6607332572843836,0.03704426737876441
10096,0.40491161302137424,-0.3432363383008156
10097,0.44005716345811946,-0.27723695982626084
10098,-0.18719574270693132,-0.2715548163044542
10099,-0.41571673477982335,-0.18202313690738903
10100,-0.6994159500902044,0.055348414436814417
10101,0.27191143637777054,-0.2385483820777815
10102,-0.4938608357700286,-0.2606244422011328
10103,0.7241410436607906,-0.32925087643598494
10104,-0.36091384438348567,-0.14683597753250272
10105,0.12649818636301294,-0.25279838040864266
10106,0.1711193533862227,-0.3235539519881137
10107,-0.0683522658781242,-0.3235791819400806
10108,-0.5386876557890522,-0.2044314691147181
10109,0.21646727714165184,-0.11251090828288496
10110,0.20213997928840605,0.08414436439382997
10111,0.2691622082874039,-0.11839667040614207
10112,-1.2263862146111428,0.17779212321695437
10113,-1.8317034958046146,1.1370250525731658
10114,0.7101193391429261,0.34405160752830044
10115,-1.1145403193178247,0.16118488978516074
10116,-0.5302895884463746,0.2610787882351013
10117,-0.7331966022088197,0.24232123415849288
10118,-1.0629067504732699,1.2430501954688746
10119,-1.2918641420223307,0.3391750121034183
10120,1.8038449322616719,0.3079428960100849
10121,-0.342523310584326,-0.12357304905368813
10122,0.9571488363752397,0.043352029070104964
10123,-0.09769656470833495,-0.05322876469074857
10124,-0.8230261406005472,-0.13066358734001693
10125,-0.5330707545851571,-0.16592102701456712
10126,0.23844318969960984,-0.2720651837530594
10127,-0.4596524144052049,-0.3360766527301577
10128,0.644322534474905,-0.39010384790363795
10129,-0.5677180930472345,-0.17763609298629718
10130,-0.9562574883924723,-0.04626257558669521
10131,0.2290954017315795,-0.2623336071383007
10132,0.08678658109587462,-0.43201214866489596
10133,0.11352945773511895,-0.47293329287020813
10134,0.16371721778652554,-0.2706454988424808
10135,-1.0046651974128729,-0.1253230090089419
10136,0.8758225848022071,-0.1863647120038123
10137,0.9232589784019544,-0.38721908004480066
10138,-0.09973723706733993,-0.3188940171636128
10139,-0.574993893633456,-0.28276946950995496
10140,0.397490493043078,-0.47055055557913006
10141,0.18740453926527362,-0.4048794139541145
10142,0.1510668382821302,-0.4901047863316642
10143,0.005069401036194385,-0.3910705701971047
10144,0.2665373934365398,-0.5168495779974234
10145,-0.11659621926630145,-0.5193274561122663
10146,-0.17790087615937095,-0.46636988202688334
10147,-0.35887128509386745,-0.4980991640100959
10148,-0.5152557513735643,-0.45141728726633956
10149,0.33081274801752936,-0.5493811134539194
10150,0.03695580588548916,-0.5488114605539766
10151,-0.6310796646532254,-0.3823229154324551
10152,1.1907076333878672,-0.33150725810708886
10153,-1.7048181718102629,-0.12225737605081352
10154,-0.04448496101373715,-0.2032571319687084
10155,-0.9974324524381624,0.011703111150413073
10156,-0.2027356152103145,0.29234230034895325
10157,1.0332484190835802,-0.18775664989589835
10158,-1.8248956809937504,0.1877597435615419
10159,-0.24666975954512774,0.17356011540997487
10160,-1.4863611118662494,0.4706138754917928
10161,1.3022868894952329,0.090242741974035
10162,-0.196594547291063,-0.11180710219411769
10163,-2.7891578493277316,1.845370825006336
10164,-0.21489350581530722,0.6641948960176147
10165,-0.18098145495242135,0.5894439290665704
10166,0.03720018100051734,0.11236304462773258
10167,-0.21163206231433693,0.21614784005166524
10168,1.133297416559681,0.09826923480442468
10169,0.3819813870344658,-0.21368119746535663
10170,0.05192598023290901,-0.32525711826676423
10171,0.5384071105427327,-0.14112160578863972
10172,-0.29458328238513326,-0.2774272537032906
10173,-0.7655975077361206,-0.16904073142593823
10174,0.3804564662158637,-0.3614731382581336
10175,-0.18164600239049178,-0.023841253123294964
10176,-0.3084830400434285,-0.2976706090576976
10177,-0.1544985650330119,-0.28618752549164206
10178,0.2019727090246374,-0.4063357209118832
10179,-0.1694014546961795,-0.21857035238627814
10180,0.07091852868991884,-0.28778013151319287
10181,-0.6218466539505119,-0.07104381922895112
10182,-0.2769524383924301,-0.04648384216865058
10183,-0.15788666215316183,-0.32799097420145606
10184,0.3653865325345563,-0.1103560399654765
10185,0.13646743492450794,-0.08688968090290983
10186,-0.33012180225030047,-0.29703856228653264
10187,1.065791862001181,-0.14293557937019086
10188,-0.40466651065656717,-0.2263961487846169
10189,-0.2929724049139988,-0.2800265748525591
10190,-0.3755486646446567,-0.4365801815014621
10191,0.07283817476586893,-0.45110777100263916
10192,0.8371716792758409,-0.2972224287379234
10193,0.28730815649788555,-0.34933887149810805
10194,-0.17293409038978858,-0.2666014837186411
10195,-0.4020427539567193,-0.22385007708410326
10196,-0.9359954827650984,-0.19967382972768333
10197,0.48603858358244606,-0.4254003211382298
10198,0.947496664617472,-0.3152515051012948
10199,-0.30597163724185966,-0.20411631167095357
10200,-0.33877061018771115,-0.277054376630435
10201,-1.1036370418786632,1.088280311504732
10202,2.1405282839835036,0.08191524377133914
10203,2.3988823930536722,0.8186945461638585
10204,-0.8903923625135541,0.1565739380593468
10205,0.731009728894909,0.26459770591622955
10206,-0.06787438439841859,0.46857889159427224
10207,1.0941556589514496,0.30094524920683796
10208,-2.0473675458347107,0.21949253643305336
10209,-2.3990619671432385,0.7761446080349069
10210,-2.4374889103035446,1.7603493832215173
10211,0.6378424625020911,0.4647919721864088
10212,0.4129331222426095,0.02847647444407854
10213,0.41519395016457783,0.13283149196863964
10214,0.7813720663009953,0.1411307035436964
10215,1.2415925816025255,0.16955471245019052
10216,-0.11043215482534183,-0.17125588962332716
10217,1.932330557185017,-0.0010215387590527328
10218,-1.2010350904984144,0.28123720580613065
10219,0.27535898310584533,-0.2560537516637625
10220,0.9620030291233309,-0.11413758553994052
10221,0.19945481991855496,-0.1917420563416069
10222,0.33922348362044363,-0.08749532656448794
10223,-0.6417694693301795,0.00715225938884978
10224,-0.9714034665863829,0.2615772373911336
10225,-1.7276004231325632,0.4315987211176022
10226,0.7794577453689985,-0.10840860521543935
10227,1.0937895121052486,-0.19198658973356214
10228,-0.6916248384493507,-0.03125707830946843
10229,-1.4367150028898603,-0.12716457731854985
10230,-0.5684280004689485,0.0014026368683609791
10231,0.7058468790426824,-0.30559067898292136
10232,0.022229016021189176,-0.19642840918055893
10233,0.10336067917569587,-0.451527294953047
10234,-0.4030941841464711,-0.41602188412360636
10235,1.485667131544494,-0.28483162990874983
10236,0.3131704801416234,-0.3947819009130051
10237,1.3923547049334155,-0.24781653922807462
10238,-0.042483006894643204,-0.34431665443542175
10239,-0.279269672823589,-0.3020141932011475
10240,0.1572449605627967,-0.45741614329898495
10241,0.48050361585877005,-0.39139640757085115
10242,0.37053998391193055,-0.4317650131131167
10243,0.6109047507637686,0.03302900193769537
10244,-0.30843063231488205,-0.3236644578856027
10245,0.7104896712156055,-0.17852107839453135
10246,-0.15034895488268785,-0.4153732818280991
10247,-1.0211714108605257,-0.2122735655925338
10248,0.783583084671942,-0.39879636880590796
10249,1.3199791193624522,-0.13049960231887464
10250,0.29472158870501725,-0.17556619274533858
10251,-0.5619970578774321,-0.26688477802208754
10252,-0.2875048650335855,-0.29985074044026877
10253,-0.18931411353396538,-0.3404001774422108
10254,-0.018052591551750718,-0.33170701780712397
10255,-0.7261838080193725,-0.29783042237252166
10256,-0.8708180909216525,-0.18414546172513174
10257,-0.6828667200371277,-0.2675253485690021
10258,0.8340906929136984,-0.4469732358351593
10259,-0.2684097268545324,-0.4208757923604088
10260,0.36463239417201837,-0.4813700546716386
10261,0.4761281604738156,-0.4191545916456531
10262,-0.22914615602420899,-0.5328860746882458
10263,-0.9258927813337546,-0.36194924165525827
10264,0.9495263042655816,-0.46421170907751763
10265,0.16234755188780192,-0.48561413647672413
10266,0.2127811318664204,-0.5267962860983783
10267,1.1505884384246186,-0.34147288818748955
10268,-0.3418112541847142,-0.363819230261501
10269,0.4383299493468064,-0.4327170119042564
10270,-0.3837353209078144,-0.3680498396305065
10271,-0.38874254355929594,-0.41120620595500285
10272,0.8614068043305303,-0.4796120493792183
10273,0.7103304332854837,-0.3455402261654188
10274,0.21019806458016665,-0.3614044566511739
10275,-0.5275133173721221,-0.3416752839555183
10276,0.5752065021633275,-0.5114674964178579
10277,0.13734840315579944,-0.29212862796229044
10278,-0.224135263926456,-0.2863936943259966
10279,-0.1701460082656091,-0.3492185509689161
10280,0.24894489300185174,-0.47840228868556045
10281,1.1353171263369322,-0.14166540892868557
10282,-0.13969134062885122,-0.1498863355779583
10283,0.9182202235646499,-0.2020128899187006
10284,0.06862852383203275,-0.2753356225811681
10285,-0.8294828375778671,0.01589977863329215
10286,0.7899849708831386,-0.19061838101580236
10287,-0.12142245669750419,-0.34176448280184
10288,-0.1199915427881699,-0.2697852657585203
10289,-0.6338885517300435,-0.19100052710627896
10290,-0.18499891692511042,-0.33383557509555917
10291,0.5444788303584585,-0.368978583281061
10292,0.029462068565228348,-0.42171479562541475
10293,-0.07539191499686612,-0.5036380128201315
10294,-0.08898402418340472,-0.42984403608449157
10295,0.18446186910987683,-0.3879033400281475
10296,0.34436535289521053,-0.3856319615946636
10297,0.2281908846551771,-0.2096595017009773
10298,-0.876441958072204,-0.1416534704809331
10299,0.2948743910670425,-0.09233343935544516
10300,0.2728996848297256,-0.26855626093086826
10301,-1.055013481678255,0.08185664809307774
10302,0.8594860117185428,0.0937933373199479
10303,-1.113656954464718,0.15243792076009668
10304,0.6468063122769454,-0.10200156495417967
10305,1.013207898838353,0.29127914872273813
10306,1.8801741740019018,0.843355200490212
10307,0.10523099470522897,0.9266826789010186
10308,0.25593188563173447,0.6916640433851496
10309,-1.3983197471508404,0.4248493407079288
10310,0.4013151172775213,0.08611728264024933
10311,-0.160880691643773,0.16024541025099762
10312,1.2424983708599282,0.04389935837487524
10313,-0.29243824068307783,-0.020481507901399756
10314,0.6191799940207766,-0.1300902970774191
10315,-0.26236809295874947,-0.25706454015439695
10316,0.8754024305920323,0.05046253244893775
10317,-0.4131641606768249,-0.03301084358657151
10318,0.12347431966622856,0.42541875120392597
10319,0.9155069551292422,0.13942998283684854
10320,-0.09302057653167825,0.07938600746715349
10321,1.307944776474014,0.30654867707137495
10322,-0.9448405551141393,0.3123844054027818
10323,-0.8143412611155282,0.07376714509464298
10324,0.14169225872395724,-0.13547913786841406
10325,-0.5479352257129555,-0.08661528655276476
10326,0.550444210981517,-0.07570405219717072
10327,0.5449452840863773,-0.08958843796562849
10328,1.2257549617977057,-0.00983276734983396
10329,0.4689448263346436,0.09422301933499862
10330,-0.22885123174214073,-0.025980639748713133
10331,0.24496205123377732,-0.061930787717086946
10332,0.43660160621056987,0.152556825734098
10333,-1.7277048045576804,0.20412887804721774
10334,0.12034560445322187,-0.2457638916572249
10335,0.3986666213964756,-0.176350774826968
10336,-0.6550937995548727,-0.04251512158335338
10337,-0.3998719110301142,-0.22859064463001794
10338,-1.3248297925863979,0.007974390587077426
10339,-0.4462570939064874,-0.1531604291976375
10340,-0.005468487285215604,-0.16133155518231423
10341,0.33980713791307365,-0.32826866262378895
10342,-0.3435886334808655,-0.4084296446717211
10343,0.39183293663536994,-0.3266384966295741
10344,0.7781196687778843,-0.3237015751385043
10345,0.8341968320490732,-0.3231666174896854
10346,-0.9469601248873063,-0.17057656506113417
10347,0.7482214835267155,-0.17453338236621108
10348,-1.1455403017072856,0.26435882194090465
10349,-1.1605933191769433,0.16901979271746054
10350,-0.5605106823162311,0.4992897799787745
10351,0.7786469557518415,-0.1993034474173462
10352,0.31542159628755295,-0.3419705450891741
10353,-0.3151575512798139,-0.3132740689362035
10354,0.028540611187432386,-0.3760598928153926
10355,-1.4567045632614113,-0.20442428700136328
10356,-0.939038056792768,-0.08641475545507829
10357,-0.01589232977830686,-0.11811241958355528
10358,0.6169164859609729,-0.40583532882661355
10359,0.5751778938696492,-0.3083648669061238
10360,0.2214772698380198,-0.36902588858984037
10361,0.22415869679114173,-0.3859380555842585
10362,0.5317407092713605,-0.44217160701447145
10363,-0.7101780411339405,-0.43118611614292524
10364,0.6988125259755728,-0.34506195447997573
10365,0.7618554960314358,-0.1006176787264915
10366,0.3346843507236585,-0.2588832367438378
10367,-0.2831667244765448,-0.28030703149065384
10368,0.7833865072759022,0.03439266366433524
10369,0.10085219769933262,0.41059755736114706
10370,-0.027850004336009395,-0.047803780704528176
10371,-1.3970294048560177,0.2433586486354294
10372,-0.31378146016468944,-0.1981341991259124
10373,1.7048970084459343,-0.0022840077940731868
10374,-0.41653584504635527,-0.11416917711719435
10375,-0.3389248148456838,-0.24410261221705631
10376,0.34045080603952654,0.07338599519494488
10377,0.2313484487448471,-0.2128761263050995
10378,0.2912141073032109,-0.27425434144365257
10379,0.6681613472995258,0.22487311105230162
10380,1.3578993420651102,0.5212285077409475
10381,0.3157889594759803,0.41089772148943104
10382,-0.5069354201530065,0.13079593627451458
10383,-0.5719000538640422,0.2871417241636329
10384,-0.21885140465724007,-0.19042086891981086
10385,-0.6437583806817214,-0.12971784416797327
10386,0.3225110359128378,-0.3132915759839195
10387,0.006652305671129438,-0.2761973374330761
10388,-0.23665430918121688,-0.26891072553113793
10389,-0.1695667191005799,-0.36811735459830447
10390,-0.23946872803054375,-0.2846383411776786
10391,-0.5565419048526586,0.04035317001315319
10392,-0.948299056052787,0.0277928982471939
10393,1.6327157454251355,0.06677430157102013
10394,0.027219565821988975,0.00972710508694874
10395,-0.39708241043078596,0.07733324099225833
10396,-0.12657836143261467,-0.017502232644232937
10397,-1.3721140413248942,0.2512640390736044
10398,2.0755029163959215,0.5203260510498651
10399,0.32869634328541675,0.2841922327218458
10400,0.47645516097295465,0.03084412682389325
10401,-0.10959323866702565,0.020393031313587988
10402,0.2585912683744859,-0.23322785009984037
10403,-1.4569010589929277,0.25388934537156066
10404,0.4831728540853351,-0.1188776171308146
10405,1.531258538427682,-0.2674419371509565
10406,-0.49437542634439696,-0.15525697532097785
10407,-0.8304499652387045,-0.03258192827818608
10408,-0.6737247184252139,0.2535997792792857
10409,-0.1904596318579396,0.45502390861253844
10410,0.39215880113352813,-0.12518154110873597
10411,0.7476362706835636,-0.2860919222474303
10412,-0.4440082962502467,-0.18248577943207214
10413,-0.16016021236562866,-0.26841872050325766
10414,1.8186589140576146,0.09320607570463303
10415,-0.24496439493730715,-0.02536512850466141
10416,0.9336457766336475,-0.10419309910528474
10417,-0.09297378328976914,-0.18169792034580828
10418,0.2740864686400529,-0.05953356888858918
10419,0.2772944125663523,-0.2691820903036188
10420,-0.2911407601244881,-0.2738209754149866
10421,-0.43524246951381157,-0.17804066138165195
10422,-2.2715139051270277,0.2752685534009719
10423,-0.7897331549062784,0.6185734347650477
10424,0.6567923816415956,-0.03468824128393713
10425,0.7001173327485258,-0.09537367469506447
10426,0.44657875473623765,-0.29745014858120583
10427,2.620031908445108,0.6000236202696433
10428,1.808370161633743,1.1039383385067438
10429,-0.966117073707187,0.45552308910791156
10430,-0.16201757752489318,0.01868319104310657
10431,0.8277835389782523,-0.09128233419168125
10432,-0.7753313964293478,-0.038398295654306025
10433,0.5441713565221444,-0.23646550515631304
10434,-0.7343254655309646,0.16920142187541104
10435,-0.013010013456923531,-0.049052826583059636
10436,0.2910619755721966,0.1076724657054335
10437,-0.5623243017180141,0.04269953185500183
10438,-0.8252069794880947,0.03346391472374881
10439,-0.3288917992435523,-0.027257957653815307
10440,1.5018536874998079,-0.09547744110565332
10441,1.4148837162702554,0.11733007613975711
10442,0.7705999558103179,0.5124212523635394
10443,1.9193244064643666,1.148059647193599
10444,-0.34733088340830603,0.594629447239742
10445,0.28604041209709974,0.13451706690918658
10446,0.25809722661527773,0.3370414412933724
10447,-0.7578249850977712,0.21369914378720686
10448,0.3682848184434767,-0.0038818441881088156
10449,-0.15967544505333775,-0.03082098048941251
10450,0.14065005967422334,-0.15743742789451942
10451,0.3451003478027785,-0.12819293948454194
10452,-0.05291093980372554,-0.016611115888507902
10453,0.9528367964834787,-0.153824863714166
10454,-0.16966181624299168,0.1446242106041537
10455,-0.7735390259278309,0.11402020122979875
10456,0.8105032758350638,0.159742150445376
10457,1.0644869215566417,0.28097581776941627
10458,0.3090415786284501,-0.038601042657243984
10459,1.1120688033612471,0.9143649215837466
10460,-0.12142348800093217,0.5347007117541456
10461,-0.24101750511786757,0.2866552564315239
10462,0.5741441990346209,0.17859893298161766
10463,-0.6998908241582494,0.639285093329445
10464,-0.9298899626156892,0.4503896458195266
10465,0.6129144412796257,-0.1167858749858599
10466,0.177031638295406,-0.1398236856022715
10467,-0.5395233266993484,0.20809048617575301
10468,-0.6963262471654712,0.491158835259933
10469,-0.42712998059438373,0.898122191556273
10470,-1.7073489437546616,1.0023532976469625
10471,-0.009698086316577783,0.6474094582288862
10472,0.2944841630658812,0.17683703589644767
10473,-2.8384605405817402,1.1286137215681227
10474,0.5332575009858908,0.222405665327117
10475,0.489896004764483,0.38632734802206287
10476,-0.5673433893641924,0.3007824298810093
10477,0.5403424418489889,-0.059604564480479155
10478,0.5746743177117739,0.010994040466924627
10479,-0.670736209627363,0.0456840558924718
10480,-0.06844766682219917,0.11919602225399045
10481,0.3244450775445847,-0.16919510778990007
10482,1.0841097105873196,-0.05544943689609182
10483,-1.0279026755392742,-0.026924935201973824
10484,-0.6185364873460059,0.058364438192708416
10485,0.8388327995933283,-0.28155184024149205
10486,0.22579422512002886,-0.19792636323888546
10487,0.18280220667475966,-0.32818022124568536
10488,0.04299249035842136,-0.21878467130729617
10489,1.0335360140169836,-0.12473267467481569
10490,0.646754703464444,0.31438153467987673
10491,-1.1843732722781455,0.813909698398654
10492,0.13210094564143177,0.34887825696198965
10493,-0.046164202502866354,0.9976399196227722
10494,0.20604317451277362,0.18678999295809473
10495,0.47547586579238366,0.13640616879032438
10496,-4.714674708340924,2.372706263659611
10497,-0.5098765606219398,1.512435821042235
10498,0.9546118014405248,0.43726862453484416
10499,-1.804694972938952,0.39017924663085435
10500,-0.856873551430927,0.750005991477721
10501,-0.504591568605969,0.33803355975743277
10502,0.813529371927888,0.009206355579960815
10503,-0.28941067384921265,-0.057356465977239715
10504,0.352898531663056,0.08429964132688665
10505,1.1130864615161924,-0.09382548742249719
10506,-0.7080433476769736,-0.017458201878922552
10507,-0.2819293559504282,-0.19715279100410207
10508,1.1894735534029297,-0.27885419777376114
10509,-0.6363578410774526,-0.03434346501054836
10510,0.134805135216995,-0.30004196393520416
10511,-1.0931094195012194,-0.2426472720580204
10512,0.8749379622240788,-0.0878994213662389
10513,-0.35401783858427904,-0.3308339353742288
10514,-0.8080209456488048,-0.2323624991580564
10515,-0.567345170467583,0.11313962299153763
10516,1.3166877467035034,-0.3156397412813908
10517,-1.0367459156271732,-0.2728190130262484
10518,-0.2138894899475845,-0.22077738179904177
10519,-0.8710277948894901,0.09625880874762077
10520,-1.2149717949994372,0.5048047209977214
10521,0.31923577939094344,0.49714933682900825
10522,1.3075338124163434,0.016811584764524136
10523,1.5910901492679912,-0.12731822983562252
10524,0.07890703979144062,-0.09804446346704804
10525,0.28409981966112496,-0.37251459612538823
10526,-0.6315236746164341,-0.2870816789363838
10527,-0.44034207124733427,-0.31913872497908974
10528,1.164576529419231,-0.3920134680034171
10529,-0.40799501806220295,-0.379235330977503
10530,-0.5631917292247011,-0.24088783762434002
10531,-0.3286129986966064,-0.24435033043288545
10532,0.6873562908189883,-0.3834149188738404
10533,0.36078554116965583,-0.46069747305831876
10534,0.46873013119806356,-0.3615307213920481
10535,0.14671219325566548,-0.4160761878915714
10536,0.23478031797705856,-0.3961778670904441
10537,-0.4029730635455519,-0.22947318746420525
10538,-0.9522967219102533,-0.3052807916165969
10539,0.31835774928189764,-0.0700114240600037
10540,0.8837145421104986,-0.2097558099204338
10541,0.327339333636296,-0.4362348182753322
10542,-0.06950998494903712,-0.41053344838796957
10543,-0.1752986827971659,-0.4112987438551812
10544,-0.012150434042826837,-0.47844790404826487
10545,0.8238286707023326,-0.45860690875145593
10546,0.3285753322176084,-0.4073687332290076
10547,0.3386639290560311,-0.37493697626243727
10548,0.16341120992779004,-0.48620850788247283
10549,0.5436114616903955,-0.26332252123762806
10550,0.06030554350083033,-0.39019453400162485
10551,0.6851908885262636,-0.23097436217435635
10552,-0.3219889549511482,-0.3429303908412821
10553,-0.10821901188497189,-0.28638617232372804
10554,-0.07689147245647533,-0.4920461389319766
10555,-0.5078104012152247,-0.287949301110705
10556,0.24813456480277385,-0.4441670856652648
10557,0.41817190040731,-0.49963091448762187
10558,-0.2794670502956428,-0.5026132002537653
10559,0.009799431581658916,-0.5135224902129057
10560,-0.6816616711067935,-0.4083844083105286
10561,0.053763975690666856,-0.40928135710931585
10562,0.2733462581070377,-0.5508642519783766
10563,0.3357942956725014,-0.4961172788950763
10564,0.20026803138905844,-0.5161006024949369
10565,-0.4754970484612899,-0.44941278257903416
10566,-0.0023062154146890118,-0.5089751400849454
10567,-0.6283277571610462,-0.35846973072329225
10568,0.08445465104085652,-0.3647318233533734
10569,-0.08073661092424646,-0.4098207566078796
10570,0.2248453787225804,-0.5423461333076324
10571,0.0033335383887001975,-0.4820959225547461
10572,0.38794169222751484,-0.5225059608267769
10573,0.3702822286527949,-0.4190221108490441
10574,-0.2977829903257529,-0.4419782385761294
10575,-0.28493614174417276,-0.4612043550937187
10576,0.3403136627285993,-0.5323191434050029
10577,0.7631549053486681,-0.45162759194597235
10578,-0.39157149849148093,-0.4217786579948406
10579,-0.8378296004398259,-0.36918110434316787
10580,0.6927996727661963,-0.3852194086361545
10581,-0.269458520944694,-0.5025893024831064
10582,-0.5567451007908363,-0.45568579004103826
10583,-0.5235531611256464,-0.2992543922336439
10584,0.4551323698421665,-0.4481130235051288
10585,0.16525422989376107,-0.4598354867257125
10586,0.541625160056754,-0.35470298618180524
10587,-0.21341607054588443,-0.3685008135939533
10588,0.0399808476646376,-0.4844696475979503
10589,-0.11973142635379042,-0.41952930134477606
10590,-0.2991608648796327,-0.38076155817359464
10591,-0.6841959478760187,-0.34352496952057965
10592,-0.5313029296769608,-0.28458188204959656
10593,-0.11494925228157626,-0.2990357296615395
10594,-0.6913929531103911,-0.21627029855034263
10595,0.922435725560481,-0.24251381364208935
10596,1.2367067708184787,-0.25846784946076984
10597,0.24354578833901,-0.29207189937034
10598,-0.6697085166853299,-0.37088069285597924
10599,-0.5903929875469165,-0.3649323021418058
10600,1.039035489885407,-0.40154877086426327
10601,0.16418987215033942,-0.36166626887990744
10602,-0.2649484228619799,-0.3866959652195438
10603,-0.40388368157986543,-0.4551047940435533
10604,-0.16887284719220375,-0.5071237336533824
10605,-0.3741649108521056,-0.45311174406557037
10606,0.13511707196205203,-0.5418672530975603
10607,0.6048154575592567,-0.48081694698647015
10608,0.06643647390874323,-0.5119293143442603
10609,-0.005394176493563634,-0.554136470903784
10610,-0.30707890583132336,-0.5317817605284703
10611,-0.26097775269178347,-0.4286113094209561
10612,0.7187747723380579,-0.38570472896648267
10613,1.06918289928725,-0.17886757337621215
10614,-0.4100103871451309,-0.2905610226269972
10615,0.1068242864962598,-0.46542350104076013
10616,-0.02093704969147789,-0.49613509523610233
10617,0.0718507358434162,-0.5754137331583007
10618,-0.8475232350015536,-0.1492308948087403
10619,-0.8644889061420329,-0.1504649638572462
10620,0.16569278752801603,-0.06299303637725269
10621,-0.471518396153387,-0.36279060661226054
10622,0.9802591454667348,-0.4963829207982261
10623,0.18245903203576636,-0.3921436954606787
10624,-0.053989045531981625,-0.504908160928562
10625,0.3752616232353043,-0.5448219475289698
10626,-0.1173823863600207,-0.550961288784184
10627,0.36851397934230223,-0.5678928108910837
10628,-0.2358431994926598,-0.49306929265297306
10629,0.3654120087384388,-0.49986476068975183
10630,0.08911541366133612,-0.552480688753081
10631,-0.5829710569784069,-0.3659618927896161
10632,-0.12617237929406283,-0.41209788498930694
10633,0.2422685315917955,-0.5642825742403428
10634,0.8469027685296237,-0.48723605509471757
10635,0.7904877928838292,-0.02188037389726248
10636,0.11749560252667451,-0.16877297886606943
10637,0.31569100629114827,-0.20556108020604374
10638,-0.4233852613818019,-0.26509581575122687
10639,-0.12308233909838105,-0.3688934273000965
10640,-0.29492733040330443,-0.4495231289247666
10641,0.4449501837333096,-0.35406230197674693
10642,0.16761750033489767,-0.46373610618783834
10643,0.029652009954518558,-0.48678682832028397
10644,0.15517902376039314,-0.3531307121651012
10645,0.4394252849359857,0.012492183139868995
10646,-0.2619121821905394,-0.347353377557556
10647,-0.1546466878604389,-0.39451473676259013
10648,0.37233335554730485,-0.3734534890506745
10649,-0.7387812126238147,-0.2712609359876409
10650,0.14784633133323336,-0.36072518531105985
10651,-0.2654006900932553,-0.4252142489305256
10652,-0.32766020000509416,-0.4635464868222329
10653,0.499564543678555,-0.4377963242576192
10654,0.23456012714489702,-0.3196609456760469
10655,-0.42647653637713956,-0.4132884807345493
10656,0.1083902921066671,-0.4311784288993254
10657,0.06511744079122138,-0.5628395577374922
10658,-0.14775274925206391,-0.5495819134759047
10659,0.333020611003013,-0.4649702788407467
10660,0.828127178735087,-0.32956584783963805
10661,0.3921699874856521,-0.16588567890561193
10662,-0.6065494860993557,-0.2916255673506261
10663,0.8048732429669525,-0.3559465681833117
10664,0.23370393989648952,-0.2852993554344158
10665,0.38890397576720825,-0.2299076156942279
10666,0.434319958231249,0.3169120960465465
10667,-0.5795078075821684,0.09261181779511136
10668,-0.28182096296346154,-0.1210930912252311
10669,0.42287096816279524,-0.2857683382394653
10670,-0.4357543088819311,-0.29021018800574006
10671,0.08125728253741415,-0.30547635138052387
10672,0.3053385625927563,-0.42531967390485037
10673,-0.1403214171701645,-0.3889970822972047
10674,-0.35997446276092465,-0.333041186861157
10675,0.07645563264168419,-0.42643874717107155
10676,0.16204076975484605,-0.30804007083787094
10677,0.3741278447847627,-0.43998972432643046
10678,-0.05660873341090459,-0.18512214612427547
10679,-0.11774763620159429,-0.2794795944492391
10680,-0.2841932463691274,-0.07534238962805948
10681,0.036480908706658766,-0.19972625085508955
10682,0.810625124841048,-0.16541797115091464
10683,0.40030474330499405,-0.1894873345688658
10684,-0.15449910361325972,-0.287690796142416
10685,0.2068047603860843,-0.2508921945104056
10686,0.8556250437472379,-0.12910428681750075
10687,-0.5020917650611182,0.6151052275297947
10688,0.32943332575781764,-0.003800483169508248
10689,0.010447053053089694,-0.05228853752748169
10690,-0.18140945803658678,-0.04329228751604493
10691,0.2935650195861189,-0.17589687224751424
10692,0.09756248754581476,-0.3079456269797354
10693,-0.007857941482875726,-0.3748439581573035
10694,0.37112346667479906,-0.10722855900856654
10695,0.40162027934190336,0.09634991634535803
10696,-0.0010999384109395861,0.03984700166552124
10697,0.6687712730503514,-0.07061442711031765
10698,-0.7368733200855102,0.014918201114550216
10699,-0.8806418012027948,0.2891323708565158
10700,0.17742682168612572,-0.18132152867657972
10701,-0.39581326753391605,-0.19859777654439079
10702,-0.7349297908527135,-0.07789486380823255
10703,0.3988090039414171,-0.09990663156991283
10704,0.14469252213193648,-0.25919645392875545
10705,0.17784253472907743,-0.2997437489231814
10706,0.7060600504369166,-0.30296797197422143
10707,1.0641768279140538,0.004249297354755648
10708,0.019949054534090134,-0.22000797055689253
10709,-0.4052423256145812,-0.26968227085190355
10710,-0.40627036576528747,-0.3209537875845943
10711,-0.5183107521368161,-0.09334711824009445
10712,0.12750003193516732,-0.4002595974847149
10713,0.44883168022725883,-0.3751832693742674
10714,-0.31787927614886347,-0.4044942215921189
10715,-0.5177313725270329,-0.30358324275415544
10716,0.5684427814935846,-0.429941445251849
10717,-0.046572749095571776,-0.4376040646426809
10718,0.47359754200856113,-0.4195434030733279
10719,-3.6653872396103786,1.2865171476035866
10720,1.1307104628757647,1.9872765795008336
10721,1.494557269798028,0.3037975403853856
10722,-0.33373419925426745,-0.05572006652461875
10723,-0.3409019032964771,-0.04052808772772888
10724,-0.36139797451299244,-0.25160011011902267
10725,0.4398662098387462,-0.30597923493327095
10726,-0.09113836472683372,-0.3875808397228458
10727,-1.7476946044600494,0.06728824532154418
10728,-0.1484571949901269,0.29290926113114835
10729,0.053757301036466636,-0.09154824677093124
10730,1.2430891937144426,-0.12443422332527565
10731,-0.8587070052271918,-0.18280483090598143
10732,-0.2277129067373361,-0.3063517463655068
10733,-0.45550856135601797,-0.12287614823539625
10734,1.08422554862432,-0.29637832172841705
10735,1.5895529646353883,-0.2418691983714954
10736,0.6073621741096272,-0.022350649262706662
10737,-0.44006058726142355,-0.10899798495456975
10738,1.2095975431530561,-0.0007402817211517171
10739,0.7647597275330192,0.29947809529717045
10740,0.2747382324903168,-0.060488141694526126
10741,-0.18322927447777565,-0.2728518819715445
10742,0.15896282686876795,-0.36939431555568775
10743,-0.28373674269833105,-0.32530830172639763
10744,0.2870595933258168,-0.207019765326044
10745,0.5492831141653747,-0.4688568260262961
10746,-0.660432629554098,-0.3407497347738582
10747,-0.09393769945203909,-0.2773542119349628
10748,-0.41251819351055846,-0.33664998099149435
10749,0.6236227281220679,-0.29800749017419764
10750,0.6821543519181361,-0.2140406030959497
10751,0.24392260743283692,-0.18030314291395397
10752,1.6779608745515413,0.4035418018584936
10753,-0.33405189058445534,0.20679225890959954
10754,0.41922122315635374,-0.21397569420879992
10755,0.481446989977905,0.03587398330161519
10756,0.6041472629094161,0.08071554653119953
10757,-0.7555097862109164,0.05073183256408392
10758,0.17181975612608982,-0.2507967944050734
10759,0.14685148255686917,-0.21059998265259855
10760,0.08030725941381779,-0.18329798445406434
10761,-0.44271878051457614,-0.009527212892872935
10762,-0.15913712387111328,-0.05234330714001299
10763,-0.3458029592605105,-0.26736886709432295
10764,-0.5351928248595016,-0.2529827268591221
10765,-0.4625169817225877,-0.20216912633742834
10766,0.5196327042723532,-0.2785405740298668
10767,0.1968372116425863,-0.3706315869127362
10768,-0.80432537530323,-0.24175928487344617
10769,0.2887374447259456,-0.08159676742291044
10770,0.813023158249535,0.06662599606643649
10771,0.43444483794097866,-0.05723645370250455
10772,0.12315361426604661,-0.002849561000844769
10773,-0.975619753378084,-0.07209750471433804
10774,-0.43479734486718064,-0.11781356611435476
10775,-0.14448728426779184,0.17506160062734533
10776,1.069214458983887,-0.24483642477203987
10777,-0.3310553640194711,-0.17085808112828418
10778,-0.027925019582236716,-0.3541634218775092
10779,-1.0315316481164312,0.09965052062541409
10780,0.8999490250363539,-0.2295411441314864
10781,1.4527625259995354,0.39850746473454435
10782,0.6136784457819264,0.6258309663390849
10783,-0.06988078806506007,0.4077816088906512
10784,1.1065211639163024,0.4632294599114177
10785,0.6391385076399002,0.31625632992733543
10786,-0.25182866512599955,0.5680128884712732
10787,-0.12012171717694771,0.40679347636303714
10788,-0.1973133517493394,0.18491678365224506
10789,-0.8740879412997259,0.1534279345371586
10790,-0.1934633814604735,-0.03378705338491901
10791,-1.2336986221434565,0.8305925907744379
10792,-0.43804563016325015,1.1598502169135192
10793,-0.08304834117458988,0.28578934140749657
10794,-0.10286742576754357,0.02393091863373131
10795,0.7175795444337061,-0.18162250694994653
10796,-0.8661136039193552,0.060582636964852075
10797,-0.7046891283812721,-0.06881732833070674
10798,1.2035824448310501,-0.02677431433390931
10799,0.527233454308683,-0.2113720111569341
10800,0.05596907831328125,-0.20254869499955747
10801,-1.8474719636614247,-0.006138722814351794
10802,-1.5436896407093335,0.5494337872489535
10803,1.0517987681439958,-0.2320172697937476
10804,-1.5273619452391993,-0.019069144180103345
10805,-0.3978089697670144,0.2113800010629788
10806,-0.16456540468727848,0.01896616064012077
10807,0.6945398303251762,-0.09312610764101706
10808,0.3727228487348877,0.0064599091728186064
10809,0.02006776121235158,-0.19142865780614568
10810,-0.9013209857730691,-0.14387646632595041
10811,0.31219431509965107,-0.24684325967475818
10812,0.995918648233519,-0.478722643740793
10813,0.5118313228076238,-0.3508946504297788
10814,-0.23695162726801003,-0.34002877410247584
10815,0.5286259641923708,-0.4813546500670538
10816,0.08638044033701768,-0.47347384803371184
10817,0.7580023998709216,-0.34180322809405256
10818,-0.6549615461373234,-0.32379355902055906
10819,-0.43243859512746696,-0.39205176616048026
10820,0.30897877947709196,-0.43293346947872163
10821,0.058579823352647796,-0.4302856701726391
10822,0.05816407906997527,-0.43944476315133724
10823,0.13607317575755337,-0.26425844899954226
10824,0.8544028536606133,-0.28772988337500277
10825,-1.4858071872701777,-0.08330956170833143
10826,-0.20249396952143087,-0.22644216550007368
10827,-1.4434762397534537,0.3892677836289189
10828,1.750368471385552,1.6487867921096862
10829,1.3715703084043307,0.5381388467802937
10830,1.015690499389697,0.20557126857857005
10831,-0.5917081324106156,0.2577258759826929
10832,0.4322621184654565,-0.15031717095120703
10833,-0.963328077876706,-0.012062437203621997
10834,-1.1932769716145246,0.08219263356367199
10835,-0.05936147748806098,0.003345866634059322
10836,-0.24040197617033965,0.3476206875035226
10837,-0.9284381137953502,0.32140775729420035
10838,1.142590665051762,-0.08553881432595228
10839,-0.4666972922417712,-0.17046589446468466
10840,-0.7849232705161345,0.2103165833699232
10841,-0.41599697506287675,0.03511522358335197
10842,-1.5463116560621453,1.153753314767647
10843,2.93949102060669,0.5489300285884703
10844,-0.17124599589246128,-0.08301834990849749
10845,-0.46162358608244636,-0.07105189867541979
10846,0.7100473796836831,-0.17679881326902813
10847,1.091158197378001,-0.1720615906868273
10848,0.30502023562422653,-0.17419978616768364
10849,-0.6324431623990822,-0.1547099342937043
10850,0.4261869311796,-0.13195624338418208
10851,1.7018525138738494,0.4350720815293504
10852,0.8614126595843541,0.2720242463204526
10853,-1.2689395189629025,0.10290227182090333
10854,-0.9921681722358782,0.04269664883214722
10855,-1.353428420105648,0.5882412454027628
10856,-0.418033284370856,0.22505570620842424
10857,1.4564208972169266,-0.11649940639880729
10858,0.7245620015751463,-0.12043580120327513
10859,-1.0653812546523806,-0.0696718005913626
10860,0.7040820330840906,0.047777738143576644
10861,1.4803134206640598,0.16932868266459436
10862,-0.3686004102304923,-0.007338174515156996
10863,0.19808834386517218,-0.10005201585026219
10864,0.2260208370839131,-0.3098212120503624
10865,0.7426592511472451,-0.2154954633932869
10866,0.6772330670320635,-0.2713418141322304
10867,-0.31814219589915493,-0.16641316287238123
10868,0.3262748516884323,-0.3627099890194614
10869,0.006320929625443692,-0.353796149765555
10870,0.4798198696457903,-0.14630314262227068
10871,-0.003651020927091458,-0.2711699365653593
10872,-0.0713871401652103,-0.31091494225390875
10873,0.3606667980463329,-0.08905588746036047
10874,-0.3442547596480952,-0.1703548310302368
10875,0.4568633927837453,-0.27625394565063954
10876,-0.6142206482644701,-0.27672271632346285
10877,0.7906105971262686,0.34186387068756807
10878,-3.5500727367983247,1.4929836035398552
10879,0.9745065543505765,0.9039044891652289
10880,-0.09529183417177595,-0.1417545936792967
10881,0.9207781815335877,-0.10905243414384927
10882,1.4336250845657148,0.12416869124202551
10883,0.7603100404114643,0.06402370950707689
10884,-0.7016189026401636,0.26465931058259684
10885,-0.6292308958944455,-0.06917273032946913
10886,-0.07442264435897773,-0.19462044786793642
10887,1.2591828985632862,-0.14723865945596915
10888,-0.4662551185956425,-0.19032770235938876
10889,-0.1716433274949135,-0.22635324494173092
10890,-0.34953945535148195,-0.3115412332195424
10891,-0.8675496536806323,-0.14283213016666832
10892,0.2647620597172804,-0.263260797405406
10893,1.0686781183284495,-0.04584816584757323
10894,0.047004758552676766,-0.2854915774033633
10895,0.39832656605647027,-0.26671520954605327
10896,0.3098205559792053,-0.28305331849654336
10897,-0.4740335205628518,-0.2907113071401318
10898,1.5849772803167987,0.7990899438483928
10899,0.2796152086346676,-0.06058639299972783
10900,-0.44432309659895824,-0.23497589580768402
10901,-1.1993774391129504,-0.03018212516595134
10902,-0.7114407754150839,-0.12152201278272579
10903,1.381634676707619,-0.19886085844393458
10904,0.5698848521532401,-0.36673306490587604
10905,0.1207806996816813,-0.3385087904527676
10906,-0.08265352630634765,-0.3008380717537453
10907,-0.30191594461574217,-0.3204816865014292
10908,-0.03207038185665066,-0.43418585322802317
10909,-0.16492067086144127,-0.42910292980322223
10910,0.24091081229923755,-0.43720773593350437
10911,0.37939506603741935,-0.387623789530018
10912,0.5009040350570559,-0.3956278975734849
10913,0.4920585800467138,-0.34684691354234054
10914,-0.3874390468795487,-0.30279679837444473
10915,1.1819410946947309,-0.27746562325032353
10916,0.5781788465439421,0.31259734594297084
10917,-0.17028360297090017,-0.1153163142010849
10918,0.09481765282842025,-0.16621713667031415
10919,-0.8791303771951716,-0.0650133475590419
10920,-0.441619607911566,-0.05690842067584394
10921,0.34076243164758035,-0.3565382621429561
10922,-1.0250672178888989,-0.14702488871160868
10923,-0.7708071752984708,-0.13266438203955236
10924,0.39443738027003816,-0.40812908960950767
10925,0.44669024811747793,-0.31686995119915307
10926,-0.21440314535442517,-0.43482944126404394
10927,-0.9811103212217803,-0.09848313660546659
10928,0.5908341631902827,-0.3432380375740094
10929,-0.9561152035379966,-0.09922903837780828
10930,0.47774709812398924,-0.10490710095424888
10931,-0.26969609437471803,-0.2952654854833018
10932,0.09825247575752354,-0.44947714498787217
10933,-0.3677253867343047,-0.3574778771551792
10934,-0.4220641021335225,-0.27630434405803267
10935,0.31443593720606455,-0.43772721091698963
10936,0.5097087515811692,-0.4238375799062111
10937,0.18443031090671608,-0.4263963011055295
10938,0.4847385012122557,-0.41640185407990593
10939,-0.4844953757021677,-0.19785521890924584
10940,-0.39724677621341603,-0.4083761267062394
10941,-0.11962413196611121,-0.4188110944491844
10942,0.04208453200116223,-0.5093521812259965
10943,-0.4061240133053373,-0.41674921383333197
10944,-0.05571904018428729,-0.21731981383630544
10945,-0.8544358306304571,-0.15499716239742137
10946,0.3206664715462799,-0.41931188102224953
10947,0.17976310862079553,-0.3477794902040125
10948,0.32447710296598437,-0.46624982075763755
10949,-0.7452779183699503,-0.27925583022887934
10950,-0.07069976015668775,-0.2530788274146925
10951,0.6607495829916753,-0.27209959535454303
10952,-0.3927295533877718,-0.37312385065721015
10953,-0.41864853111096856,-0.3553804066513984
10954,0.6492067357191472,-0.42604496930382724
10955,-0.6624877063106464,-0.23521667825853787
10956,-0.8046325073627897,-0.09884430784812387
10957,0.1125001197838938,-0.14316443261474052
10958,-0.05255399392868821,-0.3640228472119366
10959,-1.1977467089914786,0.41336599949896813
10960,1.3164302061318733,-0.08494712505232721
10961,0.18645309986037312,-0.2876784659716993
10962,0.4535946224085026,-0.441127281083838
10963,-0.8866038546942377,-0.29975343570292473
10964,1.4953113951998107,-0.3118031641103729
10965,-0.17636945758907452,-0.2567697999120499
10966,-0.024189383803896142,-0.3694911503205215
10967,0.17389173617330847,-0.21553405910536977
10968,-0.539145193269822,-0.35620585945064615
10969,-1.537067118177645,0.18864130527749268
10970,-1.4268275382949758,0.8643546993594043
10971,0.4947343349632496,0.6070924474963583
10972,0.13079905379632953,0.8087956814257552
10973,-2.43836389316381,1.4047154517771956
10974,-0.24209689125451317,2.956714239740643
10975,0.7428641388751395,0.8453739310446982
10976,1.5797605738655442,0.7445655571896856
10977,-0.6634755828707571,0.21444831551013718
10978,0.535647619373481,-0.09608903159183546
10979,-1.746215797802322,0.24536003229342096
10980,1.1074726499033962,0.047709565737624346
10981,1.1448506678174042,-0.18978511536860304
10982,0.785546269583923,0.28059969118054323
10983,-2.571289374364723,0.5104510608658731
10984,-0.0326143970206055,0.08323425971157802
10985,-0.7353018346483101,0.3335025770199995
10986,-0.8122920965222591,0.37857186521243347
10987,-0.8499096184580405,0.4582260478043533
10988,-0.17809726432594958,0.5319533268202532
10989,0.9735042016385888,0.027380711980260743
10990,0.8835536880743751,-0.2604069065904134
10991,0.13486335332514165,-0.073693609862844
10992,0.21088553203687155,-0.24959333195737687
10993,0.048402011057954664,-0.37209643394414726
10994,0.9410509247006136,-0.2112813003034777
10995,-0.37216350098388895,-0.3039236950051948
10996,-0.0960485060572336,-0.2874753343256059
10997,-0.3405906886072459,-0.36969658860104965
10998,-0.16700275713194979,-0.337044246299969
10999,0.3132828558438379,-0.13609228786659994
11000,-1.7097880697945838,0.21299128481618645
11001,-0.8186555865208849,1.1380337355400738
11002,0.3016669353792246,0.08293837138450495
11003,0.4446409781051433,0.009713338034868138
11004,-2.1990269555020356,0.7265253213176972
11005,1.3513888244996177,0.40246819878072426
11006,0.7972350761237785,-0.1951728356447207
11007,0.7734136111275061,0.05336578411110066
11008,1.1599024650107927,-0.09598189967323745
11009,-0.03930907544967571,-0.2377925872281449
11010,-0.10375413221350137,-0.30151170310528536
11011,0.7103491066702566,-0.37960707455441733
11012,-0.22303397722428003,-0.26338992403726114
11013,-0.21360661676081635,-0.30911580666823457
11014,0.2422002191640791,-0.3418346361537574
11015,-0.2882564975552572,-0.1944890151483871
11016,1.3780374643325568,0.03400945558785114
11017,0.491884843669339,-0.028163486243104482
11018,0.31607590324832796,-0.24752863040753353
11019,-0.7199463982813248,-0.15228129579134242
11020,-0.022228892737627903,-0.37907832791806284
11021,-0.1057730286455223,-0.34391286134578114
11022,0.6907280280657666,-0.3964736698541649
11023,-0.40816262712251783,-0.3463547838291881
11024,-0.5491910173242682,-0.3929267069395971
11025,0.7266524170633974,-0.3908226536231451
11026,-0.26556504100986794,-0.3484190060449606
11027,0.028091940003288036,-0.49379330719591297
11028,0.9861745103481149,-0.3177789788464464
11029,-0.7874596416800942,-0.23476978240148566
11030,-1.4697746147060673,-0.051133420975626356
11031,0.2742225820987418,-0.01656698461641129
11032,-1.3854762561140388,-0.09328648597618455
11033,-1.6914949794480396,0.24253639965207013
11034,-0.2065566983032608,0.08309290092167072
11035,-1.7238204092208258,0.3872762228344858
11036,-0.1007570951425666,0.12432759166883188
11037,1.0810631420270944,0.07365124591462949
11038,-1.665038925244843,1.2475031096330582
11039,1.0340812024678776,0.5929832658021075
11040,0.4523854741660708,0.09078813760616232
11041,-1.7517940339164073,0.7634828645823005
11042,0.3626460752316502,0.7349596886961075
11043,2.010706421758922,1.2459997724843395
11044,0.77594243608185,0.5377344091019979
11045,0.43782586621000386,-0.09319508972397064
11046,0.8085379689867137,0.17886578233117326
11047,1.7647026987890657,0.5630447470948085
11048,-0.566995339572823,-0.050163572100094034
11049,0.1629872327583975,-0.1905479541143143
11050,0.5141246463424374,-0.283858883464027
11051,-0.28625229474371033,-0.16888652407678775
11052,-0.042257863536213976,-0.30539587422223846
11053,0.26534432190446317,-0.29391071907949257
11054,-0.444897308644431,-0.1150321692095343
11055,-0.42445129354469585,-0.181563053757577
11056,-1.1880581286914897,-0.05502673136682282
11057,0.11086088740534354,-0.19923565364800935
11058,1.0953186224006766,-0.23454402972277366
11059,1.395564014500633,0.04947349700098107
11060,0.38488102225412546,0.03080499209854196
11061,0.562446700321831,-0.17900961708163818
11062,-0.2634162335839929,-0.23110929554258453
11063,-0.32410235490543,-0.27961771833655075
11064,0.07341411777558192,-0.2947163333836577
11065,-1.001031485370061,-0.049248396171443554
11066,0.6882572397460994,-0.0833929639741271
11067,0.30600311853608797,-0.16855749879462942
11068,0.22445431924261644,-0.20994451217448112
11069,-0.3398965997867021,0.03817345516941452
11070,-1.4610034379820414,0.08047704001627387
11071,-0.8549863966173987,0.2652371982881169
11072,0.91387346586945,-0.25654424221056626
11073,2.25834411972528,0.8223039962108053
11074,1.8115369387653018,0.6434524988592212
11075,1.6593691323730073,1.5583170681152434
11076,-1.2416746639082368,0.7511955141577066
11077,-0.6272041706537408,0.2929867793353881
11078,0.32128536250633793,-0.282907538655838
11079,-0.8341685322562357,0.1247943245138334
11080,-0.9870026188841453,0.26669965012156815
11081,-0.9843396457132656,0.20628401395776294
11082,0.8257392719144587,-0.1442540752756809
11083,1.5801176828052221,-0.11557438345767859
11084,0.7231801956703545,-0.018844983688770564
11085,0.6794939449581401,-0.29871632968740847
11086,-0.2662066022993654,-0.27944660173257474
11087,0.7151210307198392,-0.2100741444758336
11088,0.00577939969950709,-0.33279461251024806
11089,-0.8447664188166766,-0.260576709960216
11090,0.26943158467257455,-0.4069235666497482
11091,0.6637854776744974,-0.2978681259826139
11092,-0.5021465613561661,-0.260095735300103
11093,-0.7047579741278743,-0.29691803544189427
11094,-0.28142118825996454,-0.28757854407504396
11095,0.19706974050957685,-0.42987091106166425
11096,0.15095643361089386,-0.4911739482333418
11097,-0.11823373498471666,-0.4494878699060177
11098,0.20966548735957893,-0.44847550531636043
11099,-0.7623870411690199,-0.3811559106873552
11100,-0.4302425184217617,-0.3571186084496822
11101,0.05907050433979962,-0.39833182839105447
11102,-0.454809346925523,-0.5326552220413485
11103,-0.6041644114926548,-0.2518923330798786
11104,0.48599460100003794,-0.43290174995772124
11105,0.27635622491108036,-0.43896532116941855
11106,-0.7326205231894016,-0.38084745264704134
11107,-0.6669906521924034,-0.21773351009074932
11108,-0.271322716365421,-0.2816142053499642
11109,-0.055244366839611765,-0.3774118647173538
11110,0.21288907783743058,-0.42040525370085263
11111,-0.8247044843285938,-0.03912460089390296
11112,-0.051375497550182864,-0.07136995280403731
11113,-0.5157453558807129,0.07235799474698004
11114,-0.5195129639364046,-0.16050053190045324
11115,-0.2314530162497396,-0.08214207045883012
11116,-0.025314595811957052,0.19360350899686196
11117,0.39900249705372987,-0.04382848217076438
11118,0.28430951308110486,0.15941067778480866
11119,-0.1598970771341144,0.037036132527313
11120,-0.3792342443724221,-0.2508820420563623
11121,-2.069584930724293,0.4217089584443149
11122,-0.9745657228446739,0.7063247752890865
11123,0.12844502807163785,0.8441992274004556
11124,-0.6723820867401628,0.5694112242642237
11125,-2.1966749051946164,1.7238797502102945
11126,0.5672929268406927,0.5664607256744697
11127,-0.8565676193650749,0.29822626749985814
11128,0.6980835078830953,0.013253107979469263
11129,1.405461360260879,0.19625494674661936
11130,1.7196477610095062,0.37896832712512823
11131,-2.180758776430964,0.4189232823036818
11132,0.8100888377632276,-0.02975692073367195
11133,-0.31478508685212675,-0.20375100231037224
11134,-0.5663235505921065,0.013435632784323463
11135,-0.3955740112022095,-0.12583476535280594
11136,-0.29993524912830055,-0.09675216956012125
11137,0.8426545389967142,-0.05595553813870338
11138,-0.27505108825802993,-0.15755907888352727
11139,0.5699895828481625,0.4992327406907978
11140,-0.11193760983070904,0.2871127823464703
11141,-1.1020773631334824,0.10528714027544753
11142,0.7037742814386954,0.908520073826256
11143,0.949682761940181,0.08489963963027743
11144,0.6651241791926537,0.3281211531659336
11145,-2.3202303227537504,0.2836295947963513
11146,0.6522880213856473,0.36217920547651306
11147,0.3211789238573681,-0.020871586680874854
11148,1.7846205957093584,0.06838176829438332
11149,-0.3904703575746263,0.3570587131157268
11150,1.774883464130996,0.13462523449086508
11151,0.2334722827490895,0.21420032142291123
11152,-0.7086932202175132,-0.1531597759725085
11153,0.9860464555159215,-0.3187181312454078
11154,-0.1048883605668403,-0.30030365723426894
11155,0.4413337891058667,-0.2860467803015064
11156,0.74441369309557,-0.2673606795750316
11157,-0.7327676224563459,-0.027703990816969615
11158,0.2772754295917949,-0.2727021719815273
11159,0.35698615134455297,0.038460687749759796
11160,-1.0404270363259063,-0.1610817705612403
11161,0.9087283447640913,0.18371265812516396
11162,-0.8073864203893829,-0.21104505240544041
11163,-0.12832622877796016,-0.3336714805865576
11164,0.021539768025510875,-0.27896477174244616
11165,-1.5107706437945965,0.7805473387364391
11166,1.6624252662624082,0.044111720418642725
11167,-2.1221028638058743,0.08142612320779204
11168,-0.6438237514468735,0.43737315959748546
11169,-2.1182819236976598,0.9338953625834434
11170,-0.6675147412251948,0.8762567190720311
11171,1.2925683352622337,0.23542935078264854
11172,0.4149099469905691,-0.03293412134941852
11173,-0.9379940075373872,0.0984984499009282
11174,1.3881973784988135,-0.2197685446913672
11175,0.5386053778291485,-0.24047191077765762
11176,-0.3403777334436869,-0.17459568054214575
11177,0.4542969556614655,-0.3064101892964732
11178,1.3484021314175585,-0.18021723450016863
11179,0.5749848034156698,-0.1588427583489657
11180,-0.43169988543801513,-0.30890414212859457
11181,0.3674328530130453,-0.4218694859702375
11182,-0.4370279166642612,-0.3660574567408311
11183,0.9285507165867252,-0.3121849340937003
11184,-0.24553450857629908,-0.33214097439252105
11185,0.4358693386074189,-0.47204322489276873
11186,-0.19906743374123628,-0.38718065004757934
11187,0.38574367710930335,-0.4976590633119885
11188,-0.38131416005130636,-0.446519973697902
11189,1.218149850625439,-0.3464833314883392
11190,-0.9617129072083156,-0.2099103410001042
11191,0.11518579254630269,-0.44005308394841386
11192,0.8271940028914645,-0.29624291409074804
11193,1.4019355295962077,-0.1421635991178865
11194,-0.3233430233762638,-0.14943272090412474
11195,1.0930304715042138,-0.20902638607079455
11196,0.1743892609420062,-0.24070676741293046
11197,-0.6357496652495516,-0.23106278877807213
11198,0.4884651990369858,-0.4155806975723412
11199,0.004526607735826635,-0.3782522014566233
11200,0.10109778663571967,-0.40884645522556173
11201,0.4509612011659167,-0.48885038892483035
11202,0.08531201181667289,-0.4371217370241614
11203,-0.31434044840313313,-0.45417960181231865
11204,0.2991217821002991,-0.5098135495822517
11205,0.15568151456152426,-0.4208221282403589
11206,0.5825593176045105,-0.3812686510699541
11207,-0.6255633702921721,-0.3269575967213151
11208,0.516772359509664,-0.45410116455765115
11209,-0.3008487711910739,-0.43628202877211386
11210,-0.04932197291449556,-0.49516060552626906
11211,0.3053645826750245,-0.4529060946572132
11212,-0.4708600497402305,-0.484620570608412
11213,-0.5968726510223654,-0.3792396491030282
11214,-0.46718368635301494,-0.3443678655758605
11215,0.7473059100000486,-0.44875367848309167
11216,1.214700121440505,-0.3158781461064808
11217,-0.16305062984469973,-0.2585630344447922
11218,0.14173290491697824,-0.4428558465879207
11219,-0.0007499327571135134,-0.4625476167913567
11220,-0.4258386885717702,-0.42576755667829325
11221,0.27116825282635443,-0.5744123603616196
11222,0.09796150825947432,-0.555577839876128
11223,0.2301687272975858,-0.5223279957149762
11224,-0.22441534665163654,-0.5312271345085453
11225,0.0473962115617322,-0.5459961516184278
11226,-0.1722168310804249,-0.5494100512518032
11227,-0.27699702996034886,-0.4749277310506429
11228,0.3593126968147142,-0.5622542235343748
11229,-0.0458860354392391,-0.4525500922322469
11230,-0.04217033346265219,-0.569624578167036
11231,-0.2511935276530916,-0.5229987136910488
11232,-0.010156641889991515,-0.5198501095029535
11233,0.04684161977725362,-0.47966279143129154
11234,-0.19840809553216127,-0.5121968499040656
11235,0.18928592513235334,-0.5432981425773477
11236,-0.10437445974583563,-0.5581439763741273
11237,-0.02674820200303666,-0.4805188309761459
11238,-0.10057900866994199,-0.5501509670663356
11239,0.09851994990944517,-0.6043709509219909
11240,0.5804778086654862,-0.4353127503029065
11241,-0.1584690544593418,-0.47659171572592296
11242,0.2444451746848344,-0.4331985720341732
11243,0.06940585766058688,-0.4761797951994089
11244,-0.25067760846511716,-0.539641640566628
11245,0.27880704645727644,-0.5427454809442478
11246,0.21926703213482027,-0.49898177474466077
11247,0.18232646171310057,-0.4654261760893077
11248,0.08829485901635926,-0.47597558030900977
11249,0.8641956630959908,-0.199691109251702
11250,-0.8459189984264909,-0.3101152552159999
11251,0.3009764362222817,-0.4736678483654321
11252,-0.6298575034766392,-0.2599663433056575
11253,-0.34773405265508844,-0.35689285389155445
11254,0.20302938544292057,-0.5153455828384227
11255,-0.05546700132626736,-0.5189988096169522
11256,0.5192080401562893,-0.5061129695369506
11257,0.12339128839534767,-0.5854300413500588
11258,0.025868018750763822,-0.5911827721435391
11259,0.30877232974916596,-0.46646843712691355
11260,-0.21749481117584982,-0.4181815288135891
11261,0.5906315678543148,-0.44993561017743466
11262,-0.3654585545364913,-0.3857836191126871
11263,0.18314661046632497,-0.4661318137818855
11264,-0.45792464508852293,-0.4126814249267412
11265,0.09623382470126249,-0.4489864388806592
11266,-0.19735734755098286,-0.3798781643910237
11267,-0.34517924487597035,-0.3994593070059139
11268,0.05559861760288375,-0.4541498389161954
11269,0.18817897134852773,-0.5237484496862779
11270,0.6706513902230591,-0.4578944010798539
11271,-0.31293702683697705,-0.3423077500378843
11272,0.3880525632438418,-0.43272702684453174
11273,-0.25536649164621467,-0.3499316315110206
11274,-0.11119529277452585,-0.47510552549985874
11275,-0.3282075831287552,-0.45006528239542276
11276,0.09003089446654765,-0.5775235060050022
11277,-0.37525068134093825,-0.5200442619898299
11278,0.20054603598398002,-0.5832590812596071
11279,0.12859152415822114,-0.5177153082410769
11280,-0.10251343002624959,-0.4371803249930102
11281,0.18857660169003557,-0.49108176511255797
11282,0.33876956976624667,-0.5725934814529295
11283,0.11640711439103804,-0.4746029353864619
11284,0.06667568498020092,-0.5841431490104966
11285,0.23235793308516803,-0.49649337006341276
11286,0.33396075677898657,-0.48679796856961743
11287,-0.5047901463424386,-0.49268910932528187
11288,-0.5063532709200433,-0.4831547732296785
11289,0.41136536477288604,-0.5684701014429672
11290,-0.16541738625956082,-0.5189143834885173
11291,-0.2698812752431574,-0.5017203789595616
11292,0.3166240330560168,-0.5741141330561531
11293,0.1151750061373554,-0.55414029977494
11294,0.43495096459138277,-0.5874489558621834
11295,0.35510598364365803,-0.3457407676752478
11296,-0.4519347097635937,-0.19692299596787363
11297,-0.10248843545040058,-0.433885429659564
11298,-0.3238677104653058,-0.5095145737711059
11299,-0.23585910172072255,-0.4584675718178136
11300,-0.005684071364813839,-0.5294176532185207
11301,-0.2042464182164869,-0.5062265603818965
11302,-0.10607686100776399,-0.4328450771990935
11303,0.041122399308547004,-0.4495167711497331
11304,0.08738423266718462,-0.5034558759588883
11305,-0.09696749831961539,-0.5431247894265991
11306,0.35132217154816964,-0.5753910262208635
11307,0.6130780417751073,-0.44047681806964845
11308,0.23910772914315903,-0.4261624428473365
11309,0.0783314199126785,-0.46996221103329205
11310,-0.3721582435508084,-0.5409771760272417
11311,0.35061067266106644,-0.554450888318672
11312,-0.2068898045101964,-0.5281248737585351
11313,0.24694315804069694,-0.5861686615184187
11314,0.39735823633496326,-0.3749358106076851
11315,-0.6644892345606059,-0.3053808956906236
11316,0.2606943373065716,-0.5144000135876523
11317,0.2527939193557082,-0.571587222266732
11318,-0.2235170465245066,-0.5584265965975987
11319,-0.06507545094016559,-0.5536111696350138
11320,0.25419796436451186,-0.6033565761610284
11321,0.19503625038308725,-0.5274007391954694
11322,0.05736393319306852,-0.5845657900878826
11323,0.04034681591420108,-0.5347258827255719
11324,0.3618118862622168,-0.2908933971593639
11325,-0.12494077745993946,-0.3577782849748103
11326,-0.037010238990538166,-0.49034368500199554
11327,-0.2699691020569226,-0.48305497717760737
11328,-0.161096947701181,-0.5032307061028832
11329,0.18585049195223613,-0.5538466127713675
11330,-0.3858609973620165,-0.5345785534013192
11331,-0.18918537062305055,-0.45774206348448765
11332,0.04036059607966403,-0.5742243676766513
11333,-0.0042940222379401405,-0.5168608332496916
11334,-0.29790303406052426,-0.49808453216708515
11335,-0.10106484026239781,-0.5550210544877725
11336,-0.44796891295132163,-0.43626168044819996
11337,0.1268403557051696,-0.4774003804685386
11338,-0.1793002248177734,-0.4789802780265817
11339,-0.1362735514347381,-0.49035932494693535
11340,-0.1825017703944942,-0.5174680825630492
11341,-0.16903809965614977,-0.45135933964213204
11342,0.030029810087235823,-0.438370696894554
11343,0.6176776657384232,-0.5326145750075248
11344,0.2330122703856662,-0.48645034408208077
11345,0.5051466323924826,-0.43461674773978454
11346,0.26402959135226606,-0.28326174533960047
11347,0.09236774151627562,-0.3998874666946591
11348,-0.1285074287506813,-0.41250927594646697
11349,-0.45830015442535804,-0.3890723525205334
11350,-0.3039241617442264,-0.4515410112853788
11351,0.2645623380536384,-0.4838628842194148
11352,-0.5819758867786138,-0.43369237488951434
11353,-0.2028969827609866,-0.4080423204240196
11354,0.7159614453387301,-0.4417811425373753
11355,0.14966539091346248,-0.4293650448969857
11356,0.07721275465578999,-0.5034040607688839
11357,-0.29351934430795434,-0.4857101201685847
11358,-0.05895133726278611,-0.4891272513343634
11359,0.28415078789873,-0.546637157410783
11360,0.298862760099309,-0.4512705611615478
11361,-0.45806991987613593,-0.4683634891317734
11362,0.2154807699329062,-0.3489651876583063
11363,-0.37704752606744757,-0.38101872785348806
11364,0.4452649598770509,-0.3977105795189938
11365,0.16947116032456794,-0.45152991195732883
11366,0.4866333789612268,-0.39732422865104444
11367,2.270234512058036,1.469432742584798
11368,0.8548764894311042,0.942337782026507
11369,-0.4118229977985494,0.5057075223585814
11370,-0.8394776970088476,0.2385392396035185
11371,-0.1703539798709215,-0.21573490699319303
11372,0.5181020489092675,-0.3470370040606192
11373,-0.17779077788890585,-0.3836391385787042
11374,0.428329011206335,-0.30093197045524533
11375,0.4731918226980693,-0.29292563801337157
11376,0.004896247653599772,-0.3684335980337518
11377,-0.48088498920046924,-0.4433550030103025
11378,0.04360383195700857,-0.4117281696375667
11379,-0.18459291810534045,-0.46915480012854494
11380,-0.24032801422140693,-0.5116639068639262
11381,0.07931119611034508,-0.5588512974736033
11382,0.010151181835742325,-0.5159458595065634
11383,0.5366974964367442,-0.4151269571050137
11384,-0.020975337778516293,-0.5398804908976168
11385,-0.4921742232544537,-0.5094239358861935
11386,-0.324686031451883,-0.39792089571468964
11387,-0.31908946534278465,-0.40317189225407535
11388,0.7904586056416558,-0.5015018008313656
11389,-0.039940101094139376,-0.4339669685241664
11390,0.8625490406127599,-0.456632442756423
11391,2.605066340346162,0.9646586031837475
11392,-0.3420421300971816,-0.010388628395537586
11393,0.2988131394437883,-0.36399590471069715
11394,-0.7527273037343224,-0.2517443058426368
11395,-0.87224179294767,-0.14875628142796615
11396,0.649857783571547,-0.27522735929111
11397,-0.011426677334311304,-0.4764885254851664
11398,0.3340796779341292,-0.4731785124318797
11399,0.2236942614052421,-0.41256996465949025
11400,0.9832623083549767,0.5099787868212031
11401,-1.0637338977513238,-0.01835378572685152
11402,-0.3133137983623016,-0.2492078280822227
11403,-0.29120273497189547,-0.2795954749676702
11404,0.15636474293360889,-0.3202533803259937
11405,-0.9598099190161082,-0.2315896690824421
11406,0.2813434321046068,-0.30204135214529976
11407,0.6153420294553816,-0.3283866140486613
11408,1.0441359511120492,-0.2297722010362851
11409,0.8578280970748161,0.8874671545204019
11410,-0.38848746417643865,-0.08888876701132858
11411,-0.32592017701596493,-0.24947782519382317
11412,-0.25931015108425476,-0.281729336743131
11413,0.1396022418592242,-0.31797526878193055
11414,0.33358334615655233,-0.45887309459158543
11415,-0.25434971667307954,-0.36898530819382996
11416,-0.09716325781356912,-0.3563538657242941
11417,0.6561663526129529,-0.3708879998065624
11418,-0.15430620567873995,-0.40859681702272943
11419,0.33203147896239155,-0.42470527731086744
11420,0.6584898632340125,-0.09953858640700311
11421,0.5596460231457763,-0.023354288099271717
11422,0.32677130497604884,0.17224273980256333
11423,0.09911829230183543,-0.13864460340182855
11424,-0.5197792172545788,-0.2575887067143184
11425,-0.10591199314996882,-0.35251384496489774
11426,0.10411951800693005,-0.4427729745271173
11427,-2.0068766641872915,0.17844852080999415
11428,0.7348835661341462,-0.021926354881937504
11429,-0.44560773474000515,-0.16473541167889896
11430,0.12934387598878364,-0.4142381130379922
11431,-0.237031535168873,-0.26724800667262166
11432,0.3347354387019728,-0.45391348904112827
11433,-0.627796588375508,-0.2756882066081532
11434,0.5234343924863346,-0.36968808708932566
11435,-0.5009736758262157,-0.34797669092378536
11436,0.10692198275209318,-0.39604230684225733
11437,-0.42972589761794155,-0.35625222632688003
11438,0.7779733597252263,-0.35575925194276553
11439,-0.710298419763749,-0.24017238554509518
11440,0.5288028957733248,-0.4579419785564597
11441,-0.9487243574433827,-0.22093259985538732
11442,0.3790292862557386,-0.40514428493978116
11443,-0.428658791240064,-0.38943898796586723
11444,-0.3554329909527631,-0.3178133846868599
11445,0.5729280102637049,-0.15135874440231584
11446,0.5036476547894044,-0.41636652396288387
11447,-0.03209154411198895,-0.33370097304546475
11448,0.34984714543567974,-0.26772586265891196
11449,0.28841540883609795,-0.2872993671354062
11450,-0.6757518527008699,-0.2641471628426325
11451,-0.7610988730713253,-0.08424032166975948
11452,-0.6405257466602069,0.34444611963919824
11453,0.07623880923495348,0.5006892663925485
11454,-0.5333532999349302,0.0649787100269985
11455,-0.1972367608294837,0.07507250542031288
11456,-2.0192960022990696,1.0006995327987056
11457,0.8597653214824331,0.38308058307534054
11458,-0.8787690193980693,0.003685034089067493
11459,0.7871492994623439,-0.13875372508038036
11460,0.7712877651917643,-0.11154142175379678
11461,-0.8354608203917034,-0.271752274588395
11462,-0.2884341789087011,-0.2088658076961531
11463,-0.3732536685628488,-0.20121318704552746
11464,0.7261490296252501,-0.23938408413281825
11465,0.3798881526614268,-0.1577766853890401
11466,-0.8667498594597571,-0.1992077651273236
11467,-0.5270276962544955,-0.3442826660910194
11468,0.6859516650224814,-0.049856301101976835
11469,-0.7578145221944229,-0.20541853052055276
11470,-0.3602691271216673,-0.3100343024515424
11471,-0.2095575660011454,0.4710698067880594
11472,-0.9937016836323486,0.05828128980842633
11473,0.5933520595455315,-0.1058185690648257
11474,-0.12720484272922278,-0.4015831465957151
11475,1.220789386677277,-0.19719779227402634
11476,-0.05778866899842355,-0.36843511246727983
11477,-1.5322480344446106,-0.07431214577011827
11478,1.1345425296670064,-0.32076401938475707
11479,-1.1644664818488002,-0.20725322872518326
11480,-1.1340972322644514,0.04757447376298937
11481,0.6407202529136276,-0.3169342796596793
11482,0.41669321118238967,-0.3735176928703125
11483,0.09260090174934647,-0.3607321876883325
11484,-0.182532895300246,-0.30631916503359286
11485,1.096103437454934,-0.3008782740423113
11486,-0.8718194587424926,-0.30420604802245743
11487,0.026443853123874782,-0.28252412530284454
11488,-0.18191609205793888,-0.4218973827702939
11489,-0.9547245920478766,0.0549723915491793
11490,0.2748564726660213,-0.449794117757743
11491,0.18362525784866268,-0.39828826642808146
11492,-0.2732647251061899,-0.3393664295907699
11493,0.1344695425218221,-0.4605181490600392
11494,0.36184941351291205,-0.4135086431044032
11495,1.0235220342101743,-0.33819255076914767
11496,-0.12993903024953918,-0.1805938070869905
11497,-2.4167094974196397,0.5954409651120132
11498,1.4590132413527916,-0.27066887063350115
11499,0.17866702450613808,-0.3944977412747155
11500,0.6834539462551769,-0.4459065375155134
11501,-0.3415773636142642,-0.4762996104715618
11502,-1.4955076396602414,-0.15178424646741356
11503,0.5031659472869113,-0.2891298671947967
11504,-0.28626830368948564,0.09104299060248053
11505,-0.10277426558269265,-0.3362538869136312
11506,0.0206153050592313,-0.29575440937370806
11507,1.3646140033080403,-0.3323532107446115
11508,-0.2718016704796345,-0.3492883280230506
11509,0.9448093760680771,-0.10115011704494334
11510,0.5960440795926676,-0.18693647323807389
11511,0.32979795336028384,-0.2740726537944717
11512,-0.4728474768708554,-0.36531483450045477
11513,-0.5647015821847425,-0.43521874406519323
11514,-0.25887449417690905,-0.4406525407914754
11515,0.4420959193138597,-0.4764724621685259
11516,0.2523068470070833,-0.4800349148408738
11517,0.5941249875100085,-0.3628374472699088
11518,0.32316787556211374,-0.3765556740420153
11519,-0.0042085754589317485,-0.42001648673268277
11520,0.28512438451214994,-0.32832552428543926
11521,0.4172511980706536,-0.42484369110337117
11522,-0.5772712922372296,-0.1216574993654698
11523,0.23119698905570607,-0.36205236779177297
11524,-0.158119717291752,-0.3673968967239024
11525,0.7333849545101265,-0.07740962297905013
11526,-0.08898121641046146,0.13119516980958396
11527,0.08727781865065462,-0.31854480807810137
11528,-0.7331207311434411,-0.38694237145898863
11529,0.5905857397686365,-0.44808447327716483
11530,-0.2803117362505329,-0.43635641800652986
11531,-0.5297535208048721,-0.3408272275404454
11532,0.5164409260490669,-0.3761279324724608
11533,-0.15953234670421695,-0.47834801939742877
11534,-0.2183917713257548,-0.4622393215938255
11535,-0.9417379907129831,-0.23512643865536959
11536,0.24631037992147986,-0.3582251122609732
11537,-0.5894309835212984,-0.3575475467332327
11538,-0.8689587181754098,-0.14237870853465723
11539,0.6450839088391914,-0.3522010068542751
11540,0.4447620634508066,-0.4453175508662885
11541,-0.3031310502460025,-0.39204244845645897
11542,0.4933530672404319,-0.540313603477503
11543,-0.16454884070618497,-0.3752863942436414
11544,1.7144830780035358,-0.12520719214550408
11545,0.6133178644462514,-0.22323915104351938
11546,-0.6350540874141707,-0.32349864620626856
11547,-0.18262457004346816,-0.3245758054830333
11548,0.32710882424787613,-0.3627040652134531
11549,-0.5822226963422549,-0.2680170406619599
11550,-1.0210482379111476,-0.06261020764718858
11551,-1.8562146962505475,1.1003717150387962
11552,0.73124600868981,-0.20517696033231275
11553,-0.2941028766258445,-0.3121710715441092
11554,-1.5055529477864598,0.4576625679772879
11555,-0.11840893678941969,-0.0632097204737408
11556,-0.7829048329417233,-0.029331147135558372
11557,0.0273243376646236,0.13257268005087963
11558,0.17868567828140727,-0.14375443421568784
11559,-0.423486305273763,0.12589093024023978
11560,-0.43397551533598094,-0.039345049601683474
11561,0.20166808170559827,0.45914275705659147
11562,0.8373487833355673,-0.16890737556846314
11563,0.9950745715347336,-0.11918016512212626
11564,0.30282915916888814,-0.1476922575201297
11565,-0.9071414164195856,-0.18283100093773993
11566,0.589610123108428,-0.45574155998827737
11567,-0.44573558263931146,-0.32304823080216105
11568,0.4742058389069826,-0.5075241963099391
11569,-0.28023256795647283,-0.40159590447956023
11570,-0.18827900528347252,-0.4566257104756014
11571,0.3218033765459748,-0.45806000967277083
11572,-1.1928950012979296,0.014401534045639909
11573,0.41888280402675143,-0.4573658278212208
11574,-0.21710362303091202,-0.44354391670713267
11575,-1.0728829731673672,-0.04216328068097827
11576,1.0760902869039237,-0.08048472648784963
11577,-0.7736896140585421,-0.09644743146275722
11578,0.6198436517532965,-0.3757991574020725
11579,-0.14901244894752713,-0.2984836762785598
11580,-0.1902091309882159,-0.38434798524700897
11581,-0.01687188056835619,-0.42443714073627326
11582,1.3333780250312395,-0.3731463944139085
11583,-0.7646190777290699,-0.3206293224568105
11584,0.9099148373617487,-0.46012302865966626
11585,-0.022944149954181772,-0.4708872108316674
11586,0.5414077544852423,-0.5641352730473946
11587,-0.126917601365559,-0.5133039652914426
11588,0.3172065622674603,-0.5337545945850634
11589,-0.4802079667844543,-0.40780757169900617
11590,0.4864571861012863,-0.5073408503449924
11591,-0.2147298680854464,-0.49352732819143685
11592,-0.8046653948535194,-0.38167120837120205
11593,-0.4429516343400612,-0.23933731573840483
11594,0.6277836562547273,-0.4095013007262226
11595,-0.12187684498230013,-0.4859204877478025
11596,-0.7057360113616212,-0.346103220776383
11597,1.6870843326409581,-0.2626659811527521
11598,0.019410044239244455,-0.4216570063217113
11599,0.818674882651473,-0.4432475844309094
11600,-0.5799152936671743,-0.3631949266293496
11601,0.3041119462750822,-0.47684591683245636
11602,-0.27335309654147427,-0.47472723257553295
11603,-0.05509884478327582,-0.5216687258206649
11604,0.20145830436047404,-0.53792194954585
11605,0.24349402256639827,-0.563704537955948
11606,-0.305036966489525,-0.4417298948307351
11607,0.3134205851234144,-0.5934121679032767
11608,-0.4232775569215476,-0.5288592221196662
11609,-0.6267585037409722,-0.3513616496611925
11610,-0.2382675021623832,-0.5097715207563331
11611,-0.895052024693108,-0.3227910382483402
11612,1.178640321066171,-0.39859849745334425
11613,-0.09396899685584642,-0.5054799100597887
11614,0.3616285095732801,-0.5046188348867121
11615,0.17690527919304555,-0.5381884566797885
11616,0.30070636447977156,-0.5089562601824424
11617,0.3198452335186057,-0.49254744310045895
11618,0.024784809978719183,-0.509315621451158
11619,-0.4320151959117115,-0.4132088356727004
11620,0.2955998466027767,-0.5145251538982217
11621,-0.5746775321254224,-0.3512557325554091
11622,-0.17192378615037388,-0.5073857923203218
11623,-0.5433717489837325,-0.3079649447101537
11624,0.6812075757206892,-0.35887475361290444
11625,0.908131883425471,-0.2930190819709097
11626,-0.31109578178761776,-0.4217497757712527
11627,-0.49940494991345236,-0.4077524871066386
11628,-0.4675398124991502,-0.33858561618275446
11629,-0.670126183123289,-0.17469036200119237
11630,0.32891476078860865,-0.4035176090813973
11631,0.6197444093267309,-0.1714588138600171
11632,0.0925445833309734,-0.4295640069349516
11633,-0.031205225589881484,-0.34639113685955725
11634,-1.737998795640701,0.2486146487369227
11635,0.38790852937214304,-0.37565116066087223
11636,-1.3908454294613886,0.4884135582280323
11637,-0.03516288255277344,-0.153782488815612
11638,-0.5497996234827779,0.3141172261980994
11639,-0.3211690738167239,-0.16103698212515868
11640,1.2574096571829183,0.34770495084880443
11641,-0.7844536500322908,0.004588940774409932
11642,0.5319390879621962,-0.27354742357646944
11643,-0.34997440326667273,-0.05282544647445815
11644,-0.4483525774616755,-0.04235025110648302
11645,0.7957409811110551,-0.02595939446891149
11646,0.24808134188807646,-0.18010434813909731
11647,0.41617473844958724,-0.33008358195993304
11648,0.04244504266631486,-0.11282718553990265
11649,1.3096256643985058,-0.16189785346804808
11650,2.4425927908803566,0.9859461942059399
11651,-1.368057234607013,0.4175049579628094
11652,-0.4816065062399811,-0.02282706349786627
11653,0.16130022065651423,-0.3397741190011684
11654,-0.09116702615396498,-0.2672002695153687
11655,-0.11675452734926439,-0.2530759294517409
11656,-0.07608011026232524,-0.14518147179234786
11657,-0.20855974876468858,-0.27300467188287014
11658,-0.016158719943062644,-0.4538332785437521
11659,-0.15726313340480047,-0.47843943376299547
11660,0.14739183416223356,-0.4279421865391858
11661,0.3113373094282328,-0.4501898069422494
11662,0.055331960712605745,-0.3954637121946108
11663,-0.36025131954342615,0.09874868154173934
11664,0.14524648081079775,-0.2463530362272245
11665,-1.1060375261474966,-0.03299303470940451
11666,-3.2911193316745777,1.9762736863263162
11667,-1.7224668000557972,3.370910810532953
11668,0.7645352745570543,0.8724451045777193
11669,1.318999205215645,0.6806251274331274
11670,1.0411309307188643,0.32440438068170885
11671,1.402638144232823,0.07795344940889835
11672,-0.7498541111376041,-0.21982719655519123
11673,-0.2514292163135828,-0.33295717672976427
11674,0.008783336619213634,-0.4755839183451773
11675,0.07794036753792327,-0.46394072124358043
11676,-0.7540908879588206,-0.4180764004458777
11677,-0.2954931301979086,-0.39319446481507087
11678,1.1899550359878979,-0.4430680870607542
11679,0.1280659562962322,-0.3899660099311716
11680,-0.4405282848222521,-0.42954250531503835
11681,0.4185661647040895,-0.4883213088452535
11682,0.25126995862070345,-0.5954069008508505
11683,0.606083033038003,-0.38511288958404666
11684,0.46273607487954477,-0.48587279717789245
11685,0.6604756389242484,-0.37112407018830396
11686,0.046806100023851376,-0.4134961144712407
11687,0.031172980988952905,-0.4696336347379291
11688,0.7671549702862377,-0.45590935840892965
11689,1.1532877721348787,-0.16348891863086293
11690,0.1879011467724019,-0.14522275054496242
11691,-0.10355753016644613,-0.4006658783880885
11692,-0.010960851748882807,-0.38590693278003413
11693,-0.23030929070716893,-0.3658113834773795
11694,-0.3584681907359925,-0.42071028900724444
11695,0.18892613117379958,-0.4451739496584062
11696,0.052889248452593525,-0.5163951025916912
11697,0.8768709453156278,-0.3827147555762934
11698,-0.04012590256542115,-0.3777183228175556
11699,-0.04628726935394258,-0.42461776653728917
11700,0.12134183789148785,-0.46129265725956237
11701,0.18674451016449242,-0.4969520424224192
11702,0.01058334487138763,-0.3323406310194909
11703,-0.10324404132070565,-0.46802640937570306
11704,-0.32800887317337274,-0.48904315923781494
11705,0.5877395930671189,-0.5166259630575882
11706,0.23249238985309878,-0.37059545135262734
11707,-0.22930888007334166,-0.4528228694223105
11708,0.24117866891638237,-0.5161236517706802
11709,-0.013381831753862223,-0.557515805509168
11710,-0.16051007212278182,-0.49375935590989206
11711,-0.2949074445444699,-0.5031066954594788
11712,0.4836153322560742,-0.4099265900142753
11713,0.42237966849513336,-0.4916543764304706
11714,0.44052442061934205,-0.32852226282108277
11715,-0.07973253119409672,-0.4220851128170829
11716,0.20279526893111216,-0.3258343895123582
11717,-0.28359607203665,-0.3820996902806185
11718,0.03978292595513785,-0.5033011308300186
11719,0.11114038925907191,-0.4605015165961941
11720,0.21617379780779822,-0.4322185866802859
11721,0.5724886982655917,-0.3992217099940713
11722,-0.3911941079346999,-0.4182614543806137
11723,-0.17840257514284744,-0.4576758919586661
11724,0.13160378469309014,-0.5415157831766153
11725,0.08012739022599678,-0.487913273613383
11726,0.4315986307042314,-0.4289689802641807
11727,-0.2834652366919041,-0.3806723146453233
11728,-0.3078800937021844,-0.4331210815296686
11729,0.2861032300593798,-0.4901599295990168
11730,-0.3475714270147257,-0.4686929029572535
11731,0.049884988351464925,-0.41218425506412654
11732,-0.5720346724849144,-0.26250555576249507
11733,-0.0403308598587144,-0.4680119324946339
11734,-0.09467803113462263,-0.4190160315270605
11735,-0.19382599188309965,-0.47364740536810135
11736,0.23427196483549426,-0.39659520330631765
11737,-0.7544766678763445,-0.3344140004486569
11738,0.5412668269685791,-0.3842703639307929
11739,-1.5736357933067662,-0.025859495271009406
11740,-0.22213214570341322,-0.1506165581229933
11741,0.04497710682762255,-0.025063337433006747
11742,0.7593883278453045,-0.1887682581742176
11743,-0.6858537365600764,-0.1865466357321549
11744,-1.6299601414166387,0.22503517326293665
11745,0.11410390473520281,-0.04768291077412168
11746,-0.3583888033191466,-0.3044464952657347
11747,0.5487234285584311,-0.23989543690746007
11748,0.5161594772264892,-0.0941385687012318
11749,0.8835396893416104,-0.28041664001398375
11750,0.020718225697188314,-0.30762228885478754
11751,0.3949406070027772,-0.29211662602102895
11752,0.6558091974599752,-0.3824598159459641
11753,1.0952313148546766,0.13282825338864
11754,-0.32861504591463786,-0.28811840946990497
11755,-1.001340236482508,-0.25418624573055504
11756,-1.3150918667649412,-0.07559722627594329
11757,0.3728946593442263,-0.2777385566987398
11758,-1.0417007008033865,0.13279645137468055
11759,-0.9152233388394477,0.1128675877542229
11760,1.330370287812227,-0.24366320252017132
11761,0.1223023552922775,-0.32407182395194445
11762,-0.6809158329103941,-0.38052573141389157
11763,-1.462783640513313,0.19155714535699603
11764,-0.15446732491855594,-0.2647753231380566
11765,-0.3283895229649758,-0.10340789819317159
11766,-0.4285159635199983,-0.22668239178295857
11767,-0.564390763908708,0.06442777380669237
11768,0.421087236717007,-0.21197153893707998
11769,-0.38774747901741174,-0.19474462300252138
11770,-0.18165687527785024,-0.35891890930928294
11771,-0.18679500467449056,-0.3073193660320478
11772,0.7029407786916424,-0.42256688713998913
11773,-0.13927713499527367,-0.4003733051763909
11774,-0.5631136281288329,-0.06502341739352782
11775,-0.8636972389787168,-0.08631532662736699
11776,-0.04645602478846141,-0.2943699893649994
11777,-0.46378180827745186,-0.11224326797324424
11778,-0.2939281007482858,-0.39432415986978653
11779,1.3200953384341516,-0.08121293210948072
11780,-1.0360744788097906,-0.19313153236087063
11781,-0.9695312036476952,0.5893337774978135
11782,0.048621989802771146,-0.22518901223360405
11783,-1.8987449045055764,0.5026804632146449
11784,1.1615105078049646,0.21675657327728753
11785,-0.8997024641058142,0.21640039451810514
11786,0.17351001186391837,3.1552526284335682
11787,-2.6181213524829454,1.0134010185387647
11788,1.5038856105783291,0.40786889121942516
11789,0.4612125884841176,0.09998790278839204
11790,0.10183055289445116,-0.09977094494620814
11791,1.2302418199473868,-0.17221243748803128
11792,-0.12986236745007346,0.0011122793657484809
11793,0.728280981860194,-0.23491911374247804
11794,0.3306968676192999,-0.3401581706052278
11795,-0.5569755898421584,-0.23389788491969338
11796,0.8209423174353714,-0.33901083211517163
11797,-0.6246958129494488,-0.34337059296516514
11798,-0.6607810351272899,-0.22877753515647714
11799,-0.9049237928207303,-0.03543754769115355
11800,-0.19386417270319625,-0.21620250571492522
11801,0.27916399107947715,-0.3932549640917721
11802,-0.07718217327974866,-0.5027595287518791
11803,0.6100993554379511,-0.440350149378802
11804,-1.0231426297316342,-0.23990672705698401
11805,-0.297654819776054,-0.23329927785304488
11806,0.02597829056400207,-0.35681569474133507
11807,-0.6899836337536334,-0.2744766909240079
11808,-0.5889352811280635,-0.22796998815487335
11809,-0.4404390217892663,-0.16247230048246344
11810,0.8595591959133208,-0.2876693469553953
11811,-0.44025826158260223,-0.1041719918872489
11812,-0.5252227641128359,-0.21049900930712195
11813,0.2780679031139654,-0.13757158786136012
11814,0.5059589439662237,-0.1633127649765859
11815,-2.229253095933549,1.0223245822011198
11816,-0.3430539751349733,0.3658988462670054
11817,0.8625412434651676,0.35727612245844476
11818,-0.3706613126318388,-0.23513956901979727
11819,1.0812578387359746,0.15936930700993746
11820,0.8574312771343072,-0.20233012841279086
11821,-0.10103169038367583,-0.34268116737836557
11822,-1.1109486425962278,-0.21820113351778636
11823,0.8641007292055287,-0.41788785120466515
11824,-0.3704014726139519,-0.4035556146598792
11825,0.29136587000810454,-0.310565339333601
11826,-0.43635057174798114,-0.36073551240973034
11827,0.1567894152630272,-0.4122772847990811
11828,-0.022308922105036728,-0.35558443822426666
11829,0.611023320513304,-0.2940831649078595
11830,0.8194427449103975,-0.31108464636173044
11831,0.7088603927782916,-0.11741005739941004
11832,-0.3792441791521031,-0.3270641892069468
11833,1.787794642423265,0.9461986049441954
11834,-0.7212036009815981,0.14606811664887367
11835,0.3044261485442226,-0.11315183586907726
11836,-0.6817597058827515,-0.18272724442120053
11837,-2.24043897034219,0.21724338855214217
11838,-2.1584326934090194,1.4732961322878197
11839,2.433436703509343,0.8903754087806797
11840,2.321778186299712,0.7955783527288721
11841,-0.9015961758106307,0.2816442238404619
11842,0.68243489576947,0.1372079860067946
11843,-1.4162523023274807,-0.037731472335515714
11844,-0.9529766077060636,0.29353895721107726
11845,1.4735772786220025,-0.23554967377835284
11846,0.1418808699893547,-0.2774151101616463
11847,0.9602961710467561,-0.2748463143684719
11848,-0.007819224036613791,-0.3750132144933293
11849,-0.7145688866940059,-0.10735992959377849
11850,-1.930759439973457,0.0842731473125367
11851,-1.201358778163913,0.38433128065035
11852,0.5480692379027168,-0.36308263236855165
11853,-0.6134277980456598,-0.13345898063742928
11854,-0.12308112273593239,-0.36331037631752505
11855,-0.46678918817515674,0.09062162547649569
11856,0.43459910850691524,0.11673495218124123
11857,0.37944730728391735,-0.30004550632203014
11858,-0.9497951465697573,-0.1558688984671021
11859,-0.04238028622026977,-0.31503990549075805
11860,-0.24125461675052812,0.07309445657139325
11861,-0.012829866397135108,-0.09752747705847101
11862,0.4950988370456779,-0.09924900543434245
11863,-0.8637232624380773,0.08642117985014383
11864,0.5097801461625624,-0.0066968884893657266
11865,-0.1806101106876306,-0.24313831427268512
11866,1.286316675542145,-0.17146638871609973
11867,0.39499799635828503,-0.14606689029929923
11868,0.054426463296237335,-0.30706869391129693
11869,-0.2139236210798575,-0.46018574844471416
11870,-0.4380501746391189,-0.5015351327700003
11871,-1.4510902441521931,-0.04486511138182203
11872,-1.481760421443243,0.9001972904469393
11873,-0.8418314390722198,1.515524209506188
11874,0.4456489508629196,0.239672697551292
11875,1.048266652366413,-0.15807582491256206
11876,0.7938515340449597,-0.3052600306930381
11877,0.03323568128076052,-0.2582942289590365
11878,-0.26472480849422714,-0.36941993032259146
11879,-0.07678742737363053,-0.24838675054861753
11880,0.976975047451528,-0.3676553820378378
11881,0.19186949870104159,-0.23532913009709744
11882,1.021881947581558,-0.08610699630503399
11883,-0.21638041866865745,-0.3669389986615802
11884,-0.7549235898401455,-0.37198919679173337
11885,0.35852130111874037,-0.5145441337838864
11886,0.39878579162299643,-0.5261458183140509
11887,0.2396548136127546,-0.47626524098167344
11888,-0.23958057457332946,-0.5144220364392477
11889,0.04311422265932966,-0.5954203228917972
11890,0.04988404272738595,-0.5958285133680358
11891,0.32086179458540215,-0.5649589390697572
11892,-0.07892781806827102,-0.5398538990579612
11893,0.1140215241694455,-0.5980887369575333
11894,0.15122122800828505,-0.5541516812562058
11895,-0.05793222598088231,-0.533225613339868
11896,0.6122869776471898,-0.5442123364115724
11897,0.5473282799234599,-0.45836007795187705
11898,0.08828793760475771,-0.41416790706152656
11899,-0.5764881575718679,-0.43236128075501584
11900,0.5190986910335654,-0.5007412533744501
11901,-0.31022396362528704,-0.502343669740474
11902,-0.07501749278008725,-0.5316624642908743
11903,-0.5429227946335033,-0.4545544577976176
11904,-1.755355177899363,0.22400185090353875
11905,-0.885738484651359,0.16902770798368974
11906,0.5524740380980552,-0.27693277578039444
11907,-0.3229186613448268,-0.28897190710115794
11908,1.3491512418418603,-0.34308539403709837
11909,0.36408939678743196,-0.30895313454697626
11910,0.6208688002846774,-0.37487928445833624
11911,-0.1499308115817143,-0.4248628083467227
11912,-0.4444035960278774,-0.47407961669906507
11913,-0.5332902770299889,-0.3695683122397376
11914,-0.370569765970539,-0.4681187003817455
11915,0.5887516785602454,-0.4912868503207697
11916,-0.47199856038673776,-0.4933096344600585
11917,-0.5122385274728563,-0.4494397593675623
11918,0.6834906632295692,-0.5789672333853867
11919,-0.6346096700928648,-0.3926830102302533
11920,0.335270635601566,-0.42365284043814116
11921,-0.7244164820461416,-0.3726450754405861
11922,0.6229009646416045,-0.5136067744057919
11923,-0.49050383772880973,-0.4617938622574883
11924,1.9657680228475667,-0.25024393291254887
11925,-0.3225005496421108,-0.36550729969025625
11926,-0.22345624717281504,-0.4502110259005282
11927,-0.27492162824064736,-0.5012707216023355
11928,-0.09545376743279556,-0.5379382624210519
11929,-0.5549921147011935,-0.49717520087264266
11930,0.5547803361947974,-0.36103277003767165
11931,-0.7169305964305808,-0.4280579309199843
11932,-0.17169350288161048,-0.46710430948332204
11933,0.45547781865275727,-0.4059502625113006
11934,0.4851544141083527,-0.35267670572645243
11935,-0.553919907102687,-0.3996025417808531
11936,-0.4301685345485111,-0.3392637807960975
11937,-1.0760554409130485,-0.013378883356373397
11938,0.1462231881513617,-0.22030840399933238
11939,0.6273121910722592,-0.37180522026522134
11940,0.01289375041234304,-0.38672506642171095
11941,-0.884420214474545,-0.2665131687495737
11942,-0.8817717318209268,0.25468832060240915
11943,-0.02305957255485058,-0.17476532334565278
11944,0.1428421977903991,-0.3668553895138145
11945,0.8788853637276596,0.0778692994973079
11946,0.07631355463169694,-0.26051630991267044
11947,0.7355770267810418,-0.3204501341043592
11948,0.0653486592255408,-0.44065797590400296
11949,-1.0758030631238136,-0.3941153799335191
11950,-1.9588461982991243,0.6200282768593248
11951,-0.8689290820458982,0.10157596131032721
11952,-0.6482609981852193,0.6873663725222443
11953,0.13918651830954,0.10384565814080994
11954,-0.3505953291824354,0.25901682267815784
11955,-0.24878172545584387,0.2168686599995523
11956,2.377611275756763,0.18750276634698415
11957,0.03918244687214652,0.07621238324937157
11958,-1.7707282412995327,-0.10098039112392998
11959,0.7702039139631571,-0.38376345672792134
11960,0.32095738699733867,-0.44572000708274306
11961,-0.32537772682323746,-0.4315381127923755
11962,1.2272805074823492,-0.30172121512301125
11963,-0.8237746356467985,-0.24609668713324323
11964,-0.05544643064473381,-0.45573460895603646
11965,0.7600300625141044,-0.3655028930901406
11966,0.06420329171661394,-0.48134509468933606
11967,-0.005235564623501862,-0.47307170488646
11968,-1.0458343076479866,-0.2641168754433252
11969,1.2081290403389062,-0.44593532841815814
11970,0.1774033494979982,-0.42738170031667244
11971,-1.2285525696435173,-0.2532480232672999
11972,-1.267048895157806,0.09072792603544874
11973,1.699969344939377,-0.24433597999045442
11974,-0.47553118593431193,-0.3602340332198032
11975,0.4048198768835834,-0.31594201823447216
11976,-1.1295458579290947,-0.18631595641243376
11977,1.5718110889131955,0.392851512697315
11978,1.2339959394501665,-0.006764617263377237
11979,0.17792156848196067,-0.22120920241458952
11980,0.561977464970885,-0.35156818245019283
11981,0.04532272344110581,-0.408425267096059
11982,-0.3910875669317542,-0.42698558731742875
11983,1.0721000296026693,-0.30327082608107003
11984,-0.27895742339002455,-0.38018660202913657
11985,0.5663984301421414,-0.45607760607708925
11986,0.34977560177962486,-0.49812648526989
11987,-0.2639019945642141,-0.4960841856312056
11988,0.0745863320568525,-0.5109218425652848
11989,0.6454573951864157,-0.44075704106305663
11990,-0.4205598352235994,-0.465964399768923
11991,-0.5916893983218093,-0.38772796704032814
11992,0.443244589562546,-0.49861737155262265
11993,-0.4960448038718261,-0.48129517822700474
11994,0.38100818518903423,-0.5518057107215056
11995,0.07817938065633058,-0.5038468235419324
11996,0.44422414349547,-0.5766494166486881
11997,-0.2971649552160694,-0.5093785868352934
11998,0.2185910757297696,-0.6109166234402825
11999,-0.3566023599470874,-0.5355211537447437
12000,0.2416122819800326,-0.6008943081110225
12001,-0.003826272826643512,-0.5517700985125588
12002,0.34120600337062107,-0.4995033456329464
12003,0.5196680564414402,-0.49250155613437974
12004,0.19826392571846832,-0.4146247947679991
12005,-0.012597207654922761,-0.44941627704280285
12006,0.023788601870903973,-0.5117110088234824
12007,0.35932134494320817,-0.4600456102478112
12008,-0.38534727794510854,-0.40005400776489136
12009,-0.18522021426569907,-0.5229192680580981
12010,0.36070601868193497,-0.463291920731718
12011,-0.3050560396178345,-0.49824117707174576
12012,0.09654483558250772,-0.5531904028864155
12013,0.09210644112673753,-0.4772164901588418
12014,0.11126815133502649,-0.5515545404137805
12015,0.5075903794962445,-0.46483484055416524
12016,-0.11199907773048548,-0.3599257765272185
12017,0.16199789037560747,-0.5296982697167211
12018,0.18023396831402505,-0.4888915918967266
12019,1.9810661321556207,0.09702979669058658
12020,-0.8447892581232498,-0.18000553154118792
12021,-0.3635451631858738,-0.3210661294485778
12022,-0.18102809629695052,-0.4567517835729963
12023,-0.3954143657406304,-0.39847404171157724
12024,0.16519616945389903,-0.481928405261176
12025,0.7542850873816388,-0.41868476835889257
12026,0.020019979193490547,-0.48918153945390364
12027,0.25706479065579063,-0.44452918087806353
12028,-0.6959498686111129,-0.3762218526388734
12029,0.028394252155045093,-0.5158188106817905
12030,0.2191597357279058,-0.5202502319405803
12031,-0.5186728450089624,-0.3704667024461974
12032,-0.5601631226966186,-0.23671904720320197
12033,0.6645865167321532,-0.40977675753183235
12034,0.08993902391712748,-0.44005620444397137
12035,-0.1473651538578063,-0.44585856192626255
12036,0.377672603674967,-0.47221685117837087
12037,0.1949149468847588,-0.4462353766540589
12038,0.058635825732784884,-0.5312022692873603
12039,-0.59629988109739,-0.35750610766431207
12040,0.2843563140734395,-0.4698956369309658
12041,0.5003296695931915,-0.4934316576803539
12042,0.30955295777393443,-0.46966991520466017
12043,0.36853312314610265,-0.3908351298731356
12044,-0.5591236297067299,-0.4324538950466454
12045,-0.14659115782754986,-0.4460307890681131
12046,0.5232508358324685,-0.4825508940596763
12047,-0.2714390029241416,-0.4862605715139391
12048,0.41797244762031077,-0.39812854080037563
12049,-0.16707481248967812,-0.3977508383014354
12050,0.3608015622122343,-0.4365628028816468
12051,-0.17952762181001486,-0.49640351047489606
12052,0.6402171606482833,-0.41651992658229214
12053,-0.3868951410702226,-0.368115735639821
12054,-0.23810442826753186,-0.46801776737861367
12055,-0.3761459765349376,-0.483416272697883
12056,-0.011041068954995119,-0.5432150542714832
12057,0.4860772280916252,-0.5686762599628657
12058,0.006400573144438365,-0.5433783235176907
12059,0.28746962355908384,-0.5004544651897789
12060,0.07019531689693301,-0.5088197367635765
12061,-0.2852034097170443,-0.5411250392387617
12062,0.35672599179098174,-0.6265052111793831
12063,-0.7628000935525145,-0.3115141441806071
12064,-0.20069720969268887,-0.443637873149322
12065,0.5132622133549621,-0.5294471365305065
12066,0.15580279565541577,-0.5729514291225499
12067,0.4910863066726747,-0.41503220859030965
12068,-0.41700925619989043,-0.42034063640509783
12069,-0.2754277054605625,-0.46890751962038923
12070,-0.04232539763823695,-0.5553247044690218
12071,-0.1302258391595689,-0.3930830178767778
12072,0.9194907611620148,-0.2675348051448492
12073,1.1669516622226357,-0.2074388024146776
12074,1.3275433024811272,0.14361509199276276
12075,-0.6185373802044979,-0.0676681625823766
12076,0.05201624175182181,-0.3054898396578795
12077,-0.25990675492574433,-0.4066748434569958
12078,-0.35026485314559885,-0.4583202200635681
12079,-0.6869967787473064,-0.4109228279778782
12080,0.8893416362715504,-0.49947606163261093
12081,-0.3338709617772506,-0.45491653771060947
12082,0.9389790152610048,-0.44362804987779625
12083,-0.48005470489323765,-0.3992286075471307
12084,-0.19601885745531164,-0.4343625826499272
12085,0.057189590816816044,-0.5254876536375119
12086,-0.2400430735035977,-0.6027574382125117
12087,0.15873164402338197,-0.5548827759113931
12088,0.009462623515409743,-0.5661239299961189
12089,-0.81099624750607,-0.3680607116480841
12090,0.14955877346255686,-0.5241331776136805
12091,-0.2300482962100411,-0.4462862438912149
12092,-0.25381511233732673,-0.4730470388193788
12093,-0.09376112568553215,-0.5458311403781569
12094,0.6841951079374928,-0.542727356183386
12095,-0.5456465560703208,-0.4574606160735736
12096,0.08658956421294975,-0.5314171450081473
12097,0.4401763174542609,-0.5295649042127561
12098,0.24462279293350508,-0.4714066495898861
12099,0.31552445508088517,-0.4671877399504166
12100,-0.08365752712181046,-0.4981932749173573
12101,0.5316468919782018,-0.432852847708537
12102,0.009304287055974012,-0.3713779355018423
12103,0.09271873510929989,-0.33535905240855024
12104,-0.503010967166392,-0.32010592547234845
12105,0.24177693142906828,-0.3076027988850808
12106,-0.04195209892726832,-0.45584638624131824
12107,-0.03600055737396383,-0.4482674544971494
12108,0.3537139438873463,-0.45406980969228894
12109,-0.3675852852655676,-0.4590717911526834
12110,-0.5647417008691175,-0.4141032053161519
12111,0.5316336840431729,-0.48215766547760097
12112,-0.248920657494959,-0.3795038783191893
12113,-0.15380686147920536,-0.455429038776757
12114,-0.13021367479865195,-0.505157837766784
12115,-0.09120291843864285,-0.5108573839231548
12116,0.033958250640084384,-0.5135909120293788
12117,0.12225720444007655,-0.5323636224021743
12118,0.15023984721791422,-0.5145680283852082
12119,0.24924349506964993,-0.5214200821877352
12120,-0.20067574475531774,-0.5246287957235951
12121,-0.011551559477902932,-0.5266316666626663
12122,0.4466990787341663,-0.5358868485492941
12123,-0.14247166262566896,-0.41549149746961034
12124,-0.4271162512536403,-0.4753925600789096
12125,2.6134153881936917,0.2056180359305308
12126,0.6764393699936114,0.6597761056222721
12127,1.4248530660173166,1.2213641825876866
12128,0.49168902084369176,0.4914331265827893
12129,-1.3874177443702485,0.028599569204727407
12130,-0.5813480628980772,0.10353754403623736
12131,0.8452540162043862,-0.3250010517799616
12132,-0.35458660908490053,-0.30484960964869695
12133,-0.45204390097921315,-0.29517606956089726
12134,0.28706976128650125,-0.3782053873974603
12135,0.8531194323851274,-0.3065940406931312
12136,-0.08121724373567381,-0.20945637124023547
12137,0.849277714034926,-0.2879581435837365
12138,0.6869467346133434,-0.2454092480527868
12139,1.541698981293029,0.06470632188533366
12140,-0.6964469397672407,-0.19651940788153582
12141,-0.9252863467467148,-0.1946589593777773
12142,-0.2643448040113364,-0.37804291623851694
12143,-0.5421615526323956,-0.37048654936568204
12144,0.4248135841881414,-0.4643049100781762
12145,-0.755277667555669,-0.38659930848356616
12146,-0.1462796773372948,-0.41087094610592506
12147,-0.10020834181577937,-0.47529578020951924
12148,-0.27506205841704684,-0.5269691387755981
12149,-0.49360944910255133,-0.41527973850403704
12150,0.17233238463717185,-0.604474696223406
12151,0.010707790275292561,-0.5550266454922885
12152,0.27209043338379635,-0.5926325322012582
12153,1.087083531535546,-0.4002971140649692
12154,-0.4853468978377237,-0.39946063192633596
12155,0.8026823416037129,-0.394552312251058
12156,0.12319334292536806,-0.39853896715085924
12157,0.8910919696613241,-0.3088885740814887
12158,-0.47210371913321014,-0.308519259344415
12159,0.4970170566234429,-0.34986709866468335
12160,-0.33887294705530224,-0.4452348774877422
12161,0.1552065967733796,-0.5340403595148564
12162,0.7246150327276895,-0.45795311012781126
12163,0.13422053661600844,-0.43012121451127533
12164,-0.2228561529010043,-0.533889623126093
12165,-0.15560629090569447,-0.4675025850711727
12166,-0.20042256873419526,-0.43989366947668024
12167,-0.3254442559389721,-0.4287396835452109
12168,-0.14195569677525752,-0.42284328135666877
12169,0.21548959519942443,-0.5031901340391297
12170,-0.12772750090660892,-0.4271839934026769
12171,-0.04571695150825911,-0.44184992817428964
12172,-0.06560364495411315,-0.433665632824651
12173,-0.19713386828011592,-0.5097266921436789
12174,-0.6465972370817453,-0.4235235726045967
12175,-0.06845758218291632,-0.4549245845077122
12176,-0.10500838670136373,-0.5494562570783564
12177,0.1618067874883459,-0.5568915149877586
12178,0.509295657977549,-0.5618825030120358
12179,-1.0714333580187014,-0.30588267744225595
12180,-0.3940911205710225,-0.2902398433179412
12181,-0.1887304161826126,-0.4432351392125174
12182,-0.12917950387165802,-0.4808221725385181
12183,0.6019861511393535,-0.432456422701645
12184,-0.5707140888782458,-0.4210419306776689
12185,-0.19803944223918168,-0.43253632299873734
12186,0.20390782724900378,-0.5474375233353808
12187,0.3448286826842438,-0.5244352942109546
12188,0.03787710476579141,-0.5678871633386531
12189,-0.4091027192102325,-0.5129240724024762
12190,0.7030559355586138,-0.4272943415696811
12191,0.1083309127614541,-0.48624821483390657
12192,0.14061647422425547,-0.5411377067946714
12193,-0.535565316543049,-0.4797103051802999
12194,-0.692504282234436,-0.3341323417731875
12195,0.05882115922543928,-0.3921192106656765
12196,-0.48323597383406286,-0.4087843821315226
12197,-0.9124164932349291,0.401915237880232
12198,-0.24213570051577704,-0.19968890491263244
12199,0.04801846003112007,-0.3392595829113664
12200,1.0394587851392738,-0.38846659436748604
12201,-0.16282575204189778,-0.36657561417569984
12202,0.0964769979987936,-0.49418050207267894
12203,0.6233698334251248,-0.4513527661153318
12204,0.29079803295945544,-0.4112729444147128
12205,0.6901893751122686,-0.289516927156975
12206,0.260813431979916,-0.3337825884635912
12207,-0.11189106234611318,-0.4772569850051124
12208,1.209931782182653,-0.2437597759896004
12209,0.3014936947442659,-0.28911044786967655
12210,-0.3676427066179638,-0.45894799614857573
12211,-0.04463909350927968,-0.4993576066641001
12212,0.30120143957945716,-0.49177319347185444
12213,0.08994093769975564,-0.4745277978093555
12214,-0.3372475092751411,-0.5017651069895235
12215,0.11189115658691264,-0.50756890529914
12216,-1.4439572488120385,-0.02965481074914776
12217,-1.790966884078317,0.5143075296364144
12218,-0.16547185201150474,-0.07245687651700221
12219,0.16518767121165975,-0.2674884214101783
12220,0.4010156295893244,-0.40030911583396867
12221,-0.09027247861940092,-0.2441964344630853
12222,0.4633383799839074,-0.4333963586114645
12223,-2.137318778523234,0.32133443366072356
12224,-2.1685418189911987,1.1692959818470685
12225,-1.0307118340982238,0.8023979415369263
12226,0.5834191991691592,0.4765350669819469
12227,0.6763126073956167,0.02876659009827227
12228,-0.7390617289072229,0.0021162752410944646
12229,-0.8179676260647742,-0.027553388411959506
12230,0.3378727440680163,-0.3071303686444089
12231,0.7266642247404385,-0.3006891959694978
12232,0.38122835503942876,-0.37632616401127
12233,-0.6455776105347518,-0.205034508768415
12234,0.24160429672820063,-0.453036641340059
12235,0.17140253433763294,-0.5315935289957335
12236,0.48148469012448847,-0.5471110592904888
12237,-0.20377718380370052,-0.4723025668465759
12238,1.0097613548034814,-0.48064247872036436
12239,-0.6278621427815261,-0.4265696085354922
12240,-0.22026035003136932,-0.4983023693212504
12241,-0.3099944360412151,-0.448750753268672
12242,0.6938285148978065,-0.45564346041782644
12243,-0.21842083305813018,-0.4917934807165365
12244,-0.13193439695439388,-0.5299081868045273
12245,-0.1810029487667928,-0.5365200162062773
12246,-0.2175430948466911,-0.43091053068572954
12247,0.7454302193713148,-0.5310231383435027
12248,0.743200665378812,-0.49261265751056793
12249,-1.0140448776184854,-0.3846097076601069
12250,-0.18893853031476082,-0.438868688692949
12251,0.06035654022125173,-0.47408395956140836
12252,0.5689969350777183,-0.5039414620437936
12253,-0.468413955465497,-0.5853125565523755
12254,-0.4452239677426929,-0.41463201841360736
12255,0.5189956513447089,-0.16869862492165044
12256,0.3542598379726042,-0.5056715320841035
12257,0.3992606936984093,-0.5351939747012565
12258,0.19323973495439448,-0.5417526084513412
12259,0.5708285986883598,-0.43518245127746896
12260,0.0042373134831960564,-0.5204989095327033
12261,0.31722391406174355,-0.5356606957538781
12262,-0.17907208152587667,-0.5431514207885486
12263,-0.3101708480930162,-0.4323942739902233
12264,-0.15588053460672396,-0.5264429115550735
12265,-0.14071873939116047,-0.5440729447298539
12266,-0.6626173873064457,-0.3746553645499591
12267,0.11460238928152726,-0.47101285415658556
12268,-0.9495281632829342,-0.3754412591727063
12269,0.629690339388906,-0.45703277577698587
12270,0.3423022994870589,-0.47363332735304386
12271,-0.7788675604592757,-0.47302639373280564
12272,0.508481990607475,-0.5411963012834381
12273,0.08538577684246411,-0.6080611542426695
12274,-0.31310214625491334,-0.5154353292166906
12275,-0.26455818416812016,-0.5755695915597769
12276,-0.7305671749513917,-0.2389786114461946
12277,0.5174924292342786,-0.5288534038987673
12278,-0.22599868840332643,-0.5469730997048421
12279,-0.501193719765341,-0.45788405702444057
12280,0.44910115741963863,-0.5340203839941263
12281,-0.0808078633770358,-0.5304086665673556
12282,0.21233529976906085,-0.5532245700647425
12283,1.7148117573871764,-0.3250618071485235
12284,0.15273977528156468,-0.23474829072510423
12285,1.5131954608870546,-0.045213367717119105
12286,-0.4293381803377715,-0.31313926397574
12287,-0.65661743400607,-0.48071887202775254
12288,-0.0987955450629516,-0.527801451484168
12289,0.45484173994148935,-0.5479922836320825
12290,0.07909665615963614,-0.5327808230440441
12291,0.6539791151722449,-0.49855187141296653
12292,0.34669915594542755,-0.4321844283362357
12293,-0.485964986941815,-0.4194710102575816
12294,0.19582454756613885,-0.5461990058133606
12295,-0.5068956772891342,-0.3876383828792626
12296,-0.0015105702218064588,-0.49648627019252956
12297,-1.0431042477168277,-0.3484406082718922
12298,0.4630453255837727,-0.45449989423174486
12299,0.8086008062929183,-0.4744959600130779
12300,0.08487089541283928,-0.42058453457607087
12301,-0.4931529412893755,-0.40184559842842815
12302,0.3933083132669956,-0.5465292298481044
12303,-0.10356497564388191,-0.5374248905247893
12304,-0.43480869780653036,-0.34810258539132166
12305,0.49407222105960336,-0.5534484298680354
12306,-0.30953884683215555,-0.4869346321525049
12307,0.39167420751759335,-0.480404863643356
12308,0.39410110734712595,-0.5563412000147884
12309,-0.054369766216775715,-0.5742486508670791
12310,-0.33409743305913797,-0.5984469153890462
12311,-1.006717049978804,-0.2924763207311575
12312,0.45636981794368425,-0.3186619361236675
12313,0.06970770656651372,-0.5187102157681663
12314,-0.4249342885013018,-0.4634228293979228
12315,0.2879040358206757,-0.5756640801175732
12316,-0.017324501560690465,-0.4703306623465182
12317,0.5765679262088067,-0.1278833076896307
12318,0.18930127470674243,-0.14015839067092437
12319,0.3554921784446715,-0.12600455721986675
12320,-0.5013543019162966,-0.23036898268411576
12321,0.8550630964558162,-0.2592893118169666
12322,2.110136097683424,0.130272450700184
12323,-0.5737668607025129,0.3011594728591466
12324,-0.13081864757071238,-0.23763306636512027
12325,0.6172955878403276,0.07176386053348542
12326,1.2708773299099376,0.1876564169185772
12327,-0.7530670389109532,-0.06627424649091505
12328,-0.32584761270320173,-0.3313583040211677
12329,-0.5702593879091499,-0.35135935775104915
12330,0.46813557209786066,-0.5151691093574396
12331,-0.05856638999339609,-0.4731826261862391
12332,0.7602842790390444,-0.4569974389185568
12333,0.6067091515845567,-0.4769068238821469
12334,0.3289006700950031,-0.412331069525796
12335,0.834429747549443,-0.1547613586419354
12336,-0.9161581906520051,-0.2308569551267548
12337,-0.18469479853945653,-0.40674797181921213
12338,0.031124738387891617,-0.4590770178291118
12339,0.07458796890637276,-0.5252249533949943
12340,-0.005243344794752713,-0.5344430535416236
12341,-0.42753123013177086,-0.5403790334174017
12342,0.19830736324617904,-0.5271042145502373
12343,-0.2197097015832345,-0.5610705106406527
12344,-0.13168605910548314,-0.5992418109480081
12345,-0.44485357317550434,-0.4612703691146167
12346,0.042241062588694485,-0.5538384679920616
12347,0.439290727603507,-0.5759074364939555
12348,-0.1408555280367671,-0.5258751303417485
12349,-0.7478162790248538,-0.3557914539197605
12350,0.5308228241106676,-0.5740705201850157
12351,0.24604294673799382,-0.4758871787989475
12352,-0.024526798428533936,-0.5171124293163329
12353,-0.18753046921330874,-0.5435085605684188
12354,0.16919060440715714,-0.6288224951636184
12355,-0.1647214011887239,-0.582576375597528
12356,-0.17433554568322177,-0.583430753547574
12357,0.10986970414160262,-0.6239464866797476
12358,-0.11076637335916455,-0.5779417660255043
12359,-0.15190266407912978,-0.5312280572484335
12360,0.11933480692723061,-0.5913517192575362
12361,0.10379938988672939,-0.5531034362581463
12362,-0.079632125686669,-0.5930369223399443
12363,0.11508891511396617,-0.562139702970616
12364,0.8933537301374916,-0.4506698760655301
12365,-0.49519355529323056,-0.46367741184158573
12366,-0.9953908357954305,-0.3249418029620328
12367,0.27424623437608325,-0.4378754900327178
12368,-0.12702618771690166,-0.49782331478626407
12369,-0.6855920640701558,-0.4458497828699476
12370,-0.02138083884677722,-0.5042018235056851
12371,-0.25847981899589445,-0.4965629063188599
12372,0.06647858879041348,-0.5254039523376026
12373,0.23124898646794068,-0.5891233466174786
12374,-0.1899284572175138,-0.5572392021239152
12375,0.2664069869628151,-0.5762095111245794
12376,0.2124320275477013,-0.5846652036628138
12377,-0.3743129119447948,-0.5267457326923543
12378,-0.13876542987810142,-0.5471075748050115
12379,-0.06517065142627158,-0.5510327534547593
12380,0.43593398272306616,-0.5689584187112778
12381,0.0697675819068162,-0.47858973619355516
12382,0.4224607303425655,-0.38378681323536856
12383,0.5859755798982239,-0.19899380997235283
12384,-0.3846888738100236,-0.34716060566528084
12385,0.14463558821477449,-0.4232814323687426
12386,-0.10310695087312342,-0.34732607917263547
12387,0.4556252177770125,-0.3997926691458606
12388,0.16864618615939855,-0.41515251462726954
12389,-0.29966532065586005,-0.43370716611377175
12390,0.1807412358798851,-0.5115892244692194
12391,0.4345816815120534,-0.47846164142925474
12392,0.4862766935719177,-0.43536009830802586
12393,-0.3898621174733009,-0.4415854176206526
12394,-0.2896441844254625,-0.4761644413755124
12395,-0.2371211638191951,-0.4632165875459733
12396,0.4473477701088187,-0.5245913833486309
12397,-0.04769907175936341,-0.6041318766053214
12398,0.22728396874961224,-0.5804735827168596
12399,2.612717486379232,0.7024346314566686
12400,1.0753820806098078,0.8585641118232108
12401,1.8472704426921396,1.2466464630720866
12402,0.07849800947297642,0.4162447067737888
12403,0.32322543307397344,-0.1586177927920207
12404,0.6792203465948071,0.01694524217475515
12405,-0.23639089240148575,-0.043778230938024174
12406,-0.12574774100488373,-0.1298690315460657
12407,-0.6266056502749114,0.024729861118640326
12408,0.10924851151250466,-0.0665770876169083
12409,-0.30588653947816224,-0.20772317627811315
12410,0.38037464965922124,-0.2681119165364625
12411,-0.27206558592655267,-0.2681493873782414
12412,0.20276000693757623,-0.30591542213241046
12413,0.45701929511231815,-0.17887228147965795
12414,-0.14268804902883403,-0.3058739987476682
12415,-1.17106928917241,-0.12812760952400581
12416,0.061401526606951036,-0.2624775745498232
12417,-0.06860200577524382,-0.21823110131600804
12418,-0.22065269909004953,-0.3172051052687801
12419,-0.008737613781213821,-0.41574528546508654
12420,0.5496591727216309,-0.47242893365611804
12421,0.5780706865871414,-0.36645952053273073
12422,-0.18791764612830608,-0.39720274946835005
12423,-0.19618038144983255,-0.4484836340733941
12424,0.12312929197964513,-0.3659501656142824
12425,-1.9302133198026072,-0.027239102590485925
12426,0.23661785916496522,0.26412897149340453
12427,0.27077134459313995,-0.2912537927970973
12428,-0.06358315500487531,-0.3919060157814784
12429,0.30993716654276227,-0.4513918533811691
12430,0.269981237265818,-0.5241776917598515
12431,-0.7373380968315555,-0.3666488892896618
12432,0.5911583043601288,-0.5454038867254041
12433,-0.3435323238312849,-0.5107661530210192
12434,0.9053498295776792,-0.4855183523607326
12435,0.03820468707262625,-0.4714048216669616
12436,0.3167454838605831,-0.5653650112594044
12437,1.2555305371319068,-0.12077741139454634
12438,1.5857848980067077,0.814179761507756
12439,-0.27172686762366494,-0.09825344335466513
12440,0.6025820639607059,-0.2637247545952743
12441,-0.07974511598729962,-0.3472415339526674
12442,-0.14362055903936682,-0.3082939209474264
12443,0.18544606179411396,-0.41227628553579965
12444,0.25611728604757794,-0.33171791371412224
12445,-0.30878237393220476,-0.20055146843654306
12446,0.11428900026650503,-0.3210859557996182
12447,0.8311680695054002,-0.2999993533856202
12448,0.17400593642842782,-0.22390362163854755
12449,-0.0024026746014386077,-0.3097942646644076
12450,0.9250567213454732,0.058190736657288
12451,-0.6799613219989121,-0.2568507548492727
12452,-0.03167379971552216,-0.3808664037587707
12453,0.3765497675595368,-0.4312759003542154
12454,0.34055314495912825,-0.42799612639106627
12455,-0.011934099383559157,0.09248583462655105
12456,-0.8439697489796384,0.8861448353133046
12457,1.1820491161095905,0.6506849701147615
12458,-1.0194035271989241,0.07692432787553054
12459,0.16977512662990515,0.11554669965932093
12460,-0.8580183641991098,0.28065029000673003
12461,-0.3448241509217163,-0.23416475958518845
12462,0.2600001768372954,-0.44445028344858334
12463,-0.06050022752435279,-0.4082575247427582
12464,-0.38488646986901337,-0.39450034334516004
12465,0.224223044377541,-0.5107038665379132
12466,0.02807735856550216,-0.39696741164488203
12467,0.5109532382941379,-0.48387812913937356
12468,0.7754407563326186,0.010901514077485325
12469,-0.6431066104919818,-0.23090238380782047
12470,0.010397392450674281,-0.45952671942953227
12471,-0.18356057676929713,-0.3321608802612448
12472,0.09177274926981208,-0.4469911391129282
12473,0.07235049088391023,-0.45021509128832704
12474,-0.22259926873079103,-0.47287871230212275
12475,-0.3090283059005944,-0.34298667966963386
12476,-0.18559167381569913,-0.41499394809661905
12477,-0.14660933365015807,-0.4596826793279598
12478,-0.21313970747396574,-0.5072733316845984
12479,0.3206995708694555,-0.4581081067842875
12480,0.4065085493869446,-0.49051823272731576
12481,0.37441662386396163,-0.4510254246831555
12482,0.28617152372892424,-0.5269294615999461
12483,-0.2811591791521916,-0.45345754915097186
12484,0.7889694984034362,-0.3040616509253665
12485,-0.23028372429442737,-0.255274367916468
12486,0.2602505864202642,-0.2655938652114205
12487,0.49906150881828065,-0.20964036389698848
12488,-0.928650658414646,-0.26492017795198874
12489,-0.5825813922380375,-0.25939707777714
12490,0.10886772652352787,-0.40815389262705637
12491,-0.1654050759368208,-0.40408344759215786
12492,-0.24638710518700957,-0.46918498497189354
12493,0.10826457820272177,-0.46997768706832765
12494,0.5560904781528189,-0.49889374541782117
12495,-0.1085578133899804,-0.3976341507050188
12496,-0.3505376281375074,-0.4443581739256963
12497,0.11021927978163655,-0.45205139797740895
12498,0.24629799352548282,-0.4950317282717589
12499,0.5723306280314295,-0.3692023863079787
12500,-0.10495525987674946,-0.39602397817468543
12501,0.20638247732769793,-0.47768439112822436
12502,0.23765235872781992,-0.5053512437509816
12503,-1.0489231502874286,-0.3047333194863207
12504,-0.03683230999842061,-0.37153745857276343
12505,-0.1192220092452157,-0.34898139377797166
12506,-0.31781491027522163,-0.39445139718709354
12507,0.27959756103780775,-0.498658959594214
12508,0.5754608244740668,-0.4889445233890609
12509,0.5670798427991925,-0.18707367139204528
12510,1.4883771096764273,0.8226355616744851
12511,-0.635280070476898,0.5312600617421456
12512,-0.18382500672985508,0.011446185170311735
12513,-0.9999276051634775,-0.09129284839117652
12514,0.09700051987216465,-0.2645715634936789
12515,-0.8416974620963493,-0.020254681559139925
12516,-0.015273865079233489,-0.3632710735049854
12517,-1.4036794899514007,0.15889918397086256
12518,1.0382929885717733,-0.21104066035373364
12519,0.09452538698002302,-0.18338882391940978
12520,0.12302925055220783,-0.4053207683908655
12521,-0.10781916744365917,-0.4507738074146655
12522,0.4288671084210971,-0.5454110540167042
12523,0.9105043159222742,-0.377893408848151
12524,0.21005234868687087,-0.36790162877277954
12525,1.1650224069252981,-0.12365694425444335
12526,0.7695837523653523,-0.14034897912913746
12527,0.008518852753123099,-0.2493773621622023
12528,-0.426230764977375,-0.2171230277948646
12529,-0.5701859576929703,-0.1428052651423741
12530,0.07358157896886697,-0.3437652892672579
12531,0.10832678886070576,-0.44711462503207583
12532,0.07057703163402682,-0.42874141506696367
12533,-0.11504415969826956,-0.48717447367045974
12534,0.47665079101797747,-0.3688806767057343
12535,-0.34066331378788434,-0.3050476882806272
12536,0.05581327120961133,-0.4779517860211552
12537,0.6050760160101835,-0.5209318851316678
12538,0.3766157736329448,-0.43904460676334656
12539,-0.1606161580827472,-0.4235981426330679
12540,-0.24091169850469418,-0.5059166812336506
12541,0.4434859427287684,-0.553272559792934
12542,-0.10019048452824625,-0.5582075240725107
12543,0.18425848303843503,-0.4552218409793436
12544,0.24400658000290854,-0.5083723785810986
12545,-0.25283273494492536,-0.3694813121774271
12546,-0.013161307324088743,-0.5528723918542996
12547,0.1366590360814652,-0.5825546588484687
12548,-0.28019204070980613,-0.5443050513368636
12549,-0.418779933651344,-0.4168190722267063
12550,-0.07153521338486502,-0.5404893207198217
12551,0.35572800206093663,-0.5377529418834596
12552,-0.020814745666916403,-0.5683098107717638
12553,-0.3648080311872708,-0.5153033359294608
12554,0.011452874879895068,-0.5580214893064162
12555,0.1704238192838662,-0.5591844326499812
12556,-0.054507558088163065,-0.5929605759144436
12557,0.465551276723648,-0.5027176594482536
12558,0.07046100059683481,-0.41690975161676264
12559,-0.2689968406742133,-0.4740441220086231
12560,0.08695021496881276,-0.5437680323221862
12561,-0.14013376671032032,-0.5075937561698073
12562,-0.14109605399499953,-0.5680011134058086
12563,0.13932311698333896,-0.4911767234180726
12564,0.059262773125550304,-0.517561835240084
12565,-0.16662828013631448,-0.4799492401039114
12566,-0.13954690379174237,-0.4852283849985539
12567,0.443257711511265,-0.5612782552755144
12568,-0.2652404544741764,-0.4618384604889174
12569,0.24265580149609778,-0.25712917578486744
12570,0.33238188991741907,-0.46038788555502363
12571,1.5573001586660795,1.2220621180018374
12572,1.6483324403859778,0.3790235238191124
12573,-0.35469417893738225,0.149749919722998
12574,-0.13244840697843788,-0.09189967327348028
12575,-0.6502510179139507,-0.17106685217560527
12576,0.062274297455076615,-0.258862076582493
12577,-0.3077299282981023,-0.32197667084082504
12578,0.15535789020444102,-0.4544671385675014
12579,0.5417901648736537,-0.43895702309418133
12580,0.2945226496715035,-0.44352626034173614
12581,-0.1714597319036777,-0.4427927982026465
12582,0.2131028859345235,-0.4724522621817603
12583,-0.061354110128178936,-0.4681776108639668
12584,0.43762885209828983,-0.44952109411436175
12585,0.7468912724638482,-0.3363214063064372
12586,-0.4017879944442906,-0.3006518971056594
12587,0.9679735306081722,-0.31024770860463147
12588,-0.34402700247104934,-0.28542697605760275
12589,0.05982595889075628,-0.28708111004498327
12590,0.4978557701486928,-0.21870809680996361
12591,0.8944660853483343,-0.17090045466852483
12592,-0.1812088359239088,-0.16865683840503673
12593,-0.4686555661826629,-0.21027176160751548
12594,-0.2758813178617247,-0.28787479013769696
12595,-0.5820756490940259,-0.28783387937895855
12596,0.32871089773888823,-0.4668054765744484
12597,-0.3165180347161692,-0.32189744006314785
12598,-0.2632623299809637,-0.4026784903989829
12599,0.5909115611841402,-0.33425862490515185
12600,0.4441477315486674,-0.25496565470674093
12601,-0.40585124345776286,-0.30547746725330904
12602,0.4719989652062998,-0.3576822433308
12603,-1.154344279536544,-0.018497598468822762
12604,0.4268407717754966,-0.3754202536157437
12605,-0.30489793650420977,-0.3444422305518313
12606,-0.5440588450389785,-0.26724133689902574
12607,0.33930412789707387,-0.036352740141667755
12608,0.12459570885087053,-0.4093105709009599
12609,-0.2439379836775207,-0.40410527553949505
12610,0.3875219500468625,-0.44879382209936597
12611,-0.26664099247668344,-0.3787997832174235
12612,-0.5880071458413665,-0.2267427793616575
12613,0.03179780497158786,-0.41795229525120425
12614,0.19805918996805666,-0.5204910832358145
12615,0.3819019003407666,-0.36338703225593416
12616,-0.24863296258907172,-0.38382928294158775
12617,-0.07238063058970286,-0.3964450129633648
12618,-0.4343031437567324,-0.37994484322651534
12619,0.5977609785985127,-0.3945458066520252
12620,0.17357573090901104,-0.4131256359136385
12621,0.07954620012114418,-0.3581969848540711
12622,-0.11193619939612148,-0.43448567781456576
12623,-0.26619980532503235,-0.43819450503871904
12624,0.23606460464170795,-0.5084411670842675
12625,-0.24239939594714532,-0.4189203625563325
12626,0.25633070172454664,-0.48375836030267627
12627,0.3559637308906559,-0.38174805228817876
12628,-0.219897347748383,-0.4553465335636917
12629,-0.25147847741969,-0.4154894254513663
12630,-0.22812975521004997,-0.42474424901174496
12631,-0.11509186117360301,-0.3488850567583373
12632,0.5968328705456132,-0.32444538012630914
12633,0.4885438183226782,-0.1631697593846594
12634,-0.19018773266219374,-0.3529218009349159
12635,-0.23038385131558822,-0.3862884387275704
12636,-1.2117627416952863,-0.21499695675120972
12637,0.0872960393612617,-0.32146089319740667
12638,0.364156076878475,-0.5673862114634094
12639,0.17334693721235975,-0.5280090209928309
12640,0.5976142882741061,-0.31129737716018185
12641,-0.6110126621266538,-0.20693030292407055
12642,-0.4929215595013774,-0.19607034426085834
12643,-0.23455292814015102,-0.43505492613072927
12644,-0.05580734351743004,-0.5392690420431792
12645,0.3616792737268394,-0.47399674899427735
12646,-0.1501200004868515,-0.48165662282127664
12647,0.567227782342666,-0.4871731770622133
12648,0.11586241127591934,-0.47195641818952705
12649,0.3579884836540124,-0.47905003737993046
12650,0.48273642815295514,-0.30493391546067067
12651,-0.7160358113216021,-0.31592507433143696
12652,0.23818361090967352,-0.47437449686323496
12653,0.3162373846766155,-0.3881159844025171
12654,-0.07326894959566006,-0.36198681131043847
12655,0.036864433565641376,-0.4192884732600382
12656,0.3684957114230612,-0.3257028902750929
12657,-0.4105873373643948,-0.24274422713473615
12658,0.5860229102684562,-0.21561535369362078
12659,1.1564426750238779,0.36718396587398294
12660,1.8483769456491368,1.4932153295027097
12661,-0.09102605532500047,0.27022188223921473
12662,0.313901351175483,-0.08989925713644509
12663,0.38944039126673496,-0.19750246224865547
12664,0.22936949476695112,-0.227717972781524
12665,-0.3104589902283593,-0.2967537495080788
12666,0.09350252400923148,-0.2628011467532333
12667,-0.7564719577374439,-0.26426490643740963
12668,-1.3139571590049395,-0.14672986305568525
12669,0.9626543835206919,-0.37749559853872705
12670,-0.8671686085357052,-0.26714856781056234
12671,-0.26385470798518407,-0.3019393400478709
12672,-1.0223823563328858,0.16042570085561508
12673,0.6704292530950642,-0.37247195492991614
12674,0.058558494359733336,-0.45600636414816287
12675,0.29184654158011175,-0.47924989900747184
12676,-0.5259124305584879,-0.4223919563887328
12677,-2.370492708554562,0.5433935116141312
12678,0.42154634760366994,0.07959480701445634
12679,-0.1996252575300567,0.599184541975157
12680,0.856006189752658,-0.21213248159168874
12681,0.27268527769699163,-0.37663675491882703
12682,0.5492131403096873,-0.34282273552277925
12683,-0.1552014083718465,-0.42052496022803254
12684,0.03565167330213397,-0.4939308401109265
12685,-0.1715264102242718,-0.4597544817670466
12686,0.22265062118570544,-0.4047980809331498
12687,-0.4784631703695781,-0.4060104888901705
12688,-0.3622303972336557,-0.3908464814176943
12689,0.2886606779143758,-0.34761256601431084
12690,-0.6993390798238222,-0.3563864596733517
12691,-0.06741516606859976,-0.42110055355325116
12692,0.7315201582166715,-0.3804246347523115
12693,0.25783765397008,-0.31423820144466913
12694,-0.45428301327650816,-0.3544216073802401
12695,0.13342515633179622,-0.288782667509702
12696,0.19234927698311854,-0.46545779248605923
12697,0.6111283335552847,-0.3990280304728802
12698,-0.24182183861838533,-0.37836304063387205
12699,0.2903870518520688,-0.5006548734775165
12700,0.03008087241039122,-0.42387165018037265
12701,-0.4430235372264142,-0.3891324518794989
12702,-0.5418537450918137,-0.37744413298424984
12703,0.8143010095073543,-0.33179683510187963
12704,0.9214529142977095,-0.3155216127782111
12705,0.38615332316171896,-0.12979375481823702
12706,-0.16958119550069933,-0.27834153799966665
12707,0.46462225045118266,-0.1693754842840843
12708,-0.32224892807371697,-0.27972684952213467
12709,-0.09069460781194924,-0.3999343114224418
12710,-0.11742239607953588,-0.39412521546890367
12711,0.14657678211162983,-0.4147532638780277
12712,0.036741847548322645,-0.4090187669349529
12713,0.19134528310653862,-0.43996010851890854
12714,-0.14893651272409367,-0.44281635426388494
12715,-0.2666411767278017,-0.4389633118168328
12716,-0.41759405166095004,-0.44952342224116976
12717,0.3033650791439718,-0.5467260474540742
12718,0.007367774602426756,-0.5415436072788632
12719,0.32066018277799463,-0.5508865946631515
12720,-0.33430833989986564,-0.5110278002732174
12721,0.3130459195600891,-0.5672325661007582
12722,0.20365716778151632,-0.5772553942942056
12723,0.33268588409528105,-0.5294524820835366
12724,-0.2578162771015546,-0.5140373448254106
12725,0.1941151614187711,-0.520600867949453
12726,-0.04840898888404611,-0.4478076386488928
12727,-0.8811729835235061,-0.20484957609214638
12728,-0.3515712021775303,-0.07729754015997944
12729,0.9950095238757967,-0.3636536286298091
12730,-0.7780160261554848,-0.3835396094303788
12731,-0.49105981951924077,-0.2492640312341941
12732,-0.11477725922893904,-0.3906564080773082
12733,-0.09012208208162732,-0.3532972614670685
12734,1.174126367152309,-0.4890921226774848
12735,0.0583345304853515,-0.20223430815979215
12736,0.1015937154206248,-0.42124082371948496
12737,0.3857063798316669,-0.4821498568973379
12738,0.23095412419362962,-0.45731331627566796
12739,-0.35560454208045045,-0.3262201275444055
12740,-0.01581142761272568,-0.46754263627647386
12741,0.485560612109592,-0.3872421847697388
12742,0.012390290933882896,-0.38086455302957156
12743,-0.34780029239424776,-0.17295600197522415
12744,0.9963856469746052,-0.24984310867522413
12745,-0.6753450726582734,-0.2880798717310427
12746,-0.4501796805646152,-0.4049765742210262
12747,0.34020955532123953,-0.5329214461020355
12748,0.44757812045540224,-0.433670418530077
12749,1.4242456231677028,0.328006095705793
12750,0.007000353529128666,-0.12180865037710434
12751,3.0562972874878764,1.4445048066403454
12752,0.6134597395327878,1.3924157574152782
12753,1.2652011699298333,0.845868921090091
12754,0.1667734566494504,0.33529554359909763
12755,-0.07892758689714925,0.20876167961092973
12756,-0.6388475221150489,0.2611728379480095
12757,-0.49076379990443136,-0.09884037593717454
12758,0.6750917026502175,-0.25702844936312497
12759,0.396915572352365,-0.0374634767983934
12760,-0.11998825923496159,-0.31639307708940867
12761,-0.12023125208434787,-0.23292195693962642
12762,0.06767828057366869,0.06500080247202492
12763,0.7704291419911197,-0.10358806695761558
12764,-0.7958102142180458,-0.13762713340110205
12765,-0.3490525755822627,-0.10641534922306461
12766,0.11167458012886466,-0.17699616311603167
12767,-0.036428297209598635,-0.325389613299145
12768,-0.13331059944554818,-0.30698332087343316
12769,0.2800191272458458,-0.272020556144437
12770,0.16797307677248763,-0.2344476043860454
12771,-0.6411266034575691,-0.1922593637223688
12772,-0.6947544407538833,-0.22352168484160345
12773,-0.49654019269243643,0.10989656701473982
12774,-0.9189822116939852,0.0923546977837011
12775,0.34762853593829807,0.11563522656616344
12776,0.5063428595356071,-0.2420803616124088
12777,0.2164895018796107,-0.2898606775545074
12778,-0.05116226105548655,-0.39134407294208806
12779,-0.3203640614522455,-0.44435147616903026
12780,-0.37247208750802846,-0.31538200240595393
12781,0.005631692235162899,-0.3020558604219142
12782,-0.289184003923915,-0.33342856149089456
12783,-0.5275864118783665,-0.21962002225900856
12784,0.16320789866141736,-0.32029731965351893
12785,-0.6430822574704033,-0.38236689777343924
12786,-0.1579030844659791,-0.25632578840162584
12787,-0.881819769432131,-0.05332177320333148
12788,-1.9802065235689545,0.6002874913099562
12789,0.7609166484359343,0.8271779054427235
12790,-0.6911503089598717,0.31330504426313927
12791,-0.2993438382408596,0.01682568787935614
12792,0.039573856765352404,-0.10879283098630141
12793,-1.4984743134904126,0.47316751306684507
12794,0.47195361652875595,-0.018156913007178185
12795,-0.6923672598312285,0.29465413499454707
12796,0.03325845610505645,-0.2047047834272015
12797,2.5946127585633607,0.6849044375587903
12798,-0.25528235925415976,0.300874367123735
12799,-0.03200195037264808,-0.010273468209115788
12800,0.016151868418808533,-0.201479093762503
12801,0.39981897900947555,0.20256783190924088
12802,-0.08230197444420283,-0.22506947514825554
12803,-0.6039266288415492,0.0017572179683449096
12804,0.1736255635261365,-0.33953623966695823
12805,1.139679407033147,-0.3014539534236672
12806,0.19363365822580772,-0.28893148204464175
12807,1.3268950742243704,0.5103567477731858
12808,-0.6601422546165576,-0.03416485987411727
12809,-1.9649276076418722,-0.04054750662277573
12810,0.30874303294652056,-0.2875413588595163
12811,-0.0003327670695619858,-0.394582072541088
12812,0.03984273695119846,-0.31829659008716965
12813,-0.3896476415516656,-0.40999858580722004
12814,-0.5233119309424074,-0.3056106668359067
12815,-0.2141335892693916,-0.05728824767694275
12816,0.3438108704573751,-0.36927961378203333
12817,-0.020436934922340114,-0.4689452622738487
12818,0.7039215756427312,-0.5306507716545001
12819,-0.5619226634688828,-0.48526651075306815
12820,-0.10787752956426472,-0.5070841592476835
12821,-0.9821113697343535,-0.11917630406821578
12822,-0.7039563702804854,0.3359383775638549
12823,-0.7670415729668197,-0.06535867347566104
12824,0.491124775120844,-0.40272146004437037
12825,0.19207019338678166,-0.3944241947973041
12826,-0.2042010082042362,-0.44328594127354737
12827,0.5926580640672725,-0.505242907586369
12828,-0.4783108435392745,-0.4216020528289929
12829,-1.494678141499009,0.3530001479427306
12830,0.0031505321796335113,0.070757476684379
12831,-0.6717700973063396,-0.31204087677583753
12832,-0.39459830546031976,-0.04432508356732566
12833,0.6472162041340065,-0.42699524638180236
12834,0.4430280988408595,-0.48354217367718033
12835,0.21250439678099853,-0.4761327323588388
12836,-0.4057886684881317,-0.46752249846767513
12837,0.3678501963662821,-0.49407104255428147
12838,-0.4256871769688769,-0.46174533588534794
12839,0.4289469780188572,-0.4683807989552182
12840,0.5621392535777795,-0.3705443958772995
12841,-0.2864790773055399,-0.4238911267605543
12842,0.955227539124419,-0.3098668083640228
12843,-0.3297723689202248,-0.22929899054936925
12844,0.5943535547418365,-0.4660823252265732
12845,0.06246898219697907,-0.5070696738551782
12846,-0.22043853725127377,-0.4243682898861685
12847,0.04232790542807558,-0.44857936325358083
12848,0.6034786304306023,-0.460698997937698
12849,0.2661080991043828,-0.3718529559861099
12850,-0.47481533411468724,-0.39959756363901183
12851,-0.4410391896980967,-0.3947536857883843
12852,-0.26681833675482397,-0.439757291074465
12853,-0.0071863252260214805,-0.5381914311872132
12854,-0.14248037644868514,-0.595923795298429
12855,0.4949493951769769,-0.5809312200489737
12856,0.4100050969336443,-0.529449662925074
12857,0.17097441661644092,-0.3745733218150668
12858,-0.09196933875973815,-0.4850457232796864
12859,-0.8232896531962871,-0.1526580478953155
12860,-1.0286386139401134,-0.1253288831278453
12861,-0.45110699352962663,0.025567577332971225
12862,0.9648064017334143,-0.341144639486403
12863,-0.5895787153905224,-0.3253115462159889
12864,1.3051728931320643,-0.1141797407342692
12865,0.011923566571087982,-0.25937188301496955
12866,-0.45866356965765115,-0.39459471356847703
12867,1.2014873250217197,-0.07491660783946485
12868,0.027134605814567798,-0.34150850307373853
12869,-0.47224942619323534,-0.27618058373236
12870,0.051437625998364336,-0.46495013818344966
12871,-0.33816686881963387,-0.4105708916842624
12872,-0.3565511690312813,-0.3802659655929683
12873,0.8267256330773521,-0.3812208766341759
12874,-0.8511189574550148,-0.23670754750921608
12875,-0.8288106203850819,-0.25330569764396815
12876,0.4914310631886643,-0.13356391354554978
12877,-0.36079971667738436,-0.3602250661786539
12878,-0.5606009673465583,-0.42804689429266324
12879,-0.5038903997245069,-0.20654260540837444
12880,0.7889399082082662,-0.35903578900022926
12881,-0.4107156968453555,-0.4384349978415699
12882,0.12347071187726409,-0.4036053302019496
12883,-0.8290238387868025,-0.17903982499479992
12884,0.8257997527691929,-0.3687943033722229
12885,0.035904832887037254,-0.40199545862347824
12886,0.6124851354587801,-0.4001006243753253
12887,-0.5091700176093709,-0.3569944953352958
12888,0.8409224918893512,-0.3709233319161497
12889,4.662992294476032,3.3844936091997697
12890,0.005645665205628662,0.9319321299776262
12891,-0.7817969663195852,0.2667320477644819
12892,0.7633048474276094,-0.06405353476863823
12893,-1.4573528492828962,0.44927129608732175
12894,0.10669058030828968,0.4159413065435626
12895,1.0947075197336291,-0.12840032546868851
12896,0.35329946888699143,-0.17044436474694058
12897,-0.05422988495719537,-0.2783337933027221
12898,0.7849879379071045,-0.054706008156105795
12899,0.10608416482015308,-0.04290890456881577
12900,1.149175936230999,-0.04938998435113795
12901,-0.23287360693016088,0.04641768071513337
12902,1.0631013572390493,-0.08331469043560652
12903,-0.2866646193837948,0.10085955602360117
12904,0.31947740036330835,-0.04587782715346991
12905,-0.15024154988588684,0.09208098203378873
12906,0.523020892228173,-0.26612018418938044
12907,0.4265766010594501,0.11853373400546163
12908,-0.5058310619461172,0.057618032247332925
12909,-0.11100575561689968,-0.21333512554362916
12910,-0.20690672388151046,-0.3027491823599571
12911,1.6381251447537122,-0.10529027134932792
12912,0.33172198619116916,0.06616256185816119
12913,-0.4787223312083314,-0.053084095024636915
12914,-0.5376110274729068,-0.054362091024873535
12915,0.4155597876033122,-0.2958144031283278
12916,0.8924361488351581,-0.23887389875131854
12917,-0.27478431886607174,-0.07276339158525644
12918,0.34190517738797493,-0.26632382754531186
12919,0.04586874996758301,-0.33655540689348046
12920,0.5695417906194861,0.38214657026139803
12921,0.31881063390995573,-0.21849273780354428
12922,0.34864566291019544,-0.12414423744550576
12923,-0.5730333795803397,-0.16021935364965212
12924,0.05264759992227406,-0.24507629371674622
12925,-0.08098852909578658,-0.16898392820996402
12926,-0.47414631622824527,-0.2434393873787581
12927,-0.23086923686732666,-0.21964486800979505
12928,0.22442009016013803,-0.33176361658328546
12929,-0.06346461176559345,-0.40476072430823473
12930,0.2963622524642325,-0.33022188016955734
12931,-0.216011196528754,-0.3168791411633194
12932,0.21423644892376584,-0.4233726418752078
12933,0.25539549135482387,-0.41804175763447865
12934,-0.40326588560217475,-0.3523203979604021
12935,0.19271293629266817,-0.34250634552149334
12936,-0.2425326237131327,-0.371554524143263
12937,0.32117711021608353,-0.17502282032116226
12938,-0.6409191768496694,-0.13065043337412002
12939,-1.5569127345939981,0.2040915317637954
12940,0.7920414287515454,-0.23038537288691413
12941,-0.5865092288226001,-0.3248815186536602
12942,0.30119925083938803,-0.3322308338109474
12943,-0.7697393963721526,-0.26559598227548953
12944,0.5297121723559853,-0.34029403023904625
12945,1.4012102754366278,-0.2855168528622346
12946,0.32754428380034994,-0.038119360157034224
12947,-0.5663452371120439,0.014607669284010513
12948,0.4315834669520651,-0.16650446196143745
12949,0.4991995169737962,-0.2539436967921466
12950,-0.2447264838365469,-0.18702097177864793
12951,0.7649534491668922,-0.01725780705259236
12952,-0.1847624952601373,-0.0603661304920667
12953,-0.4775805951403565,-0.13897711489044792
12954,0.006920142663103863,-0.2405199077245066
12955,-0.039817721038250604,-0.32732657483477523
12956,0.17965447630098744,-0.31092629626557655
12957,-1.208384134082438,-0.00618097538755466
12958,-0.5024953481537604,-0.17942894082587535
12959,0.5319549270306659,-0.2597843531529725
12960,-0.48812150403801036,-0.2904750373312532
12961,-0.034492125940001575,-0.3667998931562748
12962,0.7468379525154792,-0.3005413323270022
12963,0.09991122960832674,-0.028961334525518093
12964,0.4454435293988706,-0.26622525953194237
12965,0.19304556004766862,-0.25625542039801746
12966,1.0443427394732636,-0.04492961709071089
12967,0.7253096639945235,0.03550417751394519
12968,0.35513237934733055,0.005334266490935366
12969,0.5245973704868493,0.04030496163316631
12970,0.45924543742039275,0.28187293190246376
12971,0.5340964090799145,0.0638731230895681
12972,-0.6654406500050284,0.2987828397832516
12973,0.14260012458738539,0.16706681639319126
12974,0.8408812658733877,0.36832827439520954
12975,0.1785497087818174,0.18680883260222994
12976,0.041478956892035575,-0.1222346245935485
12977,0.27963338308765895,-0.15827274394621144
12978,-0.11295008737253251,-0.20599218194008678
12979,0.24158105011670672,-0.3122010946608626
12980,-0.1874826997576414,-0.1038841088673558
12981,0.24167842976007484,-0.3745702486968049
12982,-0.12047431901787604,-0.29111062902608276
12983,-0.20404443151019178,-0.24912195546167049
12984,0.30727371286491123,-0.3277415116153596
12985,-0.05162169643520384,-0.08972940217491684
12986,-0.9140956665375896,-0.0063618932969923755
12987,0.7222957555787253,-0.17011864854413433
12988,0.7635961863079183,0.27188694910438116
12989,-1.457756816875622,0.9165603097129632
12990,2.131941846561804,2.0600509470036106
12991,-0.2672429491780672,0.7960522017929919
12992,-0.6800729107988052,1.4400335767149262
12993,0.191630278241132,0.06805668745233369
12994,-2.492066341924181,0.5919454934733503
12995,0.2987304656711806,0.22134402895037933
12996,-0.9876323477943524,0.6130127596788789
12997,1.808109190146321,0.34623733859629546
12998,-1.1306791724017864,0.11492323516698329
12999,0.9568887171172802,-0.09608035523728184
13000,0.6766499362414479,0.14763941772957415
13001,-1.0573046224410338,-0.01040718444991829
13002,0.2610003988799553,-0.2685872587987728
13003,0.5441295705816593,-0.2275512394759151
13004,0.6550119476448605,-0.2400663212193188
13005,-0.7138568332513994,-0.09684651089054871
13006,0.32701853404546694,-0.3496061208615189
13007,0.3132252928064067,-0.31276677487142257
13008,-1.144018509823054,-0.09136372494952322
13009,-0.12794958051649893,-0.09272197063410001
13010,0.5142690304530725,-0.44510845895295914
13011,0.33119787081874347,-0.29459127174222194
13012,1.4706473617693556,0.1627948299512388
13013,0.009192393264111899,-0.1822100358169657
13014,0.8707571934261488,-0.11506867189535513
13015,-0.27714019084997427,-0.29000691621336644
13016,-0.44782665420152323,-0.35280415342210597
13017,0.61385743688385,-0.3204506804842294
13018,-0.028710140554138088,-0.3868700494390136
13019,0.06799627889397163,-0.1927089308456369
13020,-0.08876909477746013,-0.3439228154144843
13021,-0.6042111700986199,-0.2723655583119419
13022,0.34735370095271095,-0.3138560317848613
13023,0.9107775735123275,-0.24418056594384518
13024,0.015409233554863483,-0.15509680253590685
13025,1.6311028875759568,0.13446367062447845
13026,-1.0387253415296624,0.3924646659699897
13027,0.4247784443784555,-0.08670962280884192
13028,0.39583028316440605,-0.2825297788244732
13029,0.26128957486735954,-0.1782029104379398
13030,-0.5229591076382345,-0.23797509756567825
13031,1.0713868785572427,0.1287361783376663
13032,1.0119553038247364,0.19127334564217086
13033,-1.139449446384171,0.7868509764941253
13034,-0.07082607046010549,0.07058787805325856
13035,-0.6562202780748041,-0.12051532818584143
13036,0.44265044875092985,-0.039433142510255495
13037,0.38742445916788776,0.2141646687460334
13038,-0.6715607753521359,-0.09457894305365788
13039,0.23996971667098368,-0.22398748455600792
13040,-0.2744330754316257,-0.26052032533461067
13041,1.1042470494960939,-0.0936279140706972
13042,1.1016697895541914,0.4115112806009812
13043,0.01844386001774736,-0.08863703527279632
13044,-0.20126921418279753,0.352740069604078
13045,-0.1267357798121052,-0.06276029999837472
13046,-0.40462792064568226,-0.1972372859294838
13047,-0.7210945888871185,-0.1998605406493566
13048,0.9110639950150823,-0.16655015217732955
13049,-0.2483763422328475,-0.2242409163763917
13050,-0.6959458142190396,-0.3136464640994392
13051,-0.4548473196127516,0.11066857448229822
13052,-0.4043518199792324,-0.269412104777408
13053,-0.612578508186841,-0.03403059164652225
13054,-0.31304844464351345,-0.18980982321291381
13055,-1.2860498850937572,0.7147580527327918
13056,-0.01523307011958927,0.9070229589545158
13057,1.2873822943312976,0.5044749662845938
13058,0.26145569319972417,0.031236330437634924
13059,-0.837796144602226,0.2011315855392642
13060,-0.3788249075702966,-0.2441210734566538
13061,0.49568254607726664,-0.20770247124154084
13062,-0.2443291864373252,-0.2213325692594451
13063,-0.20736965122315626,0.06991138312847117
13064,-0.017585734471776315,-0.059371018972959655
13065,-0.9246537654214965,0.030658801645107897
13066,0.28990287396478354,-0.28744680357314906
13067,0.5588652585193701,-0.18290306330655853
13068,0.11433447884625973,-0.19724811855911545
13069,-0.590669179393627,-0.1945847771622654
13070,0.6797726721291267,-0.06270041305233016
13071,-0.6976884890202071,-0.2308431147025245
13072,0.022060496661315373,-0.24729986094640816
13073,-1.5338640743397514,0.5691536788077433
13074,-0.19109805533176563,0.32761433871471396
13075,0.022283591078545543,-0.09308215654362784
13076,0.02144169852008739,-0.2532105341086013
13077,-0.28441071804274143,-0.23397514143550285
13078,0.46253821598730444,-0.25123968653149564
13079,0.32355533413120086,-0.09504309220021068
13080,0.5868737918430139,0.1806372137345121
13081,-7.4111018646002895,6.934988496181823
13082,-3.0800195178607144,3.021575402116441
13083,1.5422015836116567,3.1753252345205225
13084,-2.921570105565525,1.6567336738597889
13085,0.3525233015489103,1.2270105887817877
13086,0.561007595472062,0.70091030448432
13087,-1.0481609921267383,0.3754065640777146
13088,2.679589837863263,0.6660179372512539
13089,-0.24159270385213766,0.8888314706446634
13090,-0.3856878397400322,0.24264186084466813
13091,-0.6697977215370442,0.15101108856484555
13092,-1.2995422652374524,0.2667945681915044
13093,-0.14824695139927163,0.07982882246707043
13094,0.24310068733370177,-0.06866377008301329
13095,-2.4784775766673195,0.8767283559306588
13096,-0.2113052416344541,0.46162153583845644
13097,0.32192914492888963,0.3236845659272608
13098,0.5170259388288486,0.15333882924404574
13099,-0.4510295924204741,-0.026518418703521354
13100,1.567423238113198,0.007381774744782174
13101,-1.2477413338925063,-0.10327976789371088
13102,0.555977822758776,-0.22485107552886135
13103,-0.974530673295965,-0.20221073406531456
13104,0.7964714554169797,0.3363677931954363
13105,0.939312124895111,-0.3239703396660221
13106,-0.1573502689660179,-0.3408902633322411
13107,0.10369817400456656,-0.5049630546714381
13108,0.7756299383615213,-0.3411532863176187
13109,-0.05676153395848392,-0.21846192065671816
13110,-1.1115355156095783,-0.06334316009014886
13111,-0.4682716204415978,-0.24144316106581443
13112,0.781689470857865,-0.44744226835922013
13113,-0.7375558021393618,-0.2759052975255594
13114,0.0621875851857974,-0.33794357541478515
13115,0.30968981872297946,-0.26235034949892827
13116,-2.1391791293420934,0.15835933104607636
13117,-0.4199644263113592,0.5224339387879133
13118,1.122499799861326,-0.3135631899068826
13119,0.3734881020725892,-0.18036985480557616
13120,0.6924982961520868,-0.30991327317686473
13121,0.0886039995741815,-0.35772201302167866
13122,0.6612481974638085,-0.42422501733016416
13123,0.381152110442967,-0.3792448212492979
13124,0.6455620838648501,-0.3931712323663289
13125,-0.2357943721296575,-0.37361271803267754
13126,-0.1775388474512502,-0.44404010241251
13127,0.8447545075895189,-0.26589289376899755
13128,-0.9490499629545728,-0.3609668154214013
13129,0.674334486132835,-0.16140079503875532
13130,-0.6674871465017232,-0.3396482049054847
13131,-0.22080776901374924,-0.4313838442007385
13132,1.087555753417974,-0.356147190230215
13133,0.54224725040777,-0.03017453919228455
13134,0.2676922368359982,-0.1654721662133164
13135,0.21038854916197658,-0.33544191970365383
13136,0.3186732189088094,-0.32572658511859687
13137,-0.1494261930179528,-0.3307361556669345
13138,-0.32965859430696803,-0.3183565516651483
13139,0.5533900163573443,-0.39658077529083463
13140,0.6998616314547631,-0.27767078351017094
13141,0.13265117974127966,-0.2499630937546764
13142,0.08700154366054894,-0.39778459955887674
13143,0.40537534596528757,-0.3267470697592563
13144,0.09090114309650477,-0.36396052883588914
13145,-0.41264626594592646,-0.3722517446922342
13146,-0.5823654697941323,-0.30022808787750266
13147,-0.482731798747705,-0.3090107357609546
13148,0.4577287063748717,-0.4417497948782741
13149,-0.05363804201588202,-0.3006129548003884
13150,1.2581732512153978,-0.4167685013322201
13151,0.10596941604507283,0.1090483697127925
13152,0.8622044038213234,-0.051832217163717734
13153,0.2266570257710227,-0.13281477154035579
13154,-0.45517177033460643,-0.27728768829578154
13155,-0.7999954892835022,-0.16002566005063576
13156,0.08334539459036916,-0.40714385829499716
13157,-0.35947376280078347,-0.36247270651030394
13158,0.3264488010079909,-0.3746045168865021
13159,-0.1054114093779027,-0.33770907974000836
13160,0.6052247178685485,-0.3803533884494019
13161,0.2216708846015564,-0.42221984023650444
13162,-0.815302249950852,-0.349388251489781
13163,0.30953324265970195,-0.3705955328217435
13164,-0.9909835009800161,-0.24069649335969978
13165,0.25377800891241753,-0.37228888357845485
13166,-0.3092477906848832,-0.24933750944844502
13167,0.5084812052525025,-0.23846710602629012
13168,0.6592647836891945,-0.15340133255986851
13169,-0.04349204621605156,-0.43721612423390976
13170,-0.47181952377464914,-0.3075118192911124
13171,0.32674267661235906,-0.3608092880165161
13172,-0.3898098726719391,-0.3564819516313718
13173,0.3398223689773559,-0.4692119787536918
13174,-0.1717072691566952,-0.45761610355152116
13175,0.440191984276662,-0.5084475634209402
13176,-1.5211364239162302,0.05169395578092684
13177,0.4821462292110749,0.9522826012161316
13178,-0.15875997188978097,-0.24069152067721078
13179,-0.42534864754822793,-0.1956625827074799
13180,0.07082648761232008,-0.26492589421200585
13181,-2.0272380176431297,0.5818869901861371
13182,-0.44024058163340263,0.21336721924247967
13183,0.8346066176711303,-0.03602886143717565
13184,-0.5475678879517402,-0.09992906618789585
13185,-0.5431728674368115,-0.15842473308698168
13186,-1.27023594810859,0.4839709452579952
13187,-0.4292224124693466,0.7801442789855167
13188,-1.4528607181414854,0.8097045898293488
13189,-0.8361046156731875,0.5876427629365394
13190,1.0339459249264635,0.23473126983347647
13191,-0.9137718706544437,0.36551317573300995
13192,0.42762336336016304,-0.1273867923681733
13193,0.652182754452196,-0.24098050844963342
13194,0.5050640087642192,-0.2569290764441531
13195,-0.7356498056624342,-0.30399553750114816
13196,1.6650149142072819,0.027084285453457993
13197,0.6900680318175291,0.28634663510346736
13198,-0.6107514250658541,-0.1829771295316738
13199,-0.5365161471415941,-0.2746054935923676
13200,-0.13041629917779105,-0.4715053715310026
13201,-0.27075734784432975,-0.36485106757465496
13202,-0.4584811755790438,-0.11748163932612754
13203,0.6617089288148591,-0.2683922548132016
13204,-0.7538503356653687,-0.358503737182667
13205,-0.1861651327023234,-0.406742919781938
13206,-0.24354774054690337,-0.42016084322610536
13207,0.6295646770421822,-0.2872524965739257
13208,0.2627079538554663,-0.4221164893001891
13209,0.04789345251039673,-0.42432760213515125
13210,0.44569588071329996,-0.38934870751857437
13211,-0.4135676869533715,-0.2594596888459237
13212,0.40792522503830664,-0.3066852460187927
13213,-0.09016054360864523,-0.4223935419230883
13214,0.3586612303219252,-0.46746789929579446
13215,-0.1398826030883088,-0.3723397414291438
13216,0.5239863672919403,-0.5089151232417323
13217,0.46269849163244176,-0.3655506301807536
13218,1.4519543806178978,-0.12487940550590959
13219,-1.523808318465223,-0.12137316160224249
13220,-0.5071638745337494,-0.22576047860171622
13221,-0.24965102658682684,-0.37905612585163356
13222,0.7050043095210753,-0.46967319044342326
13223,0.9023159270264083,-0.2229214466623099
13224,-0.25334421887863684,-0.3570039587624469
13225,1.0838502820518072,-0.1775240932941871
13226,0.32826449207591435,-0.33016103914694706
13227,0.13912456215968622,-0.35006424810166864
13228,-0.4087692689928513,-0.3457751280981011
13229,0.3429118271747327,-0.5224084308697816
13230,0.04698244167817877,-0.4623903071893387
13231,-0.32018297448451644,-0.3227513028586466
13232,-0.09162560245389999,-0.5202929127294389
13233,-0.34447407322064855,-0.46751814754152765
13234,-0.21202447297163,-0.33672680485481143
13235,0.6352121895205092,-0.42324553893482925
13236,-0.038496032570009255,-0.4792458833281087
13237,-0.39149195564357697,-0.4827384334748023
13238,-0.32837450117507916,-0.4361059665304062
13239,-0.025518626202680177,-0.4494751528498845
13240,0.8984838617216373,-0.49273290771661504
13241,-0.22200062347649788,-0.44501372957552193
13242,0.4213552343488435,-0.52840971087517
13243,-0.3133924665609734,-0.5043356643989229
13244,-0.6645827442023411,-0.43685322336988064
13245,-0.3008362532346931,-0.3914362150335984
13246,-0.02349306357383099,-0.5315998044120681
13247,-0.35169852873568314,-0.46470846002394595
13248,0.29492543022315676,-0.4609672950115581
13249,-0.2397434792614106,-0.4564823647980977
13250,0.20725580081015876,-0.4627223057155794
13251,0.5014343911727381,-0.4237621488681396
13252,0.2853271837240236,-0.5331966613155653
13253,0.42540194456245933,-0.42127358265050135
13254,-0.023507730933440513,-0.4975077032856855
13255,-0.24093253229388062,-0.46212359226028954
13256,-0.05789248223298554,-0.5042792919214218
13257,0.4202469076573479,-0.5064188886220863
13258,-0.11824713364381327,-0.5431087652184495
13259,0.12078026226317014,-0.44955359308048587
13260,0.046625996920791675,-0.5076034588545394
13261,0.01862971357962503,-0.4716761350509474
13262,-1.577777223403318,-0.03821439187713896
13263,0.12160660156406201,-0.03374481055048402
13264,-0.08299623399561162,-0.4233200630543062
13265,-0.07899308923614018,-0.37417166177568906
13266,0.09461921888837238,-0.495955871473196
13267,0.5436890842866076,-0.48969346527965263
13268,-0.26606309847725723,-0.504939991873195
13269,-0.4031727018123044,-0.4504320473728108
13270,-0.4103276600973282,-0.44317395258816344
13271,0.14743492843362782,-0.45449374636689155
13272,0.3210512058803713,-0.45527198560292237
13273,0.43946773560680286,-0.4886100157029668
13274,0.4594727202778787,-0.4839496329458143
13275,0.2643683082825849,-0.41968540678005806
13276,0.19769798802906322,-0.47238431991652363
13277,-0.48033194738162954,-0.4722986159286585
13278,-0.4171410910520712,-0.40614026014421645
13279,0.16491169712456083,-0.4942130565186562
13280,0.6328835819776879,-0.4391014679001656
13281,-0.21780291293055826,-0.4630919009278366
13282,0.4590321836820775,-0.5008134691619138
13283,-0.08820267934632317,-0.4221046918180943
13284,0.17277103862665513,-0.45918753708090854
13285,-0.43575256765232967,-0.3479075443743726
13286,0.015956196536609128,-0.47515159435629784
13287,0.49974019752209825,-0.3698696358540892
13288,-0.002861684401573538,-0.35541449525659263
13289,-0.338168580795157,-0.258667522710528
13290,0.06408126644839243,-0.5613848397514994
13291,-0.4252506965731291,-0.5091066174687077
13292,0.07249856894465691,-0.5440119070330082
13293,-0.19523311886203445,-0.5779686614387035
13294,0.18227019201833117,-0.5586108052784313
13295,0.27809651160694693,-0.6023629603625238
13296,-0.279504150036491,-0.512939790713412
13297,-0.04365237508991228,-0.590879197244852
13298,0.09062099079392709,-0.6111246072974063
13299,0.1382416412875304,-0.559532490175082
13300,0.1936117994944007,-0.5087880224523565
13301,0.14838688356542357,-0.5414813416489953
13302,-0.382553427802617,-0.5187323982883923
13303,0.03236043320849946,-0.5041835338721996
13304,0.1854886092658352,-0.5688167552716533
13305,0.06266597212510656,-0.5664914373728598
13306,0.1280510417573189,-0.5600836675736307
13307,-0.42301196611752184,-0.5325257637175415
13308,0.27618070602363826,-0.5946292368162521
13309,-0.26637141728795677,-0.5009102987122983
13310,-0.11776178760068971,-0.580950573142621
13311,-0.05132746235060764,-0.5003752310056381
13312,0.211466922737499,-0.5481378980810695
13313,0.28805782480424225,-0.5720973288694403
13314,0.04537955761912865,-0.543332556756252
13315,-0.21260895321217438,-0.6039657728743822
13316,-0.4130513387955211,-0.543949843863877
13317,0.14349731922590991,-0.577630402421674
13318,0.330286626502591,-0.5342274922824062
13319,-0.27858189122721777,-0.5592913720473881
13320,-0.10469328453484372,-0.5607326856032508
13321,-0.041213903364481795,-0.5445592955816809
13322,-0.14784708128441126,-0.46573320949750285
13323,-0.19352624204284755,-0.45447729815096416
13324,-0.14955318821160293,-0.46056745119450626
13325,0.5497910605557752,-0.3892431460703037
13326,0.3110001052687213,-0.5455152746443133
13327,-0.20481469038678063,-0.5548455896848925
13328,0.5921590490337711,-0.5916818547869088
13329,0.17866538712987393,-0.4464707231977108
13330,0.3515581867608694,-0.5135179347709325
13331,-0.17000075139847992,-0.4389880068249809
13332,-0.029659752010605025,-0.5881711599336779
13333,0.7818568111694368,-0.5148174334080939
13334,-0.22151002215891613,-0.467849837550263
13335,0.448367687963514,-0.3773625377901708
13336,0.24771504596669425,-0.28124481932018586
13337,-0.02727671925705236,-0.4796744631208777
13338,1.0319395554038477,-0.17848733745190495
13339,0.26739537688522846,-0.24739482942404573
13340,-0.2337948117024495,-0.35060188796303227
13341,-0.286856298088475,-0.4177465631671611
13342,-0.261957796200942,-0.446425727656741
13343,0.4660340577057885,-0.5318640586154346
13344,-0.179923878343155,-0.4464004517055228
13345,-0.3446234383279279,-0.38235931504696313
13346,-0.30009674926368585,-0.40888028396391574
13347,0.5621896676618421,-0.3970283700628415
13348,-0.13654151074753,-0.4625458466821035
13349,0.2704451327282668,-0.4608857479677001
13350,-0.004139456470423881,-0.41973134455985095
13351,-0.13478518701246023,-0.41596477939510135
13352,0.33421623546370555,-0.5579975726270107
13353,0.1888643506537497,-0.44720166722227733
13354,1.1942675053280936,-0.10882370570260619
13355,-0.2721277435992312,-0.07561954127750277
13356,0.1541387014206247,-0.22762421997691923
13357,-0.32522255913851056,-0.3530346165438888
13358,0.41653211071578594,-0.4127532956444526
13359,-0.2558412819988098,-0.3548279420001347
13360,-0.2739502389164166,-0.4248260627475307
13361,0.3737601954732326,-0.4909438041023555
13362,0.2797417097821354,-0.4156268741796487
13363,-0.3857799118260325,-0.3470337926068056
13364,0.18750716283720156,-0.5052722727977058
13365,0.1420531258202348,-0.47154986786571595
13366,0.13200224609735417,-0.3567882262934689
13367,-0.30352742231217605,-0.4214229655379575
13368,-0.33347073841520414,-0.4092571795721234
13369,-0.08266440082157403,-0.4648254949048576
13370,-0.21016269755278605,-0.4444923273060806
13371,-0.255865050543177,-0.4330251497028809
13372,0.2640050158471434,-0.5263035525966006
13373,0.7607777657322019,-0.410279291381629
13374,0.24788383373597928,-0.3149542805681794
13375,-0.205565748077803,-0.44694028731740876
13376,-0.19224079462802962,-0.3641003060396382
13377,0.24265660205000075,-0.4190282570713617
13378,-0.28328958148697797,-0.4046438500184959
13379,0.4424289418348765,-0.3822315813485777
13380,0.034616337547325474,-0.377099071141055
13381,0.729226764621513,-0.20435810636264723
13382,0.11949873637672272,-0.24026103344547745
13383,-0.606812483945346,-0.12816149121199022
13384,-0.21304105341380902,-0.22380076470336735
13385,-0.3005074256630821,-0.3509909340869497
13386,-0.4294936671188018,-0.25725243493160427
13387,-0.21441356252795918,-0.3160930166937306
13388,0.09411948716221548,-0.3983617753342695
13389,0.05486337242357643,-0.45386613194027625
13390,-0.16466857632355805,-0.4258274870489731
13391,0.0059394217461282315,-0.4553868197396993
13392,-0.30781531563364545,-0.47430306225820384
13393,-0.06353525898059308,-0.5202241645472232
13394,-1.0366101361585311,0.297610708626992
13395,0.39212978823174294,-0.24026250717354558
13396,0.16304117072790383,-0.48911758054197374
13397,-0.6839417695869577,-0.3502544295516249
13398,-0.20081978688474406,-0.31490694469354374
13399,0.36093864099336487,-0.45914251936024875
13400,0.06823836787708676,-0.4983201367606024
13401,0.4429622579353755,-0.5794481188253883
13402,-0.5488033715853444,-0.5034644815060064
13403,0.24354529501221145,-0.4853421789667922
13404,-0.05212735374285744,-0.541384673786328
13405,0.4406397581474855,-0.5357418836751044
13406,-0.13901732626656016,-0.5735439195303151
13407,0.5250604758042744,-0.36867584881240406
13408,0.14432767922877499,-0.41759109211755135
13409,0.7625074534865867,-0.39861058489380163
13410,-0.08868699708341042,-0.47957748028677427
13411,-0.6631411054644952,-0.4361764219164386
13412,-0.5417002584881674,-0.3559221048660165
13413,0.2478662532223066,-0.49811762899063594
13414,-0.671697502439277,-0.3454839054426339
13415,0.47024082057398375,-0.397119587420793
13416,-1.2141628774602977,-0.17209697486893466
13417,0.3664968557470423,-0.25406864329547596
13418,0.10551670257667949,-0.356008763324355
13419,-0.18198423647661624,-0.37438819453098793
13420,-2.4363371285766218,0.39444081614381743
13421,-0.9055613795696924,1.3235287763636392
13422,-0.61170448796051,0.3844668242242611
13423,-0.8803174909469433,1.191527931546327
13424,-0.9329485523179205,0.41204406077088546
13425,0.4987816183057941,-0.012652220949877502
13426,-1.7558194862641925,0.26310754627305666
13427,0.04473907257073018,-0.10463768174270638
13428,-0.5324844617209668,-0.05542801074019828
13429,-0.4025283376034146,0.3424363269299087
13430,0.7487367454210587,-0.036849711449750105
13431,-0.1849253983747759,-0.2503844215165614
13432,0.5731435485807632,-0.27583063033479754
13433,0.03450581667770251,-0.20489364912838592
13434,0.3581248257613516,-0.38720618760658443
13435,0.6889163100608194,-0.28341244094075935
13436,-0.639648270238388,-0.33212939693772675
13437,-1.2890231274590336,-0.005832505577524766
13438,1.391261798204862,-0.02945056493988593
13439,-1.0829198548452805,-0.16703783486634707
13440,-0.8864500875163445,0.19188791786176065
13441,-0.49878559637199177,0.17821581542173615
13442,0.7970011242560946,0.002249423301620347
13443,0.11471101456774702,-0.25791418901779567
13444,0.04087654691117167,-0.29605332625301284
13445,0.05850723697945106,-0.32679305411203424
13446,-0.34507578836179337,-0.32815824182024883
13447,-0.15940487522431596,-0.28707192233621676
13448,0.8728684369998556,-0.38531257971469923
13449,-0.47225659651060575,-0.2997275128254433
13450,-0.46846016850205435,-0.24869754196548466
13451,-0.5498930593137952,-0.24180257797562443
13452,-0.5410177554191355,0.17601072298888207
13453,1.6035707728357997,0.2843329936750471
13454,0.03810970898271384,0.1090503884533151
13455,-0.2905879429320106,-0.18944647391482117
13456,-0.21696645121121588,-0.21965065808796602
13457,1.080768382849017,-0.38956439615255944
13458,-0.5665192537725234,-0.22462389747057887
13459,0.09585442412421678,-0.44429115182843326
13460,-0.20785644027954034,-0.37146548658722667
13461,0.1671328235231194,-0.3854478425465522
13462,-0.15088232281371727,-0.28297277117144404
13463,0.725640726062825,-0.19057697744808633
13464,0.0982764999874426,-0.27318350860255125
13465,0.8626029039299207,-0.3168922057282906
13466,0.8575512374011305,-0.15418203866653904
13467,-0.36839931337690396,-0.04849035915965337
13468,0.5010414026698212,-0.1988391983838242
13469,-1.1023559376722842,-0.10362054042979835
13470,-1.6419829994527047,0.08173247863607475
13471,1.3898757846051963,-0.09637694703569805
13472,0.5074831752012045,-0.21918503082062213
13473,-0.7200008103414615,-0.1954865113606505
13474,1.368489623934564,-0.1504396618306047
13475,-0.6090246476364777,-0.28899093970963546
13476,0.11092156815385454,-0.3883981309068815
13477,0.8059389686514464,-0.07950716963284457
13478,1.1328146537867905,-0.02086436191494212
13479,-0.26152824133199,-0.16002847631838588
13480,-0.3881070433368172,-0.29310687543220376
13481,-0.2777473056342621,-0.34651133367217246
13482,-0.27867039685247824,-0.47533904391832915
13483,0.8952465962174104,-0.447812109815041
13484,1.3320543226612571,-0.13159654258787917
13485,0.6581116598203623,0.1552576485423946
13486,-0.5012100233101795,-0.23960744087016517
13487,-0.5268912251448757,-0.44887435177099966
13488,0.19074456685410918,-0.5242595542673024
13489,0.3615511654245272,-0.5382595806113876
13490,0.3554831897253973,-0.4999782058156369
13491,-0.7875499853189164,-0.3693608015738091
13492,0.3555058228042909,-0.5265689190895932
13493,-0.41844107769233413,-0.4754623029452959
13494,0.3366448079562555,-0.39037790806488376
13495,0.36384439226952886,-0.5152398666834042
13496,-0.01822476316156019,-0.5472507795763221
13497,-1.2487348332241786,-0.27907080758331904
13498,0.8525610193970654,-0.42903514099280227
13499,0.6643616696084653,-0.43369116210989234
13500,0.18191002161965536,-0.4214795127917627
13501,-0.7289218525543739,-0.41008556070474156
13502,0.7762876489562625,-0.44920279319667317
13503,1.1629503901943554,-0.16716444503905803
13504,0.2715108131477421,-0.3568095678073543
13505,-0.4730702784731577,-0.3069254044845126
13506,-0.8045858903354152,-0.29087496291402737
13507,-0.020548215220221645,-0.43749218749394436
13508,-0.38159662086322943,-0.4156651516688783
13509,-0.5656324657944591,-0.38510430674339774
13510,0.17100079980119537,-0.4656284333729208
13511,0.16741430504957827,-0.5259270859198093
13512,-1.4033761860654022,-0.17692520924162117
13513,0.5132731893625847,-0.030392410544192797
13514,1.8599288458866834,-0.3454352774410722
13515,-0.3978491392200007,-0.2849165881926147
13516,-0.6836919978639779,-0.38151021220013825
13517,-0.9106439955219143,-0.21433930002320867
13518,-0.31747192158510573,-0.2625031153380549
13519,-0.16479426382849913,-0.42446194621837097
13520,0.025222947413065428,-0.4335610060853681
13521,0.05921341501221531,-0.4421377151884616
13522,-0.2867579831745768,-0.3406897792447962
13523,-0.2889407306191271,-0.2619692353791224
13524,-0.8344871737597583,-0.2751551262423638
13525,-1.7754063256365429,0.2732295210702001
13526,-0.7178016302064059,0.17054766076217096
13527,-0.4925548898451146,0.49129405752531535
13528,0.1825543512535163,-0.14158509395938074
13529,1.3422740704439724,-0.2948433888320937
13530,0.5196756835109165,-0.32250347776603167
13531,-0.4631511923436016,-0.0988556013891509
13532,0.6829405171122116,-0.29322285092524825
13533,-0.24576486568012276,-0.3218232188239701
13534,-0.5645304831891257,-0.3867718047833816
13535,0.11805116665779894,-0.44424388015849264
13536,0.35055926961781797,-0.4366081265797678
13537,-0.2469814605590266,-0.36981698733766155
13538,0.026137241529269665,-0.44549984499221534
13539,-0.47934257052924406,-0.3342742691493904
13540,-0.5871864013266018,-0.23986038212423438
13541,0.2460103060944363,-0.3293290019758311
13542,0.6600971377315545,-0.403081135557531
13543,0.032855011000898604,-0.35117497523532387
13544,-0.1378658511009309,-0.35564285896258413
13545,-0.11669087952853806,-0.381254935103064
13546,0.8892238341789601,-0.284078378577838
13547,0.8477647942858219,-0.1589115362237871
13548,0.3534886707981417,-0.28799188200793924
13549,-0.17161467631279148,-0.31216341813161064
13550,-0.09070331593211674,-0.4554534277261838
13551,0.1663296203980636,-0.4895765599959263
13552,0.5502334268039729,-0.44878180133846024
13553,0.13411574078041721,-0.38715918432347274
13554,-0.22680300928930697,-0.42619302757482425
13555,0.25830629986613834,-0.4793757925843788
13556,0.12088408579810332,-0.3365909130328172
13557,-0.3553750274583031,-0.46756327960487376
13558,0.3511930506333072,-0.4677273122716237
13559,-0.11563296620148797,-0.5017104242735266
13560,-0.19916976574743595,-0.5363727199523043
13561,-0.11696495890140036,-0.48580057491601725
13562,0.1810115194118449,-0.4076838194629751
13563,-0.45343489671817694,-0.4064190878328818
13564,1.0030956414364043,-0.4745100527252861
13565,-2.708781523077017,0.5879098159359073
13566,0.7105444841282522,-0.08641795874722336
13567,-0.8385722073152918,-0.220185308328259
13568,-2.8650403213305293,0.9250538984636902
13569,-0.6934085688072548,1.0845376303860452
13570,-0.16194441574241453,0.7407098988461305
13571,-0.23313732747924257,0.6573893059533336
13572,1.426251324105695,0.20211406181677857
13573,-0.31782530876915027,-0.17804919814662934
13574,-1.2838288078508124,0.1274306688378014
13575,-0.3804426606625378,-0.17030814213359244
13576,-0.16221210440603137,-0.3111740882309909
13577,-0.0016840594907005036,0.08423625924077432
13578,-0.5320846208417453,-0.09457942592468849
13579,0.23228777830121078,0.22485672224614855
13580,0.4320970099136637,-0.2138894950896646
13581,-0.024654773699635122,-0.3363797791682671
13582,0.17471465257081065,-0.39632093383732503
13583,-0.33976908934105077,-0.4114738758744008
13584,-0.38266781444681724,-0.33487763056791214
13585,-0.8795647447487379,-0.15546092381205864
13586,-0.28496842449457915,-0.1341226283224226
13587,-0.7952559001032572,-0.028725451353453335
13588,2.310816204043171,-0.08649567649644249
13589,-0.07013051209323687,-0.32513150087694276
13590,-1.0704764727239509,-0.1261392101474415
13591,-0.6796604435379601,-0.23669863177661654
13592,1.0044480921157701,-0.366246671749436
13593,0.47946749522293886,-0.421208023444761
13594,0.6551649328822544,-0.37024282314668483
13595,0.18083245108002396,-0.2873530972541734
13596,-0.21137364738552727,-0.40469790112456544
13597,-0.03925718490441337,-0.40128807540417083
13598,-0.0050428630017682686,-0.5391419853191531
13599,-0.9292456628691103,0.08056246303906696
13600,0.3072129877936686,-0.29906379344260403
13601,0.04126748263832463,-0.4520125552898766
13602,-0.1907074922309089,-0.48090218783512284
13603,-0.6422578086081802,-0.37383650161096116
13604,-0.5507614345709435,-0.22907190595678834
13605,0.016057004173932934,-0.1883421275025184
13606,-0.6286769553178292,-0.15284174056886968
13607,0.7295642304853656,-0.39896850950229923
13608,-0.2165291493330475,-0.4042709610640591
13609,0.952867842982954,-0.3165015733677309
13610,-0.24088731317260412,-0.27847680725124435
13611,-0.052770810744122675,-0.36714535858066355
13612,-0.656475536930237,-0.30920326318861935
13613,-1.04324931416455,0.2230260698675095
13614,1.8269837407887575,0.43937199264895227
13615,0.7988219740354299,0.053446332893699953
13616,0.12464954406125352,-0.19879840425625717
13617,0.0006079065510204151,-0.26020540391208985
13618,-0.08304686123044591,-0.2803427588396855
13619,-0.2901826880203653,-0.3810381219737341
13620,1.1370473464465343,-0.2790556312627221
13621,-0.49052061902678645,-0.1435820156961809
13622,0.13911780651896552,-0.4617952821736133
13623,0.24777427116680356,-0.3094786241623547
13624,0.2438214967623649,-0.323643429426025
13625,-0.3852935293121754,-0.2753872050125326
13626,0.2829200567723497,-0.47106393229210264
13627,-0.47733266615728526,-0.36000158251962305
13628,0.14022684601346003,-0.3375860058757264
13629,0.14689530753786575,-0.43786860618660384
13630,0.4369567825674431,-0.38918956920155534
13631,-0.8123460278731616,-0.26625110083913345
13632,0.43907533803378956,-0.41542599967722127
13633,0.3432939371850286,-0.40032154586247537
13634,-0.15033502172996124,-0.4579831594317022
13635,0.41506669377767513,-0.33660153957854955
13636,-0.01825140118925828,-0.21940000106577456
13637,-0.4003422323356254,-0.3284815202530881
13638,-0.3213969692107515,-0.3884019661778577
13639,0.48773877194751475,-0.4182292376092287
13640,0.7914762295699709,-0.16603720261901472
13641,0.5656073703347597,0.1578089756680241
13642,0.2821965125965354,-0.0746521939736026
13643,-0.3529238287034419,-0.01289188235784998
13644,-0.41647104769659254,-0.36745288419646155
13645,0.16668666402808072,-0.44951077449857824
13646,-0.5504393043237439,-0.40015303024352705
13647,-0.057903501666187,-0.4502939794417978
13648,-0.007562993052743002,-0.4792303577127709
13649,0.5431428525936978,-0.45347036535114393
13650,0.1016006164342606,-0.45059854584692965
13651,-0.7464418706786418,-0.375451465275871
13652,-0.5553506342673751,-0.347402294419019
13653,-1.4792426743263785,-0.05510676794180068
13654,2.059568888355664,-0.2051702830260685
13655,0.8803921315218133,0.048544835158801716
13656,-0.5252996542588386,-0.27119510157902665
13657,0.7265235824291477,-0.3527237518644298
13658,-0.4202059062272704,-0.3307311972989159
13659,-1.3523094326877472,-0.24131621360749245
13660,0.597630798628704,-0.35081790246998723
13661,-0.9713886979081024,0.04199934791984911
13662,-1.6432159725548852,0.9097522665768887
13663,-0.4315012205280268,0.8008258681983426
13664,1.4404553416115247,0.1244518477123448
13665,1.3833425903871501,0.2802044774753862
13666,0.05561975090645916,0.020295490631094034
13667,2.4896106706041405,0.6552557726521898
13668,1.264342715268743,0.7094218340750118
13669,-0.9611727428570195,0.16374126401717407
13670,-1.5889138846257558,0.07997798715273433
13671,1.1810179784379446,-0.21806370053739693
13672,1.5536026654589865,0.013330489728518143
13673,-0.7944417744675205,-0.026322066800384403
13674,-0.32335741991317396,-0.23047965807118043
13675,0.32585395135972073,-0.26092868724860285
13676,-0.31272834529777904,-0.3898318198985742
13677,1.9133329919245732,-0.07997818735481593
13678,-0.3196502985795337,-0.019088896531299235
13679,-1.7864249877042369,0.02861794183063196
13680,-0.865980449989353,0.0853160585423552
13681,0.9258336407457383,-0.20213463072445345
13682,-0.07467108717336313,-0.25351294628275856
13683,1.4161740488719259,-0.3265384390249915
13684,1.022592468883849,0.011223477371614811
13685,0.025349241157781595,-0.31889842770268095
13686,1.1595773644272478,-0.12449320143927792
13687,-0.5717279376620076,-0.2610368037622543
13688,0.03857065131265473,-0.3446541733956087
13689,0.20054307717280748,-0.3974719046109996
13690,0.15444206904134197,-0.3590074781075354
13691,0.20446632767653483,-0.37013332096117996
13692,-1.1519514625814926,-0.18767497987366386
13693,1.147823048922918,-0.2910626676153512
13694,-0.09532464128773148,-0.3728963934480159
13695,-0.14218580664063485,-0.36495783291208433
13696,0.09772666377547717,-0.49995850192424385
13697,0.2389218988140068,-0.4675031399901921
13698,0.2726222617828157,-0.43161293169462017
13699,-0.6194053292181123,-0.3806557856888542
13700,-0.3381402097363439,-0.4225517529721853
13701,0.3380370546869849,-0.46817726224735945
13702,-0.37951099735321275,-0.4260020454135225
13703,-0.5259981001826761,-0.4023925629453252
13704,-0.15048681746179432,-0.40769030195187267
13705,1.0534682470956478,-0.3247496035849958
13706,-0.13817649365959062,-0.42572858911762046
13707,-0.3340823208251788,-0.40327118998675904
13708,-0.23451452589609403,-0.4497849002217678
13709,0.7284703416576945,-0.45237130712102
13710,1.3693425276456928,0.08062672591916709
13711,-1.7994989980631773,-0.011910140483765194
13712,-0.6878715282352781,-0.029510093137825613
13713,-0.36016011798475717,-0.25261646040947433
13714,0.4935940566447702,-0.38806625205238027
13715,1.2998844098336313,-0.030368566637652458
13716,-0.7149125763787164,-0.33273656618080605
13717,0.10685873444690121,-0.486238491534668
13718,-0.7576567570998423,-0.3353275950500615
13719,-0.4454224652063523,-0.38118076065281997
13720,-0.005014747748733541,-0.5030639122779325
13721,0.275964245665134,-0.4500528512322149
13722,-0.24089948187051213,-0.5154312126410081
13723,-0.5176587711229542,-0.32298053030381246
13724,0.150438520529461,-0.4624178390219791
13725,0.5128691848357475,-0.5063146598619351
13726,0.46480210638921743,-0.49756620920376005
13727,-1.1119597896447575,-0.20877452107430566
13728,-0.08928066282165313,-0.41540766502286
13729,0.5388722144603829,-0.4958301959300172
13730,-0.15820468250222566,-0.4990912588711208
13731,-0.5789669745802526,-0.39091263121163183
13732,-0.010951967934607,-0.30118039022286364
13733,0.5651361627331205,-0.4316884781155015
13734,0.19145929661964248,-0.5480013200593684
13735,0.07174254234870207,-0.4378435674449074
13736,-0.7309202884045352,-0.4426075994191252
13737,0.1678451106346704,-0.499646206854359
13738,-0.6496237535525828,-0.460558730816231
13739,-0.829106919318295,0.1575126922491293
13740,-0.061708260617508545,-0.16309509393762778
13741,0.822761240019096,-0.25942552217444875
13742,-0.8295735218718284,-0.28064617225287797
13743,0.12182148043044293,-0.44879345235767115
13744,0.122945577136599,-0.44032461745871415
13745,0.013109139638848601,-0.5168417397963311
13746,-0.2861051663018666,-0.44486252093717893
13747,0.5452961464440578,-0.47543725084067756
13748,-0.1002709745339596,-0.5014873633827294
13749,-0.4900348796782755,-0.3647209775490832
13750,-0.4356783989179984,-0.2800400763237067
13751,-0.16249434136582735,-0.4832546840074181
13752,0.07493092238978152,-0.36974740046889215
13753,0.20720873068196016,-0.38848231206660994
13754,-0.48702292393615565,-0.39296738916453894
13755,0.4657285707667325,-0.54585246415326
13756,0.607809134144047,-0.583679069256152
13757,0.8245688409030606,-0.07932486832362101
13758,-0.5898641464014607,-0.20763643964443396
13759,1.5025605442124053,-0.2814404319262316
13760,0.2933066247634788,-0.10299949824490956
13761,-2.233929161652283,0.1369194904064997
13762,0.297780700319732,-0.3276566954521662
13763,-2.265928024472467,0.21772931844860777
13764,1.093031732782753,-0.08914007341956731
13765,0.04762333740242102,-0.28819383447678387
13766,-0.8728480963148537,-0.2566131101767985
13767,0.40386474794563704,-0.4118113929249364
13768,-0.340685058437005,-0.36114312983103836
13769,-0.3288503503117275,-0.3477784342796403
13770,-0.7220189618060667,-0.2543474269001021
13771,-0.49256644070367295,-0.08226860250982804
13772,0.0633866459401465,-0.36267868542823617
13773,0.8107618619608085,-0.4063268523025011
13774,-0.09089340768916208,-0.5219031503812905
13775,-0.07062589902377592,-0.4905843380352002
13776,0.5525190186151328,-0.4227359805973232
13777,-0.49434079757967303,-0.437612458932483
13778,0.9726872445294547,-0.33946923092557435
13779,-0.10635162403814664,-0.4655973176693926
13780,-1.2145352004540724,-0.16190856478452237
13781,-0.6743022318731888,-0.19428441813020453
13782,0.20377967637597824,-0.3883832336539374
13783,0.2259365359746302,-0.550736028564617
13784,0.24939150946917377,-0.5131973928770691
13785,-0.20767565181916203,-0.2803514563087595
13786,0.621972636785197,-0.46141897835718704
13787,0.28353337548755564,-0.42525822211846803
13788,0.12934518398504785,-0.5352542831652934
13789,-0.27536759725099974,-0.5342844457692667
13790,0.3750742927229523,-0.559262504654162
13791,0.29375826148951106,-0.5797958283688636
13792,0.015110290296517021,-0.5524905305685386
13793,-0.6318274514076809,-0.480597595626021
13794,0.2846369266272485,-0.5250994688669023
13795,-0.8102914736436245,-0.47127812283659953
13796,0.3295834673381896,-0.4220372842504396
13797,-0.9463970250611193,-0.3452672366943071
13798,0.6851280713142375,-0.46288838866928117
13799,0.8251901539012484,-0.37743405522881984
13800,0.13413177022917802,-0.4770736070623186
13801,0.12632952300026817,-0.41825155230731126
13802,-0.4069515427719478,-0.5251219824459762
13803,-0.9316404876901133,-0.3153766760910543
13804,1.2499879816023833,-0.4098847812161111
13805,0.4917580982218866,-0.4560679935106796
13806,-0.016926161574577322,-0.4066110822022188
13807,1.754693263080043,0.0657542437506072
13808,1.2598583354978792,0.27589373780972826
13809,-0.7402149706459544,-0.2082714828526131
13810,-0.39718160251611323,-0.3485458285024893
13811,0.49175023302127396,-0.4483534338946864
13812,-0.7738146881956552,-0.3738124419427127
13813,-0.5515932533315107,-0.40772138412874004
13814,-0.16185465113320174,-0.3347013892672546
13815,0.8119601896209507,-0.4644419390569865
13816,0.1536627126006585,-0.38918254890602116
13817,0.030354008831093463,-0.4476635742971811
13818,-0.5809492123389606,-0.3986141702095417
13819,0.5604991391016404,-0.4537749796530045
13820,-0.27717609329704823,-0.4819492930466762
13821,0.27669871605250973,-0.41598627416622147
13822,0.35586268178648717,-0.4184762075043105
13823,0.11409764186999022,-0.398300164022399
13824,-0.10653903798887436,-0.3767010158019067
13825,-1.1531154349879689,-0.2531627700756467
13826,0.35245134700572367,-0.43762310693651385
13827,0.7029330282885226,-0.4643161614922613
13828,0.46960961472771934,-0.29773124590773326
13829,-0.11583969231387803,-0.3793975139881877
13830,-0.2576467892318378,-0.34855013664386747
13831,0.5916436637065005,-0.38919175539303175
13832,-0.09124990105775908,-0.2839204962011207
13833,-0.4540405677752779,-0.3827898809134246
13834,-0.4442957681590202,-0.43530634866471773
13835,-0.3994880943141075,-0.36532032875463455
13836,0.08143212596563097,-0.38551480472968835
13837,-0.33626562643178287,-0.3302582301132523
13838,0.48305251232784396,-0.44775901319093026
13839,-0.9379308151702505,-0.3548615418893687
13840,-0.23343242826351465,-0.3190267176423564
13841,-0.4777516030591873,-0.30376438704801045
13842,-0.048114618197084055,-0.394705910971769
13843,-0.9174035070034863,-0.06625808689160402
13844,-0.048676438832411906,-0.3140348308041989
13845,-0.05487883775046971,-0.35492139725288346
13846,-0.020455446190276293,-0.34413402002680654
13847,-0.9278747298358161,0.09994231845870818
13848,-0.16895062403397498,-0.21363685303154667
13849,0.35807316974587516,0.6701420193844863
13850,0.22186155281096112,0.3865224046670249
13851,-0.14978696884838455,-0.12379311981286795
13852,-0.02579659473970276,-0.3196616595608469
13853,1.3129593449069163,0.5732442504273102
13854,-0.27039445699728815,0.19771504930432982
13855,8.312653549926592,6.875686001754832
13856,-0.5166183549404469,3.9509961153536133
13857,1.506095245450985,2.0917194465688844
13858,0.36422674335749855,1.0001460452287292
13859,2.183933394906568,1.4644087679114763
13860,0.2752876854970882,0.7819728625700668
13861,0.9375925259916638,0.8452720191238706
13862,-1.8726521422837314,0.9678275230278837
13863,1.527713082444127,1.1499238684893958
13864,-0.5330551856682364,0.40250538385336937
13865,0.34070912898680117,0.4054222245370916
13866,-0.8915326201260225,0.20401377338719662
13867,2.3257916108476975,0.5189477787006532
13868,0.9694940685187254,0.8860622405970212
13869,-0.7002704248729816,0.5986568624982646
13870,-0.014606896726411384,0.1033930719916342
13871,0.6511463730399168,-0.1029972403500736
13872,-1.4372725991435917,0.27369418139286594
13873,0.5614677583365438,-0.2504884595245139
13874,-0.3312788557769832,-0.33109091549135095
13875,0.5193471337098715,-0.3260199675919361
13876,-0.07891752660590119,-0.32016998289017606
13877,0.1322165102705916,-0.28942045207394956
13878,-0.221766972113257,0.22951206420769732
13879,0.48024304269974893,-0.24085126371417226
13880,0.29374234722891884,-0.3234515596631097
13881,-0.018061278301699835,-0.2630196553128574
13882,0.28499181592538564,-0.3052977911278442
13883,-0.09764124996286479,0.45953434733993737
13884,0.5444157158076371,-0.09950199115867103
13885,0.2094275345847599,0.005824792151816666
13886,-0.17394058286878822,-0.3455488796483273
13887,-0.8436911576485211,-0.08478835184193118
13888,-0.18517660671469433,-0.13159769137006505
13889,-0.01913478407061415,-0.21848999893278764
13890,0.10896997072357756,-0.2845969830476837
13891,-0.16609143977034863,-0.3677526118474037
13892,0.5517412983091623,-0.4291950140693117
13893,0.48017088487182236,-0.2884188007465089
13894,0.05066705014317971,-0.27504531005967503
13895,-0.8824307090325325,-0.20440543474806877
13896,0.48098958914088447,-0.27565676056347976
13897,-0.6076427711528721,-0.16197587278582024
13898,-0.08405384838929064,-0.32909159929245546
13899,-0.25566279313726264,-0.23890256718611552
13900,-1.0157380730935883,0.033753974882321354
13901,-0.9300621070722522,-0.05724886742331689
13902,0.8376531982298989,-0.2501828700998249
13903,-0.586264768757832,-0.28315677571974973
13904,-1.5115762273576692,0.07331043794446875
13905,-0.374632518186959,0.7986372852943272
13906,0.5083883059677577,-0.22285702393877205
13907,0.30594844810667965,-0.2811756698370888
13908,-0.28115029671563446,-0.2046199717784838
13909,-0.999318240404796,-0.2745429086254134
13910,0.4409073817060364,-0.42319086514662696
13911,0.9302373592383079,-0.29515090280668166
13912,0.08832246339728271,-0.20557396034636388
13913,0.9274205642563493,-0.08720846719475722
13914,0.2637463074947418,-0.23450622112023545
13915,-0.09276541578355106,-0.2367297608440026
13916,0.6322821483804276,-0.2529804485942264
13917,0.5380026329036598,0.11053665224516424
13918,-0.02662628700752281,-0.23821038457652466
13919,-0.6073814260485848,-0.2408322655856583
13920,-0.14438659823652844,-0.2094606505827074
13921,0.10962444905767296,-0.38690083086650695
13922,0.166882203477009,-0.41985970046960597
13923,0.46325734443547384,-0.2600963397924034
13924,-0.6968587700631486,-0.3330456314439257
13925,0.35718342502320743,-0.2802832312092648
13926,-0.40915506789761136,-0.35752145012446357
13927,0.07043555567889086,-0.35385643633517405
13928,-0.7207201758058843,-0.08275413613583957
13929,0.7265365807243626,-0.18880717637829655
13930,-0.12314074413216645,-0.3165238204864303
13931,-0.26381720996650637,-0.3374871477641356
13932,-0.18419309223130403,-0.36779477653644366
13933,0.5366470919520162,-0.33786252223303254
13934,0.21815765625301317,-0.4502412721648646
13935,-0.6350915974245233,-0.3425500821013125
13936,-0.1975837690693857,-0.38675613634520656
13937,-0.21878572146775893,-0.4088453195769832
13938,-0.16547265011286363,-0.41253981382478616
13939,0.40371068223358353,-0.48701313927099354
13940,-0.27432745655522695,-0.4862895899489392
13941,-0.002840706556948093,-0.43557501378252683
13942,-0.2995687512046387,-0.3653746883165569
13943,0.42939433474054867,-0.34712036983832883
13944,-0.003429255498784458,-0.362279553261897
13945,0.25303323855253673,-0.4332536909896186
13946,-0.5501943653021716,-0.37026797552999324
13947,-0.003058829697574864,-0.4686683101370036
13948,-0.47809481659950204,-0.25740106612885316
13949,-0.3795968648752895,0.1182284814000733
13950,0.11043482834145985,-0.23327664833377232
13951,0.16002909409210922,-0.12080850206093216
13952,0.5855510566746988,-0.13866770243823007
13953,-0.8641174212567637,-0.22407298767711914
13954,-0.1280026865162141,-0.3514353667324699
13955,0.21053127060778562,-0.4267585139946069
13956,0.3980890020783538,-0.39376951591054016
13957,-0.1842274576089805,-0.4125319318698465
13958,-0.0916005388944606,-0.47120994865961174
13959,-0.30558719921696936,-0.38520026012455694
13960,0.27801205109189,-0.4423026971138568
13961,-0.34981913763225947,-0.42636247615852974
13962,0.6706354161798921,-0.45162263924177726
13963,0.2760599195568096,-0.42135671812749026
13964,-0.5452839770257318,-0.35594297749371784
13965,0.2884631019134863,-0.3622873795468528
13966,-0.03624532924843307,-0.5191738827893374
13967,0.33118985621893476,-0.5347888942407949
13968,-0.16767128080077798,-0.48910877844626244
13969,0.32693942388929514,-0.570525715003122
13970,-0.09673334244288789,-0.5643882884762815
13971,-0.01762483727773238,-0.5577126625559687
13972,0.12847908640117398,-0.5855109834234756
13973,0.03534380498056173,-0.6125305656026003
13974,0.25175830828024864,-0.5766979002133509
13975,-0.22943503314686323,-0.525215054515385
13976,0.1824608315659508,-0.5922869604102531
13977,-0.41835508701869467,-0.4595229220111855
13978,0.4552359540657299,-0.5276142401864126
13979,-0.6316355259888675,-0.3062150693465199
13980,-0.26403094703244967,-0.39627501934012455
13981,0.09379246259489037,-0.47976326870819896
13982,0.030575493574080532,-0.5280155105162506
13983,0.4982049733710841,-0.5101716481122255
13984,-0.05931883389982077,-0.5551200594251777
13985,0.16015114469074287,-0.578410606652318
13986,0.4978499260493581,-0.5028926950944627
13987,-0.023497408961090822,-0.439342148050623
13988,0.1419596033670825,-0.48070555247477054
13989,-0.15654864091773912,-0.5780330294394463
13990,0.25642171007669096,-0.42437496524666807
13991,0.11143662677572037,-0.403147939626965
13992,0.20256323030472403,-0.4191092047617024
13993,0.5588045071070481,-0.3845499262808977
13994,-0.34613879742982967,-0.31727214946196974
13995,-0.22170534702978834,-0.35223851099032794
13996,-0.39226009311574617,-0.3993603892615155
13997,0.7828420776935767,-0.39463724992408483
13998,-0.24918514606838463,-0.26599648388948655
13999,0.053203655860405895,-0.3702018623298785
14000,0.1550562661405987,-0.36614802486359155
14001,-0.819115842421669,-0.3132703196611512
14002,-0.6957309275298698,-0.20816002764504116
14003,-0.21464339289685086,-0.35003782132538946
14004,-0.2749858303789149,-0.39923830459059273
14005,0.17870380447574943,-0.4807469255770823
14006,0.5247273544915079,-0.49016679012031494
14007,0.3167347637556082,-0.4081379099339068
14008,0.01222296650730366,-0.44236195655657107
14009,-0.4557212543542274,-0.46507297672600234
14010,0.3765836313302576,-0.4715293465562773
14011,-0.32537882908185806,-0.4540956372390339
14012,-0.2065824758109391,-0.42580745676445686
14013,-0.19857981675870548,-0.4205027262657664
14014,-0.2048823621141958,-0.3210645435699216
14015,-0.39439251659225044,-0.36917363393268676
14016,-0.20585624998540258,-0.3019090129534035
14017,-0.20778652325519031,-0.28294231972604794
14018,-0.6362975919796743,-0.24577666759690875
14019,0.6194399982429931,-0.3990576476181487
14020,0.2857711027289378,-0.4426130483852873
14021,-0.283117581299556,-0.39450365740704785
14022,-0.4936908286772517,-0.43876335852811765
14023,0.4127192971873155,-0.33115281266803115
14024,-0.22766038766789864,-0.3904319029826938
14025,-0.19069214178404276,-0.39987910031508633
14026,0.1952797051719946,-0.45033823989974797
14027,-0.5606054715706209,-0.32803635084494637
14028,0.32075235036265237,-0.4722826765028555
14029,0.43935554724094783,-0.39092947837782394
14030,-0.553982475320414,-0.29755626546048775
14031,-0.4940023903474876,-0.21622676737401053
14032,-0.39063244277721393,-0.20729633095106637
14033,-0.07741502233228487,-0.11805433839190943
14034,-0.2614539656568253,-0.2667164635530196
14035,-0.28571624123613343,-0.21672094089378324
14036,-0.002462913581627474,-0.2811453971320844
14037,-0.1426730101489764,-0.41674934336153546
14038,0.2718997955358391,-0.50982608078582
14039,0.2801621502702569,-0.44055620697885156
14040,-0.24293368560479425,-0.4584917083178419
14041,-0.035055299942503795,-0.4727714930368806
14042,0.23780507860528982,-0.5513964725567644
14043,0.11955855030097519,-0.45162712523671356
14044,0.2403812688777009,-0.3920964151074131
14045,-0.18351402304879771,-0.2711701713932141
14046,-0.25524263403381087,-0.33902688315882146
14047,-0.4083328499288299,-0.24459487177058897
14048,0.3940020996429957,-0.3060153254353615
14049,-0.011780077377203626,-0.41213034626392375
14050,0.7538933548721423,-0.2695407841523213
14051,1.027800785874387,0.11574097035328837
14052,-0.14078822134588326,0.045828789697174535
14053,-0.35504624817742525,-0.2118584323957411
14054,-0.7496836921389807,-0.22550494571509794
14055,0.5088840711962882,-0.14447420161253394
14056,-0.514241702459529,-0.3448825018893203
14057,0.2525936643296118,-0.4613139448604229
14058,0.016406208084613443,-0.37449536332777855
14059,1.36601847926667,-0.0941995104685503
14060,-0.5461784999606234,-0.3306541387189345
14061,1.6528930127809114,0.10820479512362227
14062,-0.4941641966282522,0.01641436931068265
14063,0.9176334927515912,-0.04234727905160443
14064,0.42578852285789415,0.14108155674583445
14065,1.007315632220038,0.6370028558620537
14066,-0.11169323319618729,0.20629796742713002
14067,0.04776577123637883,0.007534713494955346
14068,0.33298479133425907,-0.1534255707012344
14069,-7.046640173089871,7.2001986309864945
14070,-1.6200147610456874,2.4743612422033205
14071,-2.443448093554179,2.0946414343402378
14072,2.372216612541604,0.48929432451514127
14073,0.5870058885889724,0.06440244960379085
14074,-0.9188566307616798,0.10258207545139914
14075,-0.08504887110216804,0.26077591304423153
14076,0.15992191309052606,-0.21499707484527314
14077,0.6359160501485962,-0.1713523692631742
14078,0.016877430208996996,-0.29595293520151117
14079,-0.341984404401023,-0.07160808620364445
14080,-1.3870349735885958,-0.09766374568621616
14081,2.0336020943879176,-0.3078407340077984
14082,0.5997177968305955,-0.2881636744128003
14083,0.2831482939748414,-0.17426178104393564
14084,0.300970402221151,-0.3314617630910029
14085,-0.03464431714801526,-0.5006922385458473
14086,-0.5609115444850132,-0.31377417045300726
14087,0.16315525321515606,-0.33057198140870997
14088,-1.0983681621239103,-0.24800177088561987
14089,-2.979487205012107,0.6763701853589831
14090,1.0926860238050922,-0.009242211871309663
14091,0.6657450589562671,-0.24289504288193892
14092,0.8762176950405385,0.08470710501124187
14093,-0.9828019908237284,-0.22250104627746875
14094,1.0144388088610645,-0.21007407911579168
14095,1.4005057618836565,-0.07951183189840971
14096,0.4825847896472024,0.006794355362438699
14097,-0.23272698215811444,-0.21978184582139298
14098,0.4661539213886039,-0.38978651169690676
14099,-0.2272843765135683,-0.2556852837345379
14100,-0.3778320278677051,-0.34088763321381754
14101,0.1748394698571154,-0.4642023884116824
14102,-1.2182995729718036,-0.2134459872487049
14103,-0.48718185599160646,-0.21465955755522392
14104,-0.2444841243138515,-0.20540586100212654
14105,-0.040888830574074636,-0.2814684752256523
14106,-0.07474793501314111,-0.4171386416617408
14107,-0.6713732328009779,-0.2106685562188227
14108,0.2965921669590845,-0.19260326466593913
14109,-0.1349374170186292,-0.40013487575272644
14110,-0.8208179423772721,-0.12464636433467402
14111,-0.3178660466951121,-0.10672127405389431
14112,-0.16954811003487769,-0.17359814419044634
14113,-0.8513939777630962,-0.07046160146777655
14114,-0.7197557477226074,0.2193618597685172
14115,0.6024163816251853,-0.11642080569341984
14116,-0.7883288839935138,-0.32768729954262316
14117,-0.3718677263964609,0.22547847383862393
14118,-1.2378776079759635,0.6538764533360594
14119,0.04210443136128968,0.5986123779726311
14120,0.238889442444172,-0.07858633175957326
14121,-0.14200264117176487,-0.11672845307838944
14122,-0.08016475349905193,-0.24244181807804122
14123,-0.3785436338788858,-0.26704893989349626
14124,-0.09972074078481573,-0.31836349785004264
14125,0.5714716329825903,-0.31993068411515996
14126,0.4898757909146725,-0.3415236611881681
14127,-0.7520602397521148,-0.0072298745900735845
14128,-1.5668652737060058,0.2801373514008483
14129,-0.19650259546692314,0.18789698110076827
14130,-0.2314580624453909,0.15752362418681445
14131,0.39825260380898897,-0.23251764548611198
14132,-0.04607798847179347,-0.23678912978232863
14133,0.33798970775157633,-0.2416262312145418
14134,0.553544981485596,-0.2607650008475794
14135,0.19550777759711507,-0.2656828021580158
14136,1.0697238349157547,-0.13306169505080828
14137,-0.24959534820051754,0.04725981140952971
14138,0.31504577775400083,-0.2897777073068205
14139,-0.5981585053903798,-0.12479865569156626
14140,0.49959236417864733,-0.2705987596815032
14141,-2.092174298903084,0.4785648244721391
14142,1.5018076211207632,0.3814489216384141
14143,1.1117255349724857,0.15524004559936566
14144,-0.001105283445570193,0.4025034804362466
14145,0.07900861628689905,-0.03584567300707371
14146,0.8231104341385157,-0.2963783619060967
14147,-0.9911755431702425,-0.058506617839001726
14148,0.8274499599475392,-0.22884027701656906
14149,-0.3976322802288446,-0.27680437351409
14150,-0.6870822318836943,-0.3108213750280936
14151,1.3018228139845067,-0.07235791772423689
14152,0.10737998596146547,-0.18144740156721662
14153,0.3366131363611994,-0.3620344493744475
14154,-0.9404860645140195,-0.3394988443673948
14155,-0.31741920675597596,0.024265050348956207
14156,0.7679627942189572,-0.35349843513336765
14157,-0.7613280320778041,-0.3540011249907494
14158,0.13097374909469262,-0.45016132859690944
14159,0.23709087922673966,-0.3382778489588377
14160,0.11636090789540465,-0.4218292273191571
14161,-0.7113074983256482,-0.29194748442055046
14162,0.2255925478708903,-0.5497371112317941
14163,-0.736669774178427,-0.16743002616229788
14164,-0.6001582664859434,0.22676487819503088
14165,-2.023763389323661,0.7056721163433496
14166,-1.6670080756494485,0.8440196671734944
14167,-1.3645192642013695,2.225459114960045
14168,0.6207851257452319,0.31149177238336523
14169,-2.6074693120027397,3.387152423731052
14170,-1.7390568990569728,0.85085170069158
14171,-0.14911406151788184,1.4938915526079217
14172,0.24425276217157463,0.06647800042260414
14173,0.8965261747667059,0.1176121855163703
14174,-0.37550306484131996,-0.09349606229577609
14175,0.3776948014144018,-0.004272829526578557
14176,1.26926151348443,-0.18067751677313446
14177,1.04282045253985,0.037411854950909866
14178,-1.2768532314907792,-0.1113717213930927
14179,-0.39237392646383723,-0.026889689639012504
14180,-0.4884151045143917,-0.06434782496219739
14181,0.7974135364652478,-0.324037964418385
14182,-0.183132445962144,-0.35341342948999227
14183,-0.3049297594970403,0.05236646188238127
14184,0.10682371696459289,-0.07292121544636572
14185,-1.4103592616113656,0.3217315733691828
14186,-0.19871310633669342,1.3328677519357415
14187,0.7515764917083423,0.21238263286244738
14188,1.3529173195495694,-0.2463789340375252
14189,-0.14484692292964832,-0.14589047632833368
14190,0.9555939381509323,-0.18789431028313153
14191,0.8623438268506749,-0.05712517997372628
14192,-0.6266538805401198,-0.22719832743753238
14193,-0.7018436698816035,-0.2622526033286515
14194,-0.011653970616983044,-0.24557403936297956
14195,-0.5135386362690311,-0.41459653750238395
14196,0.5557854914930891,-0.3512940118368003
14197,0.366320888345982,-0.47165312823791994
14198,-0.24031025228492375,-0.49320959899626826
14199,1.014576572499635,-0.3801239719334437
14200,-0.07433955213116124,-0.3206337790502299
14201,0.06176651440238335,-0.4192513437327563
14202,0.14856111123114055,-0.4356962041526601
14203,0.4025531004189871,-0.45131391104393426
14204,-0.33005858748211386,-0.4056317769249132
14205,0.5749214948060306,-0.3783180334003635
14206,-0.6157115828771821,-0.3570963947588547
14207,0.31758727883240445,-0.4041370229664246
14208,-1.0320329450731147,-0.15582932764871466
14209,-0.0030097305658886376,-0.3496237614845001
14210,-0.13704425989395605,-0.42418981090131064
14211,-0.41292448694726797,-0.2098683358014179
14212,0.2797033385548663,-0.3934241150295886
14213,1.3986254126426498,-0.10824754400379316
14214,-0.17544263225077414,-0.24507337102032578
14215,0.04964859871432135,-0.3957748263111047
14216,-0.7963735683195641,-0.3044175670655942
14217,0.2432112634678387,-0.45384251331857317
14218,-0.13012929741898982,-0.45387545455369793
14219,0.46096687539390696,-0.4184522181658942
14220,0.2516711606018038,-0.43311617965417337
14221,-0.9032504938491049,-0.3312735002155207
14222,0.45609328014354483,-0.37630079918483145
14223,0.5245767768839298,-0.3814320792342857
14224,-0.19106433291151748,-0.39435405841542953
14225,0.27297207811278124,-0.4261613960681054
14226,-0.45307899920359807,-0.40727570414804537
14227,-0.32308349625302396,-0.32134475880441365
14228,-0.7751315886242746,-0.3674597708167219
14229,-0.36250414541524517,-0.12646184715927228
14230,0.6039114995358124,-0.3867933430267347
14231,-0.9839598259340501,-0.21264426741125403
14232,0.5337180146534483,-0.5010077033101891
14233,5.4847755162063505,2.008752041722848
14234,-0.8533988456966543,0.7242187746530306
14235,-0.8734199256365185,0.033697167824746396
14236,-0.47518015334608327,-0.10951595739872697
14237,0.14087026531134803,0.23546740856994489
14238,0.4038038622006575,0.372533425535855
14239,-0.6559581275542342,-0.012783454548131519
14240,1.203443872814656,-0.07286298315182052
14241,0.630960664465016,-0.12055839043107885
14242,0.29486326568001126,0.006252167512566603
14243,-0.5151027785098489,-0.17081705992165655
14244,-0.16995971027336493,-0.20094590352364206
14245,-1.4138671516897723,0.13159573314488351
14246,0.39284930328150114,-0.2607642929616298
14247,-0.2644763433702664,-0.2816607018322503
14248,0.9905354062235415,-0.19319194986998142
14249,0.441796963679824,-0.2632347992825803
14250,1.2229973931988607,-0.037805758311373505
14251,-0.8212326386105552,-0.23894342531570323
14252,-0.0074979316494017375,-0.27373513384742204
14253,-0.7739403844597555,-0.1947701651530377
14254,1.0276299422685693,-0.38666454721781907
14255,0.27186890120908436,-0.3695291894332666
14256,0.9557986651732907,-0.38855470896066
14257,0.8748663028906424,-0.17787657899221848
14258,-0.3235737514373533,-0.26730984742322506
14259,-0.07459640990578754,-0.3926960276789916
14260,1.3425268782911741,0.020079940750001017
14261,-0.42844348038831614,0.07997040522173274
14262,1.299349816563095,0.11157119450737166
14263,0.3484092970051257,-0.19809749048841457
14264,-0.020737413668867073,-0.24532011318187752
14265,-0.6065956312207986,-0.3180944276906067
14266,0.24506753442920473,-0.3020588017878176
14267,-0.701580478396347,-0.2311018299145165
14268,0.23664578186503576,-0.40396178925487736
14269,0.13067697129215522,-0.46192291956917275
14270,1.0165840811561841,-0.4373895341119228
14271,0.17199146280423516,-0.20736737015504303
14272,-0.605126012230477,-0.2879055270932907
14273,-0.1668286278411672,-0.37635667814549323
14274,0.8243060210775283,-0.39888460341579873
14275,1.1134227949451823,-0.1523063879707729
14276,-1.0657080419606932,-0.2076899321536544
14277,-0.1862877860348167,-0.2792079985672128
14278,-0.430449071228177,-0.4154446260207812
14279,-0.29606578423780944,-0.4477228717598484
14280,-0.13821476940234206,-0.44866460186909374
14281,-0.09946558602004717,-0.49925556538435867
14282,-0.6926916011881463,-0.3406617505637407
14283,0.06266245099381433,-0.4084180225433445
14284,-0.26354781483235207,-0.4739892293774354
14285,-0.21696899183588647,-0.46839174829129326
14286,0.699053760697759,-0.4197679999976007
14287,-0.5432234833075067,-0.4197886285568148
14288,0.695555680523799,-0.3577968875864793
14289,0.4518978313168402,-0.414720805345277
14290,-0.5758825285425162,-0.4396043402703673
14291,-0.34822643449412305,-0.4221659680502297
14292,-0.3402912666552322,-0.35345065810492615
14293,0.662149256749518,-0.4583693015367285
14294,1.2473163176337778,0.06736006558240412
14295,0.7884365364632938,0.07105020605638535
14296,-0.4229308537640007,-0.22577084989871443
14297,0.5388887216682063,-0.42568710552351685
14298,0.11904636526193252,-0.4310097471370957
14299,-0.013810855288769887,-0.49922888408642363
14300,-0.7180607448360093,-0.44020335678353306
14301,-0.06095262141933154,-0.419621856859575
14302,-0.18268471237573955,-0.5048941389661674
14303,-0.38130059957747114,-0.4088716555181243
14304,0.07777712854708999,-0.5358576484107551
14305,-0.24669676342551589,-0.490293966889637
14306,-0.4218251589159364,-0.45487634397059284
14307,-0.0706480373549873,-0.43942367807939847
14308,-0.6944413242769634,-0.3440236641790813
14309,-0.18676240247814946,-0.40046062181970077
14310,0.05783831778794225,-0.36521121258280853
14311,-0.035254304291138114,-0.4540335086276801
14312,-0.3298048695110871,-0.30398377055571923
14313,-0.10075339272805069,-0.40967052981499097
14314,1.104171307372562,-0.24416841884148377
14315,0.292551872092324,-0.21730887978846575
14316,0.4635135638266926,-0.40226437245718133
14317,-0.3118152430718836,-0.3331722964345008
14318,-0.22765470386282208,-0.5134232060399249
14319,0.5912889430622855,-0.4343714695672874
14320,-0.12766993192246423,-0.25851895521925367
14321,-0.2125845809843402,-0.4741470465511681
14322,-0.14001655102806765,-0.47353095315799476
14323,0.7486539686879549,-0.40413110922862067
14324,-0.2979224495253308,-0.4346834280785287
14325,0.1828131675869144,-0.465249592048104
14326,0.3286886538850177,-0.49773144147974946
14327,-0.09455790327708273,-0.38764026214914793
14328,-0.609493807868491,-0.44020537736856336
14329,-0.29566029630029417,-0.41522722757378333
14330,1.0097123341618146,-0.44845720330202726
14331,-0.7523234889739924,-0.24262136177868449
14332,0.4847936674544283,-0.45967363751254353
14333,0.8249623691324413,0.36522949130629806
14334,-0.3659478808552088,-0.12337412373434264
14335,0.5492763431764969,-0.2211077064552397
14336,1.3917100224131849,-0.08455411821690934
14337,-0.19298076959096028,0.7424472281446174
14338,-0.5001806457954797,0.03283542150908135
14339,0.8872398119489316,-0.2571022486107624
14340,-0.7319704632783889,-0.07623874057472868
14341,0.02018069471329378,-0.2982292436941839
14342,0.5940524321155803,-0.3676328632271613
14343,-0.38251538919818073,-0.3744342517490794
14344,-0.3053949949827134,-0.2416318246075066
14345,0.016165200384670706,-0.37130250392944947
14346,0.6758839937071154,-0.40101813955627896
14347,-0.49995296422706337,-0.37612011495322767
14348,0.9483441116883408,-0.35801410337931805
14349,0.18764611115775476,-0.27484412953357734
14350,0.13382532116579618,-0.4419855682460764
14351,0.42480274615118824,-0.4270822754974506
14352,-0.06379255523116693,-0.3373929580311464
14353,-0.6031218368903152,-0.3675474374685212
14354,-1.0364883143406187,-0.2638686522331257
14355,-1.2401343950803045,0.08509895727973787
14356,1.0735718436794284,-0.284140274064449
14357,0.30161687320034664,-0.43178849925687013
14358,-0.3348311407218888,-0.4287032378203925
14359,-0.5197560088221302,-0.18018766408415063
14360,0.8549373008908214,1.8505163977043542
14361,0.8777418815386618,0.2313730346681141
14362,0.19220240755201864,-0.2821458336756668
14363,-0.7124272667612533,-0.1403597548357769
14364,-0.7197004809815769,-0.18402298111782206
14365,-0.48156401297103146,-0.2451193025731973
14366,-0.6085403780508861,-0.21020541893983075
14367,-1.2964771223774139,-0.02722215218155348
14368,0.4273634822014851,-0.3610147589733781
14369,1.0861427403499044,-0.3773202038877884
14370,-0.7167505195377796,-0.3537615647706155
14371,-0.11585556218648929,-0.44024024270698586
14372,-0.028758599829034604,-0.4812862548896818
14373,-0.8829639565486291,-0.2860474080247551
14374,0.25921948289810687,-0.37874510614677975
14375,0.9534197619782878,-0.364962250820256
14376,-1.1252390364930043,-0.1638682886289054
14377,0.2870465021068229,-0.20951820559947415
14378,0.2628995216541801,-0.34094026001175737
14379,0.6555040695415073,-0.36688948688467365
14380,-0.12653745521266369,-0.44633694367885013
14381,0.5074417258918414,-0.43475316666331426
14382,0.24371742799637663,-0.42449628049071453
14383,-0.3613829086925459,-0.472014209871498
14384,0.45184883357562283,-0.4803740192952567
14385,-0.5418526510181095,-0.49482309451983597
14386,-0.16446443491297885,-0.47041765885785614
14387,1.173147067500932,-0.3916311287905368
14388,0.10596769694655817,-0.40747398877108626
14389,0.1578667985977412,-0.4750916747762516
14390,0.2829472023328864,-0.4853716627472022
14391,0.6469496788396897,-0.41973871951077646
14392,0.23013387888064654,-0.39172938568331694
14393,1.0936799944639524,-0.10127824829208931
14394,1.0351146345687305,0.2972605406033819
14395,0.190484592284726,0.32430376989299403
14396,-0.3503968008148569,-0.07450800366497459
14397,-0.2620315665767295,-0.40993921677143336
14398,0.19689114490897297,-0.42124148991735166
14399,-0.2755698637408106,-0.36543348184951135
14400,0.6915703281293855,-0.46831145059980583
14401,0.1436923629110401,-0.37587418337194023
14402,0.28736291107149164,-0.3904960656484168
14403,0.18162491560338467,-0.41434266894998883
14404,-0.5617221024078314,-0.14388716375764266
14405,-0.10541215025446711,-0.40451567847693937
14406,0.2901652010550243,-0.3311197273505486
14407,0.7618712286777154,0.11066861724701219
14408,-0.5710052783026867,-0.19435770310419173
14409,0.03311312220754749,-0.43676318519713286
14410,-0.13083038025116936,-0.3755350504461143
14411,-0.5494959344640158,-0.3085193973706469
14412,0.10457868184233769,-0.544730607177391
14413,-0.41469963201746035,-0.47069141180424734
14414,-0.19672088553595687,-0.4881317664799102
14415,0.4776411691876874,-0.41558947193710843
14416,-0.0014988903948422927,-0.4848056246319219
14417,0.4028799274740817,-0.45629282858309794
14418,0.2713160178183922,-0.5191974708213046
14419,-0.5848409926557692,-0.43874634680519436
14420,0.10501874546137252,-0.5023359231357603
14421,-0.23082835031064927,-0.4753865883561609
14422,0.3658439626412067,-0.46768509186365015
14423,-0.09412074358906526,-0.46346335328226596
14424,-0.0886647971877428,-0.5092822349054954
14425,1.0328624643238915,-0.14101399045070973
14426,0.019178228473743605,-0.23274736023979242
14427,-0.20259216329166252,-0.3171390923773582
14428,-0.06802644056655477,-0.21936320175694163
14429,-0.05000040678087025,0.11427224671084035
14430,-0.4269341292156388,0.3247844091552557
14431,0.5435126130940916,0.08361467278149919
14432,-1.0238278135555843,-0.10132726050299726
14433,0.9543042915538799,-0.21059775162694233
14434,0.48686170284822244,-0.20903712147648712
14435,-0.45704799817598507,-0.24647797266537208
14436,-1.3639568854044097,0.16203103639257405
14437,-0.3361057046209457,-0.14074417393627003
14438,0.09173945721335694,-0.14521163179729205
14439,0.8507470556304934,-0.3138662457434141
14440,0.18027835159097566,-0.25104486519000757
14441,-0.5219447494120267,-0.35794481294517216
14442,-2.5027897072574388,0.15587523554788146
14443,0.28472686537556613,0.44209415001416275
14444,0.8698095607877886,-0.30308971063241347
14445,0.13900760884777955,-0.3767288195860654
14446,-0.23706607772082292,-0.2951455240663919
14447,-0.2846832961930758,-0.377638459723152
14448,1.1390902991702438,-0.33795382755232806
14449,-0.2023019403524051,-0.37549259622893477
14450,-0.4807793235590984,-0.3499994817370958
14451,0.11007261933556875,-0.4803252754872195
14452,-0.2694862535796022,-0.42748691742765077
14453,-1.159764311957543,-0.22226799266672792
14454,-0.6869005945418932,-0.1368289709612333
14455,0.5633390032668191,-0.2584674028245164
14456,0.1835415943848364,-0.4589144274961634
14457,0.052805819856551015,-0.5509619292156875
14458,-0.2066553088822122,-0.5243420706915692
14459,0.7397531507267566,-0.46384217318141485
14460,-0.28913926573848825,-0.3541051257657494
14461,0.07071075356358592,-0.4180679929275588
14462,0.40525156948397345,-0.5213255148929081
14463,0.7277126304853633,-0.3795790587159454
14464,0.6528410984789216,-0.3111865496196036
14465,0.010155350949869028,-0.24214507276333086
14466,0.10841298195811831,-0.40941652812684093
14467,-0.11344275007043457,-0.4229988742154181
14468,0.009039772170361456,-0.4856948301536371
14469,0.18746532289458268,-0.4503134643966441
14470,0.04166417375048688,-0.49792599982640084
14471,-0.14203741726459307,-0.36515498003544206
14472,0.9369287715608039,-0.3008652193516306
14473,-1.2102994513549161,-0.136880975246468
14474,-0.10595064968979441,-0.3588944494763929
14475,-1.0074975555736594,-0.14586279991524106
14476,-1.1429223462821907,0.07991780630122935
14477,0.649062038356494,-0.30274055828139884
14478,-0.5387037425393747,-0.38035625382275784
14479,0.7360881175449224,-0.26665281912623096
14480,0.030007112374269427,-0.23470443746234
14481,-0.3927694176090201,-0.3131463587419213
14482,-0.19320066525815685,-0.46177860683006255
14483,-0.119348136551918,-0.347688570862284
14484,0.3815083387416797,-0.4959264623305364
14485,0.32028061521100926,-0.40806755437457387
14486,-0.11513886674794123,-0.4217615265326007
14487,-0.32982192779926417,-0.4688479013476159
14488,0.18541033407562507,-0.5166931130730474
14489,-0.23471296274326234,-0.49008269057763787
14490,-0.5529134947693174,-0.3616002061521051
14491,-0.25148857214624454,-0.47353499456198445
14492,-0.4165378779774341,-0.33083810885919096
14493,-0.011143726840295388,-0.41485452992190974
14494,0.16188222292045812,-0.4605797594739691
14495,-0.6566375760744104,-0.348251135589992
14496,-0.6114131466025046,-0.15745892082350318
14497,0.7209885818676522,0.4283520162833019
14498,-0.29506792216289457,0.6277673913223644
14499,-2.5818658709150317,1.0156488530060914
14500,-0.7844861459224199,0.33717790808671294
14501,-0.18198670310711365,0.2901992165717293
14502,-0.2286131384902341,0.16373462813067724
14503,-0.1737872031307523,-0.10773068005198624
14504,-0.14960466983813633,0.10475020268329066
14505,-0.24819378890961113,-0.020435179453787852
14506,-0.9965965478188477,0.07429858999592645
14507,-0.28810771118446443,0.08521362726092938
14508,0.8359989592600352,-0.2614038156070052
14509,-0.07197640291442171,-0.27437128806926586
14510,0.24062363720572977,-0.242432247310441
14511,0.4868763373639968,-0.30889983544213917
14512,0.3435598311563746,-0.37577902195664575
14513,-0.1974787515027551,-0.41762953151555293
14514,-0.059488388057970444,-0.42771580223126543
14515,0.48264990589837853,-0.3516501271252235
14516,-0.43979633673007046,-0.4187061786693947
14517,-0.447118011871295,-0.3983256336482125
14518,0.54062863401142,-0.5399526243649068
14519,0.7398191582038514,-0.3930082541254364
14520,0.16091827058494415,-0.3850549643986434
14521,1.3609512644639574,2.942526981101247
14522,0.7878241427626066,-0.010503366347831361
14523,-0.3512206573997213,-0.2363849076773905
14524,-0.4675224332195239,-0.31918567249527263
14525,-2.11816659545267,0.6703774945548517
14526,-1.4697721828575427,1.3681007253522242
14527,-0.8011440798814681,1.696060828064117
14528,0.239515047720545,0.792147822333002
14529,-0.15034664416043414,-0.007527014956060389
14530,-1.0030945993788625,0.17768835810061204
14531,0.4346072199370954,-0.27287740262574967
14532,0.2290751938489122,0.18253052860550414
14533,0.17057920900572734,-0.2504844100726878
14534,-0.6165538348602824,-0.17963083440105113
14535,0.3800148577923951,0.10710674268279438
14536,-0.32797675662714404,-0.3203553835592852
14537,0.4402127647215966,-0.3325295019838928
14538,-0.17770887663400234,-0.3396300154652989
14539,-1.835341432663343,-0.00380905279145137
14540,0.44819010758088507,-0.16427215804344775
14541,0.46452712436431126,-0.43238128386071095
14542,-0.2419380360505982,-0.3867394398870306
14543,-0.17577164828638484,-0.33664109733877545
14544,-0.8580790162792828,-0.14242429801901027
14545,0.09123824788987146,-0.36478879233317907
14546,0.051791637509421305,-0.4739630940128431
14547,0.969813994649875,-0.04624934056065333
14548,1.2030407615353758,-0.29088775807613454
14549,-0.15265060560747604,-0.2979555980985421
14550,-0.7522098098484684,-0.18727525807611942
14551,-0.8795874692536901,0.12954222210289762
14552,0.26328205415685796,-0.15900769223689618
14553,-0.7759792703304643,-0.012900234049897548
14554,-0.16067897704310646,0.11583803036865944
14555,0.5234762952913949,-0.08947638437983518
14556,0.3119070023611016,-0.3646534597252821
14557,1.4757053623105847,-0.19273413813891846
14558,-0.11142690279495225,-0.39400082623987254
14559,-0.9085483192218886,-0.3293024698271165
14560,0.5264285632991114,-0.4345199387701738
14561,-0.21106023604146446,-0.5006812115875339
14562,0.36540681535496616,-0.62939910600198
14563,0.23634059183470116,-0.46767429787293247
14564,0.2597402541473546,-0.49124409120457124
14565,0.45813555037382214,-0.44021346278350976
14566,-0.5207004003863387,-0.46823317879663906
14567,-0.35756885720251047,-0.3954448575626956
14568,0.10789076269061247,-0.43098481450321746
14569,-0.5679866805350212,-0.3784607667050004
14570,0.5900154122075204,-0.4541954772641803
14571,0.11223136707357742,-0.5368200764457618
14572,-0.8867454833439097,-0.368306213071148
14573,-0.08318568900193227,-0.472766344760693
14574,-2.5729850760293203,0.30647617800501936
14575,1.5536784644910628,-0.0987470598515301
14576,0.2129756078810003,-0.33742682237831784
14577,0.5055940086901061,-0.3490672091090818
14578,-0.38637719774825885,-0.3683450286176831
14579,1.0058878110338416,-0.3740675713243364
14580,1.2281959968739735,0.18148596751046592
14581,0.09135826138825483,-0.013102339388480072
14582,0.18938970704357985,-0.26890657644915367
14583,0.059020407828892195,-0.29951042937780104
14584,0.3716733928180536,-0.2766927576301716
14585,-0.7133272514056923,-0.13493344517237013
14586,-0.187537161138914,-0.40789981337679077
14587,-0.20960434205579842,-0.36917167694483416
14588,0.10912335404416944,-0.5685447810279245
14589,0.635477780596498,-0.34183032000456126
14590,-0.37171338695982137,-0.4311123858446747
14591,-0.07514545199718863,-0.523139443854361
14592,-0.01500348514434511,-0.5230229098687492
14593,0.3700617105846763,-0.5751228217084727
14594,-0.19093436721586468,-0.46639324927783343
14595,0.04246725667246542,-0.4768409461830678
14596,-0.1215824551709573,-0.5474004851976916
14597,0.6479469669630704,-0.5167137446397212
14598,0.060544259439375796,-0.40702870505225297
14599,0.09732965299568241,-0.4117730225350032
14600,0.06523551136917964,-0.47370889436311125
14601,-0.3164720602153057,-0.47203093312562017
14602,-0.31745988583886803,-0.5121109416998584
14603,-0.3015495370034951,-0.5131142442858371
14604,0.15083635765633066,-0.5608891896732964
14605,-0.34295907688239,-0.4602969884074686
14606,0.1940452759536815,-0.5371119736990018
14607,0.22224420822123286,-0.47865547911493866
14608,0.3003756034639057,-0.48172733261710743
14609,-0.7236998761373198,-0.3610687469912729
14610,0.0875403653593803,-0.5061886583034174
14611,0.16074997803443788,-0.542121758434083
14612,-0.12080768149771089,-0.5706368660316377
14613,-0.059735935961132684,-0.5110266199345178
14614,0.3386756573049747,-0.5906658836478947
14615,-0.4029752631017571,-0.5068646467718325
14616,-0.5002796847963529,-0.43055148978251606
14617,-0.7114364665937758,-0.1500383762909056
14618,0.6044042849246585,-0.49177136173734926
14619,-1.2660375667169492,-0.023865455533171806
14620,0.5705132887634874,-0.3391074059310818
14621,-0.06478389549421255,-0.4175443278886564
14622,0.5143500860991496,-0.49066858755182985
14623,-0.4631944573471541,-0.4923469263651641
14624,0.25537966743242263,-0.5188336004547186
14625,0.30937180603125153,-0.46585476742029286
14626,0.3552219613091846,-0.4308108001927792
14627,-0.0733555282044454,-0.48059388919049084
14628,0.6506855427435347,-0.41494784446445243
14629,0.5314028631822082,-0.38087487991677754
14630,-0.2171737090735883,-0.39771558429584863
14631,-0.7398927715387125,-0.41158041766140446
14632,0.15663647696257033,-0.5486382599032316
14633,0.2988735697553634,-0.5210509180690085
14634,-0.1892029946070319,-0.5531932054202191
14635,0.4840507616521521,-0.5908203660918069
14636,-0.29487992469301383,-0.532283765312225
14637,-0.4873301790727428,-0.4471831396290724
14638,0.24945990111036553,-0.5893631168284855
14639,-0.07636399264885016,-0.5415140156146246
14640,-0.17623759982060663,-0.5375761706544083
14641,0.0334425416479321,-0.6282537180873584
14642,0.10903403565632297,-0.6237079932212515
14643,-0.02880315992626977,-0.6510527155079348
14644,0.33178625600562717,-0.5635565309523247
14645,0.2589341263795992,-0.6231064652604842
14646,-0.05924445806214973,-0.6049210507438054
14647,-0.4192862832703635,-0.5283334644551493
14648,0.20033118557584093,-0.5959838583854167
14649,-0.4299649358467924,-0.5218822733682049
14650,0.25421694343619533,-0.6315234264446611
14651,0.19965664315213816,-0.5504772954520764
14652,-0.24339445787226163,-0.5717834078726246
14653,-0.0064617598807194315,-0.5582945818852623
14654,0.09703838222017054,-0.6140009884339751
14655,-0.3245150704892697,-0.5355429956846703
14656,0.3619679242847232,-0.6177555823006428
14657,0.0917254226712296,-0.6365460520013998
14658,0.05602090622286477,-0.5981922486523994
14659,0.3443484336557707,-0.5623022666583924
14660,0.2435152270580716,-0.5309624061036485
14661,0.08627205994948628,-0.4998432079505958
14662,0.03235522312967796,-0.6032664243913963
14663,0.23464589244161152,-0.42636728818284025
14664,0.16610410470686698,-0.5533347525584164
14665,1.06203563118969,-0.26939480174746355
14666,0.9246155148444993,-0.023611102212449317
14667,-0.8273141589834421,-0.2293698085144919
14668,0.5330899615115673,-0.4332679322733145
14669,0.2456576827303026,-0.2750541390529264
14670,0.30603646544409313,-0.45428029557570404
14671,-0.22441035484922323,-0.490682333289727
14672,-0.02832986915693454,-0.4524588682451727
14673,-0.3162876432061712,-0.5119984781534718
14674,0.03241556259775407,-0.598213736644336
14675,0.15197806937526578,-0.5455119125187552
14676,-0.07962840509295997,-0.4971011404289899
14677,0.2939831724244838,-0.5336833535399659
14678,-0.04273894705646595,-0.45520414252874886
14679,-0.46597141143998877,-0.4760288924179811
14680,-0.7672242252555994,-0.3434334840230663
14681,-0.265132865068497,-0.3519792129858499
14682,0.26088842609147184,-0.42236211444053995
14683,-0.3734320267801078,-0.39628574296140584
14684,-0.3733079314366804,-0.4159475417629909
14685,0.4920339859887045,-0.49848001263399677
14686,0.14757683427495702,-0.5247590520461736
14687,-0.01735107683464213,-0.5328160627740111
14688,-0.6275851652276465,-0.32615607088931553
14689,0.10708376429700987,-0.33444112257884717
14690,-0.15967399723625128,-0.4782284071250984
14691,0.4313139234458953,-0.5190376388341204
14692,-0.12070205545410696,-0.5542849489003193
14693,0.08197446475156744,-0.5438710236395002
14694,-0.17655430357405777,-0.5624863409266497
14695,0.428711957330661,-0.5495891703440674
14696,0.1819987735396326,-0.4956122344402657
14697,0.4552001279913038,-0.5400750886382811
14698,0.14151595739854825,-0.4561022813643527
14699,-0.06372529160240825,-0.4996112560043511
14700,-0.29663536886610037,-0.4865330952235214
14701,-0.2268104844679582,-0.4408402990397669
14702,-0.7481626107356637,-0.2315088005098785
14703,-0.3234663054695857,-0.30140892740046527
14704,-0.13096896215324502,-0.36081143914623537
14705,-0.37037737025729633,-0.3777020084947529
14706,0.542485646146406,-0.3922578081519634
14707,0.08950526149655345,-0.5358082708882602
14708,0.2923742864113007,-0.48766903847947696
14709,-0.3833965818542664,-0.4747489927644081
14710,0.28211373000662315,-0.5378091545408191
14711,-0.3902015995278923,-0.443992753238843
14712,-0.02351565863146243,-0.4573504133933576
14713,-0.012112513716553332,-0.5150765240238763
14714,0.11359827680201633,-0.4877137704539335
14715,-0.34091728681156086,-0.4149185272409751
14716,0.3193169673896534,-0.4324794710765386
14717,-0.10292629914539833,-0.40659507007693513
14718,-0.011343341771353984,-0.4545860781852187
14719,-0.48195356960519964,-0.38075660656383065
14720,0.35622606696657044,-0.5725596584899172
14721,0.28354759288039505,-0.5344541713815095
14722,-0.13826623744701552,-0.5096427719688994
14723,0.2840624569362314,-0.423511078640029
14724,0.16626200308055558,-0.46872753444659343
14725,0.49721567136052297,-0.5411552590897417
14726,0.22116167636410267,-0.46810203306764986
14727,-0.1497927408963033,-0.4698380772904859
14728,-0.23630978782696663,-0.46259165212163467
14729,0.5487460032609947,-0.419301153075778
14730,-0.06217064726237306,-0.47018366261741906
14731,-0.03770031111563211,-0.5027204595390339
14732,0.023378677307254844,-0.4618503057330785
14733,0.10379639454833904,-0.5837861356351762
14734,-0.11345150119695775,-0.5990579155962085
14735,0.08726797806485825,-0.5841413874928786
14736,0.19184612588963418,-0.5864721426897226
14737,0.2932935127061757,-0.5660383252704736
14738,0.2338033446454773,-0.6075149036122692
14739,-0.5552937104409846,-0.4303819709548178
14740,-0.16883131331172127,-0.5636288728706161
14741,0.288935301117448,-0.6124185685672386
14742,-0.5661521218544902,-0.4602256815203397
14743,0.43469647744359596,-0.5222404635077617
14744,-0.003997982364394778,-0.5333129390548513
14745,-0.07211259371179231,-0.5679428390667677
14746,0.2631087554535125,-0.617471296014231
14747,-0.05340540944576032,-0.5657446944671368
14748,0.08340538437335204,-0.5673739702983005
14749,0.25863900363809833,-0.586014386976324
14750,-0.2524482584421854,-0.6078867604036506
14751,-0.10414279056099758,-0.5108347616435801
14752,0.2490565056846632,-0.6004390996842316
14753,-1.397173987462943,-0.27741194935528707
14754,0.2140263169306641,-0.448992172245622
14755,-0.5621493101809958,-0.28966217056661675
14756,-0.9197107188789568,-0.12595678539693145
14757,-0.7688215090780693,0.0386850733650507
14758,0.09480629787475871,-0.3584753431417543
14759,-0.6958336029548614,0.10311049938794561
14760,-0.6454109859225375,0.18814465726227148
14761,1.032214384188162,-0.21833150744357432
14762,0.12537125856487538,-0.3436091034864126
14763,-0.2250828582650134,-0.34565215716307746
14764,0.5922259943201543,-0.39087728233197616
14765,0.29382725505526447,-0.4148139226161328
14766,-0.6685127630921706,-0.36918377444651046
14767,-0.7638585856479037,-0.21886396260591023
14768,-0.9547446778101348,0.07903936393549407
14769,-0.49469490165745095,-0.20476771127194943
14770,-0.19146675977679664,-0.020462883247865743
14771,-0.3675207213429708,-0.235174317692032
14772,0.1643407837892486,-0.394795414731586
14773,0.24035624508817124,-0.42578280699491367
14774,0.25970398264979355,-0.4003625684489681
14775,-0.017545618497483567,-0.45416446417223666
14776,-0.8319123422911473,-0.26734711561474
14777,-0.7475880794680874,-0.15025858251937596
14778,0.3581059244863769,-0.272302373188395
14779,-0.2842348447526034,-0.2337277504640679
14780,0.9003647100806892,-0.2952090872802608
14781,0.902989891882649,-0.19467205562000325
14782,-0.3035273715719873,-0.36928879002592907
14783,-0.19574205968238242,-0.22393874798180124
14784,0.2820629845754246,-0.3524084410709147
14785,0.7435674225490778,-0.33695311256239835
14786,-0.25564072931053405,-0.40370096540371064
14787,-0.4331266548892891,-0.30572701844168515
14788,2.0449216203559115,0.015025352143492071
14789,1.4797654972513676,0.6241399335117936
14790,2.951988229758204,1.307696937556532
14791,0.038308078077790235,1.3119364178593922
14792,-0.49359126406209447,0.3496299591105248
14793,0.5814430786035396,-0.08825184013418233
14794,0.18670472054410736,-0.1572323238639003
14795,0.6383139365227964,-0.08913240483795379
14796,-0.5645838668529038,-0.2108125660046114
14797,0.04515557159728747,-0.2861706295330879
14798,-0.9266393635151239,-0.0680332276259493
14799,-0.45893456258416243,-0.06809834412525129
14800,-1.242028587790681,-0.13078622512235444
14801,-1.3301614859413606,0.29016989029399
14802,0.5775938745846503,-0.14293525805404364
14803,0.026083134290225404,-0.33321202549941786
14804,-0.013247643437371944,-0.43321283642138186
14805,-0.8848164915197642,-0.22743959367572814
14806,0.6650721318753983,-0.3904212175032385
14807,0.45722225638596337,-0.2676654617815926
14808,0.024071165353068306,-0.4055345759564413
14809,-0.20949375488205652,-0.3339613035248916
14810,0.26582174449893736,-0.42609594438372667
14811,0.11665304916547568,-0.3350904028313706
14812,0.8586462257382791,-0.24312658351220368
14813,-1.08004189301546,-0.16737760891907477
14814,-0.3649063693232352,-0.1428160505150148
14815,0.7611659341505844,-0.3361291012271393
14816,-0.4257253303622054,-0.27394644936805707
14817,-0.15296389003777053,-0.28158148206222844
14818,0.3208996758133688,-0.3689776279976032
14819,-0.3080259589735972,-0.17597797333472626
14820,-0.7876233552616373,-0.26159104479892303
14821,-0.2256147427230985,-0.35058505382255173
14822,-0.04514824609862287,-0.24703607465993943
14823,0.30986706421173926,-0.32944478895553697
14824,-0.1744552225644352,-0.43325460480507827
14825,-0.14871986493621567,-0.4202907041452443
14826,-0.3029815009468675,-0.39228497669973883
14827,-0.5949513271815362,-0.1926845487069476
14828,-0.08619153594082318,-0.2712114038400485
14829,0.30175916032863404,-0.359941490355104
14830,0.18311216279211917,-0.35524113398611207
14831,0.5465338440256624,-0.40930208333475016
14832,0.254907003620915,-0.4211589838572097
14833,0.08564240383591043,-0.5135439627173658
14834,0.2464179925582205,-0.5001602481211289
14835,0.13772338841054255,-0.5053160758240973
14836,-0.27156284937614716,-0.5316957583460203
14837,0.5283171710929114,-0.5492699710556579
14838,0.0620808558048194,-0.5921199817636317
14839,-0.383446633036362,-0.509158336824419
14840,-0.1377489019707343,-0.5265445334221077
14841,-3.2412021668030984,0.4111836479082197
14842,1.786747564549793,1.4370614738899667
14843,-1.2626860074379755,0.3936715560766405
14844,-0.8006196691490566,0.024545536299766184
14845,-1.8199248539301964,0.3944568590358031
14846,0.8510906328890463,-0.18447991221829207
14847,0.2699296771781624,-0.29387693221013733
14848,0.13457760850731618,-0.19899801443457427
14849,-0.2106210568994856,-0.33588698302923237
14850,1.2518700359806647,-0.3478900254298966
14851,0.9311378780931938,-0.3043761242509975
14852,0.09082727157845932,-0.42354758548800203
14853,0.8581884824202435,-0.3633868022036801
14854,0.5223880308806681,-0.15060418000778006
14855,-0.35064692992822555,-0.2866421714101054
14856,-0.09700819866250132,-0.3700321358464917
14857,-0.48259037086349665,-0.43325663717826285
14858,0.5037474466554445,-0.5006362905272884
14859,0.42337995420778146,-0.43619985347261586
14860,0.027538305459429733,-0.37010600937826515
14861,1.0442045436289942,-0.24624478885900947
14862,-0.5209990591344549,-0.24178851006783147
14863,0.18275569712036635,-0.46311421620992976
14864,0.3542355605393843,-0.3856661307728857
14865,0.444631456837983,-0.38602101118362486
14866,1.9946913686039989,0.12593754155021591
14867,0.5212241185001665,0.20856191459000334
14868,-0.5891068759066718,-0.0673138209376321
14869,0.133330157334077,-0.2573580933137057
14870,0.08607670725897087,-0.4568970257144892
14871,-0.09138740575516004,-0.39675043648689623
14872,0.14602207016728372,-0.46309431184836347
14873,0.04510413891586013,-0.4472656766145946
14874,0.23815144682822004,-0.42536145263953445
14875,-0.2627117511643707,-0.45671783170206104
14876,-0.0809347478240759,-0.5502515607205287
14877,0.023385693319107292,-0.5234868195603727
14878,0.27208803244243596,-0.4312758910547009
14879,0.34115274745954155,-0.32632104109542565
14880,0.00013479365562933839,-0.4730389070222608
14881,0.10936954379470905,-0.3842382316841989
14882,-0.03767352977664617,-0.4456383507501924
14883,-0.6979084973962015,-0.29554534531464016
14884,0.16655438338376852,-0.3888242269442403
14885,-0.08387995576527439,-0.35028027130156236
14886,-0.21274031835090626,-0.26020233155366757
14887,-0.24424237710186072,-0.30947381011025116
14888,0.8813317978976161,-0.31811975962017547
14889,0.30702123327811887,-0.34719823848144565
14890,-0.46380604848117146,-0.22665696099509075
14891,0.6353165624735225,-0.4269583047246436
14892,-0.5135049484450054,-0.2955994191912687
14893,0.2006809846231236,-0.4193557402436343
14894,0.02654989762888516,-0.48542773022064567
14895,-0.12802181642147223,-0.4321872533173554
14896,-0.5357853427967267,-0.3956917142513471
14897,0.1419854188928954,-0.44579572499208314
14898,0.10654036283772629,-0.5291160947304006
14899,-0.7134487894694653,-0.4048217924035284
14900,-0.33359475773001,-0.04652816579451953
14901,0.15701090746489993,-0.43339501378345197
14902,-0.6765406754004583,-0.26330884297897567
14903,-1.0804152872631663,-0.06037899488595515
14904,0.3311776007957137,-0.3394534447455844
14905,-1.9446407770040874,0.17931138496622806
14906,-0.5601466703971495,0.6067463905661439
14907,1.0682990491960571,-0.17789441332264638
14908,0.5629581832367445,-0.07079313919322358
14909,3.8981137627340954,1.679672432130305
14910,1.6067282137197745,1.3135804070432728
14911,-0.7872041689449282,0.7759932378344379
14912,1.2929446743052295,0.30407353222983924
14913,-0.143948115272257,0.17550981636588833
14914,-0.3270076984498869,-0.15453392164018795
14915,-0.1792454668663525,-0.21459491218743865
14916,-0.3943588577704631,-0.19529597657561165
14917,-1.1344510358180813,-0.07435856534595896
14918,-0.7134639707057602,-0.10051223347689328
14919,0.766682319380851,-0.3791492148844107
14920,-1.2676933316735548,-0.08699883554771526
14921,0.5818999309970921,-0.376747827145102
14922,0.40363585800406404,-0.37549878668848236
14923,-0.04298753047106279,-0.2794902936517946
14924,0.7306399142449855,-0.37968157138828723
14925,-0.09870367491415137,-0.18488314556428131
14926,0.1548572660880926,-0.4559262395293443
14927,-0.8780923937293899,-0.3131278951235121
14928,-0.2976913102750316,-0.42322336816498995
14929,-0.05522474596854412,-0.46960668332819744
14930,0.678981649706459,-0.24114755841355623
14931,-0.4001445513336028,-0.335307207071453
14932,-0.16765724806406687,-0.43435764199692223
14933,0.3180846639366715,-0.4585772660175377
14934,0.36907495992523814,-0.48767864467111877
14935,0.964423996139737,-0.40975616219292565
14936,0.5504361553514467,-0.14022049182609614
14937,0.2481280260066453,-0.3111799085434932
14938,-0.08729290473666687,-0.3447541604981545
14939,0.4450922532844411,-0.36952155690212646
14940,-0.5637789674601549,-0.3741292994025371
14941,0.4073035751494674,-0.42053086381604393
14942,-0.2607006628289114,-0.4686506969834421
14943,-0.09469341564181305,-0.3064034535887496
14944,-0.230568746823953,-0.4651091107486407
14945,0.4946554202149301,-0.40725212459663973
14946,0.29121025207416695,-0.4712305888599053
14947,-0.010824481570212229,-0.4351615638072509
14948,-0.4217203485217986,-0.43150368314642107
14949,0.06421182008694727,-0.48920669280014095
14950,0.33277155185788065,-0.5288101940688369
14951,0.5184177664571047,-0.291860917152722
14952,0.3637424247035601,-0.2329232456276074
14953,-0.6775977462685988,-0.31479437087936174
14954,-0.36295450522206274,-0.37202894787872326
14955,-0.6208260844013912,-0.2864333986247428
14956,-0.4216839607522634,-0.3393821532646173
14957,0.07480981023905607,-0.5366629256815634
14958,1.1514583893540586,-0.31865913541280133
14959,-0.17811980836333957,-0.2865582305829194
14960,0.8442063289707602,-0.44627840514118294
14961,-0.2342941823761393,-0.3904904124763151
14962,0.09751735960269806,-0.5153127293470987
14963,-0.71248442205962,-0.347740484513965
14964,-0.13401673766204836,-0.4399478387354768
14965,-0.30717899528498827,-0.3808942898533246
14966,0.29784323550902736,-0.5124850505618882
14967,-0.4079161127959591,-0.49907642250163287
14968,0.20777386112653368,-0.5174401011985479
14969,0.08978314254009513,-0.5555881588533402
14970,0.1141916378857728,-0.5368392184839172
14971,-0.29373041860552446,-0.5203056654632682
14972,-0.4074564816004656,-0.48607273138773577
14973,-0.002559116542591858,-0.4999574003232683
14974,-0.11506208554755809,-0.4520266859583919
14975,0.05592470515234512,-0.1717458827259289
14976,0.4344296450814978,-0.5187447091993652
14977,-0.1352979255977974,-0.4252310014432249
14978,-0.1627317562778203,-0.4905008212122286
14979,0.030778494833598385,-0.49188292392279653
14980,-0.03824789863920774,-0.4099094312822245
14981,0.5865451776212914,-0.4569733358967756
14982,0.30023730383508535,-0.3982606681540669
14983,0.5198144616975098,-0.312814022754796
14984,-0.37113853574550304,-0.3157682277195553
14985,-0.17176807834701838,-0.3269536967165276
14986,-0.12822423189844828,-0.4875674239503295
14987,-0.4985285193604911,-0.4297762482299233
14988,0.6358464316615751,-0.4841152697536476
14989,0.3107928946838345,-0.4938162329378736
14990,0.36405869779380473,-0.46173031862508385
14991,0.054040461427938606,-0.4505443456191037
14992,0.48810153153164904,-0.4087701085214144
14993,-0.23526757136354923,-0.4469966290391067
14994,-0.15404715117548617,-0.4887280706855839
14995,0.6208407886979661,-0.3554097974217276
14996,-0.2662144945866482,-0.3836559781042414
14997,0.13052414987979144,-0.41555225903585924
14998,-0.48020204116875725,-0.4335205232939382
14999,0.12876715481321152,-0.48485408874485736
15000,0.008795375402817617,-0.5637354261591697
15001,-0.827066683485924,-0.17630702176631374
15002,-0.2236532028816186,-0.3502827620893091
15003,0.901248031006129,-0.3833872863906709
15004,-0.02944996081957681,-0.4510787170674344
15005,1.2778470489284661,-0.11645002825400086
15006,-0.6314476023932645,0.08941273185691606
15007,-0.3991318140869664,-0.102958864935562
15008,0.7055277762069909,-0.1969556074870817
15009,2.162682422286888,0.5884651662977426
15010,-0.7238230236372973,0.25019305954505594
15011,-0.3376986458320416,-0.056222538108401804
15012,-0.5326592677475,-0.32629952265082
15013,0.9569696838740526,-0.38082828514361156
15014,-0.26293736160047765,-0.3014257553303735
15015,0.008776201793921218,-0.3888757711288425
15016,-0.656705937274595,-0.33465350630106633
15017,-0.667368983574194,-0.3112821497307434
15018,0.3336669211113973,-0.47798808619563593
15019,1.34858335517211,-0.3617170172044508
15020,0.020321205663736335,-0.3843131623050989
15021,-0.42167306889117634,-0.3964409891032651
15022,0.11076439609204802,-0.4484317718175435
15023,0.24041347019971168,-0.524438648147305
15024,-0.473170071871118,-0.4698677489605756
15025,-0.5726723201388645,-0.29580685785009736
15026,0.26238669377475327,-0.48093578667522774
15027,-0.3312205855830046,-0.43725774238193443
15028,0.2887436839210096,-0.545423060073176
15029,-0.004795299654172291,-0.4760238814038952
15030,0.8720431977117843,-0.38034363586637626
15031,-0.1212829994795426,-0.3665538393567075
15032,-0.3305717834766174,-0.4754982147745116
15033,0.18526629529695443,-0.5774021099724551
15034,0.059896683491632526,-0.5786536116741304
15035,-0.11975336808434318,-0.5650631742236135
15036,-0.0038702977539531195,-0.5141867764501016
15037,-0.6682766082095145,-0.44179110303436203
15038,0.3346028887127578,-0.48869335552284177
15039,0.31852939160052496,-0.41622387217359613
15040,-0.3816193785733158,-0.40960449369879165
15041,-0.08108188877196469,-0.5703690724483372
15042,0.14061412634238205,-0.5985849153334658
15043,-0.3208516716458645,-0.534513718725128
15044,0.06927970635850404,-0.6239905138310743
15045,-0.527172089488225,-0.4733169368866017
15046,0.19544501054312197,-0.4423883043386591
15047,0.20172949014610425,-0.4484462614578623
15048,0.5390773601322387,-0.3578582617741229
15049,-0.04805706195890853,-0.47929795555329957
15050,0.06166213930385445,-0.565962352758107
15051,-1.0731144397267212,-0.2927362418579357
15052,0.21619634715549635,-0.39749865953812485
15053,0.24859639564155472,-0.4503947010477813
15054,0.14744979785540008,-0.5380330250425134
15055,-0.41988547358835054,-0.47160233303145216
15056,-1.016592637490785,-0.32925156843690245
15057,0.2342784687173135,-0.34995475904533513
15058,-0.2908004295745258,-0.3721873733437538
15059,-0.05237706942711167,-0.3959216261763849
15060,-0.2824568541527974,-0.4076523539867988
15061,-0.427077706556631,-0.4288438634140983
15062,-0.1793974772888923,-0.48230076801084143
15063,0.24066290667346707,-0.4499830071606198
15064,-0.18786554203457892,-0.4399576457618181
15065,0.10682715466504338,-0.46083527015413017
15066,-0.5937905581904567,-0.3640174040493861
15067,-0.6161210065206582,-0.20606768296513078
15068,-0.21842263492580366,-0.263719634168388
15069,-0.35321714051905484,-0.10371997970122979
15070,0.3180055244889976,-0.44844420740883156
15071,-0.029492996040267096,-0.3712972026140158
15072,-0.24345064758947604,-0.38989347582801603
15073,-0.27740867729208385,-0.38127283193557
15074,-0.2500423841101482,-0.43711424103571067
15075,0.7469288092720529,-0.43153539522130785
15076,-0.3788213596498535,-0.4700606970161215
15077,-0.05969972674996499,-0.4761057482442972
15078,0.3319476000978128,-0.579695197415408
15079,0.6279483879498549,-0.42765528196947683
15080,0.3940045930934117,-0.34198805308027735
15081,-0.27233090191862647,-0.48956820115047883
15082,-0.3970744139402087,-0.4748468381650378
15083,0.4763088632878415,-0.5197923538482214
15084,-0.2846933389516807,-0.4988114664705825
15085,-0.02959894131360392,-0.5149319651455067
15086,0.24315841608515124,-0.5327297400287777
15087,0.5510572560763952,-0.475597605784562
15088,-0.33143072873856566,-0.43349502288256875
15089,0.2132611202538412,-0.5629942634487005
15090,-0.6312236397801445,-0.3694833140264426
15091,0.9842798189245597,-0.3409720802019404
15092,-0.32887173769897654,-0.4628779702952811
15093,0.15010816886186198,-0.4878745786203089
15094,-0.5060721626092622,-0.4281899537182095
15095,0.5998384646063502,-0.44027001117046793
15096,-0.1607907392550776,-0.42187758138599596
15097,-0.7431286795813693,-0.2606726496682276
15098,0.9708090040476932,-0.4603731843498704
15099,-0.4862322361356098,-0.4364569039127202
15100,0.13424416604991662,-0.4198503588398099
15101,-0.5066294444593714,-0.13938215959072012
15102,-0.30165677124645673,-0.3760389417799125
15103,-2.02378724709388,0.5194253304304848
15104,0.6653428892127184,-0.14673934529908061
15105,0.3717369018637265,-0.3284517169196086
15106,-0.5912909822292524,-0.27542270869647134
15107,-1.3041698026414386,-0.033029197198715596
15108,0.10693921348662454,-0.1746721282302284
15109,-0.05645163318385219,-0.34077055223607344
15110,0.1331521076061559,-0.4776210826641153
15111,0.45130721800170487,-0.3938389450217666
15112,-0.6208355869516381,-0.3487208834206394
15113,0.2677830641696401,-0.3915774437434866
15114,0.04003072384750922,-0.4576281962876352
15115,0.5093019360193382,-0.40044342506569836
15116,0.4080641637777954,-0.5019561651176314
15117,-0.724511696814957,-0.510884183571779
15118,0.2668743105968694,-0.5136775013584629
15119,0.5621458969460446,-0.3100228183661212
15120,-0.8531613346752775,-0.3018257536397286
15121,0.2881535229683528,-0.22831738220865938
15122,-0.30616881114555455,-0.3893739914635794
15123,0.5223831294425747,-0.5481933588436753
15124,-0.2900286868413581,-0.5047841139770883
15125,-0.4067653656809964,-0.3851778207300769
15126,-0.12819682869344873,-0.4976973946982065
15127,1.178409955332848,-0.349454097621075
15128,0.6148024829928445,-0.3102091532823109
15129,-0.22629945899582227,-0.43331473311461066
15130,0.18944057719590834,-0.4833787223181091
15131,-0.07121941993764877,-0.4966966586382128
15132,0.13120557709207883,-0.6080397244775132
15133,0.33420599453276817,-0.5943402959055317
15134,0.04806868566950221,-0.5783436445807337
15135,0.14250839972955298,-0.5731963949991838
15136,0.526020831774499,-0.4928048775364743
15137,-0.31651432048877837,-0.5045762982142515
15138,1.6815913053897094,-0.0779812787781706
15139,-0.31579995495298574,-0.04723196382900249
15140,-0.7123112419671467,-0.28302549853837744
15141,-0.8619052540287646,-0.263147391001301
15142,-0.43322114399664174,-0.32767088889253915
15143,0.09082210350345267,-0.3927792531216947
15144,0.10025655610990757,-0.4540843671561543
15145,-0.08593205896520738,-0.5674022582433272
15146,-0.7427851813210722,-0.39344067192939974
15147,0.33787156639252325,-0.5357067564901528
15148,0.7283775393842259,-0.46363239299921577
15149,0.8072271963958682,-0.45321986266696657
15150,0.0038654436340276937,-0.3833295392905554
15151,0.31463392002508733,-0.4371141953605047
15152,0.005754919130688434,-0.4322238913256907
15153,0.026495648086807006,-0.4881493095116709
15154,0.1180626248577659,-0.49067977910506855
15155,-0.5794031419591715,-0.5050912074634912
15156,-0.27034608398127274,-0.494362686414606
15157,0.26634467274618484,-0.582709723920532
15158,0.48245200488817686,-0.5168080758481953
15159,-0.5222282371550269,-0.5369715081959068
15160,0.20046687283367462,-0.6095668471640472
15161,0.4265826045807461,-0.5311099740577035
15162,0.22881949931727716,-0.34652540567371154
15163,0.1991425594450539,-0.45103408434179504
15164,-0.1259591849807362,-0.44773890651128145
15165,0.21110537331853205,-0.5418287649150592
15166,-0.14489414959021377,-0.5542072673481357
15167,-0.05304132158207102,-0.5325897199804299
15168,-0.2926262157606391,-0.4895088112780748
15169,0.4204225165889249,-0.5679822489395879
15170,0.5322527483253908,-0.41454109048241405
15171,1.1907520116739654,0.2879272012476328
15172,1.2326001042164814,0.3828116098773361
15173,0.45947573097661126,0.1268794960117267
15174,0.37820343148272323,0.06284358013626046
15175,-0.6668273018216935,-0.1552095708452957
15176,-0.13538030813557425,-0.32799033376343567
15177,-0.024985790667270993,-0.42183280342136514
15178,-0.12086366804984765,-0.4226905845731076
15179,-0.2135538627554239,-0.41194607907484315
15180,-0.9359704457681348,-0.28890481464202183
15181,0.5146414660587529,-0.41778194523692097
15182,0.195772587169077,-0.5246671292240663
15183,-0.05616600824464396,-0.374421688043762
15184,0.13108504652936961,-0.5349261810555699
15185,0.08997416024777487,-0.5224671943102394
15186,-0.23178312236392454,-0.5008935758867332
15187,-0.018440705935188057,-0.479285983902472
15188,0.41225835731534954,-0.5305442439676503
15189,0.04923595909113671,-0.5486107403570885
15190,-0.0435103611349584,-0.581503716904766
15191,-0.007636485483549295,-0.5152172422807786
15192,1.0240360556060686,-0.2656206080395204
15193,-0.10004849575876082,3.8895273185237467
15194,1.6627259090920017,0.33862038407491757
15195,-0.39608937895194735,0.15218072037518338
15196,-0.19546586736476798,-0.2075278533923149
15197,0.3242779812758363,0.3458497077451276
15198,0.08318542332030689,0.3163266384017679
15199,-2.0847945386518423,0.43126387070313804
15200,-3.4251510317729523,2.175468848168168
15201,-0.4198529878066421,1.1967562149993207
15202,-0.6910182172690095,0.5892178192203351
15203,0.42433384707581395,0.032791900754297304
15204,0.7580818747166124,-0.09055386721410319
15205,0.3468631367087161,-0.3102007316402968
15206,-0.8744550353353469,-0.25844434226367513
15207,0.1631307019543451,-0.3627906300368382
15208,-0.24134049605662927,-0.42476631436554435
15209,0.45449445967768926,-0.5076079143530893
15210,-0.08407472031385477,-0.5221177017202409
15211,-0.23701357836469633,-0.536109521855818
15212,-0.09119398162660619,-0.5286080987384717
15213,-0.702439995060327,-0.3302846224939659
15214,0.5465290075054645,-0.5350500240932143
15215,-0.056890383710580604,-0.4188504432109692
15216,0.9445946855465521,-0.4073599015046165
15217,0.5882482955852331,-0.35711862675565975
15218,-0.01717336597698962,-0.3619255188645836
15219,0.14733384295764376,-0.5330755416100499
15220,0.48893431512583063,-0.4083844070635434
15221,-0.2638509676561761,-0.4890532986394218
15222,0.7034063622273294,-0.3595853485047073
15223,-0.36358888165528574,-0.22936093572532762
15224,-0.05296169051521533,-0.4659146224938151
15225,0.4630906459173334,-0.44031980651859487
15226,0.45526160440496144,-0.47025288377430485
15227,-0.74506278516522,-0.2875010010431591
15228,-0.9531097279831924,0.4746771530235911
15229,0.09183967877945894,-0.18750107983657335
15230,-0.757482431477452,-0.37610218497485415
15231,0.08032662339752332,-0.44845568209247444
15232,0.03174814336156116,-0.5090834976076507
15233,0.7753573742457605,-0.564003691261788
15234,-0.1559898112195716,-0.5565318902700017
15235,-0.20267652627268853,-0.5642058371387436
15236,-0.01107963991973018,-0.5917835553480643
15237,-0.10982942414748124,-0.5826763055601493
15238,-0.2301271131939752,-0.5642371987502133
15239,0.1217001837312001,-0.5177979616702958
15240,0.16424359989647877,-0.5840116322459759
15241,0.2155576098231369,-0.5667348116146081
15242,-0.027498432364487506,-0.5442828824145481
15243,0.12854710594718338,-0.5973559699222523
15244,-0.13062815279305884,-0.5920137664904883
15245,0.25441634444164035,-0.6024398190734906
15246,0.06701094940007621,-0.611702509599537
15247,-0.30721532814436525,-0.5376807316625658
15248,-0.1258155505458342,-0.539715700474386
15249,0.3283431582152248,-0.5603847083197802
15250,0.9265584202772332,-0.5052552191224696
15251,-0.2019753670413128,-0.4358166761424891
15252,0.31765299541368563,-0.5045148739598178
15253,-0.1859107076175867,-0.44149432437804026
15254,0.01925896984619717,-0.5659225053472821
15255,-0.6643101309022552,-0.4110753183248945
15256,-0.21021970322822703,-0.42873670410324194
15257,-0.22106049453274781,-0.46533932318300275
15258,0.15357257530406618,-0.5339758473417602
15259,-0.12580374670920702,-0.5266381811011448
15260,-0.5020888144971307,-0.46207381517655155
15261,-0.009304658334057622,-0.5204634932053926
15262,-0.12767941634890972,-0.5406299433811081
15263,0.15170802374563572,-0.6078031495832997
15264,0.05960178860627035,-0.5896850203401075
15265,0.03537700627466752,-0.5805463960280706
15266,-0.011651779111890942,-0.5684227200089599
15267,0.1650822466273603,-0.5905675582272524
15268,0.006516172863706946,-0.597821111792056
15269,0.060424922984815076,-0.5877890977889983
15270,0.037495082476005366,-0.587176994861028
15271,-0.16647338287897862,-0.5676068365651948
15272,-0.015589974056709404,-0.5863185859201955
15273,0.26070071020134983,-0.6049128867201188
15274,-0.0015933469258377448,-0.5560111297106055
15275,-0.7029482186451028,-0.40295936938932436
15276,-0.055305940561047144,-0.45860626843745544
15277,0.38150922734434733,-0.5396118855158167
15278,-0.40583082494914907,-0.4232565389585458
15279,0.0993396948403162,-0.5213605252556758
15280,-0.002052506884752804,-0.5110434947955819
15281,0.24356653994614677,-0.5321355514781289
15282,0.10512413722082743,-0.5412484612046234
15283,-0.0802181673051268,-0.5373297048542466
15284,-0.18700216320199606,-0.553525458292922
15285,0.010320383052418728,-0.5092878290569595
15286,0.24820828907867476,-0.5768872276601839
15287,0.2665442835627319,-0.5589318757817311
15288,-0.16093573755963603,-0.5396139182331402
15289,-0.04005667555650482,-0.5685178519046966
15290,0.02945140869107395,-0.5685665644187253
15291,0.21250793257859585,-0.6278469006745763
15292,-0.08415671780362324,-0.5791630287911149
15293,-0.13676101382130768,-0.512533370590405
15294,0.31675616237840415,-0.5691285598933078
15295,0.02822722294560596,-0.6168046876696262
15296,0.08793520766972711,-0.5722879464580657
15297,0.07165240953082637,-0.5470498837288915
15298,-0.20844244294084713,-0.5871051308881374
15299,-0.4070851905647989,-0.4257586670596708
15300,0.24515982063599348,-0.5147681833671093
15301,-0.43305226053549606,-0.4822430424992289
15302,-0.7271200680177152,-0.253575358407867
15303,0.012027499392931754,-0.15013492517808655
15304,-0.10176455400654112,-0.1942663701840366
15305,0.13394108208906932,-0.49032328776908873
15306,0.10396342573975852,-0.36760109872385616
15307,-0.1797824129323973,-0.5266061856727939
15308,-0.24387626946818655,-0.552949093545835
15309,-0.39842775959893384,-0.4454628585511698
15310,0.33291281536121553,-0.5588002968320739
15311,0.3357870758693569,-0.5918359177926484
15312,-0.03291430114978714,-0.5728586602752748
15313,-0.47192179805432544,-0.46382139922911236
15314,0.4288756965259915,-0.5346058739004408
15315,-0.17413371824465929,-0.5646286135468137
15316,-0.08845214099844334,-0.5072364681766549
15317,-0.3195279462039098,-0.5128129298317097
15318,-0.06380677319269527,-0.5020329263415995
15319,0.17392482567541476,-0.6266115549242968
15320,0.08180159202864586,-0.6215773388360158
15321,0.2960488632990324,-0.6392290123352088
15322,0.22037646266331262,-0.6048101031257743
15323,-0.05498874397354363,-0.6100258649338242
15324,0.04057615278612372,-0.6391655139959681
15325,0.1224733109529512,-0.6421965605574544
15326,0.08586434905697515,-0.5823988566745438
15327,-0.08268746291700672,-0.6103996232683968
15328,-0.08940698935009218,-0.5733599845119758
15329,-0.11881164180127989,-0.6108611821859192
15330,0.15069620305658915,-0.6439715584648278
15331,0.08631187900341876,-0.629593430575688
15332,0.42569512221210415,-0.5534580043636698
15333,-0.060895353461268294,-0.5468599008676308
15334,-0.22018743428949772,-0.5967202568394748
15335,0.40518943724106865,-0.5649111256987208
15336,-0.10117978173946045,-0.5994409159186386
15337,0.356435328567516,-0.6414287271324658
15338,0.007057579729010764,-0.6005085491858833
15339,0.2681212727492662,-0.5660775042899692
15340,0.2302979268753555,-0.5294077030403054
15341,0.08416361456329251,-0.60358257320546
15342,0.05802810849965038,-0.5682695103281291
15343,-0.11005034233714071,-0.5818750112312259
15344,-0.0025362090719703344,-0.602293576240705
15345,0.1210030049671791,-0.6206123944455159
15346,0.4929059335876618,-0.5785340741901451
15347,-0.211762982124626,-0.548568355578646
15348,0.3576999720526233,-0.5608619163264883
15349,-0.2148255658551678,-0.47054268342496286
15350,-0.07866529000695349,-0.5812707524216139
15351,-0.36129605932411674,-0.5406625622056113
15352,0.08779502350702552,-0.5848505178845024
15353,-0.0759260767576134,-0.5756363764703616
15354,0.2307750860542153,-0.6078513087927443
15355,0.10401934237357685,-0.5968011356801876
15356,0.18733510906042722,-0.6103745273495055
15357,-0.08335755313167,-0.6087187092256355
15358,0.0868458128604681,-0.6139290071815644
15359,-0.18959935439303582,-0.5366658762761616
15360,-0.1229659562708985,-0.5838629172079693
15361,-0.1155784741694233,-0.5797806933823437
15362,-0.04921771546055628,-0.5127014490109881
15363,0.07744737278574211,-0.6090969812568704
15364,0.33988976478894856,-0.5413104984602288
15365,0.4162299791472153,-0.48953655725422607
15366,-0.19817229947700654,-0.5642008334516619
15367,0.31163624082008895,-0.5159291049244167
15368,0.6487446520847312,-0.3584899680906069
15369,-0.20018800347913351,-0.4251617012452399
15370,-0.1872936211114186,-0.47381860246234453
15371,0.15243063621827327,-0.5329010321085919
15372,-0.06845664877730441,-0.592289279459392
15373,-0.5014005379266917,-0.46533979360923894
15374,0.37404709158396504,-0.5378738891416164
15375,0.21341746102190234,-0.5525369946133122
15376,-0.38167757633220806,-0.5234671082522135
15377,0.48206155948508383,-0.5520278972330269
15378,0.093203239257817,-0.5946694884660874
15379,0.05616238394716378,-0.5818847132054675
15380,-0.018458000283320328,-0.579537210657937
15381,0.15643328042515275,-0.5126315555952613
15382,0.21125142236016606,-0.4666357716300569
15383,-0.32148566812575463,-0.4646271129336401
15384,-0.1000189829140825,-0.4543701935268417
15385,0.0029087759574068653,-0.30758765609466726
15386,-0.04864446425038657,-0.5326496953538415
15387,-0.04673036907429449,-0.5958720118257987
15388,0.09137198243419459,-0.48680127797276795
15389,0.2789478809231831,-0.5535818866155338
15390,0.20583624213093,-0.5090705002634015
15391,0.09520850369394956,-0.18816012320927575
15392,-0.19166760896581245,-0.31321280493622194
15393,0.344717284624584,-0.3591645442144716
15394,-0.3126640951103008,-0.433308944350477
15395,-0.21026208244038533,-0.3769198366884292
15396,0.6107368053334149,-0.2799247068198897
15397,0.06026768600528761,-0.3597842723051
15398,-0.18187732339927423,-0.3933639147329838
15399,-0.13774161136519664,-0.40552554752193254
15400,-0.255380388226788,-0.4994702001794704
15401,0.12451629232170021,-0.4975538077734757
15402,-0.1467714426409712,-0.5362104098496426
15403,-0.3138675155076165,-0.49153336290938776
15404,-0.33270081212672703,-0.3655346142860305
15405,0.44651483234708983,-0.5284440135469491
15406,-0.5767703555995479,-0.39245638353830636
15407,0.14411537404655594,-0.5173993482160797
15408,-0.1108532963996585,-0.5934794614420423
15409,-0.17188971467674377,-0.4873248498920172
15410,0.4020949970916308,-0.46573625913517214
15411,0.08391347689934732,-0.5066784585710019
15412,0.18223724330204807,-0.5098985244251409
15413,0.6566963941901124,-0.49138712394183315
15414,-0.12784971501818004,-0.5049412921094221
15415,-0.28823408838266745,-0.46194096344522273
15416,0.1984911277473273,-0.5866247096701658
15417,0.03811927717676426,-0.603950963260337
15418,0.5860476384604227,-0.5164708160152905
15419,-0.27027708438195863,-0.4406849463789889
15420,-0.08372483416755383,-0.544906244775175
15421,-0.052445887845581046,-0.49873825818373696
15422,-0.191921351573959,-0.5246706489694363
15423,0.4624098201668941,-0.45045374906322394
15424,0.36469377891961813,-0.4481380632115149
15425,-0.07556695569812251,-0.40942034734236743
15426,0.39005471276238135,-0.3754928467217552
15427,0.033725004459363946,-0.4368300569538296
15428,0.9366434939476534,-0.12023384312756086
15429,-0.14988873454199073,-0.35225582134023686
15430,-0.7843444914609361,-0.20477354912891266
15431,-0.1148737888495152,-0.4289860165947057
15432,0.36936250928706266,-0.417287824748979
15433,0.2053863995998154,-0.2100163441935411
15434,-1.0172062662530552,-0.3347490309360155
15435,0.23996083617858247,-0.37427462045479587
15436,-0.16048554776055612,-0.3820205161540565
15437,0.1981345077411215,-0.42691795782939845
15438,0.0803490834957494,-0.4537194249750285
15439,0.06763269709105958,-0.47413950597268584
15440,-0.23151438058163187,-0.4440238601470486
15441,1.3175865043570465,-0.25864659498272646
15442,0.4992579286295887,-0.1571447135627785
15443,0.15590164076964827,-0.17498379856958585
15444,-0.2793625969427961,-0.34938438537328514
15445,0.21964041151697705,-0.0978675456398452
15446,-0.5045032044016258,-0.24842853411929455
15447,-0.2899702114128979,-0.23692438674256644
15448,0.3320271134239129,-0.42745434429015916
15449,-0.3677314511810309,-0.3807702806603565
15450,-0.16096708981985197,-0.41192805240455266
15451,0.11846987005112891,-0.4542621111701187
15452,-0.019342072951489472,-0.49274165276231896
15453,-0.40106101681835493,-0.4224414107397695
15454,0.5049026401956831,-0.5077256060830749
15455,-0.6286669602251418,-0.2689795152903265
15456,0.6833243108737144,-0.46473468557476183
15457,-0.050882925201384356,-0.4715197818514798
15458,-0.32470629626906883,-0.4572246594715351
15459,0.5007468370612741,-0.3186565511814269
15460,0.49968490278710714,-0.2535116050974471
15461,-0.2590929467265513,-0.15135641619749232
15462,-0.21638421392249071,-0.29767282254558997
15463,-0.001827934482684851,-0.3970441083138692
15464,0.7562636929174145,-0.3222806030314728
15465,0.5195339640167692,0.11838502363620365
15466,-0.5353323586974063,-0.1628494206921336
15467,0.7316547719625174,-0.32311239612669346
15468,-0.011696584153759404,-0.07061863860993921
15469,-0.040719420607879205,-0.3556881852336018
15470,0.608604384790127,-0.2552251189236026
15471,-0.01628778581975418,-0.0971190858060122
15472,0.5065243655813575,-0.16953764995104378
15473,0.07807760913901687,-0.2824281544701642
15474,-0.2563321261625588,-0.26781535985335053
15475,-0.6983445062292175,-0.05148032193349797
15476,-0.10927418852461494,-0.30911156112661986
15477,0.08907661427258169,-0.40283684454813534
15478,0.4472585283637563,-0.426905065689073
15479,-0.1615780918520365,-0.40100264155333576
15480,-0.0880388427006136,-0.4529299701404627
15481,0.5942771741428639,-0.31563278084594065
15482,-0.09732309349482803,-0.317321451547024
15483,1.4880204273230244,0.03177273048155331
15484,-0.5376754798393705,-0.08138247164868725
15485,-0.34448712911998525,-0.03311915611328878
15486,-0.7132064102505193,0.40715406381007957
15487,0.7655433088253483,-0.037822661299731636
15488,0.4840398951631629,-0.11485247476477256
15489,0.48801759959411395,0.0581823001172762
15490,0.1084672828989201,-0.21006734889232442
15491,0.035173514340559243,-0.20916267898940072
15492,0.5877560397525236,-0.12161129279538607
15493,-0.6097177933173348,-0.2256080839885592
15494,0.05602875011306393,-0.23382404134197748
15495,-0.5029515232515718,-0.2323299749020078
15496,0.6166909401863089,-0.1976555511094998
15497,-0.6308419186725528,-0.17446869496255457
15498,-0.21995128685500245,-0.30835605387234305
15499,-0.1652992105797571,-0.3549118948039246
15500,0.8486582363554315,-0.30445983881668015
15501,-0.9282507070400026,-0.3514532765921236
15502,-0.3066786125020803,-0.3268365793846024
15503,0.20247849539884047,-0.48564159098892146
15504,0.3622203360100648,-0.4873654194725523
15505,-0.1616468445746201,-0.5086124793951514
15506,0.6445875697632,-0.4198867358671694
15507,-0.8040784113691126,-0.3031942703413275
15508,-0.2025554691665407,-0.1320191703312237
15509,-0.3296118994825666,-0.37115834147153576
15510,0.0670786301068886,-0.43795914293378474
15511,0.007041219563778571,-0.4808537919733461
15512,-0.27767515756759836,-0.4513929437719837
15513,-0.38297119670729113,-0.3943200496824327
15514,0.27472220116123935,-0.47027358178519163
15515,0.5191290197337277,-0.3714579452184201
15516,0.2959617693079777,-0.2739746170436179
15517,0.20237041067439845,-0.4462978410525145
15518,0.24465109595576154,-0.468185440269
15519,0.2714637301527714,-0.4284720286359733
15520,-0.3159773622595178,-0.4503687219517534
15521,0.12044555822871514,-0.5355672807240117
15522,-0.36529289316084007,-0.47239349871883396
15523,0.0035838290286317924,-0.4928344846055316
15524,-0.386039930941106,-0.475653477198521
15525,-0.10051396038844378,-0.38414848023754145
15526,0.11267902697674086,-0.5419492524790135
15527,0.24007241637587912,-0.33560666168133846
15528,-0.8697847818154241,-0.14398881767004548
15529,-0.3411903434338497,-0.16735341193048675
15530,0.30015731735196455,-0.32826571138996724
15531,-0.15836187806816585,-0.2508857908635261
15532,-0.6528056428204924,-0.22568791309293196
15533,0.4361381019988583,-0.29486565662377623
15534,-0.3183003662049874,-0.442666981086496
15535,-0.5855981695339418,-0.31705956143698544
15536,0.055763825845732924,-0.24515516842738977
15537,0.3015477220987696,-0.3259377714613176
15538,-0.41962990538731076,-0.22121414990617566
15539,0.30793380881535437,-0.38704571925152537
15540,0.3684133685794387,-0.39691127216887767
15541,0.3739614391251586,-0.3813552769586163
15542,0.43303705683265414,-0.38790460324284454
15543,-0.233316650351817,-0.4920771164139389
15544,0.6880152293025558,-0.2939601324128457
15545,0.03511241852406596,-0.3983327410540982
15546,0.179439176381425,-0.3269422807925626
15547,-0.4691613912823582,-0.45037867044437346
15548,0.15845438507123805,-0.46520262058319495
15549,0.07543471786525428,-0.5049648795745262
15550,0.8200998017049886,-0.43542405091525693
15551,1.8013365566270318,0.13644477520529535
15552,0.1653652520475527,0.14537867419962133
15553,0.7724535678340124,0.10430006433620406
15554,0.36610957539368644,0.2462860761578971
15555,0.19837038217719336,0.12414238460567169
15556,0.6336488541565803,0.09434538545163451
15557,-1.1283963497188922,-0.009370830145155301
15558,0.24842971092390087,-0.14324068992532768
15559,0.21662930794977092,-0.33938152907037206
15560,0.14602281562703803,-0.3994556145607053
15561,0.06805293558323798,-0.34792382759606183
15562,-0.0518133700399153,-0.4050323521530589
15563,-0.17125460013847318,-0.38810097722988113
15564,0.16738862001692026,-0.37700967349687275
15565,-0.25379824363933995,-0.4111289618914516
15566,0.022105900130980696,-0.3687063531310904
15567,0.25121415286551957,-0.4341587659114766
15568,-0.8116247536749313,-0.3165970759197199
15569,0.5871951691070775,-0.19686346016381512
15570,-0.3318040863212079,-0.28868472195789174
15571,0.1780234208169861,-0.4108377309478471
15572,-0.0853431059894295,-0.40799071486444377
15573,-0.22709514904978825,-0.4503822249627567
15574,-0.3568632506710003,-0.35414249219568394
15575,1.014635184823753,-0.19636046421234363
15576,0.22566742648517452,-0.3612832135344599
15577,-0.9419628339156234,-0.15129425317772927
15578,0.15294902717255301,-0.25891739420132454
15579,0.22187421289014275,-0.15367727448455937
15580,0.08779983210776518,-0.1371964528760629
15581,0.3785408574076075,-0.20933939276239522
15582,-0.030248833596764477,-0.25173044629915114
15583,-0.7621810229297933,1.2040582793135033
15584,-0.8102674249300724,0.11063981282606467
15585,-2.687557181038883,1.2919018578003407
15586,0.6954188349421238,0.0750839255316605
15587,-1.0835882504210164,0.19389279751384633
15588,-0.27653495609997064,0.08400399515340826
15589,-1.4312847897978187,0.5455851401504037
15590,0.5394718734381944,0.03816579901545512
15591,0.5123082823013744,-0.08205188414562187
15592,-0.49055736783421994,0.0404187544844454
15593,0.3064281569393602,-0.31349181055822967
15594,0.0866692432051527,-0.3617477384321249
15595,0.510086911904119,-0.3916978027655435
15596,-0.5982078073799063,-0.35292384921789305
15597,0.32152288103761895,-0.36936663958566907
15598,-0.06519300390327962,-0.3925027451736246
15599,0.18117924497430177,-0.4843636492092608
15600,0.45584478532898864,-0.4148489901328482
15601,-0.42266257796920365,-0.40212361849198247
15602,0.2373819455735482,-0.520080751780616
15603,0.2986750142352793,-0.5045371812147966
15604,0.2607618802956011,-0.475570959487687
15605,-0.05529297072376718,-0.4655960565021827
15606,0.019524059252287517,-0.5164547310669657
15607,-0.3970490472418271,-0.48281955789825093
15608,-0.33352491185419303,-0.4680539173219729
15609,0.22711183098981155,-0.5405300893606391
15610,0.9659172280318397,-0.45998160320325565
15611,0.5218593439468092,-0.2956470082769646
15612,-0.9081721934235993,-0.26519354502664416
15613,0.1941496006366892,-0.4556282738207841
15614,-0.4714939738198053,-0.42543600889353866
15615,0.6233837024773876,-0.4669159977869308
15616,-0.2999776576862875,-0.4033125833869075
15617,0.6072509694420929,-0.3749860939298184
15618,0.20216083166903043,-0.4001885712374689
15619,-0.1569353227700105,-0.40422142017312745
15620,-0.2819842634828003,-0.47155624951972963
15621,0.21872182027608386,-0.5322309850624556
15622,0.06832983194830403,-0.4871589575753662
15623,-0.2714917789150868,-0.4590326223017953
15624,-0.9437632791673137,-0.31463150292266984
15625,0.4871351976472961,-0.4497205977096522
15626,-0.906795183947421,-0.24676107007844073
15627,0.6097810024409661,-0.43272995081917875
15628,-0.1906495863784622,-0.3539843971199298
15629,0.4121747644280333,-0.48450531839351263
15630,-0.05489305536287794,-0.4179216626807203
15631,1.1338027893281029,-0.2105210392848867
15632,0.4247887041942958,-0.08310296626802163
15633,0.3684014927235107,-0.32519519607800484
15634,-0.2532355625571738,-0.4088113347464448
15635,0.13090340340392678,-0.5111615908226043
15636,-0.38580803927229,-0.36269401092276493
15637,0.2480847276117052,-0.5363403758554621
15638,0.2729150860121758,-0.4968219414735776
15639,-0.19229000870809948,-0.5374368133540356
15640,0.11324658685995094,-0.5503691990080439
15641,-0.5032757911183076,-0.43434583290611095
15642,0.3074788557094157,-0.4791875688535301
15643,-0.15891027588508103,-0.4407395624450292
15644,0.1516329483590232,-0.3801036715636495
15645,0.3140075863620161,-0.5491402909595715
15646,-0.3604638298869176,-0.39096307553557463
15647,-0.1675455262518743,-0.46574546519659443
15648,0.7164997306522192,-0.48589677014940824
15649,0.3854419466561172,-0.38038417992071466
15650,-0.2536686290211923,-0.33202101157326225
15651,0.3856808972916151,-0.46520033233277946
15652,0.8446429466501809,-0.05768801076396585
15653,-0.08773618058814432,-0.10090814207719367
15654,0.3343224579107889,-0.173576986258152
15655,0.43503485556055993,-0.13244582640628902
15656,-0.3856827102767326,-0.1975900818693153
15657,-0.47492290754369804,-0.32016578528801404
15658,-0.27985398773322184,-0.43514359982526674
15659,-0.3605555872517807,-0.3345942806405195
15660,0.43783831357362535,-0.43066646864973585
15661,-0.18768598598938246,-0.44954442810198697
15662,0.07384789191931651,-0.4808045652646066
15663,0.0008765426628195017,-0.3525256249614504
15664,0.020919439240641352,-0.45890819266821425
15665,-0.014919264293563408,-0.4240729243240925
15666,-0.30663881343631444,-0.42386322898650386
15667,0.3598517897243891,-0.47840743340401337
15668,-0.11684372674783473,-0.437523540196629
15669,-0.3295036329602058,-0.41238497637202043
15670,0.40168627929472545,-0.5005112496618408
15671,0.30563475657971995,-0.49945035275746263
15672,0.6219360236945525,-0.1129170780317389
15673,3.625668350031286,4.424611111661605
15674,0.14315102772414362,0.6357090080410908
15675,1.220555940628208,1.08563914475842
15676,-0.2604578295020423,0.1877358189770309
15677,0.8931537825975477,0.24975875670949116
15678,0.09360263933835507,0.8938947309519094
15679,-0.15238436399824398,0.23109189978933972
15680,-0.2028543002324021,-0.12986037850186638
15681,0.18247061370342127,-0.11602681331321335
15682,-0.47555411922933644,-0.24072741781686124
15683,0.7183783044338695,-0.15197806048393442
15684,-0.6029187679885339,-0.1782101145309865
15685,0.13240027577577515,-0.32724449568546715
15686,-0.27869096491711903,-0.24264414232736609
15687,-0.5500023597042939,-0.22617956914411474
15688,0.10072349330956244,-0.35733039143746864
15689,0.10545880747316061,-0.3649063713858462
15690,0.5835632193307687,-0.31147744814190564
15691,0.31713700274220663,-0.2115078602034811
15692,-1.7227871681688218,0.006070243158041416
15693,0.7562211468764252,-0.31161214184713126
15694,0.2742708133518007,-0.44938634292043517
15695,-0.041380698571953936,-0.4112802771161616
15696,-1.128728741662078,-0.1195436948909541
15697,0.3819922559078297,-0.3591935820486589
15698,0.3780077203943455,-0.4526115770417768
15699,-0.8260962605676343,-0.22090118379557405
15700,-0.5083960935402688,-0.2909162366638396
15701,0.22825754402782955,-0.08571031855001593
15702,0.10076103143783868,-0.35496349606033417
15703,0.4338813431773314,-0.2954380959224322
15704,0.1364461753069504,-0.370393569930195
15705,0.04535683840686367,-0.5557162643025944
15706,-0.3588802329741519,-0.5100645652782517
15707,0.5177435284110163,-0.367952280167454
15708,0.0035163874875700097,-0.48795101423823284
15709,0.20882294218897726,-0.4793055518421947
15710,0.1833815468114001,-0.5979909503168717
15711,0.3857542015793435,-0.44180292110154296
15712,-0.00034173647910692734,-0.5216256768748281
15713,-0.33420920830144735,-0.5113822887552476
15714,0.39443783672932564,-0.5036320438751041
15715,0.1832593516827468,-0.4808205329570927
15716,-0.26626053413569506,-0.4806828777351495
15717,0.08738356628803044,-0.5305955770589013
15718,0.3392019858975465,-0.43037230602500043
15719,-0.3607228697245962,-0.4832929683453624
15720,0.17065381319533277,-0.4225291208832412
15721,-0.30290852129002716,-0.34854142082188316
15722,0.4649758350886225,-0.49702137379895994
15723,0.6914432612855806,-0.3966900952179893
15724,-0.3224880644583743,-0.3625072402660371
15725,-0.170418194109785,-0.48454112554609263
15726,-0.052486179130475166,-0.4992316046876364
15727,0.23130967247483286,-0.5174080198624577
15728,-0.666713026715445,-0.33350077878411993
15729,0.3973280251296145,-0.420233839719404
15730,-0.3611817661997826,-0.4777177776283551
15731,0.36658279169910896,-0.5422598477843924
15732,0.7747632785226607,-0.34402177935580486
15733,0.012295030701080279,-0.3939569008876471
15734,0.616288242217609,-0.20784931867753603
15735,-0.7030389861566425,-0.23754130160751236
15736,0.09489898028920095,-0.37576349688667543
15737,0.05657123272588823,-0.39022882059089714
15738,-0.13644367880248284,-0.4723911536127996
15739,-0.4172763170574872,-0.3991904828037773
15740,-0.1067689148047641,-0.31154872632614594
15741,0.38338740200175103,-0.2819691050840981
15742,0.11933306866064601,-0.4570241024686743
15743,-0.2126928901902028,-0.485554390324923
15744,0.3269289829287358,-0.4251512746671975
15745,0.35167412780050433,-0.3390342017474072
15746,-0.09669003317955296,-0.36516408646848575
15747,-0.5205746598667489,-0.3046920399576232
15748,0.020973633048366542,-0.48900715724692256
15749,0.4083976383381436,-0.45514281182691285
15750,-0.08654045555391199,-0.41640116026722057
15751,0.034583978682887394,-0.49748585528150036
15752,-0.015577446186354277,-0.49366202947403015
15753,0.15523414329055987,-0.44278122538861864
15754,-0.08478164786877314,-0.47201380464145803
15755,-0.4076881204004497,-0.40587393681466877
15756,0.19778964587780026,-0.41018762988640106
15757,-0.10615591925451055,-0.4308200525096697
15758,0.15062274679580986,-0.4354716008839379
15759,0.2116457858481987,-0.3628902022173921
15760,-0.03134490230049928,-0.516575693113641
15761,0.26997834433838575,-0.4786366181916153
15762,0.20365075715149378,-0.32143891401059177
15763,0.035966818688339654,-0.3784083793681017
15764,-0.5054460501412187,-0.43401866023971203
15765,0.08397944596406573,-0.39776336098367576
15766,-0.1046305559018579,-0.375656949577555
15767,1.2584950790685479,0.5677027337034896
15768,0.6892615529753838,-0.12318062934635807
15769,-2.5903848945366548,3.581234487109348
15770,0.20285181525181747,0.2694417437988826
15771,-1.5032885448164772,0.25335638266535887
15772,0.8898683443043758,-0.12006491503053462
15773,0.4906943635036782,-0.10675800843586955
15774,1.6282767008664651,0.010645057917214804
15775,-1.3718708110006919,-0.05957726363691693
15776,-0.17129950303621405,-0.1354350852699467
15777,1.03150076790592,-0.27506909407946656
15778,-0.21898601298583809,-0.23346653828845948
15779,-0.15817379963262782,-0.4024662451167969
15780,-0.2750509807521568,-0.4444505677510368
15781,-0.23668213106298486,-0.43223163776155143
15782,-0.2720083526528295,-0.28807282109094406
15783,0.6684436923187773,-0.45716298387522913
15784,-0.2630075489349936,-0.4345003191425136
15785,0.5811913984348024,-0.4380245744775376
15786,-0.13695265395156442,-0.42216810438493974
15787,0.1563813537131722,-0.45368940716327755
15788,-0.10762872753673974,-0.49497745806496385
15789,0.4879442068105543,-0.5876078580102733
15790,-0.030910037204026405,-0.521650373371825
15791,-0.4198478150396477,-0.38013762485806185
15792,-0.22703227330169465,-0.43696530032984027
15793,0.09658754101542355,-0.5364393815026058
15794,0.11348578007190514,-0.5712053357979285
15795,0.03488050001071962,-0.45772463723872625
15796,0.38689290689100264,-0.508041104532946
15797,0.12545032138139295,-0.5143427783327151
15798,0.06127183995330852,-0.5000420948786437
15799,-0.4300927788471795,-0.4512115787851997
15800,0.046091577564914214,-0.453478266777522
15801,0.08447344901694132,-0.5271302215820596
15802,0.09716989874981653,-0.5345298827825328
15803,0.19135892000172164,-0.4789607057984042
15804,-0.013614363939547368,-0.546379614895435
15805,0.327680277883445,-0.5283794085879845
15806,-0.05470735545812447,-0.5160475155423988
15807,0.38284979344079273,-0.36985326067346747
15808,1.3855458306450923,0.2154936671783311
15809,0.0022312880228457493,-0.017479351601551785
15810,-0.041120312762856624,-0.35374789559365594
15811,0.9472037311466616,-0.27440344623103685
15812,-0.1859175982968553,-0.30524579740725705
15813,0.19690469688692114,-0.40177094726641643
15814,0.03408488963271082,-0.38789357796708834
15815,-0.25496298030343256,-0.002165749922344057
15816,0.9867112656945484,-0.21146197938262878
15817,1.3429335554888007,0.37662257431322954
15818,-0.568617290365201,0.42837389685590965
15819,-0.08628193894866343,-0.138410034246002
15820,-0.1789741511743336,-0.21275094881284295
15821,-0.3282928015950784,-0.2844710506997242
15822,-0.6691804545555992,-0.2332424051202594
15823,0.4189577814403162,-0.43846263096147814
15824,0.07562173296990114,-0.39933120964848995
15825,0.08946311160611024,-0.4283946541977629
15826,-0.33542983833973233,-0.39102608299329916
15827,-0.4431250480777324,-0.4072162132620439
15828,-0.11435745662586666,-0.4256688706774747
15829,0.10727104955339763,-0.26915052344371115
15830,0.18880693883753527,-0.3208426295179939
15831,-0.06141720136923805,-0.4072273755904638
15832,0.5217796999386863,-0.2378755644459109
15833,0.16836021520003544,-0.19114793908354297
15834,-0.054316652835086514,-0.4219510032799278
15835,0.23295420182955603,-0.38819642349003247
15836,0.19193100374765748,-0.2798773581272907
15837,0.2012896305689707,-0.3373710154159036
15838,0.2640779483173245,-0.31275025045445887
15839,-0.5557043455388266,-0.19666082564950457
15840,-0.13456506935160994,-0.37818482938839393
15841,-0.13886505708116947,-0.36293536218344397
15842,-0.011898794107185352,-0.4340077437488628
15843,0.0003147856975152597,-0.3794230409170482
15844,-0.23467295314921202,-0.5065040323488496
15845,-0.22974966230580945,-0.29482079998169053
15846,-0.18725555711331648,-0.2624307353636284
15847,-0.13621397023545787,-0.36107490689867944
15848,0.21229458566299608,-0.15286382823690794
15849,-0.20439310600392335,-0.4519744722383217
15850,0.01761801436508956,-0.5133225024511489
15851,0.23033929730056077,-0.3472798092161478
15852,-0.2630239557028237,-0.39686663043371234
15853,-0.3532263688899498,-0.34312455787796087
15854,0.3675891569017993,-0.3936530027247059
15855,-0.296095527033901,-0.26165573015395494
15856,0.057186510922816416,-0.39455761816933754
15857,0.12552607563237475,-0.5216104990638056
15858,0.07167626945905543,-0.4924569111679896
15859,-0.024934224929502553,-0.450676695535259
15860,0.488507295711302,-0.40591142176057393
15861,-0.4002502267340571,-0.3838861736623338
15862,-0.30473384350518673,-0.3716169308880251
15863,-0.37201695234749754,-0.17313678475095812
15864,0.7478818147257944,-0.25688754993392027
15865,-0.062372000657759254,-0.3488248813564269
15866,0.48355150775647127,-0.2681889318097381
15867,-0.25213384817139584,-0.4342163053155308
15868,-0.03312546622522362,-0.41826406467876476
15869,-0.09004627275914183,-0.3320420122425536
15870,0.6223454337958787,-0.3822682060181671
15871,0.19201072056727,0.1954221183182185
15872,0.47431749947070556,-0.12327425219794977
15873,-1.1925041827305747,-0.1417801667485034
15874,0.9151859898449609,-0.2968354391520819
15875,-0.7995007657684495,-0.18542135939726587
15876,0.012280443991886835,-0.3473992574996113
15877,0.33865566203927655,-0.44409626980614453
15878,0.05416902038965354,-0.445056400621005
15879,0.47350574298631126,-0.4187915991582966
15880,0.3775941260335327,-0.3780536525955009
15881,-0.24114596903041272,-0.4321004631821451
15882,0.4719064813245728,-0.42156361922699964
15883,0.2449198462875419,-0.38515097332032217
15884,1.041463049192606,-0.004613501902989078
15885,0.44705046891490463,0.22703582931336014
15886,-0.38682565664851015,-0.04970572357007558
15887,0.4485289278032193,-0.10598477740474271
15888,0.474127154924766,-0.04694075699524167
15889,0.6265594608969633,0.03644335686534228
15890,0.07574681087500336,-0.2636949298770556
15891,-0.617610754083305,-0.29720701408665384
15892,0.5417495773943315,-0.12941694066990977
15893,0.1589094796761679,-0.17371014526147888
15894,0.344327159239009,-0.0012284214898536788
15895,-0.7115805646652515,0.2993724032128765
15896,-0.46107648985563804,-0.04169084395047212
15897,0.5053360374203066,-0.24592499128037437
15898,0.04377324074063695,-0.08368918354614763
15899,-0.24404329239295294,-0.0947027734684919
15900,-0.2554641078842917,-0.42103992527937156
15901,-0.22220016223112465,-0.49577331327869933
15902,0.10602858825910683,-0.5222714492192625
15903,0.8267692430998704,-0.32015620071960493
15904,0.8033066945919514,0.17658953074984132
15905,-0.49946420096515326,-0.16620690130658428
15906,0.16905645437567277,-0.3124935141003494
15907,-0.3649793393836554,-0.3496589472405149
15908,0.5452618070550701,-0.3382396996322952
15909,0.07675082958683967,-0.38284503008270215
15910,-0.08712440012842171,-0.3934551906635314
15911,-0.010283412714211793,-0.26653163999050405
15912,-0.16980146630192164,-0.2438869243287533
15913,0.5760587660412345,-0.4266366636268256
15914,0.3298554641740777,-0.3279312283886852
15915,0.05293928344935157,-0.2258609428940136
15916,-0.3057981462642932,-0.24505424522741986
15917,-0.3068624833834775,-0.1902943605144889
15918,-0.5122855639110387,-0.27476629743835085
15919,0.6721438257856021,-0.2527391037216738
15920,0.011681861178564994,-0.35262978501077497
15921,-0.0288189317334961,-0.4390744691495836
15922,-0.05238683858196709,-0.4120049368411965
15923,0.13688080091883184,-0.3406830761776136
15924,0.1741799341221184,-0.38469618156122465
15925,0.14907096078007648,-0.22058090777898087
15926,0.1645557737731791,-0.19114569776657703
15927,-0.2315320016510298,-0.375930446579906
15928,-0.27528123851503117,-0.36870579466263875
15929,0.3221891255958683,-0.46787986608094867
15930,-0.22094891606747794,-0.41529492070138785
15931,0.009367683432624695,-0.41274757890231095
15932,0.20094093860043777,-0.37135915328625924
15933,-0.19956733161029594,-0.3993720632946208
15934,0.006436245540492138,-0.41480788741990826
15935,0.23199231043107102,-0.41692661450759083
15936,-0.17781191562158927,-0.4033404159843592
15937,-0.055890396818799405,-0.4552413548227715
15938,0.22528104396287052,-0.4339823565512278
15939,0.004655586853105871,-0.3433618435726296
15940,0.02777832092738482,-0.4490798192641921
15941,0.14279507621198645,-0.5544633946794797
15942,-0.11383662945306301,-0.4706587511439564
15943,0.09470916749775983,-0.4899684303260824
15944,0.4182599912654377,-0.38277745255419765
15945,0.5396509900538023,-0.29309474018297177
15946,0.14975817767379349,-0.1946890467411733
15947,0.1538183370205211,0.07836209620536183
15948,0.12643372552830337,0.03219497765296031
15949,0.16385603013344843,-0.10153585137429227
15950,0.9262049305866907,0.1914220143548306
15951,0.07710809917016707,0.16025212370898867
15952,-0.0302768166006849,0.05625748550532788
15953,-0.24221604997789278,-0.10649941190251838
15954,-0.09850395836715986,-0.23331901403019495
15955,-0.5369636485185105,-0.12979204991016138
15956,0.4249649053351511,-0.33901284976260554
15957,0.37497143672660255,-0.3954890082546689
15958,0.22479202660770387,-0.22346270177156152
15959,-0.28613452724092603,-0.24520169205235004
15960,-0.19369319898048587,-0.35616132885953006
15961,0.5468694582334366,-0.38106777795093894
15962,0.05757229222104871,-0.4091627686785273
15963,-0.15583084261086133,-0.3634385406668653
15964,0.318366883548807,-0.28641320482175653
15965,-0.33454787632281874,-0.25771403811025073
15966,-0.9879352959130953,0.9974467326165913
15967,-0.39265735655118716,0.16592584917718356
15968,0.9630499128156819,-0.1587033540662233
15969,-0.3226019618647402,-0.2527272697984422
15970,-0.27557811955323136,-0.2705997202091265
15971,0.4369768805695039,-0.31113076643203474
15972,-0.3066032179582783,-0.028677815192616862
15973,-0.48968978493767956,-0.03894987367464399
15974,-0.025850306907634124,-0.20709407654395823
15975,-0.3392487918333247,0.10692986922786528
15976,-0.23981840139478847,0.05366666642204393
15977,-0.6528087176114096,0.06504217294112054
15978,-0.6091255795236397,0.025484661152440066
15979,-1.0212689493728337,0.5090640968811264
15980,0.9202891193696534,-0.21888055636199755
15981,0.811447023858477,-0.3430239108732162
15982,0.04943544189783457,-0.42189824971930195
15983,-0.19974444542367947,-0.39187088056006186
15984,0.31734083222808274,-0.5070425886402511
15985,-0.15657492977250634,-0.5242704187974105
15986,0.13456692777876747,-0.5366832000857711
15987,-0.07043738879971423,-0.5128339506233739
15988,-0.0659515933346935,-0.5473036669266408
15989,0.25095304490405423,-0.5501692224458825
15990,0.10309720060330563,-0.5117681436486892
15991,0.6951510574437131,-0.3350178977392093
15992,-0.2022136909304597,-0.4541661640031365
15993,-0.13914767230003172,-0.5512403911579736
15994,0.23167436787766785,-0.5264887265857423
15995,0.3256087778996468,-0.46423899874878494
15996,0.2809440517227132,-0.5358415917832587
