id,Y1,Y2
1,0.42030368271552754,-0.36579813713527704
2,-0.1789608808492482,-0.49641077218162805
3,-0.2441143850714486,-0.30550000204311284
4,-0.3696972029719924,-0.17656862409138419
5,-0.8719810675167384,-0.09925561107875286
6,0.328821592341876,-0.12873425578289066
7,1.115894091915668,-0.059667739733481016
8,-0.05798892337306708,-0.37103396234776725
9,-0.672585103743599,-0.23604461124092677
10,-1.0399755112839255,-0.209080022150739
11,-1.1206102813467316,0.19262322115975675
12,0.18848611512836927,-0.22414259241218573
13,-0.6999543479822172,-0.06671039928199059
14,-0.24102713035706258,-0.18099750956628105
15,-0.13190874168645558,-0.11238323758157123
16,1.3916252494407124,-0.1143720818203206
17,0.8578178756776665,-0.302616486217441
18,1.0418458911117614,-0.09632211976229922
19,-0.4940102786769939,-0.2746351936223034
20,-0.7577241574304391,-0.3113026795139975
21,0.7807513778284914,-0.27034151767817693
22,0.6893571909730166,-0.13991810672389066
23,-0.7841692492265159,-0.3471523900511571
24,0.6823322819434781,-0.4277879063310495
25,1.34991745145993,-0.11860782841667007
26,1.079423051344557,1.0619008370729277
27,-0.6592311993884167,-0.008466598233813558
28,-0.37984362172623803,-0.3755534749866575
29,-2.7556606838223656,0.9499348432837837
30,2.0177655035347573,0.8911079669734587
31,2.766272556899138,0.612911636319807
32,-1.4057236913989597,0.5622328067667691
33,1.3908144350401888,0.27971788586312085
34,1.003979948978285,0.34738051790920693
35,-0.13963365794106633,0.2004664043359634
36,0.8400663314371158,0.19126131416607814
37,-0.5307542062264441,-0.15522141656608182
38,-0.36959184284345065,-0.27156472427795575
39,-0.39051693800458326,-0.19890382924073824
40,1.2156620974576973,-0.31974278162042497
41,-0.7115938617891028,-0.36057982371573355
42,-0.3989954467066671,-0.296486123754141
43,0.9063721852971539,-0.3851850137734457
44,-0.5965628914207743,-0.34458245227698664
45,-2.552144925131441,0.09022590623814428
46,0.18843088238403954,-0.12405189256569975
47,1.2674890138805117,-0.09926407160867948
48,0.7038869433572189,-0.3043475488076884
49,0.49631311371871123,-0.26981730209170157
50,-0.31001935111013795,-0.41095609665086047
51,0.4801865809113789,-0.4297383602807593
52,-1.170227989518648,-0.3644606864796313
53,-0.32010550641918617,-0.508567555515209
54,-1.1244796278484706,-0.134234654550315
55,0.7547452479809182,-0.41995849168468585
56,0.32481268028677557,-0.5349510832726407
57,-0.1604382974946589,-0.5998836006430411
58,-1.1757620948963654,-0.29842587657121245
59,0.8505461771537991,-0.44962568045396123
60,-0.21628126108988036,-0.5380038083745174
61,0.18938518382215527,-0.4921240545389506
62,-0.3233691486914928,-0.5856561956369689
63,-0.7197375784112707,-0.3348950817542632
64,-0.27543751371426334,-0.29426548084259807
65,0.12493941391490564,-0.459488810085158
66,0.4440555696506956,-0.48357010961523467
67,0.5531700905279249,-0.2947447660103148
68,-0.711579782118245,-0.2991272771371093
69,0.35639776314567284,-0.4216557042768558
70,0.04623445613840623,-0.4141352275970254
71,0.14148989784947213,-0.1503366458988913
72,0.6940271273663146,-0.33664405062278063
73,0.07264113585772869,-0.4529993790115608
74,-0.14234006215559222,-0.13609897982634245
75,-0.5691831548306061,-0.37131229049834813
76,0.5318348338918677,-0.35001954290635284
77,-0.7069049894037049,-0.3777151617651098
78,0.39740487112149453,-0.47331864687135855
79,0.7840161436855183,-0.4519565224848454
80,0.23192036507300057,-0.35647085828607145
81,0.3225014309936802,-0.5179792336919781
82,0.7461869267414445,-0.3739930977283426
83,0.39353266606822424,-0.33253649315155986
84,-0.45723891997975413,-0.26101936549877247
85,-0.26443690848853557,-0.43326216431115244
86,0.01992839529421542,-0.5324656148925873
87,-0.19510132670976743,-0.5360891267535395
88,0.1961862083543603,-0.5688404262346282
89,0.4950135739237218,-0.46292995505815104
90,0.035046805514950596,-0.4988126417822007
91,0.41880792007541257,-0.4810972669624868
92,0.5561122204857223,-0.2825453094093061
93,-0.6183756414210624,-0.47335331836894934
94,-0.7082039884566005,-0.3883729421367825
95,0.16201618460844172,-0.3958430378117174
96,0.529391396092664,-0.41782635004264107
97,0.875671651669899,-0.28577031478305237
98,0.06506970512724747,-0.4425020657801355
99,0.11608387007695237,-0.3396410284970933
100,-0.2918661935536916,-0.4031689212755991
101,0.24045244550964914,-0.39479959482541993
102,-0.4048291041312297,-0.44085023067359336
103,1.19469148055866,-0.1181551461687872
104,1.7004891577202026,0.2906030694413088
105,0.03293486766420951,0.21362887848386905
106,0.6419759165687532,0.14240330008691435
107,-0.17990883783698022,0.1895222693265927
108,0.16751804769238973,-0.13254594534400313
109,0.39336441420411855,-0.3252152741704302
110,0.14082166447568706,-0.4537105215453986
111,-0.6466224557211223,-0.24645361073467248
112,0.09244359210131453,-0.3018308506411451
113,-0.9851218075418666,-0.006890221267765207
114,-0.38268094499331873,-0.24555294962573035
115,-0.44265493420926505,0.06627840182881581
116,-0.18071122265442624,-0.28508369065163436
117,-0.6078972382930192,-0.09704738573190833
118,0.07784728461174147,-0.3871625282586504
119,0.8828081420818746,-0.20606822086697316
120,-0.2514047875360986,-0.27759548861736166
121,-1.2398922315609375,-0.12274280853426486
122,0.3039993822949267,-0.2821842623894701
123,0.5499899835597456,-0.370214135621957
124,0.17396897442177664,-0.37249860957586617
125,0.1093481613949227,0.051574142803695704
126,-0.15677938692595336,0.0306660503707116
127,-2.8136005485869395,1.557795869371525
128,0.6622490388460401,0.3135304794611846
129,1.6355795356437834,0.369078770692277
130,1.4485044777097666,0.5126534830209758
131,2.2167247593663513,0.6480505111789564
132,-0.4454528508681087,1.0892916452779182
133,1.0370636188178204,0.5366876466948826
134,-0.0013820290157459717,0.00606024898568525
135,-0.7902846881690213,0.2017612325451228
136,-0.8058618782911304,-0.1851578067739229
137,-0.0956729949662421,-0.288763317564885
138,0.38186793918826867,-0.27502282740114536
139,-0.07783731948093464,-0.39573361591144085
140,-0.26083730291190754,-0.3333876919722584
141,-0.148121251475481,-0.44461725858219214
142,-0.12784604911631448,-0.40297830878780067
143,-1.0524360201303233,-0.192654946772682
144,-0.014243581145205988,-0.3959473520816329
145,0.5105364396037866,-0.4207907975549883
146,-0.20780687268600737,-0.3380495234137658
147,-0.02884226638563383,-0.3986990427842745
148,-0.7342822516522131,-0.42103170282143443
149,0.29559097522507755,-0.4112232192506419
150,0.11396386204472099,-0.39083987122737157
151,0.012956082306994004,-0.4525099153368233
152,-0.5846029998884543,-0.35332702878249306
153,0.3346327223954379,-0.5186034489589686
154,0.9907423435746505,-0.3172901100687863
155,0.43601493592139157,-0.46040451212554295
156,-0.2931195503358706,-0.5450438062962591
157,0.28502485077942447,-0.48438019924924713
158,-0.46061144651287234,-0.5552779229671279
159,0.5016699493450172,-0.4691383675301934
160,0.11207211523719632,-0.45878807605392774
161,0.06150633797588227,-0.47762510498299254
162,-0.39662287508395033,-0.4820849432810658
163,-0.5283523101561034,-0.3798246317587209
164,1.1190771719302266,-0.5035493562032529
165,-0.12133227573012238,-0.38171198025944175
166,-0.45044503630140376,-0.5244531994150099
167,-0.5697843375394736,-0.3770072589320015
168,-0.2924127446852257,-0.42738291384955235
169,-0.07463400450558566,-0.409331802691201
170,-0.3772932161458644,-0.4009784014126818
171,-0.5783442861502099,-0.2822261532055846
172,0.09112874858629738,-0.4061683214037458
173,0.8485443624121625,-0.3414549526512232
174,-0.3488438902078265,-0.41617810054875437
175,-2.2526560630011256,0.1516033019033283
176,0.36939962846158014,-0.2696481256352267
177,-0.35676296155832815,-0.378669501071232
178,0.25419482655515147,-0.39828132426267643
179,0.9103738333799065,-0.3662226145993811
180,-0.2814717027996093,-0.45318850066708494
181,-0.22690168379567538,-0.3217653924956438
182,-0.3110017223274493,-0.5248549115138825
183,0.5787792191543798,-0.45875513969671206
184,-0.10000116889654075,-0.5071109000488174
185,-0.7495031595592289,-0.40849426605808264
186,0.6376929025133121,-0.39474333315506355
187,-1.1989148935333447,-0.3554746552870216
188,-0.7838552469765485,-0.18691674542699557
189,0.01884785014912018,-0.41321943652094373
190,-0.664517985763852,-0.2995584043759886
191,0.19094017600146435,-0.27281637126266844
192,0.5396993333714982,-0.32976387111739025
193,0.5044189364165316,-0.42747827120268483
194,-1.0633644229351442,-0.30550368451458765
195,0.18972210380995988,-0.4758816040725752
196,0.26944898968181435,-0.3953832966691969
197,0.6022921249529093,-0.08776268181371075
198,0.6175597190898363,-0.25606825232354563
199,-0.27406191927055623,-0.35306133356481606
200,1.2313848258089652,-0.10867402585444096
201,0.22705522916934648,-0.3581089287889409
202,-0.21118427363952944,-0.4747128242046183
203,2.3237400832888455,0.2454086906418232
204,-0.8775324483828808,-0.2768027242910968
205,-0.3052872297171771,-0.3933948731340441
206,0.13755926058172016,-0.48537151307108345
207,0.20760332267526252,-0.32794876018916574
208,-0.024841429198253998,-0.3841854312491745
209,-0.4111932876964127,-0.4616163349411394
210,-0.4689228669644212,-0.44476731415136295
211,0.21564862940849755,-0.43850805160602463
212,-0.13233812643841306,-0.502743551159597
213,-0.30863861866162556,-0.5011740130027015
214,-0.5867025373735714,-0.5133317797770764
215,0.314287782402278,-0.2869980974864408
216,-0.8470326844565966,-0.29414012667552614
217,1.4489026710488673,-0.14986365603885954
218,0.6682039328048184,-0.31124469327696136
219,-1.104477494694986,-0.24422641925215965
220,-0.8359487858216109,-0.3032611027638597
221,2.5012550588636846,0.3636567143470408
222,-0.6271285648880689,1.0530124172452304
223,0.19990476545428548,0.3619808806480707
224,1.134070832980882,-0.018887529017952216
225,-0.41002010842905706,-0.26595344019990275
226,0.8476788726992955,-0.16305048947332784
227,1.422158649664283,0.900667543491285
228,0.7407950507584771,0.4231865883140465
229,2.720980853644994,3.9377055411096658
230,-1.738057769928847,3.5355113619697427
231,0.5317403981272273,0.766108367419108
232,-0.04927589891671706,0.012913409771507602
233,-0.3928703200308135,0.09671983902294617
234,-0.14938284729798923,0.015692346475015165
235,0.6071719682439515,0.4852161101902526
236,-2.131739926932738,0.2574176849155637
237,-0.6561246508399345,0.17006399403287806
238,0.1592520977044156,-0.18790943280259134
239,-0.0942210754479648,-0.36973109236101515
240,-0.2850331940589921,-0.3992187003719492
241,1.2178719813330399,-0.30406547321343474
242,-0.68815959389412,-0.38682161840845
243,0.10813875092851026,-0.436326365429199
244,0.02864858937465445,-0.43955769176198006
245,0.1375972670827317,-0.5151011126626523
246,1.3035491908790906,-0.13339882915446397
247,2.849801775602759,2.859112933839651
248,-5.917262808407266,6.76998212366368
249,-2.0094344789997636,2.1564676562930494
250,1.6436201604568075,0.44528696391803974
251,-3.475863211120916,1.1455461385060364
252,-0.3329241888453837,0.3249465391135362
253,0.8844267630518585,-0.2433905197807368
254,0.2852135336702655,-0.24990816577296152
255,-4.613405441183561,2.0486806840549563
256,-1.409505600731581,0.9959848504990998
257,-4.378549031600315,1.9254883797721905
258,0.8091763109814019,0.5703254397704143
259,0.5859453104176608,1.125675303553583
260,0.6983060735088021,0.37323968005608726
261,0.12508247146243764,0.44299717792521737
262,-0.9420686706474393,0.07392363501309854
263,1.2421037628230647,0.5755746018312685
264,0.7402967539436364,0.4256725947461944
265,1.216532116729269,0.1417124389441422
266,0.39845578697360623,-0.3578616333420804
267,0.45424044061286534,-0.2730347007229038
268,0.22149095323122747,-0.22455822736166658
269,0.330939351787215,0.03700370222069221
270,0.1607742235888964,0.21994084630117158
271,-0.10157215547001601,-0.0750261631256078
272,-0.2807002314991425,-0.0769043574421175
273,0.7011180882170673,-0.2147908546728169
274,0.563404922901968,-0.33122444014928204
275,-1.2425180866433685,-0.22023765385374217
276,0.4243024600394727,-0.359044766312025
277,-0.9086420146665185,-0.27615665832918435
278,0.4170135626027084,-0.3528148923350435
279,0.023236721169582114,-0.45092428451380695
280,-0.3634506291294719,-0.4543327625497598
281,1.5812822081196507,-0.14533783386376167
282,-0.388963051496966,-0.5038957127595465
283,-0.025296761104644558,-0.4777293883508939
284,-0.40795572581130707,-0.43886800150629524
285,0.03995975760645786,-0.48385921445741087
286,-0.8065845816905514,-0.402553245172075
287,-0.01869628897761324,-0.4810788118714134
288,-0.13863700107349136,-0.36958053522126527
289,-0.813419238472626,-0.2204308360416064
290,-0.6526641897367751,-0.231504536298038
291,-0.002777011401749117,-0.20010745961898102
292,1.0840547382862185,-0.06555565766652588
293,-1.0212721222334957,-0.23941146171398855
294,0.6781605225176659,-0.29082883252038816
295,0.6253210583304466,-0.23687316636664688
296,-0.4078386239851532,-0.3052590073776665
297,0.36846259671173115,-0.21351549280828944
298,0.07313271291848943,-0.3999166071727259
299,-0.48363146500770876,-0.33776160603404476
300,-0.03702607347688665,-0.38187880223975945
301,0.6426171835971187,-0.4268417740629771
302,-1.2373676354529541,-0.18367626531703504
303,0.24852098499810021,-0.1175111285405717
304,-1.3278108709199306,-0.08377036257199973
305,-0.029127163605102712,0.07043805663256524
306,-0.8681989739889684,-0.17328140232274605
307,0.8554965863586026,-0.026738050775350155
308,-0.9763165066945586,-0.21917670072190948
309,0.42490248313872025,-0.375321465435421
310,-0.4048739008462868,-0.2934501705040106
311,-0.04011186052516715,-0.08468831014795021
312,-1.8236194368140064,0.2312488666321964
313,-1.7705098195964037,0.8475844161088939
314,-1.6239130155219894,1.5220573593239854
315,0.08956065619081402,0.3268323311113322
316,0.6374918384394935,0.11633840703917586
317,1.4964095642411757,0.9336887408247988
318,0.3338376087329586,0.17659008744500132
319,-2.953018600364327,1.287336093435832
320,1.6754664269324002,0.3962363583873334
321,-2.0880422562138437,0.29538438438234466
322,-1.3352469237057594,0.9347592860810385
323,1.4450267835930155,0.5673752721464277
324,0.7729107614728233,0.1360813165585792
325,1.405517400277464,0.2006875674875216
326,-0.026721336530818974,-0.0255059270218727
327,0.4141569162189367,0.08601081381173563
328,0.5745257834079815,-0.2532106250358834
329,-0.9772296999473628,-0.1922679887012599
330,-0.6923260341146208,-0.23580406304846957
331,0.3641673681507516,-0.3688331174911811
332,-0.19296559596233862,-0.34954168298387345
333,1.1892452818029722,-0.20027613592816354
334,-0.8552125272544722,-0.3500712961606791
335,-0.6437032771855117,-0.4245605247900157
336,0.540708688406643,-0.4093076592363507
337,1.8155790988051597,-0.0442753319750493
338,-0.1501661358655464,-0.16065527890785988
339,0.5767810650947364,-0.26648946868751305
340,-1.0498966775044756,-0.19251021510387978
341,0.7793944086289762,-0.3334956891768534
342,-0.5628504066641852,-0.2832844540892076
343,0.19971990945004087,-0.2264910235216029
344,-0.8630272821190128,-0.32912182388403205
345,0.8056376300668076,-0.40024080808395956
346,0.9406149596891776,-0.15063398076151355
347,0.25927290036108697,-0.21816457552113216
348,0.16373140303565425,-0.49747873182988395
349,0.11659543512746658,-0.5356773051878877
350,1.023086809043323,-0.33260734323014074
351,-0.22922028260302463,-0.35792132754935346
352,-0.08344560862477421,-0.4923875994715401
353,0.13996012743769864,-0.4381044956493738
354,0.05981414008940388,-0.5400649176432613
355,-0.8468872421815405,-0.3453349183586678
356,0.6713059422499635,-0.5175685150055689
357,0.32169463336313625,-0.46583239357336553
358,0.9158007551619712,-0.15104192439509412
359,-0.5369656691383521,-0.07178889096485629
360,0.9851894764328256,-0.2889327317075856
361,-0.26181183288779497,-0.42456509223435285
362,-1.2556413348940059,-0.30674971906560117
363,0.48093682585269626,-0.4491428088754429
364,-0.24920770258263808,-0.4501499139266896
365,-0.5747414433912079,-0.40715582959477237
366,-1.2948249480607528,-0.042771112566486455
367,1.9075604529460664,-0.24540508506666187
368,-0.47693394504779346,-0.39712519074855096
369,0.189147579384047,-0.48268150973301205
370,-0.14948064951064366,-0.5048291445193441
371,-0.2963763527510768,-0.5008408633006863
372,0.40293873453335377,-0.508907776095897
373,-0.38886676889588595,-0.4860058605423725
374,0.3077301320212774,-0.5295793461552116
375,-0.5169937364552836,-0.4343327673280679
376,0.38997829790585203,-0.5415351890811504
377,-0.3436369627714635,-0.36864550532849116
378,-0.13873364972652785,-0.5277826783614012
379,0.4298807999231625,-0.42546180030960656
380,1.0601162244132858,-0.38355029870078766
381,0.7340908361069021,-0.3413305840375877
382,0.08844150207125001,-0.3897687079082902
383,0.16931053640655563,-0.3397967241304299
384,0.03600016416882677,-0.46345589446124047
385,-0.7174702615147054,-0.45442620119536664
386,-0.35566026001457923,-0.42466699267820474
387,2.0848121001225617,0.08231750244786512
388,0.3338564780183856,-0.1297407010975261
389,0.36021543929497474,-0.19464393946310996
390,0.8181128207932729,0.07929735662876812
391,0.7407550321899169,0.26332294234570347
392,0.16960855872820413,-0.1311648865665612
393,0.3743084066838755,-0.35021311669132865
394,-0.3713172264480189,-0.2746734865158946
395,-0.05246071197827791,-0.2628010773382138
396,-0.20321495169918685,-0.3580154191822098
397,0.6069459698881162,-0.25990132582747455
398,0.04992363854530315,-0.38520484517652553
399,-2.4873603553433403,0.45825997783074635
400,-2.585841335630943,1.3254244199728455
401,-0.7141945267736651,0.1423262554350499
402,-0.9350108404242032,0.7500108800938166
403,-1.0235290085021713,0.5403905268484888
404,-2.0274026717346088,0.6195114384028301
405,0.40917876755426463,0.1591719575361814
406,2.5978382602157604,0.26954194151474903
407,-0.5991516663933579,-0.03888943305903841
408,0.008667685366579254,-0.08197825430652628
409,1.5237216605970605,1.771479984172514
410,0.5703150427234394,-0.053897953761501256
411,0.10886131231148874,0.3037983995031888
412,-1.2093865163711155,0.05268691488227396
413,-0.8350794632359144,0.1809623900394449
414,3.713803710144923,0.8735734267142028
415,-0.8981772481247442,0.31400303944158403
416,-0.3432892732365753,0.1091937499706316
417,-0.821891936277938,0.04069560844177125
418,1.355808196309743,0.5485569246449503
419,3.373319852336557,1.6374656601805977
420,-0.9984201773941823,1.056741858787452
421,-1.6674386452876293,1.099844719283905
422,-0.11019852402956863,0.1352060298766543
423,1.437716119236067,0.5456557755678221
424,-1.7168470311118025,0.10243547116122156
425,0.20381162899659647,-0.1682324491438934
426,1.0691690007132835,-0.07099434461244554
427,-0.9895161895054112,-0.1031974275638442
428,1.1621035134396789,-0.203776000173557
429,1.8290891017091209,0.5558105282271496
430,1.2821465063208077,0.41930888777872877
431,-1.40188919716376,-0.015130587360196018
432,-0.12697451510497682,-0.24873135470653068
433,-0.33436269804231017,-0.2619100962786347
434,-0.1343409069597749,-0.4128015199949672
435,0.9949959032827581,-0.3390933368495612
436,-0.38628719180716287,-0.43205674128473925
437,0.08750893960581412,-0.35261816095078696
438,-0.441450231165142,-0.36293566627689156
439,-0.34778562573451605,-0.3701543359976934
440,-0.1780359821895622,-0.44689417452835045
441,1.0411262795053353,-0.2901331510193613
442,0.17482737752350472,-0.45423398797356745
443,0.33207283735659054,-0.43191724143798316
444,-0.2255527330155197,-0.4635713623027349
445,0.7517609244376913,-0.3976907362807766
446,-0.7390405984141389,-0.4450070461371387
447,-0.014039184540678174,-0.4428034206719018
448,0.11373310445798201,-0.47726220433263905
449,-0.2977941045000038,-0.5442405696269342
450,-0.14563619940457406,-0.5512351261175459
451,-0.8506516816379655,-0.37236621300436246
452,-0.38318856009684044,-0.32438885986877863
453,0.15769539732538276,-0.47690714397067835
454,0.39371840753217197,-0.5351225441691181
455,-0.5479295098273192,-0.4547055115216688
456,0.002052012253390731,-0.5255749824833014
457,-0.71995749641183,-0.36536549579629635
458,1.1631924738142017,-0.4380968045596431
459,0.316638127659594,-0.415268007575461
460,0.5545268727376614,-0.4689684306923098
461,-0.37344657132321085,-0.5529349604412525
462,-0.36251980834933367,-0.5619607381393792
463,-0.41284857218968807,-0.4605759900592977
464,-0.33470485724382093,-0.5445367820862222
465,0.858425672973379,-0.5039431379942236
466,-0.45632334664737007,-0.563650776551302
467,-0.4138960571666211,-0.5126159108571973
468,-0.3566905835373116,-0.5301908904460304
469,0.0441716065240606,-0.5615304398509865
470,-0.2262107773614315,-0.5421369904159977
471,0.584202757151253,-0.4115238793425572
472,0.1145406029426714,-0.5964505311708701
473,-0.47542922686062244,-0.5297099358840534
474,-0.29190078040615003,-0.4464433283487055
475,0.24652094617366505,-0.5364453030741589
476,0.4563740056729461,-0.5655706336389944
477,-0.4705309590327444,-0.5769378599526042
478,-0.20860381186756222,-0.5852124829979842
479,0.10434469805543727,-0.5601368166709093
480,-0.164063391427349,-0.5951720530514968
481,-0.8805566081733591,-0.3618810431692829
482,0.35607615163946,-0.464813339279381
483,-0.24092524530862394,-0.47687397323912395
484,0.6741622118664065,-0.48854663916589913
485,-0.03549807664639941,-0.529898774301984
486,0.17460403714322936,-0.5210271804672881
487,-0.1487589356811609,-0.5612905660162477
488,-0.30635792666443107,-0.5046983269614169
489,0.5160485008346334,-0.5345505231631077
490,-0.09853534638138903,-0.5621665673641089
491,0.7728488573117184,-0.4905708031731359
492,-0.09707745800159345,-0.4956815943343534
493,0.18154644524464741,-0.5311328130180525
494,0.20362355904330262,-0.5515693674705135
495,0.13058375797191807,-0.5347961241950836
496,-0.3514971414536602,-0.5454605390421883
497,-0.5277415708089359,-0.491602281348605
498,0.05328362750341089,-0.5515663848765824
499,-0.43308299755617,-0.34798217117869856
500,0.39665043130136746,-0.41273821107252934
501,-0.2584263183911864,-0.48490471969481513
502,0.013076899592888706,-0.5229972864280434
503,-0.07459822508552881,-0.5040583962032784
504,-0.17026418725503503,-0.46130043350311317
505,-1.065705147753456,-0.18533623765226145
506,0.27899736674835185,-0.29417965348302205
507,-0.8042418680476138,-0.3862233661218193
508,-0.8598282770224825,0.05336396097597957
509,-0.6581587521808163,-0.2878392646600008
510,0.08886882389843964,-0.27116985767778423
511,0.31553168192697806,-0.23031552035584946
512,0.334245177594741,-0.3244582758871748
513,0.08500042044787783,-0.38251252224312604
514,-0.1521579189059303,-0.4987106394706459
515,-0.7786759191411424,-0.3798382999253966
516,-0.20240436796785247,-0.4772004684148502
517,-0.9458831543775792,-0.24012138755024665
518,0.8275188314399644,-0.40369162871572356
519,0.3871979050638321,-0.46270529129902865
520,-0.13713884646109137,-0.5218207959429951
521,0.39425947316740995,-0.4857504923471257
522,-0.18411958735842238,-0.5607278567161841
523,0.06055017944577105,-0.5837562526561006
524,0.641626625414913,-0.5087497319453927
525,0.07533382999259922,-0.5394786038174745
526,-0.34944038181369486,-0.5853687567921976
527,0.8157337515386567,-0.5533918933015052
528,-0.33341740794360025,-0.5188238266379669
529,0.12099933612530123,-0.5749147168909694
530,0.16444148542766227,-0.5735066054870691
531,-0.045932864841343096,-0.5425953549303063
532,-0.18625516706850664,-0.5410858770827772
533,-0.3147645771965465,-0.5313407757864327
534,-0.34863091268525914,-0.5520708083147511
535,0.4211210756963199,-0.5488055576696741
536,0.2960816267282551,-0.599997433873042
537,-0.013025413803171342,-0.43308713523913206
538,0.04514052878759038,-0.5197162182717192
539,0.2017110317769706,-0.5040636650899344
540,0.2315977789527079,-0.5674171589663272
541,-0.576220591308672,-0.5450988254826362
542,-0.4084995579942426,-0.5610342997245822
543,0.48455326400542903,-0.5358782660786537
544,-0.19062027548870333,-0.6075063979189664
545,0.3205196502322286,-0.52104539427072
546,0.23684419008920804,-0.5365207681829968
547,0.15537447255755066,-0.5032156752717452
548,-0.09869103843369595,-0.550475913630252
549,0.3725248744045101,-0.5738130738765898
550,0.5051170768922763,-0.4897040701387314
551,-0.43661772767553886,-0.48048973698063957
552,0.3862501128506697,-0.5686139518466935
553,0.1291870129919919,-0.5139962323986033
554,-0.135955419617045,-0.5529744096951433
555,0.02442931321172548,-0.5347449076963445
556,0.3691352149642068,-0.5401854750147593
557,-0.738606077449485,-0.4445490138171918
558,-0.22773098446540285,-0.5366390275883497
559,-0.27361277243765875,-0.4845468735613633
560,-0.1429562735488922,-0.46590693458392674
561,-0.09029988132754867,-0.5769191063843337
562,-0.32774403048021267,-0.5561515845201638
563,0.15993503199658823,-0.46624532428599247
564,-0.3328231691186385,-0.5090439128345466
565,0.04901056454334765,-0.4850267026832766
566,0.3741720684729846,-0.5063132431455183
567,-0.33973978038577857,-0.480999440860957
568,0.24551345697413424,-0.48167207725470523
569,0.055341364878089314,-0.5664094378478237
570,0.2626479280994014,-0.5323271373105789
571,-0.2445338040551395,-0.4989567874464037
572,0.39784764555060154,-0.5584064380798135
573,-0.27754626897304924,-0.5344002059867875
574,0.3595173616843987,-0.5820459614899536
575,-0.2803079555589765,-0.5842219463999694
576,0.0219642121816615,-0.5843443929993332
577,-0.6870162748602057,-0.4677792295238658
578,-0.5213870860638103,-0.44289722277878874
579,0.08154770412982082,-0.46526795864506526
580,-0.4789356828341663,-0.4708181765320843
581,-0.10273881970312328,-0.43416218405922424
582,-0.12190935912877861,-0.4062705777732741
583,-0.622991267113775,-0.347819652288186
584,-0.29059707667184287,-0.2950768588082193
585,0.8680766981202068,-0.3906828778318549
586,0.2641089870611886,-0.5859329663031098
587,-0.3610959576161042,-0.5769184921323416
588,0.7310858318213362,-0.4963868847647821
589,-0.14010947170926383,-0.5231375805724853
590,-0.16815572180617502,-0.6046936592945653
591,-0.47412970991576114,-0.5355075798784169
592,-0.3608905079996527,-0.44956502492604783
593,-0.10419138735703418,-0.533704422531883
594,0.4648031447879213,-0.5554965592677472
595,-0.655743778571305,-0.39242819541971846
596,0.24689194633344824,-0.4634421757467894
597,0.13119761728280044,-0.45030598889918805
598,0.2157526734722148,-0.5610097561843209
599,-0.14297104339697156,-0.5163754430655741
600,-0.10219777333732312,-0.5071965427742688
601,-0.7187031150646888,-0.3451479404644936
602,-0.5113894093759183,-0.42579156803039664
603,0.027240831193478504,-0.3483249385235433
604,-1.3481645884257578,0.19234871341253507
605,-0.6938338393637011,-0.03874063434213009
606,-0.8423630787470017,0.19269981472439324
607,1.8488286362412925,0.15888416945972478
608,-1.1621282024647104,-0.14397127335877485
609,1.0494172810081122,-0.192530548425776
610,0.6900773239810807,-0.3344619645585114
611,-0.6836950680899179,-0.14623974313880053
612,-0.67967556301603,-0.3525605464601124
613,0.897315941554877,-0.3593053278696453
614,-0.40475394659154257,-0.39921739725894306
615,-0.6024747959682142,-0.3248572142206285
616,0.2101823228504457,-0.33512331818845587
617,-0.9365412543439111,-0.3102628316347277
618,-0.6665452283574024,0.12159214618012652
619,-0.9521798428157979,0.07462020760537946
620,-0.5511486227812308,0.14977498023379598
621,-2.3214798981935316,1.2191335922583333
622,-1.1161446603816407,1.1526809625143457
623,-1.4905063449380334,0.9931548186624525
624,-3.7280950797099415,2.829631592229625
625,-1.2128721670627811,1.4856456595990537
626,-0.3130711589878255,1.9747768047231875
627,0.4410546108738932,0.7729980342538622
628,0.3707901798461757,0.8571385799584159
629,-0.0012080893954149654,0.2107040672941688
630,0.6010422003837905,0.12394438313825422
631,-0.6436370695253122,0.14070517694846355
632,-0.29693575303612935,-0.19998409695090233
633,-0.6009011616829638,2.8172562079935433
634,-2.297028100804731,0.49140217366958594
635,2.0586990556504134,0.6168636206664992
636,-0.166838486209599,0.21748902146532084
637,-0.17604194245864513,-0.0007458144711615098
638,-0.7418854415555611,-0.31734986103999846
639,1.1979407823353938,2.24939955282323
640,-0.4851420720272268,0.5533841262128119
641,-3.2573728770349573,0.42113668046542246
642,-0.3045019979540749,0.9771465795275128
643,-1.189658476700723,1.5314491971109747
644,-1.8843573102377649,1.5212611168413515
645,4.304203225355681,1.1030326003984139
646,0.14104664873601402,0.6507402775031786
647,-2.9293054440446578,1.1232231528905476
648,2.7376029688248265,0.6551892273590145
649,-1.7583924741444912,0.5495311443135973
650,1.0425993476801032,0.0886863634901358
651,2.6721235958713088,0.7146626654683886
652,1.3120750417923712,1.3143124127945005
653,-1.6902031771893717,0.42596363564972384
654,1.662688129857635,0.17810951729023763
655,-0.6170374561630556,-0.15002924786794564
656,-1.9448296180653826,0.2980430450220331
657,-0.8364050653614393,-0.008746222883624076
658,-0.14342399872291509,-0.19426873199269112
659,-1.955427478629017,0.20342617369927327
660,0.5036020785128066,0.19568448555297965
661,-6.959356676608636,3.3911264438749398
662,2.05033645077973,1.1329055379323627
663,-0.5721166863233763,0.5535310127246192
664,1.0313668662069722,0.6147382647891997
665,-2.6664458256238137,0.7813690161584871
666,0.8780464702682012,0.4698464812864106
667,0.3813565179181052,0.6508252356570757
668,0.04072778409950458,0.7330001643456792
669,-1.3941822197296043,0.39915905325694495
670,-0.3504946619612403,0.38218064057979717
671,-0.44290895284464743,0.24203383689773228
672,-6.392310954181411,5.417105256868715
673,-3.7682983498140046,5.155895789111575
674,-2.269756486858587,8.337990135939231
675,2.3202591158119263,4.08362366496837
676,-0.051352981016729,1.424459925655638
677,1.128301877942101,1.0126103334243248
678,-1.7967193580585208,0.9186782790064438
679,1.5708216120459009,1.843140377640748
680,4.502906065119449,2.5224562110836217
681,2.04953871369511,1.8437744741089224
682,-1.8390746759152607,1.2308335941615742
683,-0.8800460058860561,0.32640784059630074
684,0.7723345070463555,0.4816524451236027
685,1.763072153859612,0.5027462264343082
686,-1.8340123019648944,0.71445851646478
687,3.2590221176194074,0.7213378078982093
688,0.8045452473045217,0.9806052316808579
689,0.24524112267307996,0.6746407674682395
690,-2.0519970461997232,0.5004669289761232
691,0.679651545543679,0.08981077801407103
692,-0.4371149981385511,0.13701435981589563
693,-2.253871639258493,0.5707886420618867
694,0.4918901962853292,-0.11175339524766446
695,0.1972010015762629,0.10807328295645885
696,4.0815917231288585,1.1714863634643815
697,-2.252271271478355,1.1789349623150893
698,2.123286623356753,1.045460773466658
699,-0.6192066954035913,0.4076696269064703
700,-1.3565537507467489,0.5282899812831363
701,-2.940805128953301,2.4730976836392817
702,8.021015473937036,7.119259015820642
703,5.536123835658663,7.080072134627075
704,-6.036409780843181,9.720097133278838
705,1.0143944488081085,5.802147458717
706,1.6718807274338914,2.7467269311261338
707,-3.5475494597781805,3.135386907884203
708,-0.57104586409693,3.147717639662066
709,3.7942871690610622,1.289134407176523
710,-1.8109424215517729,0.36048557345553883
711,-0.8116472610103659,0.11914840403284419
712,-0.17644412949799906,0.49408376672006393
713,-1.3657412172048018,0.45274211722618646
714,-2.1859740653913864,0.5245244644861073
715,3.9868907857161147,1.677877805189291
716,1.4330832064828012,0.32996475866167274
717,1.7585526949374664,0.47425819508898714
718,0.09039444915706787,0.8224060502250692
719,-1.186192875474579,0.20623553841742026
720,-0.6371814868324858,0.32077046072304477
721,1.1734203587227006,-0.06960273934596663
722,-1.956014411739343,0.16826203965903533
723,-0.5162999186873584,0.06047425107734273
724,-0.1267088648416109,-0.0926537254423759
725,0.09309013054196036,-0.07295175847128434
726,-0.20468670559209085,-0.14698285426588922
727,0.7840495977734949,-0.306704004500431
728,1.8864876913033997,-0.06307027377160523
729,1.8829354749453,-0.1480996606376405
730,-0.9805536487889084,-0.12128516062132291
731,0.07322230685588717,-0.21354312238189843
732,-0.9117597008284979,-0.1629061314188221
733,0.026446372662688993,-0.46542971290620566
734,1.064309724951854,-0.14559562027900816
735,1.209406340773448,-0.06917412912820911
736,0.8485667536619583,-0.2341974860326584
737,0.012575962398221906,-0.2902371098691126
738,-0.38881437702227556,-0.1941528395865882
739,-0.8232503619941178,-0.1508842823122828
740,-0.44725023907639216,-0.2564385931483606
741,-1.4732018163449896,-0.07469305236765358
742,-0.09988487396670145,-0.274146108941179
743,1.366126485760782,0.020459936661596272
744,-0.7743387539751924,-0.28246786187957623
745,-0.2115662977826359,-0.28213674446993525
746,-1.3368771936805133,-0.21555740906454707
747,1.044255107620536,-0.1527349874184183
748,2.1991560624493576,0.18876068209112867
749,2.840909664630903,0.6471799871914271
750,0.5353523010217441,0.2050049850199677
751,1.0453981905534915,0.14744954673378494
752,-0.5618020175751678,-0.05599669129945741
753,-0.8097671507492827,-0.13910734431292923
754,-0.5827141535329351,-0.117901650895505
755,0.05546333740932376,-0.4087108608994912
756,0.4448386584143054,-0.13846406726944846
757,-1.438745309938581,-0.18612816395438625
758,0.22241505508241707,-0.3530241619738861
759,0.6403405381312287,-0.39782878420276496
760,0.8955093720532405,-0.35167689818822506
761,-0.23852243992360203,-0.2765381663241935
762,0.2691735376969329,-0.3047265958205255
763,-1.9631731055815718,-0.012985459414264237
764,-1.0905302015760197,-0.05968789680616784
765,0.4344834345143253,-0.39405991688910785
766,0.39290059028812907,-0.34619418766356574
767,-1.7785586947240772,0.1599328468101449
768,-0.21712151588647866,-0.30880892029403956
769,0.25667142020352934,-0.2886124611284562
770,-0.6752731630558672,-0.3743102032451375
771,-0.00955584510951055,-0.3318413267332113
772,0.5838247502599108,-0.27007201854878315
773,-0.24075108942684592,-0.22360700044876378
774,0.33529641381304925,-0.3107676487306774
775,-1.7878762158224353,-0.061002219718855416
776,-0.3772544779844004,-0.16199099129283884
777,1.197458067293406,-0.06667267181723886
778,-0.05532006521670457,-0.3979082955773645
779,0.061197414865757395,-0.24545134363840537
780,-0.8787368009930898,-0.2162624829008501
781,1.2942283356488036,-0.13176881974172325
782,-0.9728660821880547,-0.16966209202103258
783,0.14045905784774254,-0.3926254758084129
784,0.37734662201992264,-0.4888944359196775
785,0.5005760068692361,-0.2765381514223744
786,-0.3945473947527637,-0.44060022409679245
787,0.7492650495225184,-0.15941660696376542
788,1.3240101108695455,-0.18499717704690527
789,1.3983341604937103,0.30805898682846544
790,1.5972117604418636,0.43880749212288517
791,-0.27745713526485927,0.3876315683753789
792,-0.7621149983459431,0.11404002681120802
793,-1.0673850742796873,0.057107063013112476
794,0.5295625845141101,-0.12996146598666192
795,0.700890358393023,0.5173855460036851
796,0.8147316160037643,0.188254656087957
797,-1.438485619061462,0.9064751028288186
798,0.3686642069430589,0.2911946765775584
799,0.5591277164194447,0.3579755880196792
800,-1.9899804201442222,0.4106279203180151
801,-1.7432232505537435,0.4696451177402632
802,-2.2222747610654268,0.7789847084592664
803,-0.2569049170780267,0.3510285345052068
804,-0.11939217216022095,0.2622716726012784
805,1.0838940738735263,0.05555105662424308
806,-0.532734926359145,-0.2794480478923233
807,-1.2444595314439755,0.09604840298769836
808,-0.24966999273839574,0.552909056944205
809,-3.5440045313541653,0.8440502409835171
810,-0.7047462492159103,0.49304912568576814
811,-1.664182502483927,1.1007336119682698
812,-1.9782122214871773,1.002208377958364
813,3.065527673693382,1.7123562581543443
814,0.5351655753523662,0.5151579299471414
815,-0.8822985336608525,0.07546563387228294
816,1.1128073363674231,0.04599894468465305
817,-0.2564042711686886,0.46195989118102204
818,-0.5190899365897763,-0.03471064604337533
819,-1.9893912787384824,0.313771427540724
820,0.507635461090933,0.07577830477134764
821,-2.44736922899877,0.663197471815521
822,0.7572701687938109,0.6593976384649402
823,0.31745951942481637,-0.1603754582608663
824,-0.5639548939564921,-0.31989999433032074
825,2.716724958771611,0.044221558930033766
826,-0.3563770151286874,-0.25647779145296007
827,-0.6727202882500224,-0.21705932521052473
828,-0.7845886751324027,-0.11212526900510769
829,1.3464721259862025,-0.1989646091500243
830,0.21030938487230683,-0.5148549047606613
831,-1.4076908492943814,-0.15679786518783004
832,-0.3370705903560171,-0.15195840276955655
833,-0.7821540470280853,0.024024857658572246
834,0.9346588666609886,-0.21897516627623054
835,-1.121974449208057,-0.22866131338059947
836,-0.3960786008629883,-0.042898431150148277
837,0.08824198265121694,-0.3855895587283327
838,0.17091068105150878,-0.28363109446951595
839,0.8786859529140091,0.46216422910955746
840,0.031111324991885746,0.0436101235146783
841,-0.6039100977352193,0.0382485360747313
842,-0.66004190278537,-0.12121233434202185
843,-5.369918606514342,1.9699860369671558
844,-3.041137590838653,2.8314306098909814
845,4.462094938485146,2.1721182550740057
846,2.701150107291216,0.812682270940616
847,0.9105910846934128,0.6231574380974747
848,-1.5080507642425236,0.2638397724548548
849,-0.8906481950185022,0.0342881349154312
850,-0.1163349790669784,0.012331941953273378
851,0.13178204098300908,-0.10383617270959698
852,-1.4304615002025804,0.004794536271619213
853,-0.44204809035922543,0.10327618302917436
854,-0.21270299731175185,0.06394084240384537
855,2.6605736227708223,1.1654700935121913
856,-0.4509594742619029,0.11823770918207321
857,3.3464276246211924,0.9813845661018474
858,-0.6884187473925004,0.346590452655058
859,0.3581998930820049,-0.004652693835116558
860,0.9733080846086675,-0.11579122589368775
861,-0.35091257983303603,-0.05736074658685923
862,0.41186024713137487,-0.3189203931067281
863,2.7046861934862907,0.3570475029944518
864,-1.7293707700898764,-0.008125581519624437
865,0.8362774367768386,-0.316572025471351
866,-1.1159187496792644,-0.14050126166391283
867,3.2545219659727316,1.7900422452899476
868,0.16363006018399925,0.13654335966347234
869,0.7699343577374003,0.21286495894102972
870,-0.8376677595569189,-0.19526446745479384
871,-1.0293190251723239,0.04705131829642212
872,0.25722436976167345,-0.27932179174402116
873,-0.3314447968461128,-0.12745319799881522
874,0.4962222243837086,-0.25127721625163724
875,0.15867147783431115,-0.3974500444520645
876,-0.6637626994395783,-0.333909592012549
877,0.40099356780108836,-0.3279775605488101
878,0.06067793729721108,-0.3856738277501589
879,0.2596161661665275,-0.2455434028918186
880,-0.842557004472887,-0.32264438148106533
881,-0.4598976273530092,-0.24667335843734464
882,0.7894558174945534,0.16334053499229786
883,-3.0510268053300478,2.9432122797310374
884,-0.21557817624784353,0.1807764744577945
885,-3.1673203856859242,0.9636233436711192
886,0.8643408411830975,0.9523370286515198
887,1.1127852432986367,0.10579743007335712
888,-1.1219236672383812,0.12081519018509068
889,0.9846313140625145,0.08712826126413921
890,1.40931343276404,0.5453814798945301
891,0.5027108210200859,0.42935878325691146
892,-0.6619036617851658,-0.13784612795078663
893,2.4457417121155447,2.205669394454009
894,0.8663909923724032,0.5730765731949907
895,-1.2612581582235396,0.9694456918295281
896,1.2946307398947976,0.5363744706096975
897,-0.4304539025157258,0.46887903045223256
898,-2.209152695588873,0.8075168114578987
899,1.9490866603790067,0.29845462038922943
900,0.13452026960162802,-0.008952140634233843
901,-1.1813632569949615,0.012568836310240793
902,0.590648181062198,-0.16736954886844194
903,2.0314175432481862,0.036747438964592684
904,-0.7047119815311381,-0.2231768521065361
905,1.1517300872416036,0.02369782568531474
906,1.567152795150421,0.502814816681644
907,0.40449130615966117,0.8368921895593701
908,7.916028733213874,10.217155635835248
909,1.6994097866949256,6.916759303782498
910,5.4257527033081985,5.377059874797234
911,0.09275208676827927,3.5676085381829794
912,0.49186666236601634,2.787119066502583
913,-1.8428480531132738,1.801251953008908
914,-1.0777934629987587,1.391973001826786
915,1.7102411486368052,1.1657976385234738
916,0.4158856677526644,0.5321551393314277
917,-0.4820405662633853,0.11466921789029683
918,0.027907262948474995,0.1896135735514489
919,0.017233195696806793,0.032435892555635594
920,-0.33361268608733646,-0.09052212471755681
921,1.6093212504905907,0.31290567932450575
922,1.3651928132416795,0.7155642664762877
923,0.8718375628456861,0.6677737297510071
924,-0.7129149913817605,0.3695703266443533
925,-1.2038712618443508,0.547726476006599
926,1.1948852570523563,0.08224806638203849
927,-0.3973353397266291,-0.039700883726642204
928,0.3856368809748889,-0.20191727058792877
929,-1.323081162454661,0.09885121949363097
930,0.06536095550494513,-0.27252075747174936
931,-0.6410152937931475,-0.05671767175140878
932,-0.2550503104945234,-0.038003739992617545
933,-0.09322975916030542,-0.22434143524455036
934,-0.5010650109881275,-0.154472229010511
935,-0.8775775806713849,0.1964139599438294
936,-0.5380896696990483,-0.06449135407360007
937,-1.6168120384210865,0.4350102174141988
938,1.3486791577693833,0.06829443192014384
939,0.04638553281224354,0.0034278539420148717
940,-0.6805333949033835,-0.2618435883192598
941,-0.18535558854301715,-0.104354246913775
942,-0.0035878001492798367,-0.2701286161103438
943,0.9015636288377962,-0.1686670186451763
944,-0.19706776115248356,-0.22431253945599608
945,-0.49417621212494045,-0.4157289254913901
946,-0.5907725547951629,-0.06937904985162578
947,-2.623863862986812,0.5164954343986624
948,-0.6297781287838338,0.40416034020268043
949,0.6857645824038536,-0.11490166728673118
950,0.3607602744317754,-0.36247474781628075
951,-0.3162776617974513,-0.19688019858259453
952,-0.43624634107229593,-0.3412634713411588
953,0.8725847613054163,-0.23298940998852058
954,0.7990624556609258,-0.19663789496180487
955,0.5326488663336941,-0.20986451326605546
956,0.6744912331090313,-0.2427434556806382
957,0.014389903395377657,-0.22280107740513064
958,-0.13622946794267352,-0.32756794422728047
959,0.6364395513570068,-0.22691528225419952
960,-0.47211823126756125,-0.3397673353368659
961,-0.733674647060693,-0.2384718172338469
962,0.6904053644386966,-0.26319789752284356
963,0.030608538572320848,-0.35717167747752493
964,-0.7598432337200125,-0.23997103454080468
965,-1.383689774934897,0.5154956708307142
966,0.16075708071201636,-0.30621635633491284
967,0.4671969164262275,-0.12041087602858487
968,-0.17440098042563476,-0.3531405260760012
969,-0.641605613031677,-0.13235751853230257
970,-0.16665915244458643,-0.323353001720054
971,-0.09845124012832805,-0.3784503341316457
972,0.6656909364407133,-0.10095913365223567
973,-0.08084705809211556,-0.17345849673331945
974,0.7680454424434946,-0.2841566346063827
975,-0.10227217790918391,-0.3180984658129908
976,-1.1152927260090397,-0.13997508449125923
977,-0.34535011744229727,-0.23227948081694758
978,0.8390857625029521,-0.1390900898338352
979,-1.2461054484151752,-0.0036523658781895067
980,0.1806162300912085,-0.29333726522450826
981,0.8032025348612741,-0.11502758514776064
982,0.2297318531617067,-0.3631016553721262
983,-0.2534301732686444,0.2803312029635724
984,2.1793940867214285,0.5639971946559733
985,-1.0139369486812841,2.0126168412948693
986,-0.7592181548932332,0.06205212708269406
987,-0.4665784744071035,-0.2222537035796247
988,1.0072154487247615,-0.08377236382649518
989,-3.421735426692109,1.8103881394227472
990,0.4696890826369712,0.30864380523148555
991,0.3374252512522514,0.49389224645788443
992,1.1054652050189933,0.04530514064899038
993,1.1251383843604232,0.16942153820497133
994,-1.6200552649028488,-0.027281895237121562
995,-1.9800998422438032,0.33127817609600113
996,-2.523751073437881,1.3105718674897988
997,-2.9292712918482393,2.2582742294629914
998,-0.9842396244395406,1.3452853075130293
999,0.9071618339655991,0.9515376112284754
1000,-1.1438654499709466,0.7471098078255016
1001,1.4743940298861615,0.5497057385063591
1002,0.8048841444154511,0.08833888395998023
1003,-1.6930604607975246,0.6503099522763476
1004,1.1637843977761941,0.05979134208298371
1005,0.40589283363150863,-0.17095462780802806
1006,0.045646180867634105,-0.23041211615233853
1007,-0.0731517749172998,-0.2455828137450413
1008,1.6984445058264195,0.01519117165662579
1009,0.27387578950005464,-0.20771300835705056
1010,-0.30724752218020884,-0.253512931720266
1011,0.0663158764840811,-0.40270590665269174
1012,-0.809439742346431,-0.19093212955804334
1013,0.054133106345335,-0.3889272589047838
1014,0.9486311572338418,-0.047016522612775516
1015,1.0660505630092103,-0.1244941860937705
1016,-0.832422241930566,-0.30415028945268974
1017,1.1131346936148419,-0.29924184315828484
1018,0.2484373631536702,-0.3199449669631042
1019,-0.26286962210250564,-0.37652024991297445
1020,-0.3477206587750731,-0.38540560687034414
1021,0.2013688622556195,-0.48262251298679687
1022,-0.4213044971023696,-0.5433349929406813
1023,0.29308794947653016,-0.29857855722170557
1024,0.04317175442282188,-0.48219433156833946
1025,0.7727572296685488,-0.35903946277968196
1026,-0.6774724824713503,-0.5099230750615082
1027,-0.49433895486904544,-0.47490115612608014
1028,-0.17426673602599352,-0.4455606241961615
1029,0.6676601332147417,-0.45431075432045265
1030,-0.25046547900472477,-0.4326123581291248
1031,0.7567842865191541,-0.1531736960035093
1032,-0.8005942263441405,-0.3558113368985635
1033,-0.09394433586400724,-0.3516473586750314
1034,-1.1821649577740396,0.026325751886336967
1035,1.5717324770355858,-0.025558758010997256
1036,0.35881026275763445,-0.33166882226044003
1037,0.6448572372756857,-0.0243604524353879
1038,1.8204908655883816,0.1914272368247715
1039,-0.6740423621438382,-0.3587681027910966
1040,1.6276360090754742,-0.04472251273617863
1041,-1.0049836955936824,-0.009273718159680729
1042,-0.4016845341295504,-0.35238131440570664
1043,0.6197176048379333,-0.35580429427439086
1044,0.5696505436436784,-0.37512402885811014
1045,0.34986533352984517,-0.21015993480408243
1046,-0.04462423720253225,-0.3912316661349774
1047,0.5870190254169763,-0.2675977874540458
1048,-0.03134729621795956,-0.4272371463383447
1049,-0.5668641151261617,-0.35766478992187545
1050,0.22964984210406325,-0.5405942956909071
1051,-0.7848432015371433,-0.1488423314731153
1052,0.5443904343896281,-0.37171492543573736
1053,-0.18197240150968275,-0.40950831654017483
1054,0.5300335553963876,-0.35197050842486616
1055,1.2564440937435664,0.18268223891382307
1056,-0.5141873258132781,-0.2794961060928596
1057,0.30701475169788367,-0.3027232111709229
1058,-0.22897955604507553,-0.32758579183198533
1059,-0.36463024902079805,-0.3664195970801086
1060,-0.5348245212004419,-0.3063737482546434
1061,1.329214680675294,-0.15713731194236735
1062,-0.4361806976424019,-0.36923048998412905
1063,0.21479680298070092,1.0475756866641686
1064,-0.4587312411697556,-0.17001939048777698
1065,0.6416285752668858,-0.2276674092834044
1066,0.09326263728923824,-0.24997098436996054
1067,-0.5076269024132861,-0.29877158957273003
1068,1.53140105349704,0.016994755244238234
1069,0.5737312113818055,0.03437912331003767
1070,0.6192187768148333,-0.04217756774624291
1071,-0.5045190410586896,-0.2245290218712389
1072,1.1974030947865024,0.2500664454184077
1073,-0.0725050622241818,0.29524792336936045
1074,0.020956174100472676,-0.18044313125855865
1075,-0.49441987736343734,-0.26205733683737054
1076,-0.6388109726626324,0.09298146220853415
1077,-0.1465256109300884,0.02786649510721827
1078,-0.33186482678880685,-0.2957405078039342
1079,-0.4163487704312315,-0.15441865370178856
1080,0.71142511589941,-0.3032969806424882
1081,0.22506299421336165,0.2301549055180024
1082,-0.6626585013417978,-0.15192193840635754
1083,-0.5642474472261543,-0.05147046736556812
1084,0.4080252798677647,-0.045885757905887184
1085,2.4897247612448403,1.0098304240759621
1086,0.04670679050024272,0.16667860694508355
1087,-0.8231360058008819,1.3131291310526196
1088,-2.8716499294141054,1.058116709597038
1089,1.6885553223254586,0.13162980882541395
1090,-0.29888186340472456,-0.09301985601174796
1091,-0.3138100619379044,0.08827549314198013
1092,0.729972079655331,-0.20070342648910935
1093,0.9804359697802133,-0.06574262290331771
1094,0.015263067997314235,-0.395374905056701
1095,-0.8726148039266848,-0.3251315298459224
1096,0.08442155640242614,-0.3548993331547091
1097,1.888588881587452,0.1596077626877173
1098,-0.6892854851369928,-0.15942592397319127
1099,0.5051584950997909,-0.34329536964843443
1100,-0.11645790331782804,-0.23657706278614885
1101,2.859874612386214,0.8231574924569979
1102,-0.18880521011145315,0.4251180843829541
1103,0.25099346499867187,0.23938299128674198
1104,0.17727622774737145,-0.020104552432098702
1105,-0.5284517456777849,-0.3221918646698294
1106,-1.1452057385986294,-0.16204569864107457
1107,0.8652318525402248,-0.24296693700875915
1108,-0.47506706087054507,-0.2746746111819718
1109,0.12680263500599445,-0.5552058526388653
1110,-0.021709158413938466,-0.44350623922769755
1111,-0.217339321714835,-0.5148300690764767
1112,0.7721863323972231,-0.3980911314851329
1113,0.2531545391611912,-0.25550152027011147
1114,-0.25857338477956177,-0.5046176326764824
1115,0.39387609278116104,-0.4226901600302569
1116,-0.14848295362810612,-0.29582757849348124
1117,-0.698405270138672,-0.21123934936204086
1118,-0.008682198615014368,-0.5162326229528565
1119,-0.18694162954413537,-0.4458631927309498
1120,0.013377738739152,-0.46335942933521734
1121,-0.3860518126256928,-0.500807241110275
1122,-0.039171764005902394,-0.4882508161644814
1123,-0.7320512978634923,-0.43031255459209056
1124,-0.4074810111902889,-0.4847403656926764
1125,0.689312561229928,-0.4763505931766279
1126,-0.002181003225009748,-0.5093250306864624
1127,-0.6370060787812887,-0.41749840790029896
1128,0.4339569734271298,-0.41931511434937524
1129,0.4248601281457391,-0.4537435918175757
1130,-0.6086616581882818,-0.4933152787154846
1131,-0.04307387184715121,-0.4423301159707402
1132,-0.6603714463788556,-0.3298399489479449
1133,0.5054327772261124,-0.5416316735030237
1134,-0.16308911130790202,-0.5567425405479305
1135,-0.37964319297987453,-0.477932902920445
1136,0.2535506981030521,-0.5168195513784962
1137,0.013727212374127605,-0.5096060437670934
1138,-1.3568067320534873,-0.13286086543049594
1139,0.5482966258947072,-0.4706378413251112
1140,0.27696238544457197,-0.5305552936526818
1141,0.38926637148723314,-0.47831585151676514
1142,-0.3194293729663801,-0.5002514754194703
1143,-0.08923944921247363,-0.5334506832358197
1144,0.9931335357034309,-0.40523555961040825
1145,-0.01487079402304384,-0.1773305386735802
1146,0.5140744564165798,-0.40507857216568194
1147,0.4036317769152505,-0.42854875223240896
1148,0.1947618994756897,-0.39626961675014943
1149,0.041442678986227936,-0.43258593494004066
1150,-0.013637319921464596,-0.5076772983009443
1151,0.8181476304842553,-0.23139129811215606
1152,0.11707474660646379,-0.4014502118931107
1153,0.46133807867811016,-0.3262678087364871
1154,-0.6571069113783005,-0.2640725943376788
1155,0.29718283931362866,-0.3751742609695284
1156,-0.0869314214426836,-0.38739536938760405
1157,0.5631017465548797,-0.22451111795290515
1158,-0.051138493516647204,-0.3847474830892872
1159,1.4178596906252676,0.13876968353846555
1160,-1.6270345721647423,0.08567441228577878
1161,0.1428000301070682,-0.3176093330761587
1162,-0.22413093099367168,-0.3783832925253118
1163,-0.32026644572466173,-0.42840045605789256
1164,0.14554804226604312,-0.45302147005994203
1165,0.49490282817210024,-0.5144289434055842
1166,-0.09985674453930006,-0.4681212639433549
1167,-0.13244537110858567,-0.4723404063480075
1168,-0.04229065148950281,-0.4303838626076547
1169,-0.8159523077690412,-0.34813810729004846
1170,0.4522516846433373,-0.47773388639872166
1171,0.4289733459671108,-0.44947648426471726
1172,0.2161929961540644,-0.42434643995746524
1173,-0.31135296212774244,-0.4545627041514993
1174,0.010982219760956051,-0.5680448235766591
1175,0.5375723290320439,-0.40183726407682596
1176,0.2073719094189904,-0.4360234364453661
1177,0.3713145335770271,-0.25582767739254914
1178,0.16001890446983918,-0.5000591432042896
1179,1.0109198066387899,0.0653339729130622
1180,-0.2893654724884169,0.1617599676650091
1181,1.104433211597104,0.3935674472082602
1182,1.240906531218441,1.0527436548904041
1183,0.5149930890031033,0.7698154046028161
1184,1.2785743828611755,1.1735944222572272
1185,0.0255284962600993,0.8806354060167828
1186,-0.1076927290613682,0.060400469764756964
1187,-0.6838473154517416,0.3454794884541219
1188,1.8314413241721406,0.45457834412325115
1189,0.3631654312236226,0.14368937415000235
1190,-1.1384499815424198,0.10191618662929715
1191,-0.44959946893317565,-0.10514633005489024
1192,0.3481008378384586,-0.18024218091050653
1193,-1.2715858231311887,0.13730481989682883
1194,-0.044815847999291926,-0.053376761480748366
1195,-1.2372756054929306,0.022557661575267538
1196,0.5085356376105324,-0.23449600516495386
1197,0.7212175001159784,-0.2555454684649755
1198,-0.4119948351903501,-0.46217431697663786
1199,0.47721681968261503,-0.4190327260379943
1200,0.7634024121806171,-0.3001268601411966
1201,0.1983213865373769,-0.4988631628199905
1202,0.438308651105522,-0.31052157076560644
1203,-0.21780633568456204,-0.33257319563068066
1204,-0.4443821172449095,-0.23344981005211177
1205,-0.23693504873132087,-0.39087084760842833
1206,0.15605528260563925,-0.5075497115780323
1207,0.5698717608508123,-0.3080578874141058
1208,0.40662959496333173,-0.5319719352691178
1209,1.5523836217195675,0.06596086484342278
1210,-0.7712547841859457,-0.10306221115485428
1211,-0.14414995794197571,-0.25256356209097613
1212,-0.01866501774339598,-0.4029500005751785
1213,0.319754555084645,-0.3917410345729011
1214,-0.2236348307606137,-0.4101101302563033
1215,0.6461237389740301,-0.4226977751481003
1216,-0.15662927802637275,-0.46325093829436376
1217,0.25390230019676857,-0.4579020271030074
1218,-0.7683463538165705,-0.46049966004433035
1219,-0.4239807186024542,-0.3142202707080432
1220,-0.04649086648516076,-0.4190864222345916
1221,0.08835465673679853,-0.5196403953521396
1222,-0.01427576173190277,-0.4413979036009426
1223,0.5444141128509792,-0.4175442042092366
1224,-1.170019808654128,-0.19614214095642335
1225,0.3753500730496236,-0.336208129314424
1226,0.6047935022632965,-0.3963086741801374
1227,0.500461099997855,-0.2938199781373511
1228,-0.030028619271863403,-0.41632255479686375
1229,-0.5637992778685442,-0.2139038381311754
1230,-1.9379857073581448,0.2759886425963522
1231,-0.18918115372652075,-0.343955281100279
1232,-0.7888075274519237,-0.09745461096994909
1233,0.9362137812699592,-0.2852016401303944
1234,0.4074424876534731,-0.3587861679375216
1235,0.06204939778499584,-0.4051382900908981
1236,-0.4927111495553695,-0.3750534241179406
1237,0.6221261266047049,-0.3944563408462638
1238,0.11653319341893598,-0.36116182426066656
1239,-0.8787208680772817,-0.3663761712120802
1240,-0.19809552796782656,-0.42393496028919325
1241,-0.7583605265002642,-0.12058276888534925
1242,-0.7316288770005992,0.19228087399519186
1243,-0.8931964521506758,0.12646472375424758
1244,0.8851571325522654,-0.16343498853862842
1245,0.374891654569257,-0.30209990391122743
1246,-0.6450257663389634,-0.4247401020492008
1247,0.399749252110257,-0.4553728176438235
1248,0.12309233657458776,-0.4689746506063038
1249,0.16617786355238803,-0.4635534194293899
1250,-0.4421182546410991,-0.42965547617030697
1251,0.5760670915305832,-0.4403050010067462
1252,-0.377963993695724,-0.4700657346568002
1253,-0.851752898662684,-0.3380454228636286
1254,-0.009669314254322804,-0.5471852383913218
1255,-0.5525640389340054,-0.27388283906788374
1256,1.1550872452459153,-0.27698001239965003
1257,0.14799463460829423,-0.3830370298955321
1258,0.6305636808846012,-0.3436692705661314
1259,-0.1844948719177109,-0.40885896953645323
1260,0.9901949961659638,-0.1879989727281177
1261,0.3662223466024162,-0.3820916642679084
1262,0.7421416573256271,-0.004121090122153184
1263,-0.7375738707552716,-0.10503614904817064
1264,-1.0003912909929333,-0.15657188417461568
1265,0.19596935803466284,-0.36520510348576163
1266,0.4437067450613987,-0.2661314104731243
1267,-0.15243787439342188,-0.2392647722911055
1268,-1.169354845056659,0.06704483454308374
1269,-0.33601294754113076,-0.40779301820515873
1270,0.21473531225151576,-0.22117795000029428
1271,0.37633711849194723,-0.27546401400812603
1272,-1.3698603288290316,-0.07716382748286557
1273,0.21079869025494394,-0.4239924334213822
1274,0.31865409733353484,-0.4967335393807355
1275,0.36177035826738074,-0.43530262874838116
1276,-1.985166707321093,0.21357494836446905
1277,-1.3459482274933383,0.131836987288412
1278,-0.7989438927854156,0.4441429882224946
1279,0.6115222464458373,0.07548429340345728
1280,0.2177295480099906,-0.3065060411092283
1281,0.6748363588438265,-0.20528606822035506
1282,0.22866889859260423,-0.36462626868199705
1283,-0.8610976698903825,-0.1633496735816238
1284,-0.05110748387500429,-0.3424359446545229
1285,-0.1602775126457362,-0.31426764541385827
1286,0.6412907962261418,-0.41581815336244654
1287,0.739922925672698,-0.21007583396103136
1288,0.7736728038889339,-0.18126289305050705
1289,-0.5171393994314378,-0.29627500148731467
1290,0.2892100201865636,-0.5157049188095723
1291,1.0037988585983746,-0.27564502941440544
1292,0.8716528694886059,0.1870099276463101
1293,0.5756955694544968,-0.25016026364220356
1294,0.15731157073583782,-0.2233942670646611
1295,0.2579656837659141,-0.1844403992409554
1296,-0.7055919969277079,-0.31562085238934884
1297,0.9797062802727333,-0.2033921536070951
1298,-0.6585943133991427,-0.4146058589999597
1299,-1.0944600625199075,-0.1156146986636643
1300,-0.2897930810098021,-0.37421245063066005
1301,-4.363263338469416,2.236935617360304
1302,1.3586025835800128,0.45520099485325477
1303,1.3916658947232372,0.1683343079176925
1304,-0.4144458042582608,-0.4551964573951373
1305,-2.304758973227095,0.2245142794236559
1306,0.15494400255566101,-0.2732646540851402
1307,-0.382444960106718,-0.005188254812477224
1308,0.6366932036635911,-0.38349496020894386
1309,-1.5075937573641665,0.03685793502237629
1310,1.2722025292858121,-0.17654596379513013
1311,-0.709016875794602,-0.16096367866125383
1312,0.2929358566993983,-0.4220360797067605
1313,-0.7008601559872769,-0.2715822808275935
1314,0.009751598087153028,-0.49556097459941273
1315,0.8989245451338983,-0.19305032346797404
1316,0.44950446956533413,-0.5228681498083525
1317,-0.6914696844105733,-0.3958614916475135
1318,0.9214579610957346,-0.2512330942492139
1319,1.4277490147205993,-0.18729141779815717
1320,2.388071561721924,0.6720455724389028
1321,-0.14158749321812383,-0.09377163190288329
1322,-1.5664621643325969,0.0019512707204754778
1323,0.2762221368891583,-0.2942717861512032
1324,0.37598484503499513,-0.43228771303155655
1325,-0.28012188243869596,-0.278944225770681
1326,-0.6721202331568253,-0.22134590084993988
1327,0.42126133238484414,-0.4367708087166854
1328,2.434868347251181,0.1451410829778027
1329,0.5303512203204803,0.7605400080792024
1330,-0.56876687108764,0.0699613235624971
1331,-1.2522913414064494,0.25989037804779463
1332,-0.1624366792883126,-0.17170793714983057
1333,-0.05583516615616889,-0.39029312294357466
1334,-0.45900047999116184,-0.4167440446779997
1335,-0.14182776884928872,-0.11745755100142047
1336,1.3661378330683502,-0.10685095137042169
1337,0.6100593381452676,-0.29183812074525733
1338,-0.246838180394972,-0.3358060986666594
1339,-0.38966268534247195,-0.29147499913257463
1340,-0.054436638993860545,-0.48340927950959456
1341,-1.543441595378161,-0.12058460906627416
1342,0.6192882701135243,-0.410545842541927
1343,-0.6998263738765473,-0.2770428966023782
1344,-0.3309672172665691,-0.4641555384186571
1345,0.5492688844399264,-0.42489463418620255
1346,-0.27424354156747294,-0.42180021364658776
1347,-1.335958103042561,0.17629938617954305
1348,0.7965212088563414,-0.15768455329777342
1349,-0.036254095421144876,-0.4470665975031861
1350,0.7118569641984249,-0.41826305234130323
1351,-0.36572398614455887,-0.3250127682184584
1352,0.42010839955900076,-0.3760794802729348
1353,0.7411957146720336,-0.3888374381659396
1354,-0.2651615547542385,-0.39665902259378355
1355,0.41083477461851226,-0.43321051520593223
1356,-1.4474705233943086,-0.297087946160913
1357,-0.5520046671469404,-0.373821324741834
1358,0.38719494939789567,-0.31812153563856127
1359,0.17323803489179065,-0.3046175943618553
1360,1.0412539312511817,-0.04132243769711911
1361,0.8636989103682973,-0.1833168497183655
1362,-0.13460814320649706,-0.2598249595029866
1363,0.412100185140436,-0.24225515112713622
1364,-0.20147609563245475,-0.1996681200199575
1365,-0.003462787490178793,-0.3733797177119134
1366,0.5087786024249057,-0.4086786622932192
1367,-0.5866487447947796,-0.06681067177078176
1368,0.741785811956632,-0.23839860128719215
1369,0.09285474376314468,-0.36829079712540436
1370,0.05342340342666368,-0.34177531129272
1371,-0.1995239790677005,-0.2668969293292124
1372,-0.6448409368983884,-0.2800732920363886
1373,-2.446946304435158,0.7657264518357525
1374,-0.19188550095768256,-0.0468908431439511
1375,0.6627166898450091,0.030971308580180826
1376,1.197921185459295,-0.19734590983739264
1377,1.2846814924388879,0.2942528512301536
1378,-0.08396887319221072,0.2474053779492032
1379,-2.5103192273950587,0.6198582312967695
1380,-0.5013567450460636,-0.03944985694235415
1381,-1.070135749362222,0.7622221101943453
1382,-0.9929894692233572,0.45559913105255045
1383,-0.1393994489158815,-0.0012985025099364002
1384,-0.1724502133662176,-0.1713946272106173
1385,1.680309846470162,0.2622379062775166
1386,-1.4087058435522277,-0.20617945940410767
1387,0.6062190463845306,0.17965201634028308
1388,0.5907500195421093,-0.30131280379885356
1389,-0.26224524898726187,-0.4314411975752781
1390,0.9236825145643983,-0.3874480898241625
1391,0.25328695677326735,-0.354049314458175
1392,-0.25966347312211047,-0.395722514425669
1393,-0.05321889273402213,-0.49399175691950453
1394,0.3499556220849972,-0.4235503173282113
1395,0.548277847893596,-0.274079078882802
1396,-0.2813669688071967,-0.41071475787244943
1397,0.10123013476633642,-0.41407253687489975
1398,-0.526453321486362,-0.2929389543049777
1399,-0.29090151693577365,-0.3384888474721407
1400,-0.9711957418594902,-0.2935173329235874
1401,0.0657120922736243,-0.47494882165617613
1402,0.5665006962161923,-0.4716455377274852
1403,0.0963359166890837,-0.5071944522527676
1404,-0.626273228203197,-0.435562221839588
1405,-0.8348809505323311,-0.2640917452429668
1406,0.8218557271149248,-0.4315262136425496
1407,-0.4644737703864884,-0.45545164604261995
1408,-0.3037735813956856,-0.4663959367211372
1409,0.5871533933104565,-0.5267046571767204
1410,-0.3737587220195754,-0.5378583663242255
1411,0.3131263158078146,-0.4568376522972215
1412,-0.09179788139252625,-0.4901119429084612
1413,-0.7115608054554524,-0.4498674204362394
1414,0.3170015324866504,-0.4846533066782732
1415,-0.7540945287379199,-0.2343093469326165
1416,0.7794714228251081,-0.42428241832302244
1417,0.6706770369915284,-0.44854009215839263
1418,-0.011029043825161285,-0.44966271893370907
1419,-1.3296494053130765,-0.28521133601881515
1420,1.4164223150012458,-0.2684487010648761
1421,0.1886926068277322,-0.4005093476317223
1422,0.17607665684064533,-0.4305780327828752
1423,0.3384554118415021,-0.38914446418547666
1424,-1.4315468037958081,-0.21243512255929728
1425,-0.09101244938164604,-0.3729799894649985
1426,1.036390579489041,-0.2967054494332736
1427,-0.2051670294183383,-0.3279480119954002
1428,0.623812507592157,-0.36251282016482267
1429,0.36440327196793204,-0.38182853670055844
1430,0.47572397699340374,-0.41254325279066084
1431,-0.6506591781189183,-0.34392538121923694
1432,-0.4559631301925157,-0.39267513204721644
1433,0.6187572828355355,-0.49194822966217466
1434,0.6733680531999382,-0.2972607630252052
1435,0.34914727188383493,-0.36452173877814953
1436,-0.33848975561263844,-0.36538658571406435
1437,0.7409775746383717,-0.0772664868172525
1438,-0.8009216759930925,-0.39721281672297376
1439,-0.3185853776729922,-0.3501304253214839
1440,0.10036479717313039,-0.47743064819602093
1441,-0.04770808510480039,-0.5469187987530174
1442,-0.5193486719614542,-0.5054125721351245
1443,0.7324299170702161,-0.4144401574089423
1444,0.6167507155221662,-0.4242140317669411
1445,-0.05347671763453351,-0.46336951521091463
1446,0.056108973094583424,-0.5360319799573537
1447,0.610007610646991,-0.07659556959922893
1448,-0.23503700360886573,-0.372136285083195
1449,-0.14236020489378565,-0.3399773067668811
1450,-0.057542355827109995,-0.3584055462767286
1451,0.746381345050671,-0.14965319692460013
1452,-0.04053941439547079,-0.3281483960902711
1453,-0.5186647181018819,-0.32345729165769554
1454,0.8084054134273745,-0.20737405341903165
1455,-0.7411856154462473,-0.2233227308496943
1456,-0.2617584519000131,-0.27210678471284927
1457,-1.0802190021027982,0.06862668076285851
1458,0.5431691128551752,-0.2638985958272919
1459,-0.28540194927093115,-0.31318184221848683
1460,0.015904863834665748,-0.3600074347226261
1461,-0.07609263045875213,-0.44500521382261254
1462,0.06047106577481395,-0.4140837474533424
1463,0.4883171286264564,-0.3784340761308397
1464,-1.0758284589282232,-0.17819224253558716
1465,0.2280109020526333,-0.4669971850887541
1466,0.9112732029659604,-0.3055330909655348
1467,-0.014496039264186371,-0.32751663296044453
1468,0.25800944234637785,-0.3856777854051839
1469,0.8873496982488805,0.28765420033719014
1470,-1.6334928662817192,0.947829197243563
1471,0.2881634534097302,0.10163984003254514
1472,-2.916923978942068,1.6757986869177557
1473,1.2413375835466542,0.19234645881513152
1474,-0.6504961188201935,0.015431448071439485
1475,0.3818849342147048,-0.057662486877943425
1476,-0.09931163058710234,-0.37751517894437125
1477,-1.3979736454338303,0.06492969364788295
1478,-0.10240373084969862,0.018295109315540493
1479,0.34713308791842157,-0.21565305131533832
1480,0.34205186011024885,-0.3532540183606443
1481,-0.25308264407375985,-0.47970089137564376
1482,-0.6232304036915235,-0.42765854856945723
1483,0.5395438814837931,-0.39241644714072654
1484,-1.3575459153899012,-0.0843725876864235
1485,0.4929378235847876,-0.33618916008825794
1486,-0.9218929895782084,0.01532572175252395
1487,-0.017022652730831596,-0.27338232430694737
1488,-0.6539365243125063,0.024826806586234373
1489,0.8371420142579713,-0.33290712734163774
1490,-0.5430458801382867,-0.3809039500919981
1491,0.19316676583715592,-0.2965575891934704
1492,-0.44408877160889787,-0.31911316501153736
1493,0.07517010341966283,-0.48075067120913567
1494,-0.1957688985653993,-0.35312408998861805
1495,0.5768978238156196,-0.4306232541644077
1496,-0.3958367193816466,-0.4015201169046746
1497,0.06710552195978972,-0.48868386060388375
1498,-0.5662756142272236,-0.029871310476588808
1499,-0.003605781466663174,-0.4088256391814659
1500,0.41640436379738044,-0.3298749930302448
1501,0.2908008861449881,-0.40829681629346637
1502,-0.0003089221356748183,-0.5149111852343419
1503,-1.1153502760422358,-0.17911319434600384
1504,-0.2663022460516374,-0.37173178194923356
1505,-0.07687090081499785,-0.39957611507328694
1506,-0.4119246857044148,-0.11998076216126256
1507,-0.03092837872107359,-0.4350061173063952
1508,-0.008762410506789463,-0.42522581229583983
1509,-0.6831330316879209,-0.03764975822957789
1510,-0.023224464148028017,-0.26074350027463034
1511,-1.1250982311543942,0.12298915903616447
1512,1.421618830300046,0.2184984496315429
1513,-0.6702344361627225,-0.3250617022566578
1514,-0.8321447181495646,-0.3057585517328436
1515,0.8356086814685603,-0.2899972545677736
1516,1.1478426778608395,-0.12255665402708184
1517,-0.28200060521131187,-0.35161634190663577
1518,0.6138000914462282,-0.40189376921858994
1519,0.5004429386902544,-0.3185073445224907
1520,0.09799853318204733,-0.35701119991031793
1521,-0.7161788022639813,-0.4397114055038202
1522,0.713321858897511,-0.42830359162554893
1523,0.3407767455436183,-0.44453746062279964
1524,-0.4161396843094991,-0.4909828417026683
1525,-0.25452543997943594,-0.5357968684278218
1526,-0.181751270579265,-0.544020957404085
1527,-0.07406952409442245,-0.4138748796418744
1528,-0.6148374032721337,-0.351359462353301
1529,-0.46171542831438805,-0.2987168578314105
1530,0.7442273994721593,-0.42032190021323
1531,0.564888469940532,-0.40464886391721644
1532,-1.7412487749760988,0.32662499732246814
1533,0.23410579217338498,-0.3730982257403589
1534,-0.2854770286499156,-0.3147119602454245
1535,0.5054516690307845,-0.3594620472145556
1536,-0.1290832871977458,-0.39717405049712956
1537,0.29788774283896047,-0.40940308681488286
1538,0.10826977724411452,-0.37940777346116095
1539,-0.5116859038262288,-0.4081719230446053
1540,-0.8371523511245512,-0.3587299971134939
1541,0.1003355142724474,-0.47373746705694275
1542,-0.31088179149146444,-0.39897803563417644
1543,-1.0845658983568804,0.024159162979051334
1544,1.567623993508288,-0.008106192237139664
1545,1.3637930195676524,0.17186916070859612
1546,-0.5347487521860111,-0.3389658943991596
1547,0.217025361570848,-0.3670494991905236
1548,-0.32821286667764604,-0.38956039662993447
1549,-0.2834674850024762,-0.45249000794756017
1550,-0.992637459432466,-0.27522314102252143
1551,0.7345751903751262,-0.3837842196473754
1552,0.6680798768389404,-0.36955196153217873
1553,-0.1575022364000163,-0.5150933281366677
1554,0.26917790954823373,-0.5061706769747619
1555,0.07581597211481719,-0.4470219622397885
1556,-0.6376877809712179,-0.42541034381377396
1557,0.6707734954219303,-0.3935906163135203
1558,0.270893620518829,-0.44527225457144864
1559,-0.31385166704151285,-0.4762184317052026
1560,0.9263162753657853,-0.3002056308499221
1561,-1.0843555174719508,-0.28341192246709696
1562,-0.6980468290178281,-0.25600882495066263
1563,0.027923473464197893,-0.34665495495092713
1564,-0.3087417000630529,-0.2951753540049816
1565,1.3844853764918448,0.1724981235637824
1566,-1.3946284583977837,-0.11871314239979465
1567,1.0235751847278554,-0.2822635399011303
1568,1.8227928066941919,0.1538645861895508
1569,1.204817048974553,0.25385904473645454
1570,-0.3660429927400477,-0.07534947539370918
1571,0.5457967399801466,-0.2219150509720017
1572,1.325266075472055,0.47882374206890727
1573,-0.6236985515120035,0.02740436398624961
1574,-0.6500959090022852,-0.3583223237169068
1575,0.5272193721523472,-0.37610169907124846
1576,-0.9090683743325584,-0.2553455042069222
1577,-0.30206561073506644,-0.3090261887269624
1578,1.1381241853061825,-0.19498561063153466
1579,0.4876925809064122,-0.35221668922480254
1580,0.8537681055749043,0.03219638642660536
1581,-3.542785588757629,1.73250384764053
1582,-4.268124395538343,2.24479113030982
1583,3.8331691763571993,1.7969259333382857
1584,0.9232002482395715,0.11108369917010491
1585,-2.101168726118925,0.17738957817468526
1586,0.7694777993007293,-0.12158018675483978
1587,0.49819424294664855,-0.4013305616611896
1588,-1.3691786220109883,-0.16019070491241325
1589,1.3778730982678584,-0.23026397600925988
1590,1.7885129904473758,0.5880615583048255
1591,0.5240359397964444,-0.30422714422030606
1592,0.6882540634044478,-0.12964705350856565
1593,-0.961352154878073,-0.259411482866641
1594,-0.766698503554877,-0.3662815375395541
1595,0.8333434889908191,-0.14072431728780546
1596,0.5947549635527914,-0.34421910925373117
1597,-0.4029114337322464,-0.4540126540490519
1598,0.28798597104347545,-0.5057455072896179
1599,-0.6281222160131645,-0.4126915575360888
1600,-0.2393392865787086,-0.521998270262714
1601,0.5733948957481878,-0.5575305065325232
1602,-0.21614156441994767,-0.5958289036319444
1603,-0.7142740160870682,-0.4199440644460591
1604,-0.4395533304411827,-0.5490624901943592
1605,-0.49931075178059353,-0.3597844304785697
1606,0.12084942436272018,-0.5189151912170878
1607,-0.008129405335539554,-0.43910641260625133
1608,0.06885688330336841,-0.38774432267649356
1609,-0.057608384754709946,-0.49947879272694146
1610,0.5596201985490464,-0.4737605322365273
1611,0.4758055148990679,-0.5169820984565552
1612,0.38543930211432953,-0.49467758075370805
1613,-0.35985440462369356,-0.45315088421752125
1614,0.2332073960538335,-0.5306744602290692
1615,-0.9153911778568137,-0.3732754482971493
1616,0.24404299944376523,-0.4727263441833849
1617,-0.42164080230997025,-0.5089870696863166
1618,0.6173058010245454,-0.5304436824899058
1619,-0.33135505402515214,-0.4563554296652939
1620,-1.5059487002048166,-0.307391852967399
1621,0.30443868141348845,-0.55410190166524
1622,0.46808877808896193,-0.5119982988226769
1623,-0.3605369019369492,-0.4752696187111403
1624,0.38645911049886095,-0.4892545595771927
1625,0.19969750876733694,-0.5385859122578417
1626,0.6740175161826729,-0.4274876023730304
1627,0.36074670698087524,-0.416215706967006
1628,0.16780457371793553,-0.39956460023853835
1629,0.878874122657849,-0.36021549039997863
1630,-0.2146411936505618,-0.46640459310094995
1631,0.08860314019519452,-0.4494078087689327
1632,1.006805715911278,-0.25574857577543764
1633,0.19304057318097056,-0.26944830156232596
1634,0.018101679211307526,-0.3418148551567072
1635,-0.3282055677221127,-0.44762859656155735
1636,0.8890915195760319,-0.26658502797797673
1637,-0.7446096805606511,-0.2974914898321333
1638,-0.211696237365041,-0.48316143304521514
1639,0.24396068693542072,-0.34382427838881474
1640,-0.494361927537835,-0.41871328610879577
1641,-0.0729842737366723,-0.465839780187321
1642,-0.5628542148912586,-0.3695051482568788
1643,0.041673703923150576,-0.4152273659556712
1644,-0.1302159115855416,-0.4939734331683723
1645,0.752453505131253,-0.4002360365552236
1646,-0.21733227980112466,-0.5211405014249921
1647,-0.9548679017619833,-0.4250319268110127
1648,0.5861647770716044,-0.47847956598123015
1649,-0.29126737120586715,-0.5594950985604907
1650,0.33031242552577356,-0.5658345089545377
1651,-0.1863452346117278,-0.44563565696804636
1652,0.6208525268099612,-0.5275158853887366
1653,0.47169162312599205,-0.5051217797579897
1654,-0.4242066163692028,-0.44793781248415426
1655,0.25382420901817154,-0.17600467339886192
1656,0.555929907716359,-0.3916456240562113
1657,-0.04629876801640579,-0.31946834365584986
1658,0.04187899376418697,-0.4994696230103204
1659,-0.5701793147330846,-0.28329147813290223
1660,0.050451474597216314,-0.48148707194345747
1661,-0.18461786567175698,-0.3889886661649818
1662,-0.29190676312660163,-0.4691990806627806
1663,-1.096093070360111,-0.152583406928574
1664,-0.7702863091692056,-0.19786753120870415
1665,0.41574725299423154,0.09019403773769419
1666,-0.4070630284075589,-0.3612415644904664
1667,2.060763354563234,0.2735772411215975
1668,-0.7412440595507003,-0.1435018957905313
1669,0.7780970091211186,-0.33037318540349714
1670,0.05783705664554166,-0.4653082975703779
1671,0.46791462678583123,0.17826199455968778
1672,1.5681183315151828,0.23985960793481778
1673,-0.7605421836455288,-0.01723819572922277
1674,0.6860120361484976,-0.30039057429181176
1675,0.29730839004354526,-0.2405751288499642
1676,0.008020111069536722,-0.38513238493874996
1677,0.24022164851127006,-0.31430653447042817
1678,0.1613905358980558,-0.34090708178424217
1679,0.3456927604810531,-0.380583231210193
1680,-0.058832068356937946,-0.39708448577086336
1681,0.19867232256622042,-0.5207336870587602
1682,-1.7092265851674973,-0.0059674827515656635
1683,-0.24479476335180403,-0.4420844396529905
1684,-1.2924058880767235,-0.009727009608265069
1685,0.32695638256752474,-0.2777560994188005
1686,0.4140484647710908,-0.37735041503636196
1687,0.8946390682602497,-0.41927489805735674
1688,-0.006459557512602138,-0.5506018247043618
1689,-0.18474564466937576,-0.46386296302366153
1690,0.2686972518755647,-0.5057533659362854
1691,-0.2241995521673486,-0.42090448473327524
1692,-0.40891783333089265,-0.4819039247934567
1693,0.20619155460013056,-0.52664359276362
1694,0.2370700751789254,-0.5682477609026937
1695,0.19460875566172112,-0.5489049212617302
1696,-0.29095697598204356,-0.5443946630062861
1697,-0.36723349572317215,-0.5334705423721989
1698,-1.0010583983741106,-0.3221837770020138
1699,0.8169859114779376,-0.4347897689924062
1700,0.35120957686557985,-0.5593997525616132
1701,-0.40291556732156003,-0.5661298412517918
1702,0.21913563589016266,-0.5409920005267191
1703,-0.20344792332061096,-0.469593318149701
1704,-0.06375045262692858,-0.5292399719499752
1705,-0.4431424418642592,-0.511652545673264
1706,-0.31601836534085137,-0.33367102909140195
1707,1.1105069940384786,-0.34890848014767484
1708,0.28536548065308004,-0.4675457697191895
1709,-0.8686305035666256,-0.324171616184368
1710,-0.0609296054808547,-0.5301307303177597
1711,-0.45753799231616593,-0.4897031268398263
1712,0.6699819573778534,-0.5160198582670046
1713,-0.02624359915554424,-0.5104445562362371
1714,-0.007667552858264887,-0.4824222042755571
1715,-0.43643192379668483,-0.5034789088881635
1716,-0.2457342231380863,-0.5255204894075955
1717,0.6243870028807367,-0.4963940373112686
1718,-0.09401173307044289,-0.5730763085599013
1719,-0.73188334065718,-0.407857742408716
1720,0.5424839710307348,-0.496036974063505
1721,-0.05547681194500762,-0.5067851154037354
1722,-0.04706194680442675,-0.4918511643197992
1723,-0.34072282936330606,-0.5146764207884682
1724,-0.256156406006802,-0.523643798030616
1725,0.4430969379123872,-0.5590345389196394
1726,0.40897079689733185,-0.5194804554071114
1727,0.048144958813717637,-0.5008243803400612
1728,-0.15106787561966095,-0.47340527410317385
1729,-0.26631042819119644,-0.5184886158609535
1730,0.2942490439581177,-0.4443411176123741
1731,-0.5809033517136207,-0.4131858561598979
1732,0.24049296192308878,-0.3957187667734181
1733,0.5192396924953134,-0.43594377285563307
1734,0.023010614909731598,-0.5247465489100254
1735,0.43944251014151126,-0.4186731850084057
1736,0.1209941513089048,-0.4833644808856547
1737,0.09728555273746001,-0.4534174760791593
1738,-0.5507241459768399,-0.44417560865229433
1739,-0.26518199515813784,-0.4469797885800396
1740,0.14398242963856256,-0.44162219014438037
1741,0.29770731276758966,-0.49893299783028394
1742,-0.224650300421713,-0.46959637530873655
1743,-0.12393190398222909,-0.43612734930421326
1744,0.11508532926817182,-0.4962828747692203
1745,-0.27730397276317875,-0.5426329697888478
1746,-0.11682362291004536,-0.48880904061838715
1747,0.3582296358679067,-0.36926637397266693
1748,-0.3632710187250684,-0.4710663221966172
1749,0.2564348373584555,-0.5261435549361215
1750,0.4717667541913798,-0.5065080023226342
1751,-0.14141779023225742,-0.5233541960382468
1752,0.1807266399693708,-0.5367040884992742
1753,0.49942923766408676,-0.34384915995063314
1754,-0.2600827742458212,-0.43148048186126536
1755,-0.5303903602559105,-0.45559502184960443
1756,0.13505268059140274,-0.4942949268022461
1757,-0.21859291068277215,-0.44997045254109513
1758,0.4945558368067349,-0.5185706331099021
1759,-0.1978446329130907,-0.47133627880533874
1760,-0.196915819746978,-0.45430690136064306
1761,0.3026673250497527,-0.4501282055162832
1762,-0.04943014230009914,-0.4994656578847939
1763,-0.6819391120818903,-0.23151156483191654
1764,-0.2918622776343243,-0.4190565538644491
1765,0.16585060053293504,-0.5155730072774802
1766,0.14416415117367432,-0.5571261573654981
1767,0.35443701413514306,-0.4715353059411516
1768,0.08816935299026293,-0.3942934809480508
1769,0.0629349538396153,-0.5279455529261469
1770,0.11597025637664403,-0.5678103982608992
1771,0.1378916835878378,-0.4974712140247837
1772,-0.20858848458313353,-0.45677410712664107
1773,0.6157468137761676,-0.42633129239787715
1774,0.10008770341176028,-0.4416823982085001
1775,0.11112647640191067,-0.4039961241751161
1776,0.212385728739533,-0.45938608997850067
1777,0.00463737688955734,-0.4799216885941899
1778,-0.2209662620846604,-0.5584882412890206
1779,-0.019870578669811827,-0.5500489871709533
1780,0.032425462928959876,-0.469997369182088
1781,-0.3463954978941059,-0.5082528653426316
1782,0.10774770565455197,-0.5955850480439776
1783,-0.048609223103192774,-0.4856575042513485
1784,0.0174348775059643,-0.5864984173756604
1785,-0.28032787061035125,-0.5783426723177313
1786,0.25863218974162755,-0.5216793210807729
1787,0.02414038167277723,-0.46944159858061324
1788,-0.01680976015040538,-0.5438211017730248
1789,0.7161553780627742,-0.36155703501122755
1790,-0.09860705788535633,-0.53285775401842
1791,-0.34088292927930886,-0.4993413147866166
1792,-0.20877466626613686,-0.5445215858127309
1793,0.0698237001026769,-0.5390118740725687
1794,-0.1610726834348439,-0.590255690979541
1795,-0.5387668578070818,-0.38934531975336134
1796,-0.04912191699821381,-0.49712991858861943
1797,0.2899333670574864,-0.6013678769429753
1798,-0.17342931151056853,-0.5050995709551633
1799,-0.12805795943535073,-0.48943717862216884
1800,-0.22181489016257602,-0.5637672375013929
1801,0.3225151008157401,-0.5543183636345652
1802,-0.1350725348552356,-0.5209785736819557
1803,0.45032646705897644,-0.3838651205683361
1804,0.29504151378843896,-0.4482078762930554
1805,-0.250366050363225,-0.453973287164827
1806,0.14644384766181723,-0.4991059239643307
1807,0.48165768613828325,-0.3898078752337303
1808,0.27301882595726645,-0.45110704688070696
1809,-0.35390093043401327,-0.5034477892472413
1810,0.4122120571272063,-0.4937823862198813
1811,0.31514961034276157,-0.43012808823053383
1812,0.14595060647456595,-0.4384851870478175
1813,-0.38563762463678697,-0.3985269605556484
1814,0.4666205891486233,-0.5355696576293838
1815,0.18899195061308025,-0.49990302036831846
1816,0.5263229713823772,-0.38448355464831796
1817,0.0541853433836709,-0.3560553607078671
1818,-0.6387810137799085,-0.37158013639324067
1819,-0.043243211257319836,-0.5182269680104316
1820,0.49596736630807525,-0.38143327523090315
1821,-0.32303831798715665,-0.5673238399043441
1822,-0.20061718372703422,-0.5408169298196556
1823,-0.3543780392507556,-0.36868180646242527
1824,0.08108450535183147,-0.5858472943565686
1825,-0.39926159065847305,-0.4526702857646806
1826,0.057700054876484046,-0.5345082256450319
1827,0.23072683981848158,-0.5380257395295602
1828,0.4329975635569669,-0.43857342510748987
1829,0.26507637823220503,-0.4991485942992607
1830,-0.12631639066534478,-0.5183211811919007
1831,-0.3530438031059878,-0.48516556574929576
1832,0.3477632351156041,-0.5566756115005319
1833,0.1571046747903663,-0.48566702497876624
1834,-0.03188030113250064,-0.5603099654301575
1835,0.23074514365896104,-0.524746982452072
1836,-0.20049978525198436,-0.4987714287715974
1837,0.017672204830727668,-0.5054834570071638
1838,-0.2349486216835397,-0.4932157670799266
1839,-0.2564740665376379,-0.4768664364852066
1840,-0.23939334670552717,-0.3937833205153775
1841,0.05170605288752177,-0.5157679262411144
1842,0.032527639160072216,-0.5500423324299152
1843,-0.029530393996344464,-0.5532130868160308
1844,-0.12844852956821046,-0.5523112207761649
1845,0.07964389597775971,-0.49668390882875973
1846,0.07608933253100682,-0.5778480943237296
1847,0.12948332574001978,-0.5287067117258107
1848,0.0880995444546833,-0.5377399400403311
1849,-0.23962432239978382,-0.5168206180942421
1850,0.0762456629578704,-0.5691960446651814
1851,0.192073436501667,-0.47455338046465684
1852,0.13128425260006926,-0.5054385906568459
1853,-0.16681410236096206,-0.5881237675631635
1854,0.2923439032810515,-0.4775104968389395
1855,-0.26914004096207145,-0.49063968220281284
1856,0.0552420360483582,-0.41686940617679596
1857,-0.4041289572041352,-0.5254859338255746
1858,0.23128020532621274,-0.507757814829261
1859,0.16142990379353064,-0.5237412780226259
1860,0.4597846395687706,-0.3401500723323893
1861,-0.978543027560215,-0.06441177037011114
1862,-0.20544462794179752,-0.40618621419445217
1863,0.1707684940047488,-0.47332534851275065
1864,-0.4869592287470603,-0.25110944374526367
1865,-0.39218590166872436,-0.3958758129501081
1866,-0.48689711334094543,-0.3867737560029215
1867,0.43915431310871755,-0.42605657303121675
1868,0.26538682873282204,-0.5481760595371526
1869,0.5394297539224471,-0.39015540199234916
1870,0.26959097433016305,-0.4317473591024949
1871,0.2473704837440605,-0.4036405644897045
1872,-0.15480378615863968,-0.5233067086514763
1873,-0.26086841562654217,-0.4768547688777982
1874,-0.18149581276473006,-0.5513909837699701
1875,0.024555400405181216,-0.5257869915606913
1876,-0.03097782483602703,-0.5859075858529809
1877,0.002012942032306543,-0.5420732972016153
1878,-0.019537137509418243,-0.5445557199660981
1879,-0.07700885406426575,-0.5235657290746537
1880,0.24411151266450626,-0.5837368856567942
1881,0.2765605522245077,-0.558579134947513
1882,-0.14235579385991598,-0.5323330642275338
1883,0.5232179855372494,-0.41244238358083907
1884,0.05462651999125621,-0.5484848922987399
1885,0.06242439390098833,-0.5242255953905193
1886,0.15891628564512283,-0.5610850521629268
1887,0.07562154211797183,-0.569082694735378
1888,-0.1739670883888863,-0.5439553102793054
1889,0.22055968972200518,-0.5291422687473226
1890,0.02411362047497051,-0.5664084969504382
1891,-0.3079573030303008,-0.5099755968240995
1892,-0.195391596495163,-0.54991234266353
1893,0.14470394548274426,-0.5545949386412029
1894,-0.055338393165605515,-0.5358612010383108
1895,0.6567219554933101,-0.34737116499736237
1896,-0.11572415808554637,-0.37636619399060495
1897,-0.38444829410048176,-0.49443926419251694
1898,0.026335817954291244,-0.5095699744515227
1899,0.5985582313581793,-0.48348002043337057
1900,-0.025906731527318743,-0.5383198468511757
1901,0.1929353556188594,-0.4506871454268482
1902,0.31543192212051074,-0.4709555994270287
1903,-0.3137977928687761,-0.4309699596653026
1904,-0.23712603711972485,-0.5410146747830437
1905,0.4370803598509205,-0.4837517601384386
1906,-0.3272974847090465,-0.5240426209027593
1907,-0.09549137084355493,-0.5317671796965857
1908,-0.1398055205584888,-0.5435242007182182
1909,-0.1956576793240302,-0.5262087268627507
1910,0.27891219270895595,-0.5155074258498902
1911,0.00395961370884871,-0.47727348200474706
1912,0.2818802198134496,-0.5198956531518313
1913,0.3208471071660669,-0.5135786482523708
1914,-0.1924195404630218,-0.5019300704865123
1915,-0.14788319145744655,-0.5111361481108253
1916,0.023434175626415574,-0.548871428135598
1917,-0.06415169665371039,-0.44652883586915465
1918,-0.14306125446988174,-0.5363841345411915
1919,0.21739016799817787,-0.45702382026540245
1920,-0.39308222343194993,-0.47292849721119345
1921,-0.3077857915945093,-0.4993220337746307
1922,-0.2902476573872766,-0.2336581913491397
1923,-0.5068921578412204,-0.23487733214075435
1924,-0.4894000714582635,-0.1617492918178413
1925,0.0907917972574285,-0.37324112706705587
1926,0.2997220294941493,-0.5442995960725711
1927,-0.04458001615070293,-0.47391637713823703
1928,-0.19835521247599538,-0.5142311269016238
1929,0.014525160076385598,-0.4743990989499619
1930,-0.4270139485524019,-0.4012613902329907
1931,-0.0018067994886293345,-0.5078567533439726
1932,-0.09723237636374947,-0.5433358976374939
1933,-0.45860181276555767,-0.36066542938615964
1934,0.2923169164289477,-0.4775211742503264
1935,-0.1360069883599462,-0.46140359498636857
1936,-0.18280923670927934,-0.44997005128015605
1937,-0.6786130684382355,-0.10643738314177877
1938,-0.8365577941752298,0.2634811730353937
1939,0.30091591072205864,-0.33260277579856184
1940,-0.725118175542184,-0.2982654004687418
1941,0.0316025027886241,-0.38658650695299396
1942,0.23622909024356858,-0.45054299708074586
1943,0.6725057833659874,-0.23311638329302578
1944,0.2255787496372293,-0.5168291160687721
1945,-0.08555565148055612,-0.408514440373687
1946,-0.0276361304376739,-0.5521595362459316
1947,-0.5798636061676888,-0.4102901972223853
1948,0.4684903463408098,-0.4412831993535974
1949,0.33032942317477276,-0.45643616283502253
1950,-0.19655376743368738,-0.5095062054822931
1951,0.7751419066023562,-0.32403030162843277
1952,-0.09856351501887879,-0.42870177615970856
1953,0.04926136048834228,-0.43449776997646594
1954,0.1837039162156173,-0.5196941993030114
1955,-0.44236828821018204,-0.3566928359734839
1956,-0.7666111422822653,-0.36389301696276627
1957,0.4172962936119906,-0.51097961612962
1958,-0.6389106390881616,-0.2646627866726782
1959,0.519840565191277,-0.30326028331933913
1960,0.383525021195808,-0.3849146017655939
1961,0.19183976759620722,-0.4888264122544684
1962,0.40484064875695613,-0.4856171742198844
1963,-0.7635782810928796,-0.4419389742412896
1964,0.07237578592454405,-0.5779068735225238
1965,0.18698644446078114,-0.5350850363300166
1966,0.051862730286937636,-0.5862976445375693
1967,0.10105079109941426,-0.5927787746405521
1968,-0.10215447446625586,-0.5495957884138241
1969,-0.22444466925614995,-0.5121301935006368
1970,0.2881618551408038,-0.5944339385734971
1971,-0.20284603154878408,-0.5774602830635945
1972,0.06044793211141039,-0.5495111197270008
1973,0.22367520948113598,-0.5653505219949874
1974,0.5133750826323212,-0.4861756005616777
1975,1.0268003083783652,-0.260677750174818
1976,0.48330900658066944,-0.17725935352117392
1977,-0.14731754002877734,-0.3513201182557036
1978,-0.3147624943522736,-0.49935494094003985
1979,-0.39512039086816436,-0.4407324205313107
1980,0.07871166847386771,-0.5467041880321104
1981,0.3258501091474393,-0.5491540350537372
1982,-0.17966689187336599,-0.5791309985077369
1983,-0.6021874872196789,-0.38384035262729554
1984,-0.6516435160517867,-0.43036760804494334
1985,0.4140444663942032,-0.5261275723333956
1986,0.12398437890772625,-0.5612103773109032
1987,0.9671444565202587,-0.5130325207720788
1988,-0.31292402608913006,-0.4816710770122486
1989,0.16579394324017044,-0.5189665611136863
1990,0.16218563388010027,-0.564008516465202
1991,0.578380731878953,-0.28610330819882646
1992,2.8071108754380214,0.991963994072653
1993,1.1918847486245452,1.5732744826619247
1994,-0.49797853610678544,0.49974696457642515
1995,0.41230331007669857,0.30927987576612337
1996,0.40716713436959506,-0.17538732651194477
1997,0.6851840637249865,-0.009642863891714232
1998,0.13263967617565825,0.2670605462804588
1999,-0.11844298484525702,0.15213966129627
2000,0.3251403754830798,-0.036890342017834005
2001,-1.007981394530157,-0.03411031998031107
2002,0.6007672870471183,-0.3327814995904103
2003,0.14875666423457606,-0.3031409998399279
2004,-0.30919810648771534,-0.3079265742391568
2005,-0.08650858142003691,-0.2969716767305783
2006,-0.14926607826940194,-0.36150890791223933
2007,0.21657161056663304,-0.3588640096863438
2008,-0.364924848772177,-0.3257122962720285
2009,0.320553264879321,-0.4073858797532048
2010,0.5575062724611728,-0.3542085392602053
2011,-0.04330360489479396,-0.3011010271133975
2012,0.47910808209736117,-0.4338656776456082
2013,-0.037690073439926496,-0.40731660513354473
2014,0.6540841875289177,0.04832766497150806
2015,0.13183202184534942,-0.29136117869859096
2016,0.07116850531324832,-0.20843780586657507
2017,-0.39116998410904025,-0.3214233209350368
2018,0.06928012555809113,-0.4279603004080593
2019,0.06434243721827228,-0.34635879890206167
2020,-0.3579893162847751,-0.32338200949836726
2021,0.48723220825642843,-0.45022149652699617
2022,-0.386279597670945,-0.4712741436707029
2023,0.3021455338242167,-0.3353689593432301
2024,0.2337172645552456,-0.38476584901780747
2025,-0.2219415728001543,-0.4051930075858397
2026,0.15954516542080194,-0.49566034885603677
2027,-0.2919364882216616,-0.23932771309712608
2028,-0.40060570998974615,-0.29441213616119893
2029,0.030488669751411207,-0.3701967002960641
2030,0.29164326908087984,-0.2929933608442187
2031,-0.31787271249659005,-0.4106190100265
2032,-0.4904486773875999,-0.4493277715304205
2033,-0.05352733374868196,-0.36812468361626777
2034,0.3338148584421357,-0.42210299053537115
2035,-0.7366259052600823,-0.47064591260821464
2036,-1.0969350313282642,0.3341819843302817
2037,0.32378400986949957,-0.34013095469772686
2038,-0.027609502981837817,-0.4340171870554178
2039,0.9779108260268478,-0.08429611226391888
2040,-0.19402605113006602,-0.30756322114920387
2041,-0.49582426796279166,-0.32476307783855346
2042,-0.4706547151726607,-0.34995895854651893
2043,-0.24557943598641613,-0.172522597296284
2044,0.8828243187899261,-0.2556971821665989
2045,0.23149768083847982,-0.013957497440421558
2046,-1.3670963148981785,-0.05205073214219094
2047,1.7675076442524429,0.23835119181835773
2048,2.200576339854761,0.7074398046163008
2049,-0.8984130549901386,0.5987733596649426
2050,0.13858244598844544,-0.05459147340076408
2051,-1.3363390479215578,0.014966305784907078
2052,0.7114563748007197,-0.2504857833344212
2053,-0.5567537863995615,-0.20557774989713587
2054,-0.29267576786693184,-0.041980518663103886
2055,0.2548307875804467,-0.14248282440422624
2056,-1.3652963876513664,-0.10562457684510485
2057,-0.49498364562736774,-0.2808681681931141
2058,-1.9839100775602359,0.5291587996327664
2059,-1.162129213429712,1.1115933999206933
2060,0.7601971859974952,0.10408704817516064
2061,-0.7537498009460141,-0.10890389411818906
2062,-0.012023903484571424,-0.3119309360373095
2063,0.11150849804705525,-0.12852148668669153
2064,-0.28338854129116336,-0.38642690922075146
2065,0.2351268527962573,-0.39304320459393777
2066,-0.40413887151649147,-0.41408139689969203
2067,0.9578565062897343,-0.27253078336019987
2068,0.8899756277417881,-0.30516935450517746
2069,-0.04605771484146272,-0.37101309533925253
2070,0.349389221493414,-0.3102313871923415
2071,-0.890690419883108,-0.38981777373731474
2072,-0.12353001136306395,-0.5242236201367014
2073,0.6094130893943628,-0.5187282194704619
2074,0.24051204641839666,-0.5606215782651548
2075,-0.5474083915111647,-0.4552044238747659
2076,-0.15012904192992052,-0.4399611609696724
2077,0.1590677074824479,-0.43425618152955725
2078,0.2125771333936348,-0.5253597536228536
2079,-0.5633938499793283,-0.41831549031007836
2080,-0.3519761728856603,-0.4979642736763299
2081,0.4080464782725685,-0.4915612535485794
2082,0.13009215070105867,-0.5432405769147427
2083,-0.06833808194465729,-0.4072426802243546
2084,0.4426363374382866,-0.48116709446578887
2085,-0.3095655660279432,-0.5135497696866623
2086,0.8655971189140259,-0.24773533813174087
2087,-0.2769034653100881,-0.3881293621500092
2088,0.3812128130207753,-0.4551058079820917
2089,-0.8819519160601524,0.14793921342883923
2090,0.9305837781082548,-0.353133361867758
2091,0.36081926466110864,-0.33191344747541385
2092,1.4899436390521341,0.8001267246623719
2093,0.5076232902192163,-0.16401253621433468
2094,-0.1826105964850062,-0.40803529501732466
2095,-0.37134650548569204,-0.24790345696121202
2096,-0.9098219913183965,-0.26126325559499075
2097,-0.5041507673418694,-0.3778345956567888
2098,0.6727252588640358,-0.3519765007961434
2099,-0.7629195319711685,-0.21001443970068845
2100,0.45200913261489106,-0.3918632451709666
2101,0.37081745983488346,-0.44741013488951403
2102,-0.05453870928689854,-0.5266987249117538
2103,0.18618478749997722,-0.2947761527324784
2104,-0.04922395219392719,-0.46463117666648873
2105,-0.045081246643882376,-0.46161982430441734
2106,-0.6899521512398119,-0.417356162216779
2107,-0.15035510835271917,-0.4334844948458768
2108,0.416009216960976,-0.5469129433009967
2109,0.4611093471738861,-0.4131915775311644
2110,0.17238902383514249,-0.4646701151399534
2111,-0.35694217438949793,-0.3037938108852488
2112,-0.5705720975677628,-0.3342666513309189
2113,-0.03268340307923827,-0.33045829202967225
2114,0.8118448238490302,-0.4339082494398358
2115,-0.19151988332891745,-0.34735216856257184
2116,0.8115332845494629,-0.31151316830857756
2117,1.0402954519036385,0.27195102844959496
2118,0.047383737406398355,-0.14536728844334285
2119,0.5034800701240459,-0.057437134790353006
2120,-0.7401593290486365,-0.15803591171427375
2121,-0.07581034778036527,-0.43237971121955815
2122,0.16959762892161334,-0.3742834166125764
2123,-0.21461902716348621,-0.35005738175371304
2124,0.7288097792661972,-0.21339811176831477
2125,-0.21628127372068712,-0.40839328725626145
2126,-0.15231591800686378,-0.3782550009276056
2127,0.3342762589359645,-0.3318749360741558
2128,-0.7393959264433569,-0.3047085484038151
2129,0.7097235992072275,-0.3086133389877767
2130,0.08744691576483246,-0.41539683161743257
2131,-0.01859859192497438,-0.2995064538225437
2132,0.5209274076920244,-0.32701030938653114
2133,-0.6263104335726049,-0.1880209407149682
2134,0.32235460030591084,-0.2598016514312845
2135,-0.047779004790974,-0.3887667096590246
2136,0.5099558785327037,-0.11571878760864347
2137,-0.3340926835419932,-0.14172093863794824
2138,0.6274341031348472,0.15871043563653084
2139,1.8487466808448025,0.7434326309457521
2140,-0.6067093177917686,0.7056127560727895
2141,1.6148134680385,1.0524333271569977
2142,0.5015989813406236,1.3992809681739848
2143,0.9023278997355233,0.9018811628266228
2144,-0.5697001743698152,0.6523497532866687
2145,1.5356494920116097,1.0182762475638005
2146,0.37042706907603185,0.958148383748507
2147,1.6299180213565034,2.4045452127453455
2148,-1.1764205120190263,1.161748443980983
2149,-2.054080381891337,1.7892391952595141
2150,1.6206004915415053,0.5861735412411824
2151,-0.36290726235938386,0.26865450473111024
2152,-0.4604470851297257,-0.06667101104130058
2153,0.22850758329628787,-0.3299004193199972
2154,-0.3818978839556666,-0.25226735228230196
2155,0.3235224783382967,-0.07389030231017749
2156,0.15345249746191356,-0.08732240651520819
2157,0.6503666424454748,-0.13981438983601782
2158,0.3499586186833569,-0.22006009365691093
2159,-0.5045829616613405,0.026658073952502075
2160,0.06155038560996257,-0.27855794218300717
2161,0.6038192943495351,-0.33661170410916585
2162,0.05919659443593944,-0.4257328775555997
2163,-0.11635060835280567,-0.33964920852157293
2164,0.08996941145116956,-0.3942918474092015
2165,-1.147704454286092,-0.023742710557402763
2166,0.7167378916439914,-0.287293067108291
2167,-0.3393110453503514,-0.3726831922715577
2168,0.02808565431109256,-0.40262651270881133
2169,0.07980722131937912,-0.42103977118047314
2170,-0.07581049279006062,-0.5184903441259832
2171,-0.05500766273275246,-0.45543994747418326
2172,0.9632591863321953,0.2158228743744449
2173,1.3469129409729763,0.2146579995701939
2174,3.42002866862598,2.9552167733603185
2175,-0.34663049897515014,0.8140140508445328
2176,0.008461147290164072,0.06454167271256425
2177,-0.369779947624374,0.1735838233575224
2178,0.2522996303313486,-0.12647274806483433
2179,0.9669551046961686,0.19802328645015646
2180,0.21290420768257826,0.4363342275822747
2181,-0.18844845660218468,0.4136265516871457
2182,-0.0957534126438126,0.044733882962619174
2183,0.31325693742128874,0.13981808472044452
2184,0.35452592795646715,0.45197193093994276
2185,-1.0186311828171355,0.04409657104228902
2186,-0.7016241220288186,0.11662117666464174
2187,1.0660463473476511,0.17320092065569295
2188,0.4541622150237959,-0.1467723042760053
2189,-0.9172166364685127,-0.1511731263277456
2190,-1.35155192484143,0.2360995484379003
2191,0.8180386824000916,-0.17840481942205047
2192,0.6565541798384412,-0.04825064849853715
2193,0.10625692323435293,-0.06050594891922389
2194,0.03348249454863812,-0.15231820004632196
2195,-0.6940646443210369,-0.2975357083107807
2196,0.7190324170185373,-0.2938566142975132
2197,0.6058729556416705,-0.24348107368782415
2198,0.4780501148845963,-0.25948114594475225
2199,-0.16059032026960354,-0.13534244727493147
2200,-0.4728833434986764,-0.28858441439614624
2201,0.5354884965948903,-0.22002605322787191
2202,2.1060115259449685,0.5705715019063474
2203,-0.8916301521302551,0.20453751670605536
2204,-0.45462676092214943,-0.15979640624059593
2205,0.19714467604377947,-0.31090534887085625
2206,-0.6096529202271342,-0.1720705497017291
2207,0.8496747604445951,-0.2419852296318786
2208,0.01038453696638691,-0.34353600187131256
2209,-0.1316031369196753,-0.38857783073522817
2210,-0.1939712324649141,-0.30648578384708736
2211,-0.5321134446037288,-0.05452353764040395
2212,0.36662402027006585,-0.2722965454135309
2213,0.034987400226840874,-0.17461127315843591
2214,1.3526912252655672,0.0845792681569913
2215,0.9513595935039013,0.18757818192584869
2216,-0.3942033007658107,0.2472305606573165
2217,0.49647256975297466,-0.03102173867306029
2218,0.05551957371022612,-0.1219060168540162
2219,0.3750056958413599,-0.06524644276054445
2220,-0.7766266386961671,-0.14471977984079917
2221,-0.3321101274946708,-0.19673544745264807
2222,-0.64540628399095,-0.2288153118617199
2223,-1.6776376196437397,1.1266473417804306
2224,0.9632412737478847,0.0158654517822351
2225,-0.1803478812832921,-0.2538077506434201
2226,0.8820661320282095,-0.21949209104761952
2227,0.0020455753216855376,-0.3233907178071047
2228,0.17148723347797717,-0.15755901106395254
2229,-0.6805222527623588,-0.3022990461934198
2230,-0.13244062281282493,-0.271614545463545
2231,1.121463235618004,0.06548432763218232
2232,-0.20704858669059792,-0.3111271499957261
2233,-0.2132884894271061,-0.22258548846866483
2234,0.5500336014015585,-0.3509067000382958
2235,0.7077702983851276,-0.12621949606060123
2236,0.07567944515301246,-0.1084399948793276
2237,-2.65597292211621,3.4226881812560594
2238,-1.7262775690404304,1.420515461439095
2239,1.0089942489479102,0.7827818339065578
2240,-0.40009158962071284,0.809325300546629
2241,0.3843221621482867,0.0979738074954518
2242,-1.2657013152065377,0.027658711046001812
2243,-1.253280564287855,0.8567261072857968
2244,-2.0439356596003138,2.2521636313470674
2245,1.420953119240053,0.5430537853142513
2246,1.61352079106797,0.2132608110108453
2247,-0.390191644758665,-0.018627089602200848
2248,0.20061050700694624,0.022321643916812895
2249,0.8734081413015039,0.25220294595843834
2250,0.08217790836261232,-0.1239136123471083
2251,1.066508238218652,0.3297261467065367
2252,-0.6532069291267889,-0.22717707863707118
2253,-0.046169033896612664,-0.3463027359106533
2254,0.6052740688894989,-0.32812241529382963
2255,0.7812190261505069,-0.08206838570203405
2256,-0.3577836915607168,-0.3037704212199423
2257,-0.8713032264445612,-0.4025071842191046
2258,-0.19518452940828854,-0.47326639382822017
2259,-1.4463114272112334,-0.11679411901808497
2260,-0.7950696943691886,-0.18573840696267682
2261,1.255600138270591,-0.288619100443215
2262,-0.12709706652145408,-0.24243997635687964
2263,0.2571251073573798,-0.4220954355565832
2264,0.6960719906795646,-0.42743144699403474
2265,-0.08376451920171664,-0.5162199647262379
2266,0.012293560979857064,-0.45741235901626515
2267,0.12300726455358023,-0.44886909996682556
2268,-0.18482721193004079,-0.515471689849117
2269,-0.8500709438009755,-0.30320892154558554
2270,0.18206038671949232,-0.5016257823439197
2271,-0.6048228252741714,-0.42556468710051526
2272,0.41845999317279836,-0.46160234206284156
2273,0.869282362433747,-0.43675729749018777
2274,0.3331260285329392,-0.48231100108493297
2275,0.022094229320871177,-0.5084693420435461
2276,-0.30826346358410717,-0.5155056988603206
2277,-0.4937882977552429,-0.5130212560098625
2278,0.1677226750838696,-0.494314821602429
2279,-0.5173628406784567,-0.31489760842129805
2280,-0.9054791759213909,-0.2750850033544709
2281,0.9983459314193525,-0.2861741486940924
2282,-0.9357401090436797,-0.35337396686412426
2283,-0.6212388876807198,-0.3786966911248884
2284,-0.06851018951122563,-0.23291274274159143
2285,0.6214605697896421,-0.4536262537667338
2286,0.3052821482869359,-0.4243388820161064
2287,0.5139258402110692,-0.35570955061226284
2288,0.028798916264481198,-0.5226789346399632
2289,-1.2484734202681833,-0.3011349006837367
2290,-1.0293406530329987,-0.07192449127834107
2291,0.24621548821551867,-0.2595929639459101
2292,0.9630332063017781,-0.31234415160822215
2293,-1.94639075699101,0.23838296372850806
2294,-0.844512590370595,0.0031542673515877013
2295,0.25643097773275214,0.08077404146841481
2296,0.17177210000779713,-0.12304355158466922
2297,-0.2726093268067417,-0.37723985702251256
2298,0.525550092859745,-0.3764966681733855
2299,0.7498871656423018,-0.36342021924953033
2300,-1.0637741514938552,-0.29353470800837134
2301,0.21395927926699254,-0.46525233612183436
2302,-0.203100057966715,-0.47870239456804337
2303,0.04830327747158391,-0.37176847614792985
2304,0.7114390906254512,-0.25852902317464244
2305,-0.8086649363460818,-0.3962030378469396
2306,-0.4482228753347858,-0.4449393807245392
2307,1.1222474008876313,-0.12172359988329626
2308,-0.9996867706141483,-0.28826577332315245
2309,-0.7255391387573458,-0.10118091789808917
2310,-0.22875471102720338,-0.26247296682706195
2311,-0.37945104656810735,-0.17400432223165777
2312,-0.7720255144099818,0.1412264084000923
2313,-0.6480920194992738,0.7077029058159738
2314,0.3835574144900046,0.20028288346008485
2315,1.0968169506451058,0.101369645798981
2316,0.1266286147087741,-0.24899733097804722
2317,0.16346786416154893,-0.2968435437644116
2318,0.35849373495060793,-0.32695555274918714
2319,-0.0025776794862686922,-0.39313941731450674
2320,0.622000710623676,-0.24914337609054346
2321,0.2374372742781426,-0.4089206115542539
2322,-0.017326543835976475,-0.31686382629803095
2323,-0.7882331298603757,-0.28153511979401696
2324,0.2733313702269634,-0.4786736353015246
2325,-0.21814032875619024,-0.2398356858150662
2326,0.673662645675845,-0.43695105731487427
2327,-0.1889448921366156,-0.4304513008940548
2328,0.21435969887890977,-0.29379424790555847
2329,0.23051134970931927,-0.35303330412517336
2330,0.5683274997601206,-0.3713303314400286
2331,-0.20067297636823328,-0.3063810116514517
2332,0.3761555353354017,-0.43529587319566043
2333,0.16309372410100814,0.43149934140423174
2334,-0.19972424935228364,-0.061423936436032764
2335,0.5594999921798186,0.6468145037945732
2336,0.010244317020652646,0.30549165229001635
2337,1.2490266621750732,0.17060412425079363
2338,0.09232661520156978,0.19991879393398815
2339,1.5691039099633044,0.4430238897108234
2340,-0.7020951768800902,0.302060263318147
2341,0.1933555977415673,-0.08122796404888091
2342,-0.47279776516178584,-0.08753705510181359
2343,0.9310528074920742,-0.142684009718811
2344,0.5959344650313235,0.06672081105984584
2345,-0.055459669594851164,-0.12302852445567455
2346,-0.19101201731301173,-0.08082382192126328
2347,-1.8925622188167799,0.28403960224004376
2348,0.21913508114235136,0.12126539607370526
2349,-0.9879306990361091,-0.16180526731451927
2350,0.9876139998202306,-0.08874200390960871
2351,1.1467862355331824,-0.13673738520363873
2352,-0.5105492232315928,-0.20226778841052862
2353,0.37752689923170757,-0.3038921216886991
2354,0.23211523386309713,-0.34300858527076344
2355,-0.6383731693421262,-0.29338772950535746
2356,0.8519934329653535,-0.3824790585206192
2357,0.1061666170355589,-0.547096798631747
2358,0.003812686518794137,-0.3981199100165034
2359,-0.18960265439206003,-0.11867422783407457
2360,0.03381773008505475,-0.43019326946420977
2361,-0.1124583369274119,-0.4215022320300755
2362,-0.07835990871573179,-0.46847556033380905
2363,0.19483588751734388,-0.32566233804322386
2364,-1.375797408982187,-0.16999828803066291
2365,0.22157549083752562,-0.37790492536279857
2366,0.5604627568254662,-0.4807275531000301
2367,0.38695832388406176,-0.47984935924777106
2368,0.1092574440322363,-0.49056819118218786
2369,-0.2553183773225386,-0.48278756092209657
2370,-0.3385268411082515,-0.37171997392086714
2371,0.3104344748288876,-0.48222972670729974
2372,0.8424897997261429,-0.23199293628850282
2373,0.6233494271136257,-0.037572557634373005
2374,0.11015987002125063,-0.2751576194871558
2375,-0.8023210174242525,0.062059628748863845
2376,0.11178752901054753,-0.34477024181383004
2377,0.6485751069928124,-0.35461333503719233
2378,-0.15450759960716745,-0.39429332625775154
2379,1.084062170913765,0.24539183048160756
2380,-1.4734915014720509,0.15722489850746912
2381,0.5439908992471661,-0.3632002468079454
2382,-0.6750396648697985,-0.2556705307430316
2383,-0.4431622974767948,-0.1714505075416488
2384,-1.0419774041024243,-0.0330993594774019
2385,-0.41808985722385494,-0.21319136394922703
2386,-0.7421113071418021,0.07840619081801142
2387,0.4762013258722972,-0.33766335593399127
2388,0.09750681740034967,-0.3571891291011031
2389,0.7995877489668632,-0.3385809708966338
2390,0.08308833728195525,-0.4373619460227685
2391,0.7154272822969271,-0.34756479534931434
2392,-0.9547648364988832,-0.3292169660470154
2393,0.25093458410416397,-0.3299657474685282
2394,-0.5631161334073835,-0.40289523646799
2395,0.970952687446764,-0.35605181727735546
2396,0.39827729472050794,-0.3903518287993512
2397,-0.5435051905109124,-0.32498955107241273
2398,-0.04268465750606689,-0.4550615154799412
2399,0.6999076384095795,-0.29915306865013963
2400,0.4148224872049019,-0.2821368933344862
2401,0.3034663669290061,-0.26715744871171454
2402,0.1333129969390407,-0.2651922401621289
2403,0.018050380781743453,-0.13752884956437172
2404,-0.3532140787908426,-0.27463300815949276
2405,0.4465499717623561,-0.03365373223335086
2406,0.3743624861721004,0.27422258463074956
2407,-0.60203033328878,-0.17738544878112802
2408,0.5057112388453415,-0.2690672029963021
2409,-0.12279577156377247,-0.35451478126099767
2410,0.23980297319838828,-0.30979481131746733
2411,-0.376232330054009,-0.1529574986144528
2412,-0.17272792306513587,-0.3647132448027852
2413,-0.02932252762694628,-0.3357154389343353
2414,0.7226149746881528,-0.17702454137336582
2415,-0.5872112448667253,-0.15739927785052066
2416,-0.4077079658942159,-0.13170995445600592
2417,-0.4712192621538009,-0.2020252313668879
2418,-0.13285740369430585,-0.30720558799475
2419,1.3670927180422578,-0.03402493329985899
2420,0.03705114807555868,-0.11080182052559713
2421,-0.16553344695500857,-0.09612159531918732
2422,1.1383115505909474,0.14972889140285153
2423,0.9954574717536548,0.6024647913400086
2424,-1.4924522732844157,0.6582420792416396
2425,0.7170619557713341,-0.13738469087836025
2426,-1.6793243596119405,0.3719719436554065
2427,-0.18406340621183315,-0.09194268675106897
2428,-0.7243707445795768,-0.05962587413255316
2429,0.7851492008939898,0.20071319728142606
2430,-0.2728902518641035,-0.02131560940135636
2431,2.9646436368956883,1.0121249465597617
2432,-1.88354894268439,0.7532175016294832
2433,1.7208708101290793,0.3776153067796654
2434,0.5995248574464228,1.2083613555600707
2435,-0.1112861373621398,0.38551741794554534
2436,-0.6324225165737605,0.10567385451774217
2437,-1.1728867679404649,0.41751145966142617
2438,0.30484074396921484,-0.21121680406935328
2439,-0.9717576196415472,0.012153246270133991
2440,0.5690582667243372,-0.18135283501236646
2441,1.0089713274850012,-0.014066228348591406
2442,-0.2655806899348683,-0.27642887135931804
2443,0.5765870261349227,-0.17232009546845195
2444,-0.21510939479551172,-0.4096179259401043
2445,-1.9062353140289356,0.22759017835332895
2446,-0.806369295565028,0.03169090357768883
2447,0.40043322683504623,-0.36149085088778965
2448,0.6576218950120698,-0.47541619917255934
2449,0.5617818808758955,-0.2947087779410316
2450,-0.9359288656899347,-0.38125590268057025
2451,-0.283389210134642,-0.31662041699976223
2452,0.26416555785794843,-0.38002294086337396
2453,0.18214123500642215,-0.4559650896006303
2454,0.5037153871521454,-0.27661093184122626
2455,-0.5299712789110582,-0.48950678459735225
2456,-0.11668717291804558,-0.4546574852944914
2457,-0.3067702914192732,-0.3367582603757581
2458,0.17174746450363146,-0.5005018000715232
2459,0.4736069972272186,-0.4701520086754403
2460,-1.042891806607977,-0.3995619195849522
2461,0.04444103196704197,-0.47344649875553896
2462,-0.6494169439564944,-0.16905766588508547
2463,0.7118260596427931,-0.4675173565321659
2464,0.22312220722229617,-0.4227629120088245
2465,0.6083092261263857,-0.4919577612713245
2466,-0.18216557648466947,-0.4232630511396052
2467,-0.12290487882516508,-0.3942010211791941
2468,-0.25688368157191005,-0.5108914800168728
2469,0.05167302322121918,-0.5615134768272998
2470,-0.3040013784103904,-0.425176582603694
2471,0.685834301612807,-0.3351788891807892
2472,0.08968719898176639,-0.28499269622307305
2473,-0.3964472759849715,-0.37920270435263226
2474,0.8885130361935423,-0.07481020883387511
2475,-0.4084298187428611,-0.2834035138878316
2476,0.678936350574239,-0.20712642208817053
2477,0.9805450804572428,-0.008176040938853678
2478,0.2815218337478044,-0.17381165758682665
2479,-1.0522073451788085,-0.17184478224425925
2480,0.2566785270994607,-0.42517735078306773
2481,0.5829965542054688,-0.36080998795619684
2482,-0.32156477827732355,-0.36050201625912104
2483,-0.03812283324889349,-0.31304544111931676
2484,-0.9606676759154732,-0.3306094568173513
2485,0.06699879427781755,-0.44523100314446873
2486,0.0035558636741218693,-0.5064010703511302
2487,0.14613581631989117,-0.3674850770900613
2488,-0.5340183856002462,-0.4859201277854467
2489,-0.06651538992937166,-0.4674493173564196
2490,-0.5295748987369221,-0.4092755792038051
2491,-0.051712313171587566,-0.336652375558296
2492,0.440260034656378,-0.44517498471411826
2493,0.24536191275075137,-0.48603321911303077
2494,0.05340327626883457,-0.5561904930604408
2495,0.3874831595047618,-0.5729219768319592
2496,-0.07975345799950041,-0.5284041723085185
2497,0.3763737453604711,-0.3479664962046099
2498,0.09628670178775958,-0.396462365947738
2499,0.6996585141247419,-0.2518525937387883
2500,-0.13484372009683393,-0.4263626723973843
2501,-0.05946373195298175,-0.43120366737811106
2502,-0.8393977229209589,-0.28012019896557705
2503,0.14287229141645386,-0.32566781138155193
2504,0.751251039018851,-0.2865563039689293
2505,-1.31837973725823,-0.009454969139443832
2506,-0.4984548242050044,-0.16792147594772625
2507,0.08565395298963009,-0.27285212694876076
2508,-0.5555735293319407,-0.34603730188778237
2509,-0.5685364957817094,-0.12714885460585584
2510,0.4913145139453944,-0.3852605576274266
2511,-0.17428529593514164,-0.41993191269277225
2512,0.30553056248502614,-0.4349448855374879
2513,0.44496663817789217,-0.456502975371077
2514,-0.7197036930554963,-0.3513599493176468
2515,-0.4038559615183143,-0.25711147456293015
2516,-0.2892186888596472,-0.4067911195815716
2517,-0.4889945763109049,-0.1660517599428237
2518,0.04901928264080795,-0.16923135032048683
2519,0.5152332186139251,-0.21778915608589441
2520,0.13554107318871178,-0.25787787257324
2521,-0.3256122730744606,-0.4330937786623633
2522,-0.11706796967586962,-0.42622761502494566
2523,0.08762447604114981,-0.47785587322834977
2524,-0.7474228427727876,-0.30574260124419145
2525,-0.3073602600797241,-0.14286051561485696
2526,0.6585126534673387,-0.08085017100423787
2527,-0.25049283133145234,-0.29818169194059513
2528,0.2139199659197691,-0.35809568934999
2529,0.45513551246272554,-0.40160817771735263
2530,-0.16201131346191927,-0.3335272652781548
2531,0.5701894690834115,-0.35413431154793396
2532,0.3652960657643961,-0.3384299679003385
2533,-0.3932308722466107,-0.39131820434212405
2534,0.2265045805837289,-0.43648772753922455
2535,-0.4460076203094092,-0.44003978227327034
2536,0.43666705101521036,-0.5045627266975204
2537,-0.858810082509118,-0.27039929647536803
2538,0.46680715558495545,-0.536019940521737
2539,-0.27621658451215175,-0.49051347779772125
2540,0.44705247233641876,-0.51713184171127
2541,0.053131542820547835,-0.5320762588830751
2542,-0.1426669822215242,-0.5375832112570639
2543,-0.35261745131847155,-0.517767455736192
2544,0.3162034891113325,-0.569519906490263
2545,-0.21084420214409857,-0.5946550815630978
2546,-0.3105559202001141,-0.47802421832775205
2547,-0.008790472951879241,-0.5504792514909632
2548,0.34984383321013895,-0.5642827019977112
2549,0.09165402801844795,-0.61045663465202
2550,0.20015487571581034,-0.5672333419106181
2551,-0.205210855794621,-0.5580018844633887
2552,-0.17435412511929752,-0.6020163923034945
2553,-0.14908473320986537,-0.5241148274671851
2554,-0.4726248930955387,-0.5450245645809498
2555,0.9083035407838402,-0.4263382078390317
2556,-0.12288379474299382,-0.5555975289227084
2557,0.06557767277430437,-0.5387802437177234
2558,-0.09075634018998158,-0.5402783830783211
2559,0.8180282154931281,-0.4135129227038414
2560,0.010834674578715744,-0.5083928425302274
2561,0.342279709453259,-0.5749109295926114
2562,-0.2228471001429566,-0.4956157544522758
2563,-0.40214343729843555,-0.48716735069584954
2564,0.2184473917649978,-0.5631708107577865
2565,-0.15222532154087184,-0.5588432045333248
2566,0.06444380509963081,-0.5485836666300778
2567,0.4412246675254314,-0.4687967831426453
2568,0.6767844293902074,-0.0700979746258802
2569,-0.07349987346573549,-0.44594988890892806
2570,-0.34862091918817,-0.5596369363111304
2571,0.2228623191098498,-0.12210982828143827
2572,-1.9627472240115496,0.5343428047858774
2573,-0.7306243255340564,0.23186045960288565
2574,-1.829251462083267,0.1127807940193338
2575,1.2959104561988763,-0.05395216900712214
2576,-0.17702749725271627,-0.487918502504359
2577,-0.3689512307302624,-0.44921753850084
2578,0.20591366703601743,-0.42107967138316
2579,0.12426420193682432,-0.5027784910559364
2580,-0.3042930701222239,-0.5098772480957614
2581,0.3858589923761642,-0.5398406508529617
2582,-0.09706533540423457,-0.5079688702929799
2583,0.3166145743353705,-0.5558378917673151
2584,-0.36793761698118216,-0.5658605960062693
2585,-0.8368874880861025,-0.34688596269170285
2586,-0.34329950521612335,-0.3793063535598104
2587,0.24629793957741605,-0.4355824428852343
2588,-1.2031979050480759,0.14170152694457566
2589,0.653653999313818,-0.36487466438998983
2590,0.0994515838962336,-0.5352433171389871
2591,0.44592532274780916,-0.502558008205511
2592,0.12357358247641236,-0.5260233129807825
2593,-0.21506099013413643,-0.5145838256510912
2594,0.18579365828352404,-0.49075417248023867
2595,-0.07372043174727937,-0.45062125986305684
2596,0.4022917996083496,-0.5461565465635144
2597,0.0797768180415293,-0.5085153941769216
2598,0.027624965856577265,-0.4317282723788642
2599,0.1281816995795487,-0.4925623288250117
2600,0.23673916175175846,-0.4327218570113416
2601,0.33008277211458836,-0.4462846403025686
2602,-0.10677620088153612,-0.4402554163606393
2603,-0.4801480513595262,-0.5069467890982947
2604,0.1438061643554585,-0.5530776625159602
2605,0.497199147431655,-0.5236752630226139
2606,-0.2899276031243727,-0.5291411003070919
2607,-0.2316830427612506,-0.4844231132540602
2608,-0.324241483621905,-0.51503795078805
2609,0.07543393434237096,-0.46135075193377795
2610,0.09041704854492358,-0.5332147924922294
2611,-0.30765228738860967,-0.529204888445876
2612,0.02390297282641296,-0.5555015744887738
2613,-0.15843324261736605,-0.5540064494510906
2614,-0.11010620452105072,-0.5421961969584657
2615,-0.5301619422636256,-0.3086214034895717
2616,-0.1503927403313596,-0.4515484111188633
2617,0.38581046486055254,-0.1491972878169209
2618,-0.27553198351396946,-0.14522557480846923
2619,0.288365608723453,-0.18582420815560052
2620,-0.2295945792010389,-0.34957405923313545
2621,0.8008530931700366,-0.20964441547531684
2622,0.2828983775164486,-0.3285808441437362
2623,-0.4813987961514913,-0.37227177537506867
2624,0.5911941684447037,-0.24204448386321736
2625,0.04273419069356204,-0.4619244819806861
2626,-0.21507532992275005,-0.48615136852014257
2627,-0.6078620596745353,-0.38615102335734797
2628,-0.5588013313663267,-0.375206146658539
2629,0.23390317549766057,-0.4638836146989051
2630,0.15364877310827302,-0.5048362229204746
2631,0.09822411321484519,-0.4642804008454485
2632,-0.6760150443047158,-0.2836634027980831
2633,0.32244429485626674,-0.3718211883121128
2634,-0.10317766750022611,-0.46666030933115626
2635,0.7388643651787734,-0.31397925277801747
2636,-0.16155848587758437,-0.4888599975445804
2637,0.10088748981373913,-0.5410083196791226
2638,0.11528188254909691,-0.5434451467758976
2639,0.5234538833668945,-0.45583654887016045
2640,0.20104358587612708,-0.41557175899421683
2641,0.5844639729237856,-0.35725735487781174
2642,-0.3093497144479526,-0.4185837892230743
2643,0.22017148797725689,-0.423478991830207
2644,0.48287428976599117,-0.3636436564083769
2645,-0.07887406179959813,-0.421786563604199
2646,0.4179315951906842,-0.43843456012826565
2647,-0.40037634937971683,-0.4474427675604229
2648,-0.4403815061556089,-0.41299783439971655
2649,0.16694182393331022,-0.4158015860891263
2650,-0.22830250806891744,-0.4420914371392235
2651,-0.250240156307287,-0.44477145936076445
2652,0.7585524720051414,-0.48299226172149934
2653,0.3194854985124263,-0.4101136066796807
2654,-0.3773611721355588,-0.44381310915347366
2655,-1.1810603856819022,-0.23568931589795455
2656,-0.302669278407389,-0.3774364869939777
2657,0.44939783948127837,-0.4449091247396005
2658,-0.2259101010453643,-0.5010310758973909
2659,-0.7253435237544897,-0.33593382880970535
2660,0.2774401862302324,-0.4546876036578951
2661,-0.2177846592815523,-0.5020572353783926
2662,-0.07168216600255192,-0.5019199583567112
2663,-1.3110582645827837,0.19761810868679427
2664,0.6378113189383687,-0.2580406267710108
2665,0.2461020285077136,-0.33112745242145
2666,-0.6890756274429609,-0.4786089093024392
2667,-0.30676076777747924,-0.2539587161269141
2668,-1.2148337378531604,0.1416052500599409
2669,-1.199763704698214,0.42953314950322335
2670,0.2385894074452632,-0.1501758086527377
2671,0.5211740727268651,-0.10930701541204842
2672,0.8584752895243535,-0.14003181873202913
2673,0.3391936793841894,-0.40615288133438215
2674,0.5830081037933553,-0.42254295951359516
2675,-0.215164950775602,-0.48180436333730275
2676,1.0011998100121668,-0.19713987029478988
2677,0.8669512249530449,-0.05250763413344017
2678,-0.12773253524056571,-0.5413317851384138
2679,0.5583910423618819,-0.28048085568867964
2680,0.7876963768559995,-0.10862077206127294
2681,-0.6129500793667422,-0.34835627766802446
2682,-0.09362287580295248,-0.4394011169494929
2683,0.31235998141555504,-0.43689612121513216
2684,-0.022937878935389452,-0.3730070388901841
2685,0.011575116635039788,-0.4079106944113989
2686,0.3025200938231826,-0.37963625703260984
2687,0.6176298633826034,-0.42780449067254883
2688,0.05155141886204895,-0.4203221989019014
2689,0.9347411750340219,-0.08703329793484907
2690,-0.2058680307456297,-0.2773559895043133
2691,-0.37435440008006665,-0.3390211848864921
2692,0.8057487992588666,-0.17868046745600466
2693,0.03407713026044963,-0.2165596877977715
2694,-0.05524604236955159,-0.3274332297603137
2695,0.4656427094046233,-0.2158186276229275
2696,-0.01340988459445226,-0.35598280861713855
2697,-0.3224905527768966,-0.2775191915406163
2698,-0.13655925604607724,-0.40094376493792827
2699,-0.07881905276265075,-0.3656460237716055
2700,0.19494480201236045,-0.35549748193884606
2701,0.25440624839011244,-0.3885154847846592
2702,-0.5445091705089734,-0.24926064153176408
2703,-0.28500979334579085,-0.10747834678806321
2704,-0.5068421580410354,0.04466750879410319
2705,2.273725232283922,0.6992297100388714
2706,-0.6695605867123695,-0.287927260838993
2707,0.07739771230205385,-0.013866073788676696
2708,0.9322790906879836,-0.2567538123389719
2709,-0.14428661026775091,-0.05292646465452067
2710,-0.394212035571421,-0.30552033100326387
2711,-0.9900388794890542,-0.04266658003940779
2712,0.37851755586296026,-0.37669725523288133
2713,0.5460519961015253,-0.26556809764976463
2714,-0.7960094825202869,-0.15066119739088968
2715,-0.1571138314509682,-0.17940332835962938
2716,-0.8564724501448765,-0.33615969552974106
2717,-0.5569712159338891,0.344204413993386
2718,-2.4103844561558327,0.5253519357629649
2719,1.5019562286452444,0.12496855841553438
2720,0.23924048734262224,-0.11533106193062308
2721,-0.257158907626796,-0.28772402665593794
2722,-0.8945672856492692,-0.09107145069736024
2723,-1.0571837604253016,-0.1659396503646833
2724,-1.6398593019769094,0.5419529647806096
2725,-0.04311683481099492,-0.17107746817312589
2726,0.6568528761712634,-0.16565859858331808
2727,-0.995576649109089,-0.05756516093289395
2728,0.676104637778396,-0.09549464634688978
2729,1.3174681069925338,-0.055801485815996976
2730,-0.9609179692009193,-0.16976221175115766
2731,-0.2577265669812943,-0.20377051719640385
2732,-0.12120652906095826,-0.4020659374949732
2733,1.0492608932949918,-0.2714531866525926
2734,0.793543654827464,-0.29034882232397263
2735,-1.0873886180523045,-0.23663720980272274
2736,0.31126128070093895,-0.495594609815411
2737,0.3856150991745702,-0.4569990435377878
2738,0.4816712521890433,-0.38055530373853474
2739,0.9192455006661506,-0.0957537342241109
2740,1.00724687294675,-0.06470407202011715
2741,0.7262002775044487,-0.3911942675192482
2742,-0.41816041231454476,-0.3741802460079576
2743,-0.8698943331135404,-0.3229330395430445
2744,0.41614570925865735,-0.46732043913628574
2745,-0.8824001487444573,-0.43165512379273613
2746,0.10112154948034595,-0.47424433769660124
2747,-0.38904068743415765,-0.4421990342821451
2748,0.18052230597685498,-0.5168600980864584
2749,0.01917814814812544,-0.5206841827174401
2750,0.6348577004543183,-0.44256031411896507
2751,0.14939823880779887,-0.4163075222592162
2752,-0.4653562107622326,-0.4864819782948673
2753,0.4752358337533773,-0.5642971637506534
2754,0.40286289890548427,-0.4500448857704527
2755,0.08772902235336962,-0.45049554667661035
2756,-0.010661725829982921,-0.43721524621140284
2757,0.37514721447335164,-0.45222457114899794
2758,-0.20247692220228233,-0.5214648071074265
2759,-0.38571351689347727,-0.41214443728371
2760,0.4754994853242248,-0.4409425938407442
2761,0.666607162908097,-0.3933677023656988
2762,-0.17493609130600873,-0.4374522611976949
2763,-0.2218789677909125,-0.1625725699802485
2764,-0.029918089659724773,-0.257229159877167
2765,0.4833949721477416,-0.34224429689761376
2766,-0.7997060060717529,-0.20091726244101143
2767,-0.3544891725323042,-0.22799768663534994
2768,-0.1736184330645016,-0.44637191306320456
2769,-0.17605678764577376,-0.4773089389900355
2770,-0.34212897617871435,-0.3284736400880827
2771,0.053135107509995984,-0.4225733176943356
2772,0.5385887297776296,-0.5420757572363887
2773,0.048268293839741516,-0.5416102205599501
2774,-0.06231804260652679,-0.5598493059001952
2775,0.39300618185721353,-0.48709363542014106
2776,0.1736226123045252,-0.518886355575398
2777,-1.3154798059480064,-0.2880773191136605
2778,-0.6625947920037828,-0.09390493606682618
2779,-0.11244195902189857,-0.3572282267401038
2780,0.507297824799419,-0.3854446142019179
2781,-0.11348663444475074,-0.34309900044709696
2782,-0.02883464729717574,-0.31202318646976746
2783,0.909266562843996,-0.3166405784123098
2784,0.7546521242579167,-0.19471682211359284
2785,-0.1646704843191867,-0.25383089920191515
2786,0.5006976480650329,-0.30483308130365966
2787,-0.12512654203493861,-0.32745898298531
2788,0.45384020263493197,-0.4056953434079095
2789,-0.4397847953232593,-0.38604940357605594
2790,0.32193810289268054,-0.42631463684877935
2791,0.21594582069390986,-0.34379067358164095
2792,-0.31359670051113053,-0.2651101801958806
2793,-0.35180843289802327,-0.2930478092985867
2794,0.6625161197826237,-0.3174209138066131
2795,-0.5280948668179184,-0.39573886159840116
2796,0.1418156190991419,-0.45066279456272734
2797,-0.14445749862474694,-0.3061582641611056
2798,0.3319271266047077,-0.3976367843452073
2799,-0.03388792424825018,-0.27931251518730593
2800,-0.3918101299970667,-0.39846718478582355
2801,-0.5306996866532581,-0.39746594989387
2802,-0.26966116005283736,-0.24654664450549002
2803,1.2139600944119049,-0.21439237614774137
2804,-0.1575690116123085,-0.17556932674070277
2805,-0.4872888067456654,-0.36499544486494107
2806,0.325118199190393,-0.4738428298107625
2807,-0.21578951514430905,-0.42925626825033575
2808,-0.7756139956066976,-0.2607553740010446
2809,0.41412907917027225,-0.2859523021658638
2810,-0.968106782093925,-0.32132164232735216
2811,0.06361888081979909,-0.31565078884684156
2812,0.015091032529470657,-0.13023537267902188
2813,0.09726266747739411,-0.2301051477742738
2814,0.03268482569177615,-0.25121401951932204
2815,0.2952994644697267,0.19131330059157717
2816,-0.37251327434431447,-0.18936659764842198
2817,1.1463474725637668,-0.18506657585769476
2818,-0.27293059171202994,-0.4419273335243003
2819,-0.3828410528980806,-0.3827964196712286
2820,-0.3414941975405246,-0.4013684302119254
2821,0.4510118501437307,-0.3391862818022924
2822,-0.3933575114914968,-0.31562378790866386
2823,0.2801322840607687,-0.3191347733734217
2824,0.6177173912399576,-0.289129061889637
2825,0.9818969188668687,0.182096308044847
2826,-1.5682890988280525,-0.18001146733476428
2827,0.02897161462851015,-0.12331336016835698
2828,0.3314214811499804,-0.46812916379207303
2829,-0.07246377560565484,-0.3993307978617908
2830,0.09469807951746187,-0.3110959709404398
2831,-0.2953299932206737,-0.319616466495892
2832,0.7216931266081184,-0.3147368318996257
2833,0.038749265911457734,-0.48589892714630606
2834,-0.02891578058766661,-0.3705750028133844
2835,-0.21121826463309812,-0.34366499108315646
2836,-0.14365664541420028,-0.41605228561286894
2837,-0.37174479243975184,-0.49907320981099035
2838,0.05600970300665365,-0.4701709388293712
2839,-0.6585653790186284,-0.4405358757981844
2840,-0.5845914520868328,-0.38671510388752345
2841,-0.006052154853210056,-0.29381241852677503
2842,-0.16930741530183285,-0.48053095989344785
2843,-0.9241412692254231,-0.06264362854904902
2844,-0.44005344528416585,0.07836347972620895
2845,0.3239490812507256,-0.054275109083411564
2846,0.31472257790944486,-0.3626124013849405
2847,-1.0988318228926908,-0.03359582268210857
2848,-0.36092998914900043,-0.16154262607845937
2849,-0.3889309620892515,-0.20165883706367507
2850,0.32902494575750174,-0.49516842027112307
2851,-1.351515506116603,0.20625026075238578
2852,0.30429531723186076,-0.3279587579224301
2853,0.9342280192963922,-0.18468083170052116
2854,0.5293978923884888,-0.17615577765056747
2855,0.578623944136016,-0.1376526935118337
2856,-0.14798703382771486,-0.25047757843961677
2857,0.3982923681997088,-0.28636479445255647
2858,0.021331028383912036,-0.52996998809081
2859,-0.9015258274365168,-0.36346308486828766
2860,0.5801048298546604,-0.39697458674653274
2861,-0.9801317066681275,-0.35429117267263954
2862,0.7366856956322592,-0.3135408762040205
2863,0.19561166212635117,-0.3702964011712243
2864,0.09758197220406725,-0.40348277100949587
2865,0.7444683596788211,-0.45331628605263935
2866,-0.20546006253446644,-0.46445859522046234
2867,-0.14941676216647617,-0.4866720423298983
2868,0.2113624500381284,-0.4779747825405513
2869,0.08166795819458857,-0.5053828369959847
2870,0.9042885454701307,-0.24410255702729064
2871,-0.2777387992414896,-0.38712853155906374
2872,-0.24126618423888574,-0.517463594632559
2873,0.06179624880063032,-0.5506545250924462
2874,0.3886282906441815,-0.46739512377733133
2875,-0.4289891082372274,-0.5003529688483227
2876,-0.07704820280782704,-0.5371076953144436
2877,0.08659322852013733,-0.5727128501392647
2878,-0.32734758124218005,-0.4562250622483087
2879,0.13991488159841345,-0.49855157991126425
2880,0.2658517557105045,-0.5266071751366045
2881,-0.6341994036202514,-0.46240976404475437
2882,-0.20786322075630373,-0.5032851662978022
2883,0.09736242848102707,-0.47869035645368846
2884,-0.31777975391020796,-0.4663871359503898
2885,-0.7318863727214582,-0.2678231112673249
2886,0.21816589005790551,-0.29230781515437376
2887,0.29686101071392645,-0.41857728920527026
2888,-0.6038176625672801,-0.3975869179133358
2889,0.27798745799976965,-0.5253194486134185
2890,0.1046054034885184,-0.45678980315806134
2891,0.19439990049692768,-0.5006588232540827
2892,0.4584561672906817,-0.47751100481081143
2893,0.4579074764298463,-0.3530980886768531
2894,-0.16960835638115496,-0.5209212236510292
2895,-0.049034699829398856,-0.4201452808614414
2896,-0.12477555483126522,-0.555537576789891
2897,0.2306259938692526,-0.5381915520193509
2898,0.10466186845460124,-0.4832896244174646
2899,0.11184047432627146,-0.46106285524123347
2900,0.301528381606236,-0.538482466329683
2901,0.024311127993646656,-0.457373874281597
2902,0.14501269222166321,-0.5003567598578674
2903,-0.30827788597619527,-0.42155874262799486
2904,-1.0490929177971156,-0.2774012723013075
2905,-1.7607555377723032,1.3592945422309164
2906,0.07905615141194369,0.20681578108796536
2907,-1.7755226866908767,0.43402410364813604
2908,1.0824944116435193,0.2226652257034311
2909,-2.015535618053383,1.5790249508500038
2910,-2.699946988852513,1.63271060441351
2911,1.7083585508256616,1.2629258910018448
2912,2.082760671678674,0.9124643701917962
2913,-0.2470968333370102,0.09315837592277394
2914,-0.8712330874841062,-0.05650425448530494
2915,0.5464988113691955,-0.2773971442893941
2916,-0.14249019294992588,-0.2629659642683323
2917,0.7705927009990812,-0.24032385791401448
2918,-0.7741341196173558,-0.3559184889750147
2919,-0.8752897029463607,-0.11789966771117948
2920,0.1382317214356434,-0.2296501626850815
2921,1.0509796215986724,-0.3625888378035182
2922,-0.12588247747075543,-0.4565716939659212
2923,-0.5815118859056398,-0.32549144791325324
2924,0.7400406104329226,-0.4656451789818007
2925,1.0886509644130424,-0.17316815063453547
2926,-0.1569195826942773,-0.30164104389096885
2927,0.9275511121238754,-0.01131035706940863
2928,-0.5700482808999114,-0.3396538000630756
2929,-0.2524659123231425,-0.4505176792587644
2930,0.009511433355773993,-0.48123236949809217
2931,-0.010861352972691017,-0.47493896366299204
2932,-1.0595585230767341,-0.36981267939325846
2933,0.7545825359996869,-0.4458225228417705
2934,0.6694470786131514,-0.4342599651603252
2935,1.730433950223781,0.1742376596238144
2936,0.21115238751053572,-0.31257672515299817
2937,-0.3836910532533824,-0.44906095996936335
2938,-0.3104551817660242,-0.4408654574005626
2939,-0.09930019103271621,-0.4164268901226199
2940,0.2824047420822271,-0.5489150960641684
2941,-0.4194340388935336,-0.46934592653082957
2942,-0.32957913587094667,-0.5363769280313886
2943,0.5596665066056089,-0.5489413663929701
2944,-0.5474300130233655,-0.5011082373158086
2945,-0.2711129546694787,-0.44068895050180323
2946,-0.184989627738769,-0.49942177811736915
2947,0.5603111116206132,-0.37954777531853384
2948,-0.1334857363712111,-0.5438257636844961
2949,-0.26034415576044556,-0.5400317807981604
2950,-0.11058418971887336,-0.5395604900377963
2951,0.512662799444348,-0.4666960410705918
2952,0.07947842828054044,-0.5348601366938917
2953,-0.00592603767462216,-0.5054424305537099
2954,0.2985545606101722,-0.4739440416367266
2955,0.5795060145743784,-0.3877105782228253
2956,0.1344696454874404,-0.44365213281817584
2957,0.2736847793086188,-0.464310312001732
2958,0.0715578053158464,-0.49108808859262093
2959,0.17086812480355532,-0.34535121664247564
2960,0.7038106064894623,-0.3051766568487882
2961,-0.17087221713576362,-0.41789276912537354
2962,-0.5076261146972275,-0.2571648357257529
2963,0.053247095743329566,-0.2949141109728507
2964,0.11036898086016475,-0.5211613083187543
2965,0.0777126988450101,-0.2948849417365135
2966,-0.3622658344473495,-0.5399532054472403
2967,0.06412943008860236,-0.5128821708279786
2968,-0.5148278709399323,-0.5147704223852753
2969,0.3370307844152637,-0.49824590816224895
2970,0.3154134948822037,-0.5482287982134509
2971,0.3588304826582115,-0.5465735747546062
2972,-0.06734786812813098,-0.5819802678814083
2973,0.5145184592776015,-0.32116026944680764
2974,-0.005178010335266643,-0.491821564474104
2975,-0.3230297499968339,-0.5486863260213517
2976,-0.060418101416029636,-0.5785247805379509
2977,-0.49040061165865345,-0.5579268690263142
2978,0.17182204063005224,-0.48122609186514975
2979,0.2716620627426228,-0.5656088176605807
2980,0.07970026483888794,-0.5490834071680105
2981,0.21842500476991503,-0.49392378189683667
2982,-0.08946138099464822,-0.3438137308635148
2983,0.15949096125657886,-0.5052469786748739
2984,0.7152927045631527,-0.28424230096863984
2985,-0.19384943323719356,-0.40005070818098937
2986,0.41116486785588124,-0.4586600226625296
2987,-0.16317533724131997,-0.4438075904875184
2988,0.30099935723354565,-0.385547016589448
2989,0.5214418122660589,-0.08850549752108199
2990,0.21036193053787924,0.021184740620655302
2991,0.4513139038975496,-0.3223430389363459
2992,1.575567412945688,0.6536985086793444
2993,-0.6348640779210161,-0.05313443603868848
2994,0.16889280862165867,-0.30106110117818774
2995,0.1518991778374328,-0.24242390649724818
2996,-0.7805997147737441,-0.3083157159637853
2997,0.46089757814852395,-0.35764479271588656
2998,0.2329384639039675,-0.4388263299682634
2999,0.19791239493684035,-0.37230761912119187
3000,-0.3937687954307318,-0.3399026411723555
3001,0.6114119890723858,-0.2587548225260413
3002,-0.23934855782669695,-0.4685978568888207
3003,0.3872838234774663,-0.3699664159619661
3004,0.15339442735070635,-0.1217920861477903
3005,-1.6492433016610073,0.6105555029963701
3006,-1.3386341467161607,0.332218431498566
3007,1.5132484707709806,0.6105840190594783
3008,0.6800210653001516,0.07212071712617865
3009,-0.14039776470672802,0.06525593021975327
3010,1.4569524923774646,0.040854125890421214
3011,1.362538321503777,0.48250818324970834
3012,-0.8094044344323309,0.4684481614456662
3013,-0.6767277649986887,-0.1022295673425381
3014,-0.6427851006917759,-0.19318390412671255
3015,0.8194640720871622,-0.1409478117963968
3016,0.17230493585485052,-0.36988788005735795
3017,0.7566894323939992,-0.27986124042570076
3018,-1.1898820776498134,-0.21234814694684692
3019,0.33148142429472455,-0.38594530771606794
3020,-0.4446686105268166,-0.27098899670149845
3021,-1.026640172280403,-0.21638570152360034
3022,0.5008178792555056,-0.33321783567719965
3023,-0.9287485329278378,-0.30322487203624293
3024,-0.11533258602984438,-0.37565123919543864
3025,0.8872281525928903,-0.3231800507834357
3026,0.3164313886194327,-0.3091398817421996
3027,-0.7995874572757722,-0.3919691454004222
3028,0.34260775236514074,-0.38904260041344496
3029,-0.3465168165552796,-0.5145308667274996
3030,-0.13127223143973346,-0.40342973986483216
3031,0.5007808475233457,-0.25867569886028535
3032,-0.07164885295627131,-0.4483484527788044
3033,-0.3753374812825509,-0.4412335352500868
3034,-0.12072692425922296,-0.5024531320490825
3035,0.979584267862025,-0.3509717910545363
3036,-0.3137658295925591,-0.536217180486139
3037,0.41942492355980304,-0.4636721744143792
3038,-0.6554589846052802,-0.3698180511635676
3039,0.3939631031556391,-0.460575184136355
3040,-0.2061478222020103,-0.5479999844611876
3041,-0.45135550901192295,-0.433456476374671
3042,-0.08821812281015502,-0.49829869468341087
3043,-0.2616027426217189,-0.45755853788643014
3044,0.33978647205788737,-0.49374095744456936
3045,-0.5257397266233454,-0.4351195111108893
3046,0.4608023175120972,-0.4923472373911406
3047,-0.01470624964749947,-0.3565271676344158
3048,1.062183793367344,-0.23795782775137392
3049,-0.26167913697333867,-0.38160525770147086
3050,0.6271951058248115,-0.4191776560690499
3051,-0.04411043159848834,-0.3407692733504613
3052,-0.17878517852716885,-0.46310849776404106
3053,-0.6210409990245175,-0.36795862418094
3054,0.3303450002906663,-0.5432376752586254
3055,-0.023941883678690514,-0.33241025278563135
3056,0.7776803166120623,-0.3852310684931943
3057,-0.06030580903126355,-0.3558000201668659
3058,0.3352575022992624,-0.2711373827151698
3059,0.6570924052761831,-0.2290144725088276
3060,-0.8866705856913394,-0.2684990794895198
3061,0.23901348295759012,-0.4372054400336177
3062,-0.3862777302196858,-0.4473096294013192
3063,-0.12356126572136553,-0.2901082910572095
3064,-0.2475963963766562,-0.352875763855517
3065,-0.7378572049564549,-0.33402274696227335
3066,0.13624400582142396,-0.4532231825727028
3067,0.06063650038435989,-0.506446545772771
3068,-0.44643496846787245,-0.4166240535376786
3069,-0.12068881973927244,-0.43903139550601705
3070,-0.32760281368244965,-0.309967665221613
3071,0.0935563174491377,-0.41093340593735406
3072,0.34199413540228557,-0.39439704079769783
3073,-0.7331672537385556,-0.3392013396465354
3074,0.38776015049425727,-0.49597755701257445
3075,-0.5888884183143653,-0.17632090075159293
3076,0.19784017595100098,-0.4048918665376471
3077,-0.5280474938580464,-0.23209196600880827
3078,-0.31731339744280745,-0.3831429233675402
3079,0.9449899275832683,-0.3473865210341161
3080,0.26642921132674297,-0.3956852512125177
3081,0.1487703606892004,-0.51120032476762
3082,-0.105915862595629,-0.537156417647236
3083,0.4911276166991736,-0.4385652421554377
3084,-0.22261138885229495,-0.5430887225835818
3085,-0.4454654883674223,-0.5415856546285451
3086,0.0755621341017004,-0.5741479845365502
3087,0.5211674279748983,-0.4614096161362314
3088,-0.00993643214892316,-0.4183769969887234
3089,0.09282946773939119,-0.4579249316637393
3090,-0.11974063924518982,-0.5006808853372055
3091,0.6420483408638845,-0.28516945904851204
3092,-0.07888719162922811,-0.3873166093350001
3093,-0.037832364971399995,-0.46600419398340326
3094,-0.3122444955800852,-0.5014911517253909
3095,-0.2769706779628216,-0.4597539416913138
3096,-0.12181678417423546,-0.42471961061112923
3097,0.5837209536037775,0.4103067311478406
3098,0.8642206385306737,-0.32618525488328437
3099,-1.0251193074270422,-0.18444211048475703
3100,0.3689687189887779,-0.4105776504908976
3101,-0.09009846820557951,-0.3297548008518998
3102,-0.30169877132523903,-0.3088375764234848
3103,0.35836269532972176,-0.1138800171085651
3104,0.7942599530000193,-0.18058991953607517
3105,0.15486371850521183,0.04704770561705686
3106,0.8458828914396059,-0.13272091663031071
3107,-0.8534158852890051,-0.19722989809674352
3108,-1.3329743188116594,-0.11341348361296177
3109,0.8922424087397933,-0.2983472716549227
3110,-0.33250817125178833,-0.43907183309817216
3111,1.321500546981172,-0.07814957432111781
3112,-0.16445234251372431,-0.32147608341052436
3113,0.17906732889249066,-0.4666561889229202
3114,-0.9776052197980645,-0.36479589855679867
3115,-0.5729650201565282,-0.2848321892053749
3116,0.23621787562054314,-0.37205767401359463
3117,-0.3630363566302895,-0.5117865125618914
3118,0.23559405718115153,-0.4153750309855952
3119,0.38017517809527523,-0.5023315762660047
3120,-0.4288964651988541,-0.46324074753338107
3121,0.3271316778337682,-0.49880891126939964
3122,-0.8580905835615804,-0.40052687504889034
3123,-0.6189036506119627,-0.13775139210858953
3124,0.1790465163339835,-0.391795333007402
3125,-0.6125722500901529,-0.4230799298113886
3126,-0.012277619874342902,-0.3832405239805142
3127,0.35834475944606814,-0.46604789674992675
3128,0.026095716329443405,-0.4823139799693466
3129,0.22119994914449914,-0.552784804220876
3130,0.06509857665404006,-0.5045195190602041
3131,0.3421776957039636,-0.5046471761770726
3132,-0.24575162833047706,-0.5569488697247937
3133,-0.40339314014467276,-0.5074545930501525
3134,-0.5085193642399483,-0.456657414815165
3135,-0.10564821627044145,-0.45352757737077676
3136,0.1158398637975536,-0.5654412525978624
3137,-0.19987714800737974,-0.5803675020111915
3138,0.1049363427994016,-0.5956735763008345
3139,0.26351173998363414,-0.5329424904238901
3140,-0.10168743045438335,-0.5812032837466589
3141,0.2915618661511124,-0.6099358404586926
3142,0.15877092908152396,-0.49461168400911476
3143,-0.1710741536638845,-0.3575452344346857
3144,-0.23351244606317997,-0.5394712199792985
3145,-0.30069045670281414,-0.5360949070153308
3146,-0.003848498823322,-0.4022056571437176
3147,-0.5587803705192917,-0.4673998354469419
3148,0.02505587559800006,-0.42704295796564784
3149,-0.23804474593942734,-0.4838199863349838
3150,0.08992444593798746,-0.5485095747519421
3151,0.5492649731324976,-0.5372836258603529
3152,0.314063357852488,-0.5596663350697811
3153,-0.28421080966265133,-0.5665807526986565
3154,0.09060762600188893,-0.5992190718971447
3155,-0.01172743482627613,-0.5185453597612002
3156,-0.34715343002543575,-0.42090617579468587
3157,0.12306831976121148,-0.4959036104632319
3158,-0.13642035433848246,-0.5748785089937076
3159,0.284317051144145,-0.5645518143361826
3160,0.009279177922794828,-0.575587344226294
3161,0.3135894816225003,-0.5752372190793434
3162,-0.09075649771332563,-0.5773305156834785
3163,-0.4026708532145213,-0.5199509910493374
3164,0.23917278497974873,-0.47674537008855006
3165,0.3239924010431089,-0.5361428738155702
3166,-0.508121373825621,-0.5280433854092896
3167,-0.4135138498737511,-0.46244499225843844
3168,-0.4965151524007113,-0.4891054640776672
3169,0.4290277065462534,-0.5245419135264265
3170,-0.2611592178125056,-0.5332918858105433
3171,0.1282454135961074,-0.5417829428704886
3172,-0.2614502162789348,-0.4862985553995955
3173,0.42450163754824255,-0.5592905763297106
3174,-0.03534631476471174,-0.5491964759483208
3175,-0.5563978987259013,-0.3662143126116415
3176,0.5642248820457544,-0.41159927993061723
3177,0.24633814492914274,-0.38927304161261367
3178,-0.2657701703934441,-0.5504989819253464
3179,-0.27262897952405263,-0.47930924227686583
3180,0.1782882892031887,-0.5731990261922951
3181,-0.22509734310698523,-0.539095706382986
3182,0.02334353180766938,-0.5068865485457552
3183,-0.3403200968573437,-0.45710779279581415
3184,-0.00973789185287819,-0.5115538508290098
3185,-0.6099997711595114,-0.2592307582484606
3186,-0.37337183028530885,-0.1543697859619755
3187,0.33558454027076795,-0.4342490398379514
3188,0.29758308210416057,-0.43907531708344677
3189,-0.17941638205988159,-0.5250956234445806
3190,-0.002451378820851539,-0.5045784738610483
3191,0.15172388267840606,-0.4398921458073877
3192,0.5351596111949128,-0.4140240855106572
3193,0.26806373676509127,-0.45780436387650275
3194,-0.16315265894136305,-0.5388019841940661
3195,0.3353990734134262,-0.439969815842609
3196,0.30247440766346256,-0.44222910452733805
3197,-0.12776966212117039,-0.4128521551861941
3198,0.2077796409995315,-0.5231716986692188
3199,-0.1877746967124917,-0.4658604610102785
3200,0.0561250239136142,-0.4699112942977449
3201,0.19725159971465822,-0.5177712604098443
3202,0.049399501445282316,-0.4653866415726036
3203,0.3974402952169824,-0.41323818690247066
3204,-0.17678322494090296,-0.538528862221267
3205,0.028320572769493565,-0.4846143090221225
3206,-0.17122299744025896,-0.42102837743209176
3207,-0.46942289190352116,-0.39401855102991445
3208,-0.09076130753460228,-0.38580661473661787
3209,-0.6599277403823562,-0.18528043098662297
3210,0.20333041730704085,-0.37864759899059264
3211,-0.9013796783792403,0.04530382392416261
3212,0.2784505933056986,-0.268494906439538
3213,-0.36186337401144414,-0.47275652039503085
3214,0.7374286596926133,-0.3570610040859947
3215,0.2038697006965366,-0.4808927843486734
3216,-0.1052873775894801,-0.47850730325060864
3217,-0.6822709673708701,-0.47743788122291975
3218,0.12012834699369085,-0.49525826206405454
3219,0.28622745543991107,-0.4942018410391375
3220,0.4678726373363661,-0.5303757625786144
3221,0.02561412754378836,-0.5335443785442396
3222,0.3180618804096283,-0.5514359557386703
3223,-0.21061871012995975,-0.5321571036110527
3224,0.10163404767438494,-0.4961578157050551
3225,-0.3245958486084076,-0.5193710926096949
3226,0.011454889664989662,-0.555519793438742
3227,-0.3734776078974378,-0.3998060261351282
3228,0.8291660014190103,-0.4028063067174206
3229,-0.5298355890289099,-0.48907431579842414
3230,-0.1824315330114246,-0.5024159366854019
3231,-0.25726104489890417,-0.45843084837174797
3232,0.08843087629669984,-0.594928337527519
3233,0.43914369945677567,-0.5187159143626079
3234,-0.3419832115128017,-0.5859650957992133
3235,-0.25754537184481935,-0.4914193576071397
3236,-0.6141459454920034,-0.46622571852310213
3237,0.1924847454995998,-0.45360779952554714
3238,-0.2520557171638694,-0.49012698655317455
3239,0.4053832211672326,-0.3690259380642444
3240,-0.4334261360450179,-0.4863098317814889
3241,-0.4093586982644734,-0.310770340009448
3242,0.2062938461337927,-0.4159954510635378
3243,0.4206844645999521,-0.47323091442380383
3244,0.18471850710662605,-0.520444393457799
3245,-0.8266327452444403,-0.36863830678115944
3246,1.2065385797263495,-0.1536891679767645
3247,0.7530507134975067,-0.30776811369692036
3248,-0.21613407192323456,-0.530102057202253
3249,-1.0805440809770184,-0.3517105928455301
3250,-0.06920592877634499,-0.575152133040815
3251,-0.6525748249666288,-0.36941435188259236
3252,0.3322164184691645,-0.4462208628661169
3253,0.12978693927283944,-0.5490903131144595
3254,-0.5042286922006947,-0.48333973669697206
3255,0.2804289660268844,-0.4378125366340025
3256,0.06390450707603823,-0.5042185192266799
3257,-0.6249680100088163,-0.3173689087656284
3258,0.046680622679772125,-0.38208385550176577
3259,0.5690571033551131,-0.42479934962280014
3260,0.28331768891649606,-0.4525252606255901
3261,0.17628056276260873,-0.46775961098205177
3262,0.12731563112038116,-0.4413681196431321
3263,-0.2518138486633814,-0.4073307009980114
3264,-0.42992053066533853,-0.45099006856334034
3265,0.24550353355884927,-0.4249937346877133
3266,-0.029449739393419206,-0.5182937373787041
3267,0.22758937186808356,-0.5101458109325114
3268,-0.51368710350032,-0.46888582300650633
3269,-0.42540365121494506,-0.4535093980359706
3270,0.4499703446591764,-0.3742187969181054
3271,-0.14220144082058464,-0.5268023086142055
3272,-0.4263495306270104,-0.4126173981628366
3273,-0.6875207948102671,-0.09447976092685416
3274,0.08198733255105463,-0.4478004756476414
3275,-0.2480128457058883,-0.28358170312414116
3276,-0.4483820491909078,-0.3777582820433569
3277,0.06018795535506462,-0.4857696021065847
3278,-0.06697838201258201,-0.4992194179988561
3279,-0.03798513564933833,-0.46245549537645286
3280,0.3213054186081355,-0.28007682371820536
3281,0.22373647160597676,-0.4621416884991172
3282,-0.24972161928581946,-0.4862279523395944
3283,0.15074719411988707,-0.4334975796335013
3284,0.19551622713860303,-0.5021350004467913
3285,-0.19166845507221084,-0.4710751504750722
3286,-0.1892178501330205,-0.4933684799735173
3287,0.33318459198028716,-0.44692884053751086
3288,-0.2497845546109821,-0.5224646180299481
3289,0.1901720032030352,-0.5712459907541562
3290,-0.3249487088551814,-0.5160487076310131
3291,-0.062029541147134416,-0.5621007154115145
3292,-0.3507007057064,-0.23692573399170783
3293,-0.6758015670471544,-0.40999830814181076
3294,0.5620717667796016,-0.37494414831926604
3295,0.45618750382349527,-0.3635401010452899
3296,0.47797755076589377,-0.4273522842503023
3297,-0.042658345209008186,-0.40704512359762196
3298,0.18374947034884984,-0.39982538659982875
3299,0.19573462055475868,-0.30301945934415975
3300,-0.325904081477236,-0.3207185203256837
3301,-0.6299201059591193,-0.3213804086185225
3302,0.25322227310273826,-0.41029412036798496
3303,-0.2663642155905766,-0.3988895819133203
3304,0.06994190298411819,-0.4146462545827274
3305,-0.8452331780006176,-0.3055562845372974
3306,0.0814694039428296,-0.42379219349260955
3307,0.4204403439387852,-0.4292618680085863
3308,-0.6375111392860433,-0.4283989239016932
3309,0.1852464106261241,-0.2628112616194826
3310,0.24969151591727,-0.3657647070195281
3311,-0.21092920925025926,-0.3998933689067476
3312,0.47446522919752326,-0.5056372262608146
3313,-0.13737978921019048,-0.557206887374046
3314,-0.44916911089299405,-0.4684152188758307
3315,-0.06690764651712239,-0.5133164906570081
3316,0.32374726868704673,-0.4713673001980821
3317,0.5984101964224484,-0.4781679376869178
3318,-0.28892538089756953,-0.5708881856911138
3319,0.2739056834242207,-0.531796892094157
3320,0.5371192210946597,-0.4928406800445402
3321,-0.13530199423121037,-0.5546608555597086
3322,0.12888846579231125,-0.5827810987203809
3323,-0.6721377337111827,-0.45729801643809737
3324,0.3858723785962256,-0.5620259521358358
3325,0.2762804015924476,-0.5562574575676335
3326,-0.09084196267040526,-0.6054745057457813
3327,-1.717265578681571,0.06556539558199402
3328,-0.1394864713027982,-0.3968616424598653
3329,-0.8547362928103989,-0.05100618630891596
3330,0.3839663412581756,-0.45401739359616117
3331,-0.46537121398247056,-0.259147587365692
3332,-0.9182291725699193,-0.11556249697833863
3333,-0.31041520755404156,-0.07569260221742218
3334,0.4503664943832206,-0.32349699282658767
3335,0.5933508574951701,-0.16789999757696836
3336,0.9569822833357159,-0.30894830951234464
3337,-0.2560388194872347,-0.3912195474146785
3338,0.3476548693405035,-0.488192013346097
3339,-0.5560439173279774,-0.45172763594067783
3340,-0.9228611124287998,-0.19613741613910546
3341,-0.9866828028598643,0.4904331887807406
3342,0.025257441967595676,-0.4055996904691408
3343,0.5436871079509649,0.0773816425747587
3344,1.0771845621336373,-0.030084787143810573
3345,0.11797319018831513,-0.2624056574567885
3346,-0.025075561255132224,-0.46129668102583204
3347,-0.3575890853770171,-0.46933445261802564
3348,-0.19166811451877883,-0.496880736983344
3349,0.5792441273746795,-0.5373439273400872
3350,-0.5478084985405002,-0.5317589665771723
3351,0.4291073750454857,-0.3764846279539153
3352,0.7177744364972297,-0.4273663367566381
3353,0.474159017682645,-0.38824142973823716
3354,0.03672296101008384,-0.5183473541104691
3355,-0.25962597593513587,-0.41046214837386236
3356,0.4489321315641914,-0.5412972104923272
3357,0.04347406039324562,-0.5009694348796966
3358,1.0693380388137808,-0.24454877002660583
3359,-0.45907436441310817,-0.3220254149178639
3360,-0.07258834161884574,-0.47834577137563306
3361,0.1472021878963324,-0.48913220030929416
3362,0.09467148445463354,-0.5528085248559874
3363,-0.3644038178687267,-0.3498100474024202
3364,0.030253828111038585,-0.5128976050273973
3365,0.40810356927825164,-0.4601230738574295
3366,0.10187832751988726,-0.4987628833442223
3367,-0.156376222872942,-0.39129440916598207
3368,-0.20678873280677518,-0.47498255980203924
3369,0.05205489731534309,-0.4898358403289974
3370,-0.11868962412304639,-0.5055737838339235
3371,-0.09498548420897315,-0.47599729850212125
3372,0.44158566077525624,-0.5125132765033136
3373,-0.2656591462093226,-0.5078495854422471
3374,-0.27294279168678837,-0.5048468997319946
3375,-0.6623217054197887,-0.26035423172886707
3376,-0.7198675301997418,-0.20553231738621988
3377,-0.5853212661396311,-0.18206871400285568
3378,-0.20763706718503827,-0.21791706407974537
3379,0.3570054610213018,-0.2540330992952496
3380,-0.8885389746171675,-0.13241860653860849
3381,-0.2969859467842582,-0.23284098991731567
3382,0.3130797546337545,-0.3784928319263181
3383,0.6654939756517783,-0.2712651707159649
3384,0.2461853099829378,-0.296072791448044
3385,-0.0523708359069982,-0.45123501490032963
3386,-0.04908915081442969,-0.45675185213957925
3387,-0.5191879189586676,-0.15863431709718995
3388,-0.14491421583379752,-0.38041431938374737
3389,-0.8396075595484677,0.18958949048234003
3390,1.1415017168829735,0.0013705265034068333
3391,-0.5290749906813479,0.06382683777707042
3392,-0.027082344468050537,-0.15330114442818532
3393,0.33107289744667817,-0.366126047825621
3394,-0.38549757614916774,-0.26792648608752007
3395,-0.24268212921662108,-0.3178486438329976
3396,0.07347420159713869,-0.44722749105016796
3397,-0.7090054999010522,-0.3180338877215689
3398,0.13607410039513926,-0.25629287543549367
3399,0.5603704755179175,-0.40346665643290974
3400,0.9598388133473293,-0.24576702121653154
3401,0.1684699548901887,-0.3567380930998332
3402,-0.21297960301249627,-0.49458654093718396
3403,-0.35390923591481493,-0.32298223166072043
3404,0.9872884891827395,-0.40888769148405185
3405,0.45141524316909365,-0.2757855567690942
3406,0.1927537054638093,-0.5504117080292993
3407,0.44432868320159846,-0.40021765028222367
3408,-0.16628963829909443,-0.5104094699828962
3409,0.9846081601418114,-0.31607608243466434
3410,-0.25643578746987505,-0.4514975350544139
3411,0.21263368022897916,-0.4800151375494116
3412,-0.4782768530850212,-0.4536892104237156
3413,-0.5651893960249006,-0.4426021886781103
3414,-0.3759157151438891,-0.4544355353001397
3415,-0.5798598982251146,-0.366648136431151
3416,-0.13556729488393895,-0.48451782249234365
3417,-0.9165601683306557,-0.2410015086941885
3418,0.7311888861945852,-0.4617763219596229
3419,0.9524407006281213,-0.3457969439769889
3420,0.16053392006555717,-0.5511970899104465
3421,-0.4237373786463861,-0.49411919719231046
3422,0.5031103881650221,-0.560407249281771
3423,0.4026719664663425,-0.5013583904185911
3424,0.1682107429173702,-0.47958881230623596
3425,1.0033852919324282,-0.3686883748097851
3426,-0.42308413642950027,-0.5319325175234662
3427,-0.22277750309024955,-0.5083565464425875
3428,-0.4168096533705283,-0.5154446839657458
3429,-0.26777626550896605,-0.5341632239795793
3430,-0.3477937166352305,-0.45061710637333885
3431,-0.09827064611327305,-0.31983541228088114
3432,0.38000975155949707,-0.48426834310339234
3433,-0.97594899921172,-0.3672327496568745
3434,0.35441772450304354,-0.5474331990117501
3435,0.4064019122875314,-0.45491633122993486
3436,0.18017548410067555,-0.5112398758677241
3437,-1.4133706988198107,-0.3418116636297816
3438,-0.32726239321609046,-0.4674956570519715
3439,-0.3228379234241091,-0.3273072473928243
3440,-0.6994268081415768,-0.14752591532926676
3441,0.4220409257101454,-0.3864707669725325
3442,0.8066563766450293,-0.3066409125348466
3443,-0.41757731202278825,-0.453730487902411
3444,0.6688559635088085,-0.5063121513302942
3445,0.4096429263264909,-0.4058595274940594
3446,-0.07196445171310405,-0.4715728614883349
3447,-0.21046839330427186,-0.5780544251755383
3448,0.6322273061515795,-0.4885315999603342
3449,-0.23641482653252244,-0.5302247490721334
3450,0.25288279645469297,-0.5635851594757504
3451,-0.17977060203980125,-0.5207924990795332
3452,-0.550153289366232,-0.43778042047980675
3453,-0.17338623983613455,-0.5476240419313095
3454,-0.23049091360870513,-0.4015634897968196
3455,0.46226379522831545,-0.5520990790666669
3456,-0.1549094143825854,-0.5458302032216503
3457,0.28172132003392686,-0.56471439990164
3458,0.18972102370476007,-0.4892283680572877
3459,0.16812388462199174,-0.32040590938385727
3460,-0.5247326481366698,-0.4404971123785159
3461,-0.07382076420490492,-0.40017587009869976
3462,0.04074619792111075,-0.47904230394963887
3463,-0.8668478019973554,-0.3441937541503192
3464,-0.7981779394158571,-0.019513210414454935
3465,0.8925618673833283,-0.34420536546465286
3466,0.3741726802875736,-0.5102485090889722
3467,-0.5308998190308512,-0.4302382518051105
3468,-0.0009588390551506446,-0.4458754526899266
3469,-0.4824111686966104,-0.36121438480383555
3470,0.5298987390830101,-0.3791233455562106
3471,-0.4415219135968386,-0.37289565491258875
3472,-0.01374397276949513,-0.32850596622325595
3473,-0.6295898269001358,-0.2929647634131487
3474,-0.4336691138773201,0.04569740224068108
3475,0.3492844464892707,-0.35387101043523417
3476,-0.4648328864634481,-0.41464196889279575
3477,-0.1149782131498432,-0.34758781974968406
3478,-0.3404968282676883,-0.14252424459417226
3479,0.4175206839505343,-0.3391327906989211
3480,-0.255363407659292,-0.3475111738932098
3481,0.6500109074700245,-0.34084966040888204
3482,0.13442853813133893,-0.4137493565275941
3483,-0.9664514558322262,-0.24808310204371234
3484,-0.344257805720412,-0.3665264087168446
3485,1.0742261726415732,-0.05683484518230038
3486,-1.0343973421080228,0.2248595878649662
3487,1.5890878642804855,0.010813656198050279
3488,0.9864317016214269,0.18005999122625638
3489,-0.34330429604780816,-0.36142068980928843
3490,-0.44634583100138825,-0.4051560057246493
3491,0.4159325051754018,-0.4303218659055092
3492,0.7787614498446767,-0.38710594682602123
3493,-0.13322148598494124,-0.3313529210823342
3494,-0.23525363827539875,-0.4214426866829523
3495,0.6662732149421291,-0.15518049066373316
3496,-0.7406227978778043,-0.37483971446952447
3497,-0.1769304106700266,-0.4749374794960584
3498,-0.8355390039811649,-0.3862678822448012
3499,1.2245930893075154,-0.27603845334999794
3500,0.769851954780552,-0.45294552415195005
3501,-0.5783082394524603,-0.4214044697294115
3502,-0.007021167606429703,-0.5534428397510488
3503,0.4077415753510452,-0.5222796431823125
3504,1.148632497707088,-0.30096432616506097
3505,-0.43219432779703865,-0.46855959547858433
3506,1.1761482626947801,-0.2875817576052576
3507,-0.2013143549513083,-0.3115720815001789
3508,0.20504407876226172,-0.47252788149405045
3509,0.08605671970552066,-0.5411405015370897
3510,-0.5613501532868952,-0.4305450888263062
3511,0.1786731256299648,-0.5090497330184813
3512,-0.9116291824313912,-0.4148124021494983
3513,-0.3516954690221414,-0.47502118461255144
3514,0.006943847532223654,-0.5334599312723258
3515,-0.10690533320825002,-0.41680933855435426
3516,-0.856245903433344,-0.41023717696590306
3517,0.6371963543423217,-0.302658509001132
3518,0.15706631923899675,-0.4711343824337708
3519,2.1543873412092243,0.5982219885657261
3520,1.1724775720426748,-0.043212206506119684
3521,0.27918695424122025,-0.1557995279215586
3522,0.5315027939884513,-0.20141245531638619
3523,-0.4954657492940009,-0.16126723222808564
3524,1.0804358399966905,-0.06668743114595956
3525,0.7473628221394295,-0.2656248474032453
3526,-0.03693905682814822,-0.20064245820079896
3527,0.47452085366763674,-0.0221376337130475
3528,1.2217650474611303,0.4723874240008159
3529,-0.16655508683353593,-0.25601785017715356
3530,0.2694129592251082,-0.3721480111307118
3531,0.19343987661233372,-0.1762140203099126
3532,0.33770809257375795,-0.37085709828843705
3533,-0.7936657398838672,-0.3862879309464443
3534,-0.23862657460178252,-0.41505339970936433
3535,-0.7335494596491499,0.0802902124037511
3536,-0.25290251611405645,-0.31312484858319134
3537,-0.6551500845885315,-0.4195986355445518
3538,-0.23300441306197292,-0.3607577602073453
3539,-0.6735241072520967,-0.3936214763524389
3540,0.21629504094895116,-0.2536260593005915
3541,0.2050775387594972,-0.46584759042920487
3542,0.08511301344316807,-0.5606485358514373
3543,0.7605520786798536,-0.42924923966472706
3544,-0.3705619064916151,-0.5049590066518928
3545,-0.21113900930917326,-0.5549229602737336
3546,0.18254605172513977,-0.49529078605884225
3547,-0.27133750402750073,-0.5299117259708569
3548,-0.24016595580807856,-0.5314335072265467
3549,-0.2512205215867732,-0.4146688094410194
3550,-0.020114316566862144,-0.4497292873453378
3551,0.8785991943971659,-0.30814749112836054
3552,-0.4509796854646931,-0.4566367355498715
3553,-0.1861286274083185,-0.5232363127118411
3554,0.37282505635327506,-0.5007954485330957
3555,0.35026729451238997,-0.4845378980730351
3556,0.4556056002164321,-0.4086828096643313
3557,0.33139313145803284,-0.4665131001488481
3558,0.2894689082856069,-0.4291459095759468
3559,-0.5546042316774524,-0.3923855163628395
3560,0.25579285548505987,-0.531773238886759
3561,0.4308159476470234,-0.315551763510425
3562,0.08847872867577343,-0.4695028736518063
3563,0.012703616320169269,-0.29847767122901286
3564,-0.22332837660600394,-0.4609557137042559
3565,0.3224896690827558,-0.4773871150803073
3566,-0.08183271846292275,-0.5526558147886587
3567,-0.24436011678441463,-0.4407797472221378
3568,-0.44329521421186296,-0.45564724315027566
3569,0.5560868974623465,-0.5428754645221046
3570,-0.04799230798426374,-0.5442030649933103
3571,-0.08178046671299755,-0.47640289504703753
3572,-0.24486526018668822,-0.4951320020880221
3573,0.31417635175214825,-0.5775412909446933
3574,0.011584616171695277,-0.48695081906065885
3575,-0.294270287531012,-0.41278637516943084
3576,-0.09809960235231208,-0.4643989474432069
3577,-0.30816661737616097,-0.3960680888659362
3578,0.13063029972452936,-0.432140311799906
3579,-0.6342647837555598,-0.3061490187312273
3580,-0.3216084806634722,-0.44186198980135677
3581,1.4171334169926422,-0.05714809315671445
3582,-0.6628609798474082,-0.32249108243480235
3583,0.2470884199489423,-0.2937348691828757
3584,0.6880192732391618,-0.40144705521912843
3585,-0.46394502551272454,-0.3950211099325316
3586,-1.1951378771944539,-0.22507130467165445
3587,-0.38809803249238767,-0.38230578309141544
3588,-0.013729968745418101,-0.32210845795952053
3589,0.23619901552104253,-0.40478243272544456
3590,-0.5683994517039107,-0.4195490581690613
3591,-0.37643493593184413,-0.29693236447426336
3592,-0.9810713239803406,-0.20900357990108756
3593,0.4384790484136327,-0.31699305506651254
3594,0.7214771736201556,-0.3705909833486989
3595,-0.2148638883706924,-0.4037167494337329
3596,-0.3582121772908801,-0.5320139222262978
3597,-0.038338038366267785,-0.5020455999588901
3598,-0.38086830318043563,-0.28279351278773734
3599,-0.25201907052456696,0.7411949104917628
3600,1.1647964839386735,-0.22505910825299263
3601,-0.40561164308289427,-0.0882766332997296
3602,0.6011408835497658,-0.24940373029405077
3603,-0.5019143874812465,-0.3979651978062507
3604,-1.35930843282807,-0.2624271803779186
3605,1.4839354780710359,-0.02541286759015244
3606,-1.0435614650072198,-0.2583168667506129
3607,0.45584348986883966,-0.4960619519226606
3608,-0.3921222091133025,-0.5568140700565091
3609,-0.08472393553496836,-0.5404158164440064
3610,1.0342571729811907,-0.41126054167238885
3611,0.33759455559778945,-0.5238727722869816
3612,1.0900091920028219,-0.36660335297210633
3613,0.03481895520214484,-0.4374037491680463
3614,-0.20658141708105252,-0.47007575503439375
3615,0.4627923946979596,-0.34599292050252733
3616,-0.2686648422308715,-0.5508691458967863
3617,0.5859014758184883,-0.4601074592904812
3618,-0.047824251489085395,-0.5049048539853143
3619,0.6738574028951309,-0.3589073475056053
3620,-0.5275337587987182,-0.47589819779297066
3621,-0.4009675568433929,-0.4075698827009868
3622,0.009972762294820098,-0.5295784888307735
3623,0.15076334000429994,-0.4840928002104236
3624,0.22583071251486936,-0.5334790695692024
3625,-0.6967223311737508,-0.4592151265242816
3626,2.3124052949859726,0.19729110089941707
3627,0.46274170725698566,0.6289534984817954
3628,0.509105215781339,-0.0880916495445942
3629,-0.5093640742404416,-0.31289874880095603
3630,-0.3263335320343767,-0.26785020769185336
3631,0.8062205448758307,-0.2998448290024024
3632,2.0204439675104586,0.33578167200364917
3633,0.48072359187919245,0.4269575171428317
3634,0.08448344627118476,-0.19574900473184828
3635,0.553422686716599,0.035226923417100424
3636,0.2719924155665865,-0.15576159776778248
3637,1.1043720279828928,0.20976639573882955
3638,0.34993557775195344,0.2404579369653022
3639,0.6599896193062886,0.774859931543441
3640,0.43713526609294207,0.03296391398096315
3641,-1.0094588355220004,0.08179308819193402
3642,-0.5633437227316118,0.319455285368815
3643,0.19317812863467382,-0.03523994857268065
3644,0.008533841485809207,-0.003507295580209213
3645,-0.07519929857895716,-0.1698542305138416
3646,-0.31115253368854895,-0.3482103072059912
3647,0.759332283006518,-0.19015414702898542
3648,-0.22943045088860525,-0.453508083563722
3649,0.17172755358871844,-0.30273427024678845
3650,0.22735178884843976,-0.2489070971483521
3651,0.5116231136388529,-0.16247801495585035
3652,0.6498858266717863,-0.16571994834290546
3653,0.22660614140164942,0.040744113247898416
3654,-0.560909459861613,-0.1537399576450194
3655,1.0135764297003929,0.23152069639204345
3656,0.2267275795182182,-0.06786807453977158
3657,0.4532588140216409,-0.2514533742726775
3658,-0.1217432368381166,-0.17902062972724922
3659,0.0022229382418996807,-0.23947864194535412
3660,0.11767175543163644,-0.3412835977057379
3661,-0.038874170556145976,-0.29561015645443145
3662,0.7980745648927373,-0.20123108123305106
3663,-0.09220620245196287,-0.09287996187772843
3664,0.38543136211543855,-0.2434006504374782
3665,-0.4106510054836258,-0.14441072300273927
3666,0.4688482036125593,-0.15952733331034374
3667,-0.5773277526087571,-0.15640798630732447
3668,-0.5863297490837265,-0.12607417656039807
3669,-0.001517897065223302,-0.23760001186231672
3670,-0.019675928166086164,-0.21089358136853356
3671,0.0937203541163261,-0.22252536866786388
3672,0.5017985083390983,-0.19195104344375694
3673,-0.6130100736613701,0.024756668781440783
3674,-0.05886276575674372,-0.332104729800585
3675,0.24656919470734132,-0.2403132454396263
3676,0.3865752453325529,-0.28945547188263576
3677,-0.27283601072293373,-0.12247889544261863
3678,-0.00876255913939518,0.00215442406647627
3679,-0.5046361076966781,-0.1891395839951822
3680,1.1058506640172943,-0.011999264347477117
3681,0.4750917988140287,-0.10462744923920182
3682,-0.11075553375620785,0.3258901305007408
3683,1.2630699544412836,0.05942646207814323
3684,2.141688458688032,2.272444726447662
3685,1.7186513936129137,2.028412460233767
3686,-1.6967778094327233,2.029626773220519
3687,0.690577731144144,0.6539129132243998
3688,-0.4260521703502883,0.05854173433031471
3689,0.8462361943044954,0.12571405871130423
3690,0.11306888991628834,-0.14745998926610696
3691,-0.48467412573496604,-0.024987104322831296
3692,0.553599197932063,0.28407145076912516
3693,-1.4530566545768588,0.18410896064156898
3694,-0.1622480049793377,0.005128187365281192
3695,0.6177258454625472,-0.14561302825043956
3696,0.009006726797045431,-0.1791054783978846
3697,0.26815639949863634,-0.24586979632697817
3698,0.04309573657877953,-0.3838305461201521
3699,-0.5541539678177508,-0.33077557941130775
3700,0.5506035846676601,-0.005090828183937606
3701,-0.21379224268287497,-0.3192929446192701
3702,0.968578419670453,0.3340947270762169
3703,-0.25229144354290334,0.04961881956270378
3704,0.8615297438037435,-0.26112432614155556
3705,1.6795329403751655,0.9919936485019916
3706,2.01632238430581,1.450451592750158
3707,-0.6473386940134201,0.22854680182956041
3708,1.0283909771422384,1.5055177527528623
3709,-1.4249105088252785,0.987971823991038
3710,0.10593981113188462,0.228996289343577
3711,-0.7796362504100295,0.06344691309627838
3712,0.5437214628513724,-0.10326049065400625
3713,0.9609876615357992,-0.16210658354731544
3714,-0.3666204624518701,-0.28443835198043027
3715,0.07245061589255111,-0.25458275558746296
3716,0.4052024015082096,-0.18303199432410971
3717,0.9364689110050559,-0.11547450650225886
3718,0.7948807044124508,0.007925693629114498
3719,-1.0919015170735216,0.31574405258714605
3720,-0.70155340712116,-0.08315502682390832
3721,0.002837876987536658,-0.0301315720953327
3722,0.32090262953621906,-0.25728299577333463
3723,0.4883455598997067,-0.057153147836040835
3724,-0.09598534185814943,-0.0015209888858018917
3725,0.04074165699742794,-0.24492605643069834
3726,0.8526311815863789,-0.08723490921908252
3727,-0.5405755629272372,-0.054653959199343946
3728,-0.6644417312795966,-0.062422861221813425
3729,-0.09672566160253519,-0.17532886439098067
3730,0.1818727700917637,-0.10627439826664349
3731,0.952201558057045,-0.05093334521375265
3732,0.03364117116182186,-0.22264278933509904
3733,-1.3344308092061758,0.0902919412970185
3734,-0.7785763441832125,0.03390800424520388
3735,0.9099356820922834,-0.1655850462123487
3736,-0.3777591002623239,-0.21327340394365613
3737,-0.17525850990708502,-0.28882692685956673
3738,0.37179991815762164,-0.3622983641376297
3739,0.313072347547364,-0.24783998368363722
3740,0.009651573160470129,-0.37267032042694914
3741,0.4957744987963381,-0.35069140311216546
3742,0.1974115608817403,-0.43922342219615496
3743,-0.06944906870540944,-0.30908087405187096
3744,0.936336630976901,-0.03789351206150807
3745,-0.06624183436278477,-0.17498434065052124
3746,0.5720962926267702,-0.26193251132100664
3747,1.483617343240116,0.4601503376275152
3748,1.0576052999335428,0.5320502484429265
3749,0.297840046410178,1.27529960699458
3750,-0.6747755543227548,1.573222082467542
3751,0.38519489968503673,0.7576344032037968
3752,2.4198112833224936,1.789342627660418
3753,-4.906510230195976,4.920142856166576
3754,1.5090108076673874,1.351122901911371
3755,-1.2386185127281801,1.2792489112162724
3756,-0.7051492373211178,0.8393255694794826
3757,0.9165955879698684,0.2604598237160751
3758,0.2760006644437594,-0.06969914770372523
3759,1.1953359565329746,0.4907417615543786
3760,-0.04350975164428099,0.06236298954573384
3761,1.032660982759501,0.36689004637997086
3762,0.7488390444793295,0.4280539087804127
3763,0.10018364991128423,0.4766745306838274
3764,-1.028799167588329,2.2429902584840367
3765,0.8104674122296224,0.3139089256879566
3766,-1.0284458057530108,-0.13482831167499632
3767,-0.8055287782119697,0.2408985466915743
3768,1.0217984148506705,-0.0060939164197320525
3769,-0.32773763859818983,-0.24653435520205214
3770,-0.03588328124469471,-0.30008469474502014
3771,0.6881653328363647,-0.009796365334799068
3772,-0.639893704337068,0.11560896381436497
3773,1.196880028586845,0.47324167399438244
3774,0.9172211156074297,0.65225253624641
3775,-0.4879240952119899,0.28638909265767765
3776,-3.7863521765144506,1.7250339725368444
3777,0.5893749733040182,0.7188734281536105
3778,0.4158202160670973,0.1547106044947608
3779,0.45952422993716724,-0.13294459170485312
3780,-1.082654413492561,0.22647435844151526
3781,0.0942986071359291,-0.11013311087531366
3782,0.6343157709553314,0.005201110550593667
3783,-0.43280386513596236,0.12079199983800847
3784,-0.2049552754551181,-0.20399175122084798
3785,0.3724368325972055,-0.20758945192016776
3786,-1.4481911170621837,0.03449516150513609
3787,1.2905845564709029,-0.03650065559486505
3788,1.189843963022698,0.052479263498416986
3789,0.1503195729302973,-0.22597815861264253
3790,0.46553949708687814,-0.22763430159352532
3791,-0.598102467106629,-0.174940576810736
3792,0.10866561235117149,-0.4216302151841778
3793,0.0557570151690093,-0.4212076412112273
3794,-0.2988125826461497,-0.41849754956796686
3795,-0.33356612080185694,-0.44197063089972966
3796,-0.14264939663971257,-0.28713489611859316
3797,0.1434343252497798,-0.5209862095026982
3798,0.1995999933881965,-0.4004415623277447
3799,0.10877968690961522,-0.4137467314524301
3800,0.33267130319201255,-0.46353494833705045
3801,-0.26688627396945735,-0.3932981360257804
3802,0.49014234517536276,-0.3651993717325043
3803,-0.27906275814118303,-0.3855417135244006
3804,-0.5899911433234852,-0.27224951390441593
3805,-0.257679005770733,-0.4292911853057726
3806,0.4775807032361712,-0.5108457323007412
3807,-0.10037418281486257,-0.49304634063325253
3808,0.4661095336020286,-0.49882290745913405
3809,-0.11114286840854401,-0.4601871546537032
3810,-0.5491181129426991,-0.3463927732686372
3811,0.3049648966554696,-0.2853801376400589
3812,0.4415853830299651,-0.31337291220149943
3813,-0.3582441363363437,-0.40366965954759676
3814,0.3871683442717749,-0.40309353820925237
3815,1.4674822886814853,0.08392486774517467
3816,0.0314611668275884,-0.07060960565399002
3817,-0.8724476349143898,-0.1479068789266045
3818,-1.2314364846787007,0.10490561070268176
3819,0.5380364176708112,-0.20980743855416412
3820,0.9888052495226696,-0.14491311473652144
3821,-0.1840747498966138,-0.3089302432948981
3822,-0.4082818949605761,-0.3774461283898919
3823,0.5395816024420705,-0.35583782361425625
3824,-0.014351874883308927,-0.4132261868435149
3825,0.697381683274923,-0.1446254235617947
3826,-0.10161694419776876,-0.4143583202066963
3827,-0.6773009753945276,-0.21992320831902723
3828,0.02569523893311339,-0.4453916053691761
3829,-0.35078871958564495,-0.3333289761252894
3830,0.3229558574787385,-0.3651009138697839
3831,-0.7314831201039599,-0.20222356017605742
3832,0.12360400546296564,-0.3154019771875923
3833,0.07972026937264692,-0.44603956434912523
3834,0.2690157615524985,-0.39445429905321144
3835,-0.3543600532763665,-0.4375262493530927
3836,0.11388819271990319,-0.3816913477865535
3837,0.35532544383713727,-0.4059964803793049
3838,0.9166096693423103,-0.23920053746272413
3839,0.4739529509184878,-0.06349028866647931
3840,0.547935559554399,-0.15539187672550578
3841,-0.46278023197619084,-0.22988611823132718
3842,1.3505746535398573,0.024099853209053026
3843,-0.68959187235248,0.13212933697111717
3844,-0.3645403266305024,-0.2041566996414287
3845,0.05374120749641576,-0.20709395585471396
3846,0.5028003577017813,-0.05964744724059597
3847,0.2183110848495533,0.31284510269692506
3848,0.702743566644781,-0.19842770782858046
3849,-0.5053355169195916,-0.1411894159531321
3850,-0.9771498191686658,0.28132328209637725
3851,-0.6728970544912957,-0.01772132157808587
3852,0.620507861466495,-0.2640913494976988
3853,0.5316839502402,-0.134807475089795
3854,0.4315362552760951,-0.29889370618016864
3855,0.22000885229844724,0.06309992715656734
3856,-0.6345555994941824,-0.13319530944617283
3857,-0.03522926466812494,-0.29550718792014374
3858,-1.2222836489478235,0.09147947083989652
3859,0.8211506844153005,-0.10992937002261825
3860,-0.9901624975265362,-0.0009110655069116794
3861,-1.2450468469567442,0.19965790133142636
3862,-0.15443181089018734,-0.13567289438059327
3863,1.3681867326744312,0.11061069535890822
3864,0.48031128022215214,-0.20235346159522
3865,-0.8965356512201055,-0.23278050806652156
3866,0.7155505228450068,-0.26344947589000844
3867,0.2803661704861608,-0.20432579551067284
3868,-0.0990279125751411,-0.24490753011238306
3869,0.2174978336733696,-0.25885370152060005
3870,0.12068201918374716,-0.19530035578144048
3871,-0.4062903014455934,-0.10629389741819006
3872,-0.3018552862312775,-0.24899340416530927
3873,0.3678418721283892,-0.40710742023141755
3874,0.316079327688768,-0.38435853735228553
3875,-0.4184394260784516,-0.1636883233284264
3876,-0.060424327178340995,-0.21519113892435177
3877,-0.5436012052526277,-0.19988529522042245
3878,-0.23909363084191204,-0.20528414139075168
3879,0.45629345999540194,-0.3088056539665389
3880,0.6451956899842424,0.08176383364211182
3881,0.4184344235721097,-0.1649954857189719
3882,0.33633285109760364,-0.2565248583197885
3883,0.3401674973152014,-0.10644266152450632
3884,0.568923829141707,-0.0837299345093848
3885,-0.08046904038607815,0.08465841843832084
3886,-1.3983124673964047,0.641410763018
3887,0.5821137032470565,-0.24703101651083045
3888,-0.5971412287096967,-0.28943286207205465
3889,-0.11449970773226126,-0.2759911483786457
3890,0.6107141196636782,-0.1839445603531219
3891,-1.0209534664447364,-0.2496476751548206
3892,0.49405332638907945,-0.3099723080348844
3893,0.4275063655731105,-0.341074667227855
3894,-0.2789249691188163,-0.4092213014065373
3895,-0.17840418040875008,-0.24856174434702066
3896,0.26548987093714854,-0.359400030824388
3897,0.46356372059211615,-0.3935707152445885
3898,-0.01622557177613815,-0.3352401040985227
3899,0.21698139478259357,-0.30575457263152933
3900,0.267965120782208,-0.3234599859661899
3901,0.5003105748787559,-0.2967494973543278
3902,0.7414189149042307,-0.09602890958660266
3903,-0.7169580505062623,-0.2094662375766881
3904,0.2904561663939271,-0.33753376434146626
3905,0.9772879725173728,-0.07145443325422583
3906,0.1836432076327078,-0.13876715056713732
3907,1.5161675059687227,0.22616919146107198
3908,1.2346946910624987,1.8574221182703459
3909,-0.4112136995428256,0.2253750668482921
3910,1.2570067859183467,0.10913024250438272
3911,0.3491897553244173,0.6943163004420381
3912,-5.568062218313545,2.4764826719444266
3913,2.52721377654075,0.7339135268040097
3914,0.3617670222603044,0.05554549309761128
3915,0.14191838690159828,-0.1336906763694497
3916,-0.640425548917433,-0.11171899936587272
3917,-0.11298666023298196,-0.22651602802237022
3918,-1.3898529639517727,0.2698345361494895
3919,0.2272701328765452,-0.07311132030902245
3920,0.44023981280388935,-0.2690128349327475
3921,-0.2677067324526267,-0.24671378713248435
3922,-1.2600886914237666,0.4315439472627234
3923,0.6069324058128635,-0.1487621659014286
3924,0.737409746382496,-0.23224838291346322
3925,0.23667407895375922,-0.3741077048330846
3926,-0.7465871319621408,-0.18432044433576938
3927,1.1285222243702564,-0.012154100259590527
3928,0.18860798803560838,-0.3468961049728962
3929,-0.23625126997113338,-0.32639050598902136
3930,0.28338317980775746,-0.4670405219398988
3931,-0.1673417334071646,-0.3715881771681023
3932,-0.7651234792976519,-0.34932928282106773
3933,0.5137831296496888,-0.40249432127371887
3934,-0.9348722484268237,-0.3233021071512375
3935,-1.013005145508777,0.13247987199883857
3936,0.8518530962451587,-0.27377673090964383
3937,-1.553316253453581,0.09747952302441452
3938,0.2032419679053755,-0.1338913809976626
3939,-1.0429808515681125,0.46038355540413234
3940,-0.5336723438506431,-0.030824495964425883
3941,-1.460979973770632,0.41416838827532465
3942,0.6444455242578213,0.026127309000341443
3943,1.4455506750395901,-0.060378627079303276
3944,-0.40600170482808684,-0.26720822350581264
3945,0.1264645358944395,-0.17398183758423583
3946,-0.7250378373232582,-0.31999241596370587
3947,1.8259647252317242,0.03922374291690624
3948,0.45294646895171137,-0.2540429355853847
3949,-0.16135838510516468,-0.34187857250818304
3950,0.1413865980507605,-0.4197113389369117
3951,-0.33247875009224453,-0.3547238029295669
3952,0.8848239023007286,-0.2677702745060437
3953,-0.5421570326444755,-0.3290602228838003
3954,0.6780394591126159,-0.25487588224776114
3955,-0.3451925549085816,-0.27961183713233173
3956,0.23856171855040906,-0.4533320041392515
3957,0.18621106446429828,-0.3885426910694518
3958,0.2592187135435766,-0.4302708942156309
3959,0.2582027768654398,-0.004262702847312175
3960,-0.8134686723703408,-0.1679362698478502
3961,-0.2174458811899704,-0.27330379429790463
3962,0.24652279112520076,-0.42011070439754833
3963,0.2776443783432924,-0.4040828986908498
3964,-1.6228142994258756,-0.08743683600901592
3965,-0.5902669475340125,0.24466196738183235
3966,-1.496724494880436,0.5226008989859549
3967,0.6352212329689731,-0.15954780347209244
3968,-0.055489646104228706,0.06754126893663136
3969,1.0225869024848453,-0.05029576587284119
3970,-0.24734624104727657,-0.3887248749218944
3971,1.3967936997670372,0.0029105521125192295
3972,-0.8829344103350837,-0.2707686690875604
3973,-0.4489265833642881,-0.40012586262043126
3974,-0.6096847986461846,0.1941841595977476
3975,-0.6816717705710659,0.05077571577154175
3976,1.1517061818935646,-0.12522916666583314
3977,-0.41527268918049737,-0.3911886048923732
3978,-0.18309325246589284,-0.38616103750467073
3979,0.573457408698149,-0.2373395579229008
3980,0.02609042267891969,-0.23911328068960086
3981,0.7715329480862569,-0.28530042808284894
3982,0.251116011791688,-0.24167445151614056
3983,-0.46401748726556585,-0.4219350172170074
3984,-0.04877106023855903,-0.5087549108639421
3985,1.7926935435454205,0.09518325744322427
3986,0.156496043046147,-0.1487474533693802
3987,0.051753943549147856,-0.3327356864613865
3988,0.2332891922846219,-0.44338959723641946
3989,-0.3264181072381437,-0.28989274955178174
3990,-0.28381899043438774,-0.4245826964354901
3991,0.004766083865720868,-0.377767328902229
3992,-0.16233131701791736,-0.5153431202002168
3993,-0.3382836113263402,-0.43125226777809733
3994,-0.050114073358431224,-0.4803874519572275
3995,-0.6913785114952409,-0.3610979312313002
3996,0.572476785634662,-0.4484796062686292
3997,-0.0967941947169531,-0.4988414208352681
3998,0.9529478780426996,-0.397600223947494
3999,-0.7225596286853223,-0.04922994875882282
4000,-0.5382149292650589,-0.43082365983133003
4001,-1.15304279339863,-0.24196136440930327
4002,0.9656417233106701,-0.4102208518292718
4003,0.49024641686588066,-0.3537266619714971
4004,-0.052906081248589344,-0.4332917159802976
4005,-0.005094104713347995,-0.4939621464067919
4006,0.1531684984733442,-0.5216710700587287
4007,1.0750236936096353,-0.19898375928932935
4008,0.3692033405488649,-0.24870561616086195
4009,-0.15690637373850136,-0.029046753436853777
4010,0.6689104107385081,-0.29008642392167366
4011,0.7031317941018119,0.47888572504247506
4012,-2.07727965713127,0.16158548953043217
4013,-1.1751225638011658,0.23210863658590244
4014,0.28346542176724276,-0.24946386647849084
4015,0.35556986699703763,-0.20937842751858365
4016,0.23202041557745764,-0.2896093806779415
4017,-0.03851128644113554,-0.20148791033361332
4018,-0.10275865107941723,-0.16177213859899978
4019,-0.2634025527626565,-0.25729700351453333
4020,0.5263485650849716,-0.1922985497534102
4021,0.12919444226043247,-0.31615301936237
4022,0.7293746043763144,-0.3017609720312852
4023,0.09301333419094332,-0.20331695264236602
4024,-0.7502841764112688,-0.14725871690125664
4025,1.0222523266465586,-0.224331879552085
4026,0.13899768343024071,-0.30031586609528427
4027,-0.5967400408341537,-0.2691469352250435
4028,-0.8307875715817212,-0.1955060807318266
4029,0.4520693797353005,-0.2584910100996218
4030,-0.2886800470294029,-0.4060226946891145
4031,0.42608001533351764,-0.22583440845935648
4032,0.9469224114508814,-0.22781860376528312
4033,0.2201218196439614,-0.3429353380467867
4034,0.20298378192919928,-0.2691106316118313
4035,4.079534492876455,4.090598323893429
4036,1.0911919363460494,1.626502999652922
4037,-2.054771419404502,2.216186107440502
4038,-1.4149303212460833,1.4613681937340621
4039,-1.1575631883278679,0.45366089104972457
4040,0.13182370798914267,-0.02154584251264183
4041,1.7374809741342692,0.0711429988846599
4042,0.539636953430818,0.23452071815169223
4043,-0.563724622209335,0.03638349304402304
4044,0.4930931865450972,-0.2154057418647212
4045,-0.1346181951636974,-0.2366602893024476
4046,-0.9114763504508719,-0.18225646336040033
4047,-0.2641471247144168,0.120103283569479
4048,0.12914380463346795,-0.13302939674680503
4049,0.33189628275451566,-0.21702327444108105
4050,0.585444092198184,-0.3302847620831963
4051,0.2403340251400917,-0.032582178203544504
4052,-0.41959576788663583,-0.01100923935617572
4053,-0.7090744849373154,-0.028244842645973458
4054,-1.6164226081745425,0.8553485642563258
4055,1.4267660387372318,0.42180051305743393
4056,0.21198215731980447,0.32395822071369607
4057,1.1866675863032863,0.3255256728033133
4058,-0.7098651416407716,0.40642827444694996
4059,1.0628429998493112,0.25346721019759233
4060,-0.8275033878482465,0.35632065956511355
4061,-1.8870413147744798,1.0889016169000663
4062,1.3722892480927271,0.8829357559995951
4063,-1.1638122323601208,0.7452156679451736
4064,-4.56928407699524,3.4793076500678097
4065,2.2823529505875593,2.2899379298411264
4066,-2.9377864160659395,0.767814771189284
4067,0.18168396012112123,1.859406520419327
4068,0.377645777279383,0.26273665522952155
4069,-1.2386789959018456,0.21259120548374333
4070,-0.1637162014798226,0.21915354604212764
4071,0.5740232071720135,0.3573532646450521
4072,1.0251697999819973,-0.07989777582043871
4073,0.011290006064689242,-0.11045244096100114
4074,0.15728919484149084,-0.22943600673714373
4075,0.5511210611510721,-0.18396087968959174
4076,-0.6458315394890297,-0.08910896998863697
4077,-1.2189870409131125,-0.11997976946013497
4078,-1.1098955063915397,0.2282356000998078
4079,-1.9729853005039448,1.5369470740436806
4080,-1.5633170128880483,0.6103204810214528
4081,-0.8799881211821955,1.094849105323414
4082,0.4344638035940144,2.1914769520943667
4083,1.388733197021031,0.5337084911213151
4084,-0.5027565660488726,-0.011124720322810611
4085,-0.3208621295622426,-0.34444126507952005
4086,1.4308624525614257,-0.059471214034229336
4087,-0.5082770707734903,-0.2767001577326014
4088,1.4126139605570882,-0.16291505761044447
4089,0.7160375023475342,-0.14625305967239913
4090,0.2935528644291414,-0.20213086315436962
4091,-0.397128750803805,-0.31789365316350804
4092,-0.24322506342339498,-0.36065603835956817
4093,0.6593545894377902,-0.3507506355059406
4094,0.01115379345670379,-0.31587189249252967
4095,-0.16662606266887797,-0.3383525898933912
4096,0.3830494549301625,-0.44916505613898855
4097,0.38747106872613213,-0.32069719070770847
4098,-0.06759694059595257,-0.3691648093755491
4099,0.09704030343752333,-0.4014777690865071
4100,0.9367162644859868,-0.33243652949096053
4101,-0.8430151516900368,-0.38242057995903933
4102,-0.17459082610151097,-0.4333911612145649
4103,-1.3083963510913916,0.06192848271812197
4104,-0.2280491334011476,-0.22601391743996196
4105,-1.2525639135533677,-0.1948474885331721
4106,-0.13419653489919603,-0.18619061303048445
4107,-0.12899659058628182,-0.08144377898594894
4108,-0.43650304624140673,-0.2059056828865715
4109,-1.1409284577525438,0.15200567755029076
4110,0.706073667880324,-0.2361321755913432
4111,-1.8920553775136622,0.5568280785690581
4112,0.9292237700665101,0.5129238370482723
4113,-1.8601424707965453,0.09014071742034135
4114,0.6061918934529379,-0.19887218543413224
4115,0.42774884685327397,-0.2228747382105422
4116,-2.156892887832736,0.4006809145404097
4117,1.0144080728579796,0.14749987850297439
4118,-0.882916178851456,-0.01114536557906264
4119,0.48538805666368773,-0.08245560351048117
4120,1.874121212436619,0.16793382590893344
4121,0.8836049293720766,0.12167314167760884
4122,0.6017449969532356,-0.22006164713472545
4123,-0.07599271910655232,-0.08940116013246514
4124,-0.35207923482812825,-0.2600143871418343
4125,-0.9233488332625707,-0.25340715343708714
4126,0.8582897573036292,-0.35987093042822765
4127,1.12167681194442,-0.17294800008760836
4128,-0.9919749891309692,-0.23857495094277123
4129,0.8096979185515715,-0.36754860628730895
4130,-0.43024465602547335,-0.44011290489448807
4131,0.7216903749868172,-0.28804246174957976
4132,0.28859529648400856,-0.26589872149267885
4133,-0.5069997360089669,-0.38181249418264657
4134,-0.14507654815527873,-0.44008834202805475
4135,0.5153087025540479,-0.36828735118607836
4136,-1.1229082216773107,-0.18062326655534275
4137,0.7275595953150465,-0.3831513262802995
4138,-0.21378007893201936,-0.3949874698749728
4139,0.9151397696587986,-0.2542013657984523
4140,1.1801738938519675,-0.00861491999786226
4141,-0.04685120937118728,-0.18944823557001897
4142,0.539553275831286,-0.2104598996313199
4143,-0.5171902852458131,-0.23895936350374164
4144,0.19487288891253554,-0.2651047309821453
4145,-0.08417266187719738,-0.3394330415022049
4146,0.2553241164366205,-0.3553332076675133
4147,-0.2709182701244492,-0.3272403813441363
4148,0.561197505943908,-0.3572661358294756
4149,0.7329092459503652,-0.08496310408125365
4150,-0.6259486739668118,-0.2079923910999334
4151,-0.998687969122418,-0.14574118995286253
4152,0.16049588498371495,-0.21712085756159646
4153,1.6804979974213714,1.8413142534318465
4154,-0.24956091505441572,-0.2569337885672763
4155,-0.33281644965593593,-0.28934146359846125
4156,1.1660866115963138,-0.039011361055754604
4157,-0.5972421753501727,-0.03748883055786693
4158,0.08756039873447402,-0.17153203415729557
4159,-1.9676303611304624,0.44087321487390163
4160,0.9687380086960375,0.4327740765999212
4161,-0.9079206914307775,-0.29150415622218956
4162,0.07497838969130578,-0.09430379798792747
4163,1.6763625476530364,0.3052817559891267
4164,0.20670598480995547,-0.27001457641910964
4165,-0.052719584155214126,-0.24300940270881838
4166,0.42141891073000304,-0.24126683695254758
4167,2.867701942697141,0.8171824966722306
4168,-0.16088059543413755,0.12091610472264816
4169,-0.7192116794276049,0.050067269342885086
4170,-0.6255034603113068,-0.154508785837765
4171,0.5246150337207554,-0.16763136061398742
4172,0.16456906265941426,-0.12200077900733933
4173,0.45391747541830346,-0.10783058865585837
4174,0.2667684595501966,-0.21601677310113776
4175,0.5150548881473686,-0.2179453472213354
4176,0.059136036675928094,-0.2814800559225212
4177,-0.5710205245357082,-0.09729248920314988
4178,1.4305845504326142,-0.057991469455146556
4179,-0.3659264949537542,-0.17100710851962783
4180,1.6875275157294665,0.4712311655190855
4181,1.0206318694043528,0.850582876112692
4182,-1.2368270993159922,1.500446697087802
4183,-0.9451229339956906,0.11592839471267326
4184,0.32564888426648697,-0.12554403099408035
4185,-0.03219084956979031,-0.2681076896533498
4186,0.2536723383933466,-0.27065540786183717
4187,-1.0650759588098413,-0.2077650941790886
4188,0.6930735410181811,-0.23378829435869714
4189,-0.7124767897821092,-0.2688571038703741
4190,0.48066668172307503,-0.47076218482926313
4191,-0.5459190295050104,-0.2441512276544481
4192,0.21662665774989018,-0.30891424132663375
4193,0.335791527375566,-0.27042158776888675
4194,-0.4105473490443302,-0.3020702689334201
4195,0.31143548955505684,-0.1224886717376023
4196,-0.33105538662043654,-0.33432915582298295
4197,0.7019447282378759,-0.39901034690255044
4198,-0.35757593886443717,-0.2851190337104894
4199,-0.3547661524951217,0.07931466654943078
4200,-0.3085793165736878,-0.20658827654787537
4201,-0.3307990738115453,-0.3073863893304257
4202,0.18937367147195583,-0.3058718788943492
4203,0.8879681350245437,-0.03215732628935058
4204,-0.3394058489490563,-0.18648468420749897
4205,0.6487116818208424,-0.22003764116914296
4206,-1.4624663581694688,0.3279515585888418
4207,-0.9546036846000041,0.3341901942915312
4208,-0.5262383336780732,-0.19588728763180663
4209,1.0083255207992863,-0.28071511535436533
4210,-0.17599410682312855,-0.2927636486701559
4211,-0.26205523920685414,-0.2771190275151625
4212,-0.5192070697137852,-0.30347749097114207
4213,0.5546754385503085,-0.35437999645176527
4214,0.11851573129942237,-0.43693714816375334
4215,-0.42275212032735043,-0.40578211712227047
4216,0.5834526558226782,-0.31139471596907353
4217,0.9815849897394403,-0.18227324722954708
4218,-0.04263452184297404,-0.42821732995918255
4219,-0.18651194594471482,-0.3163335291429421
4220,0.09350256280101393,-0.44669361945283903
4221,0.4262610195080119,-0.4034577477256235
4222,0.39012812479273196,-0.16908179808604074
4223,-0.21176749961429647,-0.28114573008439747
4224,-0.13614233744979415,-0.32979966114778575
4225,-0.2692379848257598,-0.3377204267385169
4226,0.22053309936579452,-0.3509228973306224
4227,-0.6271054420733218,-0.2505008001752298
4228,-1.2949903970828072,-0.02629147265047759
4229,0.5729122808735232,-0.2482179133495442
4230,-0.07393421919995456,-0.09493131638862704
4231,-0.7171972406535376,0.21169260458241146
4232,0.40978046408512214,-0.25275498742041436
4233,0.005687247426232758,-0.09362286729319495
4234,-2.995167557451495,1.185574437502259
4235,0.7184413123305581,0.7948494760434969
4236,0.6763110309229498,-0.07260326329506162
4237,-0.14938947573553443,-0.26053644777471957
4238,0.6720800086849753,-0.2287792199420296
4239,0.38737033298980017,-0.19859882066279363
4240,0.5861782332914425,-0.13693935226527992
4241,-0.1711545156216526,-0.28438407199177784
4242,-0.5599714419655996,-0.23303402303983464
4243,1.0869558707558984,-0.30390225041489133
4244,-0.027383440565577226,-0.5000296408862799
4245,0.9270632402989096,-0.1597944986452001
4246,-0.5103998564390068,-0.36317360226108686
4247,0.2173163727963435,-0.27700952066629825
4248,-0.08799363501657512,-0.25373104370231797
4249,-0.07866137410590468,-0.28186718485001167
4250,-0.8642103054463298,-0.0784263797675551
4251,0.17168695236759957,-0.05486475915399696
4252,-0.032005173047147284,-0.17130858280363856
4253,-1.6040231375857794,0.6609700276796605
4254,0.9364170500558816,0.8152182374222109
4255,-1.6572264954403446,0.40051465766624866
4256,-1.0404745802879671,0.8177288585013339
4257,1.0385869620270551,0.02943756161403029
4258,-0.39821105782077404,-0.1844377454335676
4259,0.29764287501876135,0.03256681735292147
4260,-0.4804214017736502,-0.14380372745269263
4261,0.13468275695148269,-0.2662477729525683
4262,0.4371855609643436,-0.2833039565888327
4263,0.4634384830498787,-0.31765772811045756
4264,-0.9315168282035003,-0.32599475822845925
4265,-0.18876976725643793,-0.23578407679079652
4266,-0.054781669957739684,-0.1741620816765451
4267,-1.1229317568785846,-0.11686824681728342
4268,-0.28907101987148137,0.11351231903685
4269,0.854868693952239,-0.32853762183268426
4270,0.501310981585818,-0.4789424209317361
4271,-0.1544461428449769,-0.4254206560219413
4272,0.30331174176553116,-0.30417413269669535
4273,0.11709079519034772,-0.4616333634565624
4274,0.6040212708731378,-0.4394413683436381
4275,0.10651390117542275,-0.4261956631828732
4276,-0.1459892634036349,-0.44332928750670125
4277,-0.07470018640063049,-0.5199370316966784
4278,-0.05781942929278107,-0.4691650133688289
4279,-0.12483722011374343,-0.5084198770853214
4280,0.24913764797775534,-0.5273783081435333
4281,-0.06698857897440218,-0.5274140926509332
4282,-0.05160652588862554,-0.45753532253904
4283,-0.760453751308175,-0.36036739508747734
4284,0.5547377776275179,-0.5230942686224384
4285,0.17746657387661977,-0.47810788352512223
4286,0.47174733219213383,-0.5204880415968903
4287,-0.5693809462028829,-0.5160941220532533
4288,-0.010885986281851572,-0.5067562653429517
4289,-0.4056135764884871,-0.506438496252293
4290,0.025205888009052605,-0.4977248440280515
4291,0.09728243387183366,-0.48383822494063944
4292,-0.08354817232070567,-0.42468158020551694
4293,0.2161601319676407,-0.5657608546310825
4294,0.08838904780509915,-0.5357723487384559
4295,0.813305797045955,-0.4464436865373923
4296,0.3234823266960774,-0.28216585392336446
4297,0.24388635802355763,-0.4088656752121497
4298,-0.10147354237588453,-0.4623748552720525
4299,-0.9817330437109276,-0.2617281281053404
4300,-0.5913668010151294,-0.2741445043095481
4301,-1.3396924086496513,-0.13180378669025627
4302,-1.0075361562639995,0.16069705348290347
4303,0.6933957401298635,-0.08464547041978684
4304,0.3168357831467325,-0.32038091359888327
4305,-0.37779754574891133,-0.4018753939078882
4306,0.48911084105783653,-0.41893066297166875
4307,-0.2932573486547607,-0.3935429623296863
4308,0.4310046161160476,-0.36439249626461007
4309,-0.3653373563139762,-0.42392249823560507
4310,-0.8853764137717259,-0.27910567989979945
4311,0.05243716740543274,-0.18691535638438622
4312,0.5519400046992248,-0.4778572184205403
4313,-0.03361523618349882,-0.48599945450730964
4314,0.13233478239126115,-0.5290532094325513
4315,-1.0695802364225848,-0.26520379361723734
4316,0.001326683792623658,-0.40531790128188416
4317,-0.3718901606524647,-0.24074219199534908
4318,-1.017537465947703,-0.0590088533195614
4319,0.8317835871280388,-0.03028399076981503
4320,0.0326251680880814,-0.38250884621905107
4321,-1.9826972506600646,-0.06918490561669176
4322,0.8192213433824459,-0.2774408804711831
4323,-1.2307061744670988,0.011675592885945203
4324,-1.0109327876499157,0.16871850856009746
4325,-0.07123659198417358,0.1584787414839959
4326,-0.5133091154451408,-0.017626595538257482
4327,1.1809606556337437,-0.009923129587854814
4328,0.7764127435252318,-0.20728806002340075
4329,0.5373567343304585,0.06812227349685322
4330,0.5272991740620621,-0.28683461907565444
4331,-1.2783370574470518,-0.1462520546480677
4332,0.14418493337676125,-0.45405518559597363
4333,-1.5481663749566004,0.2348478792120222
4334,0.6599100971150303,-0.017646679422089546
4335,-0.7969140810161174,-0.12947236032406992
4336,0.5040386091477831,-0.30800795156277233
4337,-1.0841573907042983,-0.08444149823013827
4338,0.7866002177058445,-0.07556462469966359
4339,0.5774273865337005,-0.2080678400635524
4340,0.8237421650890157,-0.28909550502734815
4341,-0.03942233638910112,-0.2768500760818802
4342,0.3859226165754855,-0.33236599412577283
4343,-0.4670110126021276,-0.1731321703822804
4344,0.48357808677855546,-0.19101567930913757
4345,1.294184700232188,0.5929951280861546
4346,-1.0781776174056865,-0.04978551225681007
4347,0.8313148051466055,-0.22223931105214437
4348,-0.6629714386245871,-0.3997740606832884
4349,-1.3999309476460293,0.45074044342333586
4350,-0.5760070994794316,0.31162954911148133
4351,-0.6947187112169028,0.1414446040892342
4352,-0.37804137069775695,0.022132743087315873
4353,-1.6365624146149447,0.47497977307754313
4354,1.2679504034981237,0.45715626850305346
4355,0.3638667030339639,-0.03695794301495487
4356,1.7004622871076451,0.07800821380089845
4357,1.5537286930988832,0.25637696551349276
4358,1.1449679764268654,0.2265157093955826
4359,-0.7739304279735679,0.06003859402253126
4360,0.14218539370977465,-0.1800072824618253
4361,1.7544914838089094,0.2396889043667672
4362,1.3204071379600841,0.36298058580967046
4363,-0.6867089964428399,-0.15478532142263127
4364,1.366748306483687,0.22751730949717444
4365,-0.035102362727557776,-0.22077573859855776
4366,-1.0899274711941063,0.06410273782244512
4367,-0.09681738815951799,-0.20453364204941923
4368,-2.1320525067007994,0.09182013850859065
4369,-0.8180477278070469,0.10261716448333376
4370,-1.9376352215690418,0.3262073829217054
4371,1.5876265720679286,-0.2297928814819901
4372,-1.2820215083903097,0.02802146320148447
4373,1.1505083879286533,-0.17081266817161764
4374,0.260044206400659,-0.3315379457264415
4375,-0.880962658170995,0.3996667585317272
4376,1.550620461788148,-0.03827092374936784
4377,-0.4505990010041056,-0.11763890576841143
4378,-0.1473244088836083,-0.4856332818718028
4379,-0.9021939962211558,-0.232604472465673
4380,-0.8246810183252654,-0.0766257930864609
4381,0.8244095233380039,-0.29882190582082463
4382,0.37464640216528766,-0.4870680947326403
4383,1.0271578022318841,-0.23377814848504994
4384,-0.16224742958862934,-0.3982991870132807
4385,0.19962300243755376,-0.5076984800347085
4386,-1.5795748362913888,-0.20429617316154022
4387,-1.0665024315988823,-0.08018586044856202
4388,0.015328180043159303,0.07654329494961078
4389,1.7452758258202727,-0.04259216601122283
4390,0.18147412951257214,-0.4455446908169331
4391,0.8807926625724412,-0.23403123552519708
4392,-0.6317175636436844,-0.31131841573108365
4393,1.2266843015336382,-0.23666005220407388
4394,-0.9560142550356115,-0.3346880374753472
4395,-0.6835803849847294,-0.24123413726027404
4396,0.6267874072772753,-0.08001472538740582
4397,1.3233056506754877,-0.12026991067281946
4398,0.09384029747641867,-0.34978755412673257
4399,1.412524007875982,0.3684073246609928
4400,0.04100658699792588,0.21023777120392914
4401,-0.5257383154496172,-0.3589392732606929
4402,0.2799677080352639,-0.4457618820709028
4403,0.04586294807688992,-0.344150710806457
4404,0.4973890771829354,-0.197534562393154
4405,-0.462726344512428,-0.36068186723440027
4406,0.1184086823610816,-0.41073375759911085
4407,-0.006774754462330034,-0.34833159163657396
4408,-0.6025436180724892,-0.38063901517409965
4409,-0.65956808708854,-0.24454367249998682
4410,0.6303302425273684,-0.48442689977818043
4411,0.6803953418751494,-0.4083427059003446
4412,0.2595419787896839,-0.42634457093028344
4413,0.030459921936644388,-0.4027941249196894
4414,-0.4786742154166826,-0.4170003956203797
4415,-0.10623418156407025,-0.37878203439239716
4416,0.142404849678681,-0.4302097331178668
4417,0.14025648854798933,-0.45639594488843716
4418,0.040386345954903806,-0.42771226751047603
4419,-0.6912875026216265,-0.21663107900147718
4420,0.9777566197549014,-0.07965498070602713
4421,-1.2177463325970805,-0.26081203508151685
4422,-0.08656031350200089,-0.45478356624269173
4423,-0.48468320256348324,-0.37102205659258963
4424,-1.1695602207107252,0.1170834317343179
4425,-0.2115871167007921,-0.1347360564446549
4426,0.3138097109466231,-0.30166668573862093
4427,1.0446282284551827,-0.04560055444894703
4428,0.4024633846466738,-0.4600937841312122
4429,0.08748743625656114,-0.2675057031715633
4430,0.6727076008743264,-0.34040672571561503
4431,0.06711516711578999,-0.21164388020493669
4432,-0.4705480253861142,-0.42834185002455366
4433,0.4348594004256273,-0.34807452550573503
4434,0.3884923495980248,-0.3708221008976083
4435,-0.024297942378824468,-0.15380230847342585
4436,-0.8170545433607358,-0.1502937413257365
4437,-0.34351365025697167,-0.35918033819631384
4438,0.3455829876873562,-0.45467521139478945
4439,0.191605545226183,-0.41552313408212593
4440,-0.6512817487141932,-0.308166914633312
4441,0.05412174027604096,-0.5206536691545726
4442,-0.37838361952408583,-0.4678389103136909
4443,0.8376076852580044,-0.45426080206922187
4444,-0.4698468191522467,-0.3811326491082561
4445,0.7265857728285285,-0.11578609303785996
4446,0.7935369294314546,-0.11509704299413433
4447,-1.3629002728250368,0.17197924608801177
4448,0.47084720078500153,-0.10179252663687607
4449,-2.214032072003533,0.15247323806471902
4450,0.718016517565578,-0.3167266030174216
4451,1.5208297375067474,0.05619198419495473
4452,-0.878149432046169,-0.2484609349909163
4453,0.45559829893475035,-0.2314669545273339
4454,0.42029445524256537,-0.3650076022826386
4455,0.0860850075435645,-0.1462451750882531
4456,-1.2142749082239563,-0.12050881644125064
4457,-0.4927941236762866,-0.2958150604972563
4458,1.080372764005536,-0.3466328850392919
4459,-0.23800612689952444,-0.39169229663754
4460,0.5359361374474573,-0.45494736856522633
4461,-1.0804226966369523,-0.33329798325661525
4462,-0.5857980222007877,-0.3621003252434348
4463,0.5436975507827894,-0.37805771948730466
4464,-0.6244405456369113,-0.4678488083451306
4465,-0.09519473044944869,-0.5108825118276391
4466,-0.06206286909408073,-0.45447834994723135
4467,0.11181547803044661,-0.40643184689984224
4468,0.11454619204100056,-0.5092491276917427
4469,0.12686593404418942,-0.5338257337594171
4470,0.626101834774771,-0.515922360862783
4471,-0.45780445534960623,-0.4924070973392104
4472,-0.48508990087738524,-0.5248269006846471
4473,-1.2377061059361223,0.0752504194662905
4474,0.6543764258013202,-0.21003704580577076
4475,0.5388249731533019,-0.4317568091086933
4476,-0.7787657212606819,-0.5197726895434767
4477,0.5943563900488898,-0.3693220085292534
4478,-0.620636670611102,-0.5031969223904013
4479,-0.9942711730747898,-0.21477522445572306
4480,-0.15356012729611906,-0.35319181687914863
4481,-0.23019348212765442,-0.45281089303472744
4482,0.045044847675061915,0.011472331529650475
4483,1.0255446334248814,-0.3169078315650368
4484,-0.09682876064990602,-0.5408228970199639
4485,-0.23404939786793993,-0.4857762726420887
4486,-0.4580203201346565,-0.4340783875893833
4487,0.4392219433297811,-0.22070352253700087
4488,-1.7000057825661106,0.07735682944837649
4489,-0.45098348567370194,0.19597903431523128
4490,0.3999318057501374,-0.3227458963331232
4491,-1.5706820233225498,0.19943513686183437
4492,0.22741994225985335,0.0724417085840152
4493,-0.41336616958432926,-0.21806118437550878
4494,-0.6085526335666772,0.1484991058890511
4495,-0.9208598224400777,0.16754069739308428
4496,1.997826261720085,0.013839706630936817
4497,0.5435659857741295,-0.29677590269397575
4498,-0.08576002700450762,-0.34124555010940505
4499,-0.453967073686292,-0.45366877722973115
4500,0.3368265439717396,-0.31675807441477627
4501,0.7828269809297294,-0.370113988613634
4502,0.4200206149645889,-0.4227755042004289
4503,-0.017269346767222776,-0.43593739921817665
4504,0.7583735114737978,-0.2783404269936315
4505,0.4324400714935909,-0.4227665058956623
4506,-0.3112896880847299,-0.48172165194506095
4507,-0.2979524165565746,-0.37909373200853824
4508,-0.11420945702399886,-0.47284233026418343
4509,-0.41227128478349434,-0.49059836784125216
4510,-0.6486756650697585,-0.3851961307982445
4511,1.1480985237690693,-0.318658835197311
4512,-0.7434075094475813,-0.40213652693884083
4513,0.6079376524608671,-0.45078237135440463
4514,0.22060620073889592,-0.4124344557102126
4515,0.4469730271992462,-0.3739005156714167
4516,0.23338465445070192,-0.43744526983497156
4517,-1.0753281186081012,-0.3325861278712512
4518,0.18045230212526678,-0.43073038133893315
4519,-0.35640457155992483,-0.4084481839470076
4520,0.4985191319128243,-0.09077518658278083
4521,-0.29549815681438735,-0.4540614246119266
4522,-0.516320151281273,-0.44534756824474014
4523,-0.40174255275520815,-0.2952828225766699
4524,-0.7068958321131494,-0.15029813506463743
4525,0.2954155975408887,-0.24336724200116516
4526,-0.07511241692732068,-0.3860047758173067
4527,0.6305661771369143,-0.3942432089796232
4528,0.11875498510843324,-0.49885987104540613
4529,-0.9281450392413895,-0.42367057108651796
4530,0.2668670374038322,-0.5118318384364989
4531,-0.5158183561158589,-0.41289614729297885
4532,-0.29316294532931664,-0.40285340868654096
4533,0.9054434557704121,-0.4525565099778017
4534,-0.20460468471590149,-0.5431449513872153
4535,-0.3604588620791086,-0.47633853759744227
4536,0.38715460139758756,-0.4880992758044544
4537,-0.11369080923865428,-0.5491419675820258
4538,-0.4118477408562839,-0.4793407259804775
4539,0.5802820332970059,-0.35534753473938924
4540,-0.7706203757960117,-0.3800206069274851
4541,-0.8554664337905961,-0.26008295200104053
4542,-0.08323831365108532,-0.32059273692145135
4543,1.0658587921539446,-0.32446964394871397
4544,0.6238321666232423,-0.34521506386908596
4545,-0.08481009699939404,-0.42910172254944295
4546,0.5068258857239347,-0.4494572656690113
4547,-0.17421600075462396,-0.46125418870829604
4548,0.04543175394414357,-0.4935358762088552
4549,-0.013272494252447581,-0.5120469509125608
4550,-0.8550699998145479,-0.48643805655319966
4551,-0.028601838710579672,-0.441548580012886
4552,-0.508988302370449,-0.32341204429598724
4553,-1.1213279766695983,0.16471563362561611
4554,0.4531104675607812,-0.17432449726098026
4555,0.6495270636133244,-0.36808607802227744
4556,0.6067495175769482,-0.3136007192418968
4557,-0.0620305327361964,-0.4289500698949615
4558,-0.806190289022377,-0.4553130101980741
4559,0.7789553476275362,-0.12431531858789542
4560,0.4845364260556583,-0.22645767660109653
4561,-0.6419274509009115,-0.2585299222913759
4562,-0.8484369413047692,-0.4022101953904484
4563,0.5205073796298368,-0.43787198803605604
4564,-0.10418829189646324,-0.5146888947082398
4565,0.09495838618884381,-0.4705643534636992
4566,-0.31912167855182844,-0.5271405658332702
4567,-0.4164356125566134,-0.4877180001243802
4568,0.570705431584794,-0.28278059321812316
4569,0.3484913174097137,-0.4592578351243809
4570,1.267626645338278,-0.02922379713027284
4571,-0.3388641569323966,-0.33617626788675237
4572,-0.27632590781592836,-0.45722718978957305
4573,0.035515505287367626,-0.5301020407190004
4574,0.14473139064462703,-0.5585213188581094
4575,-1.7796277542534553,0.018881551768849716
4576,-0.6533342492471782,-0.29934921265141456
4577,0.791757305409524,-0.40327748518338713
4578,-0.08107318839849124,-0.5060667463351235
4579,0.5954463593287607,-0.3810249719146894
4580,0.48818406101026535,-0.5107955503432129
4581,-0.3058218642135469,-0.5145615641058638
4582,0.09956264867743939,-0.5311004122107976
4583,0.359652895745223,-0.37375151049975597
4584,-0.02424638421071454,-0.5651563574388638
4585,-0.35298439222795486,-0.5009171799664591
4586,1.0952998088627712,-0.3350382910717766
4587,-0.4506025698562932,-0.5175164861559289
4588,-0.06713447214686803,-0.5649997272950537
4589,-0.044894381747466836,-0.5531241096822778
4590,0.7012117194425344,-0.4776247428139503
4591,0.2250025328196956,-0.5809136162821735
4592,-0.33106099710415,-0.5674788583516289
4593,-0.27591253150301515,-0.5694206855744111
4594,0.24728059116302284,-0.5406323276364216
4595,-0.27515015457933617,-0.24736795576825207
4596,-0.6863800374792836,-0.4281212348692223
4597,0.9124958081682351,-0.3032511413556352
4598,-0.20002637384115327,-0.5318808278533489
4599,0.47639428041765325,-0.5727269447828713
4600,0.042961086580155815,-0.5980413537062786
4601,0.49391445132752687,-0.4749668276279469
4602,-0.09129371885728854,-0.5029138729872349
4603,0.5247254589554317,-0.3401308345628771
4604,0.5468652536816143,-0.3625997212174693
4605,-0.043756472720818236,-0.4920585727363546
4606,0.7849028144384146,-0.283821223863876
4607,-0.05936207328981666,-0.38124050612769944
4608,-0.5442234632659074,-0.4543600251267615
4609,-0.04434859307667861,-0.39430571311872614
4610,-0.1910972018509713,-0.5478105897455141
4611,0.5620646132231946,-0.4413221538287631
4612,0.2821201708439643,-0.47074920986933977
4613,-0.09147238839193336,-0.5252553755647498
4614,0.989632801061478,-0.22783266952645545
4615,0.42732521944590635,-0.04718524437507612
4616,0.5671528814698177,-0.301349092342378
4617,-0.43393815173182654,-0.3379405744259635
4618,0.19009465583889507,-0.40682333832115336
4619,0.46177231094316973,-0.3746145704717167
4620,-0.4866443489364998,-0.32852057613001784
4621,-0.7292350264573112,-0.43111330108807944
4622,0.12930778268507645,-0.4367962639505038
4623,0.4368221943177282,-0.5670105413775662
4624,-0.6131956488716596,-0.4997257849659567
4625,0.1008809477782321,-0.5731836617293975
4626,0.2627146775012589,-0.5753318033430532
4627,0.10939093205007545,-0.5259033267812155
4628,0.024017785074111477,-0.5469263654382591
4629,-0.45899108932727245,-0.4691881140158991
4630,-0.08899861620335264,-0.5773445107592765
4631,-0.3396507234792218,-0.41636107110948634
4632,0.668742129127393,-0.4512090236116459
4633,-0.07660138849950457,-0.5774305573870491
4634,0.54686083003533,-0.5391265239901348
4635,-0.1829458780876495,-0.5669342207013592
4636,0.07528753447045664,-0.4771832649384452
4637,1.216628562131769,0.1851950523816238
4638,0.9197937608410199,0.01523270371639551
4639,-0.6651740036211631,-0.058601582053485445
4640,0.7374946091780527,-0.21102194343801986
4641,1.5799692216951635,0.8096970167482584
4642,0.29921386111843995,0.5418294432805472
4643,-0.2098885447842372,0.10116172397071842
4644,0.7186852966913913,-0.058336267062510785
4645,0.7953736280170066,-0.24165734721098178
4646,0.45581618218006553,-0.11894094653852945
4647,-0.21266429704302617,-0.15914844370168682
4648,-0.26718980683498655,-0.11563506621620646
4649,-0.055813872339337565,-0.23315928994116414
4650,0.6327465348795663,-0.025969755044697302
4651,-0.17731125226108507,-0.27827366999987796
4652,-1.1126468040783277,0.1351041266408165
4653,-0.31082204954463266,0.06793787506077995
4654,-2.672877807787523,0.5639033113495774
4655,-2.0997354598552525,1.2678597074879412
4656,0.9423383344261542,0.32421936531456563
4657,-0.4291008697613999,-0.02863227047725882
4658,-0.3262118223623182,-0.2729312606462446
4659,0.39346449121528504,-0.3441391232628787
4660,-0.15749814352279493,-0.45186286127864894
4661,-1.860524971124888,0.21195019670076545
4662,-1.5323900960846522,0.2669082400252213
4663,-1.6377043267325497,2.4059638226212736
4664,1.0963532850067557,0.12528593101759017
4665,1.480227565128915,0.056172307459313425
4666,-0.08633630837438296,-0.22222991732012484
4667,1.080515766627819,-0.18921084406856967
4668,0.5844588073220706,-0.40515857658576443
4669,-0.012017913551528606,-0.28283718517622175
4670,-1.1263865621309448,-0.3152600398588165
4671,-0.6940472843871639,-0.23591421941864135
4672,2.4047315539494973,-0.07512461203112494
4673,0.760567409184025,-0.05687638336911897
4674,2.067507257009069,0.28661241524819936
4675,-0.8371461880445955,0.033316655276178574
4676,1.138358996045274,-0.13931215859717486
4677,0.20898237568836164,-0.09323647947055838
4678,2.330562195290607,0.9332794226892774
4679,-0.3588131437543682,0.6379345928287268
4680,-1.826301163058365,0.5527404153424352
4681,-1.7354128868851484,0.34677259644201125
4682,-0.5220468712019359,-0.12942157868188436
4683,-0.9016707707952463,0.009095020969887376
4684,-0.09637153660203428,-0.16558257834511086
4685,-0.3731633433639588,-0.3611802491182901
4686,0.1593439174415245,-0.47393568671636477
4687,-2.0160259106604626,0.23522697303291978
4688,1.2772399389873141,-0.08296731972010525
4689,-0.3387134314894934,-0.2829271009552764
4690,-0.4620669935744716,-0.3557049140524935
4691,-1.6536614333609423,0.0798460828915424
4692,0.28086153817661286,-0.37310584337238406
4693,-1.3082338503011848,0.11611475760783954
4694,-0.25891432966202377,0.13310882923014652
4695,0.8523844381666658,0.40766010528240043
4696,-1.388569769942887,0.08322903739860951
4697,-0.37847183728127154,0.06348271407299638
4698,-1.1859437540526068,0.6253389365279786
4699,0.12830236328529113,0.3194274530532519
4700,-0.5157421165092695,-0.1197237314294668
4701,0.902443713744908,0.5527537956707812
4702,-0.17989438334779886,-0.19758821121202913
4703,0.6988493345206324,-0.10222148433880958
4704,-1.653647575126055,0.11618477251391325
4705,-1.4485041447583347,0.9145726637828694
4706,-1.2404696785899092,0.17307865017781485
4707,2.2178399426199435,0.5223397065438719
4708,0.7585726951010152,-0.1280306607238881
4709,0.8782977197682649,-0.1866764287694423
4710,-0.313628381591897,-0.24740556131264158
4711,-0.3508995353928988,-0.13794417434355588
4712,0.09697129053955447,-0.3443102671753104
4713,-0.7993422467207795,-0.32889822351482734
4714,0.8438221326161438,-0.23658789735201635
4715,-0.33163257904696714,0.433024258794495
4716,0.7243827276467006,-0.2876385649616005
4717,0.21350780429265936,-0.32312418624043826
4718,-0.6422639719522971,-0.4134203372831232
4719,-0.823226594445922,-0.22765117841235777
4720,0.9459668287840116,-0.13185139998814852
4721,0.15406573592781328,-0.44886766827170826
4722,-0.1203834558636088,-0.45104608242394906
4723,-0.20712858689080244,-0.35733591614785304
4724,0.4710658991815782,-0.41787889878755013
4725,0.5518935994602044,-0.34826611727105844
4726,-0.34393099915558406,-0.47180656196656073
4727,-1.1499515542562186,-0.1418372430341386
4728,-0.029580301470202644,-0.3258223637486937
4729,-0.8671758769619479,-0.017597747147373815
4730,0.10195293668068457,-0.2792124414722269
4731,-0.22251365667300896,-0.3045125244185564
4732,0.8614113915905691,-0.297949236575425
4733,1.853241671492819,0.48308456949745066
4734,0.11040938719773213,0.38679731761719544
4735,0.2330279735367969,-0.07294354769843273
4736,0.0006381431395228172,-0.11093432221466391
4737,0.9144295200899181,-0.16230337724177904
4738,0.9883849918802687,0.14168354505395853
4739,1.0348103904449375,-0.0791700347310227
4740,-0.8846262315847699,0.04389997733813782
4741,1.2178127999486128,0.07204739088425334
4742,-0.3678001653350501,-0.29416881432816117
4743,-1.0666761462524046,0.002673985990491265
4744,1.736223282743365,0.04878662424266633
4745,-0.45681254208487115,-0.248512616574204
4746,1.6108909337459145,0.15410071148700566
4747,-0.3822254169918351,0.2910370297646967
4748,0.4787700931517131,-0.07588496358904849
4749,-0.17944931343738157,-0.1100957390865522
4750,0.12593495745648295,-0.43640178731250256
4751,-0.22325603085876639,-0.31279653886713954
4752,-0.6074700123182084,-0.2842523711360999
4753,0.2787029681324331,0.019192899915301008
4754,-0.6068131700336411,-0.39330981970854817
4755,0.28620205482748035,-0.43475488022170883
4756,0.09907082647720378,-0.3667647696765692
4757,0.9510738268103214,-0.024011385960076747
4758,0.31468731622456014,-0.3775430768597873
4759,-0.5957835163725109,-0.1611563724840745
4760,1.1623350596609423,-0.35422710302955174
4761,-0.8578435513388103,-0.39927880405584504
4762,0.13864955023272235,-0.4771707595239021
4763,-0.14756579277284845,-0.426008473215719
4764,-1.2639602402022052,-0.3618803429543995
4765,0.8078009178471699,-0.40509735897771926
4766,0.4974606276260798,-0.4941195404108843
4767,-0.5954041391607408,-0.29842005417707834
4768,-0.49142432505543926,-0.3381666427204974
4769,0.6827283326370874,-0.3129113277958383
4770,0.16032008092528152,-0.5203229885628053
4771,0.40848810778904104,-0.3925537195745681
4772,-0.42517077667001785,-0.5575250683239529
4773,0.6496469744922707,-0.4922067451199669
4774,-0.08405954320477076,-0.5299476374269594
4775,1.362473823149103,-0.05151376460343586
4776,-1.0652414347155919,0.4932234316358683
4777,0.24678124757125522,-0.26088931301141416
4778,-0.6401102928695935,-0.2840039958114462
4779,0.6045146735289318,-0.3305944486470562
4780,0.8556046543330698,-0.10630546852282242
4781,0.8523401130663584,0.0216072314767353
4782,0.256595355980622,-0.010918610968387173
4783,1.0068967980880157,-0.07006744511276368
4784,-0.5523591770299305,-0.020685228904190618
4785,-0.4713613532328827,-0.019623400654686225
4786,-0.5016370821000967,-0.08106643258524619
4787,-0.5518200038189774,-0.24629088119168144
4788,0.34737790904624005,-0.282884362787072
4789,-1.1953299983618701,-0.040724168775649605
4790,0.2519010628648325,-0.4988833672961573
4791,-0.5924491567380032,-0.4576385549309053
4792,-0.14638781639278245,-0.43033888777717766
4793,0.4510248784932738,-0.5160402524597153
4794,1.1313731591282923,-0.20556466376191088
4795,0.40644237900334856,-0.43535581016233754
4796,-0.06479692929201734,-0.45717204750159157
4797,-0.70527321982113,-0.3325381088701982
4798,-0.1638072313618574,-0.5290362496059844
4799,-0.9669095309317113,-0.2973919496811735
4800,-0.6882894126833409,-0.16221897673374833
4801,0.1725465460776642,-0.3930261335296043
4802,0.05604551809783886,-0.41364493237317834
4803,0.03460611319949918,-0.13005456385550637
4804,-0.5357498876352431,-0.38115342080742454
4805,-0.9875642824161107,-0.1965397308368316
4806,-0.25360955736576707,-0.21203982162465584
4807,-0.6682125904137928,-0.2835913741939288
4808,-0.061137265119531985,-0.2666817316117156
4809,0.9431563933021203,-0.38167987355689426
4810,0.20108539230010145,-0.43993589242938036
4811,0.0706539059737672,-0.43252045506461817
4812,-0.2092023100666555,-0.3756861598252206
4813,0.2867548848134009,-0.4626833323624147
4814,-0.33555388860039775,-0.5441749503559183
4815,-0.1521545703771261,-0.3885483187072024
4816,-0.2622956208629159,-0.3361668475673036
4817,-0.17878049555551054,-0.4088981747629424
4818,-0.2214264480105416,-0.4112289099936715
4819,-0.6703718442893927,-0.3801792104046789
4820,0.5369719026834715,-0.31191280811944894
4821,0.7254059264141992,-0.3598649919354888
4822,-0.39981413752730055,-0.4861827472420528
4823,-0.5015578708373011,-0.3730828745499227
4824,-0.6389154526640481,-0.37828300943748894
4825,-0.2909002738646561,-0.22441992519953
4826,0.4584950023506972,-0.4150219646223319
4827,-0.5190048624103047,-0.2343480761871084
4828,0.313077010844031,-0.3986881195247068
4829,-0.8500899174485749,0.11225280688590744
4830,0.15193640658499097,-0.025107375478807602
4831,-0.04467116125712396,-0.2063074766630501
4832,0.5860702951940314,-0.3527605703030465
4833,0.49708019300999073,-0.3770898223672154
4834,-0.7286982597536046,-0.38136303587172754
4835,0.8276770302402782,-0.3847687428083456
4836,0.9174712517793888,-0.41590564437988575
4837,-0.011462113798677533,-0.22959316972845878
4838,0.43689290451355856,-0.3855054128143849
4839,-0.721300474145837,-0.3492272473551869
4840,0.02403422743642051,-0.41719773621885187
4841,0.4099737094011559,-0.5149085544886697
4842,-0.5807871647725886,-0.426412709832859
4843,2.228520023055486,0.1526062636033377
4844,0.12739627516821841,-0.3400172260819703
4845,0.32924447049035543,-0.4248096267441367
4846,0.04161907137989205,-0.20181660187958803
4847,0.14742395929464078,-0.4167269063270079
4848,-1.8704347469116533,0.03383950992361954
4849,-0.08623950376142352,-0.14914367361192268
4850,-1.424748868227342,-0.06367500326799243
4851,1.4505959827647277,-0.18206923849326226
4852,1.1776598238060643,-0.21106942165557258
4853,0.4574805920055369,-0.3110053480593699
4854,1.378239152524037,0.5043353268131902
4855,-0.5328671417684747,0.019899882055414795
4856,0.23705001368138973,-0.35485691648613177
4857,0.315481862950667,-0.37769896223543864
4858,0.670964189084196,-0.08291454428958216
4859,-0.9040507662134177,0.15133356608040266
4860,-0.25568228368676527,-0.27617277738261775
4861,0.5889925378124375,-0.35786773136642747
4862,0.2928521726714102,-0.4769671452212535
4863,-0.7706010961946247,-0.4438379610567894
4864,-0.1601196818332666,-0.2648271281654879
4865,0.32586263536150384,-0.5086210343636717
4866,0.5620122317203324,-0.4656004876446249
4867,0.5703454098876477,-0.30025006236447155
4868,0.2189797758703291,-0.1445778836617374
4869,-0.9311149404046322,-0.3899476984601555
4870,0.3392129646501513,-0.4794856701032594
4871,0.5135963058193953,-0.3111453217349362
4872,-1.0385543325161315,-0.04457045331309667
4873,0.03153144632324931,-0.32307521122332333
4874,0.15722339436282934,-0.5038250129660773
4875,0.6168122658754581,-0.33271851597207736
4876,-0.44458597750262896,-0.4560085247744851
4877,0.1610407037744997,-0.4396935429896809
4878,-0.8764543063494066,-0.3726663580995515
4879,-0.48789887176967117,-0.14297118112410884
4880,0.26732439565879973,-0.35767875819532763
4881,0.9206940602395258,-0.28050931310373056
4882,0.4403315501205717,-0.3952372528925067
4883,0.8010450336816272,-0.18230951177739482
4884,0.30910587922573507,-0.2486793680923579
4885,0.2214601248860098,-0.042069316362892246
4886,-0.3802427619409981,-0.2763728764736451
4887,0.23941651219101018,-0.26378737177821165
4888,-0.3591953824935829,-0.3908773399720454
4889,1.953902578267013,0.8126759221981479
4890,-0.8691667825573793,-0.08436741605814321
4891,0.38041529854959977,-0.09001844195891769
4892,0.6438393792085181,0.12834995307705693
4893,-0.27929918610386917,-0.10712933357642684
4894,0.18826285396837455,-0.2713067247425496
4895,-0.6621661004572224,-0.08895446784136529
4896,1.3396675147713566,-0.0059627984618019145
4897,0.1561288713382733,-0.07485244615536424
4898,-0.572942772335724,-0.2832345281918206
4899,-1.258414938496737,-0.040491553075064524
4900,-1.4674378167945228,0.4358799108287519
4901,-0.7823434404070118,0.3758425377318073
4902,-0.1659773680037416,-0.2015515348373377
4903,0.883576242143847,-0.11489705265303433
4904,-1.1125775481315552,-0.26484652720763274
4905,-0.15141586782534747,-0.3140136410541585
4906,-0.39175974658546786,-0.39332169890229385
4907,-0.13744707125117228,-0.19034957798299798
4908,0.04601579263311909,-0.46702216694408444
4909,-0.5829407186894706,-0.37626723875337614
4910,0.3022065386387383,-0.39988005381102276
4911,0.6612173750684263,-0.36458352616413886
4912,-0.485846670479515,-0.42411721620865356
4913,0.556071766539238,-0.42122828625680103
4914,-0.029232766957247212,-0.45362441695042877
4915,0.8318531893061958,-0.24237461463157664
4916,0.507661103031255,-0.3388788741789279
4917,-0.32834821786642354,-0.38787811811208106
4918,-0.18851874213599362,-0.4357802680789751
4919,-0.2446903458242563,-0.41473388061964694
4920,1.2079534973341508,-0.1987816453510131
4921,-0.6360747465548825,-0.42247722107723723
4922,-0.22293017131607654,-0.4596486824415515
4923,-0.7854016475283443,-0.30904577845754233
4924,0.227281169757442,-0.44674495760403804
4925,1.9587339281170824,0.11503179057933946
4926,0.10138335655392465,-0.011565266066807675
4927,0.38940403604295576,-0.025977803828108232
4928,-0.19464154892114555,-0.20448978785065833
4929,0.7056890901040009,-0.044302938049406326
4930,2.8034918753980014,1.1630731486758972
4931,-0.6291501481774125,1.6473426318988946
4932,0.42466978454240634,0.7440220669653471
4933,-0.1759674601480725,0.8474657679939662
4934,0.34948913075732785,0.2257742881099877
4935,0.5115249896313953,0.010168743078098013
4936,0.5574158802620602,0.07357872248156679
4937,2.21306604537132,1.3905188727269948
4938,-1.3196079279825574,0.7379956409252776
4939,-0.6674119406602125,0.44318399937663633
4940,-5.864896625669932,3.8549726409167118
4941,-0.31801672793815144,3.2441027508860847
4942,0.03212970604667263,1.1784346715678933
4943,1.3417037838598442,0.8517100602761258
4944,-0.7101567472884354,0.07218164579747498
4945,2.2448425747563134,0.35167385676130664
4946,-1.4123751074531217,0.22671785366523042
4947,0.09855042094707675,-0.16086147175903198
4948,0.1743992733564883,-0.3576248907006484
4949,2.2018401627943724,0.33137900281436017
4950,1.2837466226144567,0.20224585195690245
4951,-0.8274630963638594,-0.13518223303948096
4952,0.07510224643547457,-0.39427855301477716
4953,-0.5824845307578916,-0.40099474135778457
4954,0.6041731713475341,-0.2978983449943885
4955,0.2911057512118143,-0.41531108411894974
4956,-0.841342524499844,-0.4305111591415193
4957,0.7498033955850127,-0.4673563986766352
4958,-0.14281011472077937,-0.4403516558908981
4959,-0.005139509484107989,-0.4544265789711911
4960,0.9865031926151916,-0.33284176631639156
4961,0.5858062750455764,-0.14308963470352623
4962,0.12443351666810602,-0.17128358843858843
4963,0.6723203017319496,-0.034103534039992424
4964,1.1594072586519193,1.1449734844882544
4965,-0.4209011319693626,0.3460608899911621
4966,-0.3405170143324822,-0.045733027906176116
4967,0.9305299802737766,0.37437135450424064
4968,0.03470849111328821,0.10150963478297577
4969,-0.8605592259590636,0.09486746363644999
4970,1.6942600373816068,0.07079210071642682
4971,0.44548804511430634,0.3587546557018295
4972,-0.306528064056173,-0.16977765074524367
4973,-0.8888890103919941,-0.15318244484737562
4974,0.18997688275393373,-0.3170543327367132
4975,0.5829277485327387,-0.07931622179547901
4976,0.7834848129044444,-0.07685430353114217
4977,0.21813860198657944,0.21209855805804748
4978,0.13689324165967431,-0.11825047158444142
4979,-0.08180586932547161,-0.23372397563824335
4980,0.8478980601526513,-0.03643480694339387
4981,1.2434066716462078,0.5130138030298544
4982,0.45897681999087403,0.9604020673161215
4983,-0.5858906067795248,0.17792419744710067
4984,0.11950747434113514,-0.08162243878281215
4985,0.73152798918483,-0.02187246933540198
4986,-0.43209307130223396,-0.2189928457317321
4987,-0.5424051169916331,0.039385004050873626
4988,0.6002439864851434,-0.20514880005075514
4989,-0.3861235488018996,-0.14574592411080023
4990,-1.6846252911911341,0.28356056663718876
4991,0.33027250429584015,-0.08696538104541728
4992,-0.5796594238045447,0.10215905019570508
4993,0.2170724675025886,-0.19453255440510303
4994,-0.5237010554248787,-0.06964886928467129
4995,0.7519312939087661,-0.22939656092402963
4996,-0.2794431055680412,-0.0917126474597271
4997,0.9272934961194088,-0.011808158656029093
4998,0.511814765766185,-0.06742932823126328
4999,0.26989777244854624,-0.11517242275073136
5000,0.18150497121599096,0.31877631814475627
5001,-0.39366047652882097,0.1367729569357181
5002,-0.025248462969436555,-0.09691265766002549
5003,0.41253355470629616,0.016459440099431382
5004,1.032271859480353,0.1433432298547111
5005,-0.7699509511159649,0.0899665780719985
5006,0.09085887937626212,-0.12191621107278988
5007,-0.43106396153160753,-0.14120005585812645
5008,0.5309675221179795,-0.3258012724700796
5009,-0.15542156204053525,-0.3263855430407063
5010,-0.4436829645692532,-0.20348573044848692
5011,-0.31378317753957236,-0.12865509269130307
5012,-0.5894778543061284,-0.2929101406791703
5013,0.8906800698733172,-0.34231278085195477
5014,0.2869884656147683,0.016275257448509876
5015,-0.5992224408328075,-0.2261038231412186
5016,1.178851241227864,-0.00012117540512891486
5017,0.18770438947231674,0.2189055021011677
5018,0.42617142310657197,-0.20023179305884883
5019,-1.231904341340216,0.14720168644663462
5020,0.6328792771262473,-0.29939524380108656
5021,-0.36204415352029257,0.2744808050113661
5022,-0.8800535880524013,0.044416830318208624
5023,0.1913760106458428,-0.058523155358581234
5024,1.1649026084254885,0.08974803892168241
5025,-0.1659981917712165,0.15447070824975173
5026,-0.25710401496746005,-0.04166016338732593
5027,0.24238769228308907,-0.12805778835271014
5028,0.2719004037825978,-0.06454542232467854
5029,0.7075806318371425,-0.13936120413133732
5030,-0.7973192655083007,-0.11762860790682136
5031,0.6666577075840122,-0.2719016831610552
5032,-1.079242327462418,-0.1539773996783948
5033,0.5832278718307056,-0.2468907354059467
5034,-0.8537073751898351,-0.2989740752309981
5035,0.18971342317727,-0.44085924964033624
5036,0.9999086428302941,-0.16645729947725263
5037,0.09423968551968585,-0.38384411444060507
5038,-0.5222702490695516,-0.39364770424128154
5039,-0.16047990610476787,-0.42153470793257086
5040,0.7075722716117695,-0.35818435125149367
5041,-0.06213619588638086,-0.39013587133998096
5042,-0.15743204653483753,-0.41742727221599457
5043,-0.017036298846017626,-0.40539196804360683
5044,-0.009332604824931917,-0.4644837821510731
5045,-1.1506456155723628,-0.17780363671805183
5046,-0.23079020849016235,-0.05760345887917242
5047,0.5687878328472982,-0.3557505489115858
5048,-0.5865358069312724,-0.28478786004764417
5049,0.12981662879708164,-0.31100227438211714
5050,-0.09075251135773393,-0.35731907891385833
5051,-0.2601946235317561,-0.37895314529552254
5052,-0.6375896396556712,-0.39573520549016994
5053,0.6599539566332979,-0.4738321262125295
5054,-0.20073116825960866,-0.5762868983644864
5055,0.8827797234333328,-0.26310554660489305
5056,0.08826223909671087,-0.44016269546772663
5057,0.3974858055920447,-0.4179394244238597
5058,-0.6694522276898617,-0.4058284645925828
5059,0.7430954202759211,-0.3963125065007048
5060,0.1781162829221325,-0.5427136413947292
5061,0.43412906463770373,-0.3490014391636547
5062,0.46647044264085324,-0.2933565420201472
5063,0.5497339020620832,-0.008100721227989912
5064,-0.8435198858845723,-0.05384269194575157
5065,0.004180024130282968,-0.35555513321092264
5066,0.3656101030301918,-0.36345230490575653
5067,-0.30304712476904166,-0.08466418391556696
5068,0.46127195143258937,-0.05103391009172349
5069,0.24394311938812122,-0.06937280497886394
5070,0.30494997518158967,-0.23320988536009318
5071,0.9058157725456848,0.09276571694970737
5072,0.398683241276654,0.06249154106565457
5073,-0.37605837586661583,0.13769718773605943
5074,-0.35070022664515693,0.013827216790213476
5075,0.17920324248373964,-0.2611051044155842
5076,-0.376430421890148,-0.1963834736922355
5077,0.3641303003912764,-0.3062860409428235
5078,0.1292711098503212,-0.21261996139486766
5079,-0.8156299219583626,-0.10983501061035224
5080,-0.8926082829997894,0.2301121553629056
5081,-0.8718637307821285,0.040371425056041445
5082,0.8696282015343634,-0.1392652571408253
5083,0.24579635817878015,-0.27928588224972667
5084,-1.0538041875420145,-0.0922535400729731
5085,0.29314405622934203,-0.13786023580131915
5086,0.368439992463037,-0.31045388795984347
5087,-1.2287688908807453,0.07712935501776004
5088,-0.32612840579357344,0.1108767206125205
5089,-0.010438902970602206,-0.1252888124754149
5090,-0.6618217126974064,0.2755451722767267
5091,1.233910828713627,-0.14886237587493173
5092,0.21430986663770293,-0.29887904899761364
5093,-0.4719918966519531,-0.06804394715461165
5094,-0.43618549621776037,-0.02362648328900225
5095,0.6741435107607603,-0.30911229791223427
5096,0.26236957603357014,-0.26302941140554703
5097,0.5367724629200754,-0.18914871592720492
5098,-0.09957005818268176,-0.2765985308530977
5099,0.5358273967069271,-0.23849966027644867
5100,0.26298327989641795,-0.11840016015904352
5101,0.2451184014624855,-0.37290818704860274
5102,0.4509050661584361,-0.3734535734977995
5103,-1.4753131888624895,0.015252224067989071
5104,0.12043458611514148,-0.31018610204954156
5105,0.066138482605551,-0.36365579154106487
5106,-0.013072470517927745,-0.4571056712741063
5107,-0.6570098380135643,-0.31807697738944674
5108,-0.4921601374667452,-0.08596854112824742
5109,-1.5626239583486736,0.35248754808623
5110,-5.819512524784195,6.46908000453078
5111,-3.275698130812768,4.542245984424674
5112,0.8591921354285826,3.782628090653717
5113,0.2251763063872792,1.4478576526346756
5114,-0.29938784548727265,0.7156367326830482
5115,-0.004119512447392759,0.9569624847435029
5116,1.1334277819897944,0.2519988717169312
5117,1.2537508667548514,1.3017063821952517
5118,1.7373728265620636,0.6946293244414533
5119,0.38765846935040277,0.46455791838583943
5120,-0.7795567602859622,0.022210089797897962
5121,0.6915598455835567,0.09809256617428219
5122,-0.078294276217232,-0.14798531709684212
5123,-1.3121313628957052,0.34123041875211335
5124,0.7442599087245466,-0.15635304773032144
5125,0.08672813688307575,-0.2868508164108886
5126,-1.8649644142196844,0.1709864155591127
5127,-0.5010029518141901,0.31597486385174745
5128,0.531915285589056,0.7672902788682999
5129,-0.7946620506718775,0.01719404920647783
5130,1.2707432867580497,-0.2660759227005584
5131,1.0060783181415374,0.009820924450542457
5132,0.5672621685471863,-0.1949922897040188
5133,-1.4845754102854847,-0.2284122451651511
5134,0.5842713140510386,-0.3830843499622486
5135,-0.47471522138255196,-0.4227493558022192
5136,-0.49103947882988874,-0.28131809996348317
5137,-0.2359407259523074,-0.45247690643977306
5138,-0.8107501851609163,0.17603722646950926
5139,1.1223158878150852,-0.007744533303461811
5140,-0.6176637330999102,-0.45811355374724644
5141,0.1817496203925281,-0.522808478635012
5142,-0.8280852565600321,-0.3103778596174054
5143,-0.9662623277640944,-0.1571239454762625
5144,0.626366854899136,-0.421502253268691
5145,-1.0966916484206455,-0.12446844670016724
5146,-0.3856206706094285,-0.3393730624230511
5147,0.19516356149176184,-0.2201229090539296
5148,0.38003574210542196,-0.11241216043408268
5149,-0.23754285817666185,-0.4446925865671297
5150,-0.5001721108945488,-0.35508724637933103
5151,0.8371844686914797,-0.290218548142262
5152,-0.6291420487075929,-0.452836229331452
5153,-1.1264801618781446,-0.2266758003594652
5154,-0.5900620915688338,-0.06920834019075002
5155,-0.277715949518597,-0.06183844566239381
5156,-1.1655101110157435,0.10349028342282052
5157,-1.2001061226942509,0.5999789559644034
5158,0.610870618146268,0.26866489349977124
5159,1.0217139997207254,0.23162862778759136
5160,-0.5767972320930426,-0.14249405810192503
5161,0.676901228072686,-0.22281756355618187
5162,-0.8654669856500157,-0.249621576489591
5163,0.767933021325207,-0.17317454918838837
5164,0.6862261125356404,-0.31597508411220626
5165,-0.0844393047360363,-0.30848761474862074
5166,-0.5109168637073731,-0.4153113038797784
5167,0.7489245143271119,-0.30969260023898226
5168,0.3380987777049917,-0.3774754267319189
5169,0.4492274310119699,-0.45151560842256544
5170,-0.10924165684659627,-0.5229349366085323
5171,0.7746632232097792,-0.21995259529086064
5172,0.5194920152800622,-0.31410047137399805
5173,-0.6392203601595697,-0.34714874252398037
5174,0.36703104803221187,-0.5041218682263577
5175,-0.07044866663669606,-0.4135306672562586
5176,0.46646676014387384,-0.3873165767866087
5177,0.15342326285764477,-0.4534929198307069
5178,0.1118457911622062,-0.4727673274015613
5179,-0.6406804275805257,-0.3305246124524231
5180,-0.07381191876240707,-0.3273399745053479
5181,-0.2897695518825153,-0.475005006281225
5182,0.20278887430809073,-0.4321997978247104
5183,-0.011071964423288134,-0.46113250032482844
5184,-0.1797310542569895,-0.45488472011730424
5185,-0.690985630489412,-0.2496492848399218
5186,0.28653058273763743,-0.33519174368580107
5187,0.683305505503754,-0.3182426274858356
5188,0.11666409412336637,-0.4537104976400743
5189,-0.7830429868630007,-0.3948021325678
5190,-0.3490819022613936,-0.3570953276113956
5191,0.36067765408963387,-0.2894286688307447
5192,-0.19929736518056465,-0.3884820468499333
5193,0.4383779710195527,-0.47197564997137853
5194,0.6673503519649603,-0.3780176724056426
5195,-0.22083022617317274,-0.3565162268814834
5196,0.5224168125987861,-0.4938124003989942
5197,-0.19708742753651903,-0.47413710925962016
5198,-0.34666181953664593,-0.41728062406874916
5199,0.009104308149115578,-0.4533602634455369
5200,0.7913211830223371,-0.23614272094775612
5201,1.1751877276388232,0.2147510437082078
5202,0.34227373374749104,-0.01286241176892578
5203,0.20376698733347934,-0.1210796805092651
5204,-0.047767492037573196,-0.2937956504235981
5205,-0.5420640302776493,-0.23890145922542058
5206,0.019055965855562382,-0.5096437071901475
5207,-0.6370256612832985,-0.10474959720588037
5208,0.048821704919968865,-0.3108812832804655
5209,-0.09713703863477291,-0.498404877015747
5210,0.007862347921437562,-0.4387699310946702
5211,-0.4748746555581162,-0.34747499424727585
5212,0.4965549359806651,-0.3778906606232611
5213,-0.4537654460410546,-0.29044544073882345
5214,-0.5179826933022006,-0.39175921586676254
5215,0.5070800864796434,-0.46219885911599506
5216,-0.31655200708696757,-0.5270829252721063
5217,0.5360137214221755,-0.473573700099014
5218,0.4251266543680378,-0.48133550788018675
5219,0.3142914527393115,-0.4467413380797078
5220,-0.7221459011319673,-0.4702453447829751
5221,-0.24822053339707761,-0.4457883722830246
5222,0.28657711424622934,-0.5404124930002292
5223,-0.7873960158711634,-0.28340182864612223
5224,0.21017910479752344,-0.467969969552632
5225,0.3861431385784261,-0.5176695851810268
5226,0.448663733237106,-0.42463115209615426
5227,0.4709123238718899,-0.3913763230555274
5228,-0.41807218030836346,-0.5295272148042268
5229,0.06220192338724744,-0.5262079842214559
5230,-0.13448588953834972,-0.54347421027863
5231,0.5816030510397653,-0.5256748241319439
5232,-0.0688044471459277,-0.5445236142138602
5233,-0.33434161702403237,-0.573970314428778
5234,-0.4632879278114904,-0.4949176712332781
5235,0.10639407032869813,-0.4432885664203602
5236,0.050540561464602514,-0.4975349492743221
5237,0.08284238302352513,-0.4795289016038663
5238,0.2992666556966002,-0.5512752231476714
5239,0.07092378347959005,-0.4467687118681085
5240,-0.0560529258795117,-0.608122272149913
5241,-0.03681166384901391,-0.5396569993934173
5242,-0.2105313216253728,-0.5193609088510959
5243,-0.30643844536505976,-0.46744008955330535
5244,-0.5246495827409384,-0.30326979263204
5245,0.2901514106200317,-0.5467578633151728
5246,0.24052559217801756,-0.5470901425601475
5247,-0.473290509882861,-0.47640221431386015
5248,-0.4854635370786045,-0.30659148377740275
5249,-0.36721690059878526,-0.4784806416530399
5250,-0.3750988635982733,-0.3630738421575869
5251,-0.2541687705939572,-0.07735660806618426
5252,0.1761767275033249,-0.3075030858557421
5253,-0.7310928894531061,-0.2767903132741222
5254,0.3427699499513323,-0.46470831569985027
5255,0.18162258972368192,-0.11713425027517924
5256,0.22214552551804392,-0.42863028571676065
5257,-2.411919732388655,0.5695513128765147
5258,-0.30444343463080564,-0.06209113080514764
5259,-0.6142773885760164,-0.14459269746041156
5260,1.3308321628640052,0.15931351149785727
5261,0.373783097236935,-0.4028237901570516
5262,-0.790700708013728,-0.43981306111121343
5263,-0.3296106455617044,-0.3760744887042571
5264,0.7504497958217948,-0.3966497525930645
5265,-0.1540338881631348,-0.3580949069239332
5266,0.795530968638734,-0.40518251126566884
5267,0.5902298874902386,-0.4193171347750015
5268,0.0324537320767187,-0.5325769363009261
5269,0.30550516727119753,-0.41384625468312575
5270,-0.29679599635464077,-0.5019391328403708
5271,-0.6093143133099118,-0.4838770425024857
5272,0.15229922704042434,-0.47187357501853316
5273,0.5679291795629124,-0.5147660468193807
5274,0.4065478312604076,-0.5182564159852042
5275,-0.4171745064999971,-0.5500126337280019
5276,-0.0968113020871349,-0.5440294897267741
5277,-0.22796871656584994,-0.5770071158598654
5278,0.4033910661475318,-0.5557096154806148
5279,-0.45017525893971344,-0.5297093385894265
5280,-0.0031010693914323368,-0.5850794966952653
5281,-0.15672011297044924,-0.5681725430738168
5282,0.034133684939602824,-0.5092619840756102
5283,-0.9511668066120484,-0.38721397161210797
5284,-0.5357706816040699,-0.2838644850622859
5285,0.1768987973156952,-0.49276413242854183
5286,0.21864847670979123,-0.46938169826958426
5287,-0.9220048844036116,-0.3747247374274963
5288,-0.3081809200698395,-0.27126423828635454
5289,-0.12499733635602511,-0.4145838585098857
5290,-0.6811320234449016,0.266329793729514
5291,0.15301508622620352,-0.2211863813405606
5292,0.1572937478722962,-0.2411691574626005
5293,-0.6455260811743198,-0.10111102572952028
5294,0.833100135861965,-0.27602448769843513
5295,0.06696449884284555,-0.35787734122627207
5296,-0.4022079323182123,-0.4305845148100383
5297,0.33569776977110943,-0.5355454470824684
5298,-0.6151767921788788,-0.18483572706169774
5299,0.7448382762419622,-0.3683194742099884
5300,0.17472461292389066,-0.41618323718621786
5301,-0.3595956789709335,-0.4446792658402773
5302,0.4664137150563634,-0.4888329193687869
5303,0.070832082172654,-0.4214015622807125
5304,0.5710103432051895,-0.25950162231318596
5305,0.07470060606101123,-0.48252194836403794
5306,0.3649629148866371,-0.42041358263858325
5307,-0.5148713605160857,-0.3613693181871331
5308,0.5748496487230408,-0.3658730570354513
5309,0.30525817660470966,-0.4199439353863476
5310,-0.3985431318291199,-0.2621360337470433
5311,-0.07260399221564419,-0.44992393721341517
5312,0.23221499578432608,-0.5007329862071759
5313,-1.6258018478507448,-0.13640815045084445
5314,0.3963791150743391,-0.35547278318181413
5315,-0.6847806437874393,-0.195145112192692
5316,-1.538283413401657,0.4800335898297169
5317,1.4069887901509228,0.2535500989120804
5318,-0.11390190833039661,-0.17323503516905514
5319,-0.3157705891450787,-0.28952056252229513
5320,-0.8599640573106363,-0.12649340675603243
5321,1.4125695055851812,-0.35422907838425294
5322,0.11908490222501479,-0.4604139690565612
5323,0.4538194189295339,-0.39641247843253036
5324,0.06937958417274198,-0.5164929209874743
5325,-0.3123811345270198,-0.48215043064246216
5326,0.2676803950566381,-0.5031137583552284
5327,0.24926099401778942,-0.5173992644209734
5328,0.5491793862843486,-0.4526218896362828
5329,-0.49602371807014295,-0.5306307537893613
5330,0.06646266153440869,-0.5656516490198127
5331,0.08880684904196871,-0.4345427225639809
5332,0.3445149319145083,-0.5424140749251503
5333,0.20119794543026734,-0.5456851952388015
5334,0.15405215885167284,-0.383336064231458
5335,-0.5786416473532967,-0.4140714952958174
5336,0.14250732920150383,-0.47183878531031287
5337,0.3077422445260595,-0.5911238996372914
5338,-0.23538929002637698,-0.49963419142253457
5339,0.6409989290354162,-0.5029137915099631
5340,-1.0684704210060179,-0.5007713538547968
5341,-0.1668768024296543,-0.4879565301192977
5342,0.0015220978422606142,-0.5803502112939254
5343,2.3975322639701844,0.31916796820297927
5344,0.40560758791972207,0.011857554160718634
5345,1.013183009524281,-0.17813116293530026
5346,0.9643026960206584,0.06363948908300614
5347,-0.5150697402501913,-0.19364986500414078
5348,-0.701653460905919,-0.16458306462348
5349,1.109099910380816,-0.2599906541360169
5350,0.17925068803525207,-0.4188014441571947
5351,-0.40449032467653967,-0.3285865181897462
5352,-0.15331575312834014,-0.31429713754958055
5353,1.2617619896907484,-0.19118853313722342
5354,0.9527575793761809,-0.08053220732753914
5355,-0.6821559800391775,-0.24720219783623434
5356,-0.15943318640881174,-0.3291539982105684
5357,0.7831169839195414,-0.3816119075158293
5358,-0.241892139726853,-0.3065292053273508
5359,-0.23526590397189454,-0.368813503078312
5360,0.0382594119395401,-0.4879867779127056
5361,-0.6684449971593198,-0.38577789957178593
5362,0.2235127185606002,-0.4198074202505599
5363,-0.12767797633279376,-0.524599444611437
5364,0.8038455980619787,-0.37759261925416365
5365,0.318105400939248,-0.30035012923600657
5366,0.004476557207084688,-0.29173442420084505
5367,-0.12097776054399641,-0.4628963285194347
5368,0.20746353236073842,-0.4231071859847379
5369,-0.10153998498466121,-0.45828553171657704
5370,-0.07313208086440506,-0.4607609044092809
5371,-0.27446297757771426,-0.5165825516632048
5372,0.44529804066135437,-0.410154771562793
5373,-0.045629207258673345,-0.4518676718475716
5374,0.1315628598702173,-0.5588824133234804
5375,-0.12256778134235445,-0.4169730256319143
5376,0.4635046322887418,-0.4074257194486853
5377,-0.48956236885452953,-0.40637075664908406
5378,0.9095601816461601,-0.22197907381250756
5379,0.06310219405133426,0.05961944026270134
5380,-0.029897723189089613,-0.23725036213288414
5381,0.40522276258391193,-0.3619729490394624
5382,0.343047328333631,-0.45301106776929473
5383,-0.3635568240525348,-0.267377161018008
5384,-0.3701163857570083,-0.42957504374436134
5385,-0.5119273791911634,-0.34625515143185054
5386,-0.18894239379808156,-0.37258779283965676
5387,0.47887047725566,-0.46067261021964834
5388,-0.036869899863029715,-0.5415205594816587
5389,-0.7220581000552632,-0.25196859142733474
5390,0.02013769897866356,-0.41399471487833267
5391,0.10552752905490254,-0.40701322839668247
5392,0.2971620208987112,-0.4898294478611575
5393,-0.09688194126175664,-0.6061745395597429
5394,-0.5790411850565925,-0.42926309761450204
5395,0.058809674811599606,-0.48351444967876345
5396,0.11126174907924184,-0.524483651939982
5397,0.20246339879972547,-0.36723834833964514
5398,-0.07230778260038383,-0.4449391386895619
5399,-0.34155645195887885,-0.48106303781216686
5400,0.16471083645054996,-0.461313321079327
5401,0.18738928801620033,-0.40804287883147866
5402,0.42669792215362146,-0.3753530907333876
5403,-0.3171870926909655,-0.3720017739867935
5404,-0.017614925254057043,-0.2950557303791666
5405,0.02431912896004906,-0.34369675322537485
5406,-1.1142047697595796,0.081475017466502
5407,0.5306499953195014,-0.2814358542161062
5408,-0.43422437856147267,-0.22657799564804326
5409,-0.41960596380595094,-0.32283372522107917
5410,0.38052055799736517,-0.3698134934780991
5411,-0.22381019498564694,-0.48367101060340667
5412,0.9956099045188312,-0.37597804762066966
5413,0.5083274797713515,0.17073295360800628
5414,0.13123263671769067,-0.2028384555427516
5415,0.017528147299774376,-0.16432753502219533
5416,-2.1590264899575744,0.48151473788135873
5417,0.5755231763114149,-0.19423943697507348
5418,-0.506727171365726,-0.3023322589977373
5419,0.16056547635902566,-0.48317323110515237
5420,-0.5179917015159414,-0.3281267909443947
5421,-0.5820751563191763,-0.2988761727177056
5422,-0.22126849192459164,-0.2048085855287745
5423,0.6353352178533722,-0.4299197995133152
5424,0.16372664647484214,-0.5133242268995037
5425,-0.11429083048674112,-0.5400119311864768
5426,-0.6587850313072707,-0.5211602197396425
5427,0.09034628084649747,-0.5283432671919162
5428,0.18201955292560404,-0.5365752841104945
5429,-0.2703626225484722,-0.5409293843979568
5430,0.19510408169801077,-0.529625233191951
5431,0.4289504236957276,-0.5412369242618874
5432,-0.18386494785636462,-0.5704756863748573
5433,0.7461672885507254,-0.40295799609957533
5434,0.48411226676863567,-0.438564785763419
5435,-0.6527077826004046,-0.45386330330957536
5436,-0.015968487873873907,-0.5427835164399951
5437,-0.22091527278385997,-0.5624783393299296
5438,0.3753457149683591,-0.5544489343528541
5439,0.905258888896989,-0.4181582049643343
5440,-0.7041964789479416,-0.4336003986718626
5441,-0.1687296076876877,-0.5043874021178901
5442,-0.6199051999932143,-0.4757659233988836
5443,0.18335342539561336,-0.5678578627897573
5444,-0.24145012681463973,-0.5234505341271347
5445,0.4371029752688441,-0.5359449543315413
5446,0.35511045978672606,-0.5322225418952132
5447,0.37093133234293413,-0.5234692011807047
5448,-0.5514402277604137,-0.4474504209485481
5449,-0.5612988742376988,-0.5350903930161023
5450,-0.23922838541455563,-0.4830769314328393
5451,-1.6853624322096017,0.4309169786149738
5452,-0.5655894150478634,1.0101132844776248
5453,-0.12235452755709003,-0.281117675090716
5454,0.40736248130471664,-0.3988301601625848
5455,0.32353679316007045,-0.4105278062597207
5456,0.7345735491763711,-0.40818606022064274
5457,-0.13230059836612443,-0.4999586147481766
5458,-0.6165991359971529,-0.3381352916921228
5459,1.4874091715418492,-0.07734879301029243
5460,-0.19404424132106235,-0.32316356987739064
5461,0.17912543749781118,-0.5033717281264739
5462,-0.2503539788260003,-0.5581291298384794
5463,0.1766782871831275,-0.4915707017207019
5464,0.2740412018454928,-0.5697429061707158
5465,0.017314256633317027,-0.5232457780654388
5466,-0.45325021723381803,-0.3737538742158442
5467,-0.18773846465277758,-0.45891337830821577
5468,-0.5657295087373033,-0.39229533678226114
5469,0.5792156090686784,-0.49289637082182086
5470,0.4969408515287618,-0.5192126780601007
5471,1.3473487575644154,-0.05414974285970064
5472,-0.12422930017589655,-0.23645493237457577
5473,0.5306876589370764,-0.24241389460084908
5474,-1.6222409091925518,0.01943061564923969
5475,0.9000926956878806,-0.3542456205195724
5476,0.14112378618882299,-0.5219634694865579
5477,0.9403195775339848,-0.17842162627002364
5478,0.14259491525959367,-0.2959568702665813
5479,0.7010750946195592,-0.08893050173362475
5480,0.3373959364061739,-0.23275361090632832
5481,-0.30600767035599724,-0.24637558091125633
5482,0.21845269177265295,-0.37094841680233626
5483,0.1152229687842178,-0.36927629476904467
5484,-0.7278891220252102,-0.15858622766732888
5485,0.2657495775308673,-0.37579396780097646
5486,0.46519834570798824,-0.26767318175298
5487,-0.09780380161000812,-0.43133831058565525
5488,0.1276537195563489,-0.43973641011104286
5489,-0.299884498712232,-0.3716917693867541
5490,0.1195107060176877,-0.4844010606397739
5491,-0.2290112931521239,-0.3566046806662922
5492,0.09866565405207477,-0.37391888780580473
5493,0.12434093205029598,-0.4942975109154271
5494,0.1064565668697421,-0.4395716907826125
5495,-0.09325461552347371,-0.3746786212572407
5496,0.624404119956625,-0.3867122296499335
5497,-0.8878851755733829,-0.39236241565201874
5498,0.5156319292306567,-0.43138820490439445
5499,1.799452024211249,0.9792153288028552
5500,0.2324019528107386,0.45370273405571027
5501,-0.8075989927951814,0.18557708914806983
5502,-0.8607768077198921,0.19797577502615588
5503,0.7491620139137491,-0.05491396429955838
5504,-1.5861483850800837,0.14234172512307733
5505,0.09298104823281898,0.8390615722850068
5506,-0.427343911232191,-0.21653642811940446
5507,0.45912570386343643,-0.021540061668440084
5508,0.36204637106324905,-0.24231342993685828
5509,0.6616905571187759,-0.23460836323900117
5510,0.30819680159345175,-0.12249390753840814
5511,-0.03476521491929914,-0.2054647736555097
5512,-0.18562133683144866,-0.28180873802586315
5513,1.0048442836042497,-0.2449078430293464
5514,-0.6425264528551001,-0.329231115264988
5515,0.13576118026596753,-0.3339079414908076
5516,-0.26345510207725387,-0.4084706454325665
5517,0.6750776300475615,-0.30164201506847005
5518,-0.32828266965725195,-0.2460629900302933
5519,-0.15092596128323163,-0.4005656035685478
5520,-0.4889324449853663,-0.3465069005338788
5521,-0.2822172974762058,-0.40235102993363914
5522,-0.17552863307380237,-0.44666410792139183
5523,-0.04021266946277574,-0.38054486724454334
5524,-0.23649173812889474,-0.500902265772284
5525,0.23697039283459675,-0.3738318153308882
5526,-0.2762905308725051,-0.5403553342335619
5527,-0.021135131314183958,-0.5086906755997703
5528,0.23627783766272314,-0.5756722254418587
5529,-0.449526360978179,-0.5102519672808562
5530,-0.05041495801567461,-0.4684718505348894
5531,0.47649922000865397,-0.47618358149460444
5532,-1.569831848192077,-0.27011977594805614
5533,-0.4326797640900352,-0.3096525435573995
5534,0.12272200844305056,-0.5096245642509301
5535,-0.4815959321714542,-0.321230972686776
5536,0.0671215793071306,-0.4537308152391011
5537,0.2832563774126667,-0.45115684803590994
5538,0.05843190188800047,-0.5205701208155862
5539,0.043939283399992334,-0.5120019177943367
5540,-0.5015639276675702,-0.5468236255940577
5541,0.4579259497280368,-0.5154773355031118
5542,-0.042003610678785185,-0.5282880994164019
5543,-0.8823604083707997,-0.3072437996070144
5544,0.936038511277671,-0.37585189190981494
5545,-0.05182814914944824,-0.5456768076259219
5546,0.5796531934828436,-0.4007000563628597
5547,-0.6094945295022898,-0.4450437108442481
5548,-0.5006718545311875,-0.4457169990891609
5549,0.08367972313102894,-0.44467581613494395
5550,-0.7365009878396294,-0.35824757672837265
5551,-0.18223615554532838,-0.2993493637826333
5552,-0.5672481175877193,-0.14957355559251462
5553,0.8728303678554438,-0.3823205704747267
5554,-0.3327721263466276,-0.4821596012598125
5555,0.39689056190113803,-0.4033600549613842
5556,-0.42149997722993665,-0.44203142936396644
5557,0.48163895186405103,-0.4360717487702286
5558,0.10292085156603809,-0.5038174675651663
5559,-0.38749200727126426,-0.5247820455643327
5560,-0.37350322414161463,-0.4717336231382239
5561,1.1624492608996007,-0.3604618034907661
5562,-0.07260803470333597,-0.4780982841490255
5563,-0.6295670650328188,-0.38073896750554337
5564,0.1632310352580289,-0.5698363376362806
5565,-0.00577315974129149,-0.45813221957044514
5566,-0.07520384485943295,-0.564549164191966
5567,-1.2153717382475298,-0.09147934157496056
5568,0.4768196258156699,-0.3862911419970593
5569,-0.2512344291441614,-0.4610558927022287
5570,-0.20728403231890555,-0.5227816137075407
5571,0.5500297669512613,-0.4363861421254642
5572,-0.060453018358500886,-0.5222622922692531
5573,0.5264039817055814,-0.43713686709682276
5574,-0.47388983940243956,-0.4120894132403641
5575,-0.29924106135918477,-0.3661095267212016
5576,0.565147127604495,-0.46317320000495815
5577,0.5045722019747523,-0.3406132175346495
5578,-0.10957495867990517,-0.45412274009813514
5579,-0.7157182471158146,-0.36645589361035663
5580,-0.5271508232126346,-0.44723796886346845
5581,0.47818168962249147,-0.30057508988762305
5582,-0.05521117275423308,-0.48407980042606064
5583,-0.19711791177365287,-0.33423585858673177
5584,0.19410930551621808,-0.4511322936855125
5585,0.37944779790525424,-0.41476266557995395
5586,0.3916254984041458,-0.33648582473989097
5587,0.040809192142905584,-0.42181684354435794
5588,-0.34923278930479984,-0.42319337984263766
5589,0.5139555651512168,-0.45175212415603105
5590,0.34072806165429176,-0.39637707179403975
5591,-0.11767422180983045,-0.39675104546672524
5592,0.4862873970625121,-0.3182996778682912
5593,0.21751131276856037,-0.28206602619933135
5594,-0.6369226306294219,-0.28589991594181574
5595,-0.18751024614780448,-0.37265718173326284
5596,-0.2922335769898456,-0.3124986176810463
5597,-0.7369115064589771,-0.0713658246418063
5598,-1.409287794203265,0.15740861655148428
5599,-0.5376558143564686,0.3628187689008979
5600,0.23882967727863114,0.19003709944056144
5601,-0.8988688781193356,0.06204867390559758
5602,-0.49864192616229686,-0.06492170919637112
5603,-1.3484066765612452,0.9561687598650179
5604,0.8526182235559145,0.13964746774254397
5605,0.34446668961488736,-0.2981978024691042
5606,-0.8890920960078468,-0.240135881113657
5607,0.5245268844512627,-0.22985820865356216
5608,0.7493904334871498,-0.2026355917495625
5609,-0.38343578541067425,-0.4390574987138273
5610,0.42184524780025406,-0.5252884587946733
5611,0.6708790412797371,-0.1969232993569654
5612,-0.29718647057874664,-0.4347897302947402
5613,-0.7361620769653271,-0.36796285558610964
5614,0.627603414401053,-0.4627181208368898
5615,0.5862263681840371,-0.3911752474295438
5616,-0.959622208436605,-0.35448462254944685
5617,0.39729305409464494,-0.510129061109575
5618,-1.0120112215806696,-0.3256954302196173
5619,0.7481076734781444,-0.43228032407996847
5620,-0.6248432229654812,-0.445988471305458
5621,-1.400489722076896,-0.0380117505188958
5622,-0.18547649207594966,0.03411042690144108
5623,0.3990004789868166,-0.4642639919480018
5624,0.5694763513232994,-0.21982594031889666
5625,0.47965776585881376,-0.4828955441346951
5626,0.27742125457327205,-0.5039808048193266
5627,-0.10079482938074813,-0.532793786767808
5628,0.1292913535035753,-0.4976268728214389
5629,0.4809290963557617,-0.5429375579514633
5630,0.2057980976084023,-0.5427589672621925
5631,-0.7519295367353043,-0.44023358271790036
5632,-0.22897979456634998,-0.5431326791685493
5633,0.1815133081204556,-0.5253592173305465
5634,0.35685486062604216,-0.5207892475043642
5635,1.2116131630647005,-0.21020962284499808
5636,0.36060636016089637,-0.17298159221070386
5637,-0.02148175590701153,-0.44671689749855614
5638,-0.18838172562698344,-0.44312423687790436
5639,-0.6416012132673798,-0.26333794381664166
5640,1.5441791017491966,-0.06794411642645053
5641,-0.26954624012266354,-0.34484717856621827
5642,1.7435403918291235,0.1432174418846675
5643,-0.8744024415165425,0.014089878738441867
5644,-0.37930433368569083,-0.4894897267444543
5645,0.27633623065925467,-0.4401124884597144
5646,0.23847988122415653,-0.21569742834701558
5647,-0.6803252976133387,-0.46194512721713843
5648,0.7863722105614829,-0.0855423810408887
5649,0.5411637850312072,0.07346578722590974
5650,0.8841168011372277,0.006485115545645472
5651,-0.8842944905891645,-0.06770722380004952
5652,0.058306996960379436,-0.37943858177477074
5653,-0.7672206776387678,-0.13153167287875128
5654,0.03850996219700404,-0.3550291848025164
5655,-0.5533334890503905,-0.38465254843464375
5656,-0.09726745294258611,-0.3164726618916209
5657,-1.552329852519931,0.2817968984757679
5658,0.3585225242167374,0.15007559039814306
5659,-0.18209869019250505,-0.3405939303841379
5660,0.32136073531725445,-0.45466172278643785
5661,0.4511485516085164,-0.46999007039593876
5662,-0.40793155529492037,-0.367419775556959
5663,0.1813177666806771,-0.4764260736810494
5664,0.524359836972683,-0.45765541546320876
5665,-0.1349820481246454,-0.4589335371284474
5666,0.0779193188333148,-0.5752250330182181
5667,0.048979667783369235,-0.4455064767786796
5668,0.2436197499611592,-0.5016170323672983
5669,-0.3933808232088886,-0.4968855258765998
5670,-0.09140586292611615,-0.5151321424075442
5671,0.19597717703718578,-0.28931876212131746
5672,0.3176332595199613,-0.32029438914882974
5673,0.07750972635068677,-0.40609211463245265
5674,0.5727300079552252,-0.40828211826686495
5675,0.03698102714779425,-0.3905061959682774
5676,-0.1219903592388659,-0.46257394939065377
5677,-0.1406027309440574,-0.42849595273523766
5678,0.2685331516534894,-0.4701277033350616
5679,-0.29406532914941375,-0.3971247032690739
5680,-0.12849647033564165,-0.572889455482942
5681,0.2870547906731226,-0.5036667418301808
5682,0.45954024040818287,-0.3464867988557387
5683,0.05276231563723449,-0.4117168209907462
5684,0.07134030713702147,-0.5060732949683927
5685,-0.13348163885921469,-0.48422321371692206
5686,0.11731749030413816,-0.4678310156024075
5687,-0.6235276562007299,-0.2812714655694387
5688,0.04344652428597939,-0.44473276179314136
5689,-0.9906838041497851,-0.19167656845165795
5690,0.21572758528077932,-0.3922928968633788
5691,0.5697866826199623,-0.4044808740378958
5692,-0.5147454758568408,-0.3006623004586447
5693,-1.8339584244121356,0.40588896693486576
5694,0.13198004093916071,-0.04949442931341744
5695,-0.7246094000722634,0.010703138225476022
5696,-1.1882123857665883,0.4066868146367541
5697,0.8376162532928175,0.26521492039597017
5698,1.2137205086907454,0.15439362541096174
5699,-0.48295846721746644,-0.2872724826738595
5700,0.18840768248678275,-0.4802671610549853
5701,-0.8674760909938493,-0.27713938825684714
5702,-0.355950280771747,-0.2958306979401891
5703,-0.024729959463385808,-0.278280358768813
5704,-0.2536000414981381,-0.4217825800526646
5705,-0.08264536370324749,-0.3880639143152128
5706,-0.6239339470043079,-0.11110624788234176
5707,0.10940934557505466,-0.3200041364338722
5708,-0.2209183298917419,-0.4184878217548854
5709,-0.4989335458269918,-0.37023915051599066
5710,0.6991254754054539,0.03578488447374738
5711,0.6173194078095835,-0.3635354177473493
5712,-0.6477949017512196,-0.31493046282744735
5713,-0.9345052323668028,-0.2227609315447932
5714,-0.5106645868439645,-0.2949412389764793
5715,-1.2073754063442022,0.3966320726833822
5716,0.4872834630327541,-0.05428469702637905
5717,-0.36991536788282936,-0.27122264707073895
5718,0.37722102228644605,-0.15626622042833319
5719,0.46683818063195276,-0.009558542208834942
5720,0.4352110715062712,-0.4571051575346186
5721,-0.5513597904245916,-0.40268355865686595
5722,0.6223203219937085,-0.44650915655397294
5723,0.35526531838097897,-0.4128720645770425
5724,-0.22694451267898244,-0.3786163839581289
5725,0.6629378609870206,-0.4753997898540576
5726,0.479930289201878,-0.5230720954403022
5727,-0.4998201625386677,-0.40538378804303976
5728,-0.3898280272078414,-0.37641020747143084
5729,-0.37429551154295926,-0.5163407634292742
5730,-0.7101783726958589,-0.34643196211137495
5731,0.11800804622076932,-0.4730837091123785
5732,-0.8114215379651312,-0.2572225841405221
5733,-0.09163159671848957,-0.47699819932122267
5734,-0.5649242832551266,0.09770063034362882
5735,1.0626225722146587,-0.11896324996385929
5736,-0.2020309403577519,-0.3623227572365713
5737,-0.9449383487747057,-0.1031535776934364
5738,-7.046935550854995,5.67102461141644
5739,2.17527198711432,1.4108791211746805
5740,0.8464289262285777,0.24082057152756173
5741,0.04801163357876858,-0.05888435734836714
5742,-0.6382431863412545,-0.1853626265528113
5743,0.9866149532692093,-0.12415803791789745
5744,0.34925096248046283,-0.232372522603493
5745,0.41628167897716656,-0.10386930187935295
5746,-0.574101776533408,-0.24996439626842692
5747,0.2672274534844765,-0.23076336017532276
5748,0.40231899724709685,-0.4469372155343681
5749,-0.29914906921099915,-0.369606100474726
5750,-0.24283840490444006,-0.46453263115116433
5751,-0.42868878388668996,-0.07748394034517245
5752,0.0652029076986847,-0.4385464489528238
5753,0.3477695637904431,-0.37867824521803134
5754,0.41200318853039536,-0.46209553606218073
5755,-0.13321216588108623,-0.38460901751805915
5756,0.29375055475455686,-0.43113270347607074
5757,0.17537884366890616,-0.30876095646651774
5758,-0.26690703458796183,-0.38633466201059496
5759,-0.7883742385413637,-0.32446596709280956
5760,-0.6750286813733122,-0.02628913311853781
5761,-0.4467774688395698,-0.07944267468160185
5762,-0.23080836271177324,0.015400287641366165
5763,-0.49912565656977764,-0.04926347916536689
5764,0.9172497927790809,-0.18831962285227502
5765,-0.8136126679002609,0.0866877033859939
5766,-0.4091973996403014,0.15210479696734786
5767,-0.08080155658462645,-0.1480585602753201
5768,0.7138711887141135,-0.28040907748739496
5769,-0.07411548363529377,-0.24534300604981402
5770,-0.09030060950401268,-0.39791944222955705
5771,-0.20807020356813088,-0.3422714896450715
5772,0.3335058360206126,-0.2796604312557721
5773,-1.034392038992865,0.22382339947193125
5774,1.796298203778009,0.11175254618249383
5775,-0.9657744609066597,-0.15998554367527015
5776,1.1445380761583717,-0.3057253209650033
5777,-0.0388631392806917,-0.4514160917074976
5778,0.6944426278046762,-0.3167819343624236
5779,-0.21478948973310422,-0.36460257817478414
5780,-0.24804139557915392,-0.3854423700702946
5781,0.014971855773480775,-0.4338765406143945
5782,0.49673056443012603,-0.34777453294898136
5783,-1.9489948639183063,0.28163776397461765
5784,0.5103371127365872,-0.23189482821334376
5785,1.372741783756532,-0.11315687871279576
5786,-0.6071105145938277,-0.2644104880895137
5787,-0.4413318406724026,-0.35544606659376077
5788,-0.17397110124729323,-0.05307655175081123
5789,0.3647228944234129,-0.041378253020647196
5790,-1.5436939144607713,0.10925257098673179
5791,0.4994769640885476,-0.04140539209688034
5792,-0.9974494605311227,-0.055563285142099544
5793,1.1595064994096382,-0.15020794876696852
5794,-0.40593598124397473,-0.17360455138400863
5795,0.814025194682955,-0.190047770648987
5796,0.5092377025528352,-0.45408617312579247
5797,-0.5596266833075662,-0.2922840816080703
5798,-0.6625748917794231,-0.3812002703950565
5799,-0.16021222697367568,-0.3825713700234499
5800,-2.2832239022135337,0.3270072019328794
5801,-1.4949101133776872,2.946573891167235
5802,-0.7739572401969622,0.7435103568444928
5803,0.8076225984650799,0.22257632850721007
5804,-0.2708601456486209,-0.1592637140492766
5805,0.3152718753254597,-0.1283012181893968
5806,0.242889283665855,-0.2913974741505296
5807,0.661849899792041,-0.14223740807089016
5808,1.5723693966489845,0.10295657432740382
5809,-0.07990829599928356,-0.27510518857723576
5810,0.49864932994691563,-0.4164868366924966
5811,-0.12609784270676686,-0.4357943138784208
5812,0.27207689775649696,-0.4390918872606968
5813,-0.2880222758035793,-0.5178838462970783
5814,-0.02705768711660683,-0.4102381879317558
5815,-0.6676123210655437,-0.36872249456986544
5816,-0.08509571139399306,-0.49960286020883676
5817,0.8313951290625053,-0.4688119120239584
5818,-0.7153935373141939,-0.42565617887266244
5819,0.40288884832183186,-0.4567147061281986
5820,0.04473311869297209,-0.5085124902239948
5821,-0.7277599439899751,-0.4388914323616786
5822,-0.02931472023124244,-0.4723561684008768
5823,-0.10056210938224,-0.4224369452804041
5824,-1.1385371919844691,-0.17526880086097002
5825,-1.9436564514415007,0.1723966149547311
5826,-0.6371920957648348,-0.13163864152396765
5827,0.2914588814872614,0.02831772462595993
5828,-0.666899026298959,0.06952192143140752
5829,0.11352687074853982,-0.28269421172658976
5830,0.3010923902878636,-0.3108703590527172
5831,-0.8289711305263854,0.2266121056107339
5832,-0.7105250888028021,0.4495315682681998
5833,1.8307759524559672,0.08746066255447289
5834,-1.6363811831178594,-0.15500614477874794
5835,0.4698494492970157,0.015974714355674987
5836,-1.2354539196025651,-0.0863479156613016
5837,0.0034804502330892297,0.5903425499257899
5838,-0.6920647674933771,0.2983067791961881
5839,1.1930149059109127,-0.017582722009632557
5840,-0.3923126174018113,-0.1941408244203795
5841,-0.6705372107898362,-0.21942985662047737
5842,-1.1253032508068181,-0.011346453252327738
5843,-0.24293343616375515,0.003119516422746036
5844,0.7313520368524138,-0.09741220103605658
5845,0.25867837503666574,-0.2314667292101471
5846,0.4565952157201698,-0.2885914720955702
5847,-0.4603257542352046,-0.2564414194460801
5848,1.0850120152110703,-0.12038947748036904
5849,0.0547918794680432,-0.3530692029649272
5850,0.5418163195601854,-0.401350095859311
5851,-0.3880005898452233,-0.3690135007546976
5852,-0.16576653345985484,-0.36091621161213333
5853,0.3784351909069478,-0.43916244613904426
5854,-0.9920476805206329,-0.3709305015824357
5855,0.5468981585510989,-0.44957933752756185
5856,0.42852461276056253,-0.4646355786294851
5857,0.604245977332155,-0.40604987459188036
5858,-0.4357865538997024,-0.49555175723934203
5859,-0.6036888701261638,-0.40807694603982025
5860,0.3252897366136102,-0.4749624165309486
5861,0.013482024894680613,-0.43767772359307944
5862,-0.10062132251778343,-0.49922812575092734
5863,-0.2378013807092462,-0.3800173275903884
5864,0.2857186964539869,-0.38486257378932903
5865,-0.5661305790777991,-0.32765493705731175
5866,0.5332202171390187,-0.295446368990737
5867,0.049979954024931134,-0.4468714596563986
5868,-0.8708210390806101,-0.34216354234902935
5869,0.18766242376793402,-0.412391746867419
5870,0.08267032168791119,-0.4419211275419592
5871,0.537431609123313,-0.13944872135997843
5872,-0.521011747758679,-0.3164187534687154
5873,-0.7013135562744759,-0.3430453625243651
5874,0.5130075473000739,-0.3933147741628902
5875,-0.5155136291889028,-0.4826829464333418
5876,0.17127527851697424,-0.5319677072509339
5877,0.17897469067439914,-0.47975736085889925
5878,0.012536340012709153,-0.4674173546662283
5879,1.4311024176010496,-0.08686492437469749
5880,-0.2951330871446443,-0.2810905419477555
5881,0.413268416313587,-0.4003075756277659
5882,0.9689412007442038,-0.2036421375870076
5883,0.5453857658722177,-0.09495499793774834
5884,-0.33205040454824214,-0.12562235123688623
5885,-0.09187869106318264,-0.3865173752754552
5886,-0.024762451325507168,-0.42631771350882086
5887,1.0936632545166978,-0.01676482620344621
5888,-0.12585479340506403,-0.3420675182580591
5889,0.2809432991755771,-0.43243511494139486
5890,0.2917424516520167,-0.41663347703804143
5891,-0.03420709214986929,-0.36722120291851523
5892,0.9262949743641168,-0.10978617103158861
5893,-1.0732232496343832,-0.06280119870887887
5894,-0.08100164539339408,-0.46132358453434863
5895,0.5162350547205992,-0.2742206933969532
5896,0.48760847274509433,-0.40188586182134084
5897,-0.668482783775755,-0.35705675722681857
5898,0.4092640534104099,-0.5008995765830252
5899,0.05304548934615828,-0.43293014000456725
5900,-0.2715688012303295,-0.49776177574730457
5901,-0.07359795446676647,-0.510674110238177
5902,-0.7659272738825759,-0.22408168090710717
5903,0.7573945903914959,-0.4930900323473693
5904,0.12925508907951366,-0.5517078640113767
5905,-0.3189042228175629,-0.5416324745244803
5906,0.24593639234539338,-0.6000305335473914
5907,0.790272469774968,-0.37744009390837036
5908,0.1864741330719292,-0.5270943264089553
5909,-0.005254091263248258,-0.5414169433800383
5910,-0.08267956613081498,-0.5079055687038763
5911,-0.414483100426725,-0.5177968015605822
5912,0.3433174698729931,-0.5698310240759743
5913,0.031310753717617296,-0.5392773089002857
5914,0.3191867908943902,-0.5697457411726735
5915,-0.12426486203144967,-0.25001102871745595
5916,0.3202261236712836,-0.585974931126466
5917,0.09588731320818633,-0.4601247238788894
5918,-0.02020136907151286,-0.5625746665005866
5919,-0.23073520422535118,-0.505285760913432
5920,-0.37108275609376706,-0.5550977084574001
5921,-0.06920484457827134,-0.5792630466230945
5922,-0.5125491372265758,-0.5098618200473225
5923,0.5806619998928679,-0.34637727419930153
5924,-0.4948854567958857,-0.3412806409906502
5925,-0.20114829760519048,-0.5579983664492149
5926,-0.1030298733067664,-0.5581243009384336
5927,-0.5363317079569186,-0.4199100855310444
5928,-0.40120769246784505,-0.37788574114919604
5929,0.3822045829336192,-0.5448219523946746
5930,-0.0045006899603971225,-0.5220768998740588
5931,0.24639397216611064,-0.5278002174982273
5932,-0.41286675450776605,-0.45886462754746354
5933,-0.7312284572057571,-0.4449341557985128
5934,-0.37824805970948233,-0.3567556864047145
5935,-1.0006081253546955,-0.23071795469859072
5936,0.9392623777845106,-0.4207510979111106
5937,0.34230182885940874,-0.5658311996012662
5938,-0.14202927206971944,-0.5247511502922403
5939,-0.6131433597962788,-0.3765078968472636
5940,0.12473085014178922,-0.4462690038060575
5941,0.6057230220564754,-0.5272510958042799
5942,0.2318279883883456,-0.4784866457711544
5943,0.010906065443409657,-0.5073623047074954
5944,0.40026181485892665,-0.5577273048109437
5945,0.676301877422368,-0.510040139321096
5946,-0.13972884448801304,-0.5155561337432902
5947,0.07050839017221483,-0.44795859696665824
5948,-0.30270617524149923,-0.5547865125957622
5949,-0.11555745624111377,-0.5350886389283979
5950,-0.05871025224327136,-0.5584769341861315
5951,-0.6472979217651078,-0.4704346342328847
5952,-0.12603799800882265,-0.48992940389999906
5953,0.04602103117281813,-0.6179891035415286
5954,-0.2785609985586842,-0.5706001316450584
5955,-0.009589598258021475,-0.41236007531646174
5956,0.10278830927023878,-0.5985450968784461
5957,-0.26313055441754607,-0.5269630616819194
5958,0.10374627445307635,-0.5563313491036956
5959,-0.4824511898295541,-0.4515747906582454
5960,-0.210745637811529,-0.4710473893656965
5961,0.23732341570777324,-0.5300825895746477
5962,-0.13463297530397214,-0.4509310935055213
5963,-0.4931978711505358,-0.38569839042343373
5964,-0.8811033221522602,-0.20873853501923695
5965,-0.631549033568273,-0.24318934326401087
5966,0.21749568086044685,-0.0846472846422217
5967,0.35792147578605615,-0.39056065962932157
5968,-0.09683945268341018,-0.4356792139269456
5969,-0.4144451235952866,-0.4025893697069432
5970,0.6285529755135316,-0.4705178252852851
5971,-0.21634693110179895,-0.45931182055511005
5972,0.6738784946900401,-0.45947655353831157
5973,0.44450997995695213,-0.4295844246803597
5974,-0.23162465966354112,-0.5394097251351645
5975,0.1682670532249704,-0.5008565756559077
5976,-0.5520932336182038,-0.5096638465161764
5977,-0.6675930483733021,-0.28640962289525623
5978,0.12127529671559067,-0.471299590844704
5979,0.8398612486358681,-0.41841117163187
5980,-0.1105948848695094,-0.4923251368068888
5981,0.701821723271693,-0.4857980013182839
5982,-0.3058941754177544,-0.49654605289603493
5983,0.8725701601511284,-0.3222519260842762
5984,1.1355427560262215,-0.19876595222753424
5985,-0.15272679366157607,-0.3301610942404809
5986,-0.41114766812877407,-0.32068061124348807
5987,-0.3456993364384532,-0.4896835524898348
5988,1.0024471715250063,-0.3807055370439499
5989,-0.11700325892349125,-0.4634529106115998
5990,-0.02183668733431804,-0.480847043841203
5991,1.6599986618133047,0.3584309450180947
5992,0.0006156287146865242,-0.1649717925059817
5993,0.567957664450986,-0.2434446881694356
5994,-0.7523716048414085,-0.2407868549157601
5995,-0.15765410773242336,-0.38237371080319194
5996,0.10656979148199615,-0.5703616462086112
5997,-0.1310325798779062,-0.5100154611603503
5998,0.016250607896209173,-0.4869759496622382
5999,-0.42918170809973516,-0.40344912594650073
6000,-1.1497946765991665,-0.23869274745266894
6001,-1.2724807425839915,-0.13357757655665117
6002,1.4989888024699798,-0.0445530850609487
6003,0.015398974193780753,-0.33222906916303635
6004,0.4032451701341833,-0.5436893511366565
6005,0.1064493688953295,-0.5238479408456208
6006,0.4015870512090722,-0.5031236009930532
6007,-0.572787459226485,-0.3915582887236121
6008,0.6163771612212731,-0.5476987763377833
6009,0.4509560985966786,-0.5197879805335203
6010,-0.9176123946544998,-0.41186023323045984
6011,0.5784912872877566,-0.45103731430782096
6012,0.2636520627088577,-0.5482645860897215
6013,0.33503996550298687,-0.42287383062560463
6014,0.381999226517527,-0.5531878672717903
6015,0.8980468442982814,-0.28816234114648653
6016,-0.8776208674109653,-0.3310009985486946
6017,-0.0935892301131063,-0.4874275989767655
6018,0.1616395471407541,-0.5924773969770777
6019,1.1327850547065923,-0.20548365482546466
6020,-0.5348217304148969,-0.4126011449369156
6021,-0.09695872500446318,-0.5610388033636238
6022,0.04657821353836659,-0.5392419322800461
6023,-0.05841891928635525,-0.48345924233306914
6024,-0.5560991348523078,-0.38119076620806286
6025,0.500754365868705,-0.45759565164160787
6026,-0.42859475216911846,-0.4871943231433979
6027,1.0600096533976562,-0.2870068090098273
6028,-0.5952611303615915,-0.43908969029569245
6029,-0.4590152001016726,-0.47963340962062506
6030,-0.11955535004593705,-0.5282556574620972
6031,-0.5156634359573102,-0.33809832864078415
6032,0.08336011214936213,-0.42441364985880214
6033,0.03607626566375697,-0.5270012575364007
6034,-1.0007188457537106,-0.3397806793794643
6035,-0.9666623362905625,-0.2244671168978101
6036,0.1670915380932571,-0.3488628514726013
6037,0.4163529233524876,-0.45244108215459716
6038,-0.45029815104220694,-0.5295091258488663
6039,0.4634861299874815,-0.4433147453594271
6040,0.03389528320676348,-0.5600963866614191
6041,0.0554503830015478,-0.557768250778745
6042,-0.5371251985852541,-0.48125707577220667
6043,0.6872690304750801,-0.4972453975719584
6044,-0.29352896470453577,-0.5475093600885524
6045,-0.7699898247718459,-0.45910244966001745
6046,0.6686810510348111,-0.47544430060419846
6047,-0.24742822784902596,-0.41059127298557485
6048,0.5877826663748329,-0.42091402050949883
6049,0.753129469843657,-0.2816541638627184
6050,-0.26444858198107196,-0.4984009808823052
6051,0.6235918848687496,-0.3538866364693681
6052,-0.34536534517942125,-0.35853355619011107
6053,0.27059984864948045,-0.4585842444679165
6054,-0.40987842971228966,-0.4823393746067025
6055,0.1502622010663088,-0.4202332407838449
6056,0.789202655188752,-0.37419926647193236
6057,-1.273413095907146,-0.15772293315776123
6058,-0.378163309125682,-0.2676371639459686
6059,-1.4916864466560487,0.11284399711060339
6060,0.0883052647659169,-0.34588482507513096
6061,-0.21770777034250513,-0.4542326809731984
6062,-0.1967262715340159,-0.4477025825886176
6063,0.497716614362958,-0.16459850115800054
6064,-0.8056259388663853,-0.16220122890270652
6065,-0.2283047942645682,-0.39267988484837524
6066,0.2650594638810251,-0.5116908816773148
6067,0.010359802247013241,-0.42467919930273057
6068,-0.346973195422145,-0.501425057056126
6069,-0.58988554864891,-0.4271919447926087
6070,0.21763344390551867,-0.44380688020173953
6071,0.05066087744292049,-0.34614165146223463
6072,0.22912899120916033,-0.4292958881520776
6073,0.7851577831667745,-0.2901750032632121
6074,0.034515515858401055,-0.48926322807132777
6075,-0.2979731742013285,-0.3633374153862173
6076,-0.13001958160450108,-0.4525028902185868
6077,0.6781281991862019,-0.042088156060439974
6078,-1.4316281098900088,-0.02633883745523452
6079,0.7118144491481564,-0.07743934166643358
6080,1.1799237812840413,0.030303801808747487
6081,-0.31709421578335284,-0.3737618176114613
6082,-0.19950614517118537,-0.31834887835077164
6083,-0.01894314522290449,-0.39663467226883964
6084,0.4558743536567868,-0.34164764178654483
6085,0.175950995176707,-0.44253103277504957
6086,0.05652885829613662,-0.5333692061665716
6087,-0.6460018053371214,-0.3428966887329344
6088,-0.4503149958835907,-0.47263663750656615
6089,0.10939369390495078,-0.4979427099147383
6090,0.8187754501836559,-0.4247208375845717
6091,-0.539542956982931,-0.3634548078966691
6092,0.9466798880738619,-0.3604368830952517
6093,-0.5754634487279118,-0.35065381031714266
6094,0.6216606597330167,-0.48522228609139184
6095,0.041387933057447424,-0.4906830297900597
6096,0.7595549655803229,-0.3383789726921839
6097,-0.7544181325254236,-0.4079820363500059
6098,-0.326229242050612,-0.44578061932783236
6099,-0.4981901503367374,-0.4316798437494543
6100,0.4170448653564334,-0.5654309760365439
6101,-0.9317206968132973,-0.31329818022888595
6102,1.0193303892220482,-0.4621543408471996
6103,1.645399859471675,-0.2639703115612599
6104,-0.07469910245577104,-0.44471346253267663
6105,-0.11090710835730805,-0.475209100978681
6106,0.03003945225805787,-0.5507158061113914
6107,0.8225107207323207,-0.20078100999429938
6108,-0.6094095412719246,-0.43739938971764764
6109,-0.09328250760498003,-0.5543708885259743
6110,0.7784632966243429,-0.40152459290383785
6111,0.923913641100799,-0.07094005887116064
6112,1.1218430409294844,-0.1266430039429802
6113,-0.8976431628256722,-0.30891393478668894
6114,0.37764251779599045,-0.5578249183188891
6115,0.10998869886938008,-0.31132361942768666
6116,0.4719503042572951,-0.32008048590525917
6117,0.22656272587006465,-0.3843397632160129
6118,-0.315916214503876,-0.38275046870604434
6119,1.0914750341606334,-0.08791085718828578
6120,-0.038894006492103235,-0.09045360575290114
6121,0.4765714462069141,-0.36863695143314734
6122,0.1251836158297436,-0.4640127103331118
6123,0.019935343473018653,-0.28189876842446837
6124,0.8757758831804598,-0.23114751181491133
6125,0.06802459059614795,-0.32075987936864386
6126,0.6678114793311876,-0.21527552520731436
6127,-0.47798802776040167,-0.181569843640163
6128,-0.6878842397934029,-0.20658580814038474
6129,0.014128263045115884,-0.3899880799590434
6130,-1.1694318925510894,-0.06268086267468627
6131,-0.914841092658453,-0.22906486071177168
6132,0.017834952512230384,-0.4473038870322662
6133,0.21653724458425916,-0.4366102737459486
6134,-0.06308583622988193,-0.45477167541240704
6135,-0.47744076183385514,-0.5090879801774173
6136,-0.10116399804129654,-0.49006812106466857
6137,-0.18215058665717174,-0.45830355127219596
6138,-0.21531026320756422,-0.512287217956902
6139,0.8111943017110278,-0.4412309411066954
6140,-0.1833250744008473,-0.5663957315091112
6141,0.31688513505981003,-0.5016251948191173
6142,0.3907329289268586,-0.45345948872547825
6143,-0.27605539475917895,-0.49876308131590547
6144,-0.4433734970371385,-0.5286636183708512
6145,0.29561589578483455,-0.508205711047797
6146,0.634639115718261,-0.39096070684252804
6147,-0.28118643499696544,-0.4261754534188882
6148,-0.4423147288368338,-0.45692973302027584
6149,0.17249930430375676,-0.5045730972093898
6150,-0.37155436103371986,-0.4465977261274434
6151,-0.5690164837809344,-0.38802348696208183
6152,-0.2141406921325386,-0.4181549628422783
6153,-0.0472761613023186,-0.4667704425478855
6154,0.47754287516980043,-0.515165758191297
6155,0.04006875299808638,-0.6053938693812774
6156,-0.25125910928440065,-0.562164184791691
6157,0.8491638838076256,-0.4009339351449596
6158,-0.05726130847779501,-0.5260377840024896
6159,0.380380976453701,-0.5023474731755815
6160,-0.01816026468726128,-0.5252730101961344
6161,-0.052362645186896754,-0.4677633985676555
6162,0.06174147882226277,-0.5598492234042904
6163,0.17047488379521525,-0.4509897550805474
6164,-0.3656683392431554,-0.4927389918168928
6165,-0.19185951615817273,-0.5656485391258992
6166,0.07516842100994395,-0.5064276676991045
6167,0.2731941957789687,-0.38124426924217897
6168,-0.04623635321754177,-0.47882154199655785
6169,-0.21094210953509637,-0.44108746013677325
6170,0.10757305177622792,-0.482281872963282
6171,0.36049500907457976,-0.403508094305302
6172,0.22450526288462652,-0.3964954730727731
6173,-0.03497069286664742,-0.11865241480815678
6174,-0.5391314688931785,-0.2413091798745812
6175,-0.9982766989037013,-0.039300359999901884
6176,1.8254960271606642,-0.03717652329596581
6177,1.315889062879823,0.1838981197961046
6178,0.7303993348485771,0.38645810954732096
6179,-0.6267046314722691,0.05227412480754029
6180,0.8469338322848431,-0.10220119272957712
6181,-0.08216282847307511,-0.2813300492301388
6182,-0.413565284916848,-0.2568043086060275
6183,-0.4229953764167348,-0.2743583452932791
6184,-0.6963134994214563,-0.19627954383798862
6185,0.3675025719732506,-0.372372117952931
6186,-1.1713608338584867,-0.1436751787746382
6187,0.3357601875095101,-0.40560358308899574
6188,0.7092931998537981,-0.38978805713301495
6189,-0.6750842341489859,-0.4475616336960603
6190,0.13302553129215924,-0.54959626950264
6191,-0.8043300512198667,-0.4164293868863686
6192,0.16859601618814757,-0.5020323081974063
6193,0.445555415950087,-0.4191377634271239
6194,-0.05056506816115141,-0.5391918173182825
6195,0.3772934157589129,-0.486903871768732
6196,0.6952141008029424,-0.38296663034960576
6197,-0.2514626530730584,-0.5268959573447544
6198,-0.08188897404730652,-0.4665279865398597
6199,-0.8868420271683914,-0.40688772457485106
6200,-1.9016397055482077,0.00119979763287413
6201,0.8296892728073042,-0.08834991683850911
6202,-0.361386518092058,-0.44648678290809907
6203,-0.3956103325544323,-0.40174830203265594
6204,0.01634544196308281,-0.40900608544020267
6205,-0.7248498435339042,-0.45572755199580794
6206,-0.6902057273276746,-0.2675978012386919
6207,1.015815453830716,-0.2314926912561591
6208,0.4444578017342667,-0.5325944768063583
6209,0.3958425872348349,-0.47496771525986503
6210,-0.20878578542013934,-0.48373817054202567
6211,0.006046389895088048,-0.5413259165900353
6212,-0.6381583095354437,-0.5348493068832656
6213,-0.3300357734688953,-0.5053109134964581
6214,0.057602305230755366,-0.5740377230972491
6215,-0.02885944625035161,-0.4334391690612648
6216,-0.0914673039748402,-0.4219034014980345
6217,-0.17591419195275917,-0.39889094347871007
6218,1.0652518257133337,-0.35238855659281687
6219,0.8459721719896078,-0.18398154974826975
6220,0.16517147341276409,-0.44737305354757556
6221,-0.2177213217466566,-0.41591334226357446
6222,-0.040431014948995696,-0.5021367108768989
6223,0.5998374702215905,-0.29015373907674624
6224,-0.35820620410169873,-0.4521748202628443
6225,-0.4526250122892769,-0.5009231332994228
6226,-0.23977515081092726,-0.5446119824780505
6227,0.9064941704428356,-0.32375835260169783
6228,-0.003355350655797302,-0.3779976403358139
6229,-0.01887276260765618,-0.5185702685637543
6230,-0.31911340025423146,-0.40145480694169067
6231,0.3128126130067751,-0.46698410895555365
6232,0.08191287019183667,-0.4626068845170806
6233,-0.40571344070068616,-0.5295334764302149
6234,-0.11809250412591896,-0.5223816940085535
6235,0.13747989707023398,-0.3635730929323354
6236,-0.4502310142977498,-0.4244772506727172
6237,0.20070229900958111,-0.46360840216081745
6238,-0.14030068422301106,-0.5373797180497881
6239,-0.08150419463822248,-0.5343218657773883
6240,-0.021083473693402438,-0.518056714049082
6241,0.395744612915343,-0.4885036676241899
6242,-0.2955207430315191,-0.522731109266872
6243,-0.03381794964847531,-0.503007865627585
6244,-0.13631893725734134,-0.5370974469142117
6245,-0.07161786392058629,-0.5332777627605032
6246,0.25371368413996265,-0.5558896279747096
6247,0.2742159242658351,-0.4790293488272245
6248,0.29503896605651514,-0.3615710009535157
6249,-0.12975504542644373,-0.5453790701081714
6250,-0.15421689462740903,-0.5313755900840493
6251,-0.012117713022606667,-0.5154084642251787
6252,0.014947478565900089,-0.5422363488163029
6253,0.46653642551843005,-0.4751463327306157
6254,0.2500173428737992,-0.4293436859403585
6255,0.35243852590471725,-0.4534934356684761
6256,-0.8986045363258631,-0.4039051178892863
6257,0.05185854943815757,-0.4842933159854021
6258,-0.2892469098275114,-0.4475548556075027
6259,0.09670255412712608,-0.4231852765032012
6260,-0.8245770149090762,-0.23663153601941495
6261,-0.4587515615954962,-0.2516258116420376
6262,-0.2674180663350883,-0.3402944159401333
6263,0.24916141452817495,-0.38479828860965704
6264,-0.9951189481433051,-0.08764395268623686
6265,-0.035036729888044835,-0.39930566546798296
6266,-0.02092501108542351,-0.4663967463676879
6267,-0.33044551425061736,-0.4489611514986225
6268,0.1229861515047639,-0.42036450796430447
6269,0.44380864006704773,-0.37311725242838045
6270,-0.7218063027820251,-0.3850089918078981
6271,-0.8396615069445622,0.4065320944131794
6272,0.28743224727454014,-0.1950435308059612
6273,0.3369503707777195,-0.41497139592644844
6274,1.153803084370949,-0.2301097655127752
6275,0.11126459188145071,-0.3662646070713625
6276,0.679932303940203,-0.16402933412447931
6277,0.16703359785088812,-0.3267007835326887
6278,-0.31989761730315674,-0.3422380160890371
6279,-0.2763530968886724,-0.40906322810937196
6280,-0.37613866582909494,-0.4008763717159163
6281,0.4910410363761944,-0.5576593693507246
6282,0.2426258944604003,-0.5430419384703433
6283,-0.5556688791249548,-0.3593959910578954
6284,-0.8309114777176233,-0.3848814068835687
6285,-0.2990826925256647,-0.26787058417388265
6286,0.2500166674236988,-0.514704748766991
6287,0.08368791708923169,-0.5442364498877896
6288,0.34154467403342437,-0.5464803956048768
6289,-0.24608130516961046,-0.5399024495731667
6290,-0.5803308338604364,-0.4788884559386286
6291,-0.2409211083125883,-0.5297030085612753
6292,-0.04057200304455446,-0.55254248598779
6293,0.3964867647569722,-0.5080779539536738
6294,-0.6569050539986403,-0.4671303412333114
6295,-0.8468604839573362,-0.25681365111206994
6296,0.017174611615113435,-0.11359769594324118
6297,0.04460440529937487,-0.5039984038171561
6298,-0.39446902405646744,-0.35271533137236805
6299,0.11590041524861786,-0.2975054487081735
6300,0.011378006553162689,-0.4235392944445829
6301,0.8034239638333595,-0.26261990198694507
6302,0.17098278962410043,-0.5082143698805031
6303,-0.34118246453084666,-0.38728320937124927
6304,-0.5985094139500587,-0.4891628288355916
6305,0.3855310197547526,-0.44999411124669075
6306,-0.46842253646840465,-0.4998030974270482
6307,-0.36405032426551703,-0.42661999605357404
6308,-0.05984068803576527,-0.3871991692820561
6309,0.42975871429326207,-0.5760943777571103
6310,-0.3874882831554985,-0.422965319922985
6311,0.11198212828001497,-0.49376048396952377
6312,0.408966342526571,-0.4193791652338009
6313,0.30320946001539795,-0.4537367348998647
6314,0.18675164356600962,-0.5263685250849299
6315,0.373288164445145,-0.48165516807113223
6316,-0.3254455421369738,-0.4774943721541096
6317,-0.29694537931721465,-0.5864147129723721
6318,-0.20191008194094395,-0.5332956554296754
6319,0.8934007253173215,-0.48175793192883715
6320,-0.4813211102782714,-0.44759665243641034
6321,0.9095051892174765,-0.2527356679552636
6322,-0.6808779979211085,-0.4428847896430857
6323,0.04377874738920951,-0.534708882024713
6324,-0.1893522986971678,-0.605379411172843
6325,0.2647621370038491,-0.5105133555465877
6326,0.17914737757714283,-0.5375377887436
6327,0.2807435779192382,-0.43918175491720257
6328,0.011929279242290439,-0.5685021233594737
6329,0.25754501537291413,-0.5099956640256407
6330,0.02978909116630764,-0.5749588089164738
6331,-0.4297800424153006,-0.37500295297227154
6332,-0.5204345404123627,-0.44614958731312143
6333,-0.5066131586936804,-0.39555779576301175
6334,0.04477708281967947,-0.45279113555024636
6335,0.017292828526825888,-0.4588530468226184
6336,0.4631295381400464,-0.40896185080135644
6337,-1.1733419323666558,-0.271474818377914
6338,0.1382191748106422,-0.4837403088957952
6339,0.46576599384095374,-0.42106466855905095
6340,0.5599317906762952,-0.3631401148817004
6341,-0.6860893349897058,-0.31787047452759326
6342,0.002095657503183109,-0.47952630652390654
6343,0.27843874198120927,-0.4297258840922172
6344,0.08710044019133945,-0.4246417608409943
6345,-0.20977489144073735,-0.484825302758699
6346,0.28921844729581286,-0.4904753266153077
6347,0.468242207357897,-0.3814978623001539
6348,-0.05927550350422669,-0.3973646527019297
6349,0.2808208173303568,-0.47684969722140846
6350,0.16836301832373862,-0.5117232313619169
6351,-0.18390354303508138,-0.3964268145533296
6352,-0.7777807744114401,-0.39603854865534116
6353,-0.31431385933566935,-0.21898203319976856
6354,0.23298999293342332,-0.4219454996378647
6355,-0.20210262141419602,-0.4302542748628092
6356,0.4298877941519855,-0.4733921871204841
6357,-0.11814853026308805,-0.524828675109605
6358,0.2803785733869281,-0.5034222171856709
6359,0.9902221350113616,-0.27938883338867077
6360,0.8889182042417842,-0.16130927478122012
6361,0.06619079635195316,-0.3022183206562799
6362,0.35341574646938945,-0.06278471522812139
6363,0.36060307318389484,-0.3313336883217676
6364,-0.08019547142335767,-0.4467428854415452
6365,-1.124150934298231,-0.0012404251941364154
6366,-2.21230731536062,0.6428898734483438
6367,-0.275428316203654,0.10377808807836161
6368,-0.46317594583456106,0.14643184450698424
6369,1.0750037093187985,0.1354131363171318
6370,0.29757720875274357,-0.08198198098301085
6371,-0.7122753496135004,-0.4361428619254261
6372,1.2746167321077775,-0.2808385720676316
6373,-0.2561546399646841,-0.5394822709300208
6374,-0.6627336151267428,-0.4511906589366302
6375,-0.9209962237178454,-0.3530797231710844
6376,-1.374687054929512,0.255600774293745
6377,-0.5882590207580892,0.08370552609281776
6378,-0.6873068889714554,0.16842087740920056
6379,0.4843750256767441,-0.037799761239661875
6380,0.14515384396278044,-0.3973022907064465
6381,-0.35452546113264094,-0.46398311600315817
6382,-0.11682211534092876,-0.4341547958428318
6383,-1.7624114136088733,0.32547177710795233
6384,1.498635764089232,-0.05473987326653542
6385,-0.49139204786177665,-0.2031717345077414
6386,-0.12907287666770587,-0.3592657453050093
6387,-1.6627557018024826,0.020383148378239836
6388,-1.8343796409782536,4.395913341803452
6389,0.08354485908243921,0.02378779149874423
6390,-0.8032619491972793,-0.01281912995824013
6391,-1.342369616869895,0.7106361127734089
6392,-1.157158803014945,1.8471720268878853
6393,-3.571097352266277,2.287241181647316
6394,-1.0974287737130928,1.8299930319614204
6395,0.4765601861091014,1.403489275330152
6396,1.4396557938035783,0.34449832689075793
6397,2.098278797894001,0.6397615294608243
6398,-0.15059750786685602,-0.033362301760144
6399,-1.945391954630932,0.28498280835094353
6400,0.7253131981504275,-0.13492499099668323
6401,0.8420672309353314,-0.16387548733690838
6402,0.1965234180609854,-0.20432252451854094
6403,0.2728481714086664,-0.28314703382816026
6404,0.4436165899013526,-0.20435963384594694
6405,-0.6948834964310494,-0.17953262525718722
6406,-0.2776378498412582,-0.30365201049781537
6407,-0.4271362662585186,-0.2304505900907047
6408,0.6370809171181648,-0.04545393185864976
6409,0.7510719867097506,-0.27197012989863006
6410,0.44858014766210386,-0.3002093710947072
6411,-0.22926635824462807,-0.3599832368846301
6412,-0.09984509300942272,-0.45447131807253066
6413,0.30236870880623595,-0.4085099685158044
6414,-0.00374453781380164,-0.4355148705209841
6415,-0.18627720785887797,-0.3830405434099676
6416,-0.5098668976980743,-0.36000479877218255
6417,0.8639900391192193,-0.33634661640145475
6418,0.984991190368439,-0.3231730569684098
6419,-0.24080904301036668,-0.40898670752511385
6420,0.7638401707517595,-0.23909262858251495
6421,0.6496631093982884,-0.26261498565782465
6422,0.3517743527188041,-0.39060879237553375
6423,-0.1689293845756618,-0.38063826627650543
6424,-0.02683184428067129,-0.3168901886027351
6425,0.7084656765199124,-0.39216266302266284
6426,-0.04264683600028108,-0.3909291092929059
6427,0.20775541687802884,-0.3856116919305687
6428,-0.6977393689696,-0.32179582807014045
6429,0.6951086486649666,-0.4628735682821665
6430,-0.0024211234560054494,-0.4462827039408265
6431,0.6428656633388111,-0.2544971687380337
6432,-0.5872171758554067,-0.3467315350802612
6433,-0.13956980213351294,-0.4744967926384996
6434,0.25846547777962664,-0.4473970757284341
6435,0.3340866544849148,-0.5433425984549033
6436,0.296419781705803,-0.35789197776494197
6437,-0.7120218254140954,-0.33415084817151175
6438,-0.08840426402926124,-0.4415906644782607
6439,0.4901934222462042,-0.3933241467072546
6440,0.0661117051015809,-0.5152127817421894
6441,0.10157728590074583,-0.43132444935453756
6442,-0.053165953059621185,-0.5062994987844534
6443,0.5800795597735466,-0.3195649054410279
6444,0.0026304453905243233,-0.2631159104093697
6445,0.19265393238834713,-0.46257968166255564
6446,-0.3650037140233865,-0.4484517352078656
6447,0.8834937299952752,-0.37988704767489934
6448,0.006346132145429549,-0.39434574555334145
6449,-0.26817945958404943,-0.4206617400299396
6450,0.2385451085454223,-0.5206624970987992
6451,0.3833004419887947,-0.4276859537560137
6452,0.3483979179229719,-0.37825580399908776
6453,0.15796125234472352,-0.3656804289403711
6454,-0.02033028698187361,-0.3684720646145654
6455,0.410272890440739,-0.23736051657314317
6456,-0.03421773660854681,-0.3833558469335256
6457,-0.06818195063240179,1.2609124666508587
6458,0.07308723899251078,-0.39473029083505223
6459,1.2504877352145085,-0.0577480870450287
6460,-0.17913288894923296,-0.3379000501182889
6461,0.9217610683259411,0.12105624109235434
6462,-0.683691364874587,-0.17705472838066194
6463,0.6448628116108901,-0.24311976975873043
6464,0.3550621561757216,-0.2423823752085008
6465,0.35404116430364946,-0.2495239926010673
6466,0.025797351325273984,-0.08336534669720977
6467,0.7277427515717975,-0.005425455617756263
6468,-1.2582185997711604,-0.06416645495042787
6469,-0.559095098937541,-0.11577255698584923
6470,0.8341948660410233,-0.3456702919667537
6471,-0.1870376997778845,-0.4778600017582978
6472,0.05409946182357663,-0.28648975743016414
6473,-0.5597010234296909,-0.22146542648616618
6474,-0.4967280124073807,-0.3629980857930826
6475,-0.46697165465668466,-0.2616031277713883
6476,-0.21197553453770107,-0.3083596183288385
6477,-0.058060589443626,-0.45322109080055123
6478,1.0060164575468213,-0.30845230145687846
6479,-0.6910559587068733,-0.3521013293263676
6480,-0.6640736196005643,-0.4466076113895528
6481,0.2732421096692511,-0.3855519111915173
6482,-0.31400518459272636,-0.5147777423048434
6483,0.33092018837420406,-0.46427803288305025
6484,-0.666081865472804,-0.49928634499477564
6485,0.25199059766219783,-0.4780514368863805
6486,-0.20472533876579466,-0.3992047083984422
6487,0.4489199477187979,-0.4498794204954651
6488,0.07191042865944255,-0.5212419955746875
6489,0.39953224742465854,-0.48739790342046235
6490,-0.487786280892738,-0.4882479926775072
6491,-0.28427407997286525,-0.5127571803778661
6492,-0.016959737630738998,-0.4974614984580052
6493,0.6795027045330257,-0.4861351546152387
6494,-0.25758850752170415,-0.5266525339838434
6495,-0.6962130905731118,-0.3592749308609985
6496,0.24646291727667854,-0.5483253960104055
6497,-0.26125077783053774,-0.5561280068613845
6498,0.39952819833499775,-0.5048602970423898
6499,-0.853779623685276,-0.3886718832252296
6500,0.4912349333881884,-0.4934141499574606
6501,-0.024836103013866868,-0.5591760969121155
6502,-0.2684660104823672,-0.5607649780155355
6503,-0.7282793143946884,-0.40593094641661126
6504,0.4685336485999456,-0.1837224346423399
6505,0.7159665424613612,-0.3872434182578129
6506,0.9101270733530258,-0.40918141153375914
6507,-0.16396097338587606,-0.4583372253348497
6508,-0.6440599499055544,-0.46922828633407965
6509,-0.011044676094474024,-0.5226346919057467
6510,0.16093909349256655,-0.565063819315185
6511,-0.10111835462474414,-0.4715289426192177
6512,0.43951568580417266,-0.5458153523753976
6513,0.06093421061946672,-0.4898498777012895
6514,0.4894392037039939,-0.46576212481279977
6515,0.6418888338512282,-0.4721974901650858
6516,-0.03417464660424731,-0.48967024184612196
6517,0.3172735956102296,-0.5182876325564406
6518,0.18784790079376965,-0.47428821404291216
6519,-0.6141221296743902,-0.42789763311928203
6520,0.06606998207355548,-0.5737069177886934
6521,0.25504594444541123,-0.5521911577242488
6522,0.08070951170996608,-0.5423595086853575
6523,0.27636442392262256,-0.4228868781049384
6524,0.14292747085394833,-0.5046532989778099
6525,0.49654754411319846,-0.4767008788199336
6526,-0.055602387407032945,-0.5054285686944011
6527,-0.2603210947691628,-0.4616389681060501
6528,-0.21328560380653086,-0.5018852372913595
6529,0.5813874466636735,-0.51188410542739
6530,1.2740686701484893,-0.1228697954405409
6531,-0.68908655808112,-0.39657557572656754
6532,0.3087609088557054,-0.35975888207695833
6533,0.07529756776994001,-0.46311460014098305
6534,-0.21090238153983598,-0.49303116795918095
6535,-0.21821703380137866,-0.4586810675174338
6536,0.1564944260194951,-0.5371178604926022
6537,-0.2797745663687829,-0.4856402046658896
6538,-0.24847613792959639,-0.34900248821865326
6539,0.24890653496330106,-0.5249413968706945
6540,0.13725782065935382,-0.5375304870732734
6541,-0.5338271812305799,-0.4687310828452293
6542,0.12880543165635253,-0.517387543638369
6543,0.5211627032506861,-0.4842278047187715
6544,0.5213965752512019,-0.43152228462233466
6545,-0.295674452073211,-0.520083522592747
6546,0.3188331668544041,-0.5236889679767842
6547,0.010415497155272952,-0.5581398905214651
6548,0.28578421516383323,-0.5337704701845619
6549,-0.2621735111445502,-0.47384304199755406
6550,-0.11285261147278464,-0.5165575131365916
6551,0.27494474450899403,-0.5256841401937428
6552,0.17061327303246024,-0.47329991191613774
6553,0.601600432139992,-0.10014143806212364
6554,-0.43541868705644987,-0.49008745334307374
6555,0.17708081286523517,-0.40812788679928724
6556,0.04414335579493896,-0.3876182612207152
6557,0.37386569329051755,-0.486959899575752
6558,-0.24224041707746743,-0.4685000523861887
6559,-0.060657465347364346,-0.5007044325371519
6560,-0.27207085857774616,-0.42848039155417067
6561,0.3086364015394015,-0.5121751439081491
6562,-0.30198474226117394,-0.5533228170290878
6563,-0.21201144798846897,-0.49196450446154005
6564,0.19001793220750562,-0.44300282554761955
6565,-0.3731686494424965,-0.5027841886806556
6566,0.3297208582044026,-0.5725036559034659
6567,0.13283222222740534,-0.45205725051485524
6568,-0.4873000356725307,-0.45594355078769616
6569,-0.21205804804108327,-0.3775769205844131
6570,-0.39090078997188116,-0.5240115816025136
6571,0.46281389406241,-0.48600513165316
6572,0.0391420452627507,-0.5648027038790455
6573,-0.324381269584721,-0.5379434437029722
6574,-0.3485568645803188,-0.5308917444367656
6575,0.5764529470668515,-0.4122855976365582
6576,0.4007461030417765,-0.48944259681452296
6577,-0.6119196786098339,-0.5016075704640807
6578,0.07143251371024119,-0.48120256833865915
6579,0.36297324275872056,-0.5201252418136146
6580,0.4111866473816837,-0.5515714725847801
6581,-0.43134111756808574,-0.5163950696807007
6582,-0.011735295524771249,-0.573841503427326
6583,0.39420298620600425,-0.5645700355232294
6584,0.10164207326733173,-0.5712920768858293
6585,-0.31560179935887167,-0.5966507797250779
6586,0.26140736677793214,-0.5751847451477697
6587,0.10535134947160672,-0.48383278012960323
6588,0.1403486704473025,-0.571758651002554
6589,0.19010519319033234,-0.5864758852203911
6590,-0.1514439376025732,-0.6016601150598956
6591,-0.18035916762849,-0.5761122695501785
6592,0.1391163945880502,-0.6129608638758614
6593,0.2481324828643353,-0.5189596285457924
6594,-0.18657861956555888,-0.5853147175271153
6595,-0.6164929995617819,-0.4950485802605989
6596,-0.06890939466134122,-0.6021721421662053
6597,-0.2135994286525282,-0.5205352213856294
6598,0.029489560706800404,-0.5581277935145182
6599,-0.6341147368718315,-0.4435446798603335
6600,0.06442568958088704,-0.5249488266252722
6601,-0.030032078343483298,-0.5603482336816847
6602,-0.04307767637151375,-0.5567433151228453
6603,0.09389734819135878,-0.5019673439950316
6604,-0.05858849551249193,-0.5848193190028053
6605,0.6152974235037807,-0.4139445227090828
6606,0.25610071342683643,-0.5682692000011869
6607,-0.6186632314652166,-0.46629807180818394
6608,0.02981381769347818,-0.5551175607807148
6609,0.33626435333635385,-0.5744228205821726
6610,-0.4112009815227342,-0.5527538980408642
6611,-0.09888327020643137,-0.542201869798226
6612,-0.024324531301961386,-0.5785812636696247
6613,0.2755531471514142,-0.5669327837308478
6614,-0.14112375653648834,-0.5849052247271742
6615,-0.032535439068564494,-0.5494147220183813
6616,0.17383484518656317,-0.5996747690119064
6617,0.45373138061517615,-0.4931973212164212
6618,0.13289057630235404,-0.5939774365991285
6619,-0.38550515300959753,-0.5612782576096204
6620,0.4685377420120631,-0.5640456647617196
6621,-0.3157586859432749,-0.5639807206548406
6622,-0.21142424009154767,-0.5879107035768347
6623,0.5477544199536983,-0.46930736634648057
6624,0.12496652620313511,-0.47793733029963087
6625,-0.13508972344904377,-0.5410910092037535
6626,-0.32806395982758985,-0.5578536203301376
6627,0.24250138367395455,-0.5019367328012619
6628,-0.20165234330982718,-0.5282500853960906
6629,-0.2862897421526438,-0.49389344890621967
6630,-0.10674042186862225,-0.49252277923439364
6631,0.15887030847399997,-0.5510873492005453
6632,-0.14814410601660952,-0.5209045600226946
6633,0.002727653640052139,-0.5282585564014198
6634,-0.14454657112142585,-0.575710063074757
6635,-0.5117245864531512,-0.3558926155984556
6636,-0.6953478011874356,-0.12378560215405807
6637,0.1322810135098223,-0.3906915680241226
6638,0.038631450365122,-0.49253078917844056
6639,-0.37076180103513035,-0.48478899923419233
6640,0.13208899729034265,-0.5493033310929251
6641,0.9377001532814837,-0.3723181805429613
6642,0.0020631112629864545,-0.5712654225826705
6643,0.33496789128323884,-0.4572087433612865
6644,0.5456169662345995,-0.31326847842421796
6645,0.23719728338822074,-0.43237407544557827
6646,0.23886815173539405,-0.4534299053475164
6647,0.3221517573671972,-0.3942554690836218
6648,-0.469029967187741,-0.34624710843980955
6649,-0.2914174696303235,-0.45338942304620083
6650,0.5449394709537254,-0.49634131061843895
6651,-0.09707826151982371,-0.4541930025431414
6652,0.15817178899137463,-0.5206544292555261
6653,0.8387405486929035,-0.20737525690475725
6654,-1.209728807853591,0.21631133455740884
6655,0.31654584832921645,-0.4189995699389937
6656,0.10578694806763896,-0.4101057842820183
6657,0.16660976712483702,-0.4540529668046395
6658,0.2804869807281895,-0.46725146315910315
6659,0.723449727197256,-0.3652029310787267
6660,-0.12541637598254018,-0.43224770170676885
6661,0.01072872213712003,-0.5472464422754526
6662,-0.17627988372116132,-0.47356541956880005
6663,0.7211987478919929,-0.3039653788647929
6664,-0.06855219713076126,-0.2834766508391097
6665,0.18975465380042972,-0.4272354421151397
6666,0.1437992758995981,-0.4562698213801907
6667,-0.004703806685490476,-0.4543377921723297
6668,0.13614835293588295,-0.4510172738372519
6669,-0.06918367033239803,-0.45436628525993267
6670,-0.4427270244941652,-0.460388235895449
6671,0.6051927346162258,-0.32664420063711136
6672,-0.06263395921637495,-0.500633134507741
6673,0.10758948783954296,-0.511079583996185
6674,0.08506791108320867,-0.5312458326580812
6675,0.09965218383276109,-0.4950969982446728
6676,-0.013793027822864094,-0.46511342401161143
6677,-0.4146788847898334,-0.4777149612190224
6678,0.43211516539075356,-0.5715243487281441
6679,0.08359151690941229,-0.43740936494030425
6680,-0.006962542927997827,-0.4851041828974381
6681,-0.08557716005567492,-0.5260135248740532
6682,-0.39831690476133735,-0.5092044966572912
6683,0.3364091611590884,-0.4545772615939469
6684,0.13170623436939946,-0.5486379490338477
6685,-0.06553105198094655,-0.602002186790461
6686,0.04123053449352681,-0.4927505070581418
6687,-1.1804332785096319,-0.24072477447881357
6688,-0.04508688962657271,-0.4168584561735907
6689,-0.2718152548071032,-0.31775968862072196
6690,-0.41462423775164053,-0.39353387422131214
6691,-0.1553505265616937,-0.42385064166936054
6692,0.005803157044706376,-0.5464969842399605
6693,0.04389178779033503,-0.5089870788287114
6694,0.09036536626572378,-0.567689873266744
6695,-0.1770899624719527,-0.3606727471668002
6696,0.02374996680358193,-0.4005802956296181
6697,-0.02570343599646983,-0.4865210985417855
6698,-0.09190528760114651,-0.5095335890820757
6699,-0.4739324187898076,-0.4083710205468004
6700,0.24576128728527832,-0.4924100373720414
6701,-0.4222238161953992,-0.554878196950154
6702,-0.35181761084036,-0.4503698815834354
6703,0.5845917010510168,-0.48248989754188576
6704,-0.09051956094063936,-0.5545658197553124
6705,-0.5435728153869682,-0.4352072630828995
6706,0.04087246470227066,-0.6040891460542529
6707,-0.47247842099289433,-0.3455468760237543
6708,0.1255613447626682,-0.42920659665118643
6709,0.29529354107462413,-0.5175698608867969
6710,0.436785571249412,-0.5545866862888775
6711,-0.10601727626035998,-0.5250310911862707
6712,-0.27044997783993985,-0.5041524628183478
6713,-0.25452814930315404,-0.5020618801616907
6714,-0.2940029542697342,-0.477850274777285
6715,-0.09992057605863267,-0.4434005914301844
6716,-0.05440660287365342,-0.553854392501031
6717,-0.2549419158820789,-0.5176698217671316
6718,-0.07068606725505018,-0.5492686538862197
6719,-0.004414605455653851,-0.43003994079483127
6720,0.4759862605767056,-0.47523176575274173
6721,0.29141659162271594,-0.49347640917266944
6722,0.4888804910483434,-0.46424995079076237
6723,-0.4001368618772051,-0.47810828765319047
6724,-0.22702545923619552,-0.5091315077837811
6725,0.30356077398215253,-0.5399789472506501
6726,0.0027048608670490176,-0.41439066630500165
6727,0.0446890884046126,-0.45556518783698197
6728,-0.29340279104998335,-0.4946531420102036
6729,0.6545547886991465,-0.4220730843431452
6730,0.6458358320502293,-0.3464174255640376
6731,0.04289480588870291,-0.5452895329570399
6732,0.5730957455895757,-0.3855801807020891
6733,1.3037689521546472,0.023470858806850115
6734,-0.09963208293182263,0.1254592029288001
6735,1.4650458525882737,0.09976567718517432
6736,0.05423865334796765,0.40106213145222214
6737,0.2766846980454182,-0.15057075383970478
6738,-0.17809074419028784,-0.36891391907753074
6739,0.4069191107552911,-0.2616582853258799
6740,0.1666895160796628,-0.18150005556758025
6741,0.5637588226163471,-0.0400179667434186
6742,-0.28585402478181154,-0.29035576414712116
6743,-0.7949444610884643,-0.26081453347645994
6744,0.07034615633484166,-0.32473653717835516
6745,0.9161649650097425,-0.24433023770741405
6746,-0.1624368016357995,-0.29276382994901257
6747,-0.550835930092783,-0.32996301587870563
6748,-0.41299203739113716,-0.3729449286921518
6749,-0.4926772088110141,0.012631007383863635
6750,-1.0059100762926703,0.019150148590665644
6751,1.0736065979563207,-0.07332145282779287
6752,0.2564404270655922,-0.41830552917628644
6753,0.5978545935094828,-0.2563703974419649
6754,-0.501978457764524,-0.2718533944884928
6755,0.9729135897233787,-0.22008798654029693
6756,0.15955369408165107,-0.3894013947121307
6757,-0.5980008545246519,-0.37046636552990725
6758,-0.13455674451770455,-0.4193463345919597
6759,0.6938284907688164,-0.41708060349435144
6760,0.7868583300535053,0.004339789359064992
6761,0.22281008205414815,-0.11899004005210463
6762,-0.8331011334257518,-0.21739066445415503
6763,1.5240025132801838,-0.09118472266961808
6764,0.03715784282043388,-0.29061232643648915
6765,-0.23096814023567283,-0.36441047555547873
6766,0.06514144344350505,-0.42533823132974385
6767,0.30505587670456663,-0.29312332775978583
6768,0.1559709457957471,-0.4978106353481366
6769,-0.3893985343254703,-0.4226619507360349
6770,0.33335501917075455,-0.3925333677808783
6771,0.052648372731426744,-0.4360284381278368
6772,0.23739175382677116,-0.3058058867604363
6773,-0.8655513195435733,-0.2797706647928907
6774,0.23816749243607407,-0.41900432736054294
6775,0.034859744824302895,-0.4437320947595622
6776,0.6839786756240345,-0.4680784150978634
6777,0.013670755128532863,-0.5483523323010366
6778,0.10064139620281562,-0.5168985612723559
6779,1.4392619344713315,0.4324531251657447
6780,2.634760482231472,0.9149622993575391
6781,-1.3455427732056398,0.7793987396002596
6782,0.4146746498606201,-0.07517502353552594
6783,0.126362799975278,-0.0049265865262664325
6784,0.8829861224132173,-0.1151882303226683
6785,-0.12356832033830856,0.19589638463109532
6786,0.22631586877822363,-0.26413394529348194
6787,-0.8012881803007504,-0.12914741528491688
6788,0.03155666031249251,-0.11447796852498898
6789,0.9573695363269927,-0.20632785605879017
6790,-0.14979451126894902,-0.2536827862874268
6791,-0.24290088552857578,-0.17171880735152917
6792,1.1888560713420901,0.06760088127255445
6793,-0.6256815291277352,-0.13090857123563596
6794,-0.13612623836461496,-0.2398753115218043
6795,-0.44673508901207265,-0.27058493699982317
6796,0.3726630145549174,-0.37552140337535656
6797,0.20027726477116464,-0.27676281063272024
6798,-0.22067628274734705,-0.3788155970304986
6799,-0.65730068518119,-0.12436098041491116
6800,0.007691686830467135,-0.3922862110713098
6801,-0.00025273566136293303,-0.4439468469456675
6802,-0.0012236408591403194,-0.5075460532124956
6803,-0.825290391082913,-0.2683895411988002
6804,0.03661201692976122,-0.45870267919287716
6805,-0.1858962967519399,-0.45039298138739653
6806,0.15500132989517415,-0.46064480476012376
6807,-0.39332229411176967,-0.4067999857166046
6808,-0.1457334147912558,-0.4813647468752683
6809,0.2690080182338865,-0.49510671416235935
6810,0.11740753344584727,-0.43340984304386887
6811,-0.07460707292671677,-0.46033682067664294
6812,-0.7143590672390986,-0.1946131788260574
6813,-0.16804757194067274,-0.2713791003973785
6814,-0.21628141199483072,-0.3662317406227945
6815,-0.8060077671538246,-0.2576387918513721
6816,0.8633934640493706,-0.34154542141216876
6817,0.5031333741776566,-0.3562505306694424
6818,-0.14108031043349242,-0.42888782624555816
6819,-0.4083595333571187,-0.47583507853841356
6820,0.5494515083305438,-0.3648982529106506
6821,-0.8807555417859861,-0.2266702287658322
6822,0.19217696259608796,-0.3949000305856514
6823,-0.06885594905717748,-0.42753752473888473
6824,-0.44804761463420034,-0.40529609516904264
6825,0.16341224821976466,-0.4801827436408418
6826,-0.5808563125140884,-0.27652178771066105
6827,0.33176397758395415,-0.25797975196814243
6828,0.3578844794822892,-0.3726305039493178
6829,0.24046507662009994,-0.35380394799858017
6830,0.6905679349587087,-0.3610658277061253
6831,-0.06225274743674192,-0.39655133710066803
6832,-0.327344202425662,-0.4752088836317986
6833,-0.8747738036005415,-0.28270707340040313
6834,0.4817281237794728,-0.3851408549590786
6835,0.20797895928603716,-0.2902100048300653
6836,1.8192198048908432,0.35366828521836485
6837,1.1184197159632,0.5055816867338824
6838,-0.415261429562727,0.09077767123758895
6839,-0.40923462840270713,-0.05444554815292085
6840,0.444998865317166,-0.1601828296080124
6841,0.8014700081897919,-0.05801103487013815
6842,0.3799141235345635,-0.0819526621168233
6843,0.1475277696215323,-0.19977226858074962
6844,-0.8896058176179606,0.045162277546439006
6845,-2.517113243529311,0.8537905764945125
6846,0.9642705195379301,0.12188804908868216
6847,-0.5457380103004259,-0.10177732346186516
6848,-0.8791664318890089,0.0046302124590871865
6849,-1.0540287778657127,0.09499748987757604
6850,0.1572222517431708,-0.03709262309674684
6851,1.4399630566594823,0.12458641354525832
6852,-0.18425401348599804,-0.2326262108649957
6853,-1.000636290740687,0.3339910770835756
6854,0.8483809797387739,-0.3001329921219192
6855,0.5567593513043733,-0.3334271361164773
6856,-0.2515850162768828,-0.28876693361171624
6857,-0.2678219027096487,-0.46598576122342744
6858,-0.47907677514653446,-0.3898764042384199
6859,0.8847075856033377,-0.3013329495051548
6860,-0.32783152192294807,-0.5002261671831982
6861,0.03663518286257108,-0.5306962135670357
6862,-0.1034314307670594,-0.4993090085626419
6863,-0.13364347802087992,-0.543868628594169
6864,0.5184268436424039,-0.5446967519467961
6865,0.5517338410408038,-0.490187434295601
6866,0.8940567981449798,-0.010459962019950548
6867,0.46368354513980364,-0.26530266470646807
6868,0.743135818688788,0.018437296478247992
6869,-0.1547187899084435,0.07146090865418787
6870,-0.8912965351094322,0.03982597072666501
6871,-0.7064450133945368,-0.10767453522612237
6872,0.512903051039673,-0.2896422624050566
6873,0.35508917848449656,-0.4720908839679459
6874,0.8686489126111355,-0.37976762627210403
6875,-0.4104910322585316,-0.3053350460551725
6876,0.2732038481503571,-0.1157276964046742
6877,-0.06934386943807294,-0.3443644071478291
6878,-0.15550013397776996,-0.5256763733375122
6879,1.169280745534066,0.032200321189731124
6880,0.29030823925473054,-0.2498193450736281
6881,-0.8148317859909499,-0.23379383638594134
6882,0.14886965875930822,-0.35750405762589715
6883,-0.04003791524242422,-0.13873094630507174
6884,0.3997509425790478,-0.34467956518325893
6885,0.6137947695217284,-0.31873880325884396
6886,0.23219072343921973,-0.4333210061767127
6887,-0.39545902394552546,-0.2186719901805337
6888,-0.6070817316786477,-0.08106292339103982
6889,-0.22573945773181234,-0.28444360222669723
6890,-0.3378462485577953,-0.419397151537821
6891,-0.23718343328214025,-0.2652667715495145
6892,-0.3949301279987168,-0.38545376926536984
6893,-0.08709662184358652,-0.3728780566115074
6894,-0.18301279078456853,-0.4371739955778597
6895,0.6388346103381534,-0.30922409417490343
6896,-0.3603412375165128,-0.4829575125668184
6897,-0.10913165989703748,-0.4785044244461965
6898,0.14357599643500651,-0.48938155255429844
6899,0.7128959167919874,-0.3802105820111842
6900,0.1816640410051248,-0.36183016691225217
6901,-0.26875319154394106,-0.3130600824287178
6902,0.20895677755315148,-0.40672217509858477
6903,-0.5846501550478865,-0.4047111010581069
6904,0.15153827216729732,-0.4767308309123688
6905,-0.08625116279744449,-0.4009186133688338
6906,0.04942172220091797,-0.4854265396383389
6907,-0.3173060640248371,-0.4714778493750585
6908,0.47270513368401307,-0.487329410171977
6909,-0.44036211855629326,-0.5262799987092543
6910,0.0753268844393275,-0.5902507202815387
6911,0.4898742230378812,-0.37000443890031054
6912,-0.0763984758328383,-0.43537447388177375
6913,-0.08314278977093721,-0.4344955363610508
6914,0.4314378666771988,-0.40171022346630325
6915,0.18661399274025992,-0.203059898156192
6916,-0.1627554556123521,-0.2684661999953142
6917,0.06593547113479968,-0.3224124151259923
6918,-0.15970410545981936,-0.36960763406027214
6919,0.4031791463432997,-0.24558448091236437
6920,-0.36507909497997565,-0.25690576596142706
6921,0.16722218692674173,-0.3093380870941495
6922,-0.27210706734349316,-0.29238518408088876
6923,-0.23680736658910034,-0.369212553112436
6924,-0.0880597614965641,-0.2941078824932483
6925,-0.6004216808967552,-0.1926896249585374
6926,-0.4918456612211802,-0.16263594227458403
6927,0.11171850147974241,-0.13663575723039345
6928,-0.003216970875650484,-0.35697082950563946
6929,-0.05553709985893544,-0.3951020182462008
6930,0.340238655250409,-0.39354540048442205
6931,-0.3849322257443587,-0.414203006925981
6932,-0.34489398152157874,-0.29904439526513127
6933,-0.30294118273385895,-0.39655920593118377
6934,0.3061933084679494,-0.48370443412743586
6935,0.2867766605675998,-0.24938268298310662
6936,-0.4571436696311239,-0.2906211554082558
6937,2.377992330081856,1.5009864818283631
6938,-0.5556402714727763,-0.16770423899245906
6939,-0.2395067359666286,-0.25791008275104066
6940,0.6013287795404793,-0.23961455352663824
6941,-0.6667782749447339,0.2573219716061703
6942,-0.21682781890512645,-0.3539525004422049
6943,1.0162638456525144,-0.24112279776927645
6944,1.0999620672072294,0.19374101248470252
6945,-0.3749636782648401,0.08969203877209685
6946,-0.4737036544901569,-0.3339429895091274
6947,-0.6754212768373655,-0.06473695899404358
6948,0.3542578512058519,-0.3549306932753912
6949,0.13494808638969283,-0.2656488462618807
6950,0.2280847544868483,-0.39301324840137064
6951,-0.7554318583649763,-0.13125822700084547
6952,0.6163592791433129,-0.33954354532572856
6953,-0.47302713005159025,-0.40479739063646175
6954,-0.18638651894280317,-0.35288891187639865
6955,-0.20924723766909858,-0.3586984765673507
6956,0.4283607252151984,-0.5111127336829447
6957,-1.31896478499406,0.012220740288883192
6958,-1.1349143022529935,-0.07695555235508285
6959,-0.6270957703829149,-0.02863899382140709
6960,0.0858315334260524,-0.036920061762346995
6961,0.5319948795430764,-0.3490090614135141
6962,-0.5167295059803805,-0.40844842599225467
6963,-0.07661634472885538,-0.29782590429006583
6964,0.14244793992536645,-0.4377526593805294
6965,-0.2617748199696334,-0.4231814096121451
6966,-0.18369220669108235,-0.49365414540282165
6967,0.20722882584611604,-0.221174087496883
6968,0.3964956418997453,-0.39100993413478174
6969,0.1508283653627168,-0.4767585698191888
6970,-0.296543321702453,-0.4315903995517532
6971,0.9898496564765504,-0.3911915887631158
6972,-1.1686329270304818,-0.35919365631026234
6973,-1.1088651811408095,-0.1189067157412391
6974,-1.0500174677259706,-0.23313604536870527
6975,0.5461146112604655,0.053029366819778635
6976,-1.2287107201561884,0.04452822806794297
6977,0.08663191109624063,-0.29988606939594104
6978,0.3017994674913395,-0.3989210981717543
6979,0.3239668078324603,-0.3623140740805882
6980,0.43263760075446334,-0.40900978197076593
6981,0.24283599510580978,-0.4060117690626987
6982,-0.07319841119526467,-0.5396927879669371
6983,-0.17107779219423042,-0.36867151463567294
6984,-0.35607123161121834,-0.3994811245710315
6985,0.5313153395814088,-0.3287283034509048
6986,0.1039966531761573,-0.5014736343853
6987,-0.4230037597289475,-0.5066672233983089
6988,-0.31159014115293515,-0.4921725008203225
6989,0.2244190956769675,-0.2820278569290004
6990,0.27710536857799556,-0.44885939250904605
6991,0.1462273297975957,-0.5055377650353194
6992,-0.3159688184274038,-0.4276221095160648
6993,-0.3606278056855576,-0.4502162722335077
6994,-0.04200949402990299,-0.35596249474145036
6995,-0.1911570178404251,-0.46307510287464965
6996,-1.2234202850678362,0.2203431865106139
6997,0.845978067561048,-0.23400551850333204
6998,-0.6607294093108163,-0.34624366650882626
6999,-0.3858738892083532,-0.4190804789168857
7000,0.013169675190457886,-0.26422982168730735
7001,-0.5293032103038753,-0.3649676273847623
7002,0.745253347438135,-0.38762993718000077
7003,-0.32435152735550205,-0.4133872424885615
7004,0.7700132462249855,-0.40504067245217307
7005,-0.5385557566263478,-0.45504896964012553
7006,0.3832156964517331,-0.5208886155497392
7007,-0.21098481427364832,-0.47614088008303895
7008,0.07259309905559203,-0.4505325590192372
7009,0.6190854366984985,-0.4357583203948653
7010,-0.335961486266565,-0.5220959542328063
7011,-0.06889750041124883,-0.5034831875039405
7012,-0.6522869718662904,-0.43221669906744337
7013,-0.3829423156704272,0.006289484506651936
7014,-0.0527967249492642,-0.4102449604425373
7015,0.2914536557329541,-0.21966690879591944
7016,-0.08669727945865265,-0.28425166777638894
7017,0.07915806059001981,-0.39618275133382896
7018,0.12038285790159514,-0.48982689876259555
7019,-0.21410529537927794,-0.510600442059302
7020,-0.0026441883436439883,-0.4787860557493156
7021,0.25804093073951795,-0.4578550237401269
7022,-0.2424010555593419,-0.5012649110338545
7023,-0.6350754072666075,-0.4005793342686603
7024,-0.288234746089662,-0.2483485504839529
7025,-0.061846052857246626,-0.47117957357300627
7026,0.1982223178955838,-0.4054796792453175
7027,-0.3064266714259079,-0.4614164677842973
7028,-1.145754341750375,0.005364178866592316
7029,0.3716011432596807,-0.3220363375893623
7030,-0.5276240553913475,-0.376132964690836
7031,-0.09471965487544451,-0.28736610258169454
7032,0.5819708200121322,-0.33176408601243806
7033,1.2818924308036241,0.128166834619282
7034,-0.8256716104385459,-0.3120089335971589
7035,0.25275108277529656,-0.2897093933718923
7036,-0.5383573970255897,-0.2973616882633706
7037,0.9776960291420946,-0.08070196594487182
7038,-0.18508844443445333,-0.44211858148164634
7039,1.1324624566543955,-0.11659357551120521
7040,-0.06035953568394427,-0.37069174849676145
7041,0.24667315583242502,-0.34792688874118693
7042,-0.008036799693564044,-0.41756423040876667
7043,-0.16373927031896518,-0.41381179006845636
7044,-1.4485840649279969,-0.1344757058224803
7045,0.3593315874148777,-0.4405769830741351
7046,-1.5404076516930738,0.08792932699861727
7047,1.019553445418507,-0.17198766027632575
7048,1.2819595268816915,-0.18363120656334325
7049,-0.18050260937854481,-0.43802709539780305
7050,0.16096881204563163,-0.4531277764166654
7051,0.4463791786006737,-0.43539096687660406
7052,0.6754681635439777,-0.2979203157140984
7053,0.5045318353168038,-0.3718283134097955
7054,-0.13089877835141056,-0.3988557969173719
7055,-0.984617465665461,-0.3071796717754637
7056,-1.0389955834202138,-0.25934732234945157
7057,-0.6219815361272061,-0.404541848487312
7058,0.1984996314290461,-0.33642036506497386
7059,0.2707141608160612,-0.40038490071269484
7060,-0.012169705520472827,-0.5203061609675136
7061,-0.9774904538591799,-0.42713434645104187
7062,-2.2375988853657147,0.9163425701563339
7063,-0.45231362143177095,-0.11538385457172272
7064,0.8215441203926288,-0.15777726490566732
7065,-2.8335691392302427,0.8890295685358144
7066,-0.4519267030857824,1.0937179599666025
7067,0.21918185433683576,0.03756812613332856
7068,1.1886218261632282,-0.09526641624315324
7069,-0.7750669111867914,-0.30054509912305283
7070,-0.9153585290765248,-0.4187955824481644
7071,0.8639916377437407,-0.3634719596917416
7072,-0.8152638925157748,-0.34208892945244945
7073,-0.25705164236641254,-0.35749539184703516
7074,0.2909510215167291,-0.4430262598359063
7075,-0.19644761481596695,-0.29339354391720923
7076,1.0619605516447705,-0.3974897711187193
7077,-0.022502844670114132,-0.5082269926216029
7078,-0.974268794250053,-0.35772805539502583
7079,-5.7284440468125934,5.403728781826331
7080,-2.072579417270139,1.8888127660930958
7081,0.15282150736033148,3.2659673009323202
7082,-0.18613041976823744,0.694268736951966
7083,-4.021424390567888,3.025988754982765
7084,1.325827228939187,0.8802735703809734
7085,0.8386731261581384,1.0242107164339516
7086,0.2434724623495213,0.3647760409203748
7087,-0.9524992477154219,0.25708441967624773
7088,0.33551540829130455,0.08678528124385576
7089,-1.928066862140262,0.7152893270774675
7090,1.678088201277181,0.15815640218634927
7091,1.228586693621318,0.23681021016115494
7092,0.6042167754559417,-0.041855752582423654
7093,0.35157569351086077,-0.10336795912960851
7094,0.7431055796719257,0.2647947732710878
7095,-1.369581732469657,0.00296878195598891
7096,0.36545779429168357,-0.10934161864844961
7097,1.051696819525581,-0.18148319871441917
7098,-0.325925503877593,-0.36053726114226764
7099,-0.3113815921189944,-0.2729452890138878
7100,0.0024629448362204344,-0.3070458453136408
7101,-0.15907381004654797,-0.3922255515926896
7102,-0.21759194095486875,-0.28168259823585035
7103,-0.05607443822867323,-0.38118469922156967
7104,-1.0079047163901107,-0.1378780237751115
7105,0.8403292810852468,-0.2761156920467428
7106,2.4213818129165166,0.4481662477692046
7107,-0.8228349885726972,-0.15143087014664128
7108,0.9613269829785427,0.03526645664309763
7109,0.0555539879312992,-0.06743479560512457
7110,0.3100453199602321,-0.017032369284097206
7111,2.037242823145707,0.5507507000729923
7112,-0.7897713171306625,0.04681881548940045
7113,-0.8589224021833614,-0.07418324060426663
7114,-0.2919105617354494,-0.22079715396768573
7115,-0.13536680088348535,-0.08914238489081187
7116,-0.2288689908565064,-0.13023652817392065
7117,-0.25417533332100106,-0.2725603745641422
7118,0.44033123578967004,-0.27468001606295184
7119,-0.22944811567772494,-0.23663047171756488
7120,-0.28560171390216715,-0.3465712886647578
7121,0.5958957537339614,-0.1887318578759616
7122,0.7108364900885913,-0.3050429833845303
7123,-0.16064121687905047,-0.24060816508773386
7124,-0.561859587850814,-0.3383933149884988
7125,0.7314473357870918,-0.39941749632248424
7126,0.5787057600322821,-0.3089177936101462
7127,0.3070120036464743,-0.17838704205993072
7128,-0.33491320861899715,-0.27669622067631866
7129,-0.7594858082380873,-0.2854031530623994
7130,-0.19203543014040755,-0.36618099557045014
7131,-0.07752922896002966,-0.3338143995102568
7132,0.09693893545212835,-0.35036779789484324
7133,1.3614757692352435,0.09199646153599104
7134,-1.5139778697044943,0.053764527500536605
7135,-0.741711024782259,0.3562107168315613
7136,-1.0098034073166977,0.11824216806712877
7137,1.4446009627121874,-0.06502393501338957
7138,0.6000295520782525,-0.3366654740885208
7139,1.2086543878985323,0.026386946570087194
7140,0.5265806160617459,0.03794576272027664
7141,0.18952257770434816,-0.17790697663866847
7142,-0.6236202020131102,-0.24570220387401126
7143,1.6242053478009735,0.06786421221648221
7144,-0.5997364859060222,-0.031991944367960636
7145,-0.7037225696223087,-0.2915371682326734
7146,0.680901334930225,-0.16846509336219778
7147,-1.162210403699718,-0.18964086998342425
7148,-0.7848530211245933,-0.1808662362858749
7149,0.1698604519057041,-0.4287763992498982
7150,0.8455191391041601,-0.3647675627174512
7151,-1.3115859385666822,-0.15583451343378932
7152,-0.3638521083841555,-0.26647686745020716
7153,-0.6862697041268777,-0.20579156487763836
7154,0.9450285665377103,-0.21131179966785085
7155,0.32755236232817847,-0.41745020030471275
7156,-0.6954693964691482,-0.3718531254245477
7157,0.033703647567655697,-0.41853748641304755
7158,0.22552034769997933,-0.3482123193236197
7159,0.8163840350937035,-0.394551675088094
7160,0.039427647394010876,-0.44975757802634214
7161,1.1270552082243472,-0.28084722944886065
7162,-0.3124483351597613,-0.3832111710886824
7163,-0.257354990182339,-0.4911428938936442
7164,0.5967211260596196,-0.4481569345689569
7165,0.15869249711933903,-0.512141987945282
7166,-0.03476167173609752,-0.4772970723063264
7167,0.24513464549827937,-0.498080405777751
7168,-0.2590526845615166,-0.5615147633133998
7169,-0.07356257727170172,-0.5606027489375806
7170,0.533623191759426,-0.4805087041045556
7171,0.021466858206187503,-0.49073255545487837
7172,0.414157464513312,-0.534414501887939
7173,0.3619017015164098,-0.4605209014036418
7174,0.1525486668712138,-0.47661380184032803
7175,-0.5369980413929115,-0.4063911007838675
7176,-0.3801245367813927,-0.19085471664929177
7177,0.352465330554717,-0.23606358442040415
7178,-0.4397398075306877,-0.37803839276959506
7179,-0.9222832526970549,-0.24817624445984807
7180,0.1357504542490568,-0.398842858203416
7181,0.06398736345255993,-0.4057056100468004
7182,-0.45580795323165285,-0.5191718238025245
7183,0.10631088549852075,-0.5220154270024325
7184,-0.19125226895510106,-0.5309724088767932
7185,-0.33698397010443626,-0.4762716220637747
7186,0.27026048377238865,-0.5701269259525059
7187,0.008750917636563925,-0.492582456520118
7188,0.3436911233070148,-0.4957152373142227
7189,-0.05077022989998013,-0.5421449085482195
7190,-0.2590293006262103,-0.5346509194112505
7191,0.20478222888716077,-0.4854179185276578
7192,0.23122610100010657,-0.4404004728061044
7193,0.03791487796070034,-0.5311702798674386
7194,-0.11198925601109917,-0.5673174101862479
7195,-0.3430348789527155,-0.5549788501659378
7196,0.06141222857148109,-0.5617413136552338
7197,0.27843285690190406,-0.5912859617893033
7198,-0.08238596159846662,-0.5539088753580899
7199,-0.2935152518298158,-0.4415303632432298
7200,-0.369133814724713,-0.2781476623178158
7201,0.17657982414603707,-0.5168432911990292
7202,-0.24867311262281871,-0.5686802393449552
7203,-0.5705329618546243,-0.40636565487949405
7204,0.21586758177455886,-0.3516493779917322
7205,0.6215994227706473,-0.5531196406862803
7206,-0.23567040503816794,-0.5531887147598066
7207,-0.6674480927204476,-0.4605099326453191
7208,0.42309999366020046,-0.4592534634976406
7209,0.21983751302974727,-0.5233517051481708
7210,0.036916351694143486,-0.5787339251499528
7211,-0.29625451947840625,-0.42695111221800924
7212,-0.17603716907689948,-0.5284791583645544
7213,-0.0491505170867988,-0.5793021875879101
7214,-0.38213418545924355,-0.5056211535262458
7215,0.4082841101740641,-0.5094423967373927
7216,0.10773428053278494,-0.5220665886301323
7217,0.1460250379646206,-0.5491662169441349
7218,-0.04212218434758719,-0.5684964170987039
7219,0.01463809474670852,-0.5900075627855133
7220,0.14161644072829638,-0.5317009590199646
7221,-0.22295175555022093,-0.5911540435628087
7222,0.3969121577076241,-0.5825315023862524
7223,-0.4778293680080755,-0.5217821344257195
7224,-0.23697081609357326,-0.5915186911164872
7225,-0.14812056917244038,-0.44443752118156743
7226,0.7544829175494996,-0.5327673905474852
7227,0.0620040989996423,-0.5542613293161825
7228,-0.2670724679284509,-0.5104331842772222
7229,-0.25220493252844495,-0.5038658174849601
7230,0.23369137343930463,-0.5058022519936904
7231,0.0669628887118863,-0.5516571289394271
7232,-0.05494124673388805,-0.5350002882949085
7233,-0.42589169409617644,-0.5052352733249642
7234,-0.023197280634317353,-0.504043865410374
7235,-0.0996827390053123,-0.5864436159061209
7236,-0.2503600623299315,-0.4445912231282151
7237,-0.7661484067623969,-0.23391223028615182
7238,0.5065470657274833,-0.26981976354272275
7239,-0.24732922084850192,-0.424555296439105
7240,-0.5540510839448353,-0.4285681096638918
7241,-0.4333874383472004,-0.35608791701292253
7242,-0.6039439100207289,0.11529141075289871
7243,0.7770848646365647,-0.382780334433402
7244,0.5796607126615516,-0.4092382123263503
7245,-0.6011845036307109,-0.42377858273016344
7246,0.4358989847973302,-0.5578620558853341
7247,0.7072191788581949,-0.4792586155948321
7248,-1.4204334718090146,-0.4086527898446177
7249,-0.5878042247368575,-0.3464102140083627
7250,1.2637983498018295,-0.2959535684518732
7251,0.2725364121718593,-0.4752839046419271
7252,-0.10883231390933912,-0.5340125208951064
7253,0.13743684503769585,-0.5482353948287698
7254,-1.0298706627812921,-0.4310857187656162
7255,-1.0573305720766362,-0.25837491203601076
7256,0.9052930187115176,-0.41322069743364576
7257,0.5722469773778077,-0.479594076210515
7258,0.011986625190826562,-0.5560695011286914
7259,0.3134229186652468,-0.45679292735601573
7260,0.7594966177811994,-0.4245502083300255
7261,0.12548875674702226,-0.4632718346348487
7262,0.43866258836553546,-0.4418297977537318
7263,0.22186523713488399,-0.518292633084718
7264,0.0062061451594890345,-0.5409313460215542
7265,-0.6482090012284688,-0.47428856060294344
7266,0.44332588266307404,-0.5366735715709103
7267,0.19302944931106653,-0.5460773620136303
7268,-0.06732195589597915,-0.547380191136335
7269,0.3936637274470036,-0.5575912050809759
7270,-0.2919975921301311,-0.5469112558741503
7271,0.06474764937618516,-0.5150482362487835
7272,-0.008940903461052052,-0.4879126418095866
7273,0.13390115994123664,-0.5821547177382752
7274,0.42166595715619126,-0.4809565019900772
7275,-0.1603705148526517,-0.5313597972125754
7276,-0.5141858766345975,-0.41479906418627543
7277,0.044522760180915645,-0.5514980505835367
7278,-0.13218990412027146,-0.6159216739188728
7279,0.7247557626047602,-0.5111627939947574
7280,0.07694603962359421,-0.6060284310109215
7281,-0.22158730811912614,-0.5912501616971333
7282,-0.19117398545694445,-0.593576311321914
7283,0.18621956535534853,-0.597031917955038
7284,0.1435560937185468,-0.5240917126057688
7285,0.034695265107652126,-0.6195354039273938
7286,-0.20875187075567878,-0.5986489506042286
7287,0.2570914903077931,-0.6065510279300834
7288,0.05140956606823817,-0.5591576858364146
7289,0.1639227058494674,-0.5230529127773912
7290,0.1427961820247309,-0.5278586020484501
7291,-0.32936822658067916,-0.5794278761855113
7292,0.17493480299520361,-0.5654560119640879
7293,0.5606536383422435,-0.4864298566423117
7294,0.5121290775904721,-0.35376525592804375
7295,-0.7379422659828616,-0.42667352312634216
7296,-0.502972536540743,-0.47634764658697243
7297,-0.033436602430628556,-0.48647204755376716
7298,-0.3136200123833614,-0.5334182231896483
7299,-0.0806817582945156,-0.4423936501171508
7300,-0.40454038251752916,-0.5500543249766675
7301,-0.03656291288525386,-0.5554233306819321
7302,0.13258775123544436,-0.5971490961568928
7303,-0.5709060447862064,-0.5495448901303169
7304,-0.02187756715545743,-0.5429415163449868
7305,-0.010793710317380018,-0.5743298551171938
7306,0.0029986916772867535,-0.606922478585085
7307,-0.6828864370386848,-0.42760887874283765
7308,-0.07035797001885813,-0.3786957578823171
7309,0.06399240204322897,-0.4689331565616439
7310,-0.302462466184413,-0.5557926114543154
7311,0.9614155953124945,-0.3954669256932699
7312,-0.35534568164007574,-0.5222677760335573
7313,0.414249304815044,-0.5406511860467869
7314,0.11896658790289943,-0.5502253638525947
7315,0.008443164932680231,-0.5657420820574415
7316,-0.44169795185737487,-0.5621048784949236
7317,-0.048998672799140726,-0.5416305361172984
7318,0.25002671427899253,-0.42022492904280057
7319,0.35512825670066517,-0.5355072733522889
7320,-0.28986225541678157,-0.5183854758008166
7321,0.235432683444613,-0.5378595889749458
7322,0.7275236535966552,-0.46668635400243913
7323,0.12136058469074594,-0.4194271398047576
7324,0.11525636859289821,-0.5436822352536211
7325,0.161559433447926,-0.5528415957862857
7326,0.21203346884212204,-0.4286789766065216
7327,-0.45754714537782165,-0.3436568857843872
7328,-0.20949525683975867,-0.4482346968274948
7329,0.4591496047698526,-0.44973675668803
7330,0.6929745550956427,-0.15449977677630775
7331,-0.2536007452627022,-0.39942137458631033
7332,0.07209886276681444,-0.4720659708343347
7333,-0.3193281705056505,-0.43418105067452817
7334,-0.2920449949610967,-0.4262678359280701
7335,-0.09715818583037587,-0.42253473759171173
7336,-0.13253919402213085,-0.47130772884570693
7337,0.36336559886099007,-0.48526842639463275
7338,-0.0061388938556661615,-0.5054856833352118
7339,-0.42979334020385584,-0.4428431584862757
7340,0.26653526381828074,-0.5151542645706716
7341,0.5640661636772828,-0.4691733607838537
7342,-0.17696479077170307,-0.5037730698120525
7343,-0.3780804538989404,-0.5557061662300931
7344,-0.08158208010546227,-0.4889199802978629
7345,0.0481543489454975,-0.5707322308225816
7346,0.09410971634688808,-0.5519311049271142
7347,0.31803571178725976,-0.5250323382235261
7348,-0.2224751318417395,-0.5719123150203779
7349,-1.013362796888092,-0.3646777405118956
7350,0.43758510238507914,-0.5475770064576491
7351,-0.7423593137872606,-0.4407334808633715
7352,-0.6807577462239265,-0.40865657193606963
7353,-0.9994943928017126,-0.24612471809985872
7354,0.3803734704468671,-0.41568898576334
7355,-0.48232037251807997,-0.30684503139506614
7356,1.0667627831320474,-0.380733611081389
7357,-0.3402316980000988,-0.5268297364216602
7358,0.545198457643131,-0.5343292741298457
7359,1.1655026421200316,-0.29795467229677375
7360,0.1755171885955294,-0.33518707026958156
7361,0.07273959531216671,-0.4998358259875063
7362,0.11763482400362202,-0.5112596021881283
7363,-0.13396964736262038,-0.5078499660372904
7364,0.3908497099554422,-0.47297277610223953
7365,0.5642370330738484,-0.5473118802606735
7366,-0.11872169104802674,-0.5208369884574252
7367,-0.28965039929922276,-0.43996210480985
7368,-0.12391144618898768,-0.43605337217538076
7369,0.09100465784071633,-0.559487367313646
7370,-0.1422966699533889,-0.49505801889626844
7371,-1.113566250459702,-0.26155631859821976
7372,-0.012554311124072192,-0.46116658288297446
7373,1.448964332236399,-0.17746847707281438
7374,1.0231728089221688,-0.16299325722585484
7375,0.667787212429118,-0.07313986683761664
7376,-0.49213480116203334,-0.23134281474078347
7377,0.0794471535137267,-0.4509823514968508
7378,-0.09190945291837725,-0.47812913291076803
7379,0.1754984510908075,-0.515595487446239
7380,0.21657947419608828,-0.46597844428475427
7381,-0.21471615913115494,-0.5207111065384308
7382,-0.19244574369653508,-0.5259870749036091
7383,0.5287896241571479,-0.44344313585365436
7384,0.41590092742616863,-0.10500113251046472
7385,0.16444551719409453,-0.4373029209289969
7386,0.04293812579678132,-0.4312728587400475
7387,-0.18083457504393352,-0.4096897777015126
7388,1.0640029381259752,-0.21273413373793862
7389,-0.18791600065984299,-0.2072103235395595
7390,0.04728172886522534,-0.4207820053466663
7391,0.04801310063986193,-0.46052156519174364
7392,-0.04670378389596523,-0.47203880100761186
7393,0.08539091928706574,-0.33384925661256604
7394,-0.2428482138279176,-0.4678423216400667
7395,0.6288671969584555,-0.2897577989605624
7396,0.19487693839271253,-0.3876890727996033
7397,0.5126903048267751,-0.07932783137026479
7398,-0.08365231204298873,-0.42696096410380774
7399,-0.11997356888898139,-0.41089641348137934
7400,-0.5152151456105412,-0.3769821226285294
7401,0.4476794886688098,-0.4346199937080265
7402,0.13619111527366384,-0.4211917939886919
7403,-0.36415802984736884,-0.38045635825658125
7404,-0.038756256864351794,-0.4359366915324568
7405,0.04406493197302026,-0.46876539665633893
7406,-0.17170782159462292,-0.372125163167628
7407,0.5266251556781115,-0.43275677819054825
7408,-0.18282402204558887,-0.5300471105223056
7409,-0.5223619100645135,-0.4389463709043411
7410,-0.20704496545813203,-0.3413828196713571
7411,-0.33430841722489013,-0.3602219093747655
7412,-0.44311111404898995,-0.3119085181527236
7413,1.0420829708847092,-0.1966700476644852
7414,0.1439167887039716,-0.26908271129347666
7415,-0.20538888895395233,-0.4030604194009608
7416,-0.32612805865824634,-0.38571945774959726
7417,0.23818369086932167,-0.42884908387508297
7418,-0.11115627708683357,-0.4135110345948539
7419,-0.0034751221037991457,-0.3867831606732574
7420,-0.05407709104226247,-0.4674458405863235
7421,0.47096049196738926,-0.24571632222588616
7422,1.0791026713495742,-0.10195211074238743
7423,-0.37183486598166793,-0.16944736306526387
7424,0.7740549924698016,-0.1830761966739975
7425,0.5622852181755585,0.2107464908660788
7426,-0.47502335582765004,-0.1522038951034179
7427,0.33140292193333043,-0.29657846371767216
7428,-0.41040156479425577,-0.23495908847502525
7429,0.24571807509079574,-0.29566251389967907
7430,-0.47568977277930896,-0.2921239229720133
7431,1.1677748411799094,-0.14358682322312685
7432,-0.3000630929561098,-0.13651109740190098
7433,0.13221634629159643,-0.34129505947277555
7434,0.15866776649206066,-0.3559885250824392
7435,-0.09331960035616678,-0.4287546850619181
7436,0.183672729350087,-0.47775399285163855
7437,-0.0017555391684538318,-0.35305372675304647
7438,-0.2993592604144387,-0.4716302781418371
7439,0.4208330280701588,-0.44927166319903966
7440,0.383740014422997,-0.46111439320831626
7441,-0.11105138811008526,-0.519621425002537
7442,0.48348092126269776,-0.36373246559609757
7443,0.3911144516259529,-0.10622260243653192
7444,0.421269621544559,-0.21906859435773707
7445,-0.7209248633720832,-0.35820597685595673
7446,0.2312135828360609,-0.4489077119834617
7447,-0.4422034228160102,-0.04148172379444978
7448,0.07750210640785155,-0.40727259111341946
7449,0.3719357028534906,-0.4700892783390559
7450,-0.036217417468880554,-0.38639505902921945
7451,-0.5432817893707858,-0.49726019484202705
7452,0.2472185346172359,-0.5271226576921655
7453,-0.5275620015585712,-0.3524832539694635
7454,0.041137638139970775,-0.5095527170631975
7455,0.4040615589053424,-0.4088356769697391
7456,-0.20912694638149415,-0.5837023714108027
7457,-4.244388011783786,1.1754516701271025
7458,0.49752953252518184,0.6984442824407756
7459,0.6673044056081255,-0.17737810510875615
7460,-0.6531507549673674,-0.24284364841150316
7461,-1.345535593706307,-0.07128838054289033
7462,-1.5320635100891737,0.5783231465529427
7463,-2.4262590208284562,1.7485475074060757
7464,2.678733634556468,0.6804199304142541
7465,-0.7370704137056472,-0.0898185808323249
7466,2.3036305431522073,0.2515829291843878
7467,-0.4810251509756545,-0.3133080331887119
7468,-0.1198919180799962,-0.5148442604171224
7469,0.306429588942436,-0.36257802347635915
7470,0.09956407806770476,-0.46883700480326373
7471,-0.1914021595747479,-0.46650443244658624
7472,-1.069261944102837,-0.20831269644133782
7473,0.5971373889148069,-0.32868643987836077
7474,1.6559134464110068,-0.03171140475038675
7475,0.30654903563671404,-0.36015517273529957
7476,-0.6511782552158422,-0.39002792702890754
7477,0.2138908832305278,-0.549039027874697
7478,0.15709235002183217,-0.48892956197019694
7479,-0.019162229478588845,-0.40169399305833203
7480,-0.42857564194596287,-0.47993491292712664
7481,-0.422032091205069,-0.48828332000268787
7482,0.15056636100527668,-0.5503373929618695
7483,-0.03699467381441725,-0.5618161884058925
7484,-0.06844365532287595,-0.48428855186524555
7485,-0.0604847644449943,-0.5116688315363246
7486,-0.24098431958868857,-0.48256995537320346
7487,0.4545525392328882,-0.49222749022200524
7488,-0.4728567643353626,-0.44863048023281243
7489,-0.521541975782405,-0.47789464547491756
7490,0.05288252427640524,-0.412370292533054
7491,-0.12105440343562468,-0.41224038536988267
7492,-0.6421474800507696,-0.39037900481041343
7493,0.4547329929946994,-0.45724856493721056
7494,0.2270870893979264,-0.44686333337167805
7495,0.03055310665427662,-0.4399762332092225
7496,-0.16166130129046222,-0.44911683286634246
7497,-1.0673075156882235,-0.2662635260711404
7498,-0.10715123831849213,-0.28313292742552565
7499,0.0013288111266471219,-0.3458211548321832
7500,-0.11352771637830208,-0.43360859907365396
7501,-0.37578420861239153,-0.34246387310196275
7502,-0.06992784858606334,-0.37597351854313243
7503,-0.47344100470395273,-0.3766325708235666
7504,0.16131422910005597,-0.38593596341981745
7505,-0.8899334831065853,-0.09110098688319321
7506,0.8028839345741116,-0.36902624310428994
7507,-0.7785067008268874,-0.32658470126318373
7508,-0.4370216430468613,-0.3182465933847676
7509,-0.10998110032329615,-0.4256658529117876
7510,0.3879935783795574,-0.42341293345016673
7511,0.5489944367631457,-0.3942419810062219
7512,-0.33704625823428797,-0.47937665998340256
7513,0.31569203003331137,-0.39984869318787203
7514,-0.8848828657645654,-0.31782263382350695
7515,0.1980882482874582,-0.5017107195999836
7516,0.6016198072897577,-0.17830754704130317
7517,-1.0314106188918684,-0.06665321803526081
7518,0.17171930868248683,-0.2988009806470391
7519,1.0500513089878667,-0.17897477361079298
7520,-0.7594217982157287,-0.40903244057191046
7521,-0.748367088618369,-0.2137494583177827
7522,-0.8727929447446829,0.02908745056335823
7523,-0.5673373581816777,0.7646902336053353
7524,-1.6823639698312305,0.8546394623149142
7525,0.6381281815909478,0.3240280753301123
7526,-0.37242046616026864,-0.003127859507350782
7527,-0.060969999568606686,-0.10353955077063018
7528,-0.6355526123845696,-0.048626649069545655
7529,-0.32746747780641067,-0.1673093719253597
7530,-1.9587940937318125,1.02985240518998
7531,0.033239340873128694,0.7105384898748486
7532,1.5814971236579685,-0.013228069763019136
7533,-0.19035458400597707,-0.11738741814399681
7534,-0.35094498413046615,-0.30901002437478525
7535,0.47471116990860995,-0.4023901928887095
7536,-0.7191059904745001,-0.41057290323825263
7537,1.1940484481217672,-0.33760373013313555
7538,1.4872988768187552,-0.17429319906991259
7539,1.0042458609540679,-0.08190234563483964
7540,1.067108660598504,0.017596178870890482
7541,-0.40255903930316683,-0.3118035233209123
7542,-0.5277580269511172,-0.3240725232947525
7543,-0.22472816341506002,-0.34197754126891294
7544,-0.01811579738336409,-0.3278130992747569
7545,-0.08506150071031292,-0.5812622029504861
7546,-0.6356080353030209,-0.4381156270833462
7547,-0.31933846659325393,-0.3877164750446651
7548,0.38167490412978794,-0.33622924955338385
7549,0.4965313593815276,-0.34563307802971954
7550,-0.6983704808176168,-0.41916887897864985
7551,0.22578692478600884,-0.4858350257219136
7552,-0.36029035730975195,-0.45516561314076087
7553,-0.2824515906433316,-0.4593194334377347
7554,-0.8256652928752947,-0.38590845105497446
7555,0.827573656518113,-0.5060993500287164
7556,0.6445581478525297,-0.5595158821356726
7557,0.40328589611256355,-0.48642705888476373
7558,-0.6567826772362267,-0.47505083538048987
7559,0.3671506759937268,-0.4536459658619081
7560,-0.5971931672937697,-0.41097714296206656
7561,1.1981259175573906,-0.4023930398428686
7562,0.22662441942868014,-0.5160370675046728
7563,0.45812049699319296,-0.42517356238086684
7564,-0.47004473075349384,-0.39716153403944615
7565,0.03148974092044742,-0.5321278894230507
7566,-0.3935537414080809,-0.47817575343356095
7567,0.0528949023202409,-0.47424092833623027
7568,0.7555466309696313,-0.35251213639861684
7569,-0.5890826648083272,-0.5238380238981889
7570,-0.16563270048127615,-0.46500299755443575
7571,0.38225912268073997,-0.47951233037985885
7572,0.1828849318623442,-0.5732060655227027
7573,0.5965977500952437,-0.4005537580071863
7574,-0.2434088463029409,-0.5582465360674215
7575,0.35277187903507945,-0.530627694209091
7576,-0.18759901534127546,-0.4474457772894879
7577,0.6126794973128081,-0.4902904594133399
7578,0.14614117580374328,-0.45248472749498075
7579,-0.12539115035592585,-0.486807662578156
7580,0.19530382976015467,-0.5212768291741046
7581,0.07884151643057892,-0.4435226939115834
7582,-0.31732828360944343,-0.5504473736331968
7583,-0.13961914174631984,-0.4196139936741735
7584,-0.3187058344358662,-0.5196420264548108
7585,-0.5861838862025669,-0.4502445471745292
7586,-0.22512958232253852,-0.43314094000170944
7587,-0.31682310357165394,-0.4785465125276417
7588,0.2485561959198304,-0.4429564075014456
7589,0.26012960804391805,-0.5029519737121482
7590,0.1608866116494361,-0.4495289456913507
7591,0.40128287252140366,-0.41993925988769787
7592,-0.6124644093224036,-0.4780393305539925
7593,-0.7795362579222878,-0.3303440065278037
7594,0.4017584968726512,-0.5297426206255179
7595,0.1459105447725991,-0.4808491198358148
7596,-0.23245099772404068,-0.554314555564213
7597,-0.6146469321955914,-0.4327297419646492
7598,-0.1517215840236511,-0.39897194866001784
7599,-0.29313096074632194,-0.2712383542641244
7600,-0.7314854573016741,-0.2995580508785461
7601,-0.42171214329762313,-0.25455562119796726
7602,-0.9298544888408915,0.028470497837065727
7603,0.9552270633426048,-0.24023544876153202
7604,-0.0018909265399418246,-0.4228477287738562
7605,0.5318453716993525,-0.4198447340782505
7606,0.4304638502723636,-0.33415558028039316
7607,-0.0901187718163434,-0.45586042312993647
7608,-0.5500602778442115,-0.343676632020263
7609,-0.7306334845091029,-0.3375514638824303
7610,-0.1195104319763606,-0.45741753155771553
7611,-1.2272337192280964,0.1186402568196453
7612,-1.149588679399962,0.4452175754207191
7613,1.5498982275482416,0.3704980446138836
7614,0.7849374544437386,-0.12052102660821402
7615,2.20181154356137,0.6864058150302046
7616,0.25238478607860787,0.08992267624748868
7617,-0.17761131771165126,-0.1844744202284204
7618,-1.6429557727692607,0.25410996109438744
7619,-0.5404116312465939,-0.08393366064588725
7620,0.8200797796060897,-0.08899623220638293
7621,0.22062993544094694,-0.2592786688690306
7622,-0.16366566012457523,-0.2982704900261251
7623,-0.5358571068715104,-0.25488638570984185
7624,-0.8211985976040808,-0.2560628170619646
7625,0.4587082952424229,-0.38397134561271296
7626,-0.31365282773163455,-0.3703237028146122
7627,-0.5553866941724865,-0.17357403891688622
7628,-0.16380723758970436,-0.34518683689677304
7629,0.8725000638922612,-0.002719826054758952
7630,0.12894491674889247,-0.309859931124368
7631,-0.35918689791456637,0.27634319477971964
7632,-0.09643369880777161,-0.3193304351196176
7633,0.9100767670645266,-0.14937768383442238
7634,-2.8035880674893563,0.3854794361390408
7635,2.271703522773772,0.3921467403443062
7636,-1.345146587896823,-0.042763765107345524
7637,0.9534433194432937,-0.3281872420296633
7638,-1.0621086662912507,-0.21854868418206694
7639,0.05247001728833279,-0.3854747335016343
7640,1.0030472782879738,-0.3354895819957951
7641,1.670797070609849,-0.0754842746574614
7642,0.9319251779161646,0.18433178901066954
7643,-1.0485021225310505,-0.1311868833536298
7644,0.8229182657964059,-0.24387244950161924
7645,0.21332319226414206,-0.3153707431495804
7646,0.5937646147739094,-0.3786349015492507
7647,-0.5176559698593636,-0.36597480884781364
7648,0.2534948987665899,-0.46281072391614547
7649,-0.36334859485805443,-0.4308937102519136
7650,-0.13833454352129407,-0.5168746465700993
7651,0.23942151290745337,-0.46451549312542306
7652,-0.3725773197265111,-0.47908924033604766
7653,-0.7085410040987066,-0.3967424061205886
7654,0.7138155789697456,-0.38153641278805717
7655,-0.48465015531691447,-0.41552027947135345
7656,1.2598400260271314,-0.25974715107519003
7657,0.31372431145802865,-0.27484983224277676
7658,-0.8240624815286278,-0.28120933213956534
7659,-1.4812163646377392,0.0825908150510955
7660,0.538159038098252,-0.40825149543045636
7661,-0.6736413635745461,-0.33882477783977033
7662,-0.03526928143254597,-0.38238679770422096
7663,-0.0927818452359472,-0.3750636355409038
7664,0.21801221864923476,-0.43216788183441746
7665,0.9788527667481812,-0.395541233712905
7666,-0.9042259770052741,-0.3674837677086524
7667,0.39787316173159415,-0.43435040891978627
7668,0.5732467824951168,-0.4739540365838781
7669,-0.13195081245505727,-0.5446992039887667
7670,0.33467431981537366,-0.5137542483884331
7671,-0.043755727183959814,-0.4105348995159738
7672,-0.614223731503944,-0.43710591773819285
7673,0.18141328981615712,-0.46338984853357884
7674,0.5532934690963554,-0.47485068647908285
7675,-0.003223344813120526,-0.312678616148209
7676,0.18425858818708898,-0.3907255774887589
7677,-0.2981370250008794,-0.4006914407522939
7678,-0.37903166770763175,-0.46676610358948967
7679,-0.5079800834248328,-0.34261038455972187
7680,-0.3458144439966449,-0.36324941855727555
7681,0.1316234517226948,-0.509556156978818
7682,-0.04621410390501901,-0.46924093864105665
7683,0.3997136300784347,-0.4631849505875628
7684,-0.21746111563477236,-0.49474663233303656
7685,0.07333224356469596,-0.5205863669662861
7686,-0.28295434099999694,-0.5433032010299039
7687,0.595979722966063,-0.4566845890334745
7688,0.08188222671690022,-0.5212421569355306
7689,0.055817671547718904,-0.4259445911071374
7690,-0.6435656957847956,-0.4467444225329847
7691,-0.022331923275979017,-0.482632181492156
7692,0.6866766948546293,-0.3687654314899458
7693,-0.12049213529611594,-0.5177778987468078
7694,0.22374089409425782,-0.30858588846516094
7695,-0.1343060448261846,-0.4649892681158074
7696,0.37782874372225217,-0.42765141806069784
7697,-0.3635872952420976,-0.49572964804268244
7698,-0.19490905944121675,-0.4701496206835898
7699,-0.41631837336003247,-0.44671492443574035
7700,-0.147915495160523,-0.5320895831086829
7701,-0.19318776730425183,-0.4975360219176697
7702,0.10568432388306062,-0.4909540590358757
7703,0.5308856577709649,-0.39133591392253636
7704,-0.17957768872549817,-0.5285845830322223
7705,-0.5187738467337772,-0.4590184364683621
7706,0.35018720407498855,-0.5117278506854056
7707,-0.1927978962183839,-0.45397427048954536
7708,0.4411826624953507,-0.4371906800930239
7709,-0.7795645668440914,-0.40827244174124727
7710,-0.8519461743534855,-0.22871495964580316
7711,0.41387353889463535,-0.3661331331372777
7712,0.38687470745243635,-0.48231526930561336
7713,-0.8963147630361988,-0.3172023971821289
7714,-0.553920615989577,-0.1864168796014531
7715,0.7402434198889429,-0.3345950385817878
7716,-0.2731028004296114,-0.4592710161084828
7717,-0.26109034268548087,-0.49676231530588033
7718,-0.3770685016110148,-0.4630090101445973
7719,0.596676756792302,-0.37718214744779
7720,0.26072115903512505,-0.46643265946179
7721,-0.2757684230142662,-0.45894328476184854
7722,-0.7435817703159289,-0.29144242254139463
7723,0.46026625756542383,-0.42439615002600967
7724,0.12694072273060752,-0.5275240082374895
7725,1.7408114785924629,0.17697686302453056
7726,-0.21808109341861667,-0.3058281192127757
7727,0.7317069266704044,-0.28428655289144367
7728,-0.47216774990955335,-0.41913624825439016
7729,-0.23116856348868833,-0.49103508704105464
7730,0.22990139236189835,-0.5270197417794987
7731,0.03835835579061793,-0.4142606773330811
7732,-0.232454126632898,-0.4563705002091726
7733,-0.4149031364597181,-0.48450232406935545
7734,0.2775928714331755,-0.5741603951023749
7735,0.3243724204254527,-0.5492336767555882
7736,-0.011386376170297344,-0.5491682892192792
7737,-0.6992585916034891,-0.4728803046751974
7738,0.39786530259826064,-0.5601572103376121
7739,0.012061981284742259,-0.519430624586888
7740,0.1472811005374216,-0.4618813769249213
7741,0.10479493873237804,-0.34695464111809354
7742,-0.08834748999262726,-0.5824557619396145
7743,0.7144967653425554,-0.43172269752344594
7744,-0.03655152941337125,-0.4869694009869394
7745,0.5772696748211299,-0.41654107093790665
7746,-0.3415886847547988,-0.41392894533731656
7747,0.21865088664678942,-0.4353874183367256
7748,-0.3515483023028838,-0.4748870014151544
7749,0.3509695252381306,-0.48957498496173146
7750,-0.19724244236631114,-0.5845554438063658
7751,0.28627336475150983,-0.4433976518638597
7752,-0.5515710661291469,-0.43950248855835683
7753,0.3084406327055119,-0.5665498745056425
7754,0.06999000217620088,-0.4922300417065332
7755,-0.4526368275177122,-0.4927252629922636
7756,-0.5366964385930953,-0.5276662747442474
7757,0.5407163081612487,-0.45094248099805523
7758,0.43417031770298214,-0.5179363114460104
7759,-0.32240890777374065,-0.5531249905375557
7760,-0.12411048109789984,-0.5675538065287271
7761,-0.413047981770351,-0.41922632659035475
7762,0.08130474773685462,-0.5250082178364177
7763,-0.1582796658618311,-0.5534392074671235
7764,0.30401462178973765,-0.5351102703440004
7765,-0.34488631535423797,-0.5222383329930861
7766,-0.06976169495055275,-0.5487539005240385
7767,-0.18281313716096534,-0.45803045984851226
7768,-0.5888622767194941,-0.3263902115683047
7769,-0.45095363637555896,-0.370487103344874
7770,-0.3666746941032086,-0.3678679829323421
7771,0.36407876113971,-0.44233771283372936
7772,-0.2857186216195823,-0.3888294862961963
7773,0.6528436670016152,-0.36993203817850495
7774,0.2673353157879559,-0.5099136246648208
7775,0.02092914106097764,-0.5083702020116442
7776,0.06410098489612885,-0.4904370534499183
7777,0.267892976461881,-0.5255390217610435
7778,-0.24107125150971015,-0.4513255051215941
7779,0.15449137158604,-0.5100638620188456
7780,1.4081160589122401,0.07429229483415754
7781,0.8316522544716912,0.03291518559540345
7782,0.8646523785453828,-0.0034439404312912535
7783,1.0624319726267033,0.20448606399196018
7784,0.10473653830410143,0.009996303907963197
7785,-1.4765170692923233,0.18305068401986874
7786,0.3912359174721104,-0.273121314394065
7787,0.254522308910385,-0.41446607844631195
7788,-0.5985130582238452,-0.3470381097854996
7789,0.18185847374719408,-0.4548751283300129
7790,-0.04016863169342766,-0.43564027354797447
7791,0.030829657438809176,-0.38295427791330455
7792,0.3426892158551057,-0.42888777203620215
7793,0.3919469852685149,-0.45486602286116634
7794,-0.32477129451367037,-0.48362106916797676
7795,-0.10674093089705881,-0.4859645341239031
7796,-0.12458496785660349,-0.49633744286505077
7797,0.2701670207987873,-0.5636789609711531
7798,0.02892502265155276,-0.5394805446574089
7799,0.01216153678859358,-0.5253444538936632
7800,-0.05173865934427959,-0.5489206724358048
7801,0.2515304679134331,-0.47346279005938835
7802,-0.19318200531877103,-0.4292646637654398
7803,0.25431652039994374,-0.4380713262810109
7804,-0.042098105111955816,-0.509260656799029
7805,-0.5175728789273923,-0.3068058547879758
7806,-0.6909007226295608,-0.028190396497051875
7807,-0.5342142209144508,-0.20649598646744807
7808,-0.6331406466967981,-0.11374757854548817
7809,-1.022614708874169,-0.0868467803120879
7810,-2.348231738109678,1.0248220505471097
7811,1.0048799230171837,0.3492257956669465
7812,-0.10734725600855424,-0.12451647962931515
7813,0.7701064328738833,-0.1147319308239696
7814,-1.3139113445991515,-0.028342405768125294
7815,-0.6255626052036298,-0.030493376117065873
7816,-0.37753197806220695,0.14296101399168792
7817,-0.36912714772701555,0.01707861854973621
7818,-0.3191631082327523,-0.13327547659347155
7819,-0.30795901757424815,-0.0425411531487191
7820,-3.0804782333224545,3.5674933218527514
7821,0.39769374690259585,1.2119788651832826
7822,1.249009890030454,0.8521746904614895
7823,0.3972604325615906,0.1923244216491061
7824,-0.3444797636609907,-0.04580568868022251
7825,0.23153392713300638,-0.2688967568273695
7826,-0.039956353554540636,-0.36217299832279654
7827,-1.0113901748639238,-0.1820535447464073
7828,0.45686161741652054,-0.3447090243851776
7829,0.7362352652333632,-0.3292201491849073
7830,0.28847321510991114,-0.3164396797575959
7831,1.1921568115945023,-0.1794531435006191
7832,0.1957928367429331,-0.27643484193134554
7833,0.1846456143698009,-0.4520664450195249
7834,-0.17069775957512326,-0.49506342574515255
7835,-0.4741860066810582,-0.40556358452808705
7836,-0.32804351896700196,-0.4287704387061249
7837,0.31770369634934487,-0.5391982032437135
7838,-0.5283285316381588,-0.505894617921724
7839,-0.810415763784132,-0.2935584865026739
7840,-0.2948978192639451,-0.4171660101213294
7841,-0.1867094817104823,-0.3630061566640393
7842,-0.0006113519119255019,-0.4636193125790645
7843,-0.24498809725871065,-0.3891897596630768
7844,0.6336901921097233,-0.4551448998544341
7845,0.5024308416028433,-0.45124198996923326
7846,0.06006887962241461,-0.5796473428856023
7847,-0.2057254045367667,-0.4790647211490914
7848,0.8271710599163967,-0.42003797120485364
7849,-0.08620456603696862,-0.4550219596445457
7850,-0.3942827025834018,-0.4862098056012208
7851,0.3457513051147896,-0.5438368019405773
7852,0.27060049714759077,-0.5566372596619673
7853,0.48402727472387136,-0.41085300645086703
7854,0.05714498822392816,-0.41636916706023397
7855,-0.5227491579028466,-0.4098144181601528
7856,-0.14157498727390008,-0.5815677123560383
7857,0.30459243724466273,-0.5693826245012992
7858,-0.02180567985197255,-0.5790878137101954
7859,0.2070947964456063,-0.5523458682290528
7860,0.31123334317772444,-0.49115181363050536
7861,-0.008072103250492844,-0.45403204324900687
7862,-0.219514943513334,-0.6049208915992753
7863,-0.20853957330769912,-0.47086973066539534
7864,-0.09039605601879502,-0.5375952864486996
7865,-0.07793322781258272,-0.5826996130563828
7866,-0.13683840334760833,-0.5829549370433692
7867,-0.15975139815111725,-0.44941641930243853
7868,0.5248286867375473,-0.4214663874530562
7869,-0.26123307973395493,-0.5494522051472537
7870,0.2677605086442081,-0.5488629877655311
7871,0.0176645448382577,-0.5492095564061521
7872,0.08861514967398625,-0.4753938571786807
7873,-0.1173428372336993,-0.5375993896331205
7874,0.09791937175851317,-0.5411799488970198
7875,-0.6899172598381059,-0.3680044746784878
7876,0.252468541513522,-0.4826946053144041
7877,0.07090504084410772,-0.4527240578115975
7878,-0.0014065606715707097,-0.5045121859029961
7879,0.10917424946015514,-0.5770152837081357
7880,-0.1292398422070741,-0.5239515954792023
7881,0.4115079802208762,-0.4983584721578969
7882,0.7586344780143249,-0.28506517867641745
7883,-0.496402236841752,-0.36606219948572155
7884,0.08462232193302968,-0.5225496173686501
7885,0.2099040079557875,-0.4461320572062151
7886,0.084775970949838,-0.4028665208126568
7887,0.3370508792917455,-0.4214468407521128
7888,0.0951665581622265,-0.5009038839157665
7889,-0.3291487587963791,-0.48245163074917713
7890,-0.1360953271674436,-0.4601881076661546
7891,0.08277131762595763,-0.4147161312420217
7892,0.0009278464406147896,-0.5029817336893764
7893,0.057498324100732655,-0.5344777243771067
7894,-0.11342224077430527,-0.5382873273513579
7895,0.1228965286914925,-0.568635712483224
7896,-0.33071692090391347,-0.42840053845158016
7897,-0.272696836555356,-0.5296072388864307
7898,-0.3299123328768689,-0.4584295546858374
7899,0.12538796021324441,-0.5117338998313532
7900,0.02811608298551948,-0.49309810753123934
7901,-0.9691834316881442,-0.2910290107462108
7902,-0.5510211469023254,-0.24836810615163757
7903,-0.00039182582475259385,-0.32268398085743266
7904,-0.5578921583651588,-0.30079411624489955
7905,0.902879515231593,-0.2747375464222829
7906,-0.5830626564107364,-0.34866889814845975
7907,0.18374136700504487,-0.4580283101395747
7908,-1.0127339054044189,-0.2674072755658752
7909,0.3694037583755223,-0.30886115451826807
7910,0.4559421580126562,-0.3669581484038501
7911,0.0061603120047454135,-0.48224286427868357
7912,0.38188467931867043,-0.4920365668410934
7913,-0.9904872062607144,-0.33116145703642774
7914,0.2844556793422429,-0.44377854471640416
7915,0.3513557472205069,-0.44574747899924316
7916,-0.6556365115384286,-0.41304582771132065
7917,-0.8609489496372712,-0.06950956902504601
7918,-0.2201442855808188,-0.34518006977628773
7919,0.6033003866022164,-0.41049999548108096
7920,-0.2636860758248567,-0.3859998758266343
7921,0.058960374336375826,-0.38743940013773703
7922,-1.7358806185461393,0.26723388949615473
7923,-0.07184406068676082,0.011142616720525758
7924,-0.1987765766069584,-0.2315216731492519
7925,-0.11461229144657199,-0.1351234668119656
7926,-0.6133342818114152,-0.37580506407084613
7927,0.9055955387181758,-0.17874588697180632
7928,-0.1921188483898674,-0.43444000218726375
7929,0.7113336894564039,-0.34673170264841
7930,0.3040339785063074,-0.2917699262038605
7931,-1.055751186356112,-0.3591204513854546
7932,-2.8020859616572036,2.2479889367660557
7933,-0.9584067955846319,2.7046836442314537
7934,-1.297674788292972,0.21787602993538643
7935,1.7775911808100318,0.3356063238674175
7936,0.3599095817802899,-0.1749610817165675
7937,-0.8988623747577813,-0.17705349030334339
7938,0.3862172642635966,-0.31640858712863157
7939,-0.48112223265359316,-0.291866591578264
7940,-0.6177557000551807,-0.19007264793734596
7941,-0.9905951532546381,0.5973775511768976
7942,3.02699924771439,1.663974517292868
7943,-0.6061154315688133,0.6547877321675132
7944,1.5380458878475756,0.4874394963493031
7945,1.3460716295498387,0.5656437483722326
7946,-0.1631037864968132,-0.19022244697283666
7947,-0.04094755979555432,-0.25640010800304924
7948,-0.9010629360010151,-0.15363668268628317
7949,-0.2836244330836122,-0.1916968225868712
7950,-0.9502489584292724,-0.22497021833041284
7951,0.15729624785888788,-0.022137294644622784
7952,-1.1162294186722337,0.10519204894700268
7953,0.100356214673678,-0.1133006960671628
7954,0.32230047263725903,-0.28265302004345727
7955,0.2588496882508619,-0.30449181887572174
7956,-1.136797458093757,-0.16840965046971187
7957,0.39095014196015787,-0.3549558122651182
7958,0.30016115723059567,-0.3545863235844224
7959,1.4382326963725043,-0.036244540385394944
7960,-0.27499621883458547,-0.43362387715630146
7961,-0.36612484133310746,-0.412384710687863
7962,0.5043056696890887,-0.48602666737576367
7963,0.4209930726098148,-0.3887556286620992
7964,0.26575146269360916,-0.41904844514326833
7965,-0.57688617250736,-0.46099454073952617
7966,0.8346168942774624,-0.4128267231601077
7967,0.3836585640694051,-0.3965662454681509
7968,-0.22374693191017053,-0.4885521389206697
7969,-0.18840811268349278,-0.47603231613316277
7970,0.14063682606016747,-0.5418308973577857
7971,-0.401153086265916,-0.45010603545535655
7972,-0.03265143702530593,-0.47430057264784425
7973,-0.9083652594834623,-0.2567095762794535
7974,0.018084616481136028,-0.4523463556878687
7975,-0.09321633024264371,-0.3536725528475768
7976,0.3582327581707324,-0.47803383581720715
7977,0.08151180536885032,-0.4506775229841093
7978,0.015819123022145953,-0.49407925917987067
7979,0.04367618006729204,-0.28368607469350116
7980,-1.3648978768507947,-0.11618191221012518
7981,0.2252527291273182,-0.2382701164918414
7982,-1.4013199229895286,0.0577941527786524
7983,0.8108640377321444,-0.20829656764314836
7984,0.15279981209478813,-0.2874364853598778
7985,0.6006730411848935,-0.3985479222387818
7986,-0.4829680645900077,-0.37173797561786354
7987,0.58926989099612,-0.40410778486731225
7988,0.07795534361626269,-0.26707124475738325
7989,-0.3001074852868135,-0.46037243062275773
7990,0.34711387852871173,-0.438449755248697
7991,-0.003931644581903218,-0.24814112116547518
7992,-0.6565626149623052,-0.28375914947031744
7993,-0.4080885457518886,-0.39688686263441997
7994,0.9135114655707761,-0.2551015207840493
7995,-1.7992345606992755,0.18733273473433731
7996,-6.089635590778081,5.011491702883822
7997,-1.4950388735340778,4.167003178736601
7998,1.7119613123471153,0.8754524052630847
7999,-1.023620487225311,0.8924218137771681
8000,-3.146940183051279,3.71406829073821
8001,0.18051513709972067,1.94690698708963
8002,2.6276089517151173,1.7263602080645541
8003,-0.819410314379871,0.7210747438337296
8004,-0.958922110080436,0.23306754824416043
8005,-0.17184038379055744,-0.02572130358115737
8006,-0.8699659648408568,0.2212253409624069
8007,-0.1280881812629121,0.2679508488761565
8008,-0.23247400924797018,0.013763811087428697
8009,0.5091845042093698,0.19791540121189455
8010,1.8104976926346934,0.09571460215688596
8011,1.6219889584730751,0.6094748783080328
8012,-1.7967901293800481,0.17089498747166618
8013,0.9061413842012386,-0.2822283662483678
8014,0.22935945158567647,-0.20005573666708737
8015,-0.5877924788713765,-0.21852505486390023
8016,0.4797606182014742,-0.32522387307720946
8017,0.15698041451622294,-0.5065503334289251
8018,-1.047327903029999,-0.2828101732882463
8019,-0.7060852914538258,-0.2716645374901547
8020,-0.23780252859604978,-0.3758078971480106
8021,-0.2586430829855855,-0.45050560516628463
8022,-0.1968642746952371,-0.2869495559915252
8023,-2.39219358582103,1.4687430728304927
8024,-0.10821189441228969,0.5060197398647461
8025,3.6388739526283382,0.8072077736837014
8026,1.5264340283861528,0.22224375036519414
8027,0.18210660845267726,-0.09448643592675249
8028,-1.1745737592732994,-0.19595246261524235
8029,0.6332748987861264,-0.27006701545376777
8030,-0.8140811328909631,-0.3794302132006953
8031,3.504164756609168,1.0186352907601974
8032,-0.062492180111003146,-0.08937003803912162
8033,2.4276564095206115,0.48771032338575293
8034,0.32589422026365994,-0.20356096294824183
8035,-0.5276301247135375,-0.18441717734897328
8036,0.8636039060166218,-0.07725762878339176
8037,-0.43840747862118973,-0.3009270661726942
8038,0.254026809957982,-0.3037618052756522
8039,-0.40125319511047663,-0.08477643309604423
8040,0.46930733893631393,-0.04513202399137512
8041,1.3294557120537052,-0.051241222321957006
8042,-1.198424497967819,0.20144507081808954
8043,-0.25360983147257354,-0.34070213289793405
8044,-0.7495559623996564,-0.4617856411873751
8045,0.755373906733844,-0.39603074653382914
8046,1.3099074364550636,-0.15587416688450756
8047,-0.3673581981960504,-0.4551399129940666
8048,0.5027644413992928,-0.470279900526494
8049,-0.12504347381463107,-0.3832765532749045
8050,0.16060752921193353,-0.4633691203018149
8051,0.3455928557887157,-0.3248938454331606
8052,-0.5211089532880301,-0.43092013752188435
8053,-0.3123307707326361,-0.45935069656052513
8054,0.36671021487545774,-0.49185541265113486
8055,-0.09682049683350082,-0.47412696698766466
8056,0.7783978147945164,-0.2983548995243137
8057,-0.2959952162044288,-0.4768131880588406
8058,0.11932270600018584,-0.5185461447489357
8059,0.6174367395902144,-0.33112826788472144
8060,0.19994836703191798,-0.49218470108031137
8061,0.053093940825033,-0.48949542553701414
8062,0.889096301959086,-0.09174908036846909
8063,0.36802411067885765,-0.29808486582166854
8064,-0.5297836842670257,-0.2987721702507437
8065,-0.11269441217057988,-0.15866765908295882
8066,0.5270015409021045,-0.19893945009281208
8067,-0.05999266268509185,-0.18504021159651565
8068,-0.44353134393509835,-0.34360005355754597
8069,0.09827588014126347,-0.3906594952603753
8070,0.18360661085688806,-0.5514305711127641
8071,0.3550961113050267,-0.3117268382935173
8072,-0.40092280448604606,-0.43536923926423876
8073,-0.44072010982137805,-0.48752620013825104
8074,0.268505292757878,-0.45455004491359724
8075,-0.4816303118415253,-0.4283811051716177
8076,-0.7730299738690295,-0.17605376414178703
8077,0.13951929612824462,-0.3955099672507818
8078,0.21162548458355965,-0.46453889157788364
8079,-0.28229804591242186,-0.4045529417144669
8080,-0.5970790829775927,-0.42361310757510073
8081,-0.5693612705437167,-0.38997679391570467
8082,0.7475174587463772,-0.4124110682131663
8083,-0.1326970663360021,-0.35086301201417375
8084,-0.5953284671304878,-0.36912062254392675
8085,0.2627657924949881,-0.49216424223062927
8086,0.3220377481026879,-0.3601649091637982
8087,-0.2973693746466409,-0.41186441270251384
8088,-0.003913506569145356,-0.45763912855339095
8089,1.1680105809046586,-0.1827238977473932
8090,0.996149992604705,-0.15722801992878904
8091,-1.5295186628026471,-0.22257168087461515
8092,-0.3232470197323111,-0.3732521349501327
8093,3.679466330683789,1.6067406336929773
8094,0.8905765956813313,0.749594686793171
8095,-0.12406002775385123,0.567813793912094
8096,-2.0031257807244884,0.4595088239585695
8097,0.08552992108174794,-0.025261608487615973
8098,-0.6155859163260609,-0.3500061582639509
8099,1.1051296159572126,-0.18787936975500158
8100,-1.8053466094350095,-0.06674537599130415
8101,-0.2042973091183339,-0.11188365645256783
8102,-0.6442457494242871,-0.19979724618094713
8103,-1.2642459501477428,0.03602906129046713
8104,-2.4014643917129566,1.0845128607591716
8105,0.8733845957079793,1.0767624442474382
8106,0.13068845656317638,0.5903936785409472
8107,1.8970038026449716,0.7162904178074664
8108,2.95211132603108,1.1099080171814908
8109,1.1796175970587381,1.2196499459900332
8110,0.08940983965567281,-0.0011966755262727447
8111,1.6313877575859688,0.915689495352622
8112,-0.567069686342266,0.12157881003285337
8113,0.9990585110545266,0.3392503224082774
8114,-0.4078835981001316,-0.3004373477894311
8115,0.5380601451141964,-0.20571769465787454
8116,-0.295443859874064,-0.28924681911034084
8117,-0.5059989433490382,-0.12862009919894626
8118,1.2524416926474071,-0.16494965079850063
8119,1.2459828463054055,0.3190840463621149
8120,1.8568238201290355,0.9446392123211276
8121,-0.45931907437017133,0.10782717008650886
8122,-0.6566015397994764,-0.1604494110782087
8123,0.10630967385417582,-0.07521038798920866
8124,-0.15919422339456732,-0.02551654866682963
8125,0.05402347722283805,-0.28477744839651004
8126,0.14352640496532101,-0.34170242591496475
8127,5.575105064806164,2.7578663898877376
8128,1.9330534652706912,1.9033564207266533
8129,-2.6193769901921233,1.3938261982744666
8130,1.3434086211106464,0.7281038957416811
8131,-0.34302105411558675,0.0770301568323018
8132,0.08900818791421256,0.06624722963882344
8133,-0.059541682543625164,-0.04550890877158823
8134,-0.20078736944799322,-0.1762146111876122
8135,-0.17255745751466242,-0.1863337517891659
8136,-0.49629648891543904,-0.22531750663316258
8137,0.035382275116011684,-0.1316028726695533
8138,-0.12800016636579967,-0.10454942124456933
8139,0.07947259868393235,-0.42896428574973894
8140,0.29193967930909775,-0.31518614439659515
8141,-0.4115526259606979,-0.41550931013268955
8142,0.6370521925769541,-0.28232761322159133
8143,-1.3036309079365433,-0.07675653323028166
8144,0.031971711324894826,-0.2958522482016596
8145,0.07802813748497563,-0.30189024450393215
8146,-0.5213803952752732,-0.21764382423701048
8147,0.4622432527922019,-0.38365616198697317
8148,0.47130392448996794,-0.2968505242723453
8149,-0.3319034668707323,-0.42573489680811827
8150,0.19114838742216955,-0.4523543377868891
8151,-0.3917370937666931,-0.4593836087800427
8152,0.28197626814104165,-0.5537180326787937
8153,-0.07458651765530142,-0.5590949494883051
8154,0.09142427727232871,-0.4044760537589495
8155,0.7380134748450269,-0.34399437364738145
8156,0.6321870341710177,-0.13274880611265566
8157,0.8073388580257117,-0.06841938389621062
8158,0.5412648127846736,-0.09048824859990494
8159,-0.43982712403669605,0.16348284202889102
8160,0.4658660411935935,-0.22567662613581901
8161,0.6209428248976192,-0.07442693716814854
8162,-0.247300115820266,-0.20591235402474936
8163,-0.5430270594674854,-0.22611754514955523
8164,0.1721121073880358,-0.1840413271418524
8165,-1.3335114990695325,0.3397905130747165
8166,-0.809731663192424,0.053025052677822974
8167,-0.3478424927908247,-0.033747995710026464
8168,0.73047263104142,-0.15003471044207606
8169,-0.29250450311045834,-0.13551657377777673
8170,-0.01300163179348289,-0.41183963706545385
8171,0.20761177486604399,-0.42687613534113245
8172,1.3092612602614946,-0.02312042840201277
8173,-0.8001470492359021,-0.09523317120250346
8174,-0.18616009874401526,-0.4232338485236818
8175,-0.13957730542622737,-0.3992389577511408
8176,-0.007599462233208547,-0.43986114420991856
8177,-0.019446759523731958,-0.4069448528070345
8178,0.2721886561855854,-0.4954435227708446
8179,-0.4226547523148155,-0.3553847802414495
8180,0.741388750578929,-0.2389067654226186
8181,-0.44563241654662766,-0.3480807242508759
8182,0.3187990721603676,-0.41010344108597785
8183,0.23134638479916847,-0.3988529248657741
8184,-0.6458796223368507,-0.33931994800013643
8185,0.37873161683651996,-0.3858679455213546
8186,-0.0020876936907981898,-0.4197136655714109
8187,0.0011119015798026462,-0.40117074373694683
8188,-0.3882187478422913,-0.17134133920988925
8189,-0.03676697099822425,-0.12224975198804595
8190,0.12007713955115296,-0.3199221148022348
8191,0.5943385629408058,-0.15333261086868158
8192,0.5963366547316064,-0.024569974785816025
8193,0.6441039350092128,-0.3123782979823436
8194,-0.6426347148854001,-0.17313233168504785
8195,-0.05704957555159062,-0.2659090003709876
8196,0.1811668220698819,-0.3416124035108547
8197,-1.1165234134382995,-0.21888409084474594
8198,0.47661833302580114,-0.3500835137736511
8199,0.029539357139590064,-0.42122001094328054
8200,0.7735949190119196,-0.3403678418593159
8201,1.1801464622615792,-0.01765633852677455
8202,1.1547860363363054,0.47446813518637365
8203,-1.2867882539575881,0.10700115298604759
8204,-1.102930212773041,-0.09109162157997859
8205,0.9074044121441535,-0.3705191017011272
8206,-0.06907820565555764,-0.44786703270612965
8207,-0.7261479313277058,-0.373902320630748
8208,0.1920067061030899,-0.36853553107964876
8209,-0.35452654345752865,-0.5086212253063461
8210,-0.3411142877640732,-0.45676959792928473
8211,-0.3680300147422228,-0.4342697101231814
8212,0.18633599883701216,-0.5857063163628369
8213,-0.1228652962092638,-0.5444283257808354
8214,0.33606873318316893,-0.34100010494598687
8215,-0.30665604897729165,-0.45299640073479225
8216,0.9052849635028076,-0.4911396808768035
8217,0.24366597760832173,-0.4635115612723674
8218,0.6827321793703115,-0.4300744330420632
8219,-0.7818500921678881,-0.3952908589137925
8220,0.3804958813059593,-0.552216254930118
8221,-0.19412802569388637,-0.5026307481425223
8222,0.3547261331466732,-0.489165745477805
8223,-0.5361987880574424,-0.3838244466820344
8224,0.05537921058263571,-0.5693889553108132
8225,0.10526975426065303,-0.5655402962275344
8226,0.2512172414294103,-0.528654643801386
8227,-0.5953174648241479,-0.5047484480565653
8228,0.038755975051576554,-0.5086353600857404
8229,0.3780932846099584,-0.4731845463090761
8230,0.41898859812136396,-0.5334693652414872
8231,0.5351367694177357,-0.32463134523289855
8232,-0.5875857137657691,-0.48565104500828277
8233,-0.7886380435704625,-0.35872658113514244
8234,1.441049157137298,-0.2441466301434141
8235,-0.18266187747744314,-0.4383571309604557
8236,-0.6419191324366276,-0.33828892140708916
8237,0.8877651505521401,-0.31273976097819317
8238,-0.2782661192375114,-0.5191589850103786
8239,0.919554860407446,-0.07531279876629167
8240,-0.6012843631244855,-0.38114192592837465
8241,-0.0032849039234409618,-0.5787870320280212
8242,-0.13602309243084074,-0.5071358436257442
8243,0.13634874923934467,-0.5113906389032158
8244,-0.08937957426133622,-0.5182919434161134
8245,-0.2664942185111106,-0.4742264825481309
8246,-0.39371540024141705,-0.4502563452913945
8247,-0.3248124824798803,-0.4010933039369755
8248,0.32679094075270393,-0.43886235711523597
8249,-0.7312256551953515,-0.41857942036873924
8250,0.2469935741595379,-0.5151721876015621
8251,-0.03330891777355887,-0.5093913529311416
8252,-0.13118617674582636,-0.46804514164592437
8253,0.1416251845027894,-0.5142473372052947
8254,-0.09824916354086193,-0.5549413102894079
8255,0.06798495019770379,-0.46283125661164576
8256,0.6897793576308566,-0.44720632868696447
8257,0.1695881390613359,-0.48588470920352933
8258,0.12682028871207732,-0.5220876904271174
8259,-0.2064740000842222,-0.4941535148758832
8260,1.0347061637654842,-0.34644285318388446
8261,-0.09887300012327409,-0.4292832774043278
8262,-0.2396563270877912,-0.41386037821096955
8263,0.0012477214491271077,-0.40439545612548594
8264,-0.8207048665131844,-0.31384103001759944
8265,-0.40640742867346125,-0.4352739060790822
8266,0.6445775684736106,-0.30088090158250763
8267,0.3879437643068783,-0.3183124040476439
8268,0.1085360863215838,-0.5407792348380273
8269,-1.4856314018954238,0.06874092268674459
8270,0.5439036574327706,-0.35684054922847225
8271,0.053782534041002125,-0.4144201234052599
8272,1.0725741503782875,-0.11312601869784243
8273,-0.518704087647605,-0.3897787983152262
8274,0.32307098784895866,-0.5012106164215905
8275,-0.40521000720249534,-0.4613891108919
8276,0.1583186967075466,-0.434888942043829
8277,0.79158410789937,-0.3921302073934307
8278,0.15911959346203314,-0.39754111409699344
8279,-0.6404223376604715,-0.3890716238865005
8280,-0.18731076471428187,-0.4073684976798144
8281,0.19107451557688804,-0.3137313959802187
8282,0.33816144881291554,-0.31412507406284707
8283,0.591965560712438,-0.28929515865147065
8284,1.033699744654889,0.4483453185992861
8285,-0.14058660317616942,0.13691427241077803
8286,0.27322743244172804,0.3582905419979577
8287,-0.7075552791591063,-0.13069994033175708
8288,-1.5151891030398492,0.9694931934953496
8289,0.8809083405970499,0.12192207050630646
8290,-0.21935826165082425,-0.07285064910419684
8291,-0.7859392668962439,0.026724834116255813
8292,-1.4054785468537232,0.5400393271581917
8293,-0.49445730460588394,0.4082100388356459
8294,0.19761605910572175,-0.1705432808622096
8295,0.6247157901733688,-0.2997226488921053
8296,0.2540516340715226,-0.2828624331506449
8297,-0.6729433840182159,-0.3161709897715163
8298,-0.20371109694168918,-0.33477792703633075
8299,0.9561906472978146,-0.3807458032312675
8300,0.38172870772450546,-0.2722174133128376
8301,-0.909704263238433,-0.34440873818571477
8302,1.0947566509426523,-0.4046376914235913
8303,-0.038433566534663684,-0.4957058245103532
8304,-0.2759508613499987,-0.4762119887153971
8305,-0.06850929571466735,-0.446659444257255
8306,-0.0569560628140601,-0.5635276404646115
8307,1.013904404356698,-0.2570249667904969
8308,0.5008099707875943,-0.38733305999334194
8309,-0.3569246282940787,-0.41304800235498196
8310,0.2156715369498585,-0.4742231840316094
8311,-0.2924494607805743,-0.5471909665985928
8312,0.0773380759862647,-0.5659550891955816
8313,-0.1375612028224346,-0.566944393989852
8314,0.5872372265200037,-0.5197993261191929
8315,-0.5093584202144233,-0.3743080636609785
8316,-0.38499849029945893,-0.4369715002516764
8317,-0.05250359531794787,-0.5274482670248756
8318,0.10804388118297659,-0.5340231557238985
8319,-0.38616128717298487,-0.48036324242867
8320,-0.33778294436716577,-0.5840782053187683
8321,-0.388048928470945,-0.46523352847316235
8322,-0.016552604971232586,-0.5088640608243926
8323,-0.06070644328604256,-0.46807507070464127
8324,-0.17330762935158486,-0.5429903097894138
8325,0.3181028841213329,-0.5380300342187875
8326,0.24366099958431092,-0.5021647484166925
8327,0.5545447461870715,-0.38679240460423375
8328,-0.2334956215046589,-0.4787207248053451
8329,-0.15577828855892556,-0.5500140205123057
8330,0.06686340514720847,-0.5354474222487118
8331,-0.22439169340674026,-0.5605008721138557
8332,0.822786117120432,-0.357301988227892
8333,0.48325270788139973,-0.0868263467448417
8334,0.07721828946697433,-0.5756372509332499
8335,0.4439502425964404,-0.3686685553914255
8336,-0.2368339300241282,-0.4991238587797563
8337,-0.2917330796217652,-0.4894238250764678
8338,1.1377254795244756,0.046275701077621634
8339,0.23656010596390945,0.12851360693700328
8340,-0.6651162931963865,-0.2310085585525232
8341,-0.17669967325329955,-0.4199260951205129
8342,-0.018302628403991043,-0.5140970378723981
8343,-0.28493494346104387,-0.4648983496564588
8344,-0.33508086039419804,-0.45042931276069315
8345,-0.11434170493608656,-0.4326639664054571
8346,0.3372869500771789,-0.4246003481280115
8347,-0.2044303024361781,-0.44860925734724383
8348,-0.4425124778874801,-0.4711917590958418
8349,-0.2981868099035055,-0.48188111651634713
8350,0.31042352676564294,-0.4928036238019751
8351,0.392323355178061,-0.3296369974833679
8352,-0.006064814105287914,-0.5496748240241094
8353,0.05922745184480241,-0.5075477183558308
8354,0.02576947313931177,-0.564092178439941
8355,0.24970292649273915,-0.4800605591207607
8356,0.46752776875221014,-0.2112515087669479
8357,0.21385971483891253,-0.4275545620474385
8358,-0.5514186788270572,-0.4630748325612431
8359,0.5521486623905385,-0.45475919937503023
8360,-0.5717794742441761,-0.4052542510415931
8361,-0.2732825135128834,-0.45706275812817615
8362,-0.14029253342078568,-0.5337507823880026
8363,-1.3019735894056705,-0.04677434067403689
8364,0.13813617683510745,-0.3382222137268979
8365,-0.30281805384401317,-0.26895523698701007
8366,-0.27735576155231034,-0.3883593462178915
8367,0.2556195115299593,-0.32628829691642164
8368,-0.11763822112578617,-0.5066999036993655
8369,-0.18041181422418134,-0.40512220297017726
8370,0.11659421923502314,-0.3864484256018753
8371,-0.09418831165051174,-0.5579270896110593
8372,-0.391665142530305,-0.3557007876807462
8373,-0.15171983447445014,-0.4410154614160285
8374,0.2879292192559582,-0.3911157793096459
8375,-0.29663360538309,-0.40464941195249354
8376,-0.2636629654038062,-0.37525048430178937
8377,0.3608195095197374,-0.46592801841302706
8378,-0.8457796544394677,-0.1736777343782668
8379,-0.44651858129043814,-0.22548368480560588
8380,0.19010723815530428,-0.29132482190685405
8381,0.3629315862132461,-0.05028591227483105
8382,-1.2279185136826374,0.19513936504603535
8383,0.240001672011143,-0.21372295307703532
8384,0.7877080147742097,-0.18954166508563317
8385,0.9953301521142386,-0.1481919534805285
8386,-0.5270646993833425,-0.36340773161134576
8387,-0.16360191130066085,-0.44938613213046286
8388,-1.112969051722747,-0.12590113141446313
8389,0.5259852601613118,0.09901206952381658
8390,0.6146661257310732,-0.30736066743867657
8391,-0.43151437757160266,-0.38821754051372215
8392,0.12851961686199004,-0.3986426794051028
8393,-0.12729272655646529,-0.4847418103580307
8394,-0.0804416754515266,-0.456587997457512
8395,0.02048649951749371,-0.3796967647246109
8396,0.4135356618128179,-0.4204883630258652
8397,-0.004107791064230262,-0.4974019193081681
8398,-0.5721935549224717,-0.4398077858599784
8399,1.1031069933218651,-0.3509187924416583
8400,-0.7369911434820895,-0.3566112125145814
8401,0.007391907867229368,-0.5376330377677825
8402,0.09084950173456423,-0.5117125071627764
8403,0.04718259896445507,-0.5509522196593983
8404,0.36026643994936147,-0.4802421740269536
8405,0.5408150238708994,-0.4685066976297268
8406,-0.3007335700571072,-0.43718971109788346
8407,0.35615667769417153,-0.4729625948379471
8408,0.22181531806618027,-0.5440482834490954
8409,1.37024907894607,-0.16093151111061352
8410,-0.9600666839803373,-0.21754111459505568
8411,-1.2409911401167386,-0.24699529409455534
8412,-0.18501977421294183,-0.34447062690068453
8413,-1.090387618303301,-0.08370166229414991
8414,0.4639007619157117,-0.3666363633614019
8415,-0.42105933294263753,-0.33193463553013186
8416,0.2059207542948804,-0.44288914526551976
8417,-0.7784620268220268,-0.4745184545052174
8418,-0.0032942047128379634,-0.5328098207299202
8419,-0.25551986992282405,-0.5289134540723036
8420,0.5107498081659785,-0.5600323474365705
8421,-0.17680119357405225,-0.5109846797953295
8422,-0.04525853697246127,-0.5150871150525859
8423,0.012309676409755813,-0.539616794651251
8424,0.36246644075143386,-0.5586600983013292
8425,-0.849013911316581,-0.28928760305530743
8426,-0.7610191943965109,-0.31063472176541773
8427,1.5820613394629772,0.10883784493598786
8428,0.2842914648178568,-0.3574315351065744
8429,0.5195539431572624,-0.3861758691437031
8430,-0.13540585477716052,-0.5191436730008439
8431,0.424407849470313,-0.5409584662925397
8432,0.09034818659029864,-0.47918644548034783
8433,0.21625510377455928,-0.49596097892662533
8434,0.09139206268941666,-0.5257960389617342
8435,-0.40013410218472073,-0.36507043261102856
8436,0.6170069756111954,-0.5616254526079577
8437,0.2524199537013857,-0.5177096913135758
8438,-0.13624028528810314,-0.59498376633899
8439,-0.2605836585800596,-0.4915274159361708
8440,0.0010635087365233537,-0.523142089161634
8441,0.09447410608463142,-0.4733041091507232
8442,0.07581995386557144,-0.5526127542202113
8443,0.2612754992468158,-0.49637654495962524
8444,-0.8800427839071358,-0.40742801604750145
8445,-0.3477612509907317,-0.47691070459359347
8446,-0.19746411175172893,-0.5381883666241126
8447,0.2281726255394843,-0.4643269326134125
8448,-0.1898839187052201,-0.4679151088923721
8449,0.6004724788313281,-0.45654996000076215
8450,-0.14290121074172432,-0.5043536288197754
8451,0.5444389373488128,-0.4863517230511778
8452,-0.5042825799787191,-0.39933688865220884
8453,-1.150369974732958,-0.18044747371639427
8454,-0.09717740942191494,-0.3560571085888218
8455,0.3894822598081112,-0.3573374913428008
8456,-0.43834841643998496,-0.47168208125816385
8457,0.6654907269344764,-0.42423929096544843
8458,0.5720082859982389,-0.26863610297791235
8459,-0.591382029793494,-0.4043070812678974
8460,-0.024361499873285838,-0.46926276827735824
8461,0.49295536610939117,-0.4212007672825537
8462,0.17700635979376905,-0.371282572568698
8463,-0.5610118905926549,-0.43905364122060986
8464,0.09070727613915959,-0.4868484279572272
8465,-0.026268066078327452,-0.5295664940389411
8466,-0.1560824533594512,-0.5407420319977632
8467,0.14222106657399367,-0.5821950591340711
8468,-0.41460868699115655,-0.49523958152517683
8469,0.2525351535987483,-0.5248748532239237
8470,0.08875006492624689,-0.546603462347862
8471,0.10783410374845363,-0.4575315978538087
8472,0.5604184502297667,-0.3856604951959852
8473,-1.453304399632821,0.057587361880962744
8474,-0.3510507732910428,-0.43719658522438254
8475,0.5499390626553697,-0.3806008319466852
8476,-0.4312874153045832,-0.3776919485906243
8477,0.44600161155975987,-0.3319828522502749
8478,0.22243114062308617,-0.16678552983640443
8479,-0.25993666928679493,-0.05726846581596305
8480,-0.5553318101340831,-0.1821234655403539
8481,0.1901639534078411,-0.27151844815408205
8482,-0.12150045019873056,-0.266170894276077
8483,0.1273642264158772,-0.4405298644601388
8484,0.7357011157024508,-0.37759471401742967
8485,1.2550956642526858,-0.19535305641084444
8486,0.2540295807534184,-0.2426466016708128
8487,-0.4732580715943928,-0.30521389205637905
8488,0.5806352341626875,-0.41767874514169434
8489,0.4749808098316377,0.042543698055680035
8490,-0.05604037933085291,-0.23566063910658303
8491,-1.0349249591222551,-0.2805548621920135
8492,-0.7006085035381457,-0.369384179177659
8493,-0.6525229788282809,-0.3665956930446375
8494,0.22512289938852453,-0.32002881292496727
8495,-0.3257990318689204,-0.4645629511093629
8496,-0.5683491493076055,-0.3314925895341722
8497,-0.4429405658235934,-0.32229497405145235
8498,0.14939234559604234,-0.43788264228440127
8499,0.8021662478270333,-0.36479319558275836
8500,-0.07160344767006141,-0.4800544392337186
8501,0.20614181848753432,-0.5193034671725985
8502,0.15317374381903823,-0.3743418870302467
8503,0.653375033646458,-0.41765341108458437
8504,0.09174658480282524,-0.536007104502156
8505,0.3410593998844482,-0.5322249832453342
8506,0.18798618845122225,-0.5700647335500089
8507,0.08559077626697525,-0.505274822056346
8508,0.38505398524108353,-0.44783744758648825
8509,-0.30591301399208465,-0.32463701678017176
8510,-0.044109710038366175,-0.4971837673804345
8511,0.35746332206309794,-0.4797605259679364
8512,0.10186834537587484,-0.5032390002750248
8513,-0.14622041852546233,-0.482799127387871
8514,0.01256862101190454,-0.5126990479525171
8515,-0.17345288274607776,-0.4963305734770653
8516,-0.5232607842172582,-0.4371528723929606
8517,0.04494760233579602,-0.5572994872117535
8518,0.2721298378080588,-0.5634882294845756
8519,-0.5115072920845755,-0.4809656349527581
8520,0.5579756119455874,-0.4653230142787523
8521,-0.01008852901176969,-0.5153879320088617
8522,-0.20451013425676806,-0.5200012007922804
8523,-0.3133939823938113,-0.4949252182196842
8524,-0.15885657234888872,-0.4865858399112449
8525,0.5301964592414397,-0.48582511895044994
8526,0.5706285509175497,-0.41112316927759945
8527,0.025015357929924306,-0.38547276038949296
8528,0.32752312621249907,-0.4997324455566579
8529,-0.12497869900846281,-0.5287936613442074
8530,-0.4199708926998783,-0.5531316608479089
8531,-0.05930138592580556,-0.5565142216389414
8532,0.20775368709035333,-0.600568554831997
8533,0.04909373369847007,-0.5473577813186384
8534,0.12403688855414437,-0.5695207429873116
8535,-0.15544689158007358,-0.5117403074717908
8536,0.10759336697254561,-0.6108036169004581
8537,-0.10382286753782236,-0.5850609042470403
8538,-0.10010326285371969,-0.5276281276472987
8539,0.41767396781997,-0.4272516574769902
8540,-0.20827502024247485,-0.5933097628057902
8541,-0.010185271306431563,-0.5581070155010939
8542,0.007299808226020708,-0.5970469650385798
8543,0.38330974066585893,-0.5433383884329497
8544,0.15033159985142422,-0.5455511013702481
8545,-0.24664930695698234,-0.49380938271068087
8546,0.20875182625149358,-0.4864801703422349
8547,-0.08021600791652801,-0.5110283185433808
8548,0.1778061552141342,-0.49592122061802124
8549,-0.029406437855642686,-0.5109918545829689
8550,0.31701897892641345,-0.46184616967538533
8551,-0.4416638345184509,-0.4705298449387567
8552,-0.017167618817033572,-0.4557809674121492
8553,-0.17950534113691827,-0.5699492070394094
8554,-0.050319608727182955,-0.5492704992604062
8555,-0.2915507862280204,-0.49635891163715745
8556,0.19783602000241285,-0.5128587790078797
8557,0.23837844241874848,-0.5242160769657334
8558,0.15119243071877353,-0.4852753629216256
8559,-0.024526529401215625,-0.49677305073852546
8560,0.14634401707201983,-0.5273894341058313
8561,-0.23541791506851226,-0.5230598711139501
8562,-0.06409775245855513,-0.5528158063477294
8563,0.07703344173680604,-0.5065069145179927
8564,0.02540627085753146,-0.5431706344678501
8565,-0.054374405524510054,-0.48656434944042964
8566,-0.017029042775697358,-0.5614854664765194
8567,-0.07651256457077713,-0.5184947295320789
8568,-0.2788114948244506,-0.5023696247382318
8569,0.002207906703548645,-0.5901527054978258
8570,-0.03465485345128939,-0.5505935561543243
8571,0.08422428866673745,-0.5730694121623142
8572,-0.5059102187121626,-0.42927457248709894
8573,-0.0646727491076156,-0.5760638263282664
8574,-0.10647280122142273,-0.5980123337775314
8575,0.3090175340835164,-0.5204646687173674
8576,0.29014540943631234,-0.5240912422983826
8577,-0.005896575102715615,-0.4643906972930045
8578,0.012307875366098885,-0.5532612943008146
8579,0.12028901217412044,-0.5834598661863178
8580,-0.15323358484494948,-0.5076971896974324
8581,0.39490647460633865,-0.5135015229904114
8582,0.6931558676079355,-0.2704529960964281
8583,0.09150198474942407,-0.32933747032492483
8584,-0.05706573741471922,-0.3996248151146195
8585,-0.21269109180891826,-0.47646485603301614
8586,-0.23068997688164217,-0.5219411569929668
8587,0.2642556796053502,-0.5222544970399318
8588,-0.10492060903941895,-0.5146355735605596
8589,0.4808889484236872,-0.4421167989084429
8590,0.620059915084435,-0.2542695340924652
8591,-0.4625042271834242,-0.41565757392028013
8592,-0.29451845481329364,-0.3894824410887749
8593,-0.06130158758520956,-0.5508328976592629
8594,0.3687786580429774,-0.40505929678257274
8595,-0.05437005310534795,-0.5233445869548496
8596,0.031231481673745582,-0.5059248301673563
8597,-0.26416191155415797,-0.5141120969316674
8598,-0.2220090493796541,-0.5377919481670898
8599,-0.18314068250148013,-0.48947758977542755
8600,0.15431441540935176,-0.5271666301917343
8601,-0.19518316013988235,-0.5987866394251838
8602,-0.08275776891035963,-0.5833788933279347
8603,0.07533985791267683,-0.5311856153750482
8604,0.22124934538254776,-0.5455824560981817
8605,0.02483310622018428,-0.5987007330490074
8606,0.4699508060375878,-0.5058518638181457
8607,-0.15977746621215186,-0.5673162819386793
8608,0.20191433700306666,-0.5743059530116996
8609,0.15206567841901822,-0.5527563362278871
8610,-0.17536500279508718,-0.5772185037106315
8611,-0.15346831005200956,-0.4848068345526037
8612,-0.16826030738906933,-0.5971035837059782
8613,-0.12923665774992724,-0.5838065124580559
8614,0.12841583169906723,-0.5365899525119404
8615,-0.09590997403339163,-0.5429709226035804
8616,0.39540107150070647,-0.42435397539766634
8617,-0.2513239413137606,-0.47716494727968584
8618,0.17017906915573047,-0.5565172651760548
8619,-0.25961573371329355,-0.5797963391181017
8620,0.07892372922509222,-0.5474394460766587
8621,-0.3191711287392209,-0.585093903334693
8622,-0.10547139990170407,-0.5907273868475633
8623,-0.33152026090322767,-0.48094463779634006
8624,-0.08557665276690796,-0.5733903508011837
8625,0.32543985244385026,-0.5471575049017381
8626,0.04265304883747892,-0.58635484174982
8627,-0.06437324318906891,-0.5489046019181669
8628,0.1154214594663696,-0.5832794127517981
8629,-0.3851383097203181,-0.5817472231185156
8630,-0.050947180318573294,-0.5655839494339631
8631,0.21855096047981004,-0.5291248919754309
8632,-0.12387210821705423,-0.549295321445487
8633,0.056921770338658875,-0.599842052165193
8634,0.07809644248713006,-0.5720127172661331
8635,-0.05484415082814127,-0.5533616527132197
8636,-0.07000340889851434,-0.6149263122132798
8637,0.12112435528421932,-0.5821110348017197
8638,0.2020665786405027,-0.5916314260402229
8639,0.08255268824493235,-0.5536343569175889
8640,0.08219237005400834,-0.5452856184439147
8641,0.057915768539747114,-0.5725137973745221
8642,0.13940666987173167,-0.5557087440078723
8643,0.050324089929903885,-0.6151495285596954
8644,-0.08885327620919713,-0.5543103371300419
8645,-0.11346148986951834,-0.5527151369742184
8646,0.22709938052473766,-0.538335013218241
8647,0.08380322643898291,-0.5018636265335841
8648,0.04519218712076445,-0.5796164266821415
8649,0.6295533977709968,-0.4521356351506508
8650,0.045412462404930055,-0.5627978814678247
8651,0.004910816868385579,-0.45784167641416273
8652,0.24041929965481385,-0.5192037782891564
8653,0.3145307544381175,-0.37490017595270736
8654,-0.3221706711847338,-0.47180411780668613
8655,0.5856255876011369,-0.3804012315852668
8656,-0.14177366149731965,-0.4289081250045147
8657,-0.39635776218533664,-0.4423440666314989
8658,0.34368883717302073,-0.33746464681209765
8659,-0.31175490163798913,-0.5037414774961276
8660,0.14213301943164758,-0.4891024204186148
8661,0.21973463284010084,-0.5122261891829331
8662,0.5720046940899569,-0.35182483705297063
8663,-0.6787194574705965,-0.3488197126117201
8664,0.1930838271787612,-0.5605725957530477
8665,-0.39318854227634875,-0.437825466979551
8666,0.5573532390993734,-0.5199079288457356
8667,-0.06502142805015933,-0.49212898053944587
8668,-0.0698477280480899,-0.5537022380230393
8669,-0.07148663515558398,-0.44386029180500747
8670,-0.1650462217668308,-0.4427799769468611
8671,0.4578338050701477,-0.5293472589533403
8672,-0.2821225775223543,-0.5044402556108996
8673,-0.8481817347086191,-0.2834262876501766
8674,-0.01887073337927778,-0.3182278321693758
8675,0.11047374348646019,-0.4140616926136298
8676,-0.16488245858684242,-0.44935880545016843
8677,0.05521962190584063,-0.513602354773008
8678,-0.42056787478818036,-0.4150403434371887
8679,0.06218223233091622,-0.3832424937898367
8680,-0.27791402361146933,-0.40558397827763143
8681,-0.06877888105835049,-0.4504396397234067
8682,0.3603227249959205,-0.36962907479112106
8683,0.029444450091451833,-0.4908590275720215
8684,-0.2986053354312604,-0.5335462951699926
8685,-0.251999569222618,-0.48469302014303817
8686,0.621102539474973,-0.5201960609286767
8687,-0.23249537252897476,-0.536883419334702
8688,0.5058625064452706,-0.4935572357178863
8689,0.20148000594938942,-0.5251532604294058
8690,0.031083065909758182,-0.49926771255002866
8691,-0.24442593835504894,-0.4618274338432809
8692,0.12385634119688468,-0.48249362743900415
8693,-0.4726241854643196,-0.48686322924339054
8694,0.06625102423742636,-0.5701511018415335
8695,-0.10646569220852171,-0.5093593115994157
8696,0.14046526148045088,-0.5752416009976783
8697,-0.2407728705713936,-0.5868685231697555
8698,-0.22908527175650564,-0.5979793434339126
8699,-0.06330578013689565,-0.35362406452068657
8700,0.49117112548871267,-0.5076247921636702
8701,0.5078849930536782,-0.4837953089217725
8702,-0.13611039379453327,-0.43104949263301284
8703,1.0786958537773272,-0.23629277534397838
8704,2.234794441287679,0.6276226804347073
8705,0.21353693459064155,-0.007933983413732554
8706,-0.19284537066539628,-0.12706748022370568
8707,-0.19195743459461903,-0.16608159493463026
8708,0.8747250191793001,-0.2121154360432698
8709,-0.6668645538213779,-0.12786977657979784
8710,0.15293552654000275,-0.331319688396813
8711,0.07973562575965203,-0.221313626471533
8712,0.5607194069308337,-0.06711530455044379
8713,-0.13363581586482798,-0.1738312093636769
8714,-0.11806017727321091,-0.357251759827026
8715,-0.7927432786262573,-0.22901569423983786
8716,0.15513490577568742,-0.415108329302993
8717,0.304253268867121,-0.4215569745095571
8718,-0.6629195280496599,-0.44959231864983146
8719,0.20603314745106158,-0.4920608626823592
8720,-0.2772754224626464,-0.4465578718783711
8721,-0.03440588326735609,-0.4249144479724661
8722,-0.4866927806559843,-0.40714069868805763
8723,0.004586245180730959,-0.5316663284001484
8724,-0.3054466337643758,-0.37863747014519983
8725,0.4965087031767374,-0.5055052243303194
8726,-0.14939872634412837,-0.4631613566771739
8727,0.062352948577488215,-0.538933692793135
8728,-0.2962106262683157,-0.48202003856051207
8729,-0.4825137335155476,-0.37824848865204125
8730,-0.009256101071233543,-0.5085687057356839
8731,0.2744642544412966,-0.5323895218921094
8732,-0.3587898588535749,-0.48603598981535123
8733,0.25955502260432883,-0.5430641511585526
8734,0.14841689944868552,-0.466659527165273
8735,-0.10300871090969269,-0.5340916302664372
8736,-0.2156533184994325,-0.47862885554786117
8737,-0.9625913903090252,-0.26727418330285707
8738,-0.6270647867968521,-0.09261949449714434
8739,0.3068514482049645,-0.32339721611428573
8740,0.3863984298978734,-0.43169405362512375
8741,-0.029394645766004184,-0.5020765180186
8742,0.03482077695974833,-0.5458757597209868
8743,-0.19719003234245752,-0.4393098207200133
8744,0.027907306340181876,-0.4178108725064671
8745,-0.4670387692137088,-0.4261329188901097
8746,0.003599695940227444,-0.43139172996833963
8747,0.3745345713717424,-0.4251236692785855
8748,-0.03753290546340436,-0.5390348521277981
8749,-0.5765643149640224,-0.3945875314903734
8750,-0.23240523724399695,-0.4071724469407612
8751,0.10914781392737359,-0.4892609991233748
8752,0.15941662002671053,-0.47023255938957853
8753,0.19427139674052119,-0.49913747158366606
8754,-0.020926137451636625,-0.48556491623633663
8755,0.2976181566191637,-0.4784181334024425
8756,0.2585525628414689,-0.3944004232319214
8757,-0.12119772278275148,-0.5688341934639939
8758,-0.3425384476196339,-0.4894684386378227
8759,0.09276193470237959,-0.551201534525153
8760,-0.09219589147580791,-0.45344477999799904
8761,-0.2652265905615427,-0.4405386313854614
8762,-0.2646302326472684,-0.3834190519196481
8763,0.4263952216600027,-0.4648538118045562
8764,0.8129685550635133,-0.22844109330185242
8765,-0.8035002839319969,-0.31698189615842703
8766,-0.2951086868917855,-0.4848320798995654
8767,0.0038579389147113917,-0.0557624737888346
8768,-0.07603168046372795,-0.300201876953451
8769,0.09427073516240789,-0.28045277783764466
8770,-1.388219673524656,0.14232381556029894
8771,0.1396857210798585,-0.2368157502816027
8772,1.1904050378225797,0.12519164032527116
8773,0.3226920102139275,-0.06756677929966201
8774,0.7415825084425546,0.021353171548237796
8775,0.38715764553125975,-0.21396904040916184
8776,-1.0246392584099917,-0.23683774339298425
8777,0.5508403999879419,-0.3988933468414275
8778,0.41418480630070537,-0.39556948896826943
8779,0.2508330821694243,-0.2358489234833397
8780,0.06319965271628628,-0.4772611535111458
8781,-0.028070058604309688,-0.4321042377255736
8782,-0.5428765095219265,-0.4227673327406116
8783,-0.39104958071337315,-0.3727778321141916
8784,0.2849387683706667,-0.40321398054974633
8785,-0.4590872946690036,-0.368810646536976
8786,0.07893693667933473,-0.5009121029154088
8787,0.7481935371369971,-0.36164620214806953
8788,0.6937859066339863,-0.2819358216597311
8789,0.0169696513903109,-0.24801922912725516
8790,0.8162232397201452,-0.12322865967510904
8791,-0.5499272976028304,-0.30690167142381924
8792,-0.09983504513239444,-0.3197924936493421
8793,-0.14249927187047937,-0.45700752676400874
8794,-0.10265851888472025,-0.3897192311114313
8795,-0.318974520117228,-0.3387311834636514
8796,-0.20925650225648224,-0.4688037126138878
8797,0.003259394851378648,-0.41210347730943503
8798,-0.7879032930067631,-0.2776909637283799
8799,-0.10005105388951938,-0.44353984172124006
8800,0.2296609188298079,-0.4653477924591251
8801,0.10588496627704638,-0.4880033123503894
8802,-0.5420420561522791,-0.3967804599743427
8803,0.4290067103103308,-0.4420363968456915
8804,-0.3950524190872451,-0.5143484176361957
8805,0.07207217977116834,-0.5336542069384589
8806,-0.23287263951570727,-0.4719374160106334
8807,0.5424517423054591,-0.42402707384159605
8808,-0.6987059660909418,-0.33575998383100447
8809,0.39618052677211674,-0.37059173872820456
8810,0.1989726537163695,-0.5192589553162623
8811,0.5566887683409426,-0.4148476829697049
8812,-0.2241560339004953,-0.37133084944538314
8813,-0.26788558936277085,-0.4432620776015803
8814,-0.43177099321321477,-0.5010445215686449
8815,-0.033710838457410124,-0.43944822331211364
8816,0.30444892468181345,-0.5180537908596884
8817,-0.5117090005068333,-0.40173862016046197
8818,-0.5070806976526009,-0.4204828096382673
8819,0.01186526674648981,-0.5225394598216763
8820,0.45149206396732117,-0.48336957355380245
8821,-0.16657679835809652,-0.5250277903249227
8822,0.18492621046464539,-0.4884284877479474
8823,-0.33152481847479226,-0.5155329521743272
8824,-0.43487247702140225,-0.5015908530360711
8825,-0.19779140771371564,-0.5269626525463389
8826,-0.6040464879451717,-0.3200329242180053
8827,-0.320333911469622,-0.41096750503103724
8828,-0.3889169490740495,-0.3206378308106332
8829,0.09626980255085743,-0.22242893952391327
8830,0.3580108490851262,-0.47066519203645035
8831,-0.4427948897659465,-0.4969942938042429
8832,0.08505342746490091,-0.5149925436030047
8833,0.421269260066184,-0.5421577577687942
8834,-0.013323309045525363,-0.5050598031926301
8835,0.01440460725117548,-0.5603115075593103
8836,-0.1379811339434314,-0.06700695564141618
8837,0.05809178336663991,-0.33788149971387177
8838,0.49678012528510584,-0.3494280418466192
8839,-0.8155735490041132,-0.40493058708860935
8840,-0.01173743790768911,-0.3362059634498258
8841,-0.5865671160255107,-0.40666077855402954
8842,-0.09858056191367663,-0.4372280977556986
8843,0.13795630105868115,-0.41755335288559764
8844,-0.02943986248146834,-0.39621303572465977
8845,-0.24053394637587913,-0.2924459751146466
8846,0.21254294367181065,-0.4828765385286602
8847,-0.111177945488598,-0.4604396927661842
8848,-0.1436985497866762,-0.5077049056191628
8849,-0.04021550496215611,-0.3644183762276243
8850,0.282623444601663,-0.45216290556590866
8851,-0.6656622286866042,-0.4307285725639251
8852,0.3772293468173851,-0.43539183266129433
8853,0.08390579889309803,-0.41854487519101397
8854,0.055495490210212536,-0.4139560220560884
8855,-0.139709696919124,-0.44373968503447153
8856,-0.462083759866499,-0.35823716911653325
8857,-0.06210948150363692,-0.4164123634111076
8858,0.0644701193123608,-0.3776099507882662
8859,-0.4641381017117772,-0.21182641695574447
8860,0.5102275872691517,-0.09488312010709031
8861,-0.6456415011483236,-0.04548516442506689
8862,1.1242107439822842,-0.1945123057782332
8863,0.879518343836204,-0.16082739259902137
8864,-2.0189729570200217,0.15921284342530026
8865,-0.740485931119386,0.18031827746469273
8866,0.3254147243309368,0.06562899950682993
8867,-0.4545943670104326,-0.1051065198770324
8868,0.4730527103950758,-0.39787778335588614
8869,-0.30119365879510357,-0.26495923713225406
8870,0.14716424821320617,-0.5383603965217327
8871,0.8276132340991981,-0.36188645112138657
8872,-0.3320000082284553,-0.4664691967107438
8873,-0.1241692483362705,-0.49396626568303953
8874,0.0820303879509663,-0.35383924184396515
8875,-0.11248620401317765,-0.3520583637074012
8876,-0.08634507676776709,-0.46816320951154905
8877,0.09154441481602253,-0.4695231316313793
8878,0.0759853560988834,-0.5108697098757099
8879,-0.3129826182814683,-0.5140556496357216
8880,-1.0225665948687184,-0.17363454904536615
8881,0.11367345453516782,-0.40825946908050775
8882,-0.5408905539791118,-0.19561291082496876
8883,0.48087344407732246,-0.2002641370727825
8884,0.03816925517247906,-0.41775262308493577
8885,-0.651735549055208,-0.35191500794899117
8886,-0.32988738972870696,-0.4975357059150615
8887,-0.17791251480565587,-0.1054544666271349
8888,0.8687629328616371,-0.3719177930366314
8889,0.3140477222632965,-0.5278363020013619
8890,0.11964307022339715,-0.47108740896265705
8891,-0.2716768190406916,-0.4698303854955207
8892,0.6157932835293294,-0.39243024898055495
8893,-0.2778832354291036,-0.5538166352824786
8894,-0.1084069660482488,-0.5513136106094875
8895,-0.08359952422738492,-0.4591731903866279
8896,-0.23860567081719497,-0.5920106974710198
8897,0.42171297266918223,-0.5431385651889048
8898,-0.6222626704984832,-0.4999218894172723
8899,-0.6771780124583027,-0.41074084773453107
8900,0.40831284755506136,-0.5128819743241697
8901,0.1950367419633027,-0.5554309098672331
8902,0.26728070295448497,-0.547402588094894
8903,0.1916439833900255,-0.4476843872187945
8904,0.0008196244822595729,-0.5111453963291153
8905,-0.02275217513969667,-0.5679628326615199
8906,-0.7425572390063776,-0.4310706043963833
8907,-0.0073299979723120195,-0.5577379764746437
8908,0.8241567533424657,-0.11912879242700777
8909,0.5160390748487353,-0.4527929609185692
8910,-0.08481167022858942,-0.5077162589042542
8911,-0.4046439864454436,-0.5609898581205438
8912,0.3626467937593888,-0.5191360320285795
8913,-0.08091868966384463,-0.4682153279286817
8914,0.4409682440890532,-0.4851268129090881
8915,0.5394743249726593,-0.42350064602558024
8916,0.3718756620180061,-0.3672534884985454
8917,0.009135656793400598,-0.5066256839656929
8918,0.05341858571259367,-0.49367288826589356
8919,0.04088435674931997,-0.44927685642832604
8920,0.1832436601348799,-0.5060736731453029
8921,0.07727333138121645,-0.5082344873957186
8922,0.4380530779487247,-0.47512468156643545
8923,-0.32503292219998275,-0.46420598307356065
8924,0.2975555906520132,-0.44157971852235517
8925,0.23847712274317837,-0.49126498981449007
8926,0.21207880461170223,-0.448550920344805
8927,0.30655949001587063,-0.48772374729915746
8928,-0.36878652056207273,-0.4154120921368021
8929,0.8418879483836923,-0.5101855782195964
8930,0.3438688776767141,-0.3702422425805197
8931,-0.43316596483129105,-0.40997439958483867
8932,-0.22109224655292917,-0.48073856495820594
8933,0.5504975963731592,-0.3991082172357746
8934,-0.08593231980433064,-0.5406029815663594
8935,0.5961624272816819,-0.3394643467641158
8936,0.4315150992113415,-0.32770461615267005
8937,0.0663098062496032,-0.3717427100765818
8938,-0.14645823005152275,-0.2408304559212761
8939,-0.17806813656796303,-0.36910938321532233
8940,-0.27711827708601255,-0.4797343382869634
8941,0.2201330779990465,-0.4992595087638746
8942,-0.2032134485155516,-0.5122759044021218
8943,-0.015418536718166453,-0.48358364629729056
8944,0.2388436975743362,-0.550712757041056
8945,0.33656356474315396,-0.46931064901046843
8946,0.051036234988686466,-0.3837310658131091
8947,0.1779325737892786,-0.4249938750193123
8948,-0.28764618910058504,-0.5266963530639652
8949,-0.49066030152938594,-0.4047967261384675
8950,-0.19456696243788738,-0.4411048617397263
8951,-0.3124296863012777,-0.4833871625948826
8952,-0.23571955768102523,-0.3856514965278731
8953,-0.4644674869950576,-0.3783531823173618
8954,0.45640612563874927,-0.5102480346544961
8955,1.0507954566730906,-0.2640090404714089
8956,-0.3256936644356198,-0.4868259210251373
8957,0.5965040814023986,-0.3876852758206559
8958,-0.047340078992928775,-0.31466192497363293
8959,0.62062207065735,-0.30712068496551553
8960,0.19330194343424822,0.03631927855804171
8961,-0.4209090429796748,-0.2560168472840149
8962,1.2554995994555638,-0.2208401481089605
8963,0.97545159456366,0.43211803701287566
8964,-0.050387353107120746,-0.10050954818341178
8965,0.49377569319786563,-0.2856905608711245
8966,0.8469968239232402,-0.006966309868839493
8967,2.0786291808936865,1.3965284525967199
8968,0.10043998279745767,0.7558406989133538
8969,0.8959164935522809,0.5704959925052053
8970,0.21442361925702857,0.40514100624511806
8971,0.08866391709057644,-0.04599898675165782
8972,-0.18413975057830412,0.060707273829693646
8973,-1.1818656689547216,0.6421804749485539
8974,0.08169120681627726,-0.08138472747013019
8975,0.2601097326968496,-0.18352219089688118
8976,0.49034589776909504,-0.304811607597475
8977,-0.002249791437703151,-0.2763600422908698
8978,0.27707144419051183,-0.21000414304472467
8979,-0.24841422812448194,-0.09568654694139327
8980,0.18420088254565112,-0.30693411879848304
8981,-0.5287045762944764,-0.18979701793615106
8982,0.860358094569662,-0.12535863862646313
8983,0.054767931362605805,-0.21844384590115096
8984,0.30361705077639056,-0.17684858466603878
8985,-0.3765067608720106,-0.33536787143002683
8986,-0.5784279904834718,-0.3330245988678429
8987,0.43746206697576673,-0.33646909165279804
8988,-0.33528872710927893,-0.3420513498096335
8989,0.1682166283892966,-0.2757097717636063
8990,0.5164300603135126,-0.2920982889834822
8991,-0.2701578593016788,-0.09031411503128102
8992,-0.030235158451776937,-0.4847182210692089
8993,-0.0582849520754522,-0.2807947158646878
8994,-0.3019156511790985,-0.4920031717312626
8995,-0.3916305421850897,-0.42599061382844067
8996,-0.6772671676508417,-0.11594221573834501
8997,-0.8962426269075963,-0.08476848108236322
8998,0.17832739450127588,-0.21497645113905653
8999,0.412101883637654,-0.23857370463223723
9000,-0.3399743251723723,-0.34205773815232027
9001,0.8488985032133526,-0.4011517070720997
9002,-0.41911534284012836,-0.4781170476809707
9003,-0.0944536192293724,-0.45304978466724544
9004,0.6133914440921272,-0.3263418370036129
9005,-0.19935810652985558,-0.5246124926384242
9006,0.2531453671970412,-0.4649737132762018
9007,-0.5931961992530573,-0.4853117382624895
9008,-0.8199611913025588,-0.3920285911352602
9009,-0.2334823335518148,-0.46559871055521934
9010,0.712207804082135,-0.4367676021875467
9011,-0.18218143034428777,-0.525036938028803
9012,0.4777161912251539,-0.4004558683504753
9013,0.1113546498391675,-0.4949766536737626
9014,-0.5152590636097832,-0.49895661176262995
9015,0.5841864124186068,-0.4563010769479291
9016,0.3244785719952396,-0.5463618935979395
9017,-0.0758906711898734,-0.48781662606726206
9018,0.027170160887800925,-0.43405828816387504
9019,1.0382097433082729,-0.08752694709964384
9020,0.4074773419994582,-0.3465024450830878
9021,0.5700139291627007,-0.2636410920692718
9022,0.28360806553726736,-0.2551373402209288
9023,-0.261280762625555,-0.29682041574734674
9024,0.6586013257685723,-0.30583174148948133
9025,0.07979542304468294,-0.33787453080849117
9026,0.03979334040338179,-0.382988279147434
9027,-0.5927726308764182,-0.3007785364880251
9028,0.29057441795178196,-0.36944601182909464
9029,0.2277464360227008,-0.24185295016430455
9030,0.10265732141643229,-0.2679660157264724
9031,-0.18483762173087137,-0.18606052050260746
9032,0.33881088587411545,-0.34785152466606045
9033,0.021562962400138587,-0.26160502040249217
9034,-0.7035542231374082,-0.2926438485992933
9035,0.6999263537498027,-0.29059531880104156
9036,0.26163059167745356,-0.23815846872814214
9037,0.763497490640696,-0.06984801710701112
9038,-0.6004809918926722,-0.06549730915450348
9039,-0.06916895804847574,-0.3912660218381401
9040,-0.618076587114679,-0.020436118085289244
9041,-0.004658503147371255,-0.37197761484258557
9042,0.07928841992772404,-0.4746240315584186
9043,-0.5026834154253773,-0.3754010784718315
9044,-0.3541492815776575,-0.37575027645133874
9045,0.2083102428947585,-0.37234679425932926
9046,-0.04703515190940075,-0.5228063426422513
9047,0.222094141098541,-0.16021846825300293
9048,0.3363738550856531,-0.4137978887140449
9049,-2.4988496148248664,1.3867064576456658
9050,0.43098797408535366,0.020962537090667636
9051,0.2445733381327841,-0.06987851605535121
9052,-0.3747704508288825,-0.28875866524218446
9053,2.3460977281161344,0.6450342288136277
9054,0.5347660762395458,0.6287260836710262
9055,-1.118850327453126,0.2728613700886014
9056,-0.3351990539709171,-0.10343763536931104
9057,-0.17136719600847222,0.034616286173031426
9058,-0.33337634137708755,-0.3623494139122713
9059,-0.9950154614526033,-0.0015036066335820178
9060,-0.13382340421280098,-0.2581709526021645
9061,-1.1354506999749945,0.44041104874610093
9062,-0.6979162521649077,-0.15330398882463755
9063,0.9325253616530836,-0.12829921153650722
9064,-0.5315976257045084,-0.31821439312562844
9065,0.5017631004276911,-0.4471313346975842
9066,0.0711015403321007,-0.28060149722490413
9067,0.831685151598575,-0.4360313503519995
9068,-0.3741658884731817,-0.4037491532398403
9069,0.17256449434554705,-0.5068530623602513
9070,0.04252762145086239,-0.5533268411920708
9071,-0.07864217415811256,-0.3974187597534498
9072,0.4914503921527632,-0.5066249613611947
9073,-0.010933809561525657,-0.5172936363831429
9074,0.09569035677508647,-0.5544343750290881
9075,0.211117395950055,-0.5577799439166815
9076,0.25983772694770063,-0.5474995329589515
9077,-0.15570037762633743,-0.5107228077361727
9078,-0.13081824323108443,-0.60244075867971
9079,0.20544390562793946,-0.5408533214146691
9080,0.3115725341158831,-0.5194146372468843
9081,0.14339087108949955,-0.5593503545305782
9082,-0.03991167904009443,-0.49915669254819783
9083,-0.2741363847772031,-0.4140872252256273
9084,-0.024409878098044565,-0.5541581576198623
9085,-0.028963557126225215,-0.5367259494175137
9086,0.1736039599301289,-0.48968674552085456
9087,-0.028166581252297193,-0.5013239296131085
9088,-0.1953971051213442,-0.496159131368878
9089,0.049478069932645655,-0.562904169725371
9090,0.20047894699957056,-0.5495119491291952
9091,-0.3046969957211297,-0.5418255850196964
9092,-0.3144624458957121,-0.5073638986942269
9093,-0.08577432309124233,-0.59803495525153
9094,0.15006237787209248,-0.576844403269143
9095,0.2367049933853178,-0.5032800341492507
9096,-0.39583530074418205,-0.47710011704170524
9097,0.4879792761322408,-0.49782700137061736
9098,-0.42686393377949233,-0.5212722085080603
9099,0.4463198413058063,-0.5799141143302208
9100,0.12496232619121415,-0.5095540099734054
9101,-0.3541735151977784,-0.5218417758526123
9102,-0.10131528979787692,-0.5515711275517924
9103,-0.4116024550824504,-0.4265809548007377
9104,-0.17514083518535356,-0.3573316314053338
9105,-1.0362360925246423,-0.2657159208643961
9106,0.13045693445323464,-0.3376430360187557
9107,0.3042305295084879,-0.46802291716019667
9108,0.46381390851922494,-0.4474615489761531
9109,-0.0910213128896119,-0.5735205208942687
9110,-0.28059456970903107,-0.5552338676632158
9111,0.14432996980666885,-0.5972476310902002
9112,-0.31214423255513396,-0.5369971217075695
9113,-0.5563918981998389,-0.3876716094163511
9114,-0.3918661498274866,-0.3675169831827881
9115,0.45557273236606066,-0.40261115885902543
9116,0.09457760679950719,-0.5530831780508081
9117,0.20806075081918018,-0.48573214068432363
9118,-0.29493994899202003,-0.4015293054707596
9119,-1.0668820555273206,-0.15535216166888358
9120,-0.02227992439462111,-0.37202518263852635
9121,0.2365569720673,-0.42879676611547046
9122,0.09074281165450887,-0.5155144131354967
9123,-0.7580435247943083,-0.3434975485869435
9124,-0.3837720656106543,-0.2612763215023561
9125,-0.04207967226441437,-0.152315669680351
9126,-0.5455010740278184,-0.2338075794067218
9127,-0.857461115245313,-0.08825016771713007
9128,1.086136565308529,-0.15822738014305704
9129,0.5743348404955687,-0.3447650840826233
9130,-0.31869691707594966,-0.5052920126478634
9131,0.413793341447248,-0.45045156097462713
9132,0.3614611442989761,-0.3874309461235716
9133,0.07787540314745699,-0.43407333671195564
9134,-0.16654521131460048,-0.41573070804052303
9135,-0.04363426762858791,-0.5558869829084805
9136,-0.24716075227350612,-0.527031407442786
9137,-0.1778327075734273,-0.5571812265811477
9138,-0.10164271021393391,-0.48836228164498335
9139,0.2813986767014096,-0.47045355562337876
9140,0.3357309635890666,-0.4958801453350449
9141,-0.19256751191538965,-0.5623253887521177
9142,-0.2724263402440798,-0.5317274209696118
9143,0.0733745985563555,-0.4822046612071714
9144,0.13110374989779464,-0.5208444185327832
9145,-0.43609061693248863,-0.4997506399804589
9146,-0.09427235897216406,-0.4750144385155676
9147,-0.47433708704283556,-0.39535151228389365
9148,-0.13590252063138386,-0.2954381571023209
9149,-0.6056729137834761,-0.0536500132840303
9150,-1.043427564915125,0.10667987014864501
9151,-0.7363641378055185,0.2325115512480488
9152,0.9316074966789057,0.20161905364286306
9153,-0.08339638759465182,-0.223976543273611
9154,-0.5353081947010229,-0.34669318559336615
9155,-0.6132684687251281,-0.3341914838752708
9156,-0.2897032526247636,-0.054613387344473234
9157,-0.18022431462624344,-0.25372520942633814
9158,-0.2873128186884475,-0.32990531535376855
9159,-0.8391899858623565,0.4234440922454698
9160,0.07463985132636482,0.10428986658245788
9161,0.129053926738011,-0.06691273900479502
9162,0.2575918819347276,-0.3521454125925469
9163,0.07224765827880224,-0.2629492813334616
9164,0.1560707713169052,-0.44824031492407074
9165,0.27750871465023264,-0.32641244512355505
9166,0.3693481643175812,-0.39752768877374645
9167,-0.47881209659489005,-0.2777438812671866
9168,-0.4785551105980829,-0.41094967464487686
9169,0.32271302810431945,-0.5053535409235482
9170,-0.42392183207294976,-0.3453572306259644
9171,0.45958414727053604,-0.40475717496432095
9172,-1.0647487703702545,-0.35765361091175313
9173,0.7828790253483185,-0.5232696790079391
9174,-0.17548892504737676,-0.5534758342093631
9175,0.6252412738845136,-0.49958004692188723
9176,0.20793529784291512,-0.4831865967267462
9177,0.12156430322645359,-0.5209351085370293
9178,-0.1378539897631941,-0.5387156269648682
9179,-0.18673725863508112,-0.49995395638708606
9180,0.3743182157842179,-0.5471944215526119
9181,-0.013224422265705103,-0.5531593344641749
9182,0.32613371924526163,-0.5342972227148671
9183,0.42454997174384596,-0.47727421375577556
9184,0.22706342679616648,-0.4391603553791467
9185,0.42958298073334916,-0.4150417702925509
9186,0.11745225958017103,-0.5878204097679971
9187,-0.519935886880551,-0.39998794208176086
9188,-0.23419398304031636,-0.5680069761038576
9189,-0.42782872891885537,-0.4747889582461927
9190,0.1257541316431086,-0.5770543059016403
9191,0.3483735355741713,-0.467990042988084
9192,0.2633098655618823,-0.5189770145994496
9193,0.12287128803346432,-0.5692393414562913
9194,-0.0377387918307394,-0.5496093260004375
9195,-0.28435362247080603,-0.547319661043729
9196,-0.47868654901567365,-0.5327669376753588
9197,0.11141453944421958,-0.5451645809645635
9198,0.1773306026599503,-0.5819050673417995
9199,-0.3014457990815347,-0.5496866218928937
9200,-0.3598458942240334,-0.5728130828695142
9201,0.3723775372565676,-0.44799513556704557
9202,0.33300712031813223,-0.5487671677711914
9203,0.27417921542590534,-0.566932022050417
9204,0.30693491600458345,-0.5794276894723627
9205,-0.17734056039924456,-0.43249837086945103
9206,0.1691302856732959,-0.5230585496754573
9207,-0.33191232289156675,-0.49388314971293545
9208,0.8901193075265825,-0.43315892575827347
9209,-0.5053009155442623,-0.5599456627546456
9210,-0.4141778796777823,-0.5260242975485228
9211,-0.006731274774050009,-0.5733455213833231
9212,0.18563196786243302,-0.5974130137082877
9213,-0.14695186587764106,-0.5997199288078717
9214,0.3990443089645482,-0.5493263613084819
9215,-0.10740442201468356,-0.5764779867091103
9216,0.5378865350072114,-0.44010984265687675
9217,-0.04643532552193934,-0.5154127203272699
9218,0.3161291225828145,-0.5003693384493864
9219,-0.32602427920388133,-0.3853647251799762
9220,0.08198680179372551,-0.5568811197262723
9221,-0.39154941522543246,-0.5429456432134145
9222,0.0036001145817748706,-0.525831412544284
9223,0.25642493883340284,-0.4747027117707925
9224,-0.2691014902791086,-0.5594988985860446
9225,-0.5264329008879854,-0.4553310033477933
9226,0.15002059860623723,-0.48739197279660984
9227,-0.44783226310349344,-0.5437563252653752
9228,0.00441938466980296,-0.5558429499121714
9229,0.14771873659709475,-0.538809584623099
9230,0.650200687552416,-0.46256788373239993
9231,-0.03116953179857522,-0.5526325762784036
9232,0.08061470632918274,-0.5701555554861607
9233,-0.04454023173050142,-0.5832980288043018
9234,-0.2903837166977143,-0.5350267563845319
9235,0.239257727219302,-0.5745145482203191
9236,0.30383461205711054,-0.5771520410792071
9237,0.039206343547719104,-0.579859604494082
9238,-0.33944173308996356,-0.5441325300902815
9239,-0.26723793694097236,-0.5365094294855427
9240,-0.15579457273451766,-0.5641391924296552
9241,0.2473553619155843,-0.5637693742954332
9242,0.2964725187236595,-0.5708177208986633
9243,-0.1238024197768695,-0.5786041488804595
9244,0.3495817567331279,-0.5671411753382676
9245,-0.19940576300042687,-0.5714443251540574
9246,-0.25031435419472997,-0.5840112073819883
9247,0.00957428979892796,-0.5917172669222988
9248,0.1605954481570731,-0.5231031355915331
9249,-0.20452191221563662,-0.562358832515907
9250,0.26879642225507094,-0.5690587025567104
9251,-0.02397115741948996,-0.5483051242762312
9252,-0.3336510462240562,-0.5616648982077755
9253,-0.082953772707515,-0.5549023822153453
9254,-0.061390867793097416,-0.5256604014506351
9255,0.0848960135396902,-0.47626954291129936
9256,-0.2859820496921203,-0.5419888690632784
9257,-0.44377988200848495,-0.4458747440054871
9258,0.6207933069093664,-0.45768064064516667
9259,-0.31276912245968935,-0.45992013317182445
9260,-0.13953324151269325,-0.547284252790062
9261,0.24288709926478141,-0.5624750475350234
9262,0.16914470314376676,-0.547726000867441
9263,-0.4166193655548391,-0.5342807845506287
9264,-0.35216229033616797,-0.47763630370454085
9265,0.16538358791300356,-0.5825287542462344
9266,-0.06874133014874052,-0.5734577747811891
9267,-0.19471263405938832,-0.6041115306597326
9268,0.6125092313444859,-0.5189980014324548
9269,0.23279286001793573,-0.5825167457157232
9270,0.12443448994101297,-0.5481882337854013
9271,-0.20961667248122573,-0.5284607497646637
9272,-0.19281600067135218,-0.6006877025914612
9273,0.43729158256091805,-0.576793170510738
9274,0.27585713600532447,-0.5566116534734726
9275,-0.2525179583262557,-0.5483472829618179
9276,0.2257732280081395,-0.5770283419454594
9277,0.13809992214649713,-0.6053006161812593
9278,0.0024970366133252662,-0.5934225939882818
9279,-0.18163945095097414,-0.5814439869016838
9280,0.1021570610391103,-0.6104717773443603
9281,0.14677615593817464,-0.6109009223619825
9282,0.17735171172429384,-0.6072473650122602
9283,0.1749077542983651,-0.575305219858183
9284,-0.21861506703281347,-0.5626704580089178
9285,-0.003036040899139468,-0.5796148985134144
9286,-0.045931111253921936,-0.582863490343047
9287,-0.25599611083303997,-0.6037212430106937
9288,0.20690061761208836,-0.5745340520861635
9289,0.09452751001701737,-0.610788349909285
9290,0.009434529349868798,-0.5785794356894661
9291,-0.24883183230692943,-0.5587450889135549
9292,-0.2774341867411779,-0.5261130355114205
9293,0.19238171043746882,-0.5600487901007388
9294,0.07289029334606982,-0.5936536159034549
9295,0.13006630686825216,-0.5589258518576296
9296,-0.3128337272276726,-0.5877073595956701
9297,-0.12111421550294278,-0.5841716997989699
9298,-0.2724575558332698,-0.6038974226095036
9299,0.1202790278146387,-0.5755158790869432
9300,-0.15836892962136379,-0.5811071155459256
9301,0.13495658077979245,-0.5932936092305856
9302,0.13812551793445074,-0.5777335970214516
9303,0.19709334089682176,-0.5404362421077277
9304,-0.31762531665059807,-0.5810123048426664
9305,0.05284471196166966,-0.6084728733899529
9306,-0.05290957778337423,-0.6097738721965834
9307,-0.06848944597009417,-0.613492538482936
9308,0.09989481841384638,-0.6126654093428457
9309,-0.20930518415464788,-0.5568973484539632
9310,0.021042343495080267,-0.5803056529886375
9311,0.33359281784991185,-0.5580084254809482
9312,0.16160532557641308,-0.4283568812629795
9313,0.1418694917216747,-0.5556881229916101
9314,-0.0008180286735421756,-0.5502034725020805
9315,0.06253022796096733,-0.5739144206448076
9316,0.033184795576941595,-0.5576588677066228
9317,-0.2659282599858342,-0.594766242624404
9318,-0.037756765590219545,-0.596672829265268
9319,-0.16062859828306866,-0.591709285341823
9320,-0.2670213015525393,-0.48238254678210124
9321,0.44554726897440133,-0.5244865475756761
9322,0.057588606850379934,-0.5087075495235159
9323,0.1515138321798931,-0.5679565057783427
9324,-0.06352890017684833,-0.6168552300705205
9325,0.11523952254940459,-0.5751750590472726
9326,-0.670609925565309,-0.433679491818935
9327,0.1720052514082813,-0.43711638275525627
9328,0.32174689998844075,-0.5041569099546026
9329,0.40639786668677186,-0.44457884689373317
9330,-0.11432205314315286,-0.5656846544233538
9331,-0.16920130108351816,-0.5030121624265576
9332,0.1403945802564709,-0.5882306248801102
9333,0.20868556001291072,-0.5506215012773826
9334,0.26160292032534044,-0.5241468900513063
9335,-0.20166533446018112,-0.5115910821032121
9336,0.07949367231201131,-0.50783755643983
9337,0.47251057583321293,-0.46241042175337527
9338,0.49789839195228225,-0.28216561797519807
9339,0.008561290670218352,-0.3730021875158447
9340,0.700442163653542,-0.24357263654733077
9341,1.0423272911258314,0.2350329321833318
9342,0.46793453355493286,0.2903261811578417
9343,-0.37055867208531745,-0.11058537094174722
9344,0.09683086859808342,-0.266067935207835
9345,-0.6267491853330097,-0.12194068599020369
9346,0.6424268262445983,-0.2848247545777442
9347,0.14107585858611243,-0.2515970008934941
9348,-0.32465733165555893,-0.428265106489216
9349,-0.18329656304112565,-0.43096986886893657
9350,0.3243950488846775,-0.467839564093965
9351,-0.21130689879115835,-0.23143126315268456
9352,0.3326318500094967,-0.469196878391434
9353,-0.18338080988601443,-0.4626060348628759
9354,0.4953663533900595,-0.5012795521332475
9355,-0.5351369461896279,-0.485190189630979
9356,0.29134612465073645,-0.4992413256100218
9357,0.1520005969749822,-0.501437862967925
9358,-0.19165122419181058,-0.5460288932836099
9359,-0.29219245432551316,-0.531549433232646
9360,-0.7525912649356269,-0.3349161211643096
9361,-0.5288346671999997,-0.37505205750008247
9362,0.27179726890987926,-0.4617055724881874
9363,0.36195650037315974,-0.5256478739159848
9364,-0.12839209991357647,-0.5697176182103031
9365,-0.3441931535288712,-0.5372747760742551
9366,0.5519307346636502,-0.45205693557122584
9367,0.7518875960613117,-0.43044409858399274
9368,-0.24180736695201932,-0.49548010463686126
9369,0.12744489278812937,-0.532157954966506
9370,-0.35160070704442825,-0.5242904239685187
9371,0.7265702269770347,-0.4774795614279436
9372,0.8910424854292323,-0.38484876319176736
9373,0.5816291187264291,0.1895033202706948
9374,-0.787283198354467,-0.2762630879132428
9375,0.7574887623073235,-0.16525503753019774
9376,0.00537545135781477,-0.34798065440471504
9377,-0.31016209505575043,-0.42835573663122867
9378,-0.214584667160572,-0.5475963762306566
9379,-0.4159349735948462,-0.23982942941269997
9380,-0.5479180674403059,-0.4309688232104861
9381,0.3079239765091804,-0.4885631544999686
9382,0.08444203239069062,-0.5673710019404801
9383,0.13088312986159772,-0.5397312242467586
9384,-0.7536514893728361,-0.4770952699191554
9385,-0.4672528489479789,-0.40087062900983395
9386,0.17499067735190563,-0.5358018554612801
9387,-0.3955795467166813,-0.5306760491024098
9388,0.40261462730370035,-0.5023953840088968
9389,0.26149044613925115,-0.5553078074247854
9390,0.1201686987425179,-0.6045439601518712
9391,1.1593141296119454,-0.38045911431030915
9392,0.16762347810857528,-0.4528317073711965
9393,0.3261974313614089,-0.49123518543532424
9394,-0.5528202569600363,-0.4886818580521045
9395,0.10489263768436877,-0.5422468452389619
9396,0.647058261890915,-0.39522388243112616
9397,-0.23885892605443157,-0.5005612560202336
9398,-0.5380576785104622,-0.4488781096851634
9399,0.03158639174632492,-0.5102958496677082
9400,-0.3282559538127268,-0.49520157264495307
9401,-0.18719551677883361,-0.5391347858930967
9402,-0.05849372412058551,-0.5843055035049532
9403,0.05778889971355983,-0.5685527805712894
9404,-0.10765186131206599,-0.563087553558701
9405,0.19563498541650715,-0.40557928881568583
9406,-0.24887710401953628,-0.5258752900488504
9407,0.061584403247126523,-0.4774006460416566
9408,0.1409980894280641,-0.5752189914916913
9409,-0.9479646588501802,-0.41496024707280565
9410,-0.12435261236278491,-0.4727367260393609
9411,0.401965472490969,-0.2738347289441294
9412,0.07309415760696295,-0.5215306773831885
9413,0.1318794429038584,-0.45690184580218585
9414,0.3632390918033584,-0.3773142340603919
9415,-0.3645415300477888,-0.40742371675758654
9416,-0.05840717532128947,-0.472720884956194
9417,0.3546380596424646,-0.4945361950751225
9418,-0.06336299187967283,-0.5186711079292516
9419,-0.3586728656491723,-0.49374791668241036
9420,-0.21970516723203665,-0.5458054739533639
9421,0.11247982828334596,-0.4882825831151737
9422,-0.27583674780220185,-0.4864985211806033
9423,-0.047672179241001054,-0.34560881922260206
9424,-0.15278866794964857,-0.35693281482870215
9425,0.2730769460960302,-0.4595711114256242
9426,-0.25354926170733977,-0.5000435376867125
9427,0.07865708022309334,-0.4620706094231253
9428,0.27646533609112345,-0.3815267326222833
9429,-0.0003676611420585994,-0.4478724512121917
9430,-0.3199300352234825,-0.5426715577115667
9431,-0.5417314184403874,-0.4375679559209673
9432,-0.44817659493365813,-0.1703641310366128
9433,0.2818295756155655,-0.39033106789679717
9434,-0.26217539652008104,-0.4896701638193295
9435,-0.006106868184201195,-0.4601231212587132
9436,0.677890480807906,-0.09426616807287914
9437,-0.6609489954044033,-0.3344225466075982
9438,1.3223905564153804,-0.028267571801017865
9439,-1.3549027068551074,0.08306858019969428
9440,-0.010765147669338825,-0.3052334426877227
9441,-0.3644376864647681,-0.2458088174077671
9442,-0.031771895533005,-0.4331937761848289
9443,0.6793637978092363,-0.4109808814983031
9444,0.10044235785712097,-0.40880684254921545
9445,-0.24070692725815085,-0.4197827846132533
9446,-0.413200533374941,-0.26030912774287074
9447,0.07774911442172132,-0.257377528262266
9448,-0.7564910165147741,0.2583170196602803
9449,0.42822323868861906,-0.3129310821951644
9450,-1.0705846029605224,-0.2817121094268729
9451,0.4015452844222393,-0.2313823265434917
9452,0.1003788965325639,-0.4705025153744315
9453,-0.3669313321024957,-0.3189308432102242
9454,-0.07666634887037273,-0.45523859274705153
9455,0.3069551572620544,-0.5509700708963564
9456,-1.5702370512523347,0.07325354372047721
9457,0.648296607279424,-0.29749831766436485
9458,0.7618679749095277,-0.4246446206990099
9459,0.21609589152021516,-0.3540120253337331
9460,0.5030220046970667,-0.39397374702917703
9461,-0.44844395975647217,-0.41410461801296455
9462,-0.13527808543607825,-0.28065199237588
9463,-0.8293741574268536,-0.383915735320387
9464,0.09816938766270297,-0.38849658285785393
9465,0.03469465700681564,-0.4979912516811827
9466,-0.3931663432356922,-0.46421229267012304
9467,0.13398604188288762,-0.4533815831261962
9468,-0.7330029488201361,-0.2552394401473873
9469,1.0148822515474745,-0.32003546533824073
9470,0.3158765517750158,-0.4692514882091004
9471,-0.3254138486780345,-0.4305892163795554
9472,-0.4142836023335699,-0.5097868518987163
9473,0.5992028174006245,-0.475478131173742
9474,-0.1698818568952893,-0.5788894136943776
9475,0.5104202412547195,-0.4788499665756846
9476,-0.03945985590457504,-0.541635943161702
9477,0.13130750809594602,-0.506810201434946
9478,0.2704306644199082,-0.5039671472268663
9479,0.23448476608940555,-0.44652489894238606
9480,0.47771714884041866,-0.4167042762379318
9481,0.1384621148683731,-0.4326214259279572
9482,-0.9582120116103254,-0.11050086317600367
9483,-0.3426904836259795,-0.4382316685929626
9484,-0.3894772955354328,-0.5297169392539651
9485,-0.41934272333759487,-0.4911521859870971
9486,-0.18093228341388945,-0.4890341449616752
9487,-0.23467649185718767,-0.34869395955404875
9488,0.7941812639486213,-0.24613215344965197
9489,-0.790780590060707,-0.06529418473939273
9490,0.004185980345333674,-0.4673567305415835
9491,0.31103155330969906,-0.5657307898151325
9492,0.4584765522712988,-0.4652203414184401
9493,0.16025694188331183,-0.5445828994042275
9494,-0.10829190520776188,-0.57663235186002
9495,-0.3225859492995858,-0.5186707225199552
9496,0.07313090254515867,-0.5934535040565937
9497,0.425386152179306,-0.5384250040131947
9498,0.10702409065680274,-0.5864281169918626
9499,-0.20681415588265903,-0.5991032302352179
9500,0.3768568122310043,-0.5462686178792067
9501,0.12832334685874636,-0.5847515680166938
9502,0.09893970115064718,-0.48700073231556046
9503,0.12744969362848776,-0.37781688222677096
9504,-0.3796603755756186,-0.44074731847241716
9505,0.4480549032411381,-0.4007928939636716
9506,-0.16144506821701093,-0.5509338861506925
9507,-0.38916071331742064,-0.515534024253279
9508,0.15384919075077738,-0.4622932728569714
9509,0.23844563581809303,-0.5267068680763941
9510,0.5260535442367887,-0.4185953867878381
9511,0.29277381034636635,-0.4030187973474658
9512,-0.381108935039488,-0.4344033243766367
9513,-0.4025000488672719,-0.4349139541651418
9514,-0.02927169010133853,-0.5278212933344858
9515,0.33422725349488486,-0.5083641913081173
9516,0.19946059216487988,-0.5467054068702499
9517,0.26051186983117813,-0.4217487706503397
9518,-0.17017765549241987,-0.4194781508008457
9519,0.33860318112869725,-0.3318053234174044
9520,0.21817046014391808,-0.3714196759834042
9521,0.6786233486038528,-0.30913703577090373
9522,-0.1297669042965626,-0.44595730222900304
9523,0.48575272245961276,-0.21829518369058987
9524,0.05610586423277027,-0.4669290358251304
9525,0.0027428651488180565,-0.42129075803517535
9526,-0.42628817739285596,-0.4800233370926809
9527,0.304319988316423,-0.4962272766070673
9528,-0.36204777432280577,-0.5000109213778892
9529,0.22010742079713466,-0.508212823050457
9530,0.6541191553481723,-0.36536457576445147
9531,-0.3600932691746415,-0.501387850900726
9532,-0.03742881079450601,-0.45527881023061306
9533,0.22532302137899216,-0.40751524508024894
9534,0.07297779588069145,-0.11289136657040164
9535,-1.086360364467098,-0.15020273426612804
9536,-0.4000297000763997,-0.44126622371025626
9537,0.47579504563307856,-0.4326869505564834
9538,-1.1190883893519672,-0.1780886839708831
9539,0.2425490155760949,-0.4221331801145986
9540,-0.5378490169382227,-0.44960212046005277
9541,0.1763672691530955,-0.48978785670318753
9542,-0.12360716914523173,-0.4610216998317957
9543,-0.3871564640295535,-0.45442447713268747
9544,1.000437721148811,-0.3739724209656451
9545,-0.23610238567429276,-0.4149605472085041
9546,0.20967258025836555,-0.5518146795071646
9547,1.509222792465982,-0.012282610467760788
9548,0.3130655014228431,0.25151590899879755
9549,-0.4425555685933888,-0.26244486728597577
9550,0.5784169301124412,-0.13096917634134447
9551,0.4244672283401638,-0.35854215309101584
9552,-0.22879993674626287,-0.45111034852762266
9553,-0.015610102661636658,-0.427980224211312
9554,0.42300552106721523,-0.37465864519952347
9555,-0.6436393822995438,-0.40959136106651783
9556,0.014329167302105462,-0.5039811941066727
9557,-0.6528261827211215,-0.4337377111873511
9558,0.13924261640824606,-0.42960410807515564
9559,-0.2750207789852282,-0.5093871941449077
9560,0.4130466648729523,-0.46314856169000984
9561,-0.3598715566329262,-0.5419518053513683
9562,-0.7501719854831446,-0.4089807558207613
9563,0.559628288429049,-0.45498433591892773
9564,-0.044150746887844164,-0.5271594546176571
9565,0.4511516851254824,-0.4213975468484161
9566,0.036761410007971354,-0.48702515485822945
9567,-0.12966642013648208,-0.4451169367733042
9568,0.041319744008794075,-0.5836648311321163
9569,0.245595489820343,-0.5641014255331565
9570,0.09214225583708814,-0.5561716796673247
9571,0.06932821940766822,-0.5289127408293889
9572,-0.37274757611693543,-0.5443567927362659
9573,0.36731335808367727,-0.5544510678626241
9574,-0.04236076799075563,-0.5876459692323658
9575,-0.3157068766118076,-0.5335696411749447
9576,-0.1710773034626364,-0.5345194698620415
9577,0.21860797099235088,-0.584210158229613
9578,0.13046543900247654,-0.5142945843700307
9579,0.5805029038894483,-0.4274401114487231
9580,-0.935989685831335,-0.46713387040807136
9581,-0.1459872759282202,-0.5347998837608339
9582,0.23054918816558714,-0.5977715174320224
9583,0.36461319282959487,-0.5746447734855636
9584,-0.298083451604096,-0.5397713796136998
9585,0.258126157636906,-0.48878242106444325
9586,-0.29552905618649733,-0.5162951526391206
9587,-0.3706202139988969,-0.5124906706110626
9588,-0.060944372795442396,-0.511004449634739
9589,-0.2398900147372137,-0.5188833678173159
9590,-0.02052652045442629,-0.558710932708742
9591,-0.07649462546979126,-0.57822926360098
9592,0.09736136573380899,-0.5423837133264684
9593,0.42574061765372795,-0.5092476495805237
9594,0.33555559902377263,-0.49147519168905096
9595,-0.039924841077965276,-0.4667020644677826
9596,-0.08145443587130334,-0.5784432648429122
9597,1.8193031295949256,0.4288638959444655
9598,-0.46667215143217816,-0.15607917081452613
9599,-0.1871577878320142,-0.3815554932137026
9600,-0.06483392246559722,-0.42223140231206596
9601,-0.14060043271617728,-0.5062474570846114
9602,0.4909785399700829,-0.4668931517201439
9603,-0.40614283292515385,-0.39566980803633683
9604,0.16562939339714533,-0.5324023314895946
9605,-0.34398322329464975,-0.5544438202263878
9606,0.29155048239435555,-0.46377445391261934
9607,0.07667088805516747,-0.5741136521708746
9608,-0.03928680559586594,-0.38807359793053586
9609,-0.012581794973288924,-0.5659981596273789
9610,-0.3295194882994803,-0.47858382432170016
9611,-0.4219630440461607,-0.4208860047611994
9612,0.18784458631795167,-0.48395237514326966
9613,0.12123588734005945,-0.5173906239333578
9614,0.17138221140555607,-0.4753185989808689
9615,0.12296403290221809,-0.4328876741877405
9616,0.009516034396765351,-0.47084088101981764
9617,0.5019327954244427,-0.38802344963665636
9618,0.13645691808060129,-0.3743000063319042
9619,0.3195412445503781,-0.32291445894727305
9620,0.005240438690357384,-0.29008332861131286
9621,0.22398113533452074,-0.3037567011749361
9622,0.11070202393572003,-0.10194346775921473
9623,0.8687272708113503,0.06184909975824314
9624,0.28623357801289306,0.02660684865784029
9625,-0.068149905751673,-0.015180726056810525
9626,-0.5001599566748239,-0.16384190659619707
9627,1.029310846880183,0.1694879030300615
9628,-0.5800472655587725,-0.14803269519986503
9629,-0.30846191636339365,0.04305969106178489
9630,-0.6996110654460912,0.016298549430815275
9631,0.1887604454634243,-0.15363134744259652
9632,-0.8326567507110484,-0.10220382740495153
9633,-0.7516663029871942,0.20023072710075873
9634,0.5958323953135198,0.33310788406252684
9635,-0.291517751538744,-0.13842087702759537
9636,0.7446191267668926,-0.3068289902765352
9637,-0.2932721658354955,-0.28001751388190804
9638,0.43667204495594925,-0.43341857568218667
9639,0.3753616677428337,-0.33126237704535116
9640,-0.03339466560682037,-0.35840166293936
9641,0.18494745221993653,-0.43018911229742424
9642,0.2524239102694429,-0.4389473280983186
9643,-0.37743034533696423,-0.43631271439949626
9644,-0.5418019561728896,-0.22705041350666116
9645,-0.04696384579512282,-0.4014823745905994
9646,0.09160207764979861,-0.4412097921147571
9647,1.4088694082612685,0.18061980454868387
9648,0.22036825550123149,-0.3081803430379744
9649,-0.5930637902793721,-0.25874889740320367
9650,0.23332179366835826,-0.40399616440032154
9651,0.40825544104266304,-0.49071860633678793
9652,1.7346390108894072,0.35812607841395117
9653,1.43195882170084,1.42891602811858
9654,1.0176056393161572,1.377582507430999
9655,-1.16690184189731,1.0902576484408175
9656,-0.8016563950491363,0.15899116600549465
9657,0.5136736962024565,0.14076795054615537
9658,-0.5080352319499642,-0.16684421120040488
9659,1.0081945194998565,0.004650908687045986
9660,0.3441346035517225,-0.2571937233700184
9661,-0.4424725498524574,-0.33735845088702454
9662,-0.23631472846728002,-0.2589712260142109
9663,1.3571702890167034,0.07398049884131205
9664,-0.5949063113447046,-0.33380412997248804
9665,0.5101833865751119,-0.46753566711999034
9666,0.24445220237778517,-0.27398549483436396
9667,-0.402175864385422,-0.35916305840252816
9668,0.13813182866694032,-0.3500237877843335
9669,-0.3262199139713674,-0.36884727682000307
9670,-0.36941978342671666,-0.4209939017272821
9671,0.2921338090836837,-0.4285103162136435
9672,-0.6489349306543216,-0.3888963523167827
9673,-0.42843058793541666,-0.30542376934121546
9674,-0.43273431473666407,-0.3149729834049048
9675,0.5779652989740384,-0.37555120844084305
9676,0.3623566452437278,-0.47715800425555893
9677,0.3545762341010097,-0.4927776228667766
9678,0.19647967058932878,-0.3784947150852767
9679,0.5686236584137998,-0.29462064132740506
9680,-0.20244449404578008,-0.3756376157621413
9681,-0.2417878257265202,-0.4444259459888354
9682,0.19555730705431884,-0.5113473310194048
9683,-0.21845142931500094,-0.5131427684578164
9684,-0.18257531624063753,-0.4544208389782551
9685,-0.2462483379267181,-0.46110065425507446
9686,0.1613911905106918,-0.5235657073465472
9687,-0.5947413250492463,-0.4253676380825867
9688,0.45715793033754654,-0.4788436099527333
9689,0.5149154177642411,-0.4371300484850531
9690,0.10944229455886847,-0.4836352731375208
9691,-0.4206635897601233,-0.4267685780756107
9692,0.1554402222035514,-0.450695354587294
9693,-0.3645466059989996,-0.45582476617433343
9694,0.2615929135243487,-0.38802849279508833
9695,-0.1133482123089296,-0.4163640433390202
9696,0.4374321734808562,-0.42964024502289433
9697,-0.4892317206891459,-0.3736983939746271
9698,0.5464056690514505,-0.35318211842784647
9699,0.7809956985959493,-0.11035978262722804
9700,-0.07722313017870812,-0.25796642588144264
9701,-0.1053779408107792,-0.21432257941013938
9702,-0.2628642248381925,-0.29346537809737866
9703,-0.16672213731783533,-0.27098252110057974
9704,0.4936632022258387,-0.3655430955669628
9705,0.483310187036543,-0.3136846040866347
9706,-0.22030870228607446,-0.3866175372334781
9707,-0.36454743644079934,-0.39825688472566806
9708,0.04313170300431857,-0.33515056794929865
9709,-0.21381072359402603,-0.3445847886321593
9710,-0.20054941365887788,-0.4412373183030822
9711,-0.6068140414240323,-0.24347538660938164
9712,0.10309440373244536,-0.4508635819048542
9713,0.18306947106870303,-0.43245951351748346
9714,0.3498243858756226,-0.43284450734239976
9715,-0.27589192868488716,-0.290287045500682
9716,0.2746568615856383,-0.5619454803554244
9717,-0.15405256087405933,-0.41662562841466444
9718,-0.14439432469544206,-0.5218802808471485
9719,-0.5454609638363008,-0.3918848214759811
9720,0.27209509944064314,-0.3010962788202434
9721,-0.44040021541371527,-0.3803851953527175
9722,0.25713903286855083,-0.42163110983248997
9723,0.20272193651343817,-0.4043607023052583
9724,0.5340530563522714,-0.37808395192348376
9725,-0.8656412563379925,-0.039643229767227964
9726,-0.24409843316458538,-0.3063557080527614
9727,0.31933212717760745,-0.13684582859398647
9728,-0.8772963738801896,-0.10998505813070034
9729,0.5729276331961518,-0.31884839462392917
9730,0.5147406628359229,-0.43821445578755197
9731,-0.904826044091956,-0.30239861148319047
9732,0.8855405134631036,-0.29017426522752726
9733,-0.5116700695585114,-0.2823382344857239
9734,0.4423336849930078,-0.37001005391662517
9735,-0.0028432684962968534,-0.4353401434672606
9736,2.4578435061959114,1.0802541866759399
9737,0.8617471257983135,0.70298429217064
9738,-0.09791340819780672,0.2030718278130196
9739,1.8302176702520656,0.903390464025001
9740,-0.0031622079566745185,0.17819047094167959
9741,0.6518905435760065,0.0784525827177015
9742,0.3818753933644401,0.10365533914487966
9743,-0.7955237521550056,0.31466353587796636
9744,-0.6444565494240524,0.38966000376199844
9745,-0.5324566079318308,0.09640554794424806
9746,0.9072717413647701,-0.12538210724355042
9747,0.9387679106172505,-0.12936500426673048
9748,-0.8526257198421979,-0.2635043802238292
9749,-0.08580531389101399,-0.22963908255768645
9750,0.06884937186033138,-0.3645848934952788
9751,0.56979086693851,-0.24111736367188294
9752,0.04216545677813477,-0.4319091888675728
9753,0.3310338741437108,-0.35606535122633504
9754,-0.003990650939073469,-0.3446271306531122
9755,0.4615129961021338,-0.2975808021690185
9756,3.6116372691244747,5.202965054862349
9757,1.7946766279180983,1.7055883509169338
9758,-0.08696749110390746,1.0683897343152353
9759,0.2361041575861268,0.5780491767532463
9760,-0.1970931805953591,0.2787564408521048
9761,0.35519518868947636,-0.14054341566001663
9762,0.36130099063174825,-0.05052387545083508
9763,0.09615575763523766,0.18311990075024953
9764,-0.8597435643337368,-0.023979000328987133
9765,-0.2962802599923916,2.703714284765557e-05
9766,0.8163294951397985,-0.16670367075277798
9767,-0.5183717306642198,0.014933341940102415
9768,-1.446885687731786,0.5503414772820764
9769,0.187547721653074,0.004041944096914056
9770,0.5926311570578396,-0.29406692188855516
9771,0.6715141182275167,-0.09282684408818605
9772,1.2199812314236262,0.11653858696698564
9773,0.11644435864032307,-0.20538408834539676
9774,-0.017865653101070068,-0.038634949692859105
9775,0.24298844725711183,-0.15432259809244236
9776,0.7029164623229789,-0.09426347219395219
9777,-0.022123802457616592,-0.13077374632220495
9778,0.5150252784160803,0.019862358118229808
9779,-0.605346107023326,0.016299055747486413
9780,0.1595500061857523,-0.25685174162187185
9781,-0.06008542700704408,-0.31060564103701427
9782,0.39982780800342943,-0.22967133198872902
9783,-0.7947099720935981,-0.08846301376860247
9784,0.024492740503140004,-0.369498322654559
9785,0.092520245674933,-0.20365785672793146
9786,0.8857696362723093,-0.0400392117590221
9787,0.8003944099344594,0.2697346193986656
9788,0.2789178084937871,0.21885001130772253
9789,0.8407700170702194,0.944975155002007
9790,-0.50085186134605,1.0295692019076959
9791,0.49983827446016216,0.20277869043300578
9792,0.15233498555236138,-0.19327995641705054
9793,-1.1128109649310625,0.25316828213045955
9794,-1.2213998550850842,0.7597793239078989
9795,-0.9079970836122316,0.8689184105982901
9796,1.6481763118148869,0.4481915030625279
9797,0.15773082030324298,0.27396227208479024
9798,-1.2420395217804803,0.5349495166467544
9799,0.5562918245111641,0.0162095488534584
9800,0.6378537339157765,-0.15180451739661158
9801,0.3564260604557954,-0.22408037749681664
9802,-0.10078167890012862,-0.24401149295373242
9803,0.1393250959370925,-0.2977616369692491
9804,0.7880378823463351,-0.06385657586737847
9805,0.3758593819678246,0.4655956561280326
9806,-0.028420979746223752,0.009658497246968283
9807,-0.17324064219100965,0.18055011455981837
9808,0.644935685016384,0.0027288727386010066
9809,-0.4350995900000518,-0.21922006031066432
9810,0.02939871130861181,-0.06824470644418042
9811,-0.916875151190963,0.038835900022316315
9812,0.0774416425460553,-0.09593021841866652
9813,0.037343712844517436,-0.21446183202746333
9814,0.0843226473465307,-0.22797670189332114
9815,0.9141211142880566,-0.09507821418019682
9816,-1.408868144560625,-0.15619780023600302
9817,0.380648410079934,-0.24342214417318528
9818,1.0377380497838207,0.027747069314344733
9819,0.23808895344956663,0.42242964057015636
9820,-0.17421184501634077,0.0018301082718810329
9821,-0.5237018138782544,0.5179148112898891
9822,1.5985418544600187,0.6285105299870499
9823,-0.23549262155057304,0.285255249567924
9824,0.8297257971880302,0.3445645108406204
9825,0.2810429546351369,0.23929074329001068
9826,-0.6569302916178593,0.3383478459668808
9827,-0.741894759691094,0.43953407532325167
9828,0.5985847741587533,0.1924130515029269
9829,-1.3451370768242557,0.7182598506038513
9830,-2.826546823091278,2.548088290392197
9831,0.22121403044365204,0.3775731420903477
9832,1.0792870102913665,0.2460953052066655
9833,-0.3013638806175704,0.07050772227026061
9834,0.834535344828983,0.11643856520124309
9835,0.2963602558634175,0.18659606470864812
9836,0.6516090453535673,-0.02684089282883622
9837,-0.4509885966359818,-0.03332736345099604
9838,0.8365962770219436,-0.17397622817687275
9839,0.4543028204667733,-0.24431354722490523
9840,-1.0872810190991387,0.01549406392977688
9841,0.8965191525121995,-0.23963896787312688
9842,0.14816880691001802,-0.316155344186153
9843,-0.5351076708135447,-0.21223089420084557
9844,0.20859456979250143,-0.1679364770443066
9845,0.09450600810462259,-0.3984703046630205
9846,0.7741814752888527,-0.07195475966433583
9847,-0.5582370014061654,-0.2479449415838728
9848,-0.4941630362071833,-0.1387801802389388
9849,-0.9435512913255986,-0.022334075907096115
9850,-0.8521683224364155,-0.20183866072415643
9851,-0.5105496874279891,-0.01870596328696055
9852,0.8098448753272387,-0.22772010239991908
9853,-2.3522768908708125,0.530310542719294
9854,0.9029666842892675,-0.16319237125593353
9855,-0.874433984346515,-0.2067580863262681
9856,-1.7153102592869738,0.8228322952334155
9857,0.5831297382258509,0.13154691527420018
9858,1.0367614649328718,-0.2040246544339026
9859,0.9956883646555179,-0.11862092793493452
9860,-0.07709588528405,-0.21299434130677633
9861,-0.13817222737831697,-0.3425789292145453
9862,0.022790415607238036,-0.4076973969326237
9863,0.1458233640847588,-0.27399471561678385
9864,-0.23832836558467882,-0.2925886881235011
9865,-1.4037021549389808,0.22413735906200857
9866,1.3993057454073046,-0.3107853704738482
9867,1.3258844444803461,0.026009065531250097
9868,0.2807854924961346,-0.2716310677732792
9869,-0.08116547243727312,-0.3572703557914133
9870,0.08976112311085213,-0.32103427012061364
9871,0.3896642516502406,-0.2526959283546268
9872,0.2333520059251544,-0.3747831836412557
9873,-0.10227619271845778,-0.36276849550217044
9874,-0.7655001354495415,-0.2558391280423157
9875,0.6705586437446446,-0.43110979244378356
9876,0.22054773144955234,-0.46713941181730745
9877,-0.28690403963011024,-0.41731732599861104
9878,0.09942729500821595,-0.21935151430666658
9879,0.22201757293915697,-0.26803212820469063
9880,-0.21482679278719508,-0.267084294058476
9881,-0.5876162021643653,-0.3054466631914794
9882,-0.539999730578249,-0.16076461107368434
9883,-0.7105142755090197,-0.1956700796356417
9884,0.793416634556768,-0.2023492732784833
9885,0.09605986348262797,-0.3744099737361292
9886,0.12867424039568376,-0.42763015596635434
9887,-0.32563879981071087,-0.25780529481630426
9888,0.6096515655562911,-0.4087852934629507
9889,0.6346197241128838,-0.3231715098941562
9890,-0.21598128838983413,-0.4592386773284045
9891,0.2820801259161171,-0.32216484456580813
9892,-0.2505186075556305,-0.37742432473697557
9893,-0.6909029878033814,-0.3578628959269081
9894,0.19802044070108918,-0.44726451922214366
9895,0.20896719460752305,-0.3610267202033122
9896,-0.24428931785329455,-0.47733971580550527
9897,-0.12769921079414576,-0.3298958709421501
9898,0.03812759691728574,-0.1384410706306589
9899,0.03415712674190383,-0.41296046274851117
9900,0.23891152364925602,-0.30578908833750157
9901,0.673972828681663,-0.35052586676032205
9902,0.14905408276007842,-0.3899496619941933
9903,-0.4099491071117408,-0.3472133392185088
9904,0.11848868142104238,-0.42865723492532165
9905,0.5332629913382629,-0.3944930476888274
9906,-0.19921121251056526,-0.30757377070261577
9907,-0.4268145881164416,-0.4021198259188663
9908,0.07798388799787534,-0.4546688416071157
9909,-1.0490653808195858,-0.05010811169081777
9910,0.14855655704404766,-0.34330519911490054
9911,-0.4361909569609635,-0.18879814188776423
9912,-0.6667683594607835,-0.09711602007697386
9913,-0.8960404378199212,0.011739603643320084
9914,0.24953875322746866,0.5271398638309841
9915,-0.35787264882186454,0.09429020253409474
9916,-0.9684467300170434,-0.044387970601352585
9917,-0.17166088927007905,-0.04850698939532071
9918,1.1657142795840736,-0.027419676570463226
9919,0.6479038806134867,-0.03864406725003136
9920,0.030160762774627328,-0.32425235324797136
9921,-0.9984491476994796,-0.1519435087385164
9922,-0.7836818881370001,-0.26649364321197067
9923,-0.49309724379891084,-0.05185788598968241
9924,-0.5156862661732019,0.052741235499854926
9925,-1.2878188804178483,0.4377088398704551
9926,0.41269346131050355,-0.07961922461919384
9927,1.1758605593479148,0.10443242433931306
9928,0.17936367868725384,-0.2160854747759216
9929,0.10830232017966669,-0.4703043684339185
9930,-0.6010317219978376,-0.3546436428448601
9931,0.8491166748714212,-0.3038094175928363
9932,0.656210322952828,-0.2890227811623446
9933,-0.060468243825056396,-0.33750530463108347
9934,0.22830373780779645,-0.45421592935990734
9935,-0.09375820710463105,-0.427656770515775
9936,-0.0885143521437849,-0.5224274180810379
9937,0.08645839117029196,-0.47755976595064076
9938,0.20675157865959468,-0.42594594376493977
9939,0.2057513314424632,-0.49882006200287876
9940,-0.5774796454049248,-0.42449525622533957
9941,0.5363719743963944,-0.5481838240911656
9942,0.004693454941698053,-0.5377101431182664
9943,-0.7054498781048626,-0.4749628804747404
9944,-0.11151651995425754,-0.5497953409503719
9945,-0.47143641101277056,-0.4503032237097107
9946,-1.155335724601672,-0.3173825098072865
9947,0.37070436343447205,-0.4321910660855334
9948,0.9976198832144038,-0.43029500316541996
9949,0.711157361850463,-0.40003656868548965
9950,-0.06776358911218612,-0.5739682764482539
9951,-0.3560438149834994,-0.466604028654426
9952,0.169044975041273,-0.5392737268767569
9953,0.02035472258450609,-0.5582168003714624
9954,0.10115168134271627,-0.6000437412746985
9955,-0.4819553701280752,-0.46869630364539977
9956,0.32327588211284436,-0.5382031114888803
9957,-0.1314293187160053,-0.542740378423283
9958,0.6574259665107054,-0.35602077365055385
9959,-0.11205188307885311,-0.46461678455888855
9960,0.4913710816818649,-0.2618034101391331
9961,0.10689411001945615,-0.43342998826347695
9962,-0.5685921525170838,-0.47807912250634366
9963,0.12789826777513105,-0.4893658259932626
9964,0.07364499044406893,-0.45564564088450177
9965,0.4284739665186023,-0.3768100811754795
9966,0.18490543612446395,-0.40594637100753983
9967,-0.3763713096609147,-0.43453557172264257
9968,-0.34321221259979673,-0.43722513018144005
9969,0.4138063233347632,-0.4512863052296988
9970,0.5388255400163174,-0.43376494364032847
9971,-0.514670923169918,-0.45083885226969744
9972,0.5177313569725814,-0.4461170500643871
9973,0.18129459077012414,-0.45520164152002235
9974,-0.052065950618143515,-0.5550227286648385
9975,-0.027760123460509722,-0.4805528442460772
9976,-0.10035183218023237,-0.42962150284283407
9977,0.3666756514334073,-0.4185871933504835
9978,0.4498693243948564,-0.4362934976971779
9979,-0.13332839402135857,-0.3733820742135356
9980,-0.10977285912019315,-0.5162515819663566
9981,0.03840573568952852,-0.5166451209346156
9982,-0.40434209381619474,-0.370252870737996
9983,0.42713685409163854,-0.39648908243458303
9984,0.37258782361154635,-0.39365586794462704
9985,0.4242431396687317,-0.27312131710976284
9986,-0.5100497026240512,-0.39911087559795655
9987,0.18353628842553904,-0.4102260779816208
9988,0.3142659958337726,-0.30302054812996404
9989,0.06923948985022912,-0.2772367078471621
9990,0.2799248041536071,-0.3772393512939197
9991,-0.04884988603870077,-0.3313292240378627
9992,-0.2246324870580983,-0.3762161889566867
9993,-0.34993723012905004,-0.4050866576964983
9994,-0.008573095239069056,-0.4083019325544804
9995,-0.11004311714417749,-0.5010623496457719
9996,-0.1918301680668267,-0.46958718075105144
9997,-0.36426167311047,-0.39620819818560066
9998,-0.15454888917239756,-0.4043674095608575
9999,0.5516805955109242,-0.44458332576299997
10000,-0.13281311873413457,-0.5324807094651738
10001,-0.17575121570785399,-0.42263388670894375
10002,-0.32341950453969004,-0.33573081002095834
10003,0.663666345786227,-0.39671627744912435
10004,0.22172516346084387,-0.42856019197981626
10005,-0.4090677328913658,-0.4319984239616013
10006,0.3142465647814873,-0.42707925847912137
10007,-0.09145461578311395,-0.4667641806370192
10008,0.5495230686121785,-0.31742917756570155
10009,0.09261156146476289,-0.27062069976512354
10010,0.5771702637555491,0.03299902207208654
10011,-0.9939471334397912,-0.027846774460847074
10012,0.4118891507326409,-0.3850387092859526
10013,0.7850638943555261,-0.27212019342697114
10014,0.07247807467610215,-0.24379303801795996
10015,0.2628729954742123,-0.30893238857604544
10016,1.5309838581551896,1.465655880331145
10017,-1.4246925356715885,0.16401038024675918
10018,-0.1836122515846735,0.02094199096980874
10019,0.8389554960479744,-0.10754255521861016
10020,-0.24215501421747448,-0.26621964488480926
10021,-1.2204286492479417,0.019512019823915074
10022,0.07120156543608444,-0.26846546950085376
10023,0.30007525423163794,-0.19169882355515394
10024,0.1252656539174227,-0.27778345337620813
10025,-0.31511204654581265,-0.4038335520546038
10026,-1.0909480501580722,0.008034086697896238
10027,0.27272406253038145,-0.2346531402421243
10028,0.48000682959626717,-0.3698603040680318
10029,0.5403885694433461,-0.4065805050462901
10030,-0.0010769938131064325,-0.38605005454238095
10031,0.14250851895253483,-0.4605467914354095
10032,0.8347801642068472,-0.2736856538161825
10033,-0.2001487715631452,-0.30521621786629155
10034,0.1737964773498617,-0.3410889667262947
10035,0.08074838990354945,-0.4712040061322065
10036,0.5789883455928179,-0.34578669561903286
10037,-0.6115851593064111,-0.20135683621518738
10038,-0.48278746992119426,-0.3616703481532185
10039,-0.089951631429857,-0.370992091246474
10040,0.7524176385575146,-0.4202581711393413
10041,-0.35805252848002167,-0.45343450200944085
10042,0.031450858603498597,-0.5038695585600855
10043,-0.6547584118337091,-0.4518262345398466
10044,0.10168135470924668,-0.3922968684572634
10045,-1.313520779492714,0.37883302153197557
10046,-0.0692451291256122,-0.3167798844684631
10047,-0.4298837322311431,-0.25113603659603617
10048,-0.4194010686678809,-0.2133759478685751
10049,1.4001220158469885,-0.2293973766834025
10050,-0.7027479086680846,-0.4146639478958882
10051,0.16290017880419796,-0.43645798736431607
10052,0.06647688900611574,-0.3795695333408663
10053,0.20234072662006614,-0.4680842031416024
10054,0.7075719012039314,-0.28228756621205053
10055,0.261784217480826,-0.3305118979217201
10056,0.34455909798137685,-0.20431581885137245
10057,0.44675156573655517,-0.2935057293272646
10058,-0.8757221850466497,-0.27381017378677736
10059,-0.08327994736089943,-0.4287219041147103
10060,0.07426486025868574,-0.33367044371569915
10061,0.5191764094408722,-0.24212207858529905
10062,-0.03033360338555521,-0.3704484327486517
10063,0.38858875633555856,-0.16010249038728402
10064,1.4803906893398588,0.4657132416113378
10065,-0.05306156268841634,0.06709942618598841
10066,-0.1862881039364704,-0.11715776190574649
10067,1.0039206974693622,0.0008180824237517765
10068,0.3069882883920597,-0.1791971543484178
10069,2.4492158290107886,2.0700021726143447
10070,-1.0668051800227651,0.9907489957056957
10071,0.2768510164543655,0.26094703160855437
10072,0.44213890032069464,-0.06541542761976761
10073,0.4631370841549884,0.17494727206203983
10074,0.40251097395334307,-0.051658443383238446
10075,0.09569492787002423,-0.006101476919612834
10076,1.3391156333257859,1.234719298224026
10077,-1.3007285922755227,0.6860973412100226
10078,-0.48079100981294426,0.8021205760469009
10079,-1.0731839117297128,0.4174500357621143
10080,0.9222707921470733,0.0005772726575783439
10081,-0.5851412773241609,-0.10613882796579353
10082,0.07152963300464106,-0.2199601321021392
10083,1.0259332212603016,-0.02061201366103042
10084,0.23970710970036277,-0.1298559005069403
10085,1.0801815387945215,0.816700021594091
10086,-0.14555411272105037,0.2500538708117584
10087,-1.1397396093712777,0.20917300621304974
10088,-0.3426561672666022,0.05692382938643024
10089,0.6555947456790975,-0.15479802704585244
10090,0.18798632445484154,-0.06258589333976007
10091,-0.4415829413277688,-0.13002346638080056
10092,0.18701160150161247,-0.03142725771808911
10093,0.45988600530403395,0.08248153558929354
10094,-0.5961003775465481,-0.044750751669952196
10095,-0.7655751745282432,0.1605463646922785
10096,0.45456473295759775,-0.1979824174993023
10097,0.40216156629247024,-0.1691953973445505
10098,-0.14289031743812725,-0.26295279696404394
10099,-0.4191388725326248,-0.10022113609748248
10100,-0.8049445635219408,0.2177156358956404
10101,0.3300611111116426,-0.1838064433586793
10102,-0.582902724034588,-0.23376332441989517
10103,0.6737727432422503,-0.260701577980326
10104,-0.4490804504748784,-0.049752909965709476
10105,0.06765902080418741,-0.1964710328526098
10106,0.21486139734564325,-0.3410349294728982
10107,-0.11149941029158736,-0.19567021571470594
10108,-0.5663839805211609,-0.12457209715655794
10109,0.2347856429352174,0.0048224553928856604
10110,0.5407400518542067,0.13475821314936312
10111,0.2233698912482469,-0.005994248562176645
10112,-1.253678202066475,0.35474274208203066
10113,-1.688240589818669,1.255432144185525
10114,0.6793730724245691,0.3307586025595197
10115,-1.3717247045884173,0.3146209596071906
10116,-0.43742034307764066,0.1300091446184147
10117,-0.6032504866907169,0.14678053227264168
10118,-1.1734159719530117,1.24291186737475
10119,-1.255871693807391,0.24392414407105453
10120,2.1752922816106155,0.6456660659218548
10121,-0.28684775783855254,-0.13825135364367735
10122,0.8754732679959147,-0.03985141620245817
10123,-0.32042707038430496,-0.13538420465225573
10124,-0.8203450661022783,-0.12604371298575753
10125,-0.5003515286342004,-0.17304050550974315
10126,0.38605939006152595,-0.3215924031940264
10127,-0.5882222054580827,-0.3017031330357761
10128,0.6095255708968854,-0.345209123295858
10129,-0.5271700698496486,-0.16963576752702447
10130,-1.1566128631116372,0.012846723609266725
10131,0.16640511334920582,-0.20212705368175582
10132,0.17551377565244047,-0.37249200285123774
10133,0.15114345867570508,-0.43267580381001586
10134,0.11923125494157123,-0.1208833294336128
10135,-1.3630856248561807,0.019076863595397165
10136,0.8638087831248294,-0.0070446463104013
10137,0.8811807227831548,-0.23626004024225694
10138,-0.13230353871043757,-0.26283294066036955
10139,-0.49579335776951067,-0.31927453033646463
10140,0.4105085513883862,-0.39684763152688024
10141,0.18922361564891613,-0.3319163425927098
10142,0.11286321563112467,-0.4322356104311117
10143,-0.22461984302609686,-0.2785781007377996
10144,0.2658278139653757,-0.4650687460647318
10145,-0.06342451576516986,-0.49060352025806275
10146,-0.19943646451440825,-0.46460408149215077
10147,-0.3418014474017134,-0.4847136680783763
10148,-0.5336932627413482,-0.44353013014362597
10149,0.37796680836036517,-0.44169675978478884
10150,0.03669360137361834,-0.4870871025728469
10151,-0.6509517956395678,-0.36611512116455636
10152,1.3403242001148106,-0.1713718737016656
10153,-1.8018132937842906,-0.014783811254192303
10154,-0.26250208453190377,-0.06840208756638223
10155,-1.019461276898931,0.07393216840830158
10156,-0.18589771734940372,0.13898162223122718
10157,1.2131935940573424,-0.04162410397166081
10158,-1.629381942814508,0.04414633339298996
10159,-0.17631399132144793,-0.14144232080880897
10160,-1.7014625731852415,0.5960504364869672
10161,1.2866768140649378,0.14637192171647648
10162,-0.28821720215156416,-0.10670363009994425
10163,-2.412307084219083,1.3783661616158276
10164,-0.10344499773507528,0.5874942202907248
10165,-0.12003265361275996,0.4223667206411996
10166,-0.020990929727738788,-0.0629679372964002
10167,-0.12369567167252683,0.1531944209662023
10168,1.1691875768347144,0.14416616980845723
10169,0.3423886201877887,-0.28578808192569427
10170,0.05697368868593534,-0.35707847407911214
10171,0.5659955431593252,-0.14373510645542417
10172,-0.22886825414659584,-0.3308445095143776
10173,-0.7193006822032061,-0.2269614492589593
10174,0.35127515367562845,-0.41446027031965327
10175,0.00842707948976273,-0.04694277761949418
10176,-0.30864235789592515,-0.3668862514308098
10177,-0.1549907794136009,-0.2888804543021491
10178,0.19731931132502636,-0.3959917774716765
10179,-0.17709700297111172,-0.1923545744830978
10180,0.12354957515068493,-0.30554123991021254
10181,-0.6203290344039831,-0.10365743284536838
10182,-0.4189226923337083,-0.11244140397439342
10183,-0.21547143718295492,-0.324254413644369
10184,0.48358104118093426,-0.02567450180204404
10185,0.12849679976746295,-0.062945955668934
10186,-0.33315885489811686,-0.3142981077002028
10187,1.0504538709327922,-0.12158527092326524
10188,-0.3758407045884966,-0.26696830342164696
10189,-0.27745462082566447,-0.3263801255725642
10190,-0.38762838665222143,-0.45648491677044617
10191,0.1140501172878229,-0.43012702918783535
10192,0.8483493589188953,-0.224118009104521
10193,0.20511833474181337,-0.38345789662477714
10194,-0.11598696901661118,-0.33004741840856927
10195,-0.34736619046347256,-0.20634175292982165
10196,-0.9899324780555983,-0.21661462546080937
10197,0.4421651404143658,-0.4571264879535866
10198,0.9319660889493578,-0.24164294574701733
10199,-0.3655714199524575,-0.23829399335135062
10200,-0.3299227042245357,-0.2539211179249728
10201,-1.0446876601508646,1.3467925405722845
10202,2.1733046740982713,0.2575920012519252
10203,2.238272597285602,0.7862457047669219
10204,-0.7413008224082769,0.04000462739971366
10205,0.47768351420251653,0.0719295510048121
10206,0.2203855324740107,0.4322755971533651
10207,0.9862523401936718,0.18187579682972832
10208,-1.9590134955652854,0.1592843697458368
10209,-2.365993350245849,0.8320592775392301
10210,-2.2450660085186245,1.512327892501875
10211,0.6736165290533224,0.5292723662270967
10212,0.37661899873317983,-0.0048725385771900154
10213,0.8708453224085766,0.23762714914646008
10214,0.6853944277463212,0.1654377363959347
10215,1.055697991494774,0.19999006412935783
10216,-0.0658903605276487,-0.2286825373078647
10217,1.7754801265475837,0.013433017517200408
10218,-1.0234264589524926,0.16780954312543553
10219,0.2635589112928193,-0.3194946035193079
10220,1.086975072231807,-0.0006256758237178609
10221,0.2186889853849774,-0.18332947006186312
10222,0.49787266493178306,-0.021575015348733923
10223,-0.6239523078294041,0.09312755257062445
10224,-0.9785886067354804,0.3992588916798259
10225,-1.6964553621421763,0.8649087318685991
10226,0.6192101447022318,-0.0062506956520416235
10227,1.0778000964130519,-0.12725045036550386
10228,-0.6848800158077828,-0.10228542236669466
10229,-1.5165245674465289,-0.09174174009926007
10230,-0.6772781383715952,0.06487547596431861
10231,0.796567374191828,-0.2534563404677014
10232,-0.04047397989138674,-0.11553839697200885
10233,0.12417517480001014,-0.39553296329809134
10234,-0.3697207069350878,-0.42837819725305076
10235,1.515072611995546,-0.1870055357682263
10236,0.28474065279933547,-0.46399328341233165
10237,1.2208705370819317,-0.12012688260707934
10238,-0.12403949424510888,-0.42629182447865205
10239,-0.2877616622646367,-0.3330805661468591
10240,0.1810033330479895,-0.4311027629804708
10241,0.40567880530831746,-0.3911478293859642
10242,0.3954093881488133,-0.4064410796772169
10243,1.0462474225133078,0.05922412698991436
10244,-0.19010122054639506,-0.2790968264144207
10245,0.5955270932725317,-0.2764541674222801
10246,-0.10259255186458031,-0.35564604023619034
10247,-1.062786208947236,-0.12006365587953778
10248,0.8309171966631149,-0.357231174841582
10249,1.26806843720526,0.016482330330956113
10250,0.2043383810732989,-0.21445891505420756
10251,-0.5262439610636126,-0.27252864397282794
10252,-0.19181938004937024,-0.3700738843715893
10253,-0.21391289492379717,-0.3697700782721151
10254,-0.05416369946801473,-0.3471498978323413
10255,-0.7498201287294602,-0.3054762960490237
10256,-1.1976154971751638,0.1463382780091898
10257,-0.7735630124577988,-0.3094694782785463
10258,0.8188568608509642,-0.3853251994370977
10259,-0.2997045092446832,-0.38932567344099483
10260,0.3917291857507978,-0.40632228811857796
10261,0.46725915049246475,-0.37821513553388486
10262,-0.2730665011597703,-0.4993384298938914
10263,-1.0743781654133917,-0.3095680817750009
10264,1.0063668049725425,-0.43793603768477923
10265,0.14259173993544347,-0.531811444456589
10266,0.18011539602894294,-0.5085959986408429
10267,0.9750183139607446,-0.286551148416546
10268,-0.30388954468819485,-0.382689903968326
10269,0.43322602598978605,-0.38840881532441324
10270,-0.4425194680552557,-0.341014363980199
10271,-0.40940576885330526,-0.3834612577032169
10272,0.8618039421457099,-0.42892829412070516
10273,0.671321951997849,-0.4040813443136661
10274,0.2541566329302487,-0.3471979709799748
10275,-0.5204720819144062,-0.3338936853401858
10276,0.5638324686019398,-0.47099209176959783
10277,0.28090157621076267,-0.21515945356860267
10278,-0.26491645950880005,-0.18981795394160597
10279,-0.2711604433676003,-0.3604193972159191
10280,0.26367731938055355,-0.4107589993892313
10281,1.16423021443141,-0.08402945939890516
10282,-0.062011201707066234,-0.15822644531265792
10283,0.8665290816717826,-0.1348296177819222
10284,0.025016923251785637,-0.268594697287831
10285,-0.7591694252614457,0.057783566867077536
10286,0.637754410192395,-0.15529473077127023
10287,-0.17701707006533782,-0.3169159737891331
10288,-0.09128559883595079,-0.2637790181214774
10289,-0.6474631367888125,-0.11736548172307104
10290,-0.2135564543222438,-0.268597288123663
10291,0.5467469830133671,-0.2680018844777656
10292,0.022287182224415312,-0.3823448139013883
10293,-0.104761557066789,-0.4177300614924449
10294,-0.020485161701469825,-0.39080919947673276
10295,0.1984107071720312,-0.2841039116007499
10296,0.3769057737402246,-0.21088156799865765
10297,0.17256738740859315,-0.09080743781652546
10298,-0.9050974347728524,-0.13419371649225048
10299,0.28176788732582136,-0.03292378460297684
10300,0.20737306409358772,-0.2715037392556796
10301,-1.102504303283895,0.14638954644009064
10302,0.8987318906713441,0.11366841355937143
10303,-1.1132448384737326,0.17546034156000437
10304,0.5788132785480691,-0.12873733927681752
10305,1.25915155746181,0.33744675843247435
10306,1.46133971549038,0.731813114793752
10307,-0.1409941141130029,0.7081638205973337
10308,0.09679295794328631,0.925283133584875
10309,-1.3407880965751653,0.7001019042427461
10310,0.5514960725547964,0.2308737935564706
10311,0.05968192115697054,0.14865230556049353
10312,1.517164584720759,0.2833498058205147
10313,-0.2953342306264353,0.036492108002976066
10314,0.5314887258598078,-0.112990589727908
10315,-0.27904953588123027,-0.1245668278879455
10316,0.7398753550280875,0.1415105314753498
10317,-0.22460139992204334,-0.0323995018636023
10318,0.26536493034386716,0.1966143990173534
10319,0.8490622375950788,0.17343510367078951
10320,-0.04633058367859692,-0.023736631163186
10321,0.9260296211596704,0.13121485557571186
10322,-1.1986097753738636,0.4124039163811485
10323,-0.7742593199560732,0.13434489007504435
10324,0.41976846329487283,-0.07573538106873225
10325,-0.5212480730390991,0.04651033005806644
10326,0.5108241547896878,-0.1107211912629997
10327,0.7697112349191579,-0.043333471084989285
10328,1.1777091006320752,0.10852884124763999
10329,0.1934472127208998,0.13836607867911363
10330,-0.28347945608972586,-0.09808830453824077
10331,0.2686250270356667,-0.01900150714427425
10332,0.6707326538225985,0.2680586246152882
10333,-1.9197144881020765,0.6136134979293101
10334,0.23204762076042068,-0.2761156253417362
10335,0.6511645651336592,0.011421151247525418
10336,-0.7373833886851352,0.04311786875519468
10337,-0.3473239143400098,-0.13957556634437046
10338,-1.3470334959687025,0.3975042809994614
10339,-0.6382753842389558,-0.09094021388061796
10340,-0.03545859163616355,-0.035814888825796205
10341,0.35971632807286913,-0.2218077990208902
10342,-0.3431552879298122,-0.41350004552172964
10343,0.3732416349648078,-0.2723944245006559
10344,1.108774477945521,-0.1084015931843541
10345,0.7007167707775267,-0.2520425819078563
10346,-1.166232670596317,-0.09853596748476294
10347,0.5528461570445852,-0.14101960409436093
10348,-1.2747957295742243,0.294608351089293
10349,-1.2216187877164328,0.1950395844646856
10350,-0.4273958757674174,0.45127363754823996
10351,0.7489571277492127,-0.08876731573740859
10352,0.3724697484694551,-0.2486687061983873
10353,-0.3221830873447832,-0.31175314997891346
10354,0.05475501534698472,-0.2793672667119933
10355,-1.5957408030845628,0.016225605693068555
10356,-1.26457013802489,0.0926672936600492
10357,-0.06347455718578716,-0.03789756056198488
10358,0.5978030490466003,-0.3391143893394428
10359,0.6030291921627838,-0.24537623328392355
10360,0.27495858243127425,-0.3273631574733777
10361,0.2543981370888206,-0.3504918115652805
10362,0.6339202732841525,-0.3595968297295147
10363,-0.775917616843597,-0.4086775308125252
10364,0.8352166038189309,-0.2366354347167828
10365,0.6497969037151897,-0.13497954334474271
10366,0.35637355059873926,-0.2402087292194251
10367,-0.30253379493420995,-0.15420474949872134
10368,1.0426575499766455,0.25501455924277694
10369,0.0918852986986096,0.13312653443546993
10370,-0.024622452235752556,-0.05477214023830811
10371,-1.5925256333216513,0.38129370367149834
10372,-0.26583481222466915,-0.24939111098666097
10373,1.8541629439274854,0.16453180181486948
10374,-0.3385185019665091,-0.20791533982165414
10375,-0.29160046745353313,-0.2383380955626135
10376,0.10413232014256595,-0.09305126695580533
10377,0.17318814520607792,-0.16965602518122433
10378,0.5454294811728602,-0.20040437328342733
10379,0.7728096250486038,0.2515972877163262
10380,1.1636447554375442,0.4230571654630714
10381,0.567387343262769,0.09318206713582945
10382,-0.5043602891823933,0.10027408619849454
10383,-0.6319594053792181,0.23477566694471672
10384,-0.22874795300144726,-0.11161827573746919
10385,-0.6595780505783849,-0.12375016538192572
10386,0.4780970653361118,-0.1765695484069825
10387,0.000497352703252064,-0.16765260048490802
10388,-0.24827628583417405,-0.1489139751173261
10389,-0.19904734921978953,-0.2218481254122125
10390,-0.14303762079340585,-0.2028097447200544
10391,-0.5370678629657051,0.22652607900867086
10392,-1.053394030839942,0.10163838489488758
10393,2.019505660161794,0.43077380165150453
10394,0.06297919756593116,-0.07090244891507719
10395,-0.7123991624015898,0.11546831975738382
10396,-0.17152566017340037,-0.030937446488037184
10397,-1.9145186241504297,0.5894293446613991
10398,1.9336891099642406,0.7744395966945967
10399,0.3415628525616133,0.07240532148481608
10400,0.4503947875403288,-0.06420904565525448
10401,-0.03997366292318408,-0.06891828271927211
10402,0.2718395632834092,-0.2128344203067525
10403,-1.6519284650340746,0.396764499053
10404,0.5010960591422688,-0.021329056045728524
10405,1.5268653191862962,-0.09442241643944861
10406,-0.43542526410469845,-0.1782524564344645
10407,-0.8484126926915659,-0.07347533183661936
10408,-0.9050589079545457,0.24035932434864551
10409,-0.12742867597197918,0.2691558126548528
10410,0.4052992084000529,-0.12548404209292036
10411,0.7206311208135434,-0.23480432199747414
10412,-0.4306413463005548,-0.21349007538393616
10413,-0.16976865955686296,-0.2494382080314092
10414,1.9509427195251112,0.422624119229733
10415,-0.16532666283407998,-0.11535394428455688
10416,0.8997707176716382,-0.07606149603787637
10417,-0.0020434107116937767,-0.28802039346441294
10418,0.3901644852893048,-0.14765591828083155
10419,0.1863609712894392,-0.23867697535402563
10420,-0.2285234981461419,-0.2669419003214873
10421,-0.43383927441119796,-0.1977006963788033
10422,-2.398740987833603,0.5952429798070381
10423,-0.7820303934008621,0.38011646486322964
10424,0.5960551816735085,-0.013016298030891778
10425,0.6386570922753233,-0.16882865042774506
10426,0.38078563274879107,-0.3010204897807987
10427,2.5870675525477727,0.9081469664143937
10428,1.6708007608803743,1.0181712644415934
10429,-0.7428438968671064,0.32220641895290825
10430,-0.053613704206549956,-0.02345289769400073
10431,0.9064883702140539,0.07388594380278117
10432,-0.9527111941667343,0.02333806664014206
10433,0.5532835093670546,-0.18233434027520737
10434,-0.6676306333993789,0.2255755995806703
10435,0.021669183959773804,-0.08690494077557316
10436,0.5030390148685379,0.16402342192346792
10437,-0.6025009182929697,0.004100767413713139
10438,-0.8479860143257446,0.022959379935159004
10439,-0.32628692123204694,-0.013896242935773899
10440,1.9696469249241342,0.3023804821215932
10441,1.572968620900949,0.5304235378377538
10442,0.6109298880652464,0.3029044546555837
10443,1.3407429709595389,1.2116020625919204
10444,-0.3831901963115538,0.4626457985049239
10445,0.20982337895009395,0.1803081042381838
10446,0.7226312844268268,0.13935944371971065
10447,-1.0250587250359442,0.30156818467688845
10448,0.380226929460258,-0.13440777774120838
10449,-0.303785801786944,-0.059385184721629146
10450,0.41584616372507444,-0.1784620246988862
10451,0.40462540987626644,-0.04906256358043662
10452,-0.12055768447939665,-0.042390787886422504
10453,0.9703138097438141,-0.04495341189486107
10454,-0.20307118119528111,0.03958145821469717
10455,-0.7940796851073708,0.04793808772704313
10456,0.8589477635372184,0.09949328577371523
10457,1.0506522042889208,0.1013350464158197
10458,0.2034822297126926,0.003839337170413617
10459,1.4683180883245466,1.8377586690834165
10460,-0.15208559268784588,0.6466767689591371
10461,-0.1153746647596357,0.23717303941558174
10462,0.6783183609751164,0.16661776642043702
10463,-0.6595502576351542,0.6475494351323892
10464,-0.9743528502058056,0.3152878604381114
10465,0.7423754405445695,-0.007640972995554574
10466,0.18270091597845892,-0.12724914994050612
10467,-0.4476356962155392,0.22820275197861786
10468,-0.583907839388549,0.5053585110035211
10469,-0.6779473876884942,0.5872549604201015
10470,-1.7556667928890004,1.0410923510656847
10471,-0.006215093259757081,0.4919206727328813
10472,0.6553876329803706,0.1561142992966959
10473,-3.046192120500396,1.6165813396618531
10474,0.6165862301801223,0.15679438378699231
10475,0.508488251513575,0.22682087822634597
10476,-0.6405539322438104,0.17257937431801149
10477,0.46493446759976054,-0.10922003900004043
10478,0.7076854212070333,-0.06254134752276358
10479,-0.734232090630939,0.09396297906599398
10480,-0.2651726752290903,0.15153733093841276
10481,0.31622954716632057,-0.12423655184260775
10482,1.1130764948093286,-0.033049391748198764
10483,-1.2761790624504792,0.04102427789819037
10484,-0.7137051894370927,0.1078063854540038
10485,0.9670090367096347,-0.13464469524133355
10486,0.10523855842584319,-0.2336688821125211
10487,0.04852080731626412,-0.21573221628720368
10488,0.2238933254965647,-0.09275965756592991
10489,1.1146910118739106,0.039771525752924954
10490,0.7948400766010758,0.1177606607854357
10491,-1.2537473375140438,0.3647476816752031
10492,0.1838121749997667,0.13020044521312188
10493,-0.00957848834518633,0.6172573665436654
10494,0.27963335301394715,0.12302863035070427
10495,0.514128952576812,0.09909323635614226
10496,-4.8074097294527185,3.0944354763778814
10497,-0.3726411579672368,1.699546502328862
10498,0.7823168713129469,0.2169794426066738
10499,-2.0153187487735855,0.6148673970211226
10500,-1.0496347932109806,1.1097739356628433
10501,-0.4028578773570624,0.3035224559852926
10502,0.9297689297579945,0.0004999233923160995
10503,-0.3623344031369898,0.07545875306891733
10504,0.7808064613698021,0.22939647818296022
10505,1.1654941289694516,0.07352296980349979
10506,-0.6837844554384158,-0.05579882011955207
10507,-0.3930048282673604,-0.15439675899586008
10508,1.440588782168959,0.007003666669871375
10509,-0.5976593561845502,-0.07902113502353145
10510,0.11846182662963824,-0.2868739405083964
10511,-1.1537920051423323,-0.1250160059762303
10512,0.9333444232802965,-0.10268466267454755
10513,-0.421253118978105,-0.31885770723097523
10514,-0.917677423562671,-0.210743011693434
10515,-1.0447558063402613,0.1287530995126358
10516,1.59788815058928,-0.019762084518505307
10517,-1.186364084409142,-0.26021789959258834
10518,-0.15013383639046068,-0.17023093248367493
10519,-0.8899548443946416,0.11402943350394781
10520,-2.013043745299192,0.7917583630603752
10521,0.6491117161727936,0.4626657267832639
10522,1.3199292268392415,0.19179946741162915
10523,1.7602396697311367,0.029823846871903086
10524,0.022303617341301898,-0.11821136037009705
10525,0.29683058711780064,-0.3595066833337726
10526,-0.8083919155026561,-0.2270302477054491
10527,-0.4252081031532131,-0.2496986960620352
10528,1.4864473168215568,-0.06312757923421053
10529,-0.5643644521765565,-0.3393548186343124
10530,-0.7514043949062713,-0.08007794162093966
10531,-0.4186791419716447,-0.1305384007631425
10532,0.8063839499869796,-0.17817355983582295
10533,0.3907748236974073,-0.4080606884692287
10534,0.47247580368766245,-0.27004178194644074
10535,0.17169090371003323,-0.33640993927257246
10536,0.22547553514323335,-0.34692428451059554
10537,-0.5219781054129284,-0.1716369959983879
10538,-1.4078327342704604,-0.11748406885221904
10539,0.24255778499363237,-0.03830097092395489
10540,1.2482922327112147,-0.01572409854678076
10541,0.318223353123527,-0.353515404943464
10542,-0.09554585052634325,-0.3993010993228376
10543,-0.26567027470686455,-0.3464938165658574
10544,-0.034890484036218666,-0.43629008089103416
10545,1.0007169909512437,-0.2833757384885135
10546,0.32100143940058007,-0.2857172580662448
10547,0.3920947269325597,-0.31023337767214904
10548,0.1623536193696667,-0.39816540861434513
10549,0.6091180100498316,-0.19123301193201114
10550,-0.016356395282462303,-0.324847992056711
10551,0.7205637326745613,-0.1113342938803661
10552,-0.37509937391797576,-0.35248742388956994
10553,-0.11283557880189768,-0.20119289865205522
10554,-0.03205621290013809,-0.46874711281388654
10555,-0.7531723546630166,-0.20634273928666394
10556,0.31545132086408,-0.34872095663652913
10557,0.401571156163743,-0.4025538262706507
10558,-0.287887134760464,-0.4449140394107986
10559,0.008859374504323355,-0.4684348898715248
10560,-0.9031940107148398,-0.31304887697291195
10561,0.0906126267464555,-0.29940791854026366
10562,0.27009810009586693,-0.44900538938811263
10563,0.31963556252856423,-0.4169039232025124
10564,0.28878206630685405,-0.4189475409326942
10565,-0.5099145716207613,-0.42834258314603685
10566,0.04340301696736167,-0.5048894131607004
10567,-0.8084010106944831,-0.33571081390771934
10568,0.10863449200505623,-0.3401124298620092
10569,-0.1291577581359335,-0.34851940767538037
10570,0.26126868661330493,-0.48476850700562313
10571,-0.018263930538211896,-0.41637048858491627
10572,0.3982366361555197,-0.4789761004266964
10573,0.3940805706050985,-0.3101471214822586
10574,-0.30088887614701454,-0.3756076087961234
10575,-0.33018951683488196,-0.4050404935655859
10576,0.3593251816265173,-0.46374782102852957
10577,0.8855607505990968,-0.35339385319573585
10578,-0.6216768503423294,-0.32356566022261923
10579,-0.9437950105076462,-0.32637871743370617
10580,0.8800406710960662,-0.2258407835087707
10581,-0.408637531740348,-0.48161140181084994
10582,-0.5812851678906229,-0.36750000788890985
10583,-0.44600999032339195,-0.31289957203571434
10584,0.7901818811095941,-0.23317274207889171
10585,0.1684140202628168,-0.43040055221161333
10586,0.566506887954979,-0.26380328329790614
10587,-0.2741534792406258,-0.22927192826732765
10588,0.061813280118067526,-0.4522090588076722
10589,-0.13967057953495027,-0.3390271306741029
10590,-0.364503220241238,-0.248036814374548
10591,-0.7848871045503638,-0.2949386747175615
10592,-0.5223699462264074,-0.2621546716066435
10593,-0.11601931901238537,-0.1995128357679903
10594,-0.9886440487295092,-0.07242322010446163
10595,0.7991627138571011,-0.1308245594216521
10596,1.3747436382783862,0.005537095562416529
10597,0.2272303931814204,-0.2962843028659905
10598,-0.5792957937466758,-0.35296207586654926
10599,-0.5959098725731733,-0.3803083085511707
10600,1.2888367059862302,-0.1439519572353853
10601,0.12852257025253003,-0.3151988655695987
10602,-0.2750228913555469,-0.36642057660933003
10603,-0.4290901073508914,-0.45135558477995036
10604,-0.19912688287091082,-0.5051288589543962
10605,-0.5081196820587125,-0.3956862823410633
10606,0.16571663381663643,-0.4840630377237625
10607,0.5620934330575549,-0.3754862142451624
10608,0.05891605874296864,-0.45446481357186674
10609,-0.052388004965120895,-0.4692718075158155
10610,-0.3183280616606682,-0.527170880767703
10611,-0.2602314098640149,-0.40721007160428085
10612,0.9398360112656964,-0.344464676075532
10613,0.9625327236269632,-0.1557108280324461
10614,-0.44291628421232887,-0.24863961648559305
10615,0.15614391803133087,-0.4334282243615718
10616,-0.056632869986261304,-0.432270688350849
10617,0.05516502052598071,-0.4490390070700097
10618,-0.92644144828745,0.05222703181000829
10619,-1.3320068652895756,0.01967850055598545
10620,0.14913829520400343,-0.028258465317827785
10621,-0.4151977618893578,-0.3074453021173348
10622,1.0050770709454997,-0.3373458598423418
10623,0.16485162090626954,-0.3722821128160398
10624,-0.06119688218119737,-0.48485362669799287
10625,0.4084655671902593,-0.4514273287451963
10626,-0.14437452686628188,-0.5003078176345352
10627,0.38150641400224655,-0.4995233741317258
10628,-0.2568374175070693,-0.48459562719079263
10629,0.4893043378241554,-0.4160721105852197
10630,0.09355807904434232,-0.5001050205663615
10631,-0.5610084050811855,-0.3254553579283234
10632,-0.11564280281304286,-0.33485660089388697
10633,0.2573896623547264,-0.48894275177379254
10634,0.7930369199135591,-0.36783370673435195
10635,0.843765952565333,-0.022618629518796916
10636,0.15309847099553892,-0.09809408522423044
10637,0.2490829114798201,-0.11183524484276397
10638,-0.6961981126308512,-0.1918525478508423
10639,-0.1099972724159659,-0.3292730625519364
10640,-0.3719205034064429,-0.42249501442135784
10641,0.5109510984436723,-0.3042876445449382
10642,0.0727289844854169,-0.4283967617922367
10643,0.10136857773121193,-0.45340572423895437
10644,0.25682106106523095,-0.3409994208323663
10645,0.45038275761944835,-0.013341045559996175
10646,-0.23120197891643576,-0.3315718812097086
10647,-0.20706002460601935,-0.40530030951868135
10648,0.4474134159206949,-0.25744627095946304
10649,-0.7817292930535018,-0.25035754820675415
10650,0.14329321343609705,-0.34496599038922005
10651,-0.41694049157347074,-0.3618203227555825
10652,-0.36649319434881433,-0.41580960825591057
10653,0.5319159265021606,-0.3285391967159615
10654,0.3791686138027927,-0.2439043104250888
10655,-0.5176446714566662,-0.36332469961894404
10656,0.11181592690380489,-0.3342627140204484
10657,0.0879592278912873,-0.46058139264743325
10658,-0.1475495152397453,-0.49200110119645374
10659,0.5127740164740335,-0.3383312302004624
10660,0.7061317691103755,-0.2899154598803123
10661,0.2826973661270487,-0.14558445798266503
10662,-0.6276756779083281,-0.2575678552859191
10663,0.781881423067406,-0.26731108571500417
10664,0.2879949503809424,-0.19714164046192578
10665,0.5076975358677126,-0.12907483036118128
10666,0.5094091299459728,0.22216552335573872
10667,-0.6266155616706829,0.11797138445859413
10668,-0.4542775752788147,-0.0379136304718767
10669,0.49560899212356185,-0.16365220778064177
10670,-0.46442436714438257,-0.17236334803388104
10671,0.08250048675832518,-0.21132105833326859
10672,0.34796301659930723,-0.29952058675376597
10673,-0.25170817200125606,-0.29280821025969267
10674,-0.37476917900563694,-0.2745205282152066
10675,0.08718340911250383,-0.3178001572524125
10676,0.2029297873888429,-0.18499747349460416
10677,0.4169229957852394,-0.3633418099208376
10678,-0.12424648724038537,-0.04869531392638465
10679,-0.13128623840470394,-0.15050168167710978
10680,-0.3878523958790825,0.06712999978417526
10681,0.11299623423592979,-0.13081869514336164
10682,0.8220641048736805,-0.025146293800640974
10683,0.5163188662781907,-0.13323977841217682
10684,-0.19351905044118536,-0.17180189885934097
10685,0.2742309407375508,-0.09908888668312683
10686,0.7777263840730478,0.05458695051322697
10687,-0.9872367200505573,0.5691596783783617
10688,0.3684101054143712,-0.06364162867341491
10689,-0.053090780023388504,-0.04360151463696342
10690,-0.1765536583876052,-0.019740817651046603
10691,0.19917502655488964,-0.09625643404655446
10692,0.11356782587494578,-0.20431963105022724
10693,0.0435663897621253,-0.21798727917783378
10694,0.512038503914298,0.01761276328158893
10695,0.6205021475557049,0.26324017965721846
10696,0.08442801410405323,0.10098926116066739
10697,0.7225722822725363,-0.009042780687865667
10698,-0.8133421405491832,0.01714122631486544
10699,-0.9571869712191738,0.3609498133758191
10700,0.22498695306953953,-0.1653663760889682
10701,-0.43155083735409855,-0.10546359825706741
10702,-0.9391417457765687,0.03030310202345019
10703,0.32577091437670336,-0.022887948567426104
10704,0.14901615626949175,-0.18115623804243078
10705,0.1531748684048809,-0.20018231726466548
10706,0.9995620414227273,-0.13958558120032483
10707,0.9077966233399197,-0.06013042937800967
10708,-0.17889288026358005,-0.3111066261741397
10709,-0.29762842882321283,-0.1819500313034974
10710,-0.4615025393255724,-0.1551694028593969
10711,-0.8078468708433365,0.0845146876201504
10712,0.1559399658133309,-0.3619462596292049
10713,0.47267598264911964,-0.34553120230439777
10714,-0.3986128348710531,-0.39117645268935364
10715,-0.7975779682865944,-0.04422795006519427
10716,0.669564632418457,-0.2731908597951582
10717,-0.05299294613545906,-0.3274161521498341
10718,0.9041989503417983,-0.3128618741849075
10719,-4.234032651217512,1.7403874028585926
10720,0.9177070639441233,1.7374561102138963
10721,1.3826792365216245,0.23709685645266268
10722,-0.3672522552482244,-0.1019481617353154
10723,-0.32055313130410423,0.013451926916833775
10724,-0.25950433553872376,-0.2474159355527387
10725,0.6651242245096968,-0.153198387411633
10726,-0.10849955458853991,-0.30469703838887313
10727,-1.8351997115421947,0.3232325496974274
10728,-0.2654289635803989,0.2795374325505888
10729,-0.12537198445035966,-0.07143798662513443
10730,1.5758004579653813,0.13034899704920502
10731,-0.8688398913963417,-0.15775345816784847
10732,-0.22105110355867774,-0.27533980276426134
10733,-0.38373569083258313,-0.14369101498014508
10734,1.0815609796136352,-0.23597652848711317
10735,1.467409766419413,-0.14427112004040799
10736,0.5758234228448224,-0.098210871569501
10737,-0.34222546937766,-0.22484381944552825
10738,1.109490983440797,0.048564254879699315
10739,0.633468916179538,0.12569728769157165
10740,0.23160696783956897,-0.18574760906044838
10741,-0.22049377292184708,-0.25747343938021666
10742,0.2444038442666428,-0.3365782760356573
10743,-0.35844924029177866,-0.1850371173131836
10744,0.20797626946748546,-0.07196833730490086
10745,0.5430930745041567,-0.34615386114880087
10746,-0.7084564726990815,-0.26837467881960714
10747,-0.13193136058764682,-0.166512437616458
10748,-0.4140782071825123,-0.295393518041813
10749,0.7357063230275046,-0.19737215470152775
10750,0.6482938993595485,-0.1383220151044258
10751,0.23746210617600869,-0.08757321045572908
10752,1.286501962446517,0.18270553162379033
10753,-0.7119351019851453,0.4602771346247866
10754,0.4387571011649456,-0.15082296322331765
10755,0.4781219965158969,0.10928811105369607
10756,0.5877586735728635,0.07595119995065916
10757,-0.7187352738625672,0.002641724646119052
10758,0.18044817059613286,-0.19039831122584824
10759,0.2216396462355983,-0.10894296567298366
10760,0.23807976718801604,-0.11984197061517458
10761,-0.38251045697601177,0.11397684536637162
10762,-0.3127303490759728,0.04050319924892621
10763,-0.32290517033700983,-0.23390783312579558
10764,-0.5964406964716755,-0.14563254855423738
10765,-0.3433148588506419,0.02057579038175259
10766,0.6233798603232933,-0.12593469366484858
10767,0.12791034406680774,-0.2714393510188945
10768,-0.8166939085151387,-0.12340163271159584
10769,0.6289134991475415,0.0012017951909723138
10770,0.8858840906010845,0.002243903734218957
10771,0.39949571149271235,-0.08835152074023793
10772,0.3636060478495803,-0.05543352805992126
10773,-1.178996947977414,0.11976512538042727
10774,-0.1091525314312934,-0.06425514441880915
10775,-0.24854127118084224,0.28877068142576584
10776,1.303784004953231,-0.03326683205279401
10777,-0.26255289386640857,-0.11424928425360116
10778,0.033414577575360364,-0.251006849263404
10779,-1.1343380469227717,0.14763055807017353
10780,1.0042594160459752,-0.04679877483057008
10781,1.322008084288404,0.3360478104131547
10782,0.375805690725895,0.6836046596983698
10783,-0.0647876185238352,0.3005476709783025
10784,1.1490168846220932,0.4539690727274131
10785,0.6070746807380055,0.3597151779113875
10786,-0.4384190593006362,0.42072010611223887
10787,-0.04598298851306662,0.4127193631858731
10788,-0.4009915187825691,0.21761954733919853
10789,-0.8062252975357176,0.24401419983385197
10790,0.027336272877452838,0.06596258688821569
10791,-1.2727226060261756,0.6231087785795926
10792,-0.5555378839599208,1.6878856653974466
10793,0.02112181585472999,0.18770645212659756
10794,-0.21228587259156353,0.029048585964459753
10795,0.9073648166884238,-0.03181050388138785
10796,-0.9298832439586984,0.22619653768071538
10797,-0.6228521112153177,-0.06493078810586926
10798,1.151146684285527,0.0776007768227293
10799,0.46725753578523876,-0.19301955046381278
10800,0.033793718873463045,-0.07301704267161403
10801,-1.8549128458221218,0.1807415697664923
10802,-1.5157963601419036,0.5614226324440372
10803,1.2085108382205914,0.0516927725444912
10804,-1.8962051070432397,0.0926789009665246
10805,-0.3313091797809364,0.353978613781149
10806,-0.174029505668864,0.10696418470468472
10807,0.6645785766545419,-0.09875167279682727
10808,0.3307159725768638,-0.04481938668445059
10809,0.004292213597744489,-0.1776907845495593
10810,-1.1547546764788301,0.09724831423241131
10811,0.40761098682278596,-0.11726975446276162
10812,1.0698188356584837,-0.2595357083960605
10813,0.4767412495508123,-0.26183357240906996
10814,-0.24016862497060779,-0.31723297745575546
10815,0.5537512826876222,-0.3811441197891622
10816,0.052448652122834,-0.3905758419357681
10817,0.7623861489466448,-0.246981673447393
10818,-0.62840585119104,-0.3090946235021889
10819,-0.47119568483457347,-0.330704738461396
10820,0.2703291644581078,-0.4098616103437948
10821,0.061818893087176995,-0.35526735746230426
10822,0.024848185566028143,-0.38766975484116684
10823,0.21498539912078787,-0.17584517733407895
10824,0.9095550792705435,-0.19755633206506104
10825,-1.665617274205832,0.23022471294388547
10826,-0.42693819403607525,-0.16690603114219604
10827,-1.9321882301515023,0.7106071521460584
10828,1.8326870118830814,2.5688136966922688
10829,1.5621290525341995,0.7521947055899024
10830,1.0325053248130067,0.13546961421278442
10831,-0.6307459417453972,0.12067255724609205
10832,0.517195589706416,-0.026351797905123913
10833,-1.110801573872367,0.2610646900064266
10834,-1.3620241894748764,0.36889323653146194
10835,0.04783893248057078,0.07483067946523046
10836,-0.4551785768220865,0.2754707809874601
10837,-1.2290872048659887,0.40453387782195066
10838,1.4114217812399392,0.29857742382975305
10839,-0.6449558840255789,-0.05241328669411332
10840,-1.0254087431456858,0.508898253198491
10841,-0.45189946901664124,-0.009168463892379786
10842,-2.006476897815565,1.6196146996451557
10843,3.428612778209311,1.3994480454452303
10844,-0.04460118579783181,-0.03582244743113584
10845,-0.5035536504184118,-0.04663508398366614
10846,0.7449994141152926,-0.027447007275149166
10847,1.178439227148437,-0.01883953402859868
10848,0.21342343299493205,-0.06341705099416298
10849,-0.6038141805962555,-0.16604567154718886
10850,0.39116138436884196,-0.0689871747923317
10851,1.6995084249064027,0.5128731073308384
10852,0.7823446309571732,0.20506884210021606
10853,-1.255149347842806,0.07702850930037125
10854,-0.9700902263554534,0.003571076377542207
10855,-1.649835927631313,0.6031555841220981
10856,-0.5849624113130621,0.28461585998521205
10857,1.9879509750468782,0.34232199343476327
10858,0.6888136034923513,-0.11265878702784225
10859,-1.2255679183649937,0.13814798221716415
10860,0.6659046393822174,0.18071356123040444
10861,1.339551527247705,0.3182384931567718
10862,-0.37228569579201365,-0.052763263212304075
10863,0.227520436912279,-0.08423740475953644
10864,0.19319704137411453,-0.23066825906658303
10865,0.7737040497644045,-0.15506699646619493
10866,0.6817555904017367,-0.2274004751947522
10867,-0.4449952846491316,0.011427626902078982
10868,0.28385016042884276,-0.31201243809082174
10869,0.03998114985089501,-0.2388036610933488
10870,0.5879884268146358,-0.01543279123369504
10871,-0.0731727732209242,-0.11156339514412854
10872,-0.07749373312666674,-0.19497423792118812
10873,0.3308085692620914,0.05884908126057855
10874,-0.39212745097284946,-0.14025444229466857
10875,0.5751057395897745,-0.06334361915601618
10876,-0.6438207063454489,-0.17420759287294033
10877,0.8639988706281609,0.42630170011900687
10878,-3.5925925086512356,2.123414395490947
10879,0.9673764312732196,0.8345347330666135
10880,-0.25767406656815545,-0.09797044260796416
10881,0.8857042385843878,0.009240399218453623
10882,1.7827695779335826,0.5424611783319748
10883,0.6951868003691718,0.03788769724507628
10884,-0.6317114177177985,0.08231349271448689
10885,-0.6286970316761639,-0.0828195834042573
10886,-0.18655418875772817,-0.1661014705377109
10887,1.7571534704616256,0.1557527399098595
10888,-0.4961533848552089,-0.03605575803554653
10889,-0.21891178049638987,-0.22310551282848895
10890,-0.2720040156297685,-0.3017859802112792
10891,-0.9778926187312151,0.01655551195829021
10892,0.13865593089845177,-0.1620487647692465
10893,0.9958611421586094,0.0776485511911678
10894,-0.010319658701782173,-0.29214362555290996
10895,0.34708664874361816,-0.15569786028168411
10896,0.28822152447245797,-0.0938332004930076
10897,-0.5242560282417567,-0.20596531758781983
10898,1.407024216558142,0.8146035004460456
10899,0.32001224670764267,-0.19136557528940923
10900,-0.4622863973239804,-0.25399765181064066
10901,-1.2857709166676903,0.02740509686621385
10902,-0.9933563912662694,0.12088154898067871
10903,1.6496295724761763,0.15508386531576537
10904,0.566306374744318,-0.3112194150606274
10905,0.2657650797700932,-0.2998597382589921
10906,-0.07843841561625378,-0.32096755667662846
10907,-0.26452312922410487,-0.2955966473483313
10908,-0.0484626505288653,-0.34362314460205784
10909,-0.20899993126567296,-0.3334002713055898
10910,0.5209397608954505,-0.3100201061056248
10911,0.33633558393142443,-0.32118750591094025
10912,0.4549419186057282,-0.34634965889945807
10913,0.4728460918624938,-0.25065824929413255
10914,-0.4158573663825507,-0.3358370341698606
10915,1.097371632942384,-0.13419808042317316
10916,0.7170625068738117,-0.056178638139142534
10917,-0.1117548610398347,-0.21598861276976403
10918,0.15149782999411388,-0.19236214825794953
10919,-0.9102185097848506,-0.01312708561873714
10920,-0.45504096854113735,-0.1549501849934073
10921,0.4406626757931167,-0.3158478108579327
10922,-1.007237800714548,-0.11421355219577717
10923,-0.8622170762395175,-0.1309282027327339
10924,0.3581580901291263,-0.38987040027820047
10925,0.48010346264334963,-0.1798086551706378
10926,-0.27603353093763905,-0.3592623063317898
10927,-0.9713087485806766,-0.02563073597565205
10928,0.6076295435471177,-0.29566093887164585
10929,-0.9309196721041837,-0.20032172160351208
10930,0.5255323697432686,-0.029136171682545862
10931,-0.2894203558485723,-0.26201934286677164
10932,0.09174411307665108,-0.3447308325002769
10933,-0.3259165492120781,-0.30833188466360306
10934,-0.4046678629980836,-0.2585928333648232
10935,0.284413638300558,-0.39470173317264023
10936,0.517817506087978,-0.3037975813400178
10937,0.1927737990564684,-0.35775963750994505
10938,0.39243692872153163,-0.39477941924378096
10939,-0.4730540590175102,-0.21281646923009778
10940,-0.3636784982524741,-0.37552122886298983
10941,-0.08471632653679907,-0.3636188704368438
10942,0.04091361562364187,-0.44405607129998115
10943,-0.4987402808718264,-0.32378692864610303
10944,-0.27265415142875393,-0.1123628611092275
10945,-0.925945192012448,-0.12408996776150825
10946,0.3839196806648836,-0.2731957375735204
10947,0.13956425449114407,-0.2836198608702246
10948,0.3679721839544067,-0.3692608381636302
10949,-1.094300161414112,-0.12820366990643323
10950,-0.04477940806203031,-0.17833906897402874
10951,0.6859778010557758,-0.13091340542768348
10952,-0.4228037034541641,-0.3660074004928115
10953,-0.43330725326838054,-0.3218642552576001
10954,0.7801753568490638,-0.3274308946676583
10955,-0.7000890781698258,-0.21503148817835743
10956,-0.9355733322234534,-0.022323319087437357
10957,0.06155860385521812,-0.09716498354615513
10958,-0.11649795957221665,-0.26010901589534335
10959,-1.256057663517816,0.41433820892347056
10960,1.426213285883786,0.10334575676701671
10961,0.15440096665318287,-0.2426448016581522
10962,0.4173385838663934,-0.29941013395346927
10963,-1.033287879413714,-0.19487381856305333
10964,1.4132554852309094,-0.1034479140609421
10965,-0.15957356421953572,-0.25568616796255983
10966,-0.0592264769708636,-0.2709366710077358
10967,0.16727304393565406,-0.14819590405772823
10968,-0.6468457240920165,-0.2732601628063148
10969,-1.8342688209863152,0.5260206475804079
10970,-1.6127218074331005,1.2989259528983275
10971,0.41571815569248743,0.700386785934949
10972,0.03951135852724368,0.7508791648875534
10973,-4.208891325417169,3.674583723421788
10974,0.20499509071894154,4.228275783891615
10975,1.0015195208907224,0.8532719365547214
10976,2.0695837492041242,0.916786840946928
10977,-0.8907757850771398,0.2935114260545953
10978,0.5301227394402755,-0.02294454206947528
10979,-1.9733932010625261,0.3469478620297766
10980,1.2034164584705642,0.2530532978152131
10981,1.3243242796358876,0.018230917075661497
10982,0.6177169381683433,0.2434549981640136
10983,-2.4366533301478124,0.4617153741870812
10984,-0.09289012576785571,-0.0954923088567403
10985,-1.0681190988191422,0.2802434944411878
10986,-1.4801179487628653,0.5066650272685438
10987,-0.7148511658568607,0.5632464410358586
10988,-0.2403492976063439,0.9402239620535059
10989,1.27726557881289,0.2060603735045438
10990,0.8574553550347314,-0.08959270065415242
10991,0.1315466264712709,-0.0035274430179816634
10992,0.13891373642952273,-0.22604200134033642
10993,0.06128694905290207,-0.25756078102560154
10994,1.0008714527158111,-0.11999762054989038
10995,-0.5352380524526804,-0.1888601541293916
10996,-0.1715249861850449,-0.27552535811701334
10997,-0.3617453945030785,-0.32575274689016254
10998,-0.30257735744014796,-0.23605809772437197
10999,0.30758332163475904,-0.07087837601967299
11000,-2.0273391200632567,0.6449816392290725
11001,-0.8216843441342261,1.3637110464972737
11002,0.37414507336446945,0.09673293790672088
11003,0.3459635508399534,-0.005834898250606382
11004,-2.5047898431872797,1.1546599046392179
11005,2.105202135236392,0.739590051667117
11006,0.8961642950624515,-0.05957750749797237
11007,0.6416726429143318,0.00019395006094398366
11008,1.2255552693702771,-0.012182632988919173
11009,-0.08978121205037816,-0.22498650893127162
11010,-0.1235340483541718,-0.30071040158143897
11011,0.844838746363046,-0.21594553557447776
11012,-0.29137374542523586,-0.16052825882713084
11013,-0.30888359293159856,-0.2853699980049284
11014,0.13844697998237684,-0.32123434294426806
11015,-0.38794619712387557,-0.16517986029394469
11016,1.696608931872759,0.351381772958866
11017,0.5473480146074062,-0.054185641548218685
11018,0.35402171779927655,-0.21705938904499494
11019,-0.7163908358684675,-0.10230187401152399
11020,-0.05191027732827101,-0.3330862952849726
11021,-0.17577037745048063,-0.19353881096918807
11022,0.9588597770383555,-0.11294952687094331
11023,-0.48906200742706746,-0.2261344644584804
11024,-0.713469899084027,-0.3352336162632878
11025,0.849360512921662,-0.23720392460535214
11026,-0.3074437573252563,-0.319589901057776
11027,0.014627204091281093,-0.47780506920931065
11028,0.9923909181952535,-0.2158635006872968
11029,-0.7395505816912814,-0.18678510203555834
11030,-1.5067486851475171,-0.03636113138908329
11031,0.3115222234777458,-0.005197236490833518
11032,-1.7075271178858824,-0.022378330195551546
11033,-1.9905874617133783,0.3688262768507269
11034,-0.31113862704092116,0.02906548014227448
11035,-1.8362760394465705,0.757037468753036
11036,-0.22025259049289056,0.15666046694204505
11037,1.2061418822600256,0.13591949746488274
11038,-3.286025817350906,2.5168623360380837
11039,1.8063153935917817,0.8594425749960617
11040,0.41426302748565336,0.16789327085628816
11041,-2.9425696818794695,1.2909640389032806
11042,0.62670617790101,0.9106426260180958
11043,1.5273196363363,1.470522905249394
11044,0.9193422847483363,0.32806340232521897
11045,0.47704569551786985,-0.08179603290295598
11046,0.753556451407857,0.022028478696463655
11047,1.9732812561073423,0.6390296806168952
11048,-0.9128837061290952,0.09197210666564831
11049,0.37261346072876306,-0.05567048553621488
11050,0.5901599760846697,-0.1104145795579039
11051,-0.22603873373151534,-0.12809428947366505
11052,-0.0964078383904843,-0.15888345223431968
11053,0.3883915595084163,-0.19459906991514148
11054,-0.525160577646009,-0.03887530256567488
11055,-0.44089853578079813,-0.10979656656589086
11056,-1.5614327477144525,0.2518431200442723
11057,0.13886238689473968,-0.10153430632795306
11058,1.2655450765621725,-0.02663918219306657
11059,1.5019187805666172,0.0945228014069577
11060,0.33128058779795394,-0.1258943364051426
11061,0.831341757201173,-0.18367932895480804
11062,-0.25179837841547553,-0.1623017047655681
11063,-0.3893625347020745,-0.17092077868992786
11064,0.18624416406091782,-0.13757491943188957
11065,-1.1886537022586865,0.1408223477088029
11066,0.6950400210849794,-0.08315013383283264
11067,0.31627662995498657,-0.05795003072287599
11068,0.16123454830051698,-0.13330568347091593
11069,-0.42404441093719386,0.155604380769077
11070,-1.608225104485397,0.36845868600760373
11071,-0.8074073436890482,0.35148708969735065
11072,1.4297453086491452,0.1325906987284494
11073,2.8382884990961794,1.2877373762471385
11074,2.007238931688051,0.8458803001097148
11075,1.286231598857716,1.5021549723042928
11076,-1.4655684662540478,0.8188723141372002
11077,-0.6159740816086839,0.30364006753155587
11078,0.3289798837217696,-0.12903712179906401
11079,-1.120982932946478,0.2391877843886233
11080,-1.4307620256589064,0.42280120668787685
11081,-1.009713074191671,0.34677663021239247
11082,0.9719853155029555,0.07573821418822095
11083,1.876094582773899,0.2505290627733197
11084,0.654753766012056,-0.060182766558780285
11085,0.6876457476361797,-0.31185837828856094
11086,-0.28217094790156105,-0.26396367070626875
11087,0.7181768784379203,0.033056105926044216
11088,0.04455342811368282,-0.2040526809180365
11089,-0.9380953022841818,-0.11835818464685116
11090,0.33552846362422256,-0.3198033317801312
11091,0.6087038788729603,-0.1732553196601302
11092,-0.44455400076368945,-0.22379045419921714
11093,-0.7640792986835564,-0.1945963341471111
11094,-0.2971506769454524,-0.18344003196988493
11095,0.3351460941786678,-0.3343683583556311
11096,0.14780889274269185,-0.4284883674077296
11097,-0.09261519314222091,-0.38968949425852695
11098,0.35741780197837153,-0.3260481806606993
11099,-0.9850266038283452,-0.23773343046974363
11100,-0.5452900169154505,-0.26752040682895
11101,0.06566218060057209,-0.22960437030971304
11102,-0.5863654239593514,-0.47219330513111957
11103,-0.9797738073409198,-0.08065596235530202
11104,0.8632426809852423,-0.16535032709627762
11105,0.3490510319497512,-0.2856102913361044
11106,-0.9414096938917278,-0.2338011006180792
11107,-1.2416470071616603,0.10823456977802379
11108,-0.2571491624845077,-0.14785131729711082
11109,-0.10550862395468202,-0.20181183550307577
11110,0.2373585324902187,-0.2954036594555633
11111,-0.9333087104894685,0.18643878310186332
11112,0.13818539610471833,-0.006071668263276562
11113,-0.5045583309781585,0.1877863082463304
11114,-0.5298243614606831,-0.10233149266750946
11115,-0.20661028854940816,0.004278047959185612
11116,0.09616561915140723,0.0843065121519915
11117,0.7439043013860127,-0.010863081111674113
11118,0.36734398259222034,0.17306240859537775
11119,-0.11050346090731095,-0.06168549429212962
11120,-0.40654786468268633,-0.24121004496482823
11121,-2.413278604254217,0.6498810218647417
11122,-0.9375642305192534,0.7370964416692859
11123,0.5577900114369232,0.8902902700254098
11124,-0.8286606878571819,0.36263585299606554
11125,-2.000094179817415,1.7603623426627364
11126,0.788748802190651,0.6779796565464503
11127,-1.0716344916091063,0.5185775565288607
11128,0.8162240534990552,0.06495619408897767
11129,1.4304254517213422,0.3544156727584241
11130,1.600499630423957,0.3895631420744116
11131,-1.9448386485727436,0.4091232632554513
11132,0.7183489085140554,-0.10586002137972939
11133,-0.41101031519679027,-0.2887454102623006
11134,-0.5281781344660572,0.027407347189236316
11135,-0.39574322440167886,-0.07369396809106854
11136,-0.26889301547552535,-0.09107794688796014
11137,1.2165045148297275,0.020773634640257298
11138,-0.3446911712912821,-0.21693045805442027
11139,0.46994959886583115,0.45623365848772784
11140,-0.12496847630086397,0.16496379509640113
11141,-1.234807928149378,0.20399681716433116
11142,0.7839802941589997,0.8555303375276581
11143,0.9180989560162289,0.17343356979969007
11144,0.8615530775716026,0.5332623353331852
11145,-2.312462683962828,0.4044538275005425
11146,0.5953327902784541,0.3873230681339062
11147,0.2811033163189071,0.026144041301009058
11148,1.9898156157703641,0.3584533374883223
11149,-0.42366468668170765,0.13582627811292441
11150,1.7808735960624211,0.21266332973151222
11151,0.19464241941743984,0.08230934238259296
11152,-0.8897125318415381,-0.12934788837701652
11153,1.1144659181741912,-0.15328796168374514
11154,-0.07445006945076509,-0.2276507316704102
11155,0.3651983720338847,-0.17386126958542625
11156,0.7738503572531112,-0.19580317986108325
11157,-0.993361918395676,0.05760032582904467
11158,0.30931140214414815,-0.24065664130858222
11159,0.6069732556499579,-0.1079671169944778
11160,-1.2439440538384547,-0.039497207357977016
11161,0.9730393196411175,0.22576612977284571
11162,-0.7513035614226314,-0.1864648582856011
11163,-0.17370625390553945,-0.30616924155642716
11164,0.0300541230368073,-0.2586401509646617
11165,-1.4902531039969735,0.6499947604850345
11166,1.6007527825443495,0.186441174129599
11167,-2.014757926461913,0.12137290213509845
11168,-0.7850137731587485,0.4545821853608162
11169,-2.247069067756198,1.4107258982014383
11170,-0.6340602816387542,0.911282570773529
11171,1.4749256779061217,0.3381800842461195
11172,0.37654255265256276,-0.07961861788882349
11173,-1.2582778940765253,0.29230556798625573
11174,1.6078997153913284,0.00035560049906707724
11175,0.493405424992749,-0.2286014596402263
11176,-0.37793794718892953,-0.05680906054151511
11177,0.45226114862382616,-0.23695257692669439
11178,1.3972345185951116,0.004798032776138063
11179,0.5681583362072453,-0.1584949316665908
11180,-0.37124487821911545,-0.3374384650522761
11181,0.3907909366035939,-0.3905876120636489
11182,-0.45641303449594334,-0.3223908254686792
11183,0.830033290761421,-0.15914916608927845
11184,-0.25243153015216774,-0.29578003874010933
11185,0.5080852537492688,-0.40624883771188175
11186,-0.2544745346762999,-0.39905529994522354
11187,0.3753986283840632,-0.43107820161008
11188,-0.3850843617300271,-0.4437595874160232
11189,1.1603810710397329,-0.21688256074565368
11190,-1.0352822625897056,-0.16375573383137906
11191,0.1736277684326306,-0.4364877215838201
11192,1.1306838578153298,-0.12569787768201512
11193,1.268908268004957,-0.07320586848248904
11194,-0.2407335764322067,-0.12181785824099647
11195,1.0310258855438341,-0.12349515093296304
11196,0.27655828285875655,-0.18955198086088365
11197,-0.6186716436854726,-0.2553995691859315
11198,0.488951671405304,-0.44461766404658093
11199,0.010413696404165378,-0.3046549057555429
11200,0.11781403487069307,-0.34063592390770536
11201,0.49892507587570806,-0.4222420443732468
11202,0.10052349492368377,-0.3864096142443821
11203,-0.34794038434796254,-0.3891194831576752
11204,0.29758008035433675,-0.4315241729898073
11205,0.08700518611710516,-0.45978167566137107
11206,0.5951288370284025,-0.2755682851711657
11207,-0.649137352183566,-0.325325919045744
11208,0.48830033768068554,-0.4164970888579982
11209,-0.32175298421720183,-0.414342492096622
11210,-0.0758721667191652,-0.4184795184848955
11211,0.32162715797711744,-0.3221745222992763
11212,-0.5116463607701451,-0.46358578317216764
11213,-0.6152993583319472,-0.3719826629354115
11214,-0.4772610343637028,-0.3224734828686776
11215,0.7620652504415774,-0.34233856630911363
11216,1.0828279757252401,-0.14461718250940292
11217,-0.11149720368373643,-0.14273093390944167
11218,0.16376444910992868,-0.41689538412023613
11219,-0.10218619236369042,-0.3942912522737434
11220,-0.46198400017218266,-0.4043691739289897
11221,0.3074882921830109,-0.5092358488259167
11222,0.1276406325157291,-0.4685456122435933
11223,0.24850552605802975,-0.46716324393134795
11224,-0.23925018003015172,-0.5033363392086339
11225,0.07909999944818126,-0.482716689234495
11226,-0.22277262643486584,-0.5068095237379211
11227,-0.29985570307830206,-0.4557790714910132
11228,0.4039667327899774,-0.4862483551427765
11229,0.010188017852978423,-0.43313718773073756
11230,-0.052994392494832995,-0.5013938301278311
11231,-0.27875196474493513,-0.42589068394841834
11232,-0.02252732411884929,-0.4841074540219489
11233,-0.0008231230328101606,-0.3998181216542579
11234,-0.20738068604633297,-0.4799313725672173
11235,0.30653834662437507,-0.4218509493331053
11236,-0.13366907253103663,-0.5070621653627431
11237,-0.038858434079647695,-0.44464707607136933
11238,-0.1425464238056903,-0.5403243443669163
11239,0.10693135797852076,-0.59988200264857
11240,0.625075260737415,-0.31843823219886036
11241,-0.14820019004691104,-0.44994897353982544
11242,0.24937212211878482,-0.3369499873477373
11243,0.13378296310701304,-0.37865549146228705
11244,-0.2693120533911089,-0.4897811243728262
11245,0.30739364151868925,-0.46567322245146886
11246,0.2338503834909424,-0.41401116005547617
11247,0.17746136996998144,-0.37305564111821754
11248,0.022994368598685585,-0.38421506520732673
11249,0.8000109237593325,-0.18793332179569436
11250,-0.8588273924465547,-0.30349776905425424
11251,0.26684590821201176,-0.4836902946707081
11252,-0.6900808513435789,-0.19948536387785268
11253,-0.3954641386598943,-0.30071241974891616
11254,0.27927654028482674,-0.4289878510907838
11255,-0.125730941212277,-0.46841992898227286
11256,0.5195792184324745,-0.40984494356376044
11257,0.14688081674821488,-0.5764728905087722
11258,0.006454846745848828,-0.5113963199019997
11259,0.278873282496239,-0.4057353315058127
11260,-0.2618415952926522,-0.3921654869414472
11261,0.6381198106106095,-0.3694248126555356
11262,-0.4233410930586173,-0.330942791797305
11263,0.23498824621674014,-0.37020453371975587
11264,-0.4421065805390815,-0.22926283754201146
11265,0.022745472260893306,-0.38736904215924894
11266,-0.22152499664490108,-0.27034124887715844
11267,-0.30519873674285214,-0.38137934879227886
11268,0.12268865949533388,-0.3092803159613786
11269,0.21976383111390396,-0.45874625882072156
11270,0.6815815481640706,-0.3528083186587509
11271,-0.41505647827835973,-0.3021848005023336
11272,0.3893649399777525,-0.3749077215769893
11273,-0.2659392919161347,-0.3364663616392132
11274,-0.16772146598530174,-0.4126914922204683
11275,-0.37645742373374824,-0.372755613113356
11276,0.13940778997279812,-0.5534735291572693
11277,-0.5399958110150338,-0.36764754031129276
11278,0.1818961828121953,-0.5275174095494066
11279,0.12532550878920082,-0.47894946966555707
11280,-0.0980005090950303,-0.3361849881340965
11281,0.2779173870995131,-0.4035931756668094
11282,0.32003741023341953,-0.49344047351571635
11283,0.1125653873614795,-0.42571943940213
11284,0.07094947869956973,-0.49391008411358933
11285,0.24101866853584825,-0.442803853865383
11286,0.33457722753151586,-0.41447399964179715
11287,-0.5434264133401044,-0.46352224978147616
11288,-0.500334069278164,-0.44289624698956254
11289,0.43098973483142144,-0.5096471397229606
11290,-0.19052763441195666,-0.4761670084422846
11291,-0.3280506312338422,-0.5046723740901742
11292,0.3375754862781146,-0.49647155561045486
11293,0.12514587130998212,-0.516171838533943
11294,0.41402389207700796,-0.5234336162015196
11295,0.33329685235191997,-0.32909829950965597
11296,-0.5882141868025529,-0.09616615501642484
11297,-0.1742858045511328,-0.3276830145891742
11298,-0.31387963057509444,-0.43502583971147624
11299,-0.27336058032036903,-0.3836526223645316
11300,-0.01639058796823703,-0.4954763186911209
11301,-0.2686364225287698,-0.42710476222490895
11302,-0.16104068971473162,-0.377501290390472
11303,0.05242617864154886,-0.4015369936544344
11304,0.18476921076195882,-0.4457702525459171
11305,-0.1280821667603768,-0.5135494730516182
11306,0.37637983864298075,-0.5199708273965927
11307,0.6219130629599414,-0.3487980064045476
11308,0.26340804280189684,-0.38378449345951887
11309,0.09574803051659539,-0.43612355571718686
11310,-0.35792308071025974,-0.5195656870258483
11311,0.322301131542369,-0.4960846577049806
11312,-0.20528323797721398,-0.49298033619383913
11313,0.3131018873249293,-0.5287487966645987
11314,0.3682197171357286,-0.3402548481270673
11315,-0.6657337650260794,-0.22694999345804368
11316,0.23978365374908242,-0.5016426625757391
11317,0.2255208916863243,-0.5456764000385685
11318,-0.2003476000716203,-0.5736377356318548
11319,-0.1190522973908977,-0.4766324549047669
11320,0.2898977499082021,-0.5139346361805717
11321,0.2834392207445561,-0.46277492972399237
11322,0.09274723155094827,-0.5439817543382264
11323,0.06857202076860586,-0.49316659929471973
11324,0.4817699764778833,-0.21814403697474266
11325,-0.17258093182098005,-0.2286795712310393
11326,-0.03907491175490112,-0.4493407576249521
11327,-0.37187492226376306,-0.3943748926387645
11328,-0.24105576327874081,-0.45661748355617404
11329,0.22146131416483184,-0.49596553098621055
11330,-0.4879265850068553,-0.45311994240291636
11331,-0.15325978084108274,-0.4451303390797233
11332,0.042162991607734714,-0.5428873761673382
11333,-0.03280815534709379,-0.4911035094299791
11334,-0.3372859425198546,-0.4745962431176075
11335,-0.1075472125532352,-0.5130569915190447
11336,-0.46366996810613637,-0.3852774885507882
11337,0.14432271820359288,-0.39213833024938416
11338,-0.09574633845317125,-0.4309129178223913
11339,-0.1322724467678624,-0.41359515430014393
11340,-0.17625643254323664,-0.4565120619334964
11341,-0.16728301850895824,-0.41813544992610774
11342,-0.014266780807874779,-0.3972000043342627
11343,0.6686752536685543,-0.4492713361869336
11344,0.17772409741354098,-0.4436890655512815
11345,0.728987030625382,-0.30707209979433875
11346,0.20244892188745772,-0.19778225567298574
11347,0.07753769374205002,-0.3110933608195272
11348,-0.13204550279456811,-0.3053580445950232
11349,-0.5363544175244688,-0.3295505024554588
11350,-0.3572549431459356,-0.3498998932440401
11351,0.34742676514741694,-0.33286829968710313
11352,-0.6914072903959702,-0.37574052644359796
11353,-0.2569448842134545,-0.3426223426284603
11354,0.8328854011347401,-0.228408507885634
11355,0.08263051151310111,-0.381582267895002
11356,0.09591239787725199,-0.47480825480138417
11357,-0.4996752650167938,-0.37993962030118317
11358,-0.07503339680455351,-0.45209823438016816
11359,0.3359729845289402,-0.44464162022072984
11360,0.2168612330365815,-0.3679015889332649
11361,-0.5050380812727434,-0.41744269776206766
11362,0.15361661831859874,-0.2996647019448345
11363,-0.43043093462819976,-0.3501800962058983
11364,0.4804772667737501,-0.3491749333750985
11365,0.20543253929865415,-0.3885420104386105
11366,0.6156765206179581,-0.3736011974857436
11367,1.720303612415446,0.6793772298750382
11368,0.7954420487985816,0.3960506649229456
11369,-0.49627816631116056,0.4808314706390259
11370,-0.92716992145507,0.11778471306382346
11371,-0.2197840890208844,-0.22231384348362113
11372,0.5221517294808119,-0.22778655258581693
11373,-0.2035398666278112,-0.38132944959098336
11374,0.5020412689853253,-0.17264710625950416
11375,0.505293622629807,-0.23124840696803162
11376,-0.0035792403257057072,-0.3103000556369841
11377,-0.4503255812688657,-0.4440562481225886
11378,0.07704352828755773,-0.28537187524491653
11379,-0.225107532971714,-0.4007751410466887
11380,-0.28366071307014235,-0.4813801160563319
11381,0.06625739424609929,-0.48842091215619304
11382,0.0021025540745886694,-0.435334235860291
11383,0.5945142170062139,-0.32212310423451157
11384,-0.014442055074914662,-0.5458789171341727
11385,-0.5742198290234954,-0.47561205863501793
11386,-0.27938733929547427,-0.36058233278748697
11387,-0.34226740892452423,-0.29738919072620945
11388,0.7414938482621934,-0.4041761704258003
11389,-0.037182109856811585,-0.3432881367198093
11390,1.086752519349899,-0.38368403711267013
11391,2.0974512930885183,0.642610143885914
11392,-0.32486425081993436,-0.21145138408638112
11393,0.25388832506888237,-0.31441392817072716
11394,-0.8427980654363073,-0.27724287612120846
11395,-1.0139591524913596,-0.059291594136802434
11396,0.6369809713483642,-0.25350831176881855
11397,-0.034969136358559846,-0.4735803419871413
11398,0.3872163496981152,-0.36491517403944795
11399,0.2014925204374172,-0.36119396500344203
11400,0.9594814107708776,0.553617957126188
11401,-1.2315304314192335,0.03591716672206543
11402,-0.3122129624646105,-0.27180176172771653
11403,-0.37478372820249456,-0.21853793502144694
11404,0.15801014430736945,-0.23621524061287338
11405,-1.0432444616663867,-0.20407065801662116
11406,0.35783062437741614,-0.2110112290868288
11407,0.5986722427512104,-0.2731366980722635
11408,1.0870308490280545,-0.13316752140611277
11409,0.6482435117889727,0.33229028083141665
11410,-0.291003201902673,-0.15929162547552073
11411,-0.30014591050008615,-0.31392359850521745
11412,-0.22011908216091086,-0.31461085332354927
11413,0.20797924548761715,-0.1858197237852471
11414,0.3720765582395328,-0.35544844187583713
11415,-0.36020581696494314,-0.28400712328990735
11416,-0.011850064632461082,-0.2337265021738915
11417,0.5830975226904881,-0.21970690444969998
11418,-0.18206966414358225,-0.3282933204900032
11419,0.3498182480495578,-0.31035622174820016
11420,0.5024398131935437,-0.0011691719453955742
11421,0.37772980545681145,-0.018179879438122076
11422,0.3103478922234138,0.062803736579006
11423,0.08632939526636632,-0.17275605629339863
11424,-0.7794358784401664,-0.15176108536073302
11425,-0.06023950097059602,-0.26093101794921
11426,0.15398964313263167,-0.28831566569190736
11427,-2.0224134993957987,0.3609638673391916
11428,0.8123901818949867,0.10487938520844761
11429,-0.43544619855911565,-0.15378294427362685
11430,0.15191373910197745,-0.3750811516629402
11431,-0.2983808368541601,-0.22190144739110174
11432,0.310584086867937,-0.340468028010695
11433,-0.6492213340982065,-0.19806639416440663
11434,0.4974177345122916,-0.3385063444679364
11435,-0.5651375601767166,-0.24118149892381197
11436,0.14720183756680133,-0.2987018765947512
11437,-0.4730748475076788,-0.23939269746126374
11438,0.8087676560319695,-0.19740136234370367
11439,-0.759525859771652,-0.20583239490386365
11440,0.5787281168830383,-0.3691878003630632
11441,-1.0506293270775786,-0.0972635879165363
11442,0.32329491471606786,-0.3768677673064239
11443,-0.515786765056159,-0.36173032027728463
11444,-0.31850923089465794,-0.22350030576081334
11445,0.5771883305327756,-0.027507016026744574
11446,0.5105987448943513,-0.3923814195802522
11447,-0.06117723236675262,-0.2802336661611573
11448,0.4672822409995732,-0.23341109911449512
11449,0.28085083876742073,-0.23694505662646392
11450,-0.7850431429451341,-0.18866068849010523
11451,-1.0088226108315135,0.048103174253791355
11452,-0.755107790721182,0.263732228583479
11453,0.07445891882388328,0.46935983709180046
11454,-0.5786123830897218,0.09952346001577295
11455,-0.2427944688262196,0.05370801414928676
11456,-2.0114689722246344,1.720221060344906
11457,0.9391059153256599,0.39078662820482507
11458,-1.0150858849129358,0.06099244880480851
11459,0.9061922810839902,-0.10193228204860515
11460,0.6832250926358162,-0.047341537922367956
11461,-0.8358649606528087,-0.23269160865138128
11462,-0.3340011315099497,-0.13962530781047344
11463,-0.4480501899199823,-0.14036523336738213
11464,0.7498803188759084,-0.16666441067483523
11465,0.3473797089472533,-0.03251988477583176
11466,-0.8760042337485193,-0.15081459874720474
11467,-0.5383006906006146,-0.3519398772634677
11468,0.7894693607406643,0.09446696055911742
11469,-0.9859118689081117,-0.2171332528538224
11470,-0.3456116816521718,-0.29261183692469905
11471,-0.18297784339822434,0.2615575855800721
11472,-1.0496052250408203,0.19671105130590788
11473,0.6215529005278387,-0.007663064348076719
11474,-0.19816807904577027,-0.36301099371595014
11475,1.2294830023239798,0.04631979302154221
11476,-0.10681118273323563,-0.3316861925854809
11477,-1.6370458170594757,0.07570131207349999
11478,1.0995037821922546,-0.1001276658225624
11479,-1.2425195112234262,-0.07167040765425944
11480,-1.2065651448992731,0.202272083455077
11481,0.6995998938437105,-0.20095266806247097
11482,0.38702588874305877,-0.33538734254051017
11483,0.10977863262356104,-0.291974270457894
11484,-0.249450418492815,-0.18812927061840387
11485,1.412577025269379,-0.14370930498310924
11486,-1.0641547932571174,-0.21305891160487025
11487,0.030327283911456577,-0.1773483667434637
11488,-0.3021667870783444,-0.3927323200372409
11489,-1.1419520177313467,0.29701091865636703
11490,0.4206348142532069,-0.3651386591970119
11491,0.11191494003823267,-0.27195110849930015
11492,-0.26181039236144465,-0.24186338344359992
11493,0.07211193524316159,-0.3634174190440885
11494,0.3845729440616656,-0.31408138201375346
11495,1.1196681205458925,-0.15517215592974576
11496,-0.1756523191909304,-0.10022808953526678
11497,-2.4406669857114545,0.9130499075203256
11498,1.607959976678006,-0.08869209369999605
11499,0.17066159711554016,-0.39368702371044434
11500,0.582430466297945,-0.32769670590463906
11501,-0.3577177409312413,-0.41195993720995966
11502,-1.5520203909232508,-0.17145804787233646
11503,0.3972563171182524,-0.25444157660219696
11504,-0.24967983886325112,-0.028161504342311492
11505,-0.22834865782191155,-0.2320380697390991
11506,-0.09296445101027768,-0.20542676168720422
11507,1.8788210191113632,0.0367610086680007
11508,-0.3823757937460558,-0.33061544645633356
11509,0.9684154266226948,-0.15616214209952123
11510,0.5797818311729012,-0.1792494522300962
11511,0.4400670581797798,-0.18570583176314526
11512,-0.4571945689211154,-0.3786767613872965
11513,-0.5696201562167222,-0.3958932042052562
11514,-0.2894911171114819,-0.3852139203154587
11515,0.4452133909104404,-0.4106692087045505
11516,0.32011946295172145,-0.3853123325609772
11517,0.5674663353343881,-0.29137034131548073
11518,0.3965445607866574,-0.3133971108690032
11519,-0.05101808554032696,-0.33478792728426293
11520,0.3812258885402848,-0.21016566676441253
11521,0.4232918980148701,-0.32604139584291447
11522,-0.556478075509637,-0.1360783370379537
11523,0.27772137157052057,-0.30804993618627385
11524,-0.16732214000493983,-0.34441809984067545
11525,0.7920358865998381,0.008356925341665052
11526,-0.09658468151499464,0.05885329944357996
11527,-0.037957203350872146,-0.3263379455145814
11528,-0.7392022130285012,-0.362804620171972
11529,0.5310255368412499,-0.40801178948310535
11530,-0.32555484560808423,-0.37083413052152564
11531,-0.5977736745257499,-0.27662902575858145
11532,0.5121669449121177,-0.3230122933911344
11533,-0.1908744697769198,-0.4206640924159475
11534,-0.1660042682091769,-0.3948330366415487
11535,-1.226430443133248,-0.02383543230974608
11536,0.20266867862526036,-0.2600684615346169
11537,-0.6727048862930106,-0.27382828583227575
11538,-0.8864288170382825,-0.11822993272901804
11539,0.7650725534294122,-0.19374705191493888
11540,0.39328483008220055,-0.39948691771707634
11541,-0.2997677124949866,-0.36507712495863875
11542,0.4667723012473353,-0.4706507557779374
11543,-0.16759974627441768,-0.27534888794710083
11544,1.5147481872319664,-0.012096426436773828
11545,0.5866217633932135,-0.2135930050149156
11546,-0.5788007174887287,-0.3580213082525566
11547,-0.13660592025941193,-0.325244936733927
11548,0.38519525167895413,-0.24813024052152594
11549,-0.8058001325837081,-0.2153101855680325
11550,-1.3168361105464894,0.02092436717212414
11551,-1.6675575267269782,0.8946611635006136
11552,0.9103014489036306,-0.08792091231688604
11553,-0.3864398548376424,-0.2570976019627554
11554,-1.3650669675636804,0.5623445164996279
11555,-0.10729740307046363,-0.006866172805445252
11556,-0.8626550036760202,0.09357827584312424
11557,0.013075203805587002,0.1528761550347301
11558,0.22596373870257347,-0.15531562887117342
11559,-0.5932445327607707,0.07599194860218195
11560,-0.44275882066002537,-0.009659241044752414
11561,0.18547636629697217,0.4932376333521386
11562,0.8559770301841866,-0.05358577194723281
11563,0.970589319220711,-0.06732805744634034
11564,0.32664247501366384,-0.1703324668324721
11565,-0.9895039473863209,-0.15998467864006163
11566,0.6592386840327835,-0.3371198002984029
11567,-0.45419588252046295,-0.3190095991588639
11568,0.46163943396153595,-0.4029055269326288
11569,-0.36482713580474646,-0.294180768810221
11570,-0.21900263656298194,-0.44133048659319724
11571,0.2836869414521027,-0.42661988374706833
11572,-1.2680894590969463,0.21256874203927392
11573,0.39688854267516005,-0.46325974606425685
11574,-0.27308850816011204,-0.45898068782148577
11575,-1.1259128243062493,-0.006002200418198179
11576,1.0672052996729628,0.020295994148652893
11577,-0.8044232192430015,-0.22419066098121704
11578,0.5383832134345349,-0.3980400106247683
11579,-0.11518816895821352,-0.37663401270695906
11580,-0.20908735324486946,-0.42247524018800736
11581,0.008990244131515472,-0.36160999650451353
11582,1.5584984348941766,-0.15926676782310092
11583,-1.1627395854716376,-0.17279553067733042
11584,0.8389197425143936,-0.4320299321434865
11585,0.018953562740211233,-0.44438669939401315
11586,0.5806787828735113,-0.4729029856004562
11587,-0.16932300679367923,-0.5017930743821046
11588,0.2598724635276995,-0.4481336968386769
11589,-0.4832602328477645,-0.3858201575509707
11590,0.44731819320897787,-0.4601500642895302
11591,-0.2137895920091863,-0.45529086761828663
11592,-0.859857767508995,-0.3982162164667755
11593,-0.40656367516705944,-0.30098567529252473
11594,0.7115781090225748,-0.30423632478102525
11595,-0.1563675805472263,-0.43790176193816016
11596,-0.7661205212720069,-0.19539090726758268
11597,1.9975687133116797,0.056491037435910496
11598,0.008765643426103694,-0.3350449619755126
11599,0.8229831150704898,-0.41072709895277276
11600,-0.5931511978746393,-0.3501880271493482
11601,0.24296123582455045,-0.3993882682150056
11602,-0.2788876107971636,-0.43508369816915915
11603,-0.08198011543667162,-0.47939897712676083
11604,0.1708342113290868,-0.48192638944002597
11605,0.2661696798498703,-0.5049931475246726
11606,-0.40903668583842995,-0.3987195652048805
11607,0.294154815553795,-0.5543505642169605
11608,-0.4609194956898935,-0.5318330367968819
11609,-0.8063931823581988,-0.2634119770054641
11610,-0.26029549156128395,-0.5052296881979936
11611,-0.9816190916140091,-0.3234704275592853
11612,1.4025978699246227,-0.24355065509790869
11613,-0.1067333898283324,-0.5602064064830895
11614,0.34663938578886766,-0.43040815692475176
11615,0.19213640935803625,-0.4741151083756194
11616,0.2598292090213418,-0.473649914970941
11617,0.2641085660775054,-0.4542408832301923
11618,0.01984424676803379,-0.4895899251324439
11619,-0.49000585271885116,-0.38940060508822827
11620,0.2735789790620191,-0.45475012724918645
11621,-0.659505025499578,-0.3051974528326874
11622,-0.17606874164052205,-0.4800810294479359
11623,-0.5666191364335025,-0.3236205510265544
11624,0.6697387142561683,-0.29848359964019444
11625,0.8729973135880682,-0.23630950218726057
11626,-0.4364548427142943,-0.37197762541244356
11627,-0.5858190460356402,-0.27253427056953783
11628,-0.5266373281139786,-0.26452814682265835
11629,-0.8620663262771521,-0.004476450845425081
11630,0.3461014607498105,-0.33256621989749136
11631,0.6069224127044479,-0.21366266193721847
11632,0.09726224035104446,-0.41238388654286096
11633,-0.08393687718166384,-0.3053807503366463
11634,-1.6547610603110203,0.2237565266221152
11635,0.33674321356779957,-0.4072649874410559
11636,-1.7370738403679653,0.5331290973762596
11637,-0.17055245178081818,-0.1955840751113371
11638,-0.3756982045125583,0.2966441863128594
11639,-0.3375821323866785,-0.1043592595799847
11640,1.408761318639243,0.3133315447425908
11641,-0.965838656556824,0.08541201180057184
11642,0.5398408829392505,-0.14260872672226776
11643,-0.279602825060111,0.0025383439905733753
11644,-0.6056359547222169,0.024799432457633223
11645,0.9178516911510224,0.030348511645002848
11646,0.3818856259394392,-0.08293891176005197
11647,0.35137912457931375,-0.229389060828347
11648,0.06361488491558892,-0.05228319276161023
11649,1.1900475146431475,0.022808854605687306
11650,2.210302561699759,0.8356538015094581
11651,-1.507403225622439,0.5037520194954271
11652,-0.4363894750273614,-0.0023047290426381744
11653,0.2821458300495596,-0.2573895841926766
11654,-0.010463817428315108,-0.18598576310033552
11655,0.0660450332919813,-0.23031031403847127
11656,-0.07132645711312349,-0.03745142453373204
11657,-0.24340466715970402,-0.16532159241498848
11658,-0.03338559170872799,-0.4401772932348929
11659,-0.1644295756092136,-0.3587891432775493
11660,0.15787570651051225,-0.33161034480165147
11661,0.3752578224863359,-0.38552486669561065
11662,0.10256888166696354,-0.31829310432778896
11663,-0.34162093420948814,0.10101617909201743
11664,0.15112020949215263,-0.21163113092875394
11665,-1.1916133873383037,0.13045427760635336
11666,-3.6577462447815035,2.0169996957184
11667,-1.9036291045120652,5.170423375779007
11668,1.0741806406860166,0.842167261577135
11669,1.4789023690306908,0.7856635260026094
11670,1.1013033000172843,0.20092691480390035
11671,1.5543892248735391,0.08815851320568091
11672,-0.7780802260914578,-0.20840044211989867
11673,-0.26578985272051564,-0.3673104867015331
11674,-0.03724262119252795,-0.47536519988607406
11675,0.09726320282526622,-0.4550596275064696
11676,-0.9946260325793083,-0.33811264249230444
11677,-0.4891769423729229,-0.3160174150890002
11678,1.4599418183277655,-0.2874107640259435
11679,0.07998923664854306,-0.3758594207947966
11680,-0.5405268724097394,-0.39291483023906204
11681,0.3775974416852686,-0.45900290803888777
11682,0.2763880078944035,-0.5613993181752422
11683,0.7475415275144037,-0.23793316378994217
11684,0.49854451096723745,-0.4139295595849889
11685,0.5906703570303776,-0.2905379383807646
11686,1.8934138712408601e-06,-0.39765234037379127
11687,-0.02050119570543874,-0.3970943278391585
11688,0.7476644456378668,-0.3530287060478837
11689,1.0416123091530387,-0.03770253927167245
11690,0.1916023898841875,-0.11298417014111628
11691,-0.11637772516726558,-0.4492104854424392
11692,0.14794909763244105,-0.34019419121302874
11693,-0.2193724316873746,-0.3501832220266479
11694,-0.3360810717192792,-0.3965863408093395
11695,0.14148156671848677,-0.44110305010866013
11696,0.061334453927978705,-0.5151937936701475
11697,0.8146016064153259,-0.2598266946782757
11698,-0.04181565160754287,-0.4165059654548526
11699,-0.04274763362792014,-0.4133955703053447
11700,0.12152111194519787,-0.4223745826397218
11701,0.23934073875213516,-0.40455809516751023
11702,-0.0573021873956658,-0.27807671650727495
11703,-0.15679018833286987,-0.43708704853346075
11704,-0.3551956062218427,-0.4539575346860203
11705,0.6185156441796466,-0.3981508660995402
11706,0.20394962943143147,-0.32160206913749023
11707,-0.19487161598968833,-0.4308083258685449
11708,0.23648701537078456,-0.43029082197071966
11709,-0.005154185871681593,-0.5121538851354162
11710,-0.21137780664893163,-0.44472723324238883
11711,-0.3398338589663507,-0.4736165909154459
11712,0.48354715180889407,-0.31029678692954804
11713,0.3730659790693109,-0.4492674971955201
11714,0.4510820917662588,-0.2969063976455002
11715,-0.15805310319157775,-0.3753426262852557
11716,0.17601300049869956,-0.35191669200530984
11717,-0.19148454008045218,-0.3825506565171153
11718,0.029549538432912505,-0.5020210995594796
11719,0.10665512111238985,-0.4072541476283765
11720,0.24593791709111257,-0.33762518780223794
11721,0.5587335511013324,-0.3003218732447604
11722,-0.36086520926040555,-0.4017557891502331
11723,-0.16572256241013936,-0.40305875290286985
11724,0.14056438101559887,-0.49716561211712484
11725,0.0738176763419919,-0.42608637332546917
11726,0.38923981184631873,-0.2885624696354199
11727,-0.4079253732904005,-0.31057558238660654
11728,-0.31310301048852074,-0.36991367916273726
11729,0.3473700034671546,-0.385604067720817
11730,-0.47024847917022466,-0.38878262302531463
11731,0.004713580954911953,-0.3055398659402375
11732,-0.7347951863323388,-0.1417579917147751
11733,-0.04266267756678926,-0.40947688639951846
11734,-0.10716451729438624,-0.32343126218792073
11735,-0.32044601465596134,-0.43277039866731426
11736,0.22175661963057824,-0.3193907807203632
11737,-0.9265698554481356,-0.19778797510682108
11738,0.5170246741433423,-0.2463756742512217
11739,-1.796520100377318,0.10467445361218773
11740,-0.39211533344453,-0.05209312981433911
11741,-0.02793299068616153,0.12617886977591447
11742,0.7550130187121055,-0.10671977659158202
11743,-0.7369345884983575,-0.1371738123129505
11744,-1.7295963954032756,0.48090925048295396
11745,0.1270941505453862,-0.019591809313060274
11746,-0.36265354764165886,-0.19190418066208248
11747,0.5455691197179808,-0.11565294926648886
11748,0.6846078293250104,-0.043111693038182526
11749,0.8089287408836573,-0.1804261534733985
11750,0.014635713234080378,-0.306544316386185
11751,0.39553922454283724,-0.23366464696597716
11752,0.6938933683690367,-0.279253771403712
11753,1.2118709619430796,0.1568977225386833
11754,-0.34103001216838486,-0.25671952226133643
11755,-1.1934554710181597,-0.15667308525871945
11756,-1.2309986869468657,-0.014303812540420135
11757,0.35194242957120697,-0.26677116795750844
11758,-1.0297401519418186,0.03708410615395521
11759,-0.9823170950608944,0.10959842613008829
11760,1.516463432086801,-0.06725871579729101
11761,0.23886906065373864,-0.36507471345429926
11762,-0.6642881862321596,-0.3432106838696315
11763,-1.539339863945387,0.17502762304935537
11764,-0.16186281793956964,-0.29035090487018494
11765,-0.2752082457317172,-0.07974571130383513
11766,-0.44572039934627605,-0.15479840524802402
11767,-0.5407762389156663,0.19061796037883974
11768,0.41719756936848906,-0.13141513265851562
11769,-0.3133814655114735,-0.25059268159791825
11770,-0.1877631030291464,-0.37489347366921505
11771,-0.22491861970910723,-0.23423301200290375
11772,0.7089188991630968,-0.33767507884850684
11773,-0.15015855190094177,-0.36345008197413153
11774,-0.5636357887541911,0.0777142883707981
11775,-0.7812627741882803,0.0231728560544748
11776,-0.03964588110139799,-0.20185259261045216
11777,-0.6818325480945239,0.011345794319014606
11778,-0.17788227944661764,-0.3882289064235787
11779,1.2378437138844405,0.09584528267117717
11780,-1.0940724727812547,-0.28752533739077196
11781,-0.8759889610279905,0.39809085823752444
11782,0.06324927834904398,-0.28781555063654934
11783,-1.6288617554878142,0.6760593081571783
11784,1.0995418134544268,0.3249615779816777
11785,-1.0433908665786724,0.347408064592004
11786,0.7126042690952629,3.81265858589655
11787,-2.653811330052284,1.222228442205419
11788,1.6772438745960259,0.568114427075322
11789,0.4860773313299694,0.027254682334413485
11790,0.013488082870046715,-0.1823135683498963
11791,1.6446886455948755,0.09078928537791624
11792,-0.21132198411881215,-0.0557144449357183
11793,0.652542849082839,-0.10979305276626825
11794,0.32985599968318824,-0.3380439067335136
11795,-0.596257545038666,-0.19430394108387158
11796,0.9834138399324422,-0.23446427647569412
11797,-0.6154979472960589,-0.32828880340433075
11798,-0.6592099004369631,-0.32045696517441696
11799,-0.9061853554010344,-0.06770928372591113
11800,-0.30136925070510767,-0.17005512266146075
11801,0.27441966102388166,-0.40318805466250374
11802,-0.22995330855205848,-0.4697639778644105
11803,0.6532649555367032,-0.3448873852207941
11804,-1.1036407138707982,-0.11815987458108998
11805,-0.32776298654542707,-0.15370737287731825
11806,-0.023391546793478057,-0.24758015493661734
11807,-0.7489114406564563,-0.13064927467226056
11808,-0.5926476649853291,-0.16045597981112483
11809,-0.4279486802332072,-0.14533221879592675
11810,1.40811002739391,-0.051440108240904246
11811,-0.4363137953782126,-0.03566924358223662
11812,-0.5306445763261167,0.009766011906384533
11813,0.4293622283729938,-0.03862036779647974
11814,0.4341235245524258,-0.10671666871141862
11815,-2.306168708540847,1.1541758444569317
11816,-0.23337858401695796,0.3146423652116681
11817,1.27806629188093,0.49919083702129885
11818,-0.43966005452901885,-0.2839790220595736
11819,0.8414839844715012,0.16583295645530477
11820,0.9682306777040746,-0.13734244671968357
11821,-0.04659599537742937,-0.3033324409348738
11822,-1.2615490201492785,-0.1812478288444895
11823,0.9313485112491425,-0.3108279540105257
11824,-0.34863166023141495,-0.3689854048317592
11825,0.48879563066067927,-0.21479593843383618
11826,-0.3959992047608013,-0.37083197313486427
11827,0.07365690426563042,-0.4497828077823596
11828,-0.12789341282135708,-0.3694437547336159
11829,0.7919731940989561,-0.20410800501841883
11830,0.7668043430147529,-0.21976540490061064
11831,0.5962736933078229,-0.10780874697851552
11832,-0.3775432619748035,-0.23190756689697695
11833,1.5137075215092959,0.8229359977507535
11834,-0.7069900102470594,-0.02677035830518312
11835,0.3282884064694589,-0.016226509567599322
11836,-0.7352770125854654,-0.11868283565383118
11837,-2.245504074237884,0.4624881372040927
11838,-1.8589379725872022,1.1236495576787613
11839,2.5439654190285417,1.3690737427783306
11840,2.3962177422827216,0.9138139221093342
11841,-0.8900137978343062,0.1342179209710245
11842,0.6737272774522006,0.00865939058251048
11843,-1.4355000122080646,-0.1103084016802778
11844,-0.9745184551512396,0.18752128735414123
11845,1.7122994860040428,0.07084177751144884
11846,0.055187817168199246,-0.36834031060567235
11847,0.9666814110643052,-0.18413749615481267
11848,0.06415203677389814,-0.33891520263035446
11849,-0.7313111035751614,0.03411142817551082
11850,-2.125146174290719,0.19000547347701222
11851,-1.2872277418110591,0.16030894319264707
11852,0.6458534720610287,-0.29459025234697106
11853,-0.6382071777234711,-0.08894720819840364
11854,-0.10644580734952468,-0.34192085398716093
11855,-0.4081553627546618,0.0078071940513390085
11856,0.7108597672554012,0.26103171166934075
11857,0.3341303504294891,-0.29747430651811596
11858,-0.9608025567915073,-0.020614120415088557
11859,0.16254974177443784,-0.30315119999649753
11860,0.02360563390367411,0.10605642289183866
11861,0.08626505051791747,-0.08727681862036182
11862,0.5128078284775072,-0.08765495961004428
11863,-1.9753853893992295,0.44968796474850226
11864,0.45854272441523763,0.04773940828666314
11865,-0.524143419088659,-0.0875907715963959
11866,1.651877460086596,0.13082722415093892
11867,0.7290713301414313,-0.14622306743787852
11868,-0.11627386067307661,-0.34658283070503654
11869,-0.20920224725532605,-0.4422273086349906
11870,-0.5144128192277081,-0.48497695898376775
11871,-1.8616521910554027,0.19925045860453583
11872,-1.6724237700352007,0.7423793591951492
11873,-0.4155980822852229,1.6657413778391075
11874,0.3592403977397019,0.28224612104987706
11875,1.4314801495110154,0.11673594598736645
11876,0.7397111720331491,-0.18597260115408945
11877,0.2841471867864134,-0.32161542200062976
11878,-0.22246160576406376,-0.41424068397803854
11879,-0.15473191134853148,-0.12379782315003937
11880,1.0699235093306037,-0.2120780251292204
11881,0.1258708906676543,-0.19557489489398838
11882,1.0805159641561013,-0.06534049996147409
11883,-0.21603595006556114,-0.3601512395157406
11884,-0.7469049233799524,-0.4019574628460684
11885,0.46776471682936727,-0.523852837978471
11886,0.3840194168787597,-0.48570395427000934
11887,0.19328373107819583,-0.4765157448635648
11888,-0.24947600598860697,-0.4847408327843046
11889,0.043615064522231094,-0.580134591234564
11890,0.05023746632793129,-0.5256674682659338
11891,0.26412516168817196,-0.531338869456571
11892,-0.09606018047793256,-0.5066774213795582
11893,0.10152638262117468,-0.5691620023397109
11894,0.09902328392417428,-0.5264535445702578
11895,-0.07538315111228576,-0.5188066552948831
11896,0.595658621638885,-0.4567633721848038
11897,0.5751882099380593,-0.3698246284911033
11898,0.08386509239658754,-0.36247213377758514
11899,-0.579460438467742,-0.425405895005618
11900,0.51041978317202,-0.43111178631441627
11901,-0.3085429301588074,-0.5228782318684765
11902,-0.1307563873682886,-0.52819690900952
11903,-0.5449083841496851,-0.44738735927972945
11904,-2.0672674883732105,0.2712038567424076
11905,-0.8005259661007693,0.03238707181195395
11906,0.549795799619172,-0.32401439227251094
11907,-0.4965634634353917,-0.2283543137934536
11908,1.8307990568318064,0.006246823189614852
11909,0.45607585851316823,-0.31681500432733095
11910,0.6473333613846118,-0.3484616562161529
11911,-0.1052435531777629,-0.42049804705324517
11912,-0.5417995786809168,-0.4444202566421817
11913,-0.4733412580390613,-0.28105661795579906
11914,-0.4299780671285144,-0.4207514326402443
11915,0.558826879947781,-0.45046881357023616
11916,-0.48469167834708443,-0.438294989258704
11917,-0.5178323174506321,-0.4526513629850805
11918,0.7360438623437504,-0.4886863586147293
11919,-0.9319808010055289,-0.377732715796274
11920,0.30582339131386294,-0.32035051067188075
11921,-0.7337685185223808,-0.30983874064251504
11922,0.7651027714626114,-0.41927701328828976
11923,-0.6383932483494232,-0.4162151710588965
11924,2.360872399151566,-0.09448377024552478
11925,-0.3623117850665214,-0.3243696898239826
11926,-0.26473577754114896,-0.44586339163012756
11927,-0.2813366509274882,-0.4914858336423175
11928,-0.08113588420129073,-0.5033172669899145
11929,-0.6048431312982093,-0.4408000715940995
11930,0.8953882185237,-0.2870395159440473
11931,-0.8777268965949346,-0.42189690474487107
11932,-0.0410801773785459,-0.485848300437259
11933,0.4852727235050298,-0.37857421666484814
11934,0.442928649155683,-0.3655484975041033
11935,-0.7896348545285341,-0.3749961054678275
11936,-0.4902616653115838,-0.3443464437012235
11937,-1.2432722582933362,0.297207307016714
11938,0.07925201539454388,-0.2059068192390558
11939,0.6222502254326244,-0.28895346548678785
11940,-0.018677005667886656,-0.3524480379346459
11941,-1.0623322757943225,-0.09661061018783529
11942,-0.9359644520978341,0.24902331872671235
11943,0.05375518203622149,-0.04671706553829375
11944,0.015403683232056991,-0.3083068862951118
11945,1.0798156481506105,0.1006197299786317
11946,-0.010871088638522786,-0.23509690441288453
11947,0.8321202369529046,-0.2571334576783823
11948,0.05971426254147974,-0.4534292310757615
11949,-1.4397974698339178,-0.33552599882805584
11950,-1.8767503570921984,0.5798019145467691
11951,-0.9052836990027493,0.03938814696718556
11952,-0.6557304927498904,0.439948276997549
11953,0.12690395807592694,0.029141961795320196
11954,-0.3277370344108992,0.386056177935692
11955,0.23037495192586668,0.14027516547255356
11956,2.4646547235475387,0.24559685008756169
11957,0.016180003169016334,-0.037037810413310356
11958,-1.691052444892701,-0.07664095368995606
11959,0.9364481265997495,-0.2919660628723634
11960,0.3076281153731722,-0.3721296022876474
11961,-0.472706098153395,-0.33985412076134053
11962,1.2525719871367875,-0.10302186975594647
11963,-0.9300505904069972,-0.1400268945746922
11964,-0.084142829992346,-0.4619418241267525
11965,0.6765339422385093,-0.3473865174670682
11966,0.07364432612135041,-0.482572489121151
11967,-0.0014399933383139878,-0.4747200893671223
11968,-1.264898355559016,-0.11443608538771928
11969,1.4157874675890785,-0.28914822755192604
11970,0.12645814403701322,-0.36707881484508276
11971,-1.307211942646339,-0.20229885560123848
11972,-1.391225675451912,0.10581304362735448
11973,2.1499821214195722,-0.02539828637649366
11974,-0.4835272488491014,-0.4168477005778445
11975,0.3951731410098024,-0.1539305266470156
11976,-1.3400092995850843,-0.03963735543381844
11977,1.707521624896442,0.5065580108551232
11978,1.2289533370091126,0.007866959829411121
11979,0.13118261224710767,-0.2184029400527087
11980,0.5814248285839622,-0.36677120113256717
11981,0.06474664987423408,-0.4372972072000958
11982,-0.3772812496025245,-0.42751807216925597
11983,1.1024590726679981,-0.18058450543182128
11984,-0.3732903332470032,-0.40315963145548933
11985,0.6020327399080276,-0.3424609939874267
11986,0.28547455603424543,-0.4421988863351252
11987,-0.2787633067900167,-0.4321966470390221
11988,0.09100151903791107,-0.49262237302739537
11989,0.6492029784952671,-0.3749334682113867
11990,-0.3626581402733502,-0.4554625378740114
11991,-0.6067057369000809,-0.38119349658318186
11992,0.44362573973245817,-0.447053943130364
11993,-0.4649101042139319,-0.45702851934723066
11994,0.3840604798038978,-0.4955766416154522
11995,0.058693808963400276,-0.42837711766334846
11996,0.4374842497230102,-0.549746789855679
11997,-0.34577763960354146,-0.45695130611359136
11998,0.19145653350527175,-0.5576318209436483
11999,-0.32930638375289184,-0.4949170000571996
12000,0.2735352109241713,-0.5289434297961094
12001,-0.03153896203218329,-0.47543817291042356
12002,0.32074634249878137,-0.4412284972957923
12003,0.5148610514058662,-0.4314102741277753
12004,0.18445042857956145,-0.368932745427336
12005,-0.03672702340000563,-0.34722885739446036
12006,0.016271855470472003,-0.46066935975138695
12007,0.42807279434281426,-0.3609289195445112
12008,-0.4767933060677375,-0.3015977265165561
12009,-0.20487103991990582,-0.4550796239761
12010,0.38965822108526416,-0.33645705883296856
12011,-0.36169025531663657,-0.4351441434432217
12012,0.08593736331045915,-0.5446550288574057
12013,0.10607157354552411,-0.4387987804240503
12014,0.14608075556638822,-0.4948632656711178
12015,0.5404057211267556,-0.40993640477335763
12016,-0.14373071512227745,-0.33606090581404763
12017,0.16901999822393746,-0.43238906148239065
12018,0.11322423820988956,-0.4599288132017636
12019,1.570395982435909,0.11352641573892859
12020,-0.9557182050966447,-0.10467257459868748
12021,-0.38513425200392426,-0.2654846379603705
12022,-0.15856608147259402,-0.425383216849038
12023,-0.3840592884606131,-0.335457463189161
12024,0.17459017331292462,-0.44103350801338065
12025,0.7795427061208079,-0.32963792683780013
12026,0.002999425365096883,-0.47470802236264176
12027,0.23989678999972808,-0.4217334527200278
12028,-0.7175957708869178,-0.38584360172162485
12029,-0.011536944757486244,-0.47355040308538615
12030,0.18128394509950818,-0.4878878301453961
12031,-0.5171681700680019,-0.32326005015602793
12032,-0.5270203088780384,-0.18132545897681143
12033,0.6757819800564406,-0.268286541425574
12034,0.08561442069929551,-0.414559612492827
12035,-0.16619012124119303,-0.39606749728080626
12036,0.4632507276712064,-0.37860914776735743
12037,0.1728018790274046,-0.36542988218249484
12038,0.0334059527207051,-0.49070963864419226
12039,-0.6581911281073191,-0.2552799551158499
12040,0.25818198588184044,-0.38963151033121574
12041,0.5099025541353805,-0.4056800164733929
12042,0.35782526540123705,-0.40087810429652504
12043,0.3153307829942577,-0.3240112354071558
12044,-0.6174043672238786,-0.31858842289649564
12045,-0.14819923662068513,-0.4479239425995038
12046,0.5082782373848198,-0.4154109608156349
12047,-0.30923696958919655,-0.41256816262425494
12048,0.3740380373358854,-0.36992914102171537
12049,-0.21204361819085552,-0.366768598481864
12050,0.4520528146263653,-0.29417258548013475
12051,-0.21444814273443713,-0.450993037282179
12052,0.7136512000988129,-0.29429060632705356
12053,-0.3970590302314478,-0.3357009409532786
12054,-0.2219984966897841,-0.4420516378432376
12055,-0.4024399501587764,-0.44721918473235106
12056,-0.02945836704528162,-0.4898042208974581
12057,0.48327136188487496,-0.4879239040606757
12058,0.003225276563676756,-0.5026804438247101
12059,0.2839937279397939,-0.3952938449098385
12060,0.07961533414963254,-0.4696628221256291
12061,-0.27310916287022874,-0.4762121133898678
12062,0.3396211712634698,-0.5587080753456044
12063,-0.807619195769587,-0.24052884762411858
12064,-0.17445090877391425,-0.45385774199422324
12065,0.5317622460624173,-0.4630316842177268
12066,0.1362918210586537,-0.5406669120943993
12067,0.5201670331487644,-0.34123272307030117
12068,-0.42483716630551294,-0.32779307396903784
12069,-0.33647374750448245,-0.458878550118173
12070,-0.040898858509318674,-0.5229196645994192
12071,-0.12668879467551628,-0.34140900170797694
12072,1.1532555881260844,0.03582094468221771
12073,1.289206058549378,-0.04370405023488555
12074,1.1349886505156868,0.030043775440443073
12075,-0.6087146080516288,-0.1140275587955416
12076,0.027160226798315368,-0.22874335904348972
12077,-0.3113524286608498,-0.3077830145438557
12078,-0.4076783285823834,-0.3966817833445493
12079,-0.7320389645538642,-0.38897936322627685
12080,1.0007825015419842,-0.30235333780852686
12081,-0.2912092513712437,-0.4398645063529589
12082,1.0537621850877315,-0.4113617020995982
12083,-0.4979884338615021,-0.35927756086142604
12084,-0.20897116221993503,-0.41652785864119507
12085,0.0603211868049097,-0.5077746634630617
12086,-0.23547728322228806,-0.585191704959207
12087,0.12399916792186867,-0.4217886073679016
12088,0.005738178025297261,-0.48849988029767444
12089,-0.8458381176270439,-0.29971815578118305
12090,0.13093250693831782,-0.4957033010260945
12091,-0.2698737573310759,-0.4098251508463335
12092,-0.23139991233072962,-0.45774579309132857
12093,-0.15227973383598997,-0.5095644925887088
12094,0.7720389739107943,-0.4399354100945898
12095,-0.5666275016988185,-0.43440103626169857
12096,0.08653283798820877,-0.4846565669859369
12097,0.49322929269562504,-0.3976285296666197
12098,0.2569299890508282,-0.426417616817574
12099,0.24097486156693942,-0.39873675141938675
12100,-0.07358265424008502,-0.47010605222089746
12101,0.5422704949651217,-0.3318334372388926
12102,0.03574253483150957,-0.2897282856670315
12103,0.15593578123993418,-0.20297618011946306
12104,-0.4829434931615677,-0.34020556236618693
12105,0.21742515861100192,-0.23340164233108626
12106,-0.08581332929373155,-0.3759675422847826
12107,-0.07929961167950435,-0.3647175950643625
12108,0.3689156054101786,-0.3045787392215
12109,-0.3918271689231274,-0.41417047063673007
12110,-0.6008756951576182,-0.3575756280640746
12111,0.5099428938174965,-0.3930944359698797
12112,-0.21148525788032022,-0.37181802237530104
12113,-0.20116693840029787,-0.3963284076525655
12114,-0.10504484648996956,-0.4816734645092438
12115,-0.15269210502523137,-0.46801315920630204
12116,0.006584634997966076,-0.4116347930653234
12117,0.1214038684684709,-0.4432580721812436
12118,0.11634966279716333,-0.46344450453985453
12119,0.27739954113294985,-0.4281441539620178
12120,-0.22349078069357972,-0.48259094105543904
12121,0.006709569873282268,-0.4761596128815962
12122,0.5246316159464287,-0.4459000653360702
12123,-0.14163579662838394,-0.31150933817366766
12124,-0.4002373409620551,-0.47755703630249524
12125,2.378302656200699,0.4298575872173868
12126,0.5259357089914317,0.302403406121432
12127,1.2022355463349856,0.847311543017701
12128,0.4965741548502251,0.3865165203112506
12129,-1.569860644099785,0.1805479334353236
12130,-0.6067787245679708,0.08934090569360086
12131,0.8286219346539484,-0.2383251347621513
12132,-0.266368521785771,-0.3391571643928688
12133,-0.5093787406198572,-0.2287112904608983
12134,0.2814489892302797,-0.2913562546106334
12135,0.9486607784223484,-0.16594268501020756
12136,0.006690459287604544,-0.18916253510058065
12137,0.8862946780622935,-0.15165423673165873
12138,0.49574907052818873,-0.25958782953812937
12139,1.4061618543375636,0.24981770332459563
12140,-0.7297420689374179,-0.11373659595151137
12141,-0.9227315634119693,-0.16981355470809203
12142,-0.24052676564943773,-0.3486671242774342
12143,-0.6092230971624834,-0.2903778144130014
12144,0.4072359098576862,-0.41951935347018593
12145,-0.831316402491906,-0.3506417926725365
12146,-0.11379228333740538,-0.4509599454620601
12147,-0.10567075610932423,-0.4404328172870626
12148,-0.31086567313931296,-0.5037150996015664
12149,-0.48791015477307653,-0.40586139902330537
12150,0.21450372590404237,-0.5496109805210939
12151,0.09743832540661203,-0.5022989510946092
12152,0.28778901790200706,-0.553068702512923
12153,1.0436345065851678,-0.3441582493362644
12154,-0.4048337637848703,-0.4303555760632735
12155,0.738946229135677,-0.3562932758617874
12156,0.1360952954517286,-0.3752751202027041
12157,0.842070047662395,-0.25097182776554333
12158,-0.4347203070963324,-0.34281209568194426
12159,0.4702196277962653,-0.26306437789119824
12160,-0.2903437403228629,-0.45655767477075265
12161,0.12996186421547906,-0.44465711791253176
12162,0.7838515159901676,-0.3017571495801224
12163,0.1627449197009037,-0.4057072946316595
12164,-0.283810007027419,-0.5311087764175766
12165,-0.1478070148423759,-0.45523135781629076
12166,-0.1488380016228873,-0.43227641502177594
12167,-0.35971730003007646,-0.3995967639236971
12168,-0.13058813158710236,-0.403431328395321
12169,0.3048227052207713,-0.4254089134771417
12170,-0.15866009761978767,-0.32273335353776683
12171,-0.09914146598453398,-0.33869673325422595
12172,-0.02228971653068594,-0.32914313389438815
12173,-0.2556769701872283,-0.47536508009726514
12174,-0.6825912099681064,-0.33940470397964234
12175,-0.10080192927570257,-0.39000425821614165
12176,-0.129853334094159,-0.5365068546428442
12177,0.23976921381388142,-0.44591453044996543
12178,0.5311025789347956,-0.49390927837116466
12179,-1.1012299498798779,-0.3006164256569024
12180,-0.3698664117631754,-0.37141478747559775
12181,-0.21905038725049927,-0.42445648235003597
12182,-0.1332994410857138,-0.43577560310291835
12183,0.6081478238498957,-0.3675821652257178
12184,-0.5719464034645529,-0.37747141285041264
12185,-0.24357512706586637,-0.40383148709220973
12186,0.17112452440847828,-0.5452952644878315
12187,0.3218939072133912,-0.4961485237434579
12188,0.05166504516552071,-0.5492639276589077
12189,-0.39400323215841315,-0.5086497722072134
12190,0.6402681850859693,-0.3716618521630669
12191,0.12041089012703117,-0.4618308862997392
12192,0.20084790390508067,-0.4374299585944892
12193,-0.5416934996526174,-0.46408462299985237
12194,-0.7775881267189972,-0.22249237795971524
12195,-0.0038500125911589147,-0.3766383071870175
12196,-0.5540061126611765,-0.3706674669548323
12197,-1.0614692849548033,0.4415521939079549
12198,-0.16169657691867553,-0.16027573965815167
12199,0.010718290607807419,-0.24829330623718984
12200,1.0794347627098593,-0.2735017849611336
12201,-0.17193769369961054,-0.35745973010308457
12202,0.10807505318520493,-0.4974043364201693
12203,0.631959926303293,-0.3967843088474503
12204,0.31675734784380405,-0.3374860480991327
12205,0.6424957734055379,-0.250353112632796
12206,0.3948636295717916,-0.3167287471711351
12207,-0.1335922698657635,-0.42542965695832013
12208,1.3322566152406148,-0.11129541704812988
12209,0.3139967578507707,-0.16625824944568765
12210,-0.32349517645011827,-0.45145356080410604
12211,-0.06648183457536999,-0.42098836536846396
12212,0.305572397956228,-0.3808754604022508
12213,0.07058245761259048,-0.4244360686061911
12214,-0.38326900906467704,-0.46491883115559873
12215,0.08643383113068492,-0.4038862027852985
12216,-1.4191437460086809,0.12716689295787148
12217,-1.81067295444239,0.5622538870234403
12218,-0.23478046979157352,-0.21172901764755256
12219,0.11480902356460276,-0.276109383589121
12220,0.43706262311550176,-0.32815928846313
12221,-0.14927549565832457,-0.14942140814415625
12222,0.5484009959874152,-0.3010867947482901
12223,-2.3133458600442647,0.6366568432512043
12224,-1.9537518672584802,1.29392152795536
12225,-0.8854722162149024,0.6768938247668281
12226,0.5229517889239045,0.3700190092916349
12227,0.7394103441828849,0.03208391409379737
12228,-0.7917590396870815,-0.06567182794725143
12229,-0.88620803335119,0.0013142474506936692
12230,0.3266469538940152,-0.21450486444558492
12231,0.7632843127790683,-0.2700842058109792
12232,0.37926716717133446,-0.2934130126133484
12233,-0.6839798299459373,-0.1415221460675641
12234,0.2439695078441353,-0.4196442043631529
12235,0.13784031983229078,-0.48492094458807217
12236,0.5031722659447274,-0.44232054891020284
12237,-0.21025905691387703,-0.4362686923632439
12238,0.961801598564574,-0.37448466766109323
12239,-0.6649291493488759,-0.4316639889947039
12240,-0.2470622683925147,-0.48969025810288286
12241,-0.3629264778279159,-0.4118738390248263
12242,0.6907053927495485,-0.3892345024542784
12243,-0.22778388064514246,-0.4519886501863216
12244,-0.1914276845664245,-0.5345831329872822
12245,-0.252295318647734,-0.5125357552985824
12246,-0.24619652456023539,-0.2966656223626914
12247,0.7123409547837729,-0.46792331149351896
12248,0.7288635748222622,-0.44698492436194326
12249,-1.0113065522009428,-0.45480549479224286
12250,-0.2685497450375402,-0.4877333700877619
12251,0.05395805927270027,-0.47833001707983913
12252,0.5842290212503736,-0.5647728320263764
12253,-0.4627291255046155,-0.5822539779491864
12254,-0.5824130189111113,-0.3715576146341855
12255,0.5371355520762932,-0.18222475817449152
12256,0.3642585246331945,-0.5041269566423517
12257,0.3958188805026533,-0.47401466301254136
12258,0.22572321429944248,-0.5279503902630168
12259,0.5496738813484425,-0.3524420097990467
12260,0.008280161217747585,-0.49533994540941695
12261,0.28043494224362187,-0.5098582806721208
12262,-0.19240919375034904,-0.5024647904532558
12263,-0.3889081716528575,-0.3594716541107432
12264,-0.12405534661775229,-0.47397399001393964
12265,-0.15676651923535853,-0.4996736231178658
12266,-0.9514867483511135,-0.2637856805430813
12267,0.1315149084716363,-0.4087920447435484
12268,-1.089497498394935,-0.3003465434436411
12269,0.6939042690115186,-0.39185635998513146
12270,0.38654701731681,-0.4236533039238686
12271,-0.7972949090570284,-0.494499662092935
12272,0.5741207164465991,-0.50047272416774
12273,0.09087520937256041,-0.6092481050393458
12274,-0.31381249643269227,-0.5364411166690017
12275,-0.30452854841686305,-0.5626850102228611
12276,-0.7780295529819589,-0.17930043925220576
12277,0.5031124825133324,-0.48820161512104987
12278,-0.2673317432064402,-0.5467133227300601
12279,-0.5125753522498635,-0.41715723187176224
12280,0.5043364145681039,-0.467681038178747
12281,-0.06053057865663919,-0.5181915624850838
12282,0.21097504793816418,-0.4744892933627063
12283,1.9660914210099405,-0.20153952612584536
12284,0.17472248101570517,-0.24467508327512597
12285,1.4809975038138432,0.0005334575980655786
12286,-0.538476378628801,-0.2911148740410014
12287,-0.6339349009498665,-0.46085810182385956
12288,-0.10866766760842557,-0.4957352682052656
12289,0.563828223713632,-0.44914696134913706
12290,0.09501424285534137,-0.5022147602903295
12291,0.6238801078845547,-0.4512686402360405
12292,0.3784355082760386,-0.4062442335252521
12293,-0.5222253842094959,-0.38996707288099813
12294,0.15153046490225872,-0.49691625468991946
12295,-0.518828322845542,-0.3151368529407464
12296,0.00292309813760287,-0.41843900626342007
12297,-1.1930035316225707,-0.2728371050948893
12298,0.4966212662170808,-0.4388065264138397
12299,0.8003923600991021,-0.4109102730430476
12300,0.11742814836108335,-0.40529964526421003
12301,-0.5012748578989271,-0.4388206169738359
12302,0.39050947984293044,-0.5123098639030084
12303,-0.15234103140688218,-0.5453865359998984
12304,-0.4356616609868131,-0.3114383195804045
12305,0.48144739105467527,-0.5312377333485445
12306,-0.30362022857886184,-0.43294304573846804
12307,0.4916129734051343,-0.35389105231219503
12308,0.39234156495617534,-0.5269138079827274
12309,-0.12421352786374659,-0.5470542139231064
12310,-0.3522480619788736,-0.574017146762548
12311,-1.10626785004674,-0.2464659577837547
12312,0.43576566645574843,-0.3125844374540089
12313,0.04782156177487462,-0.5157686674120905
12314,-0.40005582116287236,-0.4641986833617334
12315,0.5691598265804177,-0.49443838631479053
12316,-0.04422076038272663,-0.39626597022473
12317,0.486066705640851,0.005852141561658598
12318,0.16059779487334327,-0.07965255139035414
12319,0.5778736077136319,-0.10103504831678363
12320,-0.5395264422723889,-0.15361657034585885
12321,1.0090808684677692,-0.18005298220310387
12322,1.9879119171792596,0.37517002145892603
12323,-0.5451143313298455,0.212949577553387
12324,-0.10424115499591251,-0.3034856008876527
12325,0.5718260124799082,-0.015526999612566225
12326,1.3127860496791461,0.2348581759141196
12327,-0.7383857800295094,0.0836891311744523
12328,-0.34794451501797863,-0.3266959960757749
12329,-0.5640699092231217,-0.3043936369709652
12330,0.46366444682215774,-0.4792126963833919
12331,-0.059550501958862634,-0.44372444291523694
12332,0.8276972303400912,-0.4192705131806039
12333,0.5473648133540666,-0.4683920100134078
12334,0.34542310965888184,-0.3726412268442976
12335,0.800128320890874,-0.17956125498267977
12336,-0.9301365977777489,-0.3050122312827394
12337,-0.17637977241937478,-0.41487903215596694
12338,0.0057464039372337695,-0.4675513439085131
12339,0.05138310074518382,-0.5011498556139453
12340,0.0004903237393981954,-0.5129552524961473
12341,-0.4277591520743024,-0.5518728186450693
12342,0.25943559698015545,-0.40750592152812837
12343,-0.23797489078703177,-0.512831435681287
12344,-0.15550892991971477,-0.5880501932035458
12345,-0.4029738208724031,-0.4868328796146647
12346,-0.007920941852404415,-0.5213487905208642
12347,0.4300227729932843,-0.49717635135796123
12348,-0.14650920556430178,-0.5439924348685081
12349,-0.7304186902342588,-0.42231966704950097
12350,0.4811544850638674,-0.5579628321173392
12351,0.23639728798214277,-0.4458607648805386
12352,-0.029035739237049326,-0.549849769186703
12353,-0.21747067213543245,-0.5232412278973636
12354,0.1743396697104987,-0.6045848265382809
12355,-0.15781483905670954,-0.5534966562722238
12356,-0.17666060848693652,-0.5367951633201209
12357,0.10894449780313831,-0.5822221283049599
12358,-0.07828931837066765,-0.5408598233007397
12359,-0.21927087789230457,-0.43082061234672026
12360,0.09859197005490132,-0.5302767669903008
12361,0.1256255995716928,-0.47006272222846873
12362,-0.08571488042355005,-0.5438342115043825
12363,0.10026642895930026,-0.5083166702775203
12364,0.9125625491304513,-0.3157594915986691
12365,-0.48089048061857464,-0.45115996570555905
12366,-1.0770957570115967,-0.2538503918008979
12367,0.23687096770746474,-0.3878813411041998
12368,-0.14898470480354165,-0.5566819124649589
12369,-0.7038261357100589,-0.45888768508796096
12370,5.597662708823292e-05,-0.46412918646243956
12371,-0.2480518376520596,-0.5281495402586384
12372,0.030257669814544308,-0.4945683991025015
12373,0.21335113182945636,-0.5550863661090423
12374,-0.21741420387344876,-0.522190215191324
12375,0.27137529892761736,-0.5064240026123378
12376,0.2948287033975005,-0.5616841088869524
12377,-0.3664850627123765,-0.5103421875144221
12378,-0.1272794953301022,-0.5060506813856229
12379,-0.07154394396010581,-0.5474090896601593
12380,0.4713121883453139,-0.5243542989690445
12381,0.07932894263418755,-0.4830340143940869
12382,0.6121995631774632,-0.2776968285762115
12383,0.5984573384829114,-0.21578634314268108
12384,-0.3674283682215282,-0.32630371656724505
12385,0.1604859007903247,-0.35203666492383995
12386,-0.12747288295416406,-0.2685809376203625
12387,0.447262441588359,-0.3388187729721798
12388,0.15091617706074614,-0.3882047560298329
12389,-0.3058088253344402,-0.4088299055632129
12390,0.19119670775053055,-0.42574740242921466
12391,0.32924410757477,-0.4060275107226689
12392,0.4462306953142748,-0.4000877424838252
12393,-0.42435783939608096,-0.4275306864714803
12394,-0.25963031053930774,-0.4635299720496903
12395,-0.27702392408577736,-0.411185782200259
12396,0.47129172556002147,-0.4664284400760783
12397,-0.0513977645727786,-0.5782573230687788
12398,0.19719253066580003,-0.5009162730778364
12399,2.383248080880085,0.8897412114724255
12400,0.8898442557103615,0.6397303228277844
12401,1.5008603572592256,0.8295322602345068
12402,0.18265694526251525,0.19154124440288062
12403,0.33524199833550944,-0.17691903736313597
12404,0.6303594827716419,0.034628626651767844
12405,-0.25240275318264005,0.01998586299235395
12406,-0.1530355457876141,-0.06021499958764888
12407,-0.5804438055973566,0.03661023421466601
12408,0.03306081689717149,-0.09805628847991742
12409,-0.2164233776536805,-0.17142105934351864
12410,0.3678246459759318,-0.17847364801037183
12411,-0.252972919971317,-0.23923457131296205
12412,0.09898543080491078,-0.2670170556777066
12413,0.41765867748559615,-0.10773754618117069
12414,-0.31861836824531914,-0.22815697366143928
12415,-1.2395180075847312,0.008694061168772835
12416,0.04433609660270951,-0.20038790286436975
12417,-0.1428341828652849,-0.09036239384494622
12418,-0.23376519363960216,-0.25474966812413075
12419,-0.028941099176033335,-0.3118791844260936
12420,0.5727873039756967,-0.3632323550396275
12421,0.5720940507721535,-0.28858394407666277
12422,-0.20876486022089752,-0.4058607699071759
12423,-0.2001520383436089,-0.43029133729992525
12424,0.12221780763302625,-0.3472913295213
12425,-1.9182736921327384,-0.009948032951504147
12426,0.0927049745624408,0.33529195712981114
12427,0.22079683056178748,-0.23586876475399557
12428,-0.08823298314584084,-0.3495243166733596
12429,0.43691451234936335,-0.35505524786148834
12430,0.23780029990493345,-0.462212982829143
12431,-0.6962698680993799,-0.3854051843951693
12432,0.5637735519460219,-0.5021299470251663
12433,-0.38273142179300634,-0.5089557627320719
12434,0.8844890686543744,-0.4277817754639681
12435,0.04650080574283992,-0.46857113483067514
12436,0.3133794818658595,-0.5592209573314413
12437,1.1067187833584111,-0.0678888531145581
12438,1.1407323123883697,0.49704986941117946
12439,-0.1636084925244729,-0.2849839100868514
12440,0.663144541520639,-0.3319569375910807
12441,-0.0118615997145839,-0.32124879365355524
12442,-0.07637263000025168,-0.19021265515087257
12443,0.026991491772198273,-0.36301954335579656
12444,0.5423303739409445,-0.23004482378744304
12445,-0.22484626388689205,-0.15391034878171314
12446,0.136908556692802,-0.157887301202769
12447,0.7993862351125846,-0.15496969743457478
12448,0.16236900955405167,-0.24324032819745717
12449,0.044917423413948054,-0.2619373956445884
12450,1.1217610531622721,0.25922625024318335
12451,-0.7959429857050759,-0.11430836960327959
12452,-0.019117841915279425,-0.36345671196830787
12453,0.5024563350949861,-0.31067279186030483
12454,0.28312891145991825,-0.2667372784935883
12455,0.03830977231547316,0.023299409979550604
12456,-0.8825554231650105,0.6922442481947064
12457,1.1794819537374124,0.5158474843653381
12458,-1.091953199566975,0.09358931277502944
12459,0.40282976599801434,0.22223016196558368
12460,-0.9548737760298924,0.2708076746672833
12461,-0.41785460999678475,-0.13069713671867397
12462,0.30445738578813014,-0.3477257397035273
12463,-0.06966806928651616,-0.32282514301558557
12464,-0.4347855788897177,-0.3198303738745395
12465,0.3627690052024163,-0.4265295944985792
12466,0.08407671379989443,-0.3332931193686693
12467,0.45574960466314324,-0.41796766046736156
12468,0.7946881006034328,0.14266070550729598
12469,-0.7101718543569294,-0.16812165800584863
12470,0.06488423274308522,-0.4653780502250634
12471,-0.39188996863522624,-0.18377213179933558
12472,0.1028694011986318,-0.3853545010414181
12473,0.03238772084075193,-0.32038514165027876
12474,-0.3125485814962919,-0.34007191589774577
12475,-0.2954638304547774,-0.3367096687342958
12476,-0.18957175190113504,-0.32234837968048585
12477,-0.12831254055078897,-0.43517129279605016
12478,-0.22572375098052752,-0.4959400942188205
12479,0.4202759565317226,-0.42509465056002493
12480,0.44139559492466013,-0.4359529799048785
12481,0.33497150032352896,-0.38174911214568896
12482,0.34471407455799213,-0.4108790555242984
12483,-0.3246916128357454,-0.3322028604205688
12484,0.7673921806995062,-0.16689506903573276
12485,-0.08880110017706713,-0.22029122333686765
12486,0.3499005334685288,-0.18421219759460183
12487,0.4567181387376336,-0.1421527822177684
12488,-0.984940836967174,-0.19442398661077867
12489,-0.5459835997314588,-0.1809481116593696
12490,0.07796076249550575,-0.31209952918981027
12491,-0.13406565210969582,-0.30588521515847755
12492,-0.2945206368620504,-0.40411170334149926
12493,0.03760030970164801,-0.40780250251337186
12494,0.6407588419087141,-0.3819408220982699
12495,-0.06522040601685973,-0.32527641859676476
12496,-0.40966547434380296,-0.4422879755912438
12497,0.09928233137814065,-0.37029992091134634
12498,0.27620375809114983,-0.40508973055062064
12499,0.5867487349803738,-0.2623683722177211
12500,-0.11427479834519648,-0.3190107386912186
12501,0.20951061120200437,-0.4297358678558363
12502,0.19774765927034552,-0.46034792502574917
12503,-1.1944710916887462,-0.0730494773128257
12504,-0.00895573993786747,-0.347888475143198
12505,-0.13639505521392828,-0.36313509957086954
12506,-0.341322375997449,-0.3855185021487996
12507,0.2739865260008127,-0.3882688464650044
12508,0.631189542563525,-0.40576167321893064
12509,0.5301300648784011,-0.12658005640061734
12510,1.623409669059405,0.8236007075536786
12511,-0.7466885848543775,0.6114737429825408
12512,-0.272469942700338,-0.017469443278057446
12513,-1.3038854281821675,0.12318394859251602
12514,0.17752630441391634,-0.0864605896834422
12515,-1.205826317285937,0.1644046779313476
12516,-0.06950543361538405,-0.19107316420131637
12517,-1.5714267378084954,0.29266526304252444
12518,1.1229846414835523,-0.12672949252525664
12519,0.06676670393733325,-0.1455390114831183
12520,0.18801593180198925,-0.3493579233743511
12521,-0.14344544586211075,-0.4493555439941744
12522,0.5702095519453755,-0.44188812106126707
12523,0.8970349153675989,-0.28786565954965965
12524,0.357903001364887,-0.266888324229294
12525,1.3099097828860524,0.05788613117347016
12526,0.6918735367546002,-0.11508633196678371
12527,0.019488680813982882,-0.24787338810849363
12528,-0.412097531130881,-0.19180328426932225
12529,-0.5775406687414002,0.06434539204057162
12530,0.026270258669786953,-0.29160247417908225
12531,0.06377027430368669,-0.3782205601735103
12532,0.3199445699292304,-0.383226169445155
12533,-0.12683288623989922,-0.46571214644508424
12534,0.7621763541705979,-0.198210810849715
12535,-0.6347372077237992,-0.21043525688833828
12536,0.05957121560661589,-0.4814863484101008
12537,0.5456667983903821,-0.4634087200524622
12538,0.3650062162286622,-0.4300775865947326
12539,-0.12632636452254406,-0.37941121070396083
12540,-0.3259467356405377,-0.45708367975749
12541,0.4063516757474042,-0.4760900335439448
12542,-0.12375577606347284,-0.5378768870420996
12543,0.21439042090193663,-0.39706993860618417
12544,0.2462476940266554,-0.452604760542379
12545,-0.36412375326018476,-0.2878840111192543
12546,-0.014370285243852974,-0.5130952628387895
12547,0.12982871658797668,-0.5297091046971115
12548,-0.2932848672776047,-0.5028637494388102
12549,-0.45141575623053526,-0.38747721297236953
12550,-0.06672411944587749,-0.47143350675757745
12551,0.39728071009222876,-0.45192762967520256
12552,-0.02848522392459951,-0.5386544269002294
12553,-0.3475956219591384,-0.48107844051309584
12554,0.02982390877529573,-0.463300258045633
12555,0.20578245459894853,-0.5163565885204056
12556,-0.06685438410260235,-0.5466146126683277
12557,0.5886547551372436,-0.33610790767620324
12558,0.08232309727236614,-0.3809495220186866
12559,-0.3114873410700115,-0.4165887543623888
12560,0.13093454494298068,-0.4697358353621833
12561,-0.20109247786461495,-0.4218027256390777
12562,-0.16086266006953936,-0.5378631660759915
12563,0.15478886390699306,-0.40368347317603614
12564,0.023703485971398694,-0.45118025147157903
12565,-0.20332115224008543,-0.49091389305310246
12566,-0.14722560323173564,-0.43395805602404636
12567,0.438135329077862,-0.4980867981970257
12568,-0.246361446273056,-0.4364173986267051
12569,0.32727430643754374,-0.20511135481431464
12570,0.3282921049600066,-0.3868245423236264
12571,1.4335268986366962,0.7490044322442565
12572,1.6187180987023888,0.28634682524572036
12573,-0.43000193729346686,0.1225472981263932
12574,-0.10391233001822707,-0.1390295859633455
12575,-0.742411008356803,-0.09269753478737706
12576,0.10241997861868912,-0.1508922446820355
12577,-0.4170240474750746,-0.18032398039963876
12578,0.14401608098777222,-0.32341169631814665
12579,0.6068960007691632,-0.30955318356010314
12580,0.22772297130836755,-0.35380951046781917
12581,-0.17013371483899453,-0.3983519009970834
12582,0.2340735108536651,-0.4122516704905374
12583,-0.10154880924569776,-0.4065662402636357
12584,0.5026029439704243,-0.33770993571589253
12585,0.6705202484830559,-0.23605584666603494
12586,-0.47050443982918,-0.21875138389040907
12587,0.8593364111706392,-0.2471527262191564
12588,-0.36735781639608484,-0.3218687440174077
12589,0.04478064537134659,-0.31233959271405803
12590,0.42903379638969946,-0.13125461194210397
12591,0.8762032497179961,-0.05750478176618728
12592,-0.285285119872989,-0.08534143564675045
12593,-0.40763834086011097,-0.11511624729349246
12594,-0.23787842782596716,-0.2662602450861064
12595,-0.6130845528573243,-0.15763173224269877
12596,0.37077355100508097,-0.3965812563465388
12597,-0.3597101800809171,-0.20043101912631908
12598,-0.2793297178345116,-0.402337077277181
12599,0.6530217085395519,-0.19143672069589635
12600,0.6799450835699572,-0.13763306875761064
12601,-0.4310101703150924,-0.23833780647612474
12602,0.4591744845929622,-0.31272536765857667
12603,-1.434245905361436,0.08582269510385217
12604,0.3696251186692175,-0.25369904580077873
12605,-0.3989671454659431,-0.2584946721772375
12606,-0.9535775178208851,-0.07742040491974672
12607,0.5200889975626386,0.07362536166583937
12608,0.15908349032180744,-0.3298072289169775
12609,-0.26838690791520337,-0.29879140645821184
12610,0.42582650419468504,-0.3868179998826382
12611,-0.3373598543526344,-0.27038780677562935
12612,-0.6004954991686678,-0.14999786787753405
12613,0.02474110384960813,-0.3435608187747472
12614,0.17758680516976763,-0.43943172825071725
12615,0.5691755405133475,-0.26370458625518794
12616,-0.2692253211415791,-0.3338592133993557
12617,-0.13238101692034243,-0.30818902301662227
12618,-0.4184041716308769,-0.3228674818245557
12619,0.6536884872381353,-0.21842294521580596
12620,0.20731393725888536,-0.32058701480712815
12621,0.1279774131199267,-0.25289898109407766
12622,-0.1391414370119534,-0.34438888320587374
12623,-0.32486347254994774,-0.30680710725966426
12624,0.3649252802960074,-0.3945018186303616
12625,-0.2939286327087906,-0.2844048547186684
12626,0.3081909042043955,-0.3821345995621943
12627,0.40312882355503055,-0.27437762303015
12628,-0.2890217042985528,-0.4090998867636187
12629,-0.3103741435316812,-0.3520702805366536
12630,-0.2963054793554739,-0.369335761127354
12631,-0.07525248516515332,-0.21725056082869695
12632,0.5826088897766657,-0.17514838109803962
12633,0.512792739815329,-0.13617975382964304
12634,-0.17018304694428193,-0.32169622798743225
12635,-0.25431145541795247,-0.32951400760122423
12636,-1.3840496480401543,-0.07050719143280239
12637,0.06917851426585143,-0.24419417722697045
12638,0.35427319853961725,-0.5244433602300911
12639,0.1457882959186891,-0.4557441653745511
12640,0.6861310111066211,-0.22315035791644958
12641,-1.0564041658974572,-0.08243305690684045
12642,-0.5443076279983253,-0.10868423633605291
12643,-0.2841678289818244,-0.30128554792316575
12644,-0.06367196499016006,-0.4798888792977037
12645,0.5477310588748703,-0.33108762569181
12646,-0.19943717897114538,-0.40699574028470653
12647,0.6102824337844178,-0.31730693936886584
12648,0.13592322618952601,-0.3876231374571245
12649,0.4682515957891049,-0.3541156648542968
12650,0.5179771775889134,-0.22724057648536286
12651,-0.8024459241719601,-0.21717555784570672
12652,0.36467994321186176,-0.3715404849663598
12653,0.3351362826978969,-0.29621302623315443
12654,-0.08837469270481521,-0.32999660756694155
12655,-0.006192392190366182,-0.26970198750237134
12656,0.2763296819829074,-0.1878134966037679
12657,-0.8315584274188822,-0.15925283721775513
12658,0.5488645012638209,-0.1651293698526126
12659,0.947286965745901,0.2623584412112303
12660,1.4651898695185515,1.0029457260576207
12661,0.006194550903467849,0.0612799535508961
12662,0.24244727840800478,-0.17763131889466938
12663,0.33082506663333766,-0.24419081182073288
12664,0.3338155294980394,-0.19445736165005828
12665,-0.26534636072543044,-0.33530228919056254
12666,0.129344261091731,-0.247907123543917
12667,-0.8006199794103522,-0.19234191512083493
12668,-1.3696079746705667,0.05756162193530465
12669,0.892060484852502,-0.22020334707600728
12670,-0.9207789481968912,-0.18505528442276215
12671,-0.27655850395695564,-0.27541329524405833
12672,-1.1753240421230693,0.22475044833193333
12673,0.7386522984601547,-0.27114440171748333
12674,0.005479127406043978,-0.3311617490505087
12675,0.27545193540861657,-0.35547681247974305
12676,-0.6567147094567115,-0.34616507475414193
12677,-2.567444945875889,1.2332855978724253
12678,0.4696630145951574,0.08456647046593779
12679,-0.38786486544985704,0.27688304751439463
12680,1.1477347436400631,-0.06139355780256778
12681,0.3393137799454286,-0.27277141056868176
12682,0.5224720401941585,-0.21442298109114402
12683,-0.19721881727183105,-0.3428706455024029
12684,0.032716333137538064,-0.4397396369625796
12685,-0.12275554043995401,-0.40505825904679577
12686,0.15088706894943138,-0.36618285300591313
12687,-0.46720591482016005,-0.35680401375001164
12688,-0.5601328933573054,-0.2910686453485273
12689,0.34911770894261024,-0.2291560025178188
12690,-0.7704417989031409,-0.23676001133610933
12691,-0.10345292650702596,-0.35518714256815
12692,0.656568359821886,-0.30574316434969717
12693,0.23978284960942728,-0.22119401041722606
12694,-0.5082099248959021,-0.2544352568641495
12695,0.017212095769721717,-0.2617018407165077
12696,0.19335308222845543,-0.45981387891849296
12697,0.6462641968952334,-0.3457341007150388
12698,-0.12836597647879044,-0.35278887346255383
12699,0.278587420518981,-0.4492951985482904
12700,0.03445001186741212,-0.36805309112145845
12701,-0.7374034866426361,-0.25599475699883656
12702,-0.6084574061735023,-0.3275283600748073
12703,0.8644373506421555,-0.20409065679490607
12704,0.9586755458784112,-0.1666055303265895
12705,0.5821532060241538,-0.06080577140114958
12706,-0.17611760144753433,-0.21641964552535511
12707,0.47755173929542216,-0.13685065722159603
12708,-0.2440624560714239,-0.21291725270117648
12709,-0.13367207019259125,-0.3950426187759584
12710,-0.21948237848042862,-0.3318362213240873
12711,0.18639266759881332,-0.4175227232831286
12712,0.062267769420775304,-0.3651071172032211
12713,0.17899919896044064,-0.34632377081058907
12714,-0.14271455694880966,-0.42957847066933663
12715,-0.25961354747153215,-0.3950509226965347
12716,-0.4265961812236527,-0.39729367114829284
12717,0.2835212035750009,-0.4760258091115129
12718,-0.02359856352874316,-0.4425743054690274
12719,0.36686922571450703,-0.45842065822444794
12720,-0.31685607968115126,-0.5227165635686712
12721,0.25163805266962813,-0.5021161369614301
12722,0.2776841470953736,-0.48128671062703
12723,0.3170777573983601,-0.4754784718118483
12724,-0.23724134530313934,-0.4988970238460918
12725,0.14877424095013755,-0.4571168452885159
12726,-0.04142593860095566,-0.43646754876711813
12727,-0.8279318493264094,-0.11237605943674263
12728,-0.39944447433944047,0.07715385767472724
12729,0.9006948773881507,-0.29084179232134955
12730,-0.7283961938489656,-0.45257618976499475
12731,-0.5338024084812597,-0.23688440758768387
12732,-0.17324067034714438,-0.42521877122245766
12733,-0.17569753060269208,-0.28606677066918107
12734,1.1326833373620535,-0.40570676318649024
12735,-0.07773274780748486,-0.2864479839242633
12736,0.10659112921775776,-0.43359664072970777
12737,0.3981240031989907,-0.4872249373205575
12738,0.22125225336834295,-0.40835881708362626
12739,-0.34812486398730597,-0.31409032516042434
12740,-0.02529135464324409,-0.47777326859655683
12741,0.4905095700158125,-0.38203717321662367
12742,0.03409523489709354,-0.286593213728604
12743,-0.4507566321997777,-0.21350879409628185
12744,1.099471321792137,-0.14527034011640017
12745,-0.7404156191914703,-0.24205228675703183
12746,-0.4412169037533986,-0.4094801873194269
12747,0.6666487634159657,-0.4026215099069617
12748,0.5926962249702983,-0.3565205538989841
12749,1.132201952767367,0.1787172026478214
12750,0.06673357262348263,-0.29962778406790036
12751,2.259748599373702,1.2757571252830202
12752,0.6233157648450965,0.9502507396148344
12753,0.8540759398132108,0.2561969815631303
12754,0.1487100396736486,0.03380582682186335
12755,-0.19442721995392498,0.3630171164219938
12756,-0.7203043825947752,0.3083299334661692
12757,-0.48537867951736224,-0.14864653062541924
12758,0.8357398958303062,-0.12005942456846373
12759,0.8593351920071028,0.0732038281628335
12760,-0.21784265493168295,-0.20475741567980998
12761,-0.10704128265792169,-0.20259502837513424
12762,-0.2590264218228268,0.13186524039169104
12763,0.8474169382891733,-0.10314135044902396
12764,-0.76707200490965,-0.1917934568143449
12765,-0.3154171213190745,-0.13165549196448095
12766,0.0554501404480726,-0.0671660093091054
12767,-0.08496033188830462,-0.2793190555082334
12768,-0.152586019624358,-0.19910680236071682
12769,0.2536390261150005,-0.12050900331144555
12770,0.16309019117605256,-0.20115110585206342
12771,-0.6279798392991606,-0.17058424037172384
12772,-0.8898786419954243,-0.12690030167952213
12773,-0.5196376853849591,0.12475825474245492
12774,-1.0966470249484908,0.1835033088499309
12775,0.34898036734928034,0.2605940788379598
12776,0.5822208688173749,-0.20096044383432865
12777,0.23316938343708046,-0.22778052816097388
12778,-0.01042196745957481,-0.28923941880719906
12779,-0.2902083423140917,-0.4068802576474405
12780,-0.3847182292046049,-0.26148038478894187
12781,-0.09201234909452799,-0.2916969059508241
12782,-0.32032271427206316,-0.3112523889734765
12783,-0.5307236449371241,-0.14126791470637987
12784,0.22236312571449238,-0.16135682370241836
12785,-0.7401201383614617,-0.30088034625343896
12786,-0.29500452998019205,-0.09715615808912537
12787,-0.9462786178612497,0.02017543303770744
12788,-2.206969349322877,0.8632448163755374
12789,0.7853722895555754,0.972413800830875
12790,-1.037924669648784,0.45718966900795954
12791,-0.204086033947342,0.08684743666897717
12792,0.06235757869518205,-0.0784706833126978
12793,-1.528792781243315,0.8469853532946879
12794,0.5671379131830797,-0.025781942541969468
12795,-1.0707088580592627,0.35260513415355105
12796,0.019894838466273157,-0.2125860859263922
12797,2.7577745062703802,1.0199449594454069
12798,-0.2218827107883632,0.14113042881125795
12799,-0.10336765012642099,-0.08160572662305504
12800,0.13905132771080805,-0.17946966845882603
12801,0.36431390715409395,0.16846232570068165
12802,-0.2790348093450253,-0.1686098396362033
12803,-0.5991029173874328,-0.004177813628665297
12804,0.183881251647061,-0.29191936497802995
12805,1.4863813954225438,-0.05691768486743638
12806,0.29124447331212944,-0.26574259774492964
12807,0.9971542472348314,0.2880007533990836
12808,-0.5877743322944723,-0.18419545580022423
12809,-1.9407854890785547,0.08567057279024164
12810,0.5461257016159041,-0.3829398179954644
12811,-0.043765676368649906,-0.33090972229226395
12812,0.13348290291727705,-0.23244986419407687
12813,-0.47459199530414214,-0.29788220656108655
12814,-0.5001817065491021,-0.31985204351822943
12815,-0.17962698918191528,0.08810062939855942
12816,0.2746738897380073,-0.2635773880076754
12817,-0.05219535657490167,-0.3944978092513888
12818,0.7755901575620547,-0.4387570141486072
12819,-0.5663887853500763,-0.463593093439979
12820,-0.07750842765114498,-0.549603019732699
12821,-0.9848091759332266,-0.2007413276742048
12822,-0.5947839912028714,0.4454417904595987
12823,-0.7674311613229429,-0.17315367289073846
12824,0.4636775160038921,-0.37917530611860806
12825,0.19394663862111378,-0.2746870531222253
12826,-0.19165831948963513,-0.4830490864857632
12827,0.543986875400461,-0.45570014820742544
12828,-0.6209595777579814,-0.34780315739431733
12829,-1.5058571501055682,0.5770875902822464
12830,0.011442953444464905,0.005736658374086631
12831,-0.7653193415664874,-0.298708924662174
12832,-0.3941784845104227,0.0857421580929929
12833,0.6363289699688488,-0.2910118711031538
12834,0.40089454214928505,-0.46590989968999913
12835,0.3189599878185173,-0.43666445784235014
12836,-0.4418387607480591,-0.42614255146261576
12837,0.3720419803610136,-0.3904736373409156
12838,-0.5513263020836557,-0.37730822716170037
12839,0.3957478346255928,-0.36358857605323996
12840,0.529006161394406,-0.2911658203101353
12841,-0.2516099800895314,-0.3730633871772272
12842,0.9701682040724557,-0.19566568867814232
12843,-0.2852224591836877,-0.18484250366024654
12844,0.5871460269648148,-0.4581145243373859
12845,0.0538271725450726,-0.529789636034918
12846,-0.18681230029706977,-0.42025902888534017
12847,0.02977520823336555,-0.4190609172928951
12848,0.5817193160295387,-0.4017284672473985
12849,0.3030521710627696,-0.2826990111197801
12850,-0.5771559756342518,-0.3524006063321098
12851,-0.46198284913756604,-0.3419453864693485
12852,-0.28084356069171923,-0.38254724893282627
12853,-0.02180650688693018,-0.5392727070188944
12854,-0.129752958973914,-0.5921774518461661
12855,0.508074736668403,-0.5202861478215248
12856,0.4140070479710026,-0.4604639350145502
12857,0.19519584532716813,-0.3312258771515557
12858,-0.1188624163278063,-0.41229705827716473
12859,-0.8801789517985847,-0.09302984296682493
12860,-1.2355788752525974,-0.13281331135749197
12861,-0.48559874504046424,-0.12474459955577862
12862,0.9464858521579408,-0.29181475678491986
12863,-0.6523529996574313,-0.24942054416078274
12864,1.5417698102069335,0.1265393699141576
12865,-0.008566419417171641,-0.2537510576469905
12866,-0.4208188014188292,-0.4588699094723773
12867,1.33249188561859,0.08006733213370909
12868,0.03882349264744152,-0.4012040293211773
12869,-0.45255581641697806,-0.26694166919261353
12870,0.05873467835181482,-0.41743040029069883
12871,-0.4137545177289832,-0.3193021025041462
12872,-0.382908414599664,-0.35950903237604276
12873,0.969117602752013,-0.24105192760261124
12874,-0.914571078777609,-0.2953501464849144
12875,-0.941061697772514,-0.31272466725470816
12876,0.5921608083274978,-0.07951890379180043
12877,-0.3741558667663829,-0.3896766698079214
12878,-0.5378823134009914,-0.43767979695517134
12879,-0.534992822682398,-0.17995387999891352
12880,0.7131548653511809,-0.2941113620574454
12881,-0.38414112328547423,-0.48807142707713824
12882,0.13791934884559648,-0.425183053768241
12883,-0.818733198256619,-0.17989106008530728
12884,0.8149402035921895,-0.2756154886202234
12885,0.04007515969115471,-0.444898872629277
12886,0.6198608471562056,-0.3068864126750414
12887,-0.47588470146436246,-0.388541978917312
12888,1.1305962869277564,-0.21100670524298823
12889,3.231476831243507,3.2278477335776383
12890,0.06895225205090409,0.3146675807883992
12891,-0.6932276358528854,0.31649655951962075
12892,0.8987543015980318,0.0007341769744459315
12893,-1.5747087085253597,0.9699004607321557
12894,0.08334947184677365,0.6445083403571399
12895,1.2458738282506714,0.0002841365145995511
12896,0.3880202223000896,-0.16265093432144506
12897,0.05262782541666754,-0.1682964015627425
12898,0.767079861848756,0.007999500990593418
12899,0.07683969577124727,-0.0045904815517977034
12900,1.3285768932781874,0.0827393389495014
12901,-0.26397355166662917,0.1506405133971546
12902,1.0122148835559428,0.014922027023254025
12903,-0.2904471061465172,0.03063894381083522
12904,0.8545868902498389,-0.03497540676763647
12905,-0.09352036937119347,0.02230006687854471
12906,0.5734134390429277,-0.03846330465302871
12907,0.5082169309356134,0.2561981720583165
12908,-0.4422185944661321,0.07654478973209783
12909,-0.04252129919594956,-0.13849331469738277
12910,-0.12952906191839875,-0.27647676846841746
12911,1.6894034963813664,0.14917340808452098
12912,0.3405559050428548,0.06437033257758307
12913,-0.40542878971408697,-0.14282294091720935
12914,-0.45978692385640063,-0.13768175312992012
12915,0.42714156354739796,-0.2207625629399168
12916,0.8315403259860104,-0.1495008447376894
12917,-0.25412503991733826,-0.12050808779689828
12918,0.5484774054740027,-0.09468410991380023
12919,0.008323243589972534,-0.18370551362630805
12920,0.8803747776091138,0.4333622379461993
12921,0.22794284984463234,-0.09230329740748512
12922,0.33162003838715143,-0.016340689944719988
12923,-0.5658577738878837,-0.060620256523983
12924,0.004122202770092128,-0.1803496905596294
12925,-0.07002609588401709,-0.14563982195561612
12926,-0.6113910000675445,-0.12185327723362818
12927,-0.13186617311550233,-0.08305859466919183
12928,0.2779188754898366,-0.16816260736269795
12929,-0.15023550136653485,-0.3096723772608118
12930,0.24091243034221455,-0.21389984857513086
12931,-0.27811321281930046,-0.1761979492266852
12932,0.19705311238818246,-0.34205609371812057
12933,0.24031558691365038,-0.3276133193168171
12934,-0.4259589891083092,-0.1874936019324767
12935,0.3956963093819171,-0.21342089937579403
12936,-0.2721639102144737,-0.27552122456002365
12937,0.5471783188655596,0.02861017081171039
12938,-0.6716600605164572,-0.08703946145224972
12939,-1.8403585917949747,0.47877592488621057
12940,0.9209343572420174,0.007267215210912691
12941,-1.0951644344600808,-0.12909551745990516
12942,0.31322191393558707,-0.25052875240767913
12943,-0.7872579967210459,-0.13642838147776667
12944,0.8356289572138377,-0.10970673949063758
12945,1.5662976457754465,0.07277049880312564
12946,0.49035312750299087,-0.023125569094729313
12947,-0.6273829784103867,0.18966990152363855
12948,0.6020526452590426,-0.029268190723800235
12949,0.6873835285069425,-0.057478513419337976
12950,-0.386126833869429,-0.011672334597940598
12951,0.7951965126275372,0.09827030150879423
12952,-0.17548096654118,-0.005084584773493799
12953,-0.43197743835348495,-0.15164815673921067
12954,0.021134872577464568,-0.17545047862155666
12955,-0.2009748545046577,-0.2973087723501419
12956,0.0686301549771578,-0.317064243618104
12957,-1.216380100670199,0.1547681923972119
12958,-0.5600921327490327,-0.046774349078117186
12959,0.47896469151405263,-0.13267271467727598
12960,-0.6018725752252052,-0.21908840687074854
12961,0.00799951382322007,-0.30498772963131593
12962,0.6670122756003548,-0.24130582928215583
12963,0.2954993382241784,-0.12631590750286756
12964,0.44027115986324344,-0.23066784849626254
12965,0.19209733504463594,-0.2557994916327633
12966,0.9019735520723571,-0.021121475684505328
12967,0.5112509394766952,0.1220775836360252
12968,0.21875737746430884,-0.06220614181822995
12969,0.4041230781216902,0.07077405240622714
12970,0.42804378825661704,0.018342689225809703
12971,0.5188658978352334,-0.025216814577391673
12972,-0.6345466108626854,0.19744268646686472
12973,0.0807185766595995,0.03252404966970059
12974,0.8459243047491601,0.3089810285550759
12975,-0.2675752994219398,0.15371704376074433
12976,0.08880788464220689,-0.10156202010801128
12977,0.24869842999075456,-0.0883809914545071
12978,-0.14445565554655695,-0.1313060913955117
12979,0.11258068225006178,-0.16045609499019248
12980,-0.30405910911167505,0.07951048159862295
12981,0.27022441717857243,-0.255287602902074
12982,-0.04814968512691751,-0.18519951574528462
12983,-0.1339539186641009,-0.166158257955847
12984,0.30460966764428804,-0.15993828477317334
12985,-0.10239518869122344,0.02437325408723368
12986,-1.0498806769300106,0.26632026473712206
12987,0.6844821687467921,-0.09865819413252101
12988,0.8576350461454241,0.34569514923333194
12989,-1.9365926920624583,1.573554792999146
12990,1.8810397940031711,2.1035679416853204
12991,-0.43701690614071864,0.8318710655250077
12992,-0.8207893211397491,2.0137038666584055
12993,0.2749378482661166,0.04602858396298841
12994,-2.5655396994921174,1.0331745551036897
12995,0.30742756714317726,0.3357899529971364
12996,-0.8189706561586728,0.42589241805669603
12997,1.830324522980538,0.5134241239271636
12998,-0.9451897766597054,0.050260437596048486
12999,0.9054111145647976,0.053546422631282196
13000,0.9524155110337585,0.13144230886856892
13001,-1.3883119441782072,0.14878191254059414
13002,0.22760517824925616,-0.22800704259973606
13003,0.5488922425989695,-0.11677699983739763
13004,0.6640685459635339,-0.19479250899186248
13005,-0.6841273403539848,-0.12906609052228685
13006,0.26858775331215684,-0.3993933280426823
13007,0.34366026024951335,-0.2274251706732465
13008,-1.3054938772765865,0.02520263242819484
13009,-0.11790945359486862,-0.05535566868441824
13010,0.4974230778244507,-0.3440963125212812
13011,0.24224417046481378,-0.2937453291645134
13012,1.2416607835622873,0.12443131553852471
13013,-0.01879675221610061,-0.27192456011147276
13014,0.8344279918209281,-0.06098763758831653
13015,-0.4493227206952711,-0.21414237406356385
13016,-0.4410180429920204,-0.3485606909124695
13017,0.5951982393379991,-0.27975461071336105
13018,-0.15874796536863645,-0.3954585957402555
13019,0.3444539199485959,-0.11244395480720269
13020,-0.07341729426507315,-0.263056445055229
13021,-0.5452889723590377,-0.27133369544491037
13022,0.374710453650548,-0.22670301417533045
13023,0.7998959533251294,-0.19263531010412474
13024,-0.01387161791144846,-0.1683529637536513
13025,1.436785142507109,0.1542642044754717
13026,-0.7999231986426701,0.35609260101374207
13027,0.39677726633379956,-0.113069291573786
13028,0.2896561454445091,-0.2906004566756313
13029,0.2068897292064839,-0.15761866242127265
13030,-0.5386740981398926,-0.20239719578682527
13031,1.0137418933792521,0.23798279090855604
13032,0.7764956864517858,0.1567046692939355
13033,-1.2083131244934715,0.6951606232039952
13034,-0.15664193735177745,0.05928398861107187
13035,-0.5855936787060371,-0.004008924531625367
13036,0.926606272608075,0.04478387690345922
13037,0.6079824969115128,0.4002477961873159
13038,-0.7436905513390811,-0.00593520973046673
13039,0.29303432452670924,-0.08039301820808803
13040,-0.29631947649230445,-0.09359701653737648
13041,1.3199010371604065,0.14449852707419447
13042,1.3130942382011515,0.9919132560100319
13043,-0.07069725345440446,0.07400954632798229
13044,-0.10894752782259944,0.13516134051983067
13045,-0.12099192559189355,0.02039910552212154
13046,-0.42749630893723933,-0.0644171165198028
13047,-0.7513710534471062,-0.05868211125080513
13048,0.9727506698243553,0.03277101027425422
13049,-0.3064218963631778,-0.1119657351695725
13050,-0.841866417546665,-0.051715300059550336
13051,-0.21703635908792612,0.15327059307903076
13052,-0.4567854160969166,-0.05811517978914841
13053,-0.8053733856872757,0.08073310378075417
13054,-0.0031556271092767238,-0.02052349375707078
13055,-1.323149140102214,0.779301941115579
13056,-0.017231698610813154,0.76616775394243
13057,1.6161226466861098,0.4625499098019644
13058,0.233877572454968,0.006245321876307691
13059,-1.3490231795367995,0.33497676320815456
13060,-0.32214797543579143,-0.14366525597919466
13061,0.4129177324344023,0.0038970664238307346
13062,-0.19847334896094374,-0.1354718191897205
13063,-0.4050497525778133,0.32540106377533745
13064,-0.061359799118698946,-0.013762577572263892
13065,-1.1444798372668825,0.34025677177640967
13066,0.556170212293479,-0.13314206394023398
13067,0.4954322850546799,-0.05759150066599665
13068,0.14619911752735135,-0.15672711605770132
13069,-0.5576035289564027,-0.15684564693921907
13070,0.738558706466711,-0.05238707229911185
13071,-0.8295230652972668,-0.06988927599082381
13072,0.013412334385428435,-0.1773805931999258
13073,-1.4766537389099406,0.7269057078923287
13074,-0.07972433119103647,0.3520465403253139
13075,-0.021819362022091577,-0.02024907031380911
13076,0.006530522442316254,-0.13351529399826326
13077,-0.19969977664315328,-0.12052699769806365
13078,0.45367483509881024,-0.17430835841967857
13079,0.4215416203352891,0.012126382292807731
13080,0.5247667176569504,0.29610372110095623
13081,-7.554970542654163,11.455723959148
13082,-3.1115491833562006,3.868132344079321
13083,1.6251515481135312,6.021791365150515
13084,-2.982723763728212,2.587763980912026
13085,0.8196116205284343,1.558841744538461
13086,0.9013033937073143,0.8874606446319718
13087,-1.093271053700417,0.36985924501551726
13088,2.9376522007370536,0.9571383962133093
13089,-0.34442362973327445,0.8100529970101801
13090,0.05512841208425296,0.21979635187682994
13091,-0.6136788896433646,0.19114411272540233
13092,-1.2019340920820827,0.6035441004991418
13093,-0.18049730830187868,0.21156853454719218
13094,0.0824769237016516,0.02982139270498557
13095,-2.5999300738674997,1.1614356503841696
13096,-0.2494307227479027,0.6082543220504982
13097,0.4218945594398234,0.17366195163483608
13098,0.4478410725400036,-0.011328528604332632
13099,-0.5108823897487955,0.051906619905826304
13100,1.951043390704534,0.37472815315713726
13101,-1.2675084942513446,0.033454458141905785
13102,0.4162016245246107,-0.11201298716372231
13103,-1.093383917062652,-0.12925353633696918
13104,0.8153616206556177,0.3840339304120922
13105,1.0635978743290098,-0.14833699300873926
13106,-0.23352887466421246,-0.2539352875838114
13107,0.12182945793052397,-0.4585377078289369
13108,0.8595328060882679,-0.18293299952039713
13109,0.005857360279130008,-0.22867353639062946
13110,-1.355687184175106,0.1548269403942466
13111,-0.5502999334149696,-0.13337862330884478
13112,0.7587424665132247,-0.34377107126278444
13113,-0.7067723743956197,-0.22606854518679606
13114,0.06001998070211312,-0.2613105953855616
13115,0.14944908160856946,-0.19432013347960017
13116,-2.352167831793914,0.5422000630504301
13117,-0.37489793375517194,0.44268158080159586
13118,1.1277416018909519,-0.04199622578024785
13119,0.22083082945662882,-0.1253627427053582
13120,0.7782542180895325,-0.1926154031014096
13121,0.1872377108603701,-0.2915424892163195
13122,0.58834682643458,-0.2239299065465781
13123,0.3827117083230189,-0.24425103556687416
13124,0.6016087408156863,-0.2760776543743686
13125,-0.28850262254058484,-0.3357565987757179
13126,-0.16685845287279777,-0.36780545856324837
13127,1.039344143535908,-0.14251011337461186
13128,-1.1459811607919643,-0.13472482605691777
13129,0.5543828764625699,-0.1857448228404726
13130,-0.6907981048230721,-0.22986773748342235
13131,-0.3012551437974685,-0.3490863781698846
13132,1.2025173004291443,-0.12394525297471982
13133,0.45876982168728064,-0.07492803624318274
13134,0.2417404003652862,-0.11664274292389655
13135,0.22321292718589375,-0.2364891458202923
13136,0.32839987592852216,-0.29188961002202535
13137,-0.19991891855808477,-0.2646267092896866
13138,-0.3220038170223478,-0.27622344265751353
13139,0.5653415542839629,-0.2507060483900752
13140,0.8160555729589272,-0.23309339761544234
13141,0.16136087528193932,-0.13311072105313068
13142,0.11024756951494759,-0.2306066884833292
13143,0.38413785902131825,-0.2376846537658562
13144,0.05632326233347932,-0.319156645730863
13145,-0.3791115151381865,-0.25896657296353937
13146,-0.6225663374296939,-0.13571069437733566
13147,-0.5083802017947026,-0.20479010407280984
13148,0.5142403218348577,-0.2821414693198617
13149,-0.06990339838191784,-0.23076594292466518
13150,1.513592296885546,-0.056467348623570286
13151,0.2576169187653766,0.01225356679392532
13152,0.6440619582572841,-0.09395398941959153
13153,0.16166602553691212,-0.15595660875968728
13154,-0.4674261390480775,-0.19394650695550697
13155,-0.7270642026132824,-0.13484575102467403
13156,0.11544617830176955,-0.328304941074736
13157,-0.36959067130092077,-0.25793652651276655
13158,0.29168480296219207,-0.20109451480694474
13159,-0.10830593423637581,-0.2736497121746398
13160,0.6395942274811592,-0.26227614518834574
13161,0.23330132617776225,-0.38302854796695335
13162,-0.84798604500081,-0.3433324826207922
13163,0.29337796072410793,-0.26668887097343785
13164,-1.2237612978180141,0.011293233950773534
13165,0.2601112425631451,-0.2372823200397062
13166,-0.42240247770152844,-0.14610532512819746
13167,0.5163512596534704,-0.13969086531376312
13168,0.6962922887722442,-0.2355257769959964
13169,-0.0673417819332792,-0.39234442841440326
13170,-0.6321840352824015,-0.26842186514289057
13171,0.2841373806933745,-0.3428995847132225
13172,-0.4697931120285563,-0.21771726685430695
13173,0.3123059999508891,-0.3632520657476772
13174,-0.19231392315151655,-0.41357658979763207
13175,0.4645148092658536,-0.38853256841202677
13176,-1.501168850498022,0.29216399707666946
13177,0.8528308442386741,0.5312688669027761
13178,-0.2148227441975104,-0.20466529848968798
13179,-0.47558639969532834,-0.02377800807026583
13180,0.1726494096563915,-0.1750833455215614
13181,-2.110126628362076,0.8248794477251882
13182,-0.27744915513880297,0.14379822625133076
13183,0.807709247870304,0.10123562398713493
13184,-0.6610044082499599,-0.043572430560696526
13185,-0.5880119984304356,-0.07744886999322814
13186,-1.1447416783044908,0.609846487762224
13187,-0.4187888234502075,1.0514114762882072
13188,-1.6315311362132696,1.0779724256245713
13189,-1.0001421028667306,0.5947846054101298
13190,1.0858019410910216,0.4112514023362113
13191,-1.0569611632033222,0.5286915832925154
13192,0.8550316360379184,0.008401158524198954
13193,0.607423173287436,-0.09129457156135243
13194,0.3451704609350247,-0.14930758678057876
13195,-0.7656433220459792,-0.15738477976317403
13196,2.1206102134880447,0.6660196970547553
13197,0.568124048999343,0.2921120522787938
13198,-0.601081014405834,-0.21371912403847623
13199,-0.4931212797534827,-0.28210841504020284
13200,-0.13294887711440445,-0.3920886374379263
13201,-0.2528263186863632,-0.27854616778316504
13202,-0.5227175210380228,0.005220337317600398
13203,0.8072543100478828,-0.04165531776468559
13204,-0.9300593891377388,-0.18781963016684533
13205,-0.09561651528070457,-0.34417847391105744
13206,-0.30652512696250855,-0.3403259542997432
13207,0.6640414953222612,-0.17051026671205838
13208,0.23202511090753317,-0.3798957271428421
13209,0.06656961037569518,-0.2989664945964134
13210,0.7352223874054059,-0.24964934303535932
13211,-0.392827591866067,-0.16589575654810623
13212,0.3983140333000285,-0.21838795661305194
13213,-0.03468650323902792,-0.3500701166369811
13214,0.41788267332839457,-0.4079534678080656
13215,-0.24308041296569566,-0.2125486816731873
13216,0.588592950337839,-0.42428811572832875
13217,0.46407479956720243,-0.2464746415389566
13218,1.3340308180667806,0.0023058698460022868
13219,-1.5409788262790907,0.17883410112256418
13220,-0.4438874499115202,-0.1826942977699963
13221,-0.332046115179114,-0.32908612871613163
13222,0.7403193321465515,-0.3612089676321195
13223,0.8957712584231816,-0.19529872635194084
13224,-0.3358768037604389,-0.2976084883819383
13225,1.3350821098690848,-0.10817507497473042
13226,0.30340709354586515,-0.24033916838027786
13227,0.07329888580217793,-0.27380050375939485
13228,-0.4939261399862653,-0.26556994472070694
13229,0.3050569703347813,-0.40955366565944384
13230,0.04825469273859234,-0.3990328777664509
13231,-0.36478884534026745,-0.20653251264416642
13232,-0.10767124634598503,-0.49065691223482494
13233,-0.39486655516374014,-0.38945587609175064
13234,-0.2142657006993822,-0.2859193233464326
13235,0.7283402970470224,-0.3174020073209458
13236,-0.09272342927264143,-0.33077915995929313
13237,-0.33241651716127574,-0.48138084599426456
13238,-0.3137433443725684,-0.39244773002416333
13239,-0.025893264217063425,-0.3237634886742255
13240,0.8430244864747776,-0.42198034035783144
13241,-0.21907501589079698,-0.46679556917206955
13242,0.41531550084134805,-0.4830537151992277
13243,-0.2888879790770573,-0.5092934387218012
13244,-0.693020550043667,-0.4021965422624343
13245,-0.2756664786815262,-0.3838788803313827
13246,-0.04821647139971899,-0.4922362957914881
13247,-0.2912728501634367,-0.4059677304098335
13248,0.28061273115120083,-0.4111609032027582
13249,-0.16987720987009497,-0.45654767354358733
13250,0.3140796584562418,-0.3010136123797922
13251,0.4927163428320125,-0.3756719772974153
13252,0.3511128436777156,-0.4054691966643987
13253,0.4028989566971227,-0.3640842798768494
13254,-0.018438858736267043,-0.40752936166280135
13255,-0.32127824638502833,-0.364556502276142
13256,-0.0769794521291039,-0.4023207596568787
13257,0.41478078347694325,-0.4093300812194978
13258,-0.12155083938948284,-0.5045101444169284
13259,0.1527156977383228,-0.4031040509442366
13260,0.039205715782209855,-0.40432289954401324
13261,-0.001766932541642642,-0.3616937719926275
13262,-2.026572021399427,0.27016873989821844
13263,0.12093656007459694,0.023229108164977946
13264,-0.14600757749924398,-0.25816250372482535
13265,-0.29564068558703,-0.3441380564100776
13266,0.08712925577926052,-0.42211331538329705
13267,0.6929300009366077,-0.3119983979211786
13268,-0.3332534338316756,-0.4534011406687208
13269,-0.48581517030471916,-0.42845265056333515
13270,-0.6134438158695259,-0.28441338494978863
13271,0.17124720417911599,-0.3131548520965565
13272,0.27879371996252217,-0.3168729622677492
13273,0.3732277448129911,-0.359996608598352
13274,0.49037008868636595,-0.42785862809149
13275,0.42971948094074647,-0.3552047039191668
13276,0.22202942289604558,-0.37823273701268145
13277,-0.5623879933720926,-0.37423928578198096
13278,-0.5590278057569239,-0.2577462877940146
13279,0.18988065723934733,-0.42979839961158134
13280,0.9822464045678314,-0.16899407988385043
13281,-0.2543060230033095,-0.3714447258324838
13282,0.5898431527823667,-0.3707107510226501
13283,-0.09638689869218742,-0.32120210967891294
13284,0.2916176981739643,-0.26132333353671305
13285,-0.5181103337266446,-0.23222714509161133
13286,0.005190617099731761,-0.39346847892961334
13287,0.5673468789019169,-0.21134125747171995
13288,-0.03292080790712753,-0.3203299480821889
13289,-0.41849108421549147,-0.3349632782041086
13290,0.06391140626719678,-0.49218475496768654
13291,-0.46754784242306463,-0.42263051014466796
13292,0.08173448325279285,-0.47834695807801325
13293,-0.19548728485309907,-0.5492481943589497
13294,0.20956850030291344,-0.4628886041384236
13295,0.3729069847621053,-0.5511737776885836
13296,-0.31311295969819547,-0.49180739578572064
13297,-0.046205617948763884,-0.5882481680451906
13298,0.11727726884848584,-0.47024698613537524
13299,0.1505920079676404,-0.4872636271789725
13300,0.18274410966198096,-0.4393991133131595
13301,0.11322629106764547,-0.4863637993703679
13302,-0.3828609257969644,-0.5078630237687892
13303,0.041803078947779515,-0.43663927111657524
13304,0.21946491023596,-0.4837296826291833
13305,0.05976694425271912,-0.5046982220316327
13306,0.1647037264445716,-0.4696452409496113
13307,-0.5220250117963345,-0.4966726185193597
13308,0.36523131189750174,-0.5322893855871843
13309,-0.2539210226900747,-0.5353841738063705
13310,-0.12728766812101994,-0.5424204929186138
13311,-0.04224306182183978,-0.47692613449858023
13312,0.23023398222770344,-0.49658133888824696
13313,0.29189609777534603,-0.4885788370688906
13314,0.03868757917736349,-0.5135551664035615
13315,-0.20419041175052138,-0.5646983681126906
13316,-0.4124549357661536,-0.5323863011348544
13317,0.15097780298205377,-0.5501794914379544
13318,0.3827076684986013,-0.46200433208567
13319,-0.3423665742161728,-0.48009360908298027
13320,-0.1455707493149238,-0.5138352315471809
13321,0.06109006687078831,-0.4480090746488307
13322,-0.1466122335505919,-0.34779594346087217
13323,-0.35015525505652895,-0.324496496258097
13324,-0.20520844511020447,-0.312187936996576
13325,0.6083348740267901,-0.1961746902859684
13326,0.26262324848789914,-0.4963140574545212
13327,-0.1978064869753886,-0.5014364862464522
13328,0.7157342826797087,-0.5011271831080438
13329,0.24555785921001347,-0.42577074837165974
13330,0.36391262616308395,-0.45189943954057726
13331,-0.19143020918744127,-0.34325987968436833
13332,-0.0431494579044366,-0.5160873006933947
13333,0.7937227426839067,-0.32580788103245323
13334,-0.33445110227819286,-0.4098458943904124
13335,0.47231938017645925,-0.22940619049029673
13336,0.2956164729185246,-0.2587426700441175
13337,-0.029552360771350993,-0.3662959087899441
13338,0.8891419290898689,-0.06652470020498776
13339,0.1761120683831257,-0.20772651455725477
13340,-0.2340938942676765,-0.2874981281372829
13341,-0.276643666092324,-0.31057614612760276
13342,-0.2784939028277617,-0.4270192544717538
13343,0.46480768760134883,-0.4101766051768577
13344,-0.19921773413264954,-0.40658285511232256
13345,-0.4325608711138157,-0.28624879056633185
13346,-0.29973170685300293,-0.3226960556362714
13347,0.608230937795897,-0.2916537020271971
13348,-0.16656579212101172,-0.4064357592811497
13349,0.2867231676044,-0.31629764874796934
13350,0.03314251996858999,-0.35224418482827297
13351,-0.15915061293095326,-0.3927544591533237
13352,0.29866500870482593,-0.4948030827749631
13353,0.13139479393280712,-0.3718772818165816
13354,1.1708439460084792,-0.002762065777709806
13355,-0.38869537768058815,-0.13784894635803835
13356,0.049161079359139596,-0.17151455730773646
13357,-0.4172903895126125,-0.278681652311905
13358,0.5935688430800521,-0.17347794432097724
13359,-0.3541458199973484,-0.26561335558792043
13360,-0.29415420152884414,-0.36196593776873337
13361,0.44633202689722334,-0.370738282091495
13362,0.24746788732754346,-0.3109038633453239
13363,-0.48194785377982186,-0.3107637211926177
13364,0.2040830453575168,-0.4186677766136731
13365,0.21087774568015671,-0.3451923049439805
13366,0.1837868812880379,-0.24535205292722953
13367,-0.3845520621239469,-0.2930618013424291
13368,-0.3566286139433995,-0.3202499893723161
13369,-0.05966327918500099,-0.3952582247962691
13370,-0.21602119952532287,-0.37849589314496596
13371,-0.28938089466049616,-0.38932632293064356
13372,0.2412793357263308,-0.5039913292987992
13373,0.6659964312874709,-0.3802559745767188
13374,0.267992632047012,-0.250344895414312
13375,-0.1988081051489482,-0.4323554680694368
13376,-0.18560938715366165,-0.3080802200182595
13377,0.38175108761226795,-0.21755727109682177
13378,-0.22330711153877333,-0.33190313653440495
13379,0.43016160224055916,-0.24176776071159356
13380,0.15738537559759647,-0.2471522154572744
13381,0.8455025153474448,-0.05387633821108589
13382,0.2878573691742875,-0.19077551798472792
13383,-0.6484132541947131,-0.010044203165811125
13384,-0.32608375964687936,-0.0992497047307289
13385,-0.2534323367024209,-0.2362968708460476
13386,-0.48314866254446037,-0.18455447431118097
13387,-0.10265262469931201,-0.28572352205409635
13388,0.044194518565852506,-0.2965726007563757
13389,-0.029333405134967676,-0.39259492851026556
13390,-0.20893830094909077,-0.38969563654798967
13391,0.011889831282733474,-0.4049310300275156
13392,-0.3367592472794327,-0.47229642412040984
13393,-0.0967879135198121,-0.44360671529435375
13394,-0.8524720117484285,0.37659667318171447
13395,0.3668318573162812,-0.2381699448362901
13396,0.1464895202287683,-0.45691330340570807
13397,-0.7277473990795297,-0.3371517537881868
13398,-0.25928288993605464,-0.2748621029060354
13399,0.35398095840668337,-0.41822770635001233
13400,0.06192023234811544,-0.4126151048456445
13401,0.45190400881769693,-0.5002960154397382
13402,-0.5742627468865317,-0.42661356660300714
13403,0.24030814473837564,-0.39949314515542106
13404,-0.09023312164662405,-0.4843619679156398
13405,0.4076208305392478,-0.4746557382979895
13406,-0.11973330763568263,-0.4842220201936583
13407,0.5606809400333587,-0.240877201547338
13408,0.3033535573651784,-0.332254843494312
13409,0.7395558501514278,-0.3426680772861295
13410,-0.08454282151209751,-0.42928140386113356
13411,-0.6388461744433174,-0.40744825523673844
13412,-0.5587594679211576,-0.32321457759157673
13413,0.26705761317966414,-0.4522381946260703
13414,-0.7442295761710148,-0.2705183423192843
13415,0.4642228527153282,-0.3296104218920345
13416,-1.223022525437251,0.05516536388540304
13417,0.3309754248897505,-0.17867890034809866
13418,0.11178361403040658,-0.26734528469139635
13419,-0.2839208186933304,-0.3429758155949995
13420,-2.235900586844125,0.7714232205291448
13421,-0.8225190327869684,1.1236721085858468
13422,-0.6271336430915909,0.32016278466198084
13423,-0.8615567744231616,1.2999413686440018
13424,-0.9819855577270319,0.4095316671124935
13425,0.6357138773661078,0.05551837880458292
13426,-1.986385589118401,0.7670459779689051
13427,0.022872785191621618,-0.10194650278574201
13428,-0.6470918775926536,-0.08317836635725767
13429,-0.33434728130484115,0.4986436215475614
13430,0.7261027829759243,0.24345014602211545
13431,-0.2710124973497813,-0.22298051211184414
13432,0.6421615713270246,-0.1618624308240492
13433,0.06987675361309371,-0.13644095198790715
13434,0.388499573151911,-0.2487528641480206
13435,0.6111690261434195,-0.18448467113725028
13436,-0.8769267417766472,-0.23488373709457794
13437,-1.2885928295265185,0.11805501991350038
13438,1.4246668262732702,0.06850348702324426
13439,-1.282222326450418,0.023810045712523074
13440,-0.9197864556920573,0.28725925859978524
13441,-0.4433069816037394,0.25567861693610167
13442,0.7745356467993301,0.08968368294225712
13443,0.08093732784550198,-0.24060810590362183
13444,0.009185759859116713,-0.18777404455656774
13445,0.07095785928463016,-0.2365564558141159
13446,-0.28489586405175393,-0.23672583788467985
13447,-0.12133329446820697,-0.22751031490253923
13448,0.8704712064898803,-0.25937350857372904
13449,-0.5317501854940325,-0.31558950460726765
13450,-0.4467561491733027,-0.25072675699933195
13451,-0.5263450469319941,-0.21139932675764594
13452,-0.45002700276674407,0.190154334065182
13453,1.7621855282005678,0.3566463156191439
13454,0.009669793259812506,-0.01624323620964107
13455,-0.36993900936451957,-0.2070861652400933
13456,-0.22592581657643118,-0.16536025074508146
13457,1.1758127803342617,-0.22829280957212172
13458,-0.5788348443301202,-0.2542588008987922
13459,0.14010642128760353,-0.4213785138005619
13460,-0.17771448740784387,-0.37887391495256884
13461,0.24518080170717724,-0.2461971310177439
13462,-0.19199971723929232,-0.10166598188916133
13463,0.7631311946578438,-0.07171903354669609
13464,0.10630220176864298,-0.26862022708168065
13465,0.8398022735031521,-0.21202133593426753
13466,0.8135381156977147,-0.16875697748846724
13467,-0.5410631626928223,0.009697948880482768
13468,0.48435032353615787,-0.1317035097642489
13469,-1.2351769708497848,0.1069325521809038
13470,-1.7071965183939577,0.35684114809062956
13471,1.3809469944102175,0.052918906666504395
13472,0.44882078178823887,-0.19582523157649306
13473,-0.7328822501930479,-0.22678616338079935
13474,1.3763577574115442,-0.1109912203016596
13475,-0.6541000908033866,-0.3056692438577011
13476,0.03663431947085892,-0.38528291509956497
13477,0.8448302230236455,-0.009975746467684121
13478,0.943660093333094,-0.040448672237647684
13479,-0.2480491345804335,-0.15739345385404466
13480,-0.41936255299685155,-0.22844076580980588
13481,-0.2672301387138144,-0.3234854470643698
13482,-0.26040796689650575,-0.4307951060170673
13483,0.9082398447886447,-0.34800231764796324
13484,1.3561911729582221,-0.07658432017285025
13485,0.6554657996606261,0.03265867115620132
13486,-0.587816203695754,-0.2315756784464585
13487,-0.663970060499294,-0.3424651893224221
13488,0.2859757092557245,-0.39336924932327094
13489,0.3934107747247127,-0.40707399893311985
13490,0.46202096190865183,-0.39388331646323305
13491,-0.7827549769937333,-0.28853717237138715
13492,0.40252024592022667,-0.4484607229985359
13493,-0.44302329358854486,-0.428975943521471
13494,0.3200663397179156,-0.2924634872295109
13495,0.4066093875512681,-0.4841054202943686
13496,-0.010087069782027072,-0.5547507556988248
13497,-1.272359941469688,-0.1889489221343963
13498,0.7526290581466315,-0.4580222612898531
13499,0.6562363868051376,-0.4581445550656345
13500,0.2300256719376562,-0.4406944206782265
13501,-0.812163901254948,-0.409214451903329
13502,0.821829661407042,-0.41880041982550525
13503,1.0284939553715975,-0.1190465949259617
13504,0.19899322785970747,-0.3599600689679835
13505,-0.4326048331423668,-0.25043772553160826
13506,-0.8091843081852413,-0.2576735705084915
13507,-0.0515811459606977,-0.47606175690367747
13508,-0.3597317763130399,-0.4212584842552701
13509,-0.7745506186153432,-0.35406587707122444
13510,0.14067247984485218,-0.40709650354754
13511,0.20526595380777804,-0.4538453345451441
13512,-1.6191999067407115,0.03166415045473403
13513,0.6123566433392266,0.09300648510434827
13514,2.1533009077339287,0.06731419037700495
13515,-0.44456050008733866,-0.1882388187801469
13516,-0.6508777329855616,-0.34756506261159
13517,-0.9228046986620173,-0.23414693529976907
13518,-0.26669386896934233,-0.2430311285186508
13519,-0.1752492561241863,-0.42743607589113397
13520,-0.0006095933603678196,-0.4313596361362996
13521,0.025579415398346784,-0.3605276052286234
13522,-0.2867194916062006,-0.3643085493781648
13523,-0.2762348696577035,-0.18685492815091823
13524,-0.9240021446300298,-0.13524541298726667
13525,-1.7544683364381162,0.556010959263821
13526,-0.7061463011169029,0.21841266911581342
13527,-0.5122949843022789,0.6570377695084177
13528,0.18117498873026044,-0.1514335155210039
13529,1.5798441610484415,0.05478300753213254
13530,0.5609944001716084,-0.22667447400510127
13531,-0.4906218234188537,-0.0777458771720596
13532,0.7855770137613899,-0.17542629780109592
13533,-0.12337605679204022,-0.34885249543009733
13534,-0.558809340141807,-0.4071893512468158
13535,0.09777615071840479,-0.3420677961332836
13536,0.35373200648661324,-0.3231039489015057
13537,-0.15627129805575252,-0.28933095420579014
13538,0.043726294061135214,-0.38874198993511466
13539,-0.47101832454971393,-0.24841690848544978
13540,-0.5842886323332019,-0.1416283594861638
13541,0.1556184661885993,-0.25300942111903446
13542,0.6837540791587666,-0.34486685839289277
13543,-0.05060046341365055,-0.3290559042636486
13544,-0.06440866151990604,-0.2625640596233877
13545,-0.16422503423030285,-0.3281747888009846
13546,1.0175370585463195,-0.13761836071857497
13547,0.7852137674823563,-0.17871312988277385
13548,0.31988304266858736,-0.22288179611007197
13549,-0.16847720910459232,-0.1876135576887144
13550,-0.05591368725255656,-0.46069304018991586
13551,0.16169017227378132,-0.41740440819650854
13552,0.48853973514421456,-0.44052460913598374
13553,0.09253203144980128,-0.29667665084815337
13554,-0.24038613717977297,-0.3698425375329629
13555,0.11914858263562794,-0.44059739861561215
13556,0.16231303104314168,-0.2848389896252617
13557,-0.4074481657503382,-0.40795995046695227
13558,0.40749377019542077,-0.3843928042774733
13559,-0.1176550572590253,-0.4151695257888211
13560,-0.1397105624560638,-0.5328215815066609
13561,-0.13166977875513292,-0.46784516933153264
13562,0.14994959700718988,-0.28432016203772936
13563,-0.4874069414272173,-0.4242123381489773
13564,1.0736185941399465,-0.3572867492770489
13565,-2.4718195964993606,0.8395964967252928
13566,0.8622873956551503,-0.09037998790975878
13567,-0.760440128310255,-0.15818477763988953
13568,-3.069028845995903,0.8818895164782402
13569,-0.5421603235294195,1.0758459419473874
13570,-0.2462176493394256,0.42931359532740254
13571,-0.2507182964924235,0.9059830597433304
13572,1.7993257146254866,0.6806640964239203
13573,-0.5671466379076363,-0.19349353636121833
13574,-1.5645605330523173,0.42680040100891375
13575,-0.32536525324412524,-0.06586858881974911
13576,-0.23283103802966212,-0.1817539400750265
13577,-0.012378970465084438,0.24873899187743373
13578,-0.5707968309084754,0.009927385014669322
13579,0.5209553931924132,0.46972056541624324
13580,0.4058774863998093,-0.12666586436443533
13581,-0.08131484488980258,-0.30414236058574057
13582,0.25375341986123406,-0.37082308883036125
13583,-0.2517355106573886,-0.3148797159979665
13584,-0.34260223965166714,-0.28064782738976785
13585,-0.8833723965468966,-0.10893978530565854
13586,-0.3541572723631833,0.0231265919423215
13587,-0.8113493075277431,-0.008152240888532935
13588,2.4215340446973457,0.21551719090753352
13589,-0.09173111945991018,-0.3443450260663544
13590,-0.9826947978743683,-0.07565980149902152
13591,-0.6703722882198522,-0.24903166140819047
13592,0.9937610836942271,-0.2289260371261946
13593,0.4889591062902578,-0.42770419796130216
13594,0.647984211318722,-0.3312833281926561
13595,0.2526593218306752,-0.3296651899376508
13596,-0.23271073498923617,-0.3312388023079593
13597,-0.03394740215833592,-0.3498847142442386
13598,0.012323993918883953,-0.5135226638071897
13599,-1.0093023190615225,0.020056756382559493
13600,0.24729340576888748,-0.2391224869099474
13601,0.07839246411224794,-0.445131030174964
13602,-0.28682829377045815,-0.41987697306961186
13603,-0.6587959034964953,-0.2806275196291341
13604,-0.7155364021309626,-0.07454499641445718
13605,-0.009943375685272848,-0.11730969932682224
13606,-0.6804708405368366,-0.04227649224783205
13607,0.9518265728311552,-0.1218004784881673
13608,-0.27772129270090007,-0.30008377491905724
13609,1.0298528468137635,-0.11382650777370903
13610,-0.27218610602068366,-0.20343651463418136
13611,-0.11508668155513424,-0.26550996559665846
13612,-0.5886212107046348,-0.32665950827692974
13613,-1.0186572490966896,0.26794781498095377
13614,2.1019363380862903,0.5104454921345672
13615,0.7523595837548342,0.023212405063319785
13616,0.14631393960010966,-0.2289107084343083
13617,-0.005760049254784919,-0.2933061448626068
13618,-0.10523567033872289,-0.17739193289965124
13619,-0.3057742952166924,-0.34651764848952793
13620,1.2937466963955322,-0.07185310275884262
13621,-0.5166188000861587,-0.14320472805430376
13622,0.09635222859063775,-0.47217288930594525
13623,0.3443097248734034,-0.22413201972817964
13624,0.31668193357666335,-0.26948845327719173
13625,-0.3744469596599209,-0.1582342499273076
13626,0.23507629094477026,-0.3661994534658809
13627,-0.4658423897155855,-0.30601029850535877
13628,0.10972225188468598,-0.2376571841135792
13629,0.13097003019472428,-0.36286413403169954
13630,0.413113889098752,-0.3530081593975845
13631,-0.8365145503623129,-0.27093000386278826
13632,0.3693869271827848,-0.40017997148662104
13633,0.4712703935984755,-0.4031508493865342
13634,-0.17347053342857194,-0.489411393744225
13635,0.37715609951486284,-0.2692808651578109
13636,-0.09651425355391224,-0.18602075550957775
13637,-0.46373592076106157,-0.3132383820705574
13638,-0.3153786863784076,-0.38287987179535826
13639,0.5041214439018311,-0.32399974787156766
13640,0.7125919995221567,-0.11804355654489412
13641,0.4310693464488745,-0.04018513122213724
13642,0.3061673198424643,-0.08256091370838989
13643,-0.3314052596851597,-0.11770935035675782
13644,-0.4850266798953448,-0.22478284513743624
13645,0.19399189745282663,-0.3392159903698688
13646,-0.5477105994127365,-0.3041718768783464
13647,-0.029814118680265043,-0.37993960460684095
13648,0.05813493471772704,-0.5046058719975661
13649,0.4646305708129361,-0.4284079517692081
13650,0.06634407649500777,-0.40534355423664137
13651,-0.6838923493803349,-0.3508028979889147
13652,-0.5440331187273744,-0.4071825592434527
13653,-1.6023845867610285,0.25304937157252577
13654,1.8649202260234035,0.05757106833562492
13655,0.6750140576705546,-0.12149880555602077
13656,-0.49853627034301107,-0.23117325782868597
13657,0.9090325236160582,-0.20550859674420058
13658,-0.3656766037324442,-0.3306164758093911
13659,-1.6187987920377773,-0.1471651869527701
13660,0.5890682966272728,-0.23344121277662572
13661,-0.972128855492411,0.24666106477082214
13662,-1.7547719602674565,1.1033092590515827
13663,-0.4666336867387474,0.9585026001215923
13664,1.8635247091572393,0.6587527639722974
13665,1.5717088117757618,0.5514582875847102
13666,-0.029715182119108122,-0.0892483319444371
13667,2.423799801265413,0.8284442708279917
13668,1.0555481278290595,0.6113830959736886
13669,-0.8506019207793084,0.05187707353121772
13670,-1.4347416136315945,0.12645048526195504
13671,1.3788947239679088,-0.0024051149532695257
13672,1.442224202735964,0.1440935900776293
13673,-0.8148797887102245,-0.15158928252444764
13674,-0.3091612715148268,-0.2415367022387119
13675,0.4243834868628658,-0.15233395799185526
13676,-0.31542767181923625,-0.3639760570807316
13677,1.953506551527603,0.21271576798820624
13678,-0.4085237959538334,-0.022598837999249565
13679,-1.7284799257251706,0.025773992629609763
13680,-0.8499223981876095,0.11662516463805195
13681,0.9682138830506435,-0.09269531697982349
13682,-0.019772284386352083,-0.29638231162890344
13683,1.488231455436342,-0.2550102626745957
13684,1.0838593229932103,-0.0053533757776772686
13685,0.018546084944150592,-0.3500656346560015
13686,1.037689218243809,0.007359377311412909
13687,-0.457902866173169,-0.25807545669222015
13688,0.035334478687964355,-0.3675024833685954
13689,0.19407009138139492,-0.3277009680096391
13690,0.15730235769066597,-0.27784552817425817
13691,0.22987611386109014,-0.3156610573974275
13692,-1.2485629132022824,-0.03543215009790703
13693,1.1459767775928946,-0.13437365013863983
13694,-0.13052327935826472,-0.34957415982291723
13695,-0.12702630212053279,-0.27652451331727684
13696,0.06864835658225425,-0.4783666040970735
13697,0.22790412808305688,-0.4353447701379935
13698,0.2708869344538479,-0.36052147490258574
13699,-0.5540901493606948,-0.3873558305713109
13700,-0.33702767751097273,-0.4457755798187315
13701,0.319030111661618,-0.40975234634351665
13702,-0.34898355472320886,-0.41095533596517486
13703,-0.5558621661911821,-0.3215035780951515
13704,-0.12145830914620782,-0.3214260926258839
13705,0.9713065211062505,-0.21269450111667562
13706,-0.09626514392913023,-0.4553001976161719
13707,-0.3012518278536173,-0.45198486278242866
13708,-0.17819088225492516,-0.43409738735870146
13709,0.7493315670048301,-0.35303112558664235
13710,1.1888879681921165,-0.09734018553363871
13711,-2.1088658272931955,0.12687888664651487
13712,-0.6852385059272034,-0.05967750560795999
13713,-0.42930605379172404,-0.30765903995303856
13714,0.5201099014537635,-0.3543276444314405
13715,1.4823082844732112,0.1506354985399693
13716,-0.7436211153240933,-0.2701583812484593
13717,0.10017015685776187,-0.4251838357824805
13718,-0.7565794206209998,-0.3463861574123688
13719,-0.4598263204549013,-0.4209639149717577
13720,0.01730428437190088,-0.4744329567860848
13721,0.4277869962157191,-0.35605555416339607
13722,-0.25771312381934525,-0.45871602010533274
13723,-0.5090894744967455,-0.2642381770582751
13724,0.1365951941980414,-0.42010762185583905
13725,0.5479660779604072,-0.4436062528256787
13726,0.4519931948451811,-0.48215481870300964
13727,-1.1715207216042314,-0.23500010763040244
13728,-0.1514326172774977,-0.4897546694660204
13729,0.5049116563926428,-0.44104453549584505
13730,-0.19065613644912383,-0.514418616965995
13731,-0.6340664791212729,-0.3437534656082325
13732,-0.01890581801684732,-0.24689230734715112
13733,0.5591699379250086,-0.35807301269446323
13734,0.1745844190149402,-0.5224834652893527
13735,0.056395340164370485,-0.4301971856401736
13736,-0.9060786760981399,-0.3623690326864267
13737,0.1192711015977302,-0.44800531174897995
13738,-0.619468318517759,-0.45449066384362613
13739,-0.671974989988647,-0.0030967491819888578
13740,-0.04397815613616625,-0.17696644606300257
13741,0.8565171963169238,-0.0829076208306541
13742,-0.874034284208378,-0.2989109980095434
13743,0.11383385283453408,-0.423819697012608
13744,0.13038953429602565,-0.38207393554822683
13745,0.00585303665873667,-0.47960123440787567
13746,-0.2909145556040651,-0.42358585541727956
13747,0.5044353917168969,-0.4148104726468536
13748,-0.09697744379184967,-0.46002660584539024
13749,-0.47259061491129184,-0.2948548613882781
13750,-0.3407153464703282,-0.30734251607295865
13751,-0.13565342868380986,-0.47929091424275566
13752,0.05910613891537558,-0.2651666787063008
13753,0.18492407954522422,-0.30483003991321467
13754,-0.7656064851106025,-0.20255358619492453
13755,0.42848557388235325,-0.4270851214687592
13756,0.6856375891424192,-0.4737760543846281
13757,0.7623323853646777,-0.09692324352759576
13758,-0.9028444013716685,-0.05321423596956165
13759,1.3871882968802955,-0.05939422590078398
13760,0.5330628362837436,-0.12565693978611325
13761,-2.309519512172205,0.41289523443474385
13762,0.12501900545323116,-0.3264953817578342
13763,-2.1704628629493743,0.28803087626320245
13764,0.9818401315230794,0.015291092806843485
13765,0.04779222333826867,-0.24952257530972796
13766,-1.0528285452481025,-0.24309576515371767
13767,0.6353147627086144,-0.22010351283959292
13768,-0.356340176961218,-0.32052615535774986
13769,-0.3355967060380993,-0.285560655883086
13770,-0.6925673533820428,-0.2740165219447249
13771,-0.4261115138185566,-0.03833236347734941
13772,0.06632435578616505,-0.353821761379347
13773,0.8632645451003021,-0.3047465384105939
13774,-0.0886966933464489,-0.5198122182752328
13775,-0.05368263050742424,-0.5023667358753753
13776,0.5909674292658282,-0.3401352544099338
13777,-0.5126431834170054,-0.4562593582057968
13778,0.9502559269165519,-0.2805106070445729
13779,-0.11271756938714554,-0.45454916705404663
13780,-1.2173767652650247,-0.23337156098502815
13781,-0.6919437837936769,-0.23766598995857255
13782,0.1503888288108485,-0.3370201340435291
13783,0.1792424723607781,-0.5207866909126877
13784,0.23735988774790476,-0.4640120475395614
13785,-0.21446039777207634,-0.17034298180825683
13786,0.6252097743485213,-0.367425586201118
13787,0.24765076264767744,-0.37329238098391526
13788,0.18478629806545277,-0.4881162468370348
13789,-0.2842423042940192,-0.5265590525810705
13790,0.3373670945694662,-0.5327152277319593
13791,0.3881923766881702,-0.5662665981113653
13792,0.002646721850745605,-0.5514206988603468
13793,-0.6107999618754806,-0.48888640842954606
13794,0.2234968763149404,-0.5316719901536374
13795,-0.8994133386564143,-0.4243314432408641
13796,0.2848711036427553,-0.4369726073760999
13797,-1.028104329271876,-0.3108913887287676
13798,0.6152384827086385,-0.4768790499172943
13799,0.8081752899827596,-0.3879326626232537
13800,0.15853275595098937,-0.4617945610924213
13801,0.1331914294781814,-0.4157887934025845
13802,-0.48887677181552947,-0.5034830827489506
13803,-1.0776924963791994,-0.2781816900742446
13804,1.1608635031820547,-0.32037446635991135
13805,0.4465740690441796,-0.5194426089035998
13806,-0.00320637318419495,-0.43646121253302533
13807,1.2831205615921275,-0.014323476831438184
13808,1.0325609615213454,0.07741820434486332
13809,-0.700407752102081,-0.2907150645777432
13810,-0.35037888093841946,-0.43489907587183
13811,0.4848260810370435,-0.4852958283771095
13812,-0.8901538375303257,-0.4021900954711415
13813,-0.8171614191291664,-0.34778562215064723
13814,-0.0653913062014782,-0.34754038554707306
13815,0.9933956379444178,-0.38457174873396605
13816,0.21820250265361776,-0.3033400644047824
13817,0.018862283460021733,-0.41224232011733697
13818,-0.5137875572905143,-0.4364906171546131
13819,0.53154456519794,-0.4427875941345777
13820,-0.26417089223543117,-0.49917107110000564
13821,0.19442486485904326,-0.45351106903676686
13822,0.38280559940320197,-0.43742225403417195
13823,0.15485676651529912,-0.3294280734159921
13824,-0.07331544801209465,-0.37343587255430477
13825,-1.2623703841345109,-0.1847165381238759
13826,0.31770847089190823,-0.42569877640170284
13827,0.7550006182276585,-0.35229618348115044
13828,0.5816324611041894,-0.3083425676739885
13829,-0.14592106517711267,-0.40986783138736305
13830,-0.17249753167417062,-0.34501039698744124
13831,0.6494326104296845,-0.2847327624337536
13832,-0.08417778373870591,-0.26513166942214295
13833,-0.47012429376994985,-0.3439458017618881
13834,-0.44086651447386976,-0.39209387087410397
13835,-0.42503899549917684,-0.37054374090949405
13836,0.03351570864172668,-0.2977330817421907
13837,-0.31122695420300583,-0.2502932680559759
13838,0.4453192982572893,-0.43503111039812664
13839,-0.9623634200925433,-0.34288469350438505
13840,-0.23149339200400262,-0.343623211417344
13841,-0.4642472142891828,-0.23153156065793531
13842,-0.08807330316953843,-0.29567840491448183
13843,-0.9526995925110532,0.03244024801965881
13844,-0.07868660760353048,-0.24894885352158588
13845,-0.05878340875719533,-0.3086540377097814
13846,-0.1274305754146192,-0.3100412397334893
13847,-0.9939102702367253,0.3256263222329971
13848,-0.18431592234910696,-0.15951402883479268
13849,0.3849586250060762,0.8879214797226681
13850,0.21252138447950455,0.4389744637351473
13851,-0.06778195566635169,-0.1610221014590562
13852,-0.04017887213039867,-0.22378222271523368
13853,1.6129051381006558,0.6467882527918042
13854,-0.34788634406398905,0.2175543080897273
13855,7.854476858224983,10.226913185942387
13856,-0.3394159657598207,6.828897553244077
13857,1.2938818447966092,3.342979980995222
13858,0.5076862042182189,1.083430425191501
13859,1.8935568922920056,1.692598732366766
13860,0.675725926471966,0.6484308962211476
13861,0.7631903831234579,0.5657558522769891
13862,-1.8708785792190579,0.7877077713001758
13863,2.916474390873673,2.464871502175168
13864,-0.48126311505565456,0.8111568286623081
13865,0.2644810814109062,0.49186799329504044
13866,-0.8176129055133216,0.23044856801047992
13867,2.3542034604267568,1.0820115053047337
13868,0.9342027279556764,0.6492633704924897
13869,-0.7595049441785366,0.42422233575974655
13870,-0.14725119335296877,-0.08654164162297255
13871,0.5821957868711021,0.028810189773548302
13872,-1.4031391577502965,0.4666999914548967
13873,0.7753944526983018,-0.08163922203251918
13874,-0.3437880235592758,-0.24861980119726473
13875,0.565324013326191,-0.20358723936283402
13876,0.02879004244968917,-0.16771220284515995
13877,0.148306906077809,-0.19028720001901397
13878,-0.2924343406326638,0.1245817061775093
13879,0.4158903089337544,-0.17410219464016932
13880,0.18053609900716394,-0.2678027929161094
13881,-0.012678653494627245,-0.216083910331275
13882,0.3997106498564623,-0.1725784802952983
13883,0.16885880339784862,0.27826108927156146
13884,0.7165916438359515,0.04997164645585963
13885,0.17368937946018057,-0.1041221035852998
13886,-0.18592813287535692,-0.24724539979186116
13887,-0.9022849012102367,0.046764629407316
13888,-0.1859647959242925,-0.14639477155227817
13889,-0.015592556924381254,-0.10711978359306244
13890,0.0860871450041396,-0.22188137285817522
13891,-0.1947689122921152,-0.2335878689714621
13892,0.6031201233956093,-0.3124849527889237
13893,0.41130653206198403,-0.22785197833489415
13894,-0.029637772749374167,-0.2467340045186531
13895,-1.1421596207984743,0.12153544295300993
13896,0.4437635452966321,-0.24859614802389957
13897,-0.7704730086575926,-0.13596701890064594
13898,-0.2065623930787239,-0.1898867239102519
13899,-0.3110564392124857,-0.15295637787265776
13900,-1.20523282910697,0.2619441544337272
13901,-0.9267256134654057,0.1853420216985329
13902,1.2963374881630418,0.06985890325312297
13903,-0.6403043073324541,-0.23458036434466115
13904,-1.7548179492507725,0.36540111380874096
13905,-0.2915491441167442,0.8735760512724917
13906,0.6686755273615784,-0.08345440577643812
13907,0.2430233981350575,-0.17282529611496936
13908,-0.033418317294428526,-0.2470139274251094
13909,-1.0463435681996507,-0.2799915372974969
13910,0.5074377183425594,-0.4003917201486468
13911,0.8859410377977258,-0.21646485253674297
13912,0.07087748234909773,-0.18049876745815313
13913,1.0732318780409076,0.21819698097460713
13914,0.2772976799154212,-0.13559837162707147
13915,-0.06666830904256897,-0.2314359887020777
13916,0.6344020487495329,0.03323356024194157
13917,0.5918383796573807,0.11625926643863624
13918,-0.12308314873472925,-0.12093702829823161
13919,-0.6322532675025185,-0.06593637125324778
13920,-0.04690071050477261,-0.16923029016970637
13921,0.11840550920041265,-0.22619239725058365
13922,0.21792273312770932,-0.26740838757304386
13923,0.4067691318371944,-0.15360117251287345
13924,-0.9024997179072438,-0.14271241166429957
13925,0.29296096377562353,-0.18291527671633728
13926,-0.4187324104806058,-0.2253347796069555
13927,0.141129887814746,-0.22812133398822354
13928,-0.7633244140596844,-0.021071979626334354
13929,0.7000954287679897,-0.08563195880060771
13930,-0.12182312556279866,-0.2145116086883676
13931,-0.3357105942859925,-0.2655368943902275
13932,-0.21391084686085224,-0.25468263754899667
13933,0.6553383522839026,-0.22100994910997693
13934,0.1351462837036689,-0.3932386865672951
13935,-0.7134125666385186,-0.2332319515553411
13936,-0.20822754438787522,-0.2833652422593521
13937,-0.31556144631549277,-0.3396189767986548
13938,-0.19861543574729706,-0.3641214784523438
13939,0.6573826093022518,-0.3140631682505484
13940,-0.34460956076984606,-0.45344264805943374
13941,0.08145528361229079,-0.39729538151575217
13942,-0.2753442214626288,-0.3162756006425375
13943,0.42184983233607903,-0.22502703753839653
13944,0.0029439566347134677,-0.2778768908967306
13945,0.2324059190151727,-0.34663313375152094
13946,-0.5570505077716239,-0.37116983738595
13947,0.004273752141007813,-0.42637971625158494
13948,-0.4967159241891007,-0.15558740179542957
13949,-0.4537845675918487,0.2620149132123335
13950,0.23562790628864952,-0.09750808924964165
13951,0.14811778077332927,-0.0688930055280374
13952,0.8212072847014318,0.06517150706331817
13953,-0.8899836707004428,-0.13519063458703454
13954,-0.09496741689172807,-0.3507154588493585
13955,0.23973852449194286,-0.34250182860868
13956,0.3267274305420041,-0.3270137917775053
13957,-0.16995576789382086,-0.38719523532045097
13958,-0.07886171927899499,-0.4911413105140739
13959,-0.32137282711168835,-0.3211480258502924
13960,0.26035684997934544,-0.4190426461786856
13961,-0.2964277513653938,-0.36712296295946684
13962,0.6567732845835557,-0.41765208888687905
13963,0.27501232594594244,-0.40978639912601744
13964,-0.5107789884621696,-0.3703564353937243
13965,0.2721595007217599,-0.2804896829585668
13966,-0.04308298390008944,-0.4531722903901038
13967,0.3281491426126918,-0.4697385940428341
13968,-0.13676207953230202,-0.4763466727637818
13969,0.30550301705827737,-0.5134385691720708
13970,-0.10959557803640868,-0.5207201356126642
13971,-0.03652415106987519,-0.45450482974125334
13972,0.12441946721067032,-0.5486342103695189
13973,0.05737089308296404,-0.5034454766633402
13974,0.2557288597001775,-0.4978581746330905
13975,-0.32946912927636224,-0.41751085828248397
13976,0.17926674020602734,-0.5003564263698562
13977,-0.4532710877843855,-0.35233912753865987
13978,0.38055946375199545,-0.4864878781792315
13979,-0.5210279797117057,-0.36134044446952285
13980,-0.308304402645583,-0.36420374149124846
13981,0.09882253361847948,-0.4403312366711285
13982,0.014721607419106735,-0.48881210796108937
13983,0.4199546797360407,-0.46242828205840303
13984,-0.06983351619847748,-0.5833048481025425
13985,0.14518155890150472,-0.5205020200404921
13986,0.5044246993713002,-0.4252320551666189
13987,-0.03903374699383565,-0.3622971677504207
13988,0.14715234874982477,-0.4127620925930732
13989,-0.18999947834486844,-0.5250607160965898
13990,0.2016728182621883,-0.37663955890706297
13991,0.18252013581658202,-0.337677845443414
13992,0.21606734695288285,-0.36181396995447546
13993,0.647477964026451,-0.309210940567792
13994,-0.3989581946432053,-0.25606345160414834
13995,-0.2658938774104284,-0.27000296429231535
13996,-0.3984354222106872,-0.3874874252256277
13997,0.8252673167542024,-0.2627790691111676
13998,-0.23183912261931483,-0.3188487291747777
13999,-0.00798408203459959,-0.3672430719107041
14000,0.3109959076735166,-0.3126533037234649
14001,-0.8297130859840617,-0.2064577818597432
14002,-0.6818389040601454,-0.2542187602923697
14003,-0.30922785978939543,-0.35758282996813123
14004,-0.27117003655014515,-0.37690953470684274
14005,0.21184540775782568,-0.4480555380991475
14006,0.5529918656169129,-0.396924387476791
14007,0.27029297646065287,-0.34352606181205037
14008,0.014826262078407187,-0.45150152364202306
14009,-0.4736816572856101,-0.4287368200301134
14010,0.4066242155618046,-0.46991480295129706
14011,-0.3382942668274083,-0.4313636499762181
14012,-0.21804162870430535,-0.4154535358920238
14013,-0.13356789267833422,-0.37312394676344685
14014,-0.215239701325617,-0.3907232382662541
14015,-0.4089196085048649,-0.3171350955916421
14016,-0.2950808382260136,-0.266284270549842
14017,-0.230523826949359,-0.19313333613845304
14018,-0.6608368535735694,-0.20986385187358775
14019,0.7167784729563582,-0.23537422019652166
14020,0.2482328854537748,-0.3732132740371296
14021,-0.32931590195666294,-0.28818770641619756
14022,-0.517360375638885,-0.39774908655424496
14023,0.5063896351518159,-0.1554203158730721
14024,-0.21878597672288141,-0.3551623879125998
14025,-0.1973178728322784,-0.4256193257400489
14026,0.20389654929688292,-0.4047577206404279
14027,-0.542086486718355,-0.2789598082093945
14028,0.28910529452297296,-0.44725348349459865
14029,0.392478530034335,-0.3890348773427686
14030,-0.5535569600861682,-0.23600105692686607
14031,-0.7098168918711248,-0.16166352724584607
14032,-0.3707887292295453,-0.19073287513621007
14033,-0.1392593072392717,-0.06334361486131024
14034,-0.2596064294727313,-0.23138327280175072
14035,-0.3332198320363474,-0.15603801737346248
14036,0.051474476418117775,-0.20589611052333462
14037,-0.23649990649602592,-0.3091525487690977
14038,0.27911410906548156,-0.4068980944641553
14039,0.28050690548902724,-0.3248046856765543
14040,-0.18505196746994507,-0.43013624220025876
14041,-0.04122742697114371,-0.44323533475959903
14042,0.2506165690565846,-0.5023321259085214
14043,0.16144615321950023,-0.3344368096919433
14044,0.2836744618084566,-0.28640113823311925
14045,-0.21884431782637817,-0.24736145437359744
14046,-0.26790603292371207,-0.32639502867454134
14047,-0.36963366626553046,-0.1970040200214157
14048,0.3909009912755935,-0.20809871861555934
14049,-0.02237858865732057,-0.3986199704059177
14050,0.8993921076395354,-0.1661218742596561
14051,0.8404937308734973,0.06383946386023913
14052,-0.0991283452172479,-0.06598942835963563
14053,-0.4609010147543827,-0.12638058403871785
14054,-0.7899043765912505,-0.2015891243207529
14055,0.5087129873068612,-0.1286154197573727
14056,-0.5965279933130163,-0.28784803562979194
14057,0.48940828892314087,-0.3807994535421409
14058,0.07923002445852308,-0.34728515386919984
14059,1.4335425556334895,0.0562953786519171
14060,-0.5147332718980713,-0.25354095776720065
14061,1.7721468612041342,0.29267890738706465
14062,-0.4768291480648596,0.07301789709544716
14063,0.8328846528462247,0.09584622373627262
14064,0.9414101689092798,0.26651609491105793
14065,1.1456732749713523,0.8201040008324754
14066,-0.016482681275569438,0.23075263186249617
14067,0.11097360938340425,0.20234890788628393
14068,0.27776770237561743,-0.08589663315479511
14069,-5.544959729876101,9.689503825640172
14070,-1.711130118035544,2.905332797459908
14071,-2.16233024389982,3.213621741925777
14072,2.499156299743005,1.135189563617854
14073,0.6455256797899644,0.06034855891516289
14074,-1.138394914756149,0.12299956653860705
14075,-0.002308791729287321,0.3109194916982007
14076,0.14843487233859415,-0.17818944497019615
14077,0.9270908701849722,-0.012630835833161179
14078,-0.10349727998851851,-0.2814717643825404
14079,-0.4539590424933836,0.04842360430363866
14080,-1.706948101349745,0.26593738267345335
14081,2.099029254254032,-0.004757443151903334
14082,0.6997217581995981,-0.2673850111317912
14083,0.29975608351836563,-0.18802357906175488
14084,0.2503325565704594,-0.39944962192521766
14085,-0.026306648818079165,-0.4765787320168807
14086,-0.577523094567855,-0.16545867386375912
14087,0.32937215253518637,-0.22582604504398407
14088,-1.237459807650167,-0.10361385507122785
14089,-2.8701660976131054,1.14359860808057
14090,1.1366565265578723,0.12699585943091618
14091,0.6254761802075449,-0.27612602117317037
14092,0.9754031557193291,0.18621184212040096
14093,-1.0511766559019733,-0.27298832551832936
14094,0.8791540121942691,-0.15723043617696578
14095,1.3229001562774105,0.03354747466854598
14096,0.5598375007678594,0.12808864688728808
14097,-0.23028494003714997,-0.14779037599256106
14098,0.4814315405907232,-0.23875243498537255
14099,-0.28700052529209746,-0.15376795140496222
14100,-0.5185359964324937,-0.2471162329727553
14101,0.23312955892961973,-0.31721294257637667
14102,-1.2294262570454062,-0.10224030078619341
14103,-0.590915342805065,-0.07944879083605547
14104,-0.14647675094117013,-0.10387950771349731
14105,-0.16006881805542167,-0.20976553363848435
14106,-0.08268568138443974,-0.31640221920028183
14107,-0.8178671164822354,-0.03395716743906333
14108,0.3937472475005294,-0.10297294161161265
14109,-0.2415530863756702,-0.21712029558161622
14110,-1.0154283957813681,0.13567702519181116
14111,-0.4197381288337907,-0.04526650501389879
14112,-0.14545105204171926,-0.04765714525684793
14113,-1.0198330212613749,0.1991377936207941
14114,-0.9940728270005194,0.3029775542035607
14115,0.7464741006893546,0.03528200474385048
14116,-0.9869839121846623,-0.022961211835275927
14117,-0.32275247989498546,0.6760917723858109
14118,-1.342963476812624,0.9024199376271812
14119,0.048250813127195924,0.8848580615644597
14120,0.2874622097739046,0.02553420657749997
14121,-0.12150076788201729,0.07067176425548037
14122,0.05030400083972814,-0.19887283962488012
14123,-0.5150279346611961,-0.17654153389461766
14124,-0.16347943576892957,-0.21698990874780036
14125,0.6363159879844739,-0.23339951424050923
14126,0.4581132262596781,-0.22304009424484492
14127,-0.850771862230133,0.004569951798388437
14128,-1.8863572753693676,0.7391223041740156
14129,-0.20550071188334898,0.21416925472702122
14130,-0.028622558685011595,0.12964931309776453
14131,0.3367425846020877,-0.218152160445915
14132,-0.02801153471659082,-0.18268117356959493
14133,0.3916204569975429,-0.13825994881987527
14134,0.6150814473602584,-0.16271087672462062
14135,0.14575162053764598,-0.1515490832849807
14136,0.9365304840920236,-0.0360222121741503
14137,-0.23768721574418084,-0.1377243144534811
14138,0.40723974933738427,-0.18902651492935893
14139,-0.722771833755033,-0.04392043092475576
14140,0.5039055038685335,-0.11182539120183956
14141,-1.8689421724401354,0.7168716655619997
14142,1.2016695378646751,0.4394059953726758
14143,1.1530454725572281,0.21828998773857666
14144,-0.0885921404525214,0.3862083515913958
14145,-0.07795995459932879,-0.1180297676407757
14146,0.9551798210176212,-0.20876079505030473
14147,-0.9742454125454465,0.03543989284650242
14148,0.6850457837427665,-0.1499806230595527
14149,-0.43829290244723684,-0.23436161217462553
14150,-0.6730735888343421,-0.3321956794929192
14151,1.2585036474615727,0.006494013295602408
14152,0.04219176308883016,-0.19607307229311874
14153,0.3079283105790466,-0.34482145531209846
14154,-1.0654478467470758,-0.3126710713898545
14155,-0.3599731039190792,0.010796461180417197
14156,0.7834425280939739,-0.1985292287665907
14157,-0.745969486365825,-0.405786731447076
14158,0.20123137724470727,-0.39612023134727775
14159,0.2457721419110275,-0.2882590964343425
14160,0.0208085067197242,-0.3811351041267386
14161,-0.697952834379188,-0.2384976933462829
14162,0.15351849530024192,-0.5142313744681786
14163,-0.7378118687469695,-0.11755793539892387
14164,-0.5812048159033011,0.35309807465779436
14165,-1.834444095489009,0.6436342240013544
14166,-1.736400458325885,1.2648218465868217
14167,-1.5120668745962398,2.7497303419844177
14168,0.4076268599808274,0.4903676449982451
14169,-2.1579530551907884,3.3129316909494353
14170,-1.8788794584068818,0.8830369340877233
14171,-0.10825687468817609,1.3462761169398554
14172,0.2279498166840462,0.017842349467282696
14173,0.7926223992051497,0.4231606633366933
14174,-0.24481568766407383,-0.06332840741456623
14175,0.3779439173778452,0.024335465127771506
14176,1.2722824557803651,-0.009239529336146374
14177,0.9185640220664473,-0.07990406629434241
14178,-1.2419933438406023,-0.14512176676726954
14179,-0.35874187442150995,-0.13811017104100837
14180,-0.4670454507391291,-0.06170072568527755
14181,0.7864617761082983,-0.2854821809798296
14182,-0.20310928534067313,-0.3291846153085873
14183,-0.14868859440943,0.24402048199268792
14184,0.07632892896167008,-0.05366888830955443
14185,-1.5685090325217859,0.2539345905668862
14186,-0.07033962056111925,0.7716099967235214
14187,0.7095197860325129,0.26756998284917055
14188,1.6654995019940273,0.03502050182461791
14189,-0.1307439824192917,-0.2133258193801607
14190,0.9009933723868128,-0.05412336815344245
14191,0.8250333299500735,-0.1436008658333613
14192,-0.6201906806789267,-0.16204756358298442
14193,-0.6423208899649019,-0.2594904892947423
14194,-0.049824409742407004,-0.21022596083403505
14195,-0.5573840326296384,-0.4162100302694186
14196,0.5618770021883739,-0.2790663345253232
14197,0.35099776848980424,-0.4649778444365199
14198,-0.25822264207833345,-0.4114104549230351
14199,1.0337372240443878,-0.27569517959998835
14200,-0.0919281931218636,-0.3147882170090493
14201,0.18597102815302585,-0.37446612582272426
14202,0.15638113247062552,-0.3642461128106763
14203,0.3826624541112466,-0.3833817454942011
14204,-0.3212670166008947,-0.36190248627809196
14205,0.595448697837988,-0.29922703484417146
14206,-0.6838974425945735,-0.2815206277538722
14207,0.3003633124257754,-0.28235932866566904
14208,-1.0669609397653361,0.02151953948201279
14209,0.03154887198613274,-0.3087351348881573
14210,-0.17955012676021684,-0.3642301787530749
14211,-0.3736643826581419,-0.1823480078167365
14212,0.26291049578338377,-0.34701820699970265
14213,1.3900859437035276,0.1266958201266362
14214,-0.18663714024788722,-0.2649340999309077
14215,0.027008832883381503,-0.4255617498243935
14216,-0.7826939638726647,-0.24923650349738105
14217,0.21107834585871676,-0.43481945739554273
14218,-0.10412386084175695,-0.4337745181082997
14219,0.40257995722427364,-0.36429947303558097
14220,0.2332829154913117,-0.36330038529912123
14221,-0.9335197021803402,-0.2800246799453195
14222,0.4526622383591239,-0.31023429970296157
14223,0.49090473313044586,-0.29890372646152036
14224,-0.23056354788468356,-0.3902871404862787
14225,0.501821302216754,-0.3514460154489353
14226,-0.4658190329808758,-0.40290421439666446
14227,-0.2516231158649833,-0.2720494486263828
14228,-0.8221156409609306,-0.33524272359632007
14229,-0.32435219162878665,-0.23910076226009225
14230,0.5674304118656555,-0.3698598441344989
14231,-1.0001243179356012,-0.20432234536391894
14232,0.4953443848531654,-0.4959314663745903
14233,3.6913430745274853,1.271069032031441
14234,-0.7596913814379279,0.4179894337188639
14235,-0.8951180265127329,-0.05172131039852291
14236,-0.373662631566715,-0.18717532667156128
14237,0.26754553603790077,0.40244213478073904
14238,0.36163442922319167,0.5083132363356251
14239,-0.6714903525894609,-0.031202943802864907
14240,1.4476301498328756,0.21904041864088147
14241,0.5306961815388566,-0.10986078464559504
14242,0.4149702952596305,0.006149396518699399
14243,-0.5179480484904511,-0.11888626226567295
14244,-0.09814887872284654,-0.14264120176835907
14245,-1.4478894838180794,0.3294297913647564
14246,0.39218501441024295,-0.2753489533737257
14247,-0.23751179064917394,-0.30622668685329496
14248,1.020722561601565,-0.11385746923681143
14249,0.43145512646858303,-0.29647106479341373
14250,1.0670496011610517,-0.09154434376003633
14251,-0.6218453058344928,-0.3170238927334351
14252,0.008391816817171771,-0.30659795868496736
14253,-0.8405771077992534,-0.18930294745080806
14254,0.9859467799944782,-0.2825801018444067
14255,0.26299621973633985,-0.41552062354967806
14256,0.8973592462594556,-0.30123938001343653
14257,0.7036068467580595,-0.1414881970622385
14258,-0.20900583177906754,-0.37250153244364304
14259,-0.06153767567246152,-0.41250627393204653
14260,1.314084377501142,0.09500099683010554
14261,-0.31560175452261896,-0.10149454081245873
14262,1.2364391399167176,0.15071106618386954
14263,0.24511143758274898,-0.11916504479566473
14264,-0.10131149191209868,-0.21120856888391296
14265,-0.6424559501542202,-0.2584105086575013
14266,0.2572865343382295,-0.15936323864913984
14267,-0.6948674379042827,-0.22504191889583983
14268,0.16186243441020423,-0.3411945821802677
14269,0.14283222015889346,-0.43252423302460297
14270,0.9386935375391963,-0.3235954684878493
14271,0.12750685632224762,-0.21039186281433622
14272,-0.5952990265249775,-0.31752268427219804
14273,-0.1746118315126476,-0.3741446304978103
14274,0.7791691977382876,-0.36679652232703286
14275,0.9624826597468346,-0.07598130726307734
14276,-0.9672088163547554,-0.3206808160684595
14277,-0.1620280258437745,-0.310979260017074
14278,-0.43061027882789,-0.49022012695828143
14279,-0.33462272337424687,-0.433596509400261
14280,-0.15076440869607827,-0.35889627851994366
14281,-0.0889356690997645,-0.4602617766929992
14282,-0.7259931720563039,-0.30544177384065746
14283,0.06035842322332079,-0.29005181769662935
14284,-0.18277762994482277,-0.46406772117319794
14285,-0.1857474414952516,-0.44658989875764077
14286,0.7898268773334172,-0.2925679765947135
14287,-0.5423782936823995,-0.39892612692853263
14288,0.6892167288347091,-0.30523657770683826
14289,0.5047730890889753,-0.38636482533633565
14290,-0.5955405246073628,-0.4149468715703521
14291,-0.33955597415459154,-0.43826829669983747
14292,-0.32997515504419306,-0.3633538895203679
14293,0.6900909012815012,-0.3949292176036365
14294,1.2094892892745337,0.27771208191809743
14295,0.8188501121810763,0.03231913459183422
14296,-0.4075591798301375,-0.1984381642425423
14297,0.5909220824431931,-0.37301431566704585
14298,0.12678969985513242,-0.2617031704431744
14299,-0.005883881142159912,-0.47480178136483114
14300,-0.7268403554694082,-0.3855589271454264
14301,-0.08681786648863804,-0.3650205793774258
14302,-0.2140955058252508,-0.5102644139794793
14303,-0.39849423854353133,-0.33433756052682473
14304,0.09405804727396394,-0.47890488151158433
14305,-0.26770042331539534,-0.428617908010417
14306,-0.41040741575100753,-0.40045948088864614
14307,-0.07321294856064901,-0.36919887196475054
14308,-0.7442017703010346,-0.1766967712766734
14309,-0.1797971946929984,-0.35999179681759813
14310,0.1638260303074008,-0.23009235166916445
14311,-0.06276379508412189,-0.4059483438768312
14312,-0.32214770973703566,-0.29995449870030705
14313,-0.0786460325934315,-0.4105456815868781
14314,1.0683563209939395,-0.09619383219108794
14315,0.31102870215484807,-0.17511205038267072
14316,0.4860404171464641,-0.3285681214876509
14317,-0.32287836305952655,-0.25470889146905334
14318,-0.23301996423769364,-0.4898418460686684
14319,0.5434102895783052,-0.3672362495193667
14320,-0.10564865736235092,-0.21278880121808835
14321,-0.3561352449577727,-0.41627905389171455
14322,-0.1038368699833568,-0.4402068824102523
14323,0.6706536385215517,-0.31843338425284645
14324,-0.2944713219171509,-0.45683651145012727
14325,0.13341544114924328,-0.4346764186808071
14326,0.3031982252327039,-0.4490793892703919
14327,-0.13625646263887792,-0.2901875266844
14328,-0.6013637289544456,-0.3858138935138926
14329,-0.30170484862886837,-0.39773813425904325
14330,1.0894459329044577,-0.26976267180912133
14331,-0.7031280013209719,-0.23792930855882788
14332,0.41983270106530785,-0.4579288357430095
14333,0.8099491711872657,0.3855581424303038
14334,-0.4602845503546512,-0.06009184406457032
14335,0.5107240285503747,-0.1564051160872357
14336,1.3329494564843256,0.11666538787813682
14337,0.056907486940529016,0.7040840746247862
14338,-0.46513779087495527,-0.09670232348756402
14339,1.0203412576890138,-0.13254240460661512
14340,-0.7441804386666049,-0.07123933642655471
14341,0.05510766858003335,-0.22419259979552814
14342,0.5693501614216999,-0.2816798609732097
14343,-0.49217569889177104,-0.30580544914105257
14344,-0.2900741299533109,-0.1895639771221469
14345,-0.003792247777656016,-0.26495946609168075
14346,0.6976882613354499,-0.3386237621334948
14347,-0.45477685608972285,-0.3608162362910193
14348,0.9044330830576814,-0.2840329934871878
14349,0.25117120734391535,-0.2666629212459861
14350,0.1304850400152231,-0.420810152641877
14351,0.43831032873200176,-0.3839062346474121
14352,-0.09066002710105102,-0.2759471904985138
14353,-0.5740661479327994,-0.30932416353857034
14354,-1.0345167104040145,-0.2263716385914615
14355,-1.2025378879599897,0.2668767798011879
14356,0.9238699664417712,-0.18174508830574213
14357,0.23948135001985837,-0.38626486328683374
14358,-0.35900453796196213,-0.3186166348536937
14359,-0.5248463916356776,0.04850378935284649
14360,1.2711738244128348,3.453561571758888
14361,0.7648927092256824,0.3382121342883706
14362,0.13392175143356555,-0.2633645294430243
14363,-0.6780412069690227,-0.15246762414850232
14364,-0.6024423714761579,-0.22236933649215493
14365,-0.5019845903528555,-0.2524578820627261
14366,-0.6855768914427917,-0.28591212335325056
14367,-1.4200091646436361,0.1797197443609903
14368,0.3553486351925012,-0.24452450311844728
14369,1.4090601128101887,-0.12042175596093152
14370,-0.8021124818570547,-0.39635661161092917
14371,-0.11706585569847597,-0.41786996113583025
14372,-0.00917493575159643,-0.4771109905581545
14373,-0.9450778325251699,-0.23593980361408654
14374,0.20508515193855095,-0.35044013794839624
14375,0.8974538907644601,-0.29754283188125585
14376,-1.095623391395048,-0.1390184694104519
14377,0.283517267824232,-0.24754375442033602
14378,0.2473191528865307,-0.2776590449121824
14379,0.6208354856317463,-0.3366276888812231
14380,-0.10844207182473538,-0.426911242180652
14381,0.5423094842056028,-0.33783363114068954
14382,0.1994119622356258,-0.3817461086438655
14383,-0.3917669906852199,-0.4123745048085806
14384,0.6493060735182864,-0.32743882871551233
14385,-0.5395689022419539,-0.4461824258787119
14386,-0.19727720618715522,-0.47459378539529146
14387,1.1076074384671428,-0.21699979321203783
14388,0.09400051497321597,-0.43198976456332633
14389,0.148797517885,-0.43579245031380914
14390,0.24685608907939552,-0.44077129021816336
14391,0.6335268878776256,-0.34654216272630184
14392,0.20009890604921682,-0.3903604095547984
14393,0.9754031246325838,-0.11022720542694688
14394,1.0333896102627447,0.4223913813662828
14395,0.11036337040660738,0.13583838068887974
14396,-0.3626410420367336,-0.07837734010857743
14397,-0.26101029344639104,-0.304229988185995
14398,0.19463484651052446,-0.3126864289556134
14399,-0.3248120056750074,-0.27255695485132414
14400,0.6405859644395094,-0.37891429994766657
14401,0.121546925922312,-0.3564184900953926
14402,0.22435167622471083,-0.3562359426257417
14403,0.17557124597830884,-0.3982825892868021
14404,-0.5475214601547006,-0.14313891766657008
14405,-0.11826748383590627,-0.3742312587647377
14406,0.5735402899083041,-0.17661506488033493
14407,0.7442707041484122,0.46006138996392715
14408,-0.5867745881346889,-0.10021365145738305
14409,0.039071744733611496,-0.3131179564827082
14410,-0.16179721622908824,-0.25070258288281166
14411,-0.7345581887366394,-0.17585989334148458
14412,0.13194026031646877,-0.46175238271800145
14413,-0.4326675656856442,-0.39648270417805187
14414,-0.22511968944217872,-0.48526180893994864
14415,0.47489030026258555,-0.31128724372855754
14416,0.03491637013114357,-0.4869447667402712
14417,0.33210610927855994,-0.39215983302119545
14418,0.2913721954454973,-0.4805789839216931
14419,-0.6212092156240809,-0.33522578043369666
14420,0.13317496735411902,-0.45934552324523287
14421,-0.2671352230555284,-0.37769212324800244
14422,0.43625528468478497,-0.33547202951446214
14423,-0.11636557305405268,-0.43908107502523247
14424,-0.11893261106480474,-0.4453508587711791
14425,1.0706415267021199,0.017890735871986883
14426,-0.07513088675420604,-0.20906088164635334
14427,-0.1338090125279248,-0.31445028823362847
14428,-0.052799210083978816,-0.18575256707478802
14429,0.0054249356377615195,0.0787307290371094
14430,-0.6473608685962648,0.6060642092484098
14431,0.5168441322450629,-0.04476608587053569
14432,-0.9988187520820727,-0.12432071390849875
14433,1.0490098811261157,-0.02467199167832085
14434,0.4923451915162344,-0.23870555153086095
14435,-0.45336368658717746,-0.24120514263481044
14436,-1.5108654588216968,0.39184208513809626
14437,-0.40029287743447883,-0.1383633473504111
14438,0.07966096036542716,-0.105671763086477
14439,1.0112950438934438,-0.19038837511108367
14440,0.14407928866145706,-0.2200435515677691
14441,-0.5188739151417089,-0.3496241659970516
14442,-2.5065685820568993,0.5215916745071695
14443,1.0622900964872457,0.20724312136136877
14444,0.7540467990208878,-0.25109917622512073
14445,0.08481669034684795,-0.3100914953134473
14446,-0.16130315690285832,-0.30821637006062014
14447,-0.28404783593883537,-0.3364453099491784
14448,1.0751344875823725,-0.15899250470821305
14449,-0.1465819193495596,-0.38578442432739124
14450,-0.4346514452609647,-0.3288271751409939
14451,0.14081480256033166,-0.45894138301300313
14452,-0.30741404471442807,-0.4099352168832526
14453,-1.2196609311408622,-0.1872898806000633
14454,-0.6596676583912084,-0.0815148259308796
14455,0.6659554234524624,-0.12110043666216755
14456,0.20277297013105688,-0.44866875506538323
14457,0.059823439668638186,-0.4888621652225944
14458,-0.13183347401315307,-0.473787835634435
14459,0.6771726753307136,-0.3388031594183029
14460,-0.2643338688244462,-0.3103084238381149
14461,0.07655990221707602,-0.3537416031914788
14462,0.3668212266525765,-0.5276510220063437
14463,0.7051552514781484,-0.25517248756515354
14464,0.6952428805398011,-0.30260487819041143
14465,0.05103337796145294,-0.2124560475700429
14466,0.10537205495373454,-0.3333542786557314
14467,-0.14629988486697904,-0.2818174142367863
14468,0.0449409906398618,-0.389982764540179
14469,0.12717557844977492,-0.38323958131044067
14470,-0.04902825048109472,-0.4188858782063627
14471,-0.12449424098994219,-0.2893635680076688
14472,0.9831458899509594,-0.1512137990154971
14473,-1.3485426415837873,-0.031265962121348585
14474,-0.11145641979465239,-0.3633652306176382
14475,-1.0576471682440018,-0.05134370377424577
14476,-1.1808292331842911,0.17186528924041197
14477,0.7243698088184065,-0.15458764490069354
14478,-0.5821063026070714,-0.4027992285441518
14479,0.9601521924637421,-0.11416386608669009
14480,0.22982226630844738,-0.2327035703002422
14481,-0.3682482786746822,-0.24884704638244795
14482,-0.17700270750723798,-0.42601001286205853
14483,-0.25468155556161765,-0.25042518420629795
14484,0.44070283245752356,-0.40039049924492853
14485,0.33405790830485244,-0.2967897509685021
14486,-0.13269958099493626,-0.39950088767678943
14487,-0.3890880160610569,-0.3817080860924971
14488,0.3230629386729973,-0.4563196852421174
14489,-0.2450670704879087,-0.42408814693221025
14490,-0.6908149472479951,-0.24980723560082596
14491,-0.2645598767852447,-0.4309880725969465
14492,-0.42432533976968073,-0.2618205715266183
14493,0.17902820120414129,-0.34675606154063215
14494,0.13638130118479982,-0.3469889912705681
14495,-0.7502299958043535,-0.2925594900553829
14496,-0.5942628138435573,-0.09150101219355321
14497,0.6246805875987982,0.5421068828052059
14498,-0.3661546629388009,1.125272694657516
14499,-2.7322019437776452,1.45319425394429
14500,-0.5438210765459097,0.416810674857378
14501,-0.13820255412792345,0.11261468114650947
14502,-0.29553866450397465,0.18726983874740888
14503,-0.2763842706151482,-0.02800500918427057
14504,-0.18487635235034428,0.12729471443418497
14505,-0.14967222126123494,0.06541154934511594
14506,-1.076214660692202,0.29688788760386936
14507,-0.3038343401227413,0.076253397836335
14508,1.0348804380425778,-0.02674883047046652
14509,-0.20835707893944774,-0.19423513226559755
14510,0.4997383167707761,-0.10202718218854229
14511,0.49789815325078834,-0.23490367955552702
14512,0.3136182828745292,-0.332168630253605
14513,-0.40871887978021754,-0.28140849454427164
14514,-0.021684409693110935,-0.3167370877274222
14515,0.5762122549540961,-0.18247290151037304
14516,-0.49251473115998606,-0.34750333248679727
14517,-0.4580378384720982,-0.2805670670450882
14518,0.5288560283658655,-0.5037836876349153
14519,0.7933350070436417,-0.32043558212698636
14520,0.1410864752823371,-0.3800859953109984
14521,1.2620103946012624,2.899050183256601
14522,0.7470118940180641,-0.07868034150468305
14523,-0.4061500687205197,-0.22640714448248886
14524,-0.4450173412783109,-0.35826171100843324
14525,-1.8119099550148012,0.9894426488620481
14526,-1.2394299589736406,1.5114796874900989
14527,-0.6653282002606049,1.8464168246627843
14528,0.4423627482082269,0.8834269498020175
14529,-0.18373588812031819,0.04668071830459503
14530,-0.9582079223773602,0.18300624517815578
14531,0.633657898794897,-0.17864514666837736
14532,0.2000224720727542,0.3878204694704784
14533,0.14002259210343923,-0.18973483335604746
14534,-0.7484492533048439,-0.010397491764223606
14535,0.45295599185981383,0.34296918308446134
14536,-0.2844473539639828,-0.23756331139412393
14537,0.4451069801159373,-0.2380406889256667
14538,-0.21123757597550613,-0.3072371737270463
14539,-1.9155068858052569,0.23394600706774954
14540,0.3947347715666113,-0.14160919212181428
14541,0.49203635385324557,-0.3603231656388077
14542,-0.3708465969327418,-0.2673073566084084
14543,-0.11667814403875273,-0.25275101097378877
14544,-0.8578885326867534,-0.023884760516098336
14545,0.07514906842873621,-0.2643135676453153
14546,0.04913228690334534,-0.4097872072881854
14547,0.9485887806525417,0.04651618564065751
14548,1.1492727630348156,-0.17095598954206587
14549,-0.15669729183721315,-0.32666652790166095
14550,-0.71663653104516,-0.21808631186656802
14551,-0.8436856432457734,-0.016143916341725652
14552,0.21968907903151408,-0.18397956825653428
14553,-0.67018447751116,0.15163586170668125
14554,-0.21347079279663492,0.204631603820249
14555,0.49249619009230416,-0.0665843857729055
14556,0.32949451724328876,-0.3695399841752932
14557,1.4135782746298136,-0.13324667484292396
14558,-0.08633982702319047,-0.4040264212630816
14559,-0.9042767001917733,-0.2943353486423342
14560,0.5985335411013251,-0.37631582026259763
14561,-0.2214995115956101,-0.4752378532330554
14562,0.34884650301044784,-0.5708042538392873
14563,0.24731876828433264,-0.39978535965589845
14564,0.21705802435669877,-0.44670213597955516
14565,0.4691772625579173,-0.36304476979213984
14566,-0.5512683594505594,-0.42017795508718986
14567,-0.38756768033296307,-0.4022290590772296
14568,0.12150368464330744,-0.37259468237127574
14569,-0.5675530894923597,-0.31871191802988036
14570,0.5603793612802642,-0.39178889577113046
14571,0.18006990997879732,-0.5298738389995296
14572,-0.8765993395123971,-0.38158101214471746
14573,-0.09736468105265696,-0.4580699615167759
14574,-2.307637014139276,0.695394230538462
14575,1.7630516716772793,0.2849170661133872
14576,0.18893612855020944,-0.26917968470401976
14577,0.4518495585584901,-0.3552173260661276
14578,-0.2885017040314752,-0.4191276388244556
14579,1.0456959868339675,-0.2850395104955595
14580,1.1017155237502987,0.1738379810258685
14581,0.0025053270255649476,-0.04375723757576773
14582,0.21533793903424475,-0.218160786323539
14583,0.09267737300485869,-0.26162423812774005
14584,0.31157036754569595,-0.30969136045171525
14585,-0.6952444154890385,-0.06811077739347764
14586,-0.21338105854203326,-0.43441019065184794
14587,-0.053439230916411375,-0.38927758728052536
14588,0.13253253954291444,-0.5568147682888647
14589,0.6136128805612603,-0.275281893593406
14590,-0.45096761186425277,-0.3895279572750593
14591,-0.08965223016362941,-0.45836283922700954
14592,-0.026329614575273157,-0.43710587772514586
14593,0.4271768281108568,-0.4363960704981276
14594,-0.3805367810100093,-0.3789583037788157
14595,0.031082082993110906,-0.4421578820308767
14596,-0.1694330027811196,-0.5034736573941734
14597,0.6102100205419371,-0.4962805415752066
14598,0.0639534962776879,-0.38417174053745773
14599,0.07104035311825788,-0.40142355249547934
14600,0.024049209296498474,-0.4678925905343345
14601,-0.2822235232060027,-0.4490090407824057
14602,-0.35318262936779127,-0.4958724460605032
14603,-0.38461056855410397,-0.4847922274226958
14604,0.1529396208357279,-0.5008856494011914
14605,-0.40083312754451333,-0.37623119650183035
14606,0.196081949561143,-0.4733670840887891
14607,0.24152674083014888,-0.3836312780268801
14608,0.25349014869042963,-0.4052906549118373
14609,-0.6667035668219182,-0.3796164326059431
14610,0.10947534647239827,-0.4743821978059395
14611,0.1043060892180767,-0.5539508262428589
14612,-0.15685771697015397,-0.559257992814736
14613,-0.0887130377131754,-0.43217737407279094
14614,0.3541678826255881,-0.5331254015283007
14615,-0.39049240766338633,-0.49621795793790674
14616,-0.5399786908638732,-0.3930745639372246
14617,-0.9315326654470721,0.051287849587790126
14618,0.6178399952254163,-0.3888554174069869
14619,-1.350213970260708,0.1626963054364592
14620,0.6192136834923958,-0.23569725303138836
14621,-0.0831568391526524,-0.3759837477796723
14622,0.6226668946399961,-0.39448164588287726
14623,-0.49572230471634765,-0.44399725109663524
14624,0.23178312450600505,-0.4536932366150439
14625,0.27288049603481024,-0.33887052695997116
14626,0.38486466096121635,-0.2846798259109907
14627,-0.04314467890559487,-0.41964326365316373
14628,0.6357700474433565,-0.3217078712722065
14629,0.5015110577469265,-0.35010717079876896
14630,-0.20380566278663426,-0.37271055150146776
14631,-0.7871931259389122,-0.37946639589920333
14632,0.11809564654670283,-0.4937710184184074
14633,0.27869252633446656,-0.4918514396155882
14634,-0.2004953177659823,-0.5245961731006683
14635,0.5483497413614298,-0.5162278641565377
14636,-0.28581102218180976,-0.5017839519814836
14637,-0.49412979731483864,-0.39115557608629964
14638,0.2602333486904505,-0.5292735675895955
14639,-0.051706593447276725,-0.4723252376875632
14640,-0.1787726264679791,-0.5317511583680636
14641,0.006912636839014271,-0.598328820136506
14642,0.1157443110302289,-0.5597242389395555
14643,-0.0333397348693209,-0.6048163908625364
14644,0.2899253478458107,-0.45720749820887907
14645,0.23198902961497095,-0.5685358028081655
14646,-0.06231755465392364,-0.5857255989354387
14647,-0.4080891853133945,-0.5281021953541166
14648,0.19330352438138215,-0.49970129152744885
14649,-0.4047055352802032,-0.49454977744811485
14650,0.2842136612133914,-0.5568051391844724
14651,0.27185208523541543,-0.4903220178965346
14652,-0.28982895110391094,-0.5641033647121678
14653,-0.01287161257631482,-0.5213967207253164
14654,0.08811951850698543,-0.5583850535380016
14655,-0.35372739391007857,-0.5446849154947762
14656,0.4101777322623522,-0.549955131406845
14657,0.11721848856007461,-0.5785025941093458
14658,0.05101844139286373,-0.5477365233801478
14659,0.3110934471174717,-0.4679668368881757
14660,0.21942832358255968,-0.4810717816825988
14661,0.05939983189707156,-0.43734141128177856
14662,-0.006907873721933909,-0.5822633978922372
14663,0.2139549339349002,-0.3734893929882891
14664,0.16035603492098952,-0.5102121999632373
14665,0.9117036438441437,-0.2197952181743061
14666,0.7473225064127594,0.04108615513908137
14667,-0.8081195998693866,-0.22437897184152208
14668,0.4823606979878121,-0.41259682978628587
14669,0.3043953497832554,-0.2355858704976362
14670,0.3087006854091318,-0.4162589354403467
14671,-0.25944474365005055,-0.4325220499572378
14672,-0.03526823021134332,-0.3907346474260502
14673,-0.335763618927721,-0.4600766667212484
14674,0.018071722631426722,-0.5481147186446569
14675,0.10835658098053298,-0.5189538398360357
14676,-0.009943075835302496,-0.49091246675429595
14677,0.270812195276297,-0.4822364821836563
14678,-0.047761158730468545,-0.3702059384542333
14679,-0.4395218666468019,-0.4945351966207812
14680,-0.6791845729772377,-0.3756841481032765
14681,-0.24446269673792168,-0.3704555077321634
14682,0.21670167364278803,-0.3737755860597866
14683,-0.3419620137531923,-0.37251192415468887
14684,-0.37778419329297735,-0.3356139908248982
14685,0.46384067946808766,-0.4730870850910323
14686,0.11645069155368401,-0.4921633739856356
14687,-0.06086719199914547,-0.4558378252318411
14688,-0.6585783748644375,-0.3226373055614388
14689,0.055176126249571626,-0.326847318309429
14690,-0.21602306337454308,-0.46669139409005295
14691,0.40176903105989475,-0.3923872164675233
14692,-0.08998372426646928,-0.5421540997220493
14693,0.01480929723136861,-0.5162536823073246
14694,-0.17640455901733568,-0.5596465400411027
14695,0.4184053874397736,-0.48935723502188144
14696,0.16573493144431545,-0.4152171214487238
14697,0.44544817324762553,-0.4550799587510661
14698,0.15255204417328647,-0.42527378231940943
14699,-0.12281737534756035,-0.37894291052382384
14700,-0.2532452131758085,-0.4682751858401235
14701,-0.14970387790975642,-0.4661171731294035
14702,-0.7281648216078207,-0.27025260207957175
14703,-0.38028102800648844,-0.3284308935762546
14704,-0.16329419032764264,-0.3493108638260304
14705,-0.41448737518520584,-0.33617349545075303
14706,0.5018188105336762,-0.28983253960890465
14707,0.06528555807943917,-0.5279916693685451
14708,0.3112410707055787,-0.41048918114842864
14709,-0.36248028645639224,-0.4785078194044964
14710,0.36208473252907436,-0.49253848772818903
14711,-0.39548352311943163,-0.4152235280243441
14712,-0.07072642959410032,-0.42689601363877616
14713,-0.0027767473383964666,-0.4923465922553921
14714,0.35323004024648824,-0.406699559894677
14715,-0.3885644946685701,-0.4052121796455442
14716,0.29927463630655743,-0.3570077579386396
14717,-0.24257770110644444,-0.34749921962765323
14718,0.007651381747842683,-0.46497402509321245
14719,-0.4560653543410592,-0.34417863734486964
14720,0.35659467101885983,-0.5494098581730472
14721,0.2793826253291427,-0.4893761869454007
14722,-0.1771605187240403,-0.4929594705765977
14723,0.3113736203987912,-0.34072580315861306
14724,0.11248372870580571,-0.405881215199222
14725,0.4676269307057762,-0.5217263037796003
14726,0.21111024620592733,-0.4628684805219154
14727,-0.1832202515779756,-0.4232412151157527
14728,-0.22918712265302602,-0.4782243042390211
14729,0.5265429925621955,-0.3818433160118172
14730,-0.06048072906386711,-0.4922503520369991
14731,-0.044667100546150494,-0.5126769682820688
14732,-0.015769017092691146,-0.4347806388723688
14733,0.14655133372345752,-0.49995832684114583
14734,-0.13205593122995846,-0.56518812933309
14735,0.08249702709295138,-0.5003819869010507
14736,0.19361837596248327,-0.5346983634777315
14737,0.23689024147331697,-0.49425271901780726
14738,0.258471334969452,-0.5481935039331313
14739,-0.5336646382784646,-0.4059590568980318
14740,-0.17965206636640352,-0.5135834974967021
14741,0.25184244357541924,-0.5590595608682721
14742,-0.5511276789846304,-0.524400325294959
14743,0.44782091562437387,-0.4915900924474622
14744,0.023636376136688564,-0.5609646018217377
14745,-0.13136969966960296,-0.5275370789112135
14746,0.22329994931499494,-0.5956129438482393
14747,-0.05089801749703271,-0.5269558515778191
14748,0.08162094422332342,-0.48536806366909785
14749,0.24300422714995454,-0.504429828397673
14750,-0.22261903449560283,-0.5707579340228943
14751,-0.16030511008867043,-0.4633241179862235
14752,0.2536496917282152,-0.5408664601401001
14753,-1.357864338590468,-0.21455720053447652
14754,0.14544014219169274,-0.4368975080253137
14755,-0.5942057845815939,-0.3179355438544394
14756,-0.9169255282305218,-0.1260187672554911
14757,-0.7845194456244544,0.17388245537439528
14758,0.1210841827043041,-0.35926515061269265
14759,-0.7503751795053671,0.21998428609081624
14760,-0.6320325766171203,0.20089129056003424
14761,1.0578136859442258,0.05257824792277539
14762,0.07887936852423955,-0.2825450195290792
14763,-0.17117911000085034,-0.22228773715451558
14764,0.679397569933355,-0.21915434293048056
14765,0.3372132353385556,-0.3146165695660177
14766,-0.6885361718260672,-0.3115225860177339
14767,-0.7909267131218115,-0.1394597209107507
14768,-0.8707312838182666,0.1686808582447117
14769,-0.4903977781226659,-0.1883462028144827
14770,-0.24309947977116764,0.025698238739000515
14771,-0.4065367871808781,-0.13355821306423163
14772,0.23973188427612716,-0.27221564680594285
14773,0.20961105075289094,-0.3504114264238539
14774,0.27698224357433343,-0.33371723349193294
14775,-0.045966569402539695,-0.4368317968395064
14776,-0.740226745618814,-0.3013513433642912
14777,-0.7088166090266087,-0.09633764523223337
14778,0.35477036600859985,-0.22923695266176553
14779,-0.3199514755771677,-0.1394466778396344
14780,0.9195201155034045,-0.12039379130894438
14781,0.8516339160984091,-0.1278501334229239
14782,-0.28177611546789316,-0.4469052039135342
14783,-0.38686521298582344,-0.1891757727314313
14784,0.4976439129617505,-0.19649716883728077
14785,0.6928344894600088,-0.2598268725715828
14786,-0.3003292514683149,-0.3796616702766768
14787,-0.5578160432912177,-0.2345203836994119
14788,2.5172245223529828,0.4654609442334137
14789,1.1312080558810753,0.5073008956895093
14790,2.09170058690809,1.1183632264389074
14791,-0.09606034649800373,1.306896466855736
14792,-0.48953897164066873,0.00836164712641021
14793,0.7416450943083978,0.06870582496172545
14794,0.3532155599703104,-0.043401476171226756
14795,0.5723371325952089,0.016325658879609087
14796,-0.638533835603225,-0.2132398143281018
14797,0.013501838733020445,-0.16559995536953787
14798,-0.9340488862390484,0.030285446492088176
14799,-0.23829082024245624,-0.015602176590024604
14800,-1.2168350415096907,-0.16466497644066005
14801,-1.2871686092759214,0.44836322874972284
14802,0.5469129256644704,-0.09761929367637537
14803,-0.021382419587094508,-0.35030942582949137
14804,-0.052706393503902826,-0.3964494716496645
14805,-0.9373879177617025,-0.06847113843637018
14806,0.598487418817947,-0.305737089310622
14807,0.4662750029285177,-0.2138813092206067
14808,0.05306944717589365,-0.4116777867191875
14809,-0.2569350885770966,-0.2883003797567407
14810,0.21684326466589834,-0.34485370862580905
14811,0.06335699902827088,-0.21040622048952787
14812,0.7791063062589846,-0.11587189094334882
14813,-1.0580633017174113,-0.10663902513936918
14814,-0.3741035593961753,-0.07088252345485412
14815,0.8005740523768413,-0.24063079512238222
14816,-0.4319540962280666,-0.31278196199592295
14817,-0.19780418978849243,-0.20896860092891403
14818,0.3214447355464516,-0.2590327852018608
14819,-0.2679993186416956,-0.24694611949892062
14820,-0.8186693668428268,-0.23572323997515882
14821,-0.28869925022715953,-0.30576051927300774
14822,-0.09615788252229011,-0.20852797873335124
14823,0.1805372689544837,-0.301007090099538
14824,-0.19350774643504262,-0.41415687492169245
14825,-0.17505170578478954,-0.34954638426085816
14826,-0.28754563675686073,-0.34802369689476825
14827,-0.5416263539430209,-0.11509913633245543
14828,-0.1954759096021803,-0.23237171465592993
14829,0.256700606257125,-0.2630117302255586
14830,0.14567097844501037,-0.3397744323965621
14831,0.5882332204105056,-0.26068367866864617
14832,0.1965204526113979,-0.37541568017228616
14833,0.11877882668908724,-0.4585662160752241
14834,0.23013922615022167,-0.4541197759269508
14835,0.1497631368011744,-0.44273266791920596
14836,-0.3063743677289296,-0.507621875715405
14837,0.570090226479057,-0.4393441009820581
14838,0.06843450890637937,-0.5134520334175988
14839,-0.37327142148281006,-0.5095974650577452
14840,-0.16143506958068699,-0.48186309114581644
14841,-3.1764314302920775,0.8530095339022573
14842,1.5380225401111907,1.1842419457751145
14843,-1.1100140402590484,0.276856780876175
14844,-0.8427659978333771,-0.051291323385855014
14845,-1.6601736985195652,0.5708294021600763
14846,0.8583777270782272,-0.1463380220988985
14847,0.19555148141601683,-0.23971737157032286
14848,0.13608045931472076,-0.21373006172822026
14849,-0.27038056919725606,-0.22636388688501866
14850,1.3015119475079429,-0.09281825261703107
14851,0.8352843862624283,-0.2674830671418138
14852,0.09790877863388399,-0.4628834705383974
14853,0.7149747566788696,-0.31854275726879033
14854,0.4450762161079421,-0.07548822246545503
14855,-0.2918920640825874,-0.3029937130688258
14856,-0.10039091885977919,-0.34371732754539464
14857,-0.43668407608516935,-0.40242584032877204
14858,0.48510549994647256,-0.4749415605243347
14859,0.42646187761355897,-0.40930201411972605
14860,0.061642404045717115,-0.29337798143117877
14861,1.1220696284618068,-0.06476384468428943
14862,-0.5310578098287957,-0.2776254409105764
14863,0.1919853236896024,-0.47693731992959404
14864,0.3480970329606366,-0.39699217705816164
14865,0.4534005450712215,-0.314632551027124
14866,1.6412181963967185,0.2611133759537799
14867,0.46888586624058287,0.12220433109029463
14868,-0.46787868468309335,-0.06621749448630969
14869,0.04564486764384066,-0.22965586637896537
14870,0.08787462471995515,-0.45541734771446535
14871,-0.11298656070349804,-0.3133764832975035
14872,0.2458092790651997,-0.41209883120798835
14873,0.07635906100000943,-0.3626232349443247
14874,0.23103211291918085,-0.3708528357836872
14875,-0.22768866770399265,-0.410595711866443
14876,-0.0717423803072406,-0.537066443298527
14877,0.02674453729170534,-0.4991901282092151
14878,0.24954989834245941,-0.32611401941162005
14879,0.35217058302791165,-0.23022086013895174
14880,-0.043777630839613654,-0.41284190705010226
14881,0.11519931423957723,-0.31021603499790007
14882,-0.026648601842964945,-0.36268465226819496
14883,-0.721231674977976,-0.18194352935158403
14884,0.13489646880966277,-0.38569795881655017
14885,-0.13976107547223746,-0.22354337058341295
14886,-0.2883222975178068,-0.20925910845478843
14887,-0.19489532627437944,-0.3013984125370333
14888,0.8638114615486072,-0.22780987881150036
14889,0.2609540222358253,-0.36195558626306884
14890,-0.4318763904736459,-0.23970321942944045
14891,0.5661939501633863,-0.43315715123850396
14892,-0.42012422009258277,-0.29284831469266726
14893,0.171058179091267,-0.43798300833926396
14894,0.023438513159323663,-0.48908162000914623
14895,-0.1264832520601331,-0.4159883832988622
14896,-0.5214580797995817,-0.3724389660470054
14897,0.17343328608807929,-0.4051277341090287
14898,0.10151189921888491,-0.5080127638231393
14899,-0.7224409504384885,-0.40521061208277837
14900,-0.27477206209115823,-0.24974483428834854
14901,0.1565257531342107,-0.46876045804197525
14902,-0.7072435484408922,-0.2185692067582185
14903,-1.1471009438120185,-0.045138219810738574
14904,0.3443857006952825,-0.23833386651790786
14905,-1.92934562059438,0.2658738489413343
14906,-0.8518894906361407,0.7769596517360895
14907,1.1127017143885685,-0.05346998750083109
14908,0.6098630289116848,-0.058740203120938354
14909,2.7538958834605536,1.7610444027895156
14910,1.5521850961237689,1.1895411971473655
14911,-0.6749050346228906,0.823127305981929
14912,1.328829710465983,0.37570054512111684
14913,-0.13487400091987564,0.22315958539025868
14914,-0.270518151872017,-0.13352721899592354
14915,-0.23526621511392928,-0.129112863752173
14916,-0.3692949316416638,-0.11819936786119355
14917,-1.2920356434490115,0.0441541181855499
14918,-0.7431526998162503,-0.05849573630803711
14919,0.8656047240333717,-0.2375493506602164
14920,-1.314923774728775,-0.12117757887598725
14921,0.7288974177169437,-0.2979698369474106
14922,0.34878192229081284,-0.43168756028486777
14923,0.06448065849303546,-0.34629075370346746
14924,0.8080252348428069,-0.2430747896342914
14925,-0.15753868414079267,-0.2656355966201444
14926,0.14071367484715913,-0.4260862964336356
14927,-0.7763020069550792,-0.3642181123360885
14928,-0.3245504297268386,-0.37402303677996446
14929,-0.10690221848985955,-0.4230632690325463
14930,0.8143977558220089,-0.18162876234792188
14931,-0.4082785014746242,-0.23388464587539354
14932,-0.18610475643250896,-0.34021982400408923
14933,0.2428745395702034,-0.4085951022409751
14934,0.3563236633499771,-0.4327730860168518
14935,0.8617102435649442,-0.3011288841283893
14936,0.6957955955255571,-0.06312698050319507
14937,0.29814244901060066,-0.2512163526577696
14938,-0.17943652748858077,-0.2862593133035431
14939,0.4909071243827337,-0.2747955285894947
14940,-0.5509266487876465,-0.3523838839480659
14941,0.505237311577882,-0.3322931964510283
14942,-0.16376345538855341,-0.45057623819807757
14943,-0.11389148866410707,-0.2695977728079769
14944,-0.22703284775154045,-0.4547472412787147
14945,0.4778254372957663,-0.3251216973922567
14946,0.28085507510857194,-0.4642390293077137
14947,0.029746322585801788,-0.3108514582867319
14948,-0.446184968829807,-0.3807155117523164
14949,0.05250731803575876,-0.3989188056260943
14950,0.34669079329081115,-0.4981972629025582
14951,0.4265890403462486,-0.2875513040261901
14952,0.3235722448309267,-0.2546560376218349
14953,-0.6458847302410744,-0.2856370463048719
14954,-0.4314751145507939,-0.3957964324352901
14955,-0.613202559841891,-0.21684582813481487
14956,-0.3858542836610255,-0.34577551433668646
14957,0.13155380276448872,-0.46239193239288806
14958,1.3942288693529157,-0.13559034498876732
14959,-0.24132742473616933,-0.26445292588514546
14960,0.7796428040010333,-0.3398128009807029
14961,-0.2339825898387755,-0.3672316132543596
14962,0.10837631182794788,-0.44717372849307013
14963,-0.661272751153538,-0.33435422597517045
14964,-0.1650055770023312,-0.4313296489138976
14965,-0.33180557045571973,-0.3487929873518439
14966,0.26220913177543465,-0.43818044452033256
14967,-0.38105198901395015,-0.44589785120625625
14968,0.17766660831015785,-0.4337507218963109
14969,0.1308195987661371,-0.4820887389619267
14970,0.1187127152641715,-0.47475094920038624
14971,-0.3037258247315386,-0.4943221824573983
14972,-0.4062867583694971,-0.4164599697809844
14973,0.029552879638179416,-0.4073939344673603
14974,-0.11513832178143475,-0.4311186746899025
14975,0.05676630979752483,-0.09731663634404673
14976,0.4269302576441432,-0.47875029027276556
14977,-0.11872906640036525,-0.3531562692669979
14978,-0.1576015341416909,-0.4735875836131934
14979,0.043099869370550825,-0.42918300909706336
14980,-0.08108507653011358,-0.27945274473287945
14981,0.5962428358102227,-0.368006968466814
14982,0.24433059562867837,-0.3984482030047243
14983,0.4907658769949856,-0.2170952012986238
14984,-0.3070660949506874,-0.27862284359222345
14985,-0.16575227434900702,-0.3170851161333363
14986,-0.1388848845578925,-0.4126111086871907
14987,-0.5748200651236115,-0.3355098340722809
14988,0.6647886094011293,-0.3930148702939207
14989,0.29827632908845925,-0.4386840206558595
14990,0.37598656230895305,-0.3892416471461699
14991,0.030226266989894994,-0.4345842832002235
14992,0.5247729578844985,-0.25547983720496475
14993,-0.24141554426054204,-0.36217695584294374
14994,-0.1534127360150766,-0.49228619735342444
14995,0.605687272517002,-0.33969769518821563
14996,-0.2334274079504375,-0.40479654884386973
14997,0.0948530279253679,-0.4261081276033819
14998,-0.4691293616354683,-0.397052231618333
14999,0.08564639616397071,-0.47175629938124347
15000,0.02241489264391462,-0.5158964599028365
15001,-0.8024377695492249,-0.26677538534835044
15002,-0.16906208436613107,-0.33800231040910783
15003,0.859692264945342,-0.31473159272585166
15004,-0.02646070768564185,-0.4470512554615529
15005,1.2405284282480307,0.048271692790537474
15006,-0.5442905873733337,0.1085667024050517
15007,-0.35512076850943225,-0.0886309627372075
15008,0.7612732851794533,-0.1153300119365743
15009,1.988047835605154,0.6359376423266362
15010,-0.636320843634147,0.0009310355308615934
15011,-0.2567938920185327,-0.12540626498251037
15012,-0.5056963897049801,-0.4221404025868864
15013,0.9319391599616882,-0.31853076050432194
15014,-0.2593315752053526,-0.35525323381641666
15015,-0.01254307287365504,-0.34717180914294876
15016,-0.6818221276639242,-0.3420613208772892
15017,-0.6669596609798044,-0.33804282494191595
15018,0.30133613267186965,-0.4739723963580279
15019,1.214825916411034,-0.343012303219983
15020,0.11136670010278665,-0.42298360129620716
15021,-0.3399895769822895,-0.4542501902280642
15022,0.11441104304864433,-0.4293862996508277
15023,0.2457039346644749,-0.4837026281905507
15024,-0.39641558414076195,-0.4989186852380163
15025,-0.5502338994856982,-0.3609136981764591
15026,0.19664611741808488,-0.4907578546787693
15027,-0.2904734008725792,-0.4934802717995719
15028,0.2178240214796077,-0.5280932407830822
15029,0.027880548022922755,-0.47343739677004265
15030,0.7912062185394777,-0.2931343701342018
15031,-0.10834746223187372,-0.3513851788776271
15032,-0.44148368578833747,-0.46637927294978504
15033,0.23683706909530114,-0.5127039013193259
15034,0.011738602779700085,-0.5227118049455161
15035,-0.09436647038686559,-0.5257362750058834
15036,-0.02057572479545772,-0.47137594506523994
15037,-0.6619178124873285,-0.4464114186257365
15038,0.2609115199123269,-0.4655479692739308
15039,0.28834948144973344,-0.3529451425890123
15040,-0.3738335463166053,-0.4516436056996277
15041,-0.102751522394463,-0.5694471133019752
15042,0.13676478731494054,-0.5599939960600561
15043,-0.35418205543096926,-0.5253095250030532
15044,0.07172649529778297,-0.5795831565290867
15045,-0.4841357455246263,-0.43769677359119646
15046,0.17297529143576681,-0.40228212642875155
15047,0.21923512498827238,-0.4423475001650387
15048,0.35034504509612296,-0.318994938414138
15049,-0.0835885181725301,-0.487802988503222
15050,0.07778324709411243,-0.5579628295982605
15051,-1.039628719697371,-0.31243953874397923
15052,0.14093584322454733,-0.37128652570644166
15053,0.23099480950341508,-0.4418220486802337
15054,0.11919529254914056,-0.528027178509598
15055,-0.4407151816312589,-0.40994759002064873
15056,-0.9585935049295213,-0.35380011551475854
15057,0.1941302365354399,-0.33567725380650804
15058,-0.28078117355645194,-0.42663759760749803
15059,-0.10304639751577038,-0.3262994333352906
15060,-0.2775684194803654,-0.39967307528657914
15061,-0.3938198782727941,-0.388775880305666
15062,-0.1496681100476957,-0.4826370056116729
15063,0.21046188536942606,-0.3959792785295375
15064,-0.1684137381544796,-0.4070304443249527
15065,0.11207731326351274,-0.3904807335736029
15066,-0.5610977511269538,-0.3550965531959473
15067,-0.5948952063265363,-0.14844328208315058
15068,-0.18989322098400882,-0.226865765344077
15069,-0.315179822108141,-0.15041915238162112
15070,0.36210385596435635,-0.40249327464981877
15071,-0.02840685422849604,-0.3824152499594706
15072,-0.21838378712158987,-0.40634473391655096
15073,-0.23003163808478966,-0.3898799964347804
15074,-0.2764052916022477,-0.4160228981670118
15075,0.7588828568389168,-0.3801990879541726
15076,-0.36063011455363003,-0.4331505968653265
15077,-0.060608303021814414,-0.4608173976787631
15078,0.31437330600301855,-0.5518147066137474
15079,0.5883830654647741,-0.38364739420953187
15080,0.3589181350878301,-0.30177987039074744
15081,-0.2861573559309758,-0.4935665747923803
15082,-0.47943050322473585,-0.4537170224635692
15083,0.46630558535128824,-0.43904391136898746
15084,-0.2739163065269294,-0.4914486620247339
15085,-0.02757496560720192,-0.4983965680317601
15086,0.24678905666473083,-0.44036415600583356
15087,0.4993267729178252,-0.4081519727692869
15088,-0.31202470460127046,-0.4502068867584314
15089,0.22570901010042702,-0.5036077523159875
15090,-0.5625277960675373,-0.3953455197174656
15091,0.812438304255122,-0.29158408109098777
15092,-0.3084383672291273,-0.5192021785000149
15093,0.1272756598959619,-0.5134882760227162
15094,-0.49722139362953366,-0.4251027569301535
15095,0.5766254940649972,-0.37982344188831885
15096,-0.11137530095374464,-0.46361633349351744
15097,-0.7532666301492453,-0.21198741815417121
15098,0.9439071326144516,-0.41036163198628894
15099,-0.4402054932373378,-0.506504719068971
15100,0.11950868523402865,-0.4629792081862009
15101,-0.42910279913774857,-0.17666652906332575
15102,-0.32632838401997694,-0.347894687927452
15103,-1.775564551396763,0.8568548288001717
15104,0.6898017064075531,-0.1623123005541992
15105,0.30626489042034366,-0.2736269225624527
15106,-0.5671794319366936,-0.3212005708567575
15107,-1.2491303408757468,0.11108343121863118
15108,0.10948560925158775,-0.18604427293314466
15109,-0.09579433074582198,-0.337266123049061
15110,0.11542229569249945,-0.4680295660194742
15111,0.448032766543252,-0.3044680353300295
15112,-0.5786121680796297,-0.3438387150472905
15113,0.2536634785664343,-0.37272033123442694
15114,0.023130965119333817,-0.45291750989528773
15115,0.45077692410643266,-0.34790667120230445
15116,0.4199117000751341,-0.4913002315017701
15117,-0.7400511591679834,-0.49775639765253116
15118,0.17708419605981177,-0.48723821891667674
15119,0.46865416086472583,-0.34193477879137
15120,-0.870366400716236,-0.27718410701361573
15121,0.23466219833596466,-0.19041021426649
15122,-0.3180080997418698,-0.46982631723267354
15123,0.5077648674015058,-0.49951441889709447
15124,-0.25266962696236483,-0.5354694483846778
15125,-0.47383511341488466,-0.3525737008439963
15126,-0.13811312749037283,-0.49009751805791474
15127,1.0866212776482298,-0.24547649790754858
15128,0.5363761871747178,-0.34709469881071414
15129,-0.2348916304857548,-0.4371261637669267
15130,0.16671985024789782,-0.48826313464365145
15131,-0.030020882129820792,-0.4743492743975537
15132,0.10962891765887182,-0.5721556548299579
15133,0.35700322875252793,-0.5368127107234788
15134,0.07737498237022523,-0.5153096745810932
15135,0.08842859295369385,-0.4879991867738428
15136,0.43707202404340395,-0.43982303480545076
15137,-0.29621083094333667,-0.5216629912367804
15138,1.3406689051237373,-0.15608952940818677
15139,-0.2600364511046682,-0.18602390593977966
15140,-0.5764033258762402,-0.41283957478708255
15141,-0.7613813503411718,-0.4471465646518919
15142,-0.4081191844870152,-0.4572307093763341
15143,0.16291224708643542,-0.40396792754329963
15144,0.0724579107050769,-0.44816508626879925
15145,-0.14059743136117892,-0.534033101181748
15146,-0.7790377135351346,-0.3992972199425203
15147,0.30934394180640096,-0.4835198717371671
15148,0.7545682164388139,-0.3911436550200648
15149,0.7859521694311187,-0.4065244132132389
15150,0.005869537754594921,-0.4113566515032911
15151,0.26859965678226844,-0.4180859228407771
15152,0.014732153440464324,-0.36774428674057735
15153,-0.023125436082043895,-0.42606802428068274
15154,0.1373526919370213,-0.47664826534329147
15155,-0.5814683067353393,-0.5024324748363799
15156,-0.28520187845912737,-0.4924734036449206
15157,0.2956792382021636,-0.5323279302072752
15158,0.47384123516902465,-0.485840544125574
15159,-0.512058422184548,-0.5521182175079054
15160,0.16265145819441656,-0.5697075913640018
15161,0.4239363065825193,-0.4723323335675462
15162,0.22021563170756756,-0.3504775557662164
15163,0.15963075357321957,-0.42937503207366245
15164,-0.12312249502658786,-0.4673933765598273
15165,0.1980435776307111,-0.47981348111860267
15166,-0.1471184258874884,-0.5472141449089765
15167,-0.08974498620516065,-0.4542154583705303
15168,-0.3073527838981865,-0.41309233314100874
15169,0.4177784460946356,-0.49851965324953224
15170,0.4801416997221809,-0.39179517429234156
15171,0.9038245505251272,0.18371806834949417
15172,1.0424261687028502,0.1473732064598072
15173,0.39426087374548763,-0.029765635309063558
15174,0.35813200546874857,-0.012221068204168286
15175,-0.634560594425187,-0.18248236263514264
15176,-0.12233316198347766,-0.30270606206735884
15177,-0.010770434460383657,-0.4204443007966712
15178,-0.09304418427162485,-0.34507930237954537
15179,-0.17532777954704976,-0.3605991983155874
15180,-0.9625749237531744,-0.26618193772549165
15181,0.5239539325823178,-0.33910177466724284
15182,0.21180694156273938,-0.49462609629498827
15183,-0.04697610114010325,-0.2872297195303798
15184,0.10360095127713316,-0.49609773933262347
15185,0.04604255150115875,-0.5030283510126355
15186,-0.20671133858286908,-0.49170843438488343
15187,-0.018603765318206525,-0.3865091541745616
15188,0.4107193407504033,-0.4702885216626727
15189,0.04033503820235427,-0.5075497316386065
15190,-0.060047103766695344,-0.5024042747030941
15191,0.015031915217157788,-0.45710214931359455
15192,1.0692235354096091,-0.19262974754894846
15193,0.09033772509774549,4.326229525581832
15194,1.4924140475443697,0.4470369482562568
15195,-0.3657697580163197,0.14443864532348707
15196,-0.16425374121742106,-0.19342821299150353
15197,0.41165971996635736,0.372213359204701
15198,-0.002248685616841829,0.297538813815845
15199,-2.0065113686505245,0.8013489859267517
15200,-3.1105000110512413,2.4227284325919114
15201,-0.5654700940519223,1.2732599452916669
15202,-0.7117329236748773,0.2314806246508106
15203,0.4773568692738939,0.09963132228172421
15204,0.7873117953306391,-0.062880276731947
15205,0.3672962360453244,-0.32932840851415995
15206,-0.9042084578613175,-0.27484598120840487
15207,0.14880442267777302,-0.3404386564776285
15208,-0.24885900844526468,-0.4230802053813478
15209,0.4521756633196631,-0.4461933298416518
15210,-0.06968112432694423,-0.5433941330678725
15211,-0.22658692566458918,-0.5243981816494889
15212,-0.08307206827991749,-0.4660116939279499
15213,-0.6545668183732549,-0.2874631164822906
15214,0.43976771399422593,-0.5152733024007374
15215,-0.15450409955850217,-0.4725124744736266
15216,0.94765684486918,-0.3744009715104734
15217,0.6125013995331794,-0.3717893233419784
15218,0.011158606832602051,-0.39236100429807585
15219,0.15151252822919037,-0.4859416189569386
15220,0.49578914205526115,-0.24512293539530525
15221,-0.2919085209943879,-0.44996620798513426
15222,0.69498725452944,-0.3462425668280888
15223,-0.2581966666562807,-0.2611652725342431
15224,-0.08666309815188393,-0.5162261065358555
15225,0.4583708094406235,-0.47820068697093215
15226,0.4475768045119546,-0.5097530813312178
15227,-0.6928719871701357,-0.3367047646378439
15228,-0.9429074563172909,0.5921519885235792
15229,0.0732688381674272,-0.3340644617167001
15230,-0.8280145402096638,-0.4566426154545085
15231,0.036485606185999116,-0.494172663010574
15232,-0.009401242131704101,-0.5285086775185904
15233,0.7359318907730937,-0.5334801292658384
15234,-0.10180812071882482,-0.5861246616206537
15235,-0.2094121297804273,-0.5468335412465005
15236,-0.0018249866111114596,-0.5621393265624647
15237,-0.13281963794802099,-0.5406061779846089
15238,-0.2261021240556108,-0.5472213134095657
15239,0.1301235360310014,-0.4472676586330474
15240,0.23190144687266087,-0.5344428474455197
15241,0.10818671272044078,-0.5336292441781207
15242,-0.049118441528071544,-0.5088083136721981
15243,0.1027495092862864,-0.5507509771118139
15244,-0.1573586995005516,-0.5990444794446341
15245,0.23287351928762465,-0.56885114887352
15246,0.05057589848751165,-0.5553327861586689
15247,-0.37797662830143675,-0.5035346191313415
15248,-0.1530345224252368,-0.4737744592122533
15249,0.21881174156038383,-0.5330561978109888
15250,0.8501365321619234,-0.4832113717449653
15251,-0.168054493742334,-0.4582906229165133
15252,0.27654560534896133,-0.49514245228674536
15253,-0.11114245768717647,-0.45993229683542985
15254,0.017760263085258358,-0.5470817403814167
15255,-0.613619151122455,-0.3796655391579051
15256,-0.2062338161332827,-0.4398793822570485
15257,-0.2514297266917931,-0.464398600922509
15258,0.13460667056525352,-0.5481873914868124
15259,-0.14347715240859785,-0.5217033285581586
15260,-0.5001683799252052,-0.45014218986069693
15261,-0.01812486006872735,-0.448369729275099
15262,-0.12452577533470685,-0.4796594999269864
15263,0.18684053763295838,-0.539213600865229
15264,0.023299793177182643,-0.5456325372022722
15265,0.010779316903048364,-0.5280990880009429
15266,-0.020108097079235648,-0.5500892825640328
15267,0.15710373234765004,-0.5481985983331752
15268,-0.009716869940130305,-0.5753518465568487
15269,0.014717134313906144,-0.5352301328683244
15270,0.013191288913737251,-0.5418107778796856
15271,-0.21086619094642728,-0.5509510525365502
15272,0.004220481650525815,-0.5494592787935993
15273,0.21401848567347506,-0.5932284722229703
15274,-0.022735643700293448,-0.5191472635533991
15275,-0.6693988313326041,-0.46381830121189505
15276,-0.05908395961700348,-0.4587846959521235
15277,0.3579959690244136,-0.5222657857072103
15278,-0.36856965833433325,-0.4401766572208003
15279,0.05202437327723329,-0.4459584769676069
15280,-0.020261432399753115,-0.43526763899707643
15281,0.30494806019330173,-0.44982054186129267
15282,0.10078137657449751,-0.4979788524386062
15283,-0.12753508092930657,-0.5339628609133876
15284,-0.21063718348634927,-0.5007615744871545
15285,-0.01984435727926636,-0.4924195976234
15286,0.2321820122401838,-0.5313604377483412
15287,0.2048089891166397,-0.5116320508605099
15288,-0.15196893859884025,-0.5297607648132631
15289,-0.09815508145840353,-0.5627121969636887
15290,0.025841164419993293,-0.5407732073736473
15291,0.21410419296521602,-0.5752487654791555
15292,-0.04233505148717265,-0.5328465068359529
15293,-0.19100905448380104,-0.42762985961571426
15294,0.30978336100133674,-0.4817103094594707
15295,0.0055605284143633886,-0.581167240448619
15296,0.11562723474763131,-0.4902174989954226
15297,0.06560411689799285,-0.47931867906138304
15298,-0.23509444031800003,-0.5709620643686357
15299,-0.3863586827989158,-0.3629952021025879
15300,0.2734325511535705,-0.4666073611703418
15301,-0.40199883642206047,-0.46743058077724864
15302,-0.7267570260422412,-0.2751212633913967
15303,0.051130490702189973,-0.17537142651667506
15304,-0.05014106902046545,-0.1341927971688183
15305,0.11405724493566141,-0.5246695145209718
15306,0.10088826009931622,-0.29097198750533265
15307,-0.14081805544859258,-0.5656407285153998
15308,-0.2629642719737058,-0.5681746491857311
15309,-0.439811160498896,-0.4050503734842344
15310,0.2836152157439079,-0.5480518775083372
15311,0.3534658777283759,-0.5622917386710287
15312,-0.03734064794785753,-0.5455071150372227
15313,-0.46106094328987324,-0.45063435816700537
15314,0.3954326142302621,-0.4942190534992745
15315,-0.1805092743786469,-0.5768754953747569
15316,-0.10595272790922439,-0.5008049713353244
15317,-0.31962137953746733,-0.5094988436527604
15318,-0.06772771794576138,-0.45284611479388215
15319,0.18328135533298073,-0.5903944191350294
15320,0.06884965889469523,-0.5394758382487137
15321,0.2947892437144236,-0.5680487892415366
15322,0.2250854858283282,-0.5584809607945549
15323,-0.0995315308125236,-0.587539066810236
15324,0.04919679192739462,-0.5956875645915367
15325,0.1197915441359484,-0.5970904764636041
15326,0.08496295193230463,-0.5340145852757616
15327,-0.07907328460038655,-0.5787524319248544
15328,-0.10503640769727886,-0.548460176759285
15329,-0.1422219983625114,-0.5783802689120288
15330,0.13465336292612717,-0.5890184120880029
15331,0.07650159817973577,-0.5931688609971981
15332,0.40782864841030597,-0.5107355227319076
15333,-0.08187954250439637,-0.5174331370516433
15334,-0.2378301404246889,-0.5347210229434571
15335,0.40118216126811573,-0.4862695908652381
15336,-0.10917473527228386,-0.5980510574535907
15337,0.3633030737313922,-0.5676437886061643
15338,-0.003323414409661893,-0.573905312389117
15339,0.29361746987790605,-0.4481305219472283
15340,0.2153666711073149,-0.49870809332813526
15341,0.053600965466843835,-0.5691874083909415
15342,0.07606818613444971,-0.503934980152493
15343,-0.09382030524942686,-0.5277677525470994
15344,-0.015963411942810302,-0.571188019344651
15345,0.11682262892989155,-0.5850516083603117
15346,0.42414354279650346,-0.5224680098097962
15347,-0.1989631116756988,-0.5333462196316616
15348,0.32394397029517585,-0.5084409062753524
15349,-0.22204293928915025,-0.42579384032978046
15350,-0.06984074700837128,-0.5445172969755023
15351,-0.3419580920393101,-0.5581415994335367
15352,0.10434851761092342,-0.5461915265606141
15353,-0.058853354279434646,-0.5300997822489407
15354,0.1973653507995045,-0.5787578459689374
15355,0.06623803667789682,-0.539440933825912
15356,0.16576649516965672,-0.558025116711531
15357,-0.12665381806510573,-0.5830479934567209
15358,0.08481482198238603,-0.5464448639043348
15359,-0.21465912985437033,-0.5148763151003932
15360,-0.13681376470399487,-0.5609227784513958
15361,-0.13137546305785452,-0.5353660104475071
15362,-0.07826375256405532,-0.5098904031013726
15363,0.0722774612439138,-0.5528360088358181
15364,0.28495419704318864,-0.4903249911272697
15365,0.37662046275086236,-0.4643393269301557
15366,-0.1896530678204704,-0.5622823147501202
15367,0.27040838237216885,-0.4281508528715809
15368,0.5208656947526701,-0.34844368916707835
15369,-0.19432340758183625,-0.462194714662195
15370,-0.16521995264635647,-0.4750557242517164
15371,0.1247772769023015,-0.5415403226974671
15372,-0.06269020464467263,-0.566530015345869
15373,-0.4998764374297541,-0.4427257592139421
15374,0.34209492167163147,-0.505572317445946
15375,0.1920935288268443,-0.53942625391215
15376,-0.3306724175059406,-0.5681449199046326
15377,0.39716864483708464,-0.5710784204553313
15378,0.07522111254424191,-0.5744005828468441
15379,0.041160924856869584,-0.5586720462922098
15380,-0.014620571756529891,-0.5791116339238929
15381,0.19913413117185036,-0.4423421393266224
15382,0.21086317698970863,-0.39818025676769314
15383,-0.30746574363999457,-0.41145655275438997
15384,-0.05724170936043209,-0.3418153448746822
15385,0.012820280089397874,-0.3177881680401678
15386,-0.028250864469595755,-0.43161861474563146
15387,0.015609263609527062,-0.4203828432755609
15388,0.03128200988597829,-0.4034311167292001
15389,0.2294755872087242,-0.4124946561576129
15390,0.2479785356420566,-0.47719971559549534
15391,0.20384880837647298,-0.12839254275485062
15392,-0.14196083667167395,-0.31539876092234553
15393,0.4343336327626977,-0.25296602925081924
15394,-0.4876391463475178,-0.30216591560236516
15395,-0.1968957031140416,-0.2683355286706829
15396,0.5774051908252104,-0.15838740234225618
15397,-0.042772390643395504,-0.34806851729693317
15398,-0.21557672334291889,-0.25112902685210375
15399,-0.11050427405928172,-0.2951455287338196
15400,-0.35562381060314074,-0.3819869017869722
15401,0.07642359858761343,-0.42656605170973066
15402,-0.19878705925465678,-0.470025312996687
15403,-0.3554936802009939,-0.43221796142676133
15404,-0.30364924167276164,-0.31365257460594903
15405,0.43322648976961564,-0.43802840522882613
15406,-0.5975725550971742,-0.3204519072000557
15407,0.12305352396589571,-0.4672843056919237
15408,-0.14921590721069855,-0.49893505495204804
15409,-0.18789384630434,-0.3937996996610547
15410,0.37450872466079327,-0.4208639637537229
15411,0.09930759589840404,-0.4996076189459394
15412,0.14546844244340829,-0.4842297488358687
15413,0.6702725765346071,-0.35927350561613014
15414,-0.16326544784845243,-0.5320659135034653
15415,-0.2536092672390388,-0.44200850848121903
15416,0.18750889850604147,-0.5506204606598508
15417,0.036003501290120685,-0.5696034432161009
15418,0.6073181523932618,-0.45516856455497945
15419,-0.2454827699002488,-0.3987156933799435
15420,-0.09002604524268062,-0.5020590065278978
15421,-0.06082202873455571,-0.4547598047918062
15422,-0.18828499663185105,-0.4794148404065771
15423,0.4230941464957258,-0.37316489402827474
15424,0.3199983871892625,-0.4122548593542543
15425,-0.02188130263781072,-0.36461026342806013
15426,0.4122056796893179,-0.2582503695766155
15427,0.0029586711383199436,-0.38441317655536983
15428,0.8550921827931195,-0.1525884806238271
15429,-0.15489802449852047,-0.3454169073231668
15430,-0.6987405915873993,-0.17647836869271044
15431,-0.14755130197254301,-0.3779604982340295
15432,0.391844650560327,-0.3221409015425276
15433,0.2831748974918778,-0.15888218723537478
15434,-1.0317192489711624,-0.3061241075518044
15435,0.278203047653057,-0.27702206765375575
15436,-0.17884471876726038,-0.34514429641257627
15437,0.1446164899811045,-0.3423094447941777
15438,0.08512821605722938,-0.4136025572276382
15439,0.10010274112345142,-0.37895399815330566
15440,-0.28075330296083545,-0.4116829603428043
15441,1.1991375300416423,-0.024305445130497882
15442,0.3882271694986894,-0.19980682889733165
15443,0.1257647937617745,-0.1087696434612298
15444,-0.2982904008621181,-0.2583780121144663
15445,0.15609562756998688,-0.09095101679403376
15446,-0.49290066703691654,-0.20067623809645807
15447,-0.4133905002520036,-0.14357949986277221
15448,0.42355942614504066,-0.31699351071373477
15449,-0.3686682823687096,-0.34412158330975634
15450,-0.17619765679751292,-0.3237436705931295
15451,0.16527856091874718,-0.3672867691390831
15452,0.006985020343284864,-0.39361355234650225
15453,-0.46433414127362527,-0.3648529594979522
15454,0.5135291106942627,-0.43124684069924724
15455,-0.5320414834588671,-0.1454903842649887
15456,0.6498838746939574,-0.4605470496519036
15457,-0.06949285222448597,-0.4430871132508932
15458,-0.35615513876864285,-0.39711004535706496
15459,0.5470132944838633,-0.28488872537775095
15460,0.4263342218039426,-0.32435186809467476
15461,-0.2547392997303269,-0.05672721700388206
15462,-0.19164250503751132,-0.25912186140855153
15463,0.047636985818942865,-0.35767086885521865
15464,0.6754775577401527,-0.17008171765752464
15465,0.39125738391210907,0.04436117734794927
15466,-0.46157822907815016,-0.16315585774511693
15467,0.684852956391953,-0.19405529927963996
15468,0.08311736689012475,-0.15952677142984706
15469,-0.02514385673148925,-0.29865135566301104
15470,0.5549781397210818,-0.2521784247479265
15471,0.2171757456378708,-0.07707254862413931
15472,0.44031499303309685,-0.055588284988312434
15473,0.1332226731673744,-0.2158368478927967
15474,-0.24112071532937737,-0.16265710511583706
15475,-0.698448301351949,0.056310622390453244
15476,-0.11150158928760337,-0.23110031822352664
15477,0.04564524042256669,-0.24540976243902585
15478,0.4428007120078713,-0.33794816342915324
15479,-0.14436341080638762,-0.3401964339282094
15480,-0.10573021852543435,-0.3878196900198145
15481,0.6235172714627559,-0.08410777545094672
15482,-0.1579354335055715,-0.26263317482644044
15483,1.3442275207375463,0.4221246507183703
15484,-0.5376332061309023,-0.11222360588787636
15485,-0.3894222694236647,0.11354629727873113
15486,-0.6335264324588938,0.36170389722378743
15487,0.7434737664265286,0.07063798211591306
15488,0.4155863970786858,-0.08208420774627757
15489,0.31575951368183075,0.23574276628991567
15490,0.1469528399214263,-0.21565771774322567
15491,0.01178292111550891,-0.18683842006166207
15492,0.7026683181839485,-0.005471097592405416
15493,-0.61796312071336,-0.14908953254951526
15494,0.09388578723892055,-0.15060881143470858
15495,-0.44680610082595157,-0.16969665265179779
15496,0.4387676852431696,-0.18033512481776592
15497,-0.6414741497150755,-0.11790863612583213
15498,-0.19370451380358367,-0.25662403530501277
15499,-0.169155153694229,-0.2862895728405643
15500,1.0233696755023176,-0.1383506617679787
15501,-0.9313065495823446,-0.301235499972187
15502,-0.28538595587816923,-0.3205075543601219
15503,0.18309949537655865,-0.41014597101442674
15504,0.34504224744710393,-0.4034970586870883
15505,-0.1592386688067868,-0.43667318106296227
15506,0.6545221631354349,-0.31112207504824346
15507,-0.7463497750781083,-0.2621375498375718
15508,-0.20339060284580296,-0.12287952411622827
15509,-0.39012943705805253,-0.29990631051953676
15510,0.07626556622762189,-0.32505747554808767
15511,0.025540178558597856,-0.3686521088736539
15512,-0.33327455154489266,-0.37514899145973196
15513,-0.4090811582062178,-0.3175304234678411
15514,0.28851713317691474,-0.3628778911018227
15515,0.4625141142785704,-0.27263249758544755
15516,0.43095463974980414,-0.20234817760134116
15517,0.13867695411274755,-0.3951083460881468
15518,0.21106723799507118,-0.43961402150826495
15519,0.2686759493805292,-0.33949104723568946
15520,-0.33603299604116044,-0.41653906809094626
15521,0.09711546155808462,-0.466210520518615
15522,-0.36652936777521433,-0.45555282610188036
15523,0.03753615299649619,-0.3918554062722532
15524,-0.46707040405309636,-0.4481918844493414
15525,-0.08386606484635886,-0.28543458005528294
15526,0.08661079976384467,-0.47003227883097054
15527,0.3305694947370712,-0.21361143628123072
15528,-0.8472201077536134,-0.019345625982265288
15529,-0.38988927646332106,-0.07105192714963697
15530,0.3875134467200563,-0.2701614455944652
15531,-0.14932989308685693,-0.2458628012656913
15532,-0.6446962717183048,-0.1567199592941198
15533,0.43611688724949765,-0.2226046942951408
15534,-0.35620216764624923,-0.46921805470022493
15535,-0.5797717579966118,-0.23310393235663374
15536,0.031930740004415495,-0.17761152944685674
15537,0.2793340279180532,-0.23731885871227798
15538,-0.5623489392766872,-0.17175114872870156
15539,0.2801239620954221,-0.3523591780761865
15540,0.3365503192069673,-0.29544065954596604
15541,0.32873435128070105,-0.3070506862756284
15542,0.4274181115763684,-0.3213735907806057
15543,-0.35685889052820297,-0.3902528659991604
15544,0.7891669555777805,-0.21347240400456444
15545,0.027690666294403747,-0.33378585201888283
15546,0.15125370027996568,-0.1976405880063522
15547,-0.4612672021631955,-0.45494167491762616
15548,0.13076029173049175,-0.35365159767463783
15549,0.07177025821764313,-0.47495985449630734
15550,0.8001434840407221,-0.360090442994251
15551,1.5115485531730979,0.1957670729875786
15552,0.26556511449562215,-0.00699107309108994
15553,0.7390777712538986,0.00038945009119343616
15554,0.2413727342522061,0.264269989196253
15555,0.3105966670463032,0.18076677742967945
15556,0.6200730969544597,0.2247323563548262
15557,-1.1392612335369219,0.1469639985545036
15558,0.27099871871337655,-0.049895104998859297
15559,0.23783837057007567,-0.15839000286730104
15560,0.16877457981404387,-0.22582738924393386
15561,0.10903855297781986,-0.24425169517198575
15562,-0.06825317603556975,-0.27807313138586
15563,-0.23672949144494365,-0.27696443597915044
15564,0.16251498836150866,-0.3483475498579648
15565,-0.26901723862826493,-0.348401204722737
15566,0.029280910193339015,-0.3408761669880557
15567,0.31758946172773517,-0.29858285566918946
15568,-0.886531923376713,-0.2579387320259545
15569,0.5141535207653031,-0.07473878705127855
15570,-0.405233525619491,-0.19009939035762582
15571,0.13980215300666393,-0.35149244791100376
15572,-0.00241520773444038,-0.25663625761791786
15573,-0.23351090842763297,-0.4059471983697041
15574,-0.34880299684998256,-0.285946663817136
15575,0.9472637183073366,-0.03433321008004546
15576,0.22209350884370394,-0.2603857723262108
15577,-1.1387255965574616,0.14266937410041491
15578,0.23304732660433808,-0.23664942262009586
15579,0.13507042933019162,-0.0722191801952632
15580,0.10697803444291398,-0.12894036836903533
15581,0.45291247703367044,-0.12198190781376653
15582,-0.0077319547869755785,-0.18905057031285669
15583,-0.5807987825988964,1.6106743687770126
15584,-0.8230830314959782,0.08142428511959908
15585,-2.4109009657039704,1.718968504780583
15586,0.7358052477929325,-0.02363333866726035
15587,-1.24172809880651,0.26945533584343184
15588,-0.19883951556278803,0.16139583290922727
15589,-1.5293371080971223,1.0238257741822248
15590,0.5897696750892043,-0.09715551530239976
15591,0.5327573498339776,-0.035635403818132495
15592,-0.49375612478767134,-0.01368440856649802
15593,0.3578421461264155,-0.3309703036622628
15594,0.06065387515991627,-0.34467238957155755
15595,0.7432980993245052,-0.1799631585862796
15596,-0.7225676695456863,-0.3040540850254694
15597,0.29033320506043453,-0.3187264124005113
15598,-0.021448025601391682,-0.42412833641946973
15599,0.12114004222615911,-0.45345719148553904
15600,0.590115623590327,-0.3229461539981369
15601,-0.41297450098900973,-0.36993611436167784
15602,0.2650649040012494,-0.4849219121992822
15603,0.26040852314153723,-0.411368918781672
15604,0.31552925432884377,-0.4010429389265317
15605,-0.10722786068912253,-0.3908598336581487
15606,-0.013437506037185114,-0.4241016779198139
15607,-0.40174953182632706,-0.43345433285396623
15608,-0.35861473140340994,-0.40328652767921497
15609,0.2492829882207809,-0.49163783898939434
15610,0.836772383746025,-0.360234118919931
15611,0.4283420922350794,-0.2735484617684153
15612,-0.9133382825408425,-0.3979654343257916
15613,0.2013452070109821,-0.5168268048494594
15614,-0.46193576853928886,-0.4718132271663772
15615,0.5751812245544287,-0.42768094248836697
15616,-0.2767140601227241,-0.46038036366318486
15617,0.5930680817431979,-0.33875927784825255
15618,0.21412225822069755,-0.3321720306874713
15619,-0.1405491640574664,-0.37622048121647683
15620,-0.3426272070331575,-0.42077768692294476
15621,0.18319870358423582,-0.45739354415488176
15622,0.05336403033395624,-0.43625011975478056
15623,-0.24072855415181893,-0.3885854717804977
15624,-0.9380776915016557,-0.2360560032721884
15625,0.5653399008755624,-0.29191022991039284
15626,-1.0489058245049825,-0.23393811420949037
15627,0.5069649151762661,-0.40917373950440433
15628,0.054292556986074963,-0.339035461211913
15629,0.36149053397808056,-0.4654121586425297
15630,-0.08765563923773764,-0.4245560239291262
15631,1.0144660818094076,-0.050333218609415566
15632,0.3954234708963213,-0.14187544944334596
15633,0.3541310624892093,-0.275883883054085
15634,-0.26774575087314423,-0.3952535286812915
15635,0.12061280977287336,-0.4008695551824909
15636,-0.4267411710834582,-0.2725965002731301
15637,0.26772102158032807,-0.4878473719409868
15638,0.2656434280633314,-0.38922590083785574
15639,-0.22871069898722166,-0.49468365878431236
15640,0.09573579559913376,-0.5045426202023473
15641,-0.5142862281024616,-0.3696736721208825
15642,0.322920345727867,-0.4456479889293599
15643,-0.19085338249138373,-0.3237971550360745
15644,0.16528628432296144,-0.339448848979008
15645,0.38241202767540244,-0.48796940868194943
15646,-0.3587100123714108,-0.3629718923309961
15647,-0.20921682073938472,-0.422416713184428
15648,0.6988851584893366,-0.397586508149145
15649,0.3774727771409471,-0.37530515496186023
15650,-0.23289915917470022,-0.29255524286763973
15651,0.3562091995919645,-0.44871608647247613
15652,0.7191089651660058,-0.023274203111541023
15653,-0.12387990946854867,-0.217043035903074
15654,0.25285891793984255,-0.09622554278117786
15655,0.4293700561777199,-0.07348523174078833
15656,-0.46418984107872563,-0.19310865589942877
15657,-0.4716181159612037,-0.3087457480125268
15658,-0.24369690118600415,-0.4663336247673558
15659,-0.34056927625621125,-0.33029625847822436
15660,0.3691689666684272,-0.35834095568103336
15661,-0.16408532863698222,-0.4699105268061525
15662,0.0887799241048969,-0.43763017005198207
15663,-0.05625228673153423,-0.34263814041942503
15664,-0.05059226427703633,-0.3567668320802658
15665,0.055519837046544236,-0.3993160503158506
15666,-0.2998518662980592,-0.3560358734660944
15667,0.3391855146211151,-0.36297904230747313
15668,-0.12258586584520934,-0.36861221256434396
15669,-0.3621299680136458,-0.40925567076797825
15670,0.4031107715480428,-0.40752362505553236
15671,0.2934389798496286,-0.441871676577858
15672,0.5346713954237634,-0.11160821748026836
15673,2.016338542666467,3.424320777588335
15674,0.18828058100973855,0.1464609533126964
15675,1.2212004873016007,0.6769150756790314
15676,-0.19328535103585603,-0.0037693839995780465
15677,0.7336170447298606,0.19040333376584895
15678,0.17246409943097382,0.9772416204719102
15679,-0.2041284174623077,0.06514362706231606
15680,-0.2689848371828571,-0.15849173309613873
15681,0.2285167153157678,-0.048016210449744336
15682,-0.4910358209896407,-0.23665514564719392
15683,0.7093820188689463,-0.06827588687501328
15684,-0.6176354932243625,-0.18916347671945458
15685,0.15429724685052207,-0.2832660889464894
15686,-0.33406277464630024,-0.18925974763342499
15687,-0.6119838068562529,-0.1344886189493965
15688,0.20693434181293105,-0.187519697141799
15689,0.09343753424008634,-0.25818572110781474
15690,0.9259445868164882,-0.18545104174672228
15691,0.08814028324366452,-0.18551309481614817
15692,-1.7143371709939905,-0.03150207111332233
15693,0.702622454656509,-0.2703517098931804
15694,0.19873493920319266,-0.4588411047325211
15695,-0.05621606032299839,-0.2876005155163081
15696,-1.1281320668189039,-0.12373057309532501
15697,0.3517051726498148,-0.353234532324259
15698,0.36770506776464806,-0.38371076578468044
15699,-0.8934817962967027,-0.23512526546467255
15700,-0.5537658893455295,-0.18679886235414286
15701,0.1452308446968502,-0.06835568721455487
15702,0.05621914084351868,-0.36479917044949656
15703,0.42211415482268305,-0.20749590916921623
15704,0.164890007738921,-0.4196701951632805
15705,0.06890580903874252,-0.557764924145363
15706,-0.2488121042639107,-0.5014425707172524
15707,0.5055115741669206,-0.2579977491337048
15708,0.01414637565630785,-0.5279749749493869
15709,0.15489272415888042,-0.42116368844619506
15710,0.19785973633439582,-0.5451544041211897
15711,0.37123027883272625,-0.37054203083290915
15712,-0.006800665619114482,-0.44219140711802374
15713,-0.286788694703,-0.5350369605217317
15714,0.3956007354528573,-0.4665342234003188
15715,0.14247605080538664,-0.4234927573384035
15716,-0.2528809261196317,-0.4845143597837647
15717,0.10367919976512854,-0.48559465668764407
15718,0.3070083080506889,-0.3412284787575258
15719,-0.40713778723459,-0.44458773342376723
15720,0.20004883341825236,-0.4011606192276047
15721,-0.3052579776864925,-0.4187406105024028
15722,0.5037693124770511,-0.3825962004640188
15723,0.6513145134804039,-0.32727962964590823
15724,-0.3256014512160772,-0.32561364972898954
15725,-0.18284890778128454,-0.45882923107788276
15726,-0.07223117338625192,-0.49160705676208427
15727,0.2740182809124041,-0.40495532246968596
15728,-0.6980346231300417,-0.3330087348883401
15729,0.3487613023276334,-0.39214504639503966
15730,-0.3751721127784006,-0.4125760898100291
15731,0.3762265526698871,-0.45433841613028175
15732,0.7860063972535279,-0.19841056780483865
15733,-0.06082577842594791,-0.39000968124303387
15734,0.5102080969147901,-0.23194471776596723
15735,-0.6400375319446703,-0.26010952757342043
15736,0.09898991332130805,-0.3246076164105723
15737,0.14202007579016412,-0.3889497675642248
15738,-0.17785315830310205,-0.4425330181844266
15739,-0.5469760923971071,-0.3080581872191531
15740,-0.09090154985440838,-0.234766643476794
15741,0.2873157453687518,-0.17915112804128808
15742,0.10298270418561371,-0.44825555160881597
15743,-0.1741438998370341,-0.47039711687501723
15744,0.324016181339079,-0.3072915084368459
15745,0.3121203338305228,-0.23861740435408688
15746,-0.10552936376918436,-0.32383929628008207
15747,-0.5081090385776879,-0.25084579287480196
15748,-0.001333226849411503,-0.48395539349314703
15749,0.38075448426108327,-0.36310147970166085
15750,-0.027521130129880347,-0.4321960262852417
15751,-0.006291097913173376,-0.47766366770250646
15752,-0.037606564179442366,-0.4342160302373703
15753,0.16378325693802656,-0.369925430832534
15754,-0.07638077565197185,-0.4100831402079953
15755,-0.40161306577844946,-0.3426293796418687
15756,0.24073803345258393,-0.2706409377306121
15757,-0.024138341494633415,-0.3828845771010804
15758,0.09170522642199243,-0.36011945362049197
15759,0.2215986170202623,-0.2933841508648443
15760,-0.05065114176643644,-0.4384487071598819
15761,0.27259311682006027,-0.3995958999033354
15762,0.20251410555331656,-0.20925473166746533
15763,0.027597347015103378,-0.2996115629315516
15764,-0.5101848335549852,-0.4186351047928638
15765,0.033589634547596114,-0.2898328172967354
15766,-0.07442818230053304,-0.2731649217234023
15767,0.9794332097834694,0.3425657095880011
15768,0.6051285993303605,-0.04641853236138621
15769,-2.0819115521983753,4.558540646058088
15770,0.17387740585430872,0.05706953751901945
15771,-1.835371207846508,0.537671083879716
15772,0.9606245824799141,0.18806039697799862
15773,0.4643734906224622,-0.03902485500092014
15774,1.512279239682175,0.11746511360431997
15775,-1.455951945201629,-0.06428130130661318
15776,-0.20017853485975604,-0.14127778455195944
15777,1.0100539578506245,-0.2167620881018377
15778,-0.2210429225902163,-0.2544427013658079
15779,-0.32032831073950035,-0.3324333197339171
15780,-0.24394140584508822,-0.44112926443335215
15781,-0.21057502157219354,-0.4144628820776351
15782,-0.18102468412941683,-0.2790263151895136
15783,0.7621036441819105,-0.34648548128015205
15784,-0.3624987031885131,-0.3403715413579643
15785,0.5439348732471343,-0.39808582091327793
15786,-0.19648320135813052,-0.4501459204933845
15787,0.1845605743261179,-0.34272714104184687
15788,-0.16826538657321996,-0.4274734734708347
15789,0.5855815279261736,-0.5026801976485427
15790,-0.024784906250971975,-0.46384786182053633
15791,-0.39031765848318484,-0.3412241486318536
15792,-0.17177012513114745,-0.41937980245485085
15793,0.08355237335648102,-0.519806116707005
15794,0.07808189444432939,-0.5438241718224872
15795,0.008188197346137353,-0.3454175763893114
15796,0.3916932643305315,-0.4244058133820619
15797,0.09261886748304124,-0.42967451138257845
15798,0.06097039319861009,-0.4136966976178179
15799,-0.45482948633279824,-0.39896090514473637
15800,0.035295067641634925,-0.41053603653231135
15801,0.06986323532006392,-0.49640328258147154
15802,0.03713491959740056,-0.5037656395866971
15803,0.19071108741039378,-0.36602028145023363
15804,-0.0004713272150756607,-0.4967136493649104
15805,0.295662892810889,-0.4390520862833097
15806,-0.0669183254708402,-0.49706341695856493
15807,0.3673704032151182,-0.3008309520482164
15808,1.0833847315917007,0.18117002877204957
15809,-0.026937949799287812,-0.26931959036577796
15810,-0.020590864515749624,-0.3289973187562147
15811,0.9346051214074681,-0.05362836650887793
15812,-0.20000994164588717,-0.32765763645447094
15813,0.1716756249406969,-0.3795716300211077
15814,0.02610231154338675,-0.3124891665780713
15815,-0.34629904546644014,0.005829066785388006
15816,1.0214487478094088,-0.14704452084548453
15817,1.4218740833431245,0.5649532205301053
15818,-0.6174368924640902,0.7917514368411414
15819,0.013961765483934161,-0.0900575350300007
15820,-0.20087444492647671,-0.1591260764543697
15821,-0.4212654329454946,-0.15718892277627727
15822,-0.6243572680421942,-0.16984250009963353
15823,0.3953751098007171,-0.3555388679386609
15824,0.05179296779014563,-0.3408918022718417
15825,0.16092880474949808,-0.37888582423679984
15826,-0.3267884820377692,-0.28616664258889424
15827,-0.4540790729537797,-0.3786977906471056
15828,-0.11588963713501772,-0.37024544150625177
15829,0.11327870428466585,-0.16402115212948298
15830,0.257880577437918,-0.1914646413641006
15831,-0.12917210299728013,-0.34407195972836285
15832,0.6803723522467908,-0.2229181313492263
15833,0.0888549831953758,-0.2030888045692373
15834,-0.005352437133035463,-0.39402285377225593
15835,0.18784484267658733,-0.33820354266526953
15836,0.17952649885696348,-0.22528759403510426
15837,0.23138235267392154,-0.17348073486326576
15838,0.18423398328763635,-0.15146861053304217
15839,-0.6165093628727975,-0.16169405612450669
15840,-0.16971072611273846,-0.2841452612253008
15841,-0.13454831302172124,-0.3051422420057714
15842,-0.019765941761962415,-0.38481885881266475
15843,0.014228998566967294,-0.3188795762779054
15844,-0.29107060088954884,-0.45194496555766556
15845,-0.24994551357022393,-0.19357975010370074
15846,-0.18715469192037343,-0.1576064003176693
15847,-0.1725837454810197,-0.2713005951158226
15848,0.17797079849045055,-0.08896675337593749
15849,-0.1826865324144395,-0.5001380546777906
15850,0.012597203887282266,-0.4931565080777739
15851,0.24357163292466008,-0.2507151906670592
15852,-0.21459195459888825,-0.3961586786002745
15853,-0.3602551487819169,-0.2551860297582891
15854,0.38651319913583426,-0.23332910330123177
15855,-0.30093439176738784,-0.29248842218940535
15856,0.04542553856093261,-0.3855525500413014
15857,0.16014174180198995,-0.45706868883065827
15858,0.057979723462349475,-0.4353709703074123
15859,-0.03691349595430872,-0.3648739867344643
15860,0.444559834921326,-0.3781078598141069
15861,-0.3611127330102913,-0.35860729182149537
15862,-0.36007225545072696,-0.32086872706074426
15863,-0.4336350472150697,-0.08673291934885181
15864,0.6624850977559741,-0.13460640648615613
15865,-0.03744175231779411,-0.2726988257079425
15866,0.5200113014549191,-0.2286066159386923
15867,-0.23649730699314084,-0.42604293852358616
15868,-0.025485773846591463,-0.3763667021345735
15869,-0.15659184314138785,-0.20343245344744132
15870,0.5493539154527447,-0.2713699902951287
15871,0.21184770559265315,0.26663393023196735
15872,0.4780664381537796,0.08873552517698906
15873,-1.3168245239178256,-0.11418841295646252
15874,0.8620810091081257,-0.3130139837704104
15875,-0.7957084390305947,-0.17608399613286957
15876,0.03217391448525764,-0.37622602851953857
15877,0.3595095315901371,-0.34227517035172655
15878,0.1476677049285945,-0.3746238914081501
15879,0.4709010506184916,-0.31516610021315533
15880,0.35429995872401776,-0.2270706308397483
15881,-0.2824971150584137,-0.29660773837349536
15882,0.5405290201593436,-0.29455236201288365
15883,0.1927010951882332,-0.33998621220950853
15884,0.8827539534795965,-0.032394926863313064
15885,0.46802846396226805,0.033201857761818776
15886,-0.43919255077755137,-0.1170015991091468
15887,0.42978710230362943,-0.006046480611595866
15888,0.44033207875028135,-0.07692178920111256
15889,0.4801533711021635,-0.06805784732544878
15890,0.06730249701242212,-0.3142734231171576
15891,-0.6213451257905769,-0.2434387862216578
15892,0.5455760864616465,-0.08847994146997752
15893,0.15192849717698137,-0.18862857290904644
15894,0.30161869763172805,0.05247678605290731
15895,-0.629846639094839,0.3995802309064435
15896,-0.37658293881998994,0.020226650235859966
15897,0.5171050878372607,-0.2234184319996991
15898,0.051568824545596345,-0.09736648068234802
15899,-0.30409383494670134,0.01845209753009531
15900,-0.23579673267171097,-0.3683434352575743
15901,-0.1915619563025466,-0.41018901150214676
15902,0.142420507118244,-0.45703580866109633
15903,0.8824602076924952,-0.11775095354962783
15904,0.8098258035841684,0.23008254983125556
15905,-0.458512031004617,-0.16194225653666108
15906,0.11745196456324253,-0.28358570864922394
15907,-0.43064369112717193,-0.2288938996320377
15908,0.5967550854501937,-0.18905458435100744
15909,-0.04396536740508274,-0.3225368734230229
15910,-0.08447864023691035,-0.3297814712027356
15911,0.03339517176955219,-0.12759504014111495
15912,-0.3859021553500987,-0.11154058091449412
15913,0.6551400383097054,-0.21630119433936273
15914,0.32648767267509116,-0.22034863158910445
15915,0.10513332534353315,-0.1026661658672373
15916,-0.3479781185326902,-0.12085882423650834
15917,-0.2572417338633538,-0.11189584426720624
15918,-0.6426980232794007,-0.22426904881217546
15919,0.6267303409638811,-0.15333710214208865
15920,0.033384779942984034,-0.246351759318087
15921,-0.05573773915506041,-0.35261850598879635
15922,-0.058660776443459045,-0.3219319480373514
15923,0.10672437172432132,-0.30128461128052575
15924,0.24312147040693913,-0.33393396816152776
15925,0.1819322608731714,-0.11506229139016598
15926,0.21012851344309208,-0.11328108949197356
15927,-0.22896879258774355,-0.32047438911861176
15928,-0.27041105070107574,-0.3605387038664048
15929,0.3231786609657849,-0.33988606263282906
15930,-0.2196071166516068,-0.34616334243351754
15931,-0.06909633021409765,-0.2720468490727525
15932,0.11374758321880905,-0.2839362621116418
15933,-0.2247562519483737,-0.29905320061824264
15934,-0.030504374866228874,-0.3142338933641759
15935,0.4107411228658436,-0.22686974704991852
15936,-0.1643820708024774,-0.35299008560589507
15937,-0.09813421050045962,-0.34879356913704906
15938,0.24743789548175446,-0.2567667545552547
15939,-0.06605490968494218,-0.26823131644385606
15940,0.01951074558190382,-0.36820285206433156
15941,0.20098129700972805,-0.46660118233743364
15942,-0.14681773325347805,-0.44566702539259284
15943,0.12882850883754665,-0.33688221290175513
15944,0.41028730786610756,-0.2893920994139316
15945,0.5033630533528949,-0.164985938200276
15946,0.1923402934093156,-0.13337795271963054
15947,0.1295423778400234,0.05688684652944183
15948,0.2171374128877027,-0.10640637382164148
15949,0.29744095674291765,-0.09229069137841697
15950,0.7828356782752398,0.00893869608625212
15951,-0.05040481978733777,0.010572424251515914
15952,-0.001522864668901685,-0.11134955202102971
15953,-0.2866085038072941,-0.09772912537512085
15954,-0.1090750494927201,-0.20666152471883423
15955,-0.8252776092916845,-0.017034631634268663
15956,0.5607880226390204,-0.1616693175269148
15957,0.3730268456918684,-0.27681914871958985
15958,0.25424030752556837,-0.17127585991513178
15959,-0.33884999134405314,-0.2080781256408681
15960,-0.26470778549317414,-0.32268207588820386
15961,0.5617195996650817,-0.3027047075175331
15962,0.017642005388714455,-0.4159273028246851
15963,-0.07140648217583151,-0.24595178583124222
15964,0.37785992324081036,-0.14301608740377258
15965,-0.37721799305496784,-0.1921580860168081
15966,-1.5471813940364585,0.9719662370661193
15967,-0.39904831450056427,0.05937093013406354
15968,1.1537081395958633,0.06902118783042929
15969,-0.448627547419182,-0.1297234812528596
15970,-0.23360555113948792,-0.21184283134682344
15971,0.6704028618514905,-0.118836526542865
15972,-0.40063658801977714,-0.026503865390248026
15973,-0.6105700333649572,0.12706296614233326
15974,0.019642649616428646,-0.19170917827470535
15975,-0.3257049651848123,0.039365436183757
15976,-0.19785189261779576,-0.009631113785732483
15977,-0.6538691934960542,0.18937377974773978
15978,-0.8002170316479444,0.19169393520023187
15979,-1.3581795521197915,0.5785656248996477
15980,1.2089915627296142,-0.023202480845464613
15981,0.7717273948209127,-0.22294095634981012
15982,0.03543569031205667,-0.3876578656100859
15983,-0.16376820931801278,-0.3180806770006659
15984,0.3345547689067438,-0.4241227603688265
15985,-0.16704004182677878,-0.49460651456146
15986,0.1266908039706014,-0.48241922813136656
15987,-0.09314120344385615,-0.42311682253083727
15988,-0.08141965324991511,-0.49822550011887423
15989,0.22323989225789112,-0.4921332918277088
15990,0.07421696039954213,-0.4405028176704685
15991,0.713031112137138,-0.2043794044261541
15992,-0.2080212091403623,-0.3857952567239308
15993,-0.10476738841979863,-0.5178545941276134
15994,0.2908873483025344,-0.4616014358676567
15995,0.472665606744587,-0.43569339180509287
15996,0.29042605253844,-0.465665784566545
